fandom,bullet_type,idx,text_sha1,added_bin,bin_lower_round,bin_upper_round,bin_source
이영지,loyalty,0,848f530e91c4,≤r13,1,13,r13 스냅샷
이영지,loyalty,1,0efdc2fdc783,≤r13,1,13,r13 스냅샷
이영지,loyalty,2,d7510b64d8dc,≤r13,1,13,r13 스냅샷
이영지,loyalty,3,0aa795a3d5ba,≤r13,1,13,r13 스냅샷
이영지,loyalty,4,87db2c8dfac9,≤r13,1,13,r13 스냅샷
이영지,loyalty,5,1cf93185796c,≤r13,1,13,r13 스냅샷
이영지,loyalty,6,ba6448c89cfe,≤r13,1,13,r13 스냅샷
이영지,loyalty,7,0d47460c171a,≤r13,1,13,r13 스냅샷
이영지,loyalty,8,da58592598f3,≤r13,1,13,r13 스냅샷
이영지,loyalty,9,1da83385c7df,≤r13,1,13,r13 스냅샷
이영지,loyalty,10,f0d1af8f5636,≤r13,1,13,r13 스냅샷
이영지,loyalty,11,0485fef4c739,≤r13,1,13,r13 스냅샷
이영지,loyalty,12,7c58ef3d71f4,≤r13,1,13,r13 스냅샷
이영지,loyalty,13,a2107fc1024d,≤r13,1,13,r13 스냅샷
이영지,loyalty,14,f6584e1dd4f8,≤r13,1,13,r13 스냅샷
이영지,loyalty,15,9af9132b859a,≤r13,1,13,r13 스냅샷
이영지,loyalty,16,56df26c42510,≤r13,1,13,r13 스냅샷
이영지,loyalty,17,37c889329f48,≤r13,1,13,r13 스냅샷
이영지,loyalty,18,29801bdb20df,≤r13,1,13,r13 스냅샷
이영지,loyalty,19,5ad53e2ce897,≤r13,1,13,r13 스냅샷
이영지,loyalty,20,afbf084bee47,≤r13,1,13,r13 스냅샷
이영지,loyalty,21,7bb4f10b1e13,≤r13,1,13,r13 스냅샷
이영지,loyalty,22,fbbed8ff72b9,≤r13,1,13,r13 스냅샷
이영지,loyalty,23,d01175bbdafb,r14∼r22,14,22,r22 백업
이영지,loyalty,24,003302a506a2,r14∼r22,14,22,r22 백업
이영지,loyalty,25,3043a19f970c,r14∼r22,14,22,r22 백업
이영지,loyalty,26,8f5519b2b86f,r14∼r22,14,22,r22 백업
이영지,loyalty,27,41f9b56ded5c,r14∼r22,14,22,r22 백업
이영지,loyalty,28,3a4cd86766ef,r14∼r22,14,22,r22 백업
이영지,loyalty,29,1fcebb52d5f5,r14∼r22,14,22,r22 백업
이영지,loyalty,30,b61fe37a579d,r14∼r22,14,22,r22 백업
이영지,loyalty,31,1a5710712bff,r23∼r39,23,39,동결 근사 복원본
이영지,loyalty,32,0054610bb462,r23∼r39,23,39,동결 근사 복원본
이영지,loyalty,33,a23b1a7b72be,r23∼r39,23,39,동결 근사 복원본
이영지,loyalty,34,4c05eb8da64c,r41∼r72,41,72,라이브 코퍼스(스냅샷 이후)
이영지,loyalty,35,5add8fe0c2cc,r41∼r72,41,72,라이브 코퍼스(스냅샷 이후)
이영지,loyalty,36,a17f28a15af8,r41∼r72,41,72,라이브 코퍼스(스냅샷 이후)
이영지,loyalty,37,6cb1774cca17,r41∼r72,41,72,라이브 코퍼스(스냅샷 이후)
이영지,loyalty,38,6f8b5b41e3a5,r41∼r72,41,72,라이브 코퍼스(스냅샷 이후)
이영지,spillover,0,0eded99531b0,≤r13,1,13,r13 스냅샷
이영지,spillover,1,9b066274399c,≤r13,1,13,r13 스냅샷
이영지,spillover,2,19a9c8825b26,≤r13,1,13,r13 스냅샷
이영지,spillover,3,00584926fcd8,≤r13,1,13,r13 스냅샷
이영지,spillover,4,9b81e8afbe64,≤r13,1,13,r13 스냅샷
이영지,spillover,5,1855f548f7d7,≤r13,1,13,r13 스냅샷
이영지,spillover,6,1231c59c9270,≤r13,1,13,r13 스냅샷
이영지,spillover,7,01da77238929,≤r13,1,13,r13 스냅샷
이영지,spillover,8,cc37b90da88b,≤r13,1,13,r13 스냅샷
이영지,spillover,9,98ad547086c9,≤r13,1,13,r13 스냅샷
이영지,spillover,10,96a21f03f236,≤r13,1,13,r13 스냅샷
이영지,spillover,11,82bd04eb106b,≤r13,1,13,r13 스냅샷
이영지,spillover,12,94df6b24ecb1,≤r13,1,13,r13 스냅샷
이영지,spillover,13,a502395231b8,≤r13,1,13,r13 스냅샷
이영지,spillover,14,970918e7a124,≤r13,1,13,r13 스냅샷
이영지,spillover,15,3331d965329e,≤r13,1,13,r13 스냅샷
이영지,spillover,16,071d2d969ddd,≤r13,1,13,r13 스냅샷
이영지,spillover,17,8a65598095a9,≤r13,1,13,r13 스냅샷
이영지,spillover,18,9d05bb9bfb99,≤r13,1,13,r13 스냅샷
이영지,spillover,19,364dc7c63edb,≤r13,1,13,r13 스냅샷
이영지,spillover,20,c1e9f9cab71a,≤r13,1,13,r13 스냅샷
이영지,spillover,21,e11141e7fb99,≤r13,1,13,r13 스냅샷
이영지,spillover,22,ab8b3135f6a7,≤r13,1,13,r13 스냅샷
이영지,spillover,23,6691ccfcc2b1,≤r13,1,13,r13 스냅샷
이영지,spillover,24,7c9d2a946565,≤r13,1,13,r13 스냅샷
이영지,spillover,25,d5ae6259745d,≤r13,1,13,r13 스냅샷
이영지,spillover,26,b032e99fca42,≤r13,1,13,r13 스냅샷
이영지,spillover,27,b1049bfe76e9,≤r13,1,13,r13 스냅샷
이영지,spillover,28,91cefdafcc2b,≤r13,1,13,r13 스냅샷
이영지,spillover,29,61a8ef5c8f94,≤r13,1,13,r13 스냅샷
이영지,spillover,30,eedee015683a,≤r13,1,13,r13 스냅샷
이영지,spillover,31,cdbcdce1fd63,≤r13,1,13,r13 스냅샷
이영지,spillover,32,8e25efff1792,≤r13,1,13,r13 스냅샷
이영지,spillover,33,b867e025bcbc,≤r13,1,13,r13 스냅샷
이영지,spillover,34,19d015bb46e5,≤r13,1,13,r13 스냅샷
이영지,spillover,35,a479c07394f1,≤r13,1,13,r13 스냅샷
이영지,spillover,36,94762bdead81,≤r13,1,13,r13 스냅샷
이영지,spillover,37,60e01832b334,≤r13,1,13,r13 스냅샷
이영지,spillover,38,cdfdec3a8412,≤r13,1,13,r13 스냅샷
이영지,spillover,39,794a3b6d0599,≤r13,1,13,r13 스냅샷
이영지,spillover,40,ba12ebb464ee,≤r13,1,13,r13 스냅샷
이영지,spillover,41,d18cb153f807,r14∼r22,14,22,r22 백업
이영지,spillover,42,ba9e10a7ede8,r14∼r22,14,22,r22 백업
이영지,spillover,43,e3df4c19b563,r14∼r22,14,22,r22 백업
이영지,spillover,44,735d5fc0f1c2,r14∼r22,14,22,r22 백업
이영지,spillover,45,4dc010e4142e,r14∼r22,14,22,r22 백업
이영지,spillover,46,032fa712aa3e,r14∼r22,14,22,r22 백업
이영지,spillover,47,1795316cd025,r14∼r22,14,22,r22 백업
이영지,spillover,48,9bd93d940545,r23∼r39,23,39,동결 근사 복원본
이영지,spillover,49,4f16e25bb0e7,r23∼r39,23,39,동결 근사 복원본
이영지,spillover,50,f452a6c3cd3d,r23∼r39,23,39,동결 근사 복원본
이영지,spillover,51,67e748daec37,r23∼r39,23,39,동결 근사 복원본
이영지,spillover,52,eda186809cf2,r23∼r39,23,39,동결 근사 복원본
이영지,spillover,53,2001628d697d,r23∼r39,23,39,동결 근사 복원본
이영지,spillover,54,134a0f614751,r23∼r39,23,39,동결 근사 복원본
이영지,spillover,55,0bc01c48af59,r23∼r39,23,39,동결 근사 복원본
이영지,spillover,56,356db5fb6706,r23∼r39,23,39,동결 근사 복원본
이영지,spillover,57,df6da000f934,r23∼r39,23,39,동결 근사 복원본
이영지,spillover,58,9deb1f2be50e,r23∼r39,23,39,동결 근사 복원본
이영지,spillover,59,bc5db95fcd80,r23∼r39,23,39,동결 근사 복원본
이영지,spillover,60,db139d964fda,r41∼r72,41,72,라이브 코퍼스(스냅샷 이후)
이영지,spillover,61,7ba147350f50,r41∼r72,41,72,라이브 코퍼스(스냅샷 이후)
이영지,spillover,62,b438a2ebe33e,r41∼r72,41,72,라이브 코퍼스(스냅샷 이후)
이영지,spillover,63,73f00324bd8e,r41∼r72,41,72,라이브 코퍼스(스냅샷 이후)
이영지,spillover,64,c51a3dbf4eef,r41∼r72,41,72,라이브 코퍼스(스냅샷 이후)
이영지,spillover,65,0075e0471338,r41∼r72,41,72,라이브 코퍼스(스냅샷 이후)
이영지,spillover,66,7a244633568d,r41∼r72,41,72,라이브 코퍼스(스냅샷 이후)
이영지,spillover,67,1ade51d8406c,r41∼r72,41,72,라이브 코퍼스(스냅샷 이후)
지드래곤 (G-Dragon),loyalty,0,6e4c127a8375,≤r13,1,13,r13 스냅샷
지드래곤 (G-Dragon),loyalty,1,9f5d6b30cf5f,≤r13,1,13,r13 스냅샷
지드래곤 (G-Dragon),loyalty,2,caac4d5cb72e,≤r13,1,13,r13 스냅샷
지드래곤 (G-Dragon),loyalty,3,15eae034da61,≤r13,1,13,r13 스냅샷
지드래곤 (G-Dragon),loyalty,4,cf76416b333b,≤r13,1,13,r13 스냅샷
지드래곤 (G-Dragon),loyalty,5,0e1c5efe81ac,≤r13,1,13,r13 스냅샷
지드래곤 (G-Dragon),loyalty,6,97da318ac72b,≤r13,1,13,r13 스냅샷
지드래곤 (G-Dragon),loyalty,7,1200586a944f,≤r13,1,13,r13 스냅샷
지드래곤 (G-Dragon),loyalty,8,df9322a5e85f,≤r13,1,13,r13 스냅샷
지드래곤 (G-Dragon),loyalty,9,29d47327941e,≤r13,1,13,r13 스냅샷
지드래곤 (G-Dragon),loyalty,10,6f38c33b01c5,≤r13,1,13,r13 스냅샷
지드래곤 (G-Dragon),loyalty,11,3f65bd4da6d4,≤r13,1,13,r13 스냅샷
지드래곤 (G-Dragon),loyalty,12,dd3bda9db003,≤r13,1,13,r13 스냅샷
지드래곤 (G-Dragon),loyalty,13,f1511b6fd242,≤r13,1,13,r13 스냅샷
지드래곤 (G-Dragon),loyalty,14,d1da52ba6724,≤r13,1,13,r13 스냅샷
지드래곤 (G-Dragon),loyalty,15,42e1942ddc9e,≤r13,1,13,r13 스냅샷
지드래곤 (G-Dragon),loyalty,16,269a41df94fb,≤r13,1,13,r13 스냅샷
지드래곤 (G-Dragon),loyalty,17,841b16011eb2,≤r13,1,13,r13 스냅샷
지드래곤 (G-Dragon),loyalty,18,44a42888ef49,≤r13,1,13,r13 스냅샷
지드래곤 (G-Dragon),loyalty,19,5599a105f053,≤r13,1,13,r13 스냅샷
지드래곤 (G-Dragon),loyalty,20,f394aefbfc5a,≤r13,1,13,r13 스냅샷
지드래곤 (G-Dragon),loyalty,21,9301ae218d72,≤r13,1,13,r13 스냅샷
지드래곤 (G-Dragon),loyalty,22,a42e8ef0540b,≤r13,1,13,r13 스냅샷
지드래곤 (G-Dragon),loyalty,23,1c5e05d11302,≤r13,1,13,r13 스냅샷
지드래곤 (G-Dragon),loyalty,24,029caca668eb,≤r13,1,13,r13 스냅샷
지드래곤 (G-Dragon),loyalty,25,d594388c8f3a,≤r13,1,13,r13 스냅샷
지드래곤 (G-Dragon),loyalty,26,3e8bc5bc1a8a,≤r13,1,13,r13 스냅샷
지드래곤 (G-Dragon),loyalty,27,261665898e71,≤r13,1,13,r13 스냅샷
지드래곤 (G-Dragon),loyalty,28,2839e1b23fb2,≤r13,1,13,r13 스냅샷
지드래곤 (G-Dragon),loyalty,29,bc559d644881,≤r13,1,13,r13 스냅샷
지드래곤 (G-Dragon),loyalty,30,3b7108e3a209,≤r13,1,13,r13 스냅샷
지드래곤 (G-Dragon),loyalty,31,e9e7fb71ee43,≤r13,1,13,r13 스냅샷
지드래곤 (G-Dragon),loyalty,32,ada2915cea84,r23∼r39,23,39,동결 근사 복원본
지드래곤 (G-Dragon),loyalty,33,ad8feab236e3,r23∼r39,23,39,동결 근사 복원본
지드래곤 (G-Dragon),loyalty,34,d184d691fea4,r23∼r39,23,39,동결 근사 복원본
지드래곤 (G-Dragon),loyalty,35,4582aaf7ff76,r41∼r72,41,72,라이브 코퍼스(스냅샷 이후)
지드래곤 (G-Dragon),loyalty,36,d542450c3bad,r41∼r72,41,72,라이브 코퍼스(스냅샷 이후)
지드래곤 (G-Dragon),loyalty,37,24e87bef4d6e,r41∼r72,41,72,라이브 코퍼스(스냅샷 이후)
지드래곤 (G-Dragon),loyalty,38,950c791e82f9,r41∼r72,41,72,라이브 코퍼스(스냅샷 이후)
지드래곤 (G-Dragon),loyalty,39,60bef13a94b1,r41∼r72,41,72,라이브 코퍼스(스냅샷 이후)
지드래곤 (G-Dragon),loyalty,40,74ad02de7f88,r41∼r72,41,72,라이브 코퍼스(스냅샷 이후)
지드래곤 (G-Dragon),loyalty,41,9b33d056e7ef,r41∼r72,41,72,라이브 코퍼스(스냅샷 이후)
지드래곤 (G-Dragon),loyalty,42,e1f89c9f23d8,r41∼r72,41,72,라이브 코퍼스(스냅샷 이후)
지드래곤 (G-Dragon),loyalty,43,85dbf3de8714,r41∼r72,41,72,라이브 코퍼스(스냅샷 이후)
지드래곤 (G-Dragon),loyalty,44,4ff7b5b0f542,r41∼r72,41,72,라이브 코퍼스(스냅샷 이후)
지드래곤 (G-Dragon),loyalty,45,fbe495c19bb6,r41∼r72,41,72,라이브 코퍼스(스냅샷 이후)
지드래곤 (G-Dragon),loyalty,46,c00759678f2a,r41∼r72,41,72,라이브 코퍼스(스냅샷 이후)
지드래곤 (G-Dragon),spillover,0,11f709d32599,≤r13,1,13,r13 스냅샷
지드래곤 (G-Dragon),spillover,1,cf602958cf2a,≤r13,1,13,r13 스냅샷
지드래곤 (G-Dragon),spillover,2,7ba1b960c09c,≤r13,1,13,r13 스냅샷
지드래곤 (G-Dragon),spillover,3,7e987e5bf5f3,≤r13,1,13,r13 스냅샷
지드래곤 (G-Dragon),spillover,4,43246c5a492a,≤r13,1,13,r13 스냅샷
지드래곤 (G-Dragon),spillover,5,50cf960d45b7,≤r13,1,13,r13 스냅샷
지드래곤 (G-Dragon),spillover,6,e6d0986d4609,≤r13,1,13,r13 스냅샷
지드래곤 (G-Dragon),spillover,7,df89601dd575,≤r13,1,13,r13 스냅샷
지드래곤 (G-Dragon),spillover,8,2918c9233dc6,≤r13,1,13,r13 스냅샷
지드래곤 (G-Dragon),spillover,9,4bfc2bb4fbb9,≤r13,1,13,r13 스냅샷
지드래곤 (G-Dragon),spillover,10,4e64e86e6b51,≤r13,1,13,r13 스냅샷
지드래곤 (G-Dragon),spillover,11,e15c7e0833d0,≤r13,1,13,r13 스냅샷
지드래곤 (G-Dragon),spillover,12,8a50ac20ded8,≤r13,1,13,r13 스냅샷
지드래곤 (G-Dragon),spillover,13,ac29605b0b00,≤r13,1,13,r13 스냅샷
지드래곤 (G-Dragon),spillover,14,bce699d7da11,≤r13,1,13,r13 스냅샷
지드래곤 (G-Dragon),spillover,15,e3e39099f241,≤r13,1,13,r13 스냅샷
지드래곤 (G-Dragon),spillover,16,2cb9ad4935b5,≤r13,1,13,r13 스냅샷
지드래곤 (G-Dragon),spillover,17,6d5a2e83fd4e,≤r13,1,13,r13 스냅샷
지드래곤 (G-Dragon),spillover,18,ff4b2ac5fa34,≤r13,1,13,r13 스냅샷
지드래곤 (G-Dragon),spillover,19,0b6d4c253335,≤r13,1,13,r13 스냅샷
지드래곤 (G-Dragon),spillover,20,8716961a5d56,≤r13,1,13,r13 스냅샷
지드래곤 (G-Dragon),spillover,21,3908283ce793,≤r13,1,13,r13 스냅샷
지드래곤 (G-Dragon),spillover,22,40b9da4ae17b,≤r13,1,13,r13 스냅샷
지드래곤 (G-Dragon),spillover,23,e076bc6e659b,≤r13,1,13,r13 스냅샷
지드래곤 (G-Dragon),spillover,24,507a4e685b21,≤r13,1,13,r13 스냅샷
지드래곤 (G-Dragon),spillover,25,1ab0a8ddfdaf,≤r13,1,13,r13 스냅샷
지드래곤 (G-Dragon),spillover,26,c5097f27eee5,≤r13,1,13,r13 스냅샷
지드래곤 (G-Dragon),spillover,27,e020aeb1c73a,≤r13,1,13,r13 스냅샷
지드래곤 (G-Dragon),spillover,28,9ee16847826f,≤r13,1,13,r13 스냅샷
지드래곤 (G-Dragon),spillover,29,697e650ecc5e,≤r13,1,13,r13 스냅샷
지드래곤 (G-Dragon),spillover,30,ec54490bf0d7,≤r13,1,13,r13 스냅샷
지드래곤 (G-Dragon),spillover,31,a608c1e8c9db,≤r13,1,13,r13 스냅샷
지드래곤 (G-Dragon),spillover,32,3dc13ef1a010,≤r13,1,13,r13 스냅샷
지드래곤 (G-Dragon),spillover,33,bbaf948accd5,≤r13,1,13,r13 스냅샷
지드래곤 (G-Dragon),spillover,34,1ffdd56ef33f,≤r13,1,13,r13 스냅샷
지드래곤 (G-Dragon),spillover,35,2e230e6bcb14,≤r13,1,13,r13 스냅샷
지드래곤 (G-Dragon),spillover,36,7fce3c6a4891,≤r13,1,13,r13 스냅샷
지드래곤 (G-Dragon),spillover,37,f5b277a88d25,≤r13,1,13,r13 스냅샷
지드래곤 (G-Dragon),spillover,38,84afd84d40bb,≤r13,1,13,r13 스냅샷
지드래곤 (G-Dragon),spillover,39,e6fd567b00f0,≤r13,1,13,r13 스냅샷
지드래곤 (G-Dragon),spillover,40,e137586a95a0,≤r13,1,13,r13 스냅샷
지드래곤 (G-Dragon),spillover,41,169394b0fbde,≤r13,1,13,r13 스냅샷
지드래곤 (G-Dragon),spillover,42,2c1e2483249d,≤r13,1,13,r13 스냅샷
지드래곤 (G-Dragon),spillover,43,0607cfbe1748,≤r13,1,13,r13 스냅샷
지드래곤 (G-Dragon),spillover,44,561700d717a9,≤r13,1,13,r13 스냅샷
지드래곤 (G-Dragon),spillover,45,6f122ad569be,≤r13,1,13,r13 스냅샷
지드래곤 (G-Dragon),spillover,46,37e70ac05a12,≤r13,1,13,r13 스냅샷
지드래곤 (G-Dragon),spillover,47,0d2cfe6b0942,≤r13,1,13,r13 스냅샷
지드래곤 (G-Dragon),spillover,48,30ac1d43e672,≤r13,1,13,r13 스냅샷
지드래곤 (G-Dragon),spillover,49,e1ec9c5bcf37,≤r13,1,13,r13 스냅샷
지드래곤 (G-Dragon),spillover,50,b31d33deb0cd,≤r13,1,13,r13 스냅샷
지드래곤 (G-Dragon),spillover,51,79fa6fbbe278,≤r13,1,13,r13 스냅샷
지드래곤 (G-Dragon),spillover,52,076734172a1d,≤r13,1,13,r13 스냅샷
지드래곤 (G-Dragon),spillover,53,c9ef666bc770,≤r13,1,13,r13 스냅샷
지드래곤 (G-Dragon),spillover,54,5e24ef9f6768,r14∼r22,14,22,r22 백업
지드래곤 (G-Dragon),spillover,55,0f55f48def9e,r23∼r39,23,39,동결 근사 복원본
지드래곤 (G-Dragon),spillover,56,f298df3368f8,r23∼r39,23,39,동결 근사 복원본
지드래곤 (G-Dragon),spillover,57,84b042ac08c6,r23∼r39,23,39,동결 근사 복원본
지드래곤 (G-Dragon),spillover,58,81a3beb1fb70,r23∼r39,23,39,동결 근사 복원본
지드래곤 (G-Dragon),spillover,59,df20b0f5f2e4,r23∼r39,23,39,동결 근사 복원본
지드래곤 (G-Dragon),spillover,60,6fb4dc4997fb,r23∼r39,23,39,동결 근사 복원본
지드래곤 (G-Dragon),spillover,61,a0f436aaf31b,r23∼r39,23,39,동결 근사 복원본
지드래곤 (G-Dragon),spillover,62,d17eb382c14d,r23∼r39,23,39,동결 근사 복원본
지드래곤 (G-Dragon),spillover,63,8b8bc90d1d71,r23∼r39,23,39,동결 근사 복원본
지드래곤 (G-Dragon),spillover,64,683f76d2f4aa,r23∼r39,23,39,동결 근사 복원본
지드래곤 (G-Dragon),spillover,65,88f454faa6b6,r23∼r39,23,39,동결 근사 복원본
지드래곤 (G-Dragon),spillover,66,531467677467,r23∼r39,23,39,동결 근사 복원본
지드래곤 (G-Dragon),spillover,67,0b2191ad539c,r23∼r39,23,39,동결 근사 복원본
지드래곤 (G-Dragon),spillover,68,dab084c8ae5f,r23∼r39,23,39,동결 근사 복원본
지드래곤 (G-Dragon),spillover,69,c1298ff3cfeb,r23∼r39,23,39,동결 근사 복원본
지드래곤 (G-Dragon),spillover,70,41e4c13d965f,r23∼r39,23,39,동결 근사 복원본
지드래곤 (G-Dragon),spillover,71,b97c6bcb6427,r23∼r39,23,39,동결 근사 복원본
지드래곤 (G-Dragon),spillover,72,94901c505126,r23∼r39,23,39,동결 근사 복원본
지드래곤 (G-Dragon),spillover,73,05275d83c6a7,r23∼r39,23,39,동결 근사 복원본
지드래곤 (G-Dragon),spillover,74,698c4df7b16a,r23∼r39,23,39,동결 근사 복원본
지드래곤 (G-Dragon),spillover,75,b3ada5fdf50d,r41∼r72,41,72,라이브 코퍼스(스냅샷 이후)
지드래곤 (G-Dragon),spillover,76,a00c90ecd88c,r41∼r72,41,72,라이브 코퍼스(스냅샷 이후)
지드래곤 (G-Dragon),spillover,77,11f368fb0611,r41∼r72,41,72,라이브 코퍼스(스냅샷 이후)
지드래곤 (G-Dragon),spillover,78,0fa00db86c30,r41∼r72,41,72,라이브 코퍼스(스냅샷 이후)
지드래곤 (G-Dragon),spillover,79,0cee3a1f7b81,r41∼r72,41,72,라이브 코퍼스(스냅샷 이후)
지드래곤 (G-Dragon),spillover,80,7992ed20e586,r41∼r72,41,72,라이브 코퍼스(스냅샷 이후)
지드래곤 (G-Dragon),spillover,81,d66329d701ea,r41∼r72,41,72,라이브 코퍼스(스냅샷 이후)
지드래곤 (G-Dragon),spillover,82,407f06a6d981,r41∼r72,41,72,라이브 코퍼스(스냅샷 이후)
지드래곤 (G-Dragon),spillover,83,a23a46ce12fb,r41∼r72,41,72,라이브 코퍼스(스냅샷 이후)
지드래곤 (G-Dragon),spillover,84,263fb85a505c,r41∼r72,41,72,라이브 코퍼스(스냅샷 이후)
지드래곤 (G-Dragon),spillover,85,f4461fdc0ce0,r41∼r72,41,72,라이브 코퍼스(스냅샷 이후)
지코,loyalty,0,67a3d3cd5777,≤r13,1,13,r13 스냅샷
지코,loyalty,1,6528f8503483,≤r13,1,13,r13 스냅샷
지코,loyalty,2,2024721af2af,≤r13,1,13,r13 스냅샷
지코,loyalty,3,ed1def2cfc05,≤r13,1,13,r13 스냅샷
지코,loyalty,4,4f64839da172,≤r13,1,13,r13 스냅샷
지코,loyalty,5,0a46614b23b8,≤r13,1,13,r13 스냅샷
지코,loyalty,6,37fd5a7cd4e9,≤r13,1,13,r13 스냅샷
지코,loyalty,7,4a45b5f7557c,≤r13,1,13,r13 스냅샷
지코,loyalty,8,61a46220d6be,≤r13,1,13,r13 스냅샷
지코,loyalty,9,261a0175e91d,≤r13,1,13,r13 스냅샷
지코,loyalty,10,edb991b2f9a4,≤r13,1,13,r13 스냅샷
지코,loyalty,11,002de7df199b,≤r13,1,13,r13 스냅샷
지코,loyalty,12,2f2da1ed1295,≤r13,1,13,r13 스냅샷
지코,loyalty,13,2cf050cf0e85,≤r13,1,13,r13 스냅샷
지코,loyalty,14,0af6a134c1c2,≤r13,1,13,r13 스냅샷
지코,loyalty,15,5106c7da5103,r14∼r22,14,22,r22 백업
지코,loyalty,16,6bdc298e7a89,r14∼r22,14,22,r22 백업
지코,loyalty,17,bb57341e1c0f,r14∼r22,14,22,r22 백업
지코,loyalty,18,9180fe8e06d2,r14∼r22,14,22,r22 백업
지코,loyalty,19,991f19e4b43b,r14∼r22,14,22,r22 백업
지코,loyalty,20,f86570f0ef96,r14∼r22,14,22,r22 백업
지코,loyalty,21,ca8964c9ed66,r14∼r22,14,22,r22 백업
지코,loyalty,22,823867ddba2c,r23∼r39,23,39,동결 근사 복원본
지코,loyalty,23,efb31373c9b1,r41∼r72,41,72,라이브 코퍼스(스냅샷 이후)
지코,loyalty,24,782f72e1e8e8,r41∼r72,41,72,라이브 코퍼스(스냅샷 이후)
지코,loyalty,25,a4d4dcfe308c,r41∼r72,41,72,라이브 코퍼스(스냅샷 이후)
지코,loyalty,26,deb5712f3c98,r41∼r72,41,72,라이브 코퍼스(스냅샷 이후)
지코,loyalty,27,7e064bd80e0e,r41∼r72,41,72,라이브 코퍼스(스냅샷 이후)
지코,spillover,0,ba352856d849,≤r13,1,13,r13 스냅샷
지코,spillover,1,399b724c3808,≤r13,1,13,r13 스냅샷
지코,spillover,2,af2930830610,≤r13,1,13,r13 스냅샷
지코,spillover,3,ab62468924d8,≤r13,1,13,r13 스냅샷
지코,spillover,4,df32dbf11874,≤r13,1,13,r13 스냅샷
지코,spillover,5,c4f9e3f0b377,≤r13,1,13,r13 스냅샷
지코,spillover,6,ace4c2961412,≤r13,1,13,r13 스냅샷
지코,spillover,7,f951738973e1,≤r13,1,13,r13 스냅샷
지코,spillover,8,b46fabef3dc1,≤r13,1,13,r13 스냅샷
지코,spillover,9,54f7f515dcae,≤r13,1,13,r13 스냅샷
지코,spillover,10,70541f9f6d1d,≤r13,1,13,r13 스냅샷
지코,spillover,11,33832a825c12,≤r13,1,13,r13 스냅샷
지코,spillover,12,751231546c29,≤r13,1,13,r13 스냅샷
지코,spillover,13,06a4c69a7725,≤r13,1,13,r13 스냅샷
지코,spillover,14,b74f06fd9767,≤r13,1,13,r13 스냅샷
지코,spillover,15,1d3667ec5226,≤r13,1,13,r13 스냅샷
지코,spillover,16,d258311a3814,≤r13,1,13,r13 스냅샷
지코,spillover,17,b2632a6e2e18,≤r13,1,13,r13 스냅샷
지코,spillover,18,fcf21194ffc4,≤r13,1,13,r13 스냅샷
지코,spillover,19,260f41709718,≤r13,1,13,r13 스냅샷
지코,spillover,20,d79b2357e159,≤r13,1,13,r13 스냅샷
지코,spillover,21,577ec179a0ff,≤r13,1,13,r13 스냅샷
지코,spillover,22,b48524351949,≤r13,1,13,r13 스냅샷
지코,spillover,23,3e3fc879e9be,≤r13,1,13,r13 스냅샷
지코,spillover,24,d113a491daf1,≤r13,1,13,r13 스냅샷
지코,spillover,25,95ba08b9c4e4,≤r13,1,13,r13 스냅샷
지코,spillover,26,ae33fd97d822,≤r13,1,13,r13 스냅샷
지코,spillover,27,ecd39f895795,≤r13,1,13,r13 스냅샷
지코,spillover,28,d0bf8f46b716,≤r13,1,13,r13 스냅샷
지코,spillover,29,b25f55ea9843,≤r13,1,13,r13 스냅샷
지코,spillover,30,b5ba7421a5e7,≤r13,1,13,r13 스냅샷
지코,spillover,31,aabd6b70b547,≤r13,1,13,r13 스냅샷
지코,spillover,32,a309515b1581,≤r13,1,13,r13 스냅샷
지코,spillover,33,4e889bcc240c,≤r13,1,13,r13 스냅샷
지코,spillover,34,b8ec9e0120b3,≤r13,1,13,r13 스냅샷
지코,spillover,35,2c060a214b10,≤r13,1,13,r13 스냅샷
지코,spillover,36,cb8c50caf7ce,≤r13,1,13,r13 스냅샷
지코,spillover,37,e231419c7596,≤r13,1,13,r13 스냅샷
지코,spillover,38,c113207c97ec,≤r13,1,13,r13 스냅샷
지코,spillover,39,155aa6dcf638,≤r13,1,13,r13 스냅샷
지코,spillover,40,f6d75c086d68,≤r13,1,13,r13 스냅샷
지코,spillover,41,664491bde4c5,≤r13,1,13,r13 스냅샷
지코,spillover,42,6a0e3bc79620,r14∼r22,14,22,r22 백업
지코,spillover,43,af93e1e0bedf,r14∼r22,14,22,r22 백업
지코,spillover,44,d242b85b7030,r14∼r22,14,22,r22 백업
지코,spillover,45,4e1d8e58e38e,r23∼r39,23,39,동결 근사 복원본
지코,spillover,46,a60f7684eac4,r23∼r39,23,39,동결 근사 복원본
지코,spillover,47,cda7e485e9fe,r23∼r39,23,39,동결 근사 복원본
지코,spillover,48,6aa5cb879ffb,r23∼r39,23,39,동결 근사 복원본
지코,spillover,49,6288a212aa11,r23∼r39,23,39,동결 근사 복원본
지코,spillover,50,6dcebd3c1c49,r23∼r39,23,39,동결 근사 복원본
지코,spillover,51,9c1ebd0f6bfe,r23∼r39,23,39,동결 근사 복원본
지코,spillover,52,600b76c20b19,r23∼r39,23,39,동결 근사 복원본
지코,spillover,53,bbddc5bd8106,r23∼r39,23,39,동결 근사 복원본
지코,spillover,54,f352cc834114,r23∼r39,23,39,동결 근사 복원본
지코,spillover,55,bbb627003e24,r23∼r39,23,39,동결 근사 복원본
지코,spillover,56,fd2879af2102,r41∼r72,41,72,라이브 코퍼스(스냅샷 이후)
지코,spillover,57,380b3bf00582,r41∼r72,41,72,라이브 코퍼스(스냅샷 이후)
지코,spillover,58,abf14ab044d5,r41∼r72,41,72,라이브 코퍼스(스냅샷 이후)
지코,spillover,59,e80a9d709400,r41∼r72,41,72,라이브 코퍼스(스냅샷 이후)
지코,spillover,60,93071b908676,r41∼r72,41,72,라이브 코퍼스(스냅샷 이후)
지코,spillover,61,f196bcf3ccc8,r41∼r72,41,72,라이브 코퍼스(스냅샷 이후)
지코,spillover,62,0ee46034e161,r41∼r72,41,72,라이브 코퍼스(스냅샷 이후)
지코,spillover,63,d12b0202e928,r41∼r72,41,72,라이브 코퍼스(스냅샷 이후)
지코,spillover,64,178d19001b16,r41∼r72,41,72,라이브 코퍼스(스냅샷 이후)
지코,spillover,65,c8f3a6008729,r41∼r72,41,72,라이브 코퍼스(스냅샷 이후)
지코,spillover,66,7874571e6962,r41∼r72,41,72,라이브 코퍼스(스냅샷 이후)
지코,spillover,67,5ea36697dbe6,r41∼r72,41,72,라이브 코퍼스(스냅샷 이후)
지코,spillover,68,b98c23517ebb,r41∼r72,41,72,라이브 코퍼스(스냅샷 이후)
지코,spillover,69,d289bfb99356,r41∼r72,41,72,라이브 코퍼스(스냅샷 이후)
지코,spillover,70,e8569996d32f,r41∼r72,41,72,라이브 코퍼스(스냅샷 이후)
지코,spillover,71,b23303e3f786,r41∼r72,41,72,라이브 코퍼스(스냅샷 이후)
지코,spillover,72,e86d56a48614,r41∼r72,41,72,라이브 코퍼스(스냅샷 이후)
박재범,loyalty,0,fb51d6365f4b,≤r13,1,13,r13 스냅샷
박재범,loyalty,1,b608f2e0bd32,≤r13,1,13,r13 스냅샷
박재범,loyalty,2,d53335cc0d7c,≤r13,1,13,r13 스냅샷
박재범,loyalty,3,30db7ec68584,≤r13,1,13,r13 스냅샷
박재범,loyalty,4,c5fbf78ab3f7,≤r13,1,13,r13 스냅샷
박재범,loyalty,5,c94e3ee333b3,≤r13,1,13,r13 스냅샷
박재범,loyalty,6,c21b7bd81e6a,≤r13,1,13,r13 스냅샷
박재범,loyalty,7,e5da93805f8c,≤r13,1,13,r13 스냅샷
박재범,loyalty,8,3d9f703338d8,≤r13,1,13,r13 스냅샷
박재범,loyalty,9,90afe584ad11,≤r13,1,13,r13 스냅샷
박재범,loyalty,10,5c0616381a57,≤r13,1,13,r13 스냅샷
박재범,loyalty,11,75e56229cbea,≤r13,1,13,r13 스냅샷
박재범,loyalty,12,20f3bb0d5210,≤r13,1,13,r13 스냅샷
박재범,loyalty,13,ce50e8ac9206,≤r13,1,13,r13 스냅샷
박재범,loyalty,14,e8546ee96166,≤r13,1,13,r13 스냅샷
박재범,loyalty,15,36b18ca42fa8,≤r13,1,13,r13 스냅샷
박재범,loyalty,16,7a2d5c441ed4,≤r13,1,13,r13 스냅샷
박재범,loyalty,17,002c070bf13a,≤r13,1,13,r13 스냅샷
박재범,loyalty,18,d8bd6481a47b,≤r13,1,13,r13 스냅샷
박재범,loyalty,19,1662bd4ec584,≤r13,1,13,r13 스냅샷
박재범,loyalty,20,7e7c6cc4546a,≤r13,1,13,r13 스냅샷
박재범,loyalty,21,d15c943f7fd3,r14∼r22,14,22,r22 백업
박재범,loyalty,22,5a0b16abc90d,r14∼r22,14,22,r22 백업
박재범,loyalty,23,848d6840dd00,r14∼r22,14,22,r22 백업
박재범,loyalty,24,a1ce432d0703,r14∼r22,14,22,r22 백업
박재범,loyalty,25,9269a45112f1,r14∼r22,14,22,r22 백업
박재범,loyalty,26,336491cf5920,r14∼r22,14,22,r22 백업
박재범,loyalty,27,aa2f7baa2d56,r14∼r22,14,22,r22 백업
박재범,loyalty,28,3394e7c3a146,r14∼r22,14,22,r22 백업
박재범,loyalty,29,73f2298064a5,r14∼r22,14,22,r22 백업
박재범,loyalty,30,2f9356af15b1,r14∼r22,14,22,r22 백업
박재범,loyalty,31,c29d0daf525c,r14∼r22,14,22,r22 백업
박재범,loyalty,32,e4399eba1d5b,r14∼r22,14,22,r22 백업
박재범,loyalty,33,3ba84f91c00a,r14∼r22,14,22,r22 백업
박재범,loyalty,34,1d80882d7ca2,r14∼r22,14,22,r22 백업
박재범,loyalty,35,62b75cca3456,r14∼r22,14,22,r22 백업
박재범,loyalty,36,ee88930f27f5,r14∼r22,14,22,r22 백업
박재범,loyalty,37,b1476028f5f7,r23∼r39,23,39,동결 근사 복원본
박재범,loyalty,38,444735ae91e2,r23∼r39,23,39,동결 근사 복원본
박재범,loyalty,39,5755e97e4403,r23∼r39,23,39,동결 근사 복원본
박재범,loyalty,40,2c826b3a79e3,r41∼r72,41,72,라이브 코퍼스(스냅샷 이후)
박재범,loyalty,41,8f9c7eab296d,r41∼r72,41,72,라이브 코퍼스(스냅샷 이후)
박재범,loyalty,42,c199b691fe86,r41∼r72,41,72,라이브 코퍼스(스냅샷 이후)
박재범,loyalty,43,d166b954446e,r41∼r72,41,72,라이브 코퍼스(스냅샷 이후)
박재범,loyalty,44,1093e404a957,r41∼r72,41,72,라이브 코퍼스(스냅샷 이후)
박재범,loyalty,45,0e93ed9c80d0,r41∼r72,41,72,라이브 코퍼스(스냅샷 이후)
박재범,loyalty,46,0111188200da,r41∼r72,41,72,라이브 코퍼스(스냅샷 이후)
박재범,loyalty,47,7cef8e339b31,r41∼r72,41,72,라이브 코퍼스(스냅샷 이후)
박재범,loyalty,48,f45131d63879,r41∼r72,41,72,라이브 코퍼스(스냅샷 이후)
박재범,spillover,0,e549345e49c3,≤r13,1,13,r13 스냅샷
박재범,spillover,1,055b93c96982,≤r13,1,13,r13 스냅샷
박재범,spillover,2,fbe19c688e57,≤r13,1,13,r13 스냅샷
박재범,spillover,3,02fa8487ffb1,≤r13,1,13,r13 스냅샷
박재범,spillover,4,631332da68c6,≤r13,1,13,r13 스냅샷
박재범,spillover,5,574850d43d8e,≤r13,1,13,r13 스냅샷
박재범,spillover,6,fa4151d9caf5,≤r13,1,13,r13 스냅샷
박재범,spillover,7,36e4fc85bf9c,≤r13,1,13,r13 스냅샷
박재범,spillover,8,7dc552158acd,≤r13,1,13,r13 스냅샷
박재범,spillover,9,d71d1503797a,≤r13,1,13,r13 스냅샷
박재범,spillover,10,74c2b84cea8c,≤r13,1,13,r13 스냅샷
박재범,spillover,11,ac02451e0c90,≤r13,1,13,r13 스냅샷
박재범,spillover,12,7aa61b7c058f,≤r13,1,13,r13 스냅샷
박재범,spillover,13,a064855bca8e,≤r13,1,13,r13 스냅샷
박재범,spillover,14,ff5d08aa5c6a,≤r13,1,13,r13 스냅샷
박재범,spillover,15,c2ca21973d0e,≤r13,1,13,r13 스냅샷
박재범,spillover,16,2ae3cad4e5cb,≤r13,1,13,r13 스냅샷
박재범,spillover,17,9cf4d2e51fe1,≤r13,1,13,r13 스냅샷
박재범,spillover,18,a2afaf5735f5,≤r13,1,13,r13 스냅샷
박재범,spillover,19,9be530eda5f5,≤r13,1,13,r13 스냅샷
박재범,spillover,20,0160f9445b48,≤r13,1,13,r13 스냅샷
박재범,spillover,21,ba00e2e53d4f,≤r13,1,13,r13 스냅샷
박재범,spillover,22,2a221817ae7f,≤r13,1,13,r13 스냅샷
박재범,spillover,23,2b5edb4e3784,≤r13,1,13,r13 스냅샷
박재범,spillover,24,81280d24fc68,≤r13,1,13,r13 스냅샷
박재범,spillover,25,b93485c9a4dc,≤r13,1,13,r13 스냅샷
박재범,spillover,26,82c609badded,≤r13,1,13,r13 스냅샷
박재범,spillover,27,b37c2c9fdc2d,≤r13,1,13,r13 스냅샷
박재범,spillover,28,98de1d50e3df,≤r13,1,13,r13 스냅샷
박재범,spillover,29,54946955356c,r14∼r22,14,22,r22 백업
박재범,spillover,30,999f65a6ae99,r14∼r22,14,22,r22 백업
박재범,spillover,31,e38547080a75,r14∼r22,14,22,r22 백업
박재범,spillover,32,a1efef5c2cd9,r23∼r39,23,39,동결 근사 복원본
박재범,spillover,33,a1f98a4b6f73,r23∼r39,23,39,동결 근사 복원본
박재범,spillover,34,d55bfe12243d,r23∼r39,23,39,동결 근사 복원본
박재범,spillover,35,b87a6114e1ef,r23∼r39,23,39,동결 근사 복원본
박재범,spillover,36,b0b525d97502,r23∼r39,23,39,동결 근사 복원본
박재범,spillover,37,90c757161555,r23∼r39,23,39,동결 근사 복원본
박재범,spillover,38,2f50357c6999,r23∼r39,23,39,동결 근사 복원본
박재범,spillover,39,308c91a54ab2,r23∼r39,23,39,동결 근사 복원본
박재범,spillover,40,8131f8465edb,r23∼r39,23,39,동결 근사 복원본
박재범,spillover,41,7532e0283c17,r23∼r39,23,39,동결 근사 복원본
박재범,spillover,42,1f3cda0ea8b5,r23∼r39,23,39,동결 근사 복원본
박재범,spillover,43,4b8d5db0bd0c,r23∼r39,23,39,동결 근사 복원본
박재범,spillover,44,f6b31eaa6320,r23∼r39,23,39,동결 근사 복원본
박재범,spillover,45,55208edc4ba5,r23∼r39,23,39,동결 근사 복원본
박재범,spillover,46,46cfc3b46bfb,r23∼r39,23,39,동결 근사 복원본
박재범,spillover,47,5b5a6de57244,r23∼r39,23,39,동결 근사 복원본
박재범,spillover,48,8a6dbccca301,r23∼r39,23,39,동결 근사 복원본
박재범,spillover,49,f16c59cea929,r41∼r72,41,72,라이브 코퍼스(스냅샷 이후)
박재범,spillover,50,c29e3e4fb2d7,r41∼r72,41,72,라이브 코퍼스(스냅샷 이후)
박재범,spillover,51,167f70f34cb9,r41∼r72,41,72,라이브 코퍼스(스냅샷 이후)
박재범,spillover,52,7395fbaa1a62,r41∼r72,41,72,라이브 코퍼스(스냅샷 이후)
박재범,spillover,53,a530414d490c,r41∼r72,41,72,라이브 코퍼스(스냅샷 이후)
박재범,spillover,54,39e3e52ca17c,r41∼r72,41,72,라이브 코퍼스(스냅샷 이후)
박재범,spillover,55,0540df011716,r41∼r72,41,72,라이브 코퍼스(스냅샷 이후)
박재범,spillover,56,534d3dd6cadc,r41∼r72,41,72,라이브 코퍼스(스냅샷 이후)
박재범,spillover,57,b3f376694983,r41∼r72,41,72,라이브 코퍼스(스냅샷 이후)
박재범,spillover,58,01d7ba6c17ee,r41∼r72,41,72,라이브 코퍼스(스냅샷 이후)
박재범,spillover,59,3c69c5db8373,r41∼r72,41,72,라이브 코퍼스(스냅샷 이후)
박재범,spillover,60,b9f5bacfdcb1,r41∼r72,41,72,라이브 코퍼스(스냅샷 이후)
다이나믹듀오,loyalty,0,0a1535369c33,≤r13,1,13,r13 스냅샷
다이나믹듀오,loyalty,1,98e699af544e,≤r13,1,13,r13 스냅샷
다이나믹듀오,loyalty,2,41ea4ae6c1b5,≤r13,1,13,r13 스냅샷
다이나믹듀오,loyalty,3,fba3fa6ea184,≤r13,1,13,r13 스냅샷
다이나믹듀오,loyalty,4,2e745f5a6c2f,≤r13,1,13,r13 스냅샷
다이나믹듀오,loyalty,5,b89ef6a28409,≤r13,1,13,r13 스냅샷
다이나믹듀오,loyalty,6,785bf2077282,≤r13,1,13,r13 스냅샷
다이나믹듀오,loyalty,7,83fb25c4da9d,≤r13,1,13,r13 스냅샷
다이나믹듀오,loyalty,8,2fef24fdfd1e,≤r13,1,13,r13 스냅샷
다이나믹듀오,loyalty,9,80a18272a302,≤r13,1,13,r13 스냅샷
다이나믹듀오,loyalty,10,c8272fa1db9d,≤r13,1,13,r13 스냅샷
다이나믹듀오,loyalty,11,3012a977e35d,≤r13,1,13,r13 스냅샷
다이나믹듀오,loyalty,12,cb19185d725a,≤r13,1,13,r13 스냅샷
다이나믹듀오,loyalty,13,350ad911c9c2,≤r13,1,13,r13 스냅샷
다이나믹듀오,loyalty,14,f4032489026e,≤r13,1,13,r13 스냅샷
다이나믹듀오,loyalty,15,61be68d2b0d2,≤r13,1,13,r13 스냅샷
다이나믹듀오,loyalty,16,54ba75f27f93,r14∼r22,14,22,r22 백업
다이나믹듀오,loyalty,17,021c11517403,r14∼r22,14,22,r22 백업
다이나믹듀오,loyalty,18,7598c8b680b1,r14∼r22,14,22,r22 백업
다이나믹듀오,loyalty,19,ac1fa5a4aefa,r14∼r22,14,22,r22 백업
다이나믹듀오,loyalty,20,3d7e86bb977d,r23∼r39,23,39,동결 근사 복원본
다이나믹듀오,loyalty,21,98089e7c56de,r41∼r72,41,72,라이브 코퍼스(스냅샷 이후)
다이나믹듀오,loyalty,22,d4bba45208ec,r41∼r72,41,72,라이브 코퍼스(스냅샷 이후)
다이나믹듀오,loyalty,23,523f3be7d1f8,r41∼r72,41,72,라이브 코퍼스(스냅샷 이후)
다이나믹듀오,loyalty,24,92746a9e5c82,r41∼r72,41,72,라이브 코퍼스(스냅샷 이후)
다이나믹듀오,loyalty,25,cfdd8bab366d,r41∼r72,41,72,라이브 코퍼스(스냅샷 이후)
다이나믹듀오,spillover,0,703592183779,≤r13,1,13,r13 스냅샷
다이나믹듀오,spillover,1,adc897702036,≤r13,1,13,r13 스냅샷
다이나믹듀오,spillover,2,9c09f5b8afa3,≤r13,1,13,r13 스냅샷
다이나믹듀오,spillover,3,b616681f054e,≤r13,1,13,r13 스냅샷
다이나믹듀오,spillover,4,c7ee885cc7a4,≤r13,1,13,r13 스냅샷
다이나믹듀오,spillover,5,822d1302e754,≤r13,1,13,r13 스냅샷
다이나믹듀오,spillover,6,a292811f18a6,≤r13,1,13,r13 스냅샷
다이나믹듀오,spillover,7,71b3879f390f,≤r13,1,13,r13 스냅샷
다이나믹듀오,spillover,8,45d5cd5e3fa2,≤r13,1,13,r13 스냅샷
다이나믹듀오,spillover,9,57c7cf57a371,≤r13,1,13,r13 스냅샷
다이나믹듀오,spillover,10,f01e01aa5151,≤r13,1,13,r13 스냅샷
다이나믹듀오,spillover,11,e7086be749d4,≤r13,1,13,r13 스냅샷
다이나믹듀오,spillover,12,68cf6124882c,≤r13,1,13,r13 스냅샷
다이나믹듀오,spillover,13,2605d4e1711e,≤r13,1,13,r13 스냅샷
다이나믹듀오,spillover,14,89e4565f9c07,≤r13,1,13,r13 스냅샷
다이나믹듀오,spillover,15,1481ad31d8ac,≤r13,1,13,r13 스냅샷
다이나믹듀오,spillover,16,d7d774bc2902,≤r13,1,13,r13 스냅샷
다이나믹듀오,spillover,17,87c1eb0eeb93,≤r13,1,13,r13 스냅샷
다이나믹듀오,spillover,18,7cfe312bb896,≤r13,1,13,r13 스냅샷
다이나믹듀오,spillover,19,0281190448fd,≤r13,1,13,r13 스냅샷
다이나믹듀오,spillover,20,ca5b64d4c90e,≤r13,1,13,r13 스냅샷
다이나믹듀오,spillover,21,09e7317411eb,≤r13,1,13,r13 스냅샷
다이나믹듀오,spillover,22,8b538baa0e23,r23∼r39,23,39,동결 근사 복원본
다이나믹듀오,spillover,23,a69f6e4fd74d,r23∼r39,23,39,동결 근사 복원본
다이나믹듀오,spillover,24,adb9dd11eac7,r23∼r39,23,39,동결 근사 복원본
다이나믹듀오,spillover,25,6df894e8315f,r23∼r39,23,39,동결 근사 복원본
다이나믹듀오,spillover,26,60be7b80bfc7,r41∼r72,41,72,라이브 코퍼스(스냅샷 이후)
다이나믹듀오,spillover,27,3ec16fde3d41,r41∼r72,41,72,라이브 코퍼스(스냅샷 이후)
다이나믹듀오,spillover,28,4688a30b0c20,r41∼r72,41,72,라이브 코퍼스(스냅샷 이후)
다이나믹듀오,spillover,29,026ebe5ab5ec,r41∼r72,41,72,라이브 코퍼스(스냅샷 이후)
다이나믹듀오,spillover,30,48bef1dc3347,r41∼r72,41,72,라이브 코퍼스(스냅샷 이후)
다이나믹듀오,spillover,31,108697a1aacf,r41∼r72,41,72,라이브 코퍼스(스냅샷 이후)
다이나믹듀오,spillover,32,2cd2e08146f9,r41∼r72,41,72,라이브 코퍼스(스냅샷 이후)
다이나믹듀오,spillover,33,687b2b5730e4,r41∼r72,41,72,라이브 코퍼스(스냅샷 이후)
다이나믹듀오,spillover,34,8df67cd540b6,r41∼r72,41,72,라이브 코퍼스(스냅샷 이후)
다이나믹듀오,spillover,35,d77bb8087718,r41∼r72,41,72,라이브 코퍼스(스냅샷 이후)
다이나믹듀오,spillover,36,f6d8f6f1fc07,r41∼r72,41,72,라이브 코퍼스(스냅샷 이후)
다이나믹듀오,spillover,37,743dbd849746,r41∼r72,41,72,라이브 코퍼스(스냅샷 이후)
다이나믹듀오,spillover,38,7ad256fabe83,r41∼r72,41,72,라이브 코퍼스(스냅샷 이후)
다이나믹듀오,spillover,39,92de491de999,r41∼r72,41,72,라이브 코퍼스(스냅샷 이후)
다이나믹듀오,spillover,40,31bb64c51caf,r41∼r72,41,72,라이브 코퍼스(스냅샷 이후)
다이나믹듀오,spillover,41,08c628585abc,r41∼r72,41,72,라이브 코퍼스(스냅샷 이후)
에픽하이,loyalty,0,f7cdefcd7434,≤r13,1,13,r13 스냅샷
에픽하이,loyalty,1,2e3f3adc7457,≤r13,1,13,r13 스냅샷
에픽하이,loyalty,2,3a274610eb80,≤r13,1,13,r13 스냅샷
에픽하이,loyalty,3,b06f9cc09ba8,≤r13,1,13,r13 스냅샷
에픽하이,loyalty,4,f129f6540a88,≤r13,1,13,r13 스냅샷
에픽하이,loyalty,5,0698a5b494c3,≤r13,1,13,r13 스냅샷
에픽하이,loyalty,6,0b372f6a0c94,≤r13,1,13,r13 스냅샷
에픽하이,loyalty,7,25be5f089997,≤r13,1,13,r13 스냅샷
에픽하이,loyalty,8,013d85220aca,≤r13,1,13,r13 스냅샷
에픽하이,loyalty,9,63d6d92acef5,≤r13,1,13,r13 스냅샷
에픽하이,loyalty,10,8916d0e354d4,≤r13,1,13,r13 스냅샷
에픽하이,loyalty,11,159ed66e1e14,≤r13,1,13,r13 스냅샷
에픽하이,loyalty,12,86054a59a7b3,≤r13,1,13,r13 스냅샷
에픽하이,loyalty,13,277cac1168e3,≤r13,1,13,r13 스냅샷
에픽하이,loyalty,14,c398218fd915,≤r13,1,13,r13 스냅샷
에픽하이,loyalty,15,cf8f767fafab,≤r13,1,13,r13 스냅샷
에픽하이,loyalty,16,162d7e3627e0,≤r13,1,13,r13 스냅샷
에픽하이,loyalty,17,7f8c669832e4,≤r13,1,13,r13 스냅샷
에픽하이,loyalty,18,494f8d941322,r14∼r22,14,22,r22 백업
에픽하이,loyalty,19,5f83d8e71f55,r14∼r22,14,22,r22 백업
에픽하이,loyalty,20,de2b65ece1b8,r14∼r22,14,22,r22 백업
에픽하이,loyalty,21,0ddd7c023bf2,r14∼r22,14,22,r22 백업
에픽하이,loyalty,22,abff097ad562,r14∼r22,14,22,r22 백업
에픽하이,loyalty,23,e24a8131666d,r14∼r22,14,22,r22 백업
에픽하이,loyalty,24,88afa2c21021,r14∼r22,14,22,r22 백업
에픽하이,loyalty,25,53a993b847ac,r14∼r22,14,22,r22 백업
에픽하이,loyalty,26,a637bab50a5f,r14∼r22,14,22,r22 백업
에픽하이,loyalty,27,07bb12d7064e,r14∼r22,14,22,r22 백업
에픽하이,loyalty,28,d0653eb66783,r14∼r22,14,22,r22 백업
에픽하이,loyalty,29,352257097666,r14∼r22,14,22,r22 백업
에픽하이,loyalty,30,dceead1521d0,r14∼r22,14,22,r22 백업
에픽하이,loyalty,31,9d0caffdc216,r14∼r22,14,22,r22 백업
에픽하이,loyalty,32,6d3c58215e23,r14∼r22,14,22,r22 백업
에픽하이,loyalty,33,0fa44d913bed,r14∼r22,14,22,r22 백업
에픽하이,loyalty,34,0f4c5f524e2f,r23∼r39,23,39,동결 근사 복원본
에픽하이,loyalty,35,98be7f8e2068,r23∼r39,23,39,동결 근사 복원본
에픽하이,loyalty,36,9655e2f01088,r23∼r39,23,39,동결 근사 복원본
에픽하이,loyalty,37,fbca0058ab49,r23∼r39,23,39,동결 근사 복원본
에픽하이,loyalty,38,a0d0235cccb5,r23∼r39,23,39,동결 근사 복원본
에픽하이,loyalty,39,fc0d1fff1556,r41∼r72,41,72,라이브 코퍼스(스냅샷 이후)
에픽하이,loyalty,40,3eb2bdbbe375,r41∼r72,41,72,라이브 코퍼스(스냅샷 이후)
에픽하이,loyalty,41,3d28adc6cc8d,r41∼r72,41,72,라이브 코퍼스(스냅샷 이후)
에픽하이,loyalty,42,a04c8bda11d2,r41∼r72,41,72,라이브 코퍼스(스냅샷 이후)
에픽하이,loyalty,43,78a15c2ee5a3,r41∼r72,41,72,라이브 코퍼스(스냅샷 이후)
에픽하이,loyalty,44,f3481d5f3266,r41∼r72,41,72,라이브 코퍼스(스냅샷 이후)
에픽하이,loyalty,45,5bf9f2d74bee,r41∼r72,41,72,라이브 코퍼스(스냅샷 이후)
에픽하이,spillover,0,9e105b125101,≤r13,1,13,r13 스냅샷
에픽하이,spillover,1,2b7f21d2f6b9,≤r13,1,13,r13 스냅샷
에픽하이,spillover,2,f048212cea8f,≤r13,1,13,r13 스냅샷
에픽하이,spillover,3,37e660ddb1f6,≤r13,1,13,r13 스냅샷
에픽하이,spillover,4,e73034d07729,≤r13,1,13,r13 스냅샷
에픽하이,spillover,5,9bb7c11f44cf,≤r13,1,13,r13 스냅샷
에픽하이,spillover,6,32ba56d7ec88,≤r13,1,13,r13 스냅샷
에픽하이,spillover,7,b7b245e0af23,≤r13,1,13,r13 스냅샷
에픽하이,spillover,8,e2072d6b0bf0,≤r13,1,13,r13 스냅샷
에픽하이,spillover,9,b3a88bebd386,≤r13,1,13,r13 스냅샷
에픽하이,spillover,10,4a2c6a59be9f,≤r13,1,13,r13 스냅샷
에픽하이,spillover,11,7c0646f4a85e,≤r13,1,13,r13 스냅샷
에픽하이,spillover,12,3fa383dcaf59,≤r13,1,13,r13 스냅샷
에픽하이,spillover,13,7cfbf3d72916,≤r13,1,13,r13 스냅샷
에픽하이,spillover,14,0557aeef44f1,≤r13,1,13,r13 스냅샷
에픽하이,spillover,15,5efd08a5e7b3,≤r13,1,13,r13 스냅샷
에픽하이,spillover,16,10d3ac0ebe89,≤r13,1,13,r13 스냅샷
에픽하이,spillover,17,acbe744c912f,≤r13,1,13,r13 스냅샷
에픽하이,spillover,18,abfe381d5527,≤r13,1,13,r13 스냅샷
에픽하이,spillover,19,4d1e03c9c2a0,r14∼r22,14,22,r22 백업
에픽하이,spillover,20,38f18c1749c0,r14∼r22,14,22,r22 백업
에픽하이,spillover,21,4407674e8ee1,r23∼r39,23,39,동결 근사 복원본
에픽하이,spillover,22,c745efa8c1ce,r23∼r39,23,39,동결 근사 복원본
에픽하이,spillover,23,4516ca945b93,r23∼r39,23,39,동결 근사 복원본
에픽하이,spillover,24,ca920608ad33,r23∼r39,23,39,동결 근사 복원본
에픽하이,spillover,25,10e6b567987d,r23∼r39,23,39,동결 근사 복원본
에픽하이,spillover,26,ffea7edb538a,r23∼r39,23,39,동결 근사 복원본
에픽하이,spillover,27,1edb4e942ece,r23∼r39,23,39,동결 근사 복원본
에픽하이,spillover,28,ae3e3a28e59f,r23∼r39,23,39,동결 근사 복원본
에픽하이,spillover,29,78e1987214f6,r41∼r72,41,72,라이브 코퍼스(스냅샷 이후)
에픽하이,spillover,30,b7f8b67e35af,r41∼r72,41,72,라이브 코퍼스(스냅샷 이후)
에픽하이,spillover,31,7f794292c59e,r41∼r72,41,72,라이브 코퍼스(스냅샷 이후)
에픽하이,spillover,32,28a29a5732b2,r41∼r72,41,72,라이브 코퍼스(스냅샷 이후)
에픽하이,spillover,33,cd9522176e08,r41∼r72,41,72,라이브 코퍼스(스냅샷 이후)
에픽하이,spillover,34,a658c24b9ae7,r41∼r72,41,72,라이브 코퍼스(스냅샷 이후)
에픽하이,spillover,35,42df3f6a8644,r41∼r72,41,72,라이브 코퍼스(스냅샷 이후)
에픽하이,spillover,36,4a77e4ac7f00,r41∼r72,41,72,라이브 코퍼스(스냅샷 이후)
에픽하이,spillover,37,10937ed81f33,r41∼r72,41,72,라이브 코퍼스(스냅샷 이후)
에픽하이,spillover,38,f3fcd7692ab2,r41∼r72,41,72,라이브 코퍼스(스냅샷 이후)
에픽하이,spillover,39,2825515e5eba,r41∼r72,41,72,라이브 코퍼스(스냅샷 이후)
에픽하이,spillover,40,401c1df788e1,r41∼r72,41,72,라이브 코퍼스(스냅샷 이후)
악동뮤지션,loyalty,0,f7f3227bedb9,≤r13,1,13,r13 스냅샷
악동뮤지션,loyalty,1,2cb591b04547,≤r13,1,13,r13 스냅샷
악동뮤지션,loyalty,2,ba233a57deda,≤r13,1,13,r13 스냅샷
악동뮤지션,loyalty,3,9c373023b14d,≤r13,1,13,r13 스냅샷
악동뮤지션,loyalty,4,bf5048a723fc,≤r13,1,13,r13 스냅샷
악동뮤지션,loyalty,5,d9c5c5ef81c5,≤r13,1,13,r13 스냅샷
악동뮤지션,loyalty,6,7a9e3860d3db,≤r13,1,13,r13 스냅샷
악동뮤지션,loyalty,7,9a9bcfe1208c,≤r13,1,13,r13 스냅샷
악동뮤지션,loyalty,8,9aab1c4e75e7,≤r13,1,13,r13 스냅샷
악동뮤지션,loyalty,9,e4bce6db9f07,≤r13,1,13,r13 스냅샷
악동뮤지션,loyalty,10,0484d81a1938,≤r13,1,13,r13 스냅샷
악동뮤지션,loyalty,11,c8009008a95e,≤r13,1,13,r13 스냅샷
악동뮤지션,loyalty,12,054c8c64dbba,≤r13,1,13,r13 스냅샷
악동뮤지션,loyalty,13,f49d5c0ad385,≤r13,1,13,r13 스냅샷
악동뮤지션,loyalty,14,a65b14117c76,≤r13,1,13,r13 스냅샷
악동뮤지션,loyalty,15,bf5adb009e52,≤r13,1,13,r13 스냅샷
악동뮤지션,loyalty,16,9eace5632490,≤r13,1,13,r13 스냅샷
악동뮤지션,loyalty,17,1e4262cf0701,r14∼r22,14,22,r22 백업
악동뮤지션,loyalty,18,7203e7610af9,r23∼r39,23,39,동결 근사 복원본
악동뮤지션,loyalty,19,468a18cbe842,r23∼r39,23,39,동결 근사 복원본
악동뮤지션,loyalty,20,9b81e033c279,r41∼r72,41,72,라이브 코퍼스(스냅샷 이후)
악동뮤지션,loyalty,21,b5979230bef5,r41∼r72,41,72,라이브 코퍼스(스냅샷 이후)
악동뮤지션,loyalty,22,c8c13d635096,r41∼r72,41,72,라이브 코퍼스(스냅샷 이후)
악동뮤지션,spillover,0,171cf6093d1a,≤r13,1,13,r13 스냅샷
악동뮤지션,spillover,1,f2e0634f97f4,≤r13,1,13,r13 스냅샷
악동뮤지션,spillover,2,c8237503b0be,≤r13,1,13,r13 스냅샷
악동뮤지션,spillover,3,a06ddcff9641,≤r13,1,13,r13 스냅샷
악동뮤지션,spillover,4,9c7e6ae39dc3,≤r13,1,13,r13 스냅샷
악동뮤지션,spillover,5,228d4fa1f5c4,≤r13,1,13,r13 스냅샷
악동뮤지션,spillover,6,1b2aa84b3f53,≤r13,1,13,r13 스냅샷
악동뮤지션,spillover,7,c06723136d8f,≤r13,1,13,r13 스냅샷
악동뮤지션,spillover,8,6236cf93fa64,≤r13,1,13,r13 스냅샷
악동뮤지션,spillover,9,5cd33174d18a,≤r13,1,13,r13 스냅샷
악동뮤지션,spillover,10,3700ab8bd50c,≤r13,1,13,r13 스냅샷
악동뮤지션,spillover,11,21b1374b95c3,≤r13,1,13,r13 스냅샷
악동뮤지션,spillover,12,ce64f6fcc34c,≤r13,1,13,r13 스냅샷
악동뮤지션,spillover,13,661d9d0c79d4,≤r13,1,13,r13 스냅샷
악동뮤지션,spillover,14,8aa265a10314,≤r13,1,13,r13 스냅샷
악동뮤지션,spillover,15,97b33ab8a9b4,≤r13,1,13,r13 스냅샷
악동뮤지션,spillover,16,0f6cc5d47996,≤r13,1,13,r13 스냅샷
악동뮤지션,spillover,17,796fc962c101,≤r13,1,13,r13 스냅샷
악동뮤지션,spillover,18,3fbab27d768b,≤r13,1,13,r13 스냅샷
악동뮤지션,spillover,19,e8734ffe68dd,≤r13,1,13,r13 스냅샷
악동뮤지션,spillover,20,12ec372f143d,≤r13,1,13,r13 스냅샷
악동뮤지션,spillover,21,41fc11011ee6,≤r13,1,13,r13 스냅샷
악동뮤지션,spillover,22,8a5dd2470002,≤r13,1,13,r13 스냅샷
악동뮤지션,spillover,23,f888640d90b1,≤r13,1,13,r13 스냅샷
악동뮤지션,spillover,24,78537a6cba54,≤r13,1,13,r13 스냅샷
악동뮤지션,spillover,25,4b6f7dc916b5,≤r13,1,13,r13 스냅샷
악동뮤지션,spillover,26,fd45867a85a7,≤r13,1,13,r13 스냅샷
악동뮤지션,spillover,27,f990c4fa3431,r23∼r39,23,39,동결 근사 복원본
악동뮤지션,spillover,28,5b1a1f3687fd,r23∼r39,23,39,동결 근사 복원본
악동뮤지션,spillover,29,53bb6da4d88e,r23∼r39,23,39,동결 근사 복원본
악동뮤지션,spillover,30,94ac474a0a48,r23∼r39,23,39,동결 근사 복원본
악동뮤지션,spillover,31,376fa245b4a1,r23∼r39,23,39,동결 근사 복원본
악동뮤지션,spillover,32,33d9910e7038,r23∼r39,23,39,동결 근사 복원본
악동뮤지션,spillover,33,f34354c368e6,r23∼r39,23,39,동결 근사 복원본
악동뮤지션,spillover,34,56a9c6669ca0,r23∼r39,23,39,동결 근사 복원본
악동뮤지션,spillover,35,9f013fde6378,r23∼r39,23,39,동결 근사 복원본
악동뮤지션,spillover,36,9e207adfb805,r23∼r39,23,39,동결 근사 복원본
악동뮤지션,spillover,37,807843af1fea,r23∼r39,23,39,동결 근사 복원본
악동뮤지션,spillover,38,c0f30b750d8f,r23∼r39,23,39,동결 근사 복원본
악동뮤지션,spillover,39,1ed666558f26,r23∼r39,23,39,동결 근사 복원본
악동뮤지션,spillover,40,52e989c0f0c9,r23∼r39,23,39,동결 근사 복원본
악동뮤지션,spillover,41,7608c3553849,r23∼r39,23,39,동결 근사 복원본
악동뮤지션,spillover,42,35aa6e8e9d85,r23∼r39,23,39,동결 근사 복원본
악동뮤지션,spillover,43,c16231e16ecd,r23∼r39,23,39,동결 근사 복원본
악동뮤지션,spillover,44,1df483770bd0,r23∼r39,23,39,동결 근사 복원본
악동뮤지션,spillover,45,327f0e55cdad,r41∼r72,41,72,라이브 코퍼스(스냅샷 이후)
악동뮤지션,spillover,46,7f0eaf9d4cb6,r41∼r72,41,72,라이브 코퍼스(스냅샷 이후)
악동뮤지션,spillover,47,985c7418aedb,r41∼r72,41,72,라이브 코퍼스(스냅샷 이후)
악동뮤지션,spillover,48,a46c313d3b77,r41∼r72,41,72,라이브 코퍼스(스냅샷 이후)
악동뮤지션,spillover,49,9de7e85bc8da,r41∼r72,41,72,라이브 코퍼스(스냅샷 이후)
악동뮤지션,spillover,50,d026aed8d7c3,r41∼r72,41,72,라이브 코퍼스(스냅샷 이후)
임영웅,loyalty,0,662ef4c3a0a6,≤r13,1,13,r13 스냅샷
임영웅,loyalty,1,42a08dadaed4,≤r13,1,13,r13 스냅샷
임영웅,loyalty,2,88e9050d6a19,≤r13,1,13,r13 스냅샷
임영웅,loyalty,3,6910856f237a,≤r13,1,13,r13 스냅샷
임영웅,loyalty,4,7c0e5867f06b,≤r13,1,13,r13 스냅샷
임영웅,loyalty,5,430b89330c44,≤r13,1,13,r13 스냅샷
임영웅,loyalty,6,b6b422e49f83,≤r13,1,13,r13 스냅샷
임영웅,loyalty,7,307d6c6f98e1,≤r13,1,13,r13 스냅샷
임영웅,loyalty,8,2d741c5c9a3b,≤r13,1,13,r13 스냅샷
임영웅,loyalty,9,164d609ec8b3,≤r13,1,13,r13 스냅샷
임영웅,loyalty,10,59a515a9c003,≤r13,1,13,r13 스냅샷
임영웅,loyalty,11,a71f1015ee98,≤r13,1,13,r13 스냅샷
임영웅,loyalty,12,bb7bc0de6546,≤r13,1,13,r13 스냅샷
임영웅,loyalty,13,dff12272c71f,≤r13,1,13,r13 스냅샷
임영웅,loyalty,14,8eb151a7e6fe,≤r13,1,13,r13 스냅샷
임영웅,loyalty,15,cdce5c6385ae,≤r13,1,13,r13 스냅샷
임영웅,loyalty,16,07dee36d68aa,≤r13,1,13,r13 스냅샷
임영웅,loyalty,17,37bc59fb6d97,≤r13,1,13,r13 스냅샷
임영웅,loyalty,18,196e0f64220b,≤r13,1,13,r13 스냅샷
임영웅,loyalty,19,56e9fd7c85b3,≤r13,1,13,r13 스냅샷
임영웅,loyalty,20,291dc5229776,≤r13,1,13,r13 스냅샷
임영웅,loyalty,21,607a22c4cafc,≤r13,1,13,r13 스냅샷
임영웅,loyalty,22,f7734e666b87,≤r13,1,13,r13 스냅샷
임영웅,loyalty,23,85491edc2532,≤r13,1,13,r13 스냅샷
임영웅,loyalty,24,e215ac7fdbc3,≤r13,1,13,r13 스냅샷
임영웅,loyalty,25,fed8191ed861,≤r13,1,13,r13 스냅샷
임영웅,loyalty,26,82bcebf9b01f,≤r13,1,13,r13 스냅샷
임영웅,loyalty,27,4734a040a230,≤r13,1,13,r13 스냅샷
임영웅,loyalty,28,5417ead189a3,≤r13,1,13,r13 스냅샷
임영웅,loyalty,29,bf9c53ea74aa,≤r13,1,13,r13 스냅샷
임영웅,loyalty,30,d6360b8ec984,≤r13,1,13,r13 스냅샷
임영웅,loyalty,31,b86b725554c7,≤r13,1,13,r13 스냅샷
임영웅,loyalty,32,663ab2f67457,≤r13,1,13,r13 스냅샷
임영웅,loyalty,33,c681932cb9d7,≤r13,1,13,r13 스냅샷
임영웅,loyalty,34,c0d2d63cfc1f,≤r13,1,13,r13 스냅샷
임영웅,loyalty,35,ba69878b2793,≤r13,1,13,r13 스냅샷
임영웅,loyalty,36,12c480db8db1,≤r13,1,13,r13 스냅샷
임영웅,loyalty,37,031e3f48bd6d,≤r13,1,13,r13 스냅샷
임영웅,loyalty,38,f4c49454a96b,≤r13,1,13,r13 스냅샷
임영웅,loyalty,39,fa42e40401ca,≤r13,1,13,r13 스냅샷
임영웅,loyalty,40,5c279f69e74c,≤r13,1,13,r13 스냅샷
임영웅,loyalty,41,10bb590ed936,≤r13,1,13,r13 스냅샷
임영웅,loyalty,42,7863f4a3141c,≤r13,1,13,r13 스냅샷
임영웅,loyalty,43,0b9c32458a18,≤r13,1,13,r13 스냅샷
임영웅,loyalty,44,5c77d9e2caec,≤r13,1,13,r13 스냅샷
임영웅,loyalty,45,09866b2f8c06,≤r13,1,13,r13 스냅샷
임영웅,loyalty,46,f69fa3b06e12,r23∼r39,23,39,동결 근사 복원본
임영웅,loyalty,47,0054610bb462,r23∼r39,23,39,동결 근사 복원본
임영웅,loyalty,48,86914f2d7fb1,r23∼r39,23,39,동결 근사 복원본
임영웅,loyalty,49,e890b6b3e4ff,r23∼r39,23,39,동결 근사 복원본
임영웅,loyalty,50,0178bca19d4e,r41∼r72,41,72,라이브 코퍼스(스냅샷 이후)
임영웅,loyalty,51,3518506b7585,r41∼r72,41,72,라이브 코퍼스(스냅샷 이후)
임영웅,loyalty,52,8dc7e6dff211,r41∼r72,41,72,라이브 코퍼스(스냅샷 이후)
임영웅,loyalty,53,5bb53dadc9c7,r41∼r72,41,72,라이브 코퍼스(스냅샷 이후)
임영웅,loyalty,54,b7dcc8287179,r41∼r72,41,72,라이브 코퍼스(스냅샷 이후)
임영웅,loyalty,55,78733cdf7c6f,r41∼r72,41,72,라이브 코퍼스(스냅샷 이후)
임영웅,loyalty,56,361ceb32edbe,r41∼r72,41,72,라이브 코퍼스(스냅샷 이후)
임영웅,loyalty,57,365be4f2532f,r41∼r72,41,72,라이브 코퍼스(스냅샷 이후)
임영웅,loyalty,58,701fde73a06c,r41∼r72,41,72,라이브 코퍼스(스냅샷 이후)
임영웅,spillover,0,c2b602ce4fba,≤r13,1,13,r13 스냅샷
임영웅,spillover,1,c1a643068b5e,≤r13,1,13,r13 스냅샷
임영웅,spillover,2,400cacee5da1,≤r13,1,13,r13 스냅샷
임영웅,spillover,3,b63f4f1289f7,≤r13,1,13,r13 스냅샷
임영웅,spillover,4,429d653b2c46,≤r13,1,13,r13 스냅샷
임영웅,spillover,5,b9b796e085b4,≤r13,1,13,r13 스냅샷
임영웅,spillover,6,ca1861e69288,≤r13,1,13,r13 스냅샷
임영웅,spillover,7,f458868bf889,≤r13,1,13,r13 스냅샷
임영웅,spillover,8,901650443213,≤r13,1,13,r13 스냅샷
임영웅,spillover,9,70669ff384ec,≤r13,1,13,r13 스냅샷
임영웅,spillover,10,86542b9e4073,≤r13,1,13,r13 스냅샷
임영웅,spillover,11,f7afefb29c09,≤r13,1,13,r13 스냅샷
임영웅,spillover,12,101e83098396,≤r13,1,13,r13 스냅샷
임영웅,spillover,13,97cf629b88ff,≤r13,1,13,r13 스냅샷
임영웅,spillover,14,54363f2bc3d0,≤r13,1,13,r13 스냅샷
임영웅,spillover,15,20ae22bf81e6,≤r13,1,13,r13 스냅샷
임영웅,spillover,16,8bfb61b30daf,≤r13,1,13,r13 스냅샷
임영웅,spillover,17,d1386ed7e8d7,≤r13,1,13,r13 스냅샷
임영웅,spillover,18,612f7fb4ae76,≤r13,1,13,r13 스냅샷
임영웅,spillover,19,db7ae8a5e1a0,≤r13,1,13,r13 스냅샷
임영웅,spillover,20,1d3a034737cb,≤r13,1,13,r13 스냅샷
임영웅,spillover,21,7b7d5e31e45f,≤r13,1,13,r13 스냅샷
임영웅,spillover,22,1dcc07a84506,≤r13,1,13,r13 스냅샷
임영웅,spillover,23,fea8a839d294,≤r13,1,13,r13 스냅샷
임영웅,spillover,24,025d5e166d26,≤r13,1,13,r13 스냅샷
임영웅,spillover,25,d561b89b6fcc,≤r13,1,13,r13 스냅샷
임영웅,spillover,26,5a961e2181bf,≤r13,1,13,r13 스냅샷
임영웅,spillover,27,569b8e7b50f6,≤r13,1,13,r13 스냅샷
임영웅,spillover,28,fc15f932b48d,≤r13,1,13,r13 스냅샷
임영웅,spillover,29,4bd136a6468a,≤r13,1,13,r13 스냅샷
임영웅,spillover,30,11afcb2fd93d,≤r13,1,13,r13 스냅샷
임영웅,spillover,31,92a33c16822a,≤r13,1,13,r13 스냅샷
임영웅,spillover,32,db41b95d7514,≤r13,1,13,r13 스냅샷
임영웅,spillover,33,fda88341e11d,≤r13,1,13,r13 스냅샷
임영웅,spillover,34,607741fbbb95,r23∼r39,23,39,동결 근사 복원본
임영웅,spillover,35,5c69a7e99d37,r23∼r39,23,39,동결 근사 복원본
임영웅,spillover,36,c89afa25ac6e,r23∼r39,23,39,동결 근사 복원본
임영웅,spillover,37,dfec9ee760df,r23∼r39,23,39,동결 근사 복원본
임영웅,spillover,38,6968af0fd7a8,r23∼r39,23,39,동결 근사 복원본
임영웅,spillover,39,300b063c02f0,r23∼r39,23,39,동결 근사 복원본
임영웅,spillover,40,c066eb95a057,r23∼r39,23,39,동결 근사 복원본
임영웅,spillover,41,cdad11f9ecb6,r23∼r39,23,39,동결 근사 복원본
임영웅,spillover,42,747c1f02c42a,r23∼r39,23,39,동결 근사 복원본
임영웅,spillover,43,60447cef0edc,r23∼r39,23,39,동결 근사 복원본
임영웅,spillover,44,6c0b809c4162,r23∼r39,23,39,동결 근사 복원본
임영웅,spillover,45,f63819b28792,r23∼r39,23,39,동결 근사 복원본
임영웅,spillover,46,7a5d7f2bd63d,r23∼r39,23,39,동결 근사 복원본
임영웅,spillover,47,56ecf7f3fe92,r23∼r39,23,39,동결 근사 복원본
임영웅,spillover,48,0fdf5047d246,r23∼r39,23,39,동결 근사 복원본
임영웅,spillover,49,2eb18e0ca25c,r23∼r39,23,39,동결 근사 복원본
임영웅,spillover,50,d8943f7683ac,r23∼r39,23,39,동결 근사 복원본
임영웅,spillover,51,a268c5e7a4f0,r23∼r39,23,39,동결 근사 복원본
임영웅,spillover,52,c3e738d7a49d,r23∼r39,23,39,동결 근사 복원본
임영웅,spillover,53,bd9e0621797c,r23∼r39,23,39,동결 근사 복원본
임영웅,spillover,54,216b5776623e,r23∼r39,23,39,동결 근사 복원본
임영웅,spillover,55,e15ccc934d1d,r23∼r39,23,39,동결 근사 복원본
임영웅,spillover,56,14773f05bfec,r23∼r39,23,39,동결 근사 복원본
임영웅,spillover,57,f0e3a877f8f6,r23∼r39,23,39,동결 근사 복원본
임영웅,spillover,58,1f9384845e88,r23∼r39,23,39,동결 근사 복원본
임영웅,spillover,59,1464f717422e,r23∼r39,23,39,동결 근사 복원본
임영웅,spillover,60,8dbd9311d4c5,r23∼r39,23,39,동결 근사 복원본
임영웅,spillover,61,5ffc52968c81,r23∼r39,23,39,동결 근사 복원본
임영웅,spillover,62,5253c2ba36f9,r41∼r72,41,72,라이브 코퍼스(스냅샷 이후)
임영웅,spillover,63,c31a1e2743ed,r41∼r72,41,72,라이브 코퍼스(스냅샷 이후)
임영웅,spillover,64,1c75d5547986,r41∼r72,41,72,라이브 코퍼스(스냅샷 이후)
임영웅,spillover,65,ed6474a707e1,r41∼r72,41,72,라이브 코퍼스(스냅샷 이후)
임영웅,spillover,66,40acc822537e,r41∼r72,41,72,라이브 코퍼스(스냅샷 이후)
임영웅,spillover,67,d7fd9bf0fe25,r41∼r72,41,72,라이브 코퍼스(스냅샷 이후)
임영웅,spillover,68,8c4eebf64b13,r41∼r72,41,72,라이브 코퍼스(스냅샷 이후)
임영웅,spillover,69,3ab5122e1002,r41∼r72,41,72,라이브 코퍼스(스냅샷 이후)
임영웅,spillover,70,54bde8a49e5e,r41∼r72,41,72,라이브 코퍼스(스냅샷 이후)
임영웅,spillover,71,31825ed67f53,r41∼r72,41,72,라이브 코퍼스(스냅샷 이후)
송가인,loyalty,0,47465bd0e7a3,≤r13,1,13,r13 스냅샷
송가인,loyalty,1,635f26016d44,≤r13,1,13,r13 스냅샷
송가인,loyalty,2,ac754461b2d3,≤r13,1,13,r13 스냅샷
송가인,loyalty,3,e7f57eebb582,≤r13,1,13,r13 스냅샷
송가인,loyalty,4,366716d05b09,≤r13,1,13,r13 스냅샷
송가인,loyalty,5,dd4c63aee71f,≤r13,1,13,r13 스냅샷
송가인,loyalty,6,9bf4fb2f2fa4,≤r13,1,13,r13 스냅샷
송가인,loyalty,7,4a0ea012a72d,≤r13,1,13,r13 스냅샷
송가인,loyalty,8,a8697f70935c,≤r13,1,13,r13 스냅샷
송가인,loyalty,9,7e14e85220eb,≤r13,1,13,r13 스냅샷
송가인,loyalty,10,a9a7984e7d44,≤r13,1,13,r13 스냅샷
송가인,loyalty,11,db0b6c1f81c4,≤r13,1,13,r13 스냅샷
송가인,loyalty,12,97e9180f5c23,≤r13,1,13,r13 스냅샷
송가인,loyalty,13,a7d7cceb93d7,≤r13,1,13,r13 스냅샷
송가인,loyalty,14,a3ee25d6e8ae,≤r13,1,13,r13 스냅샷
송가인,loyalty,15,2e9623fa3c0e,≤r13,1,13,r13 스냅샷
송가인,loyalty,16,8accc6f9ef8d,≤r13,1,13,r13 스냅샷
송가인,loyalty,17,520296ee2898,≤r13,1,13,r13 스냅샷
송가인,loyalty,18,a8651ef11c9a,≤r13,1,13,r13 스냅샷
송가인,loyalty,19,ec79116abef0,≤r13,1,13,r13 스냅샷
송가인,loyalty,20,49b59ecb8ae0,≤r13,1,13,r13 스냅샷
송가인,loyalty,21,44a2790a241f,≤r13,1,13,r13 스냅샷
송가인,loyalty,22,e3c71e455b21,≤r13,1,13,r13 스냅샷
송가인,loyalty,23,716a2a3a3686,r14∼r22,14,22,r22 백업
송가인,loyalty,24,aa257698630d,r14∼r22,14,22,r22 백업
송가인,loyalty,25,8612b26e8aae,r14∼r22,14,22,r22 백업
송가인,loyalty,26,739342e4d1ab,r14∼r22,14,22,r22 백업
송가인,loyalty,27,5d5bb7faa7c1,r23∼r39,23,39,동결 근사 복원본
송가인,loyalty,28,10de05a9955d,r23∼r39,23,39,동결 근사 복원본
송가인,loyalty,29,e25f6a67e43a,r23∼r39,23,39,동결 근사 복원본
송가인,loyalty,30,a6e4e8ca112c,r41∼r72,41,72,라이브 코퍼스(스냅샷 이후)
송가인,loyalty,31,db726bcaf561,r41∼r72,41,72,라이브 코퍼스(스냅샷 이후)
송가인,loyalty,32,c415b91a515d,r41∼r72,41,72,라이브 코퍼스(스냅샷 이후)
송가인,loyalty,33,cf2eaa9ac7b9,r41∼r72,41,72,라이브 코퍼스(스냅샷 이후)
송가인,spillover,0,ad5c5601fa0c,≤r13,1,13,r13 스냅샷
송가인,spillover,1,d0bff9846f1c,≤r13,1,13,r13 스냅샷
송가인,spillover,2,f4bdef7e5b9c,≤r13,1,13,r13 스냅샷
송가인,spillover,3,be8298eecb84,≤r13,1,13,r13 스냅샷
송가인,spillover,4,b60286b9149d,≤r13,1,13,r13 스냅샷
송가인,spillover,5,7dd1a1451f11,≤r13,1,13,r13 스냅샷
송가인,spillover,6,eee9a9982fa1,≤r13,1,13,r13 스냅샷
송가인,spillover,7,1763da672537,≤r13,1,13,r13 스냅샷
송가인,spillover,8,a4aaaa91bf04,≤r13,1,13,r13 스냅샷
송가인,spillover,9,501d6b9c8fc1,≤r13,1,13,r13 스냅샷
송가인,spillover,10,acae28c69cba,≤r13,1,13,r13 스냅샷
송가인,spillover,11,7df110e645ae,≤r13,1,13,r13 스냅샷
송가인,spillover,12,bc10453dc743,≤r13,1,13,r13 스냅샷
송가인,spillover,13,d504cf092218,≤r13,1,13,r13 스냅샷
송가인,spillover,14,2aeab2d64afc,≤r13,1,13,r13 스냅샷
송가인,spillover,15,b9ff888374e5,≤r13,1,13,r13 스냅샷
송가인,spillover,16,10cc5816aba6,≤r13,1,13,r13 스냅샷
송가인,spillover,17,a002e96ad5d0,≤r13,1,13,r13 스냅샷
송가인,spillover,18,025a065162f5,≤r13,1,13,r13 스냅샷
송가인,spillover,19,50ddbe2f41b3,≤r13,1,13,r13 스냅샷
송가인,spillover,20,47c57f3452b1,≤r13,1,13,r13 스냅샷
송가인,spillover,21,dec122ad025d,r14∼r22,14,22,r22 백업
송가인,spillover,22,d514dc586711,r14∼r22,14,22,r22 백업
송가인,spillover,23,3333d423402e,r14∼r22,14,22,r22 백업
송가인,spillover,24,ca65b88de64f,r23∼r39,23,39,동결 근사 복원본
송가인,spillover,25,a0766ce6cb0e,r23∼r39,23,39,동결 근사 복원본
송가인,spillover,26,768380e93b77,r23∼r39,23,39,동결 근사 복원본
송가인,spillover,27,ba063d5ec3dd,r23∼r39,23,39,동결 근사 복원본
송가인,spillover,28,a123e5c4f5d1,r23∼r39,23,39,동결 근사 복원본
송가인,spillover,29,ca185cb30155,r23∼r39,23,39,동결 근사 복원본
송가인,spillover,30,ffdf2229e532,r23∼r39,23,39,동결 근사 복원본
송가인,spillover,31,9b090eca57a8,r23∼r39,23,39,동결 근사 복원본
송가인,spillover,32,9e29456782b0,r23∼r39,23,39,동결 근사 복원본
송가인,spillover,33,a2cdd3502564,r23∼r39,23,39,동결 근사 복원본
송가인,spillover,34,102732a11250,r23∼r39,23,39,동결 근사 복원본
송가인,spillover,35,0514845bfcf4,r23∼r39,23,39,동결 근사 복원본
송가인,spillover,36,73cdff99c312,r23∼r39,23,39,동결 근사 복원본
송가인,spillover,37,c6aec7f8433d,r23∼r39,23,39,동결 근사 복원본
송가인,spillover,38,6d729ec95b67,r23∼r39,23,39,동결 근사 복원본
송가인,spillover,39,e804203badf4,r23∼r39,23,39,동결 근사 복원본
송가인,spillover,40,b28afc8b6305,r23∼r39,23,39,동결 근사 복원본
송가인,spillover,41,944baa0f199d,r23∼r39,23,39,동결 근사 복원본
송가인,spillover,42,e04cd9c4d608,r23∼r39,23,39,동결 근사 복원본
송가인,spillover,43,8988f7c85dc2,r23∼r39,23,39,동결 근사 복원본
송가인,spillover,44,6f2cedacf723,r41∼r72,41,72,라이브 코퍼스(스냅샷 이후)
송가인,spillover,45,55e4ba18a1d4,r41∼r72,41,72,라이브 코퍼스(스냅샷 이후)
송가인,spillover,46,b9ad12a4394b,r41∼r72,41,72,라이브 코퍼스(스냅샷 이후)
송가인,spillover,47,fe9d8c6cbae9,r41∼r72,41,72,라이브 코퍼스(스냅샷 이후)
송가인,spillover,48,5f2ef2cc75a5,r41∼r72,41,72,라이브 코퍼스(스냅샷 이후)
송가인,spillover,49,19d2c9a6daae,r41∼r72,41,72,라이브 코퍼스(스냅샷 이후)
송가인,spillover,50,480fbf5f465a,r41∼r72,41,72,라이브 코퍼스(스냅샷 이후)
송가인,spillover,51,3902239e7b31,r41∼r72,41,72,라이브 코퍼스(스냅샷 이후)
송가인,spillover,52,a2ed75dfde95,r41∼r72,41,72,라이브 코퍼스(스냅샷 이후)
송가인,spillover,53,130fdbcad2dc,r41∼r72,41,72,라이브 코퍼스(스냅샷 이후)
송가인,spillover,54,aec8f887153d,r41∼r72,41,72,라이브 코퍼스(스냅샷 이후)
송가인,spillover,55,ff1024d01337,r41∼r72,41,72,라이브 코퍼스(스냅샷 이후)
송가인,spillover,56,2756e7c6998f,r41∼r72,41,72,라이브 코퍼스(스냅샷 이후)
송가인,spillover,57,902b80788150,r41∼r72,41,72,라이브 코퍼스(스냅샷 이후)
영탁,loyalty,0,42214307515c,≤r13,1,13,r13 스냅샷
영탁,loyalty,1,9e7d10e0b941,≤r13,1,13,r13 스냅샷
영탁,loyalty,2,55261a330eb5,≤r13,1,13,r13 스냅샷
영탁,loyalty,3,e9ae1d119d07,≤r13,1,13,r13 스냅샷
영탁,loyalty,4,9ed14b8374bd,≤r13,1,13,r13 스냅샷
영탁,loyalty,5,93c52f7ee995,≤r13,1,13,r13 스냅샷
영탁,loyalty,6,5455ec304e6a,≤r13,1,13,r13 스냅샷
영탁,loyalty,7,ac59d98f6279,≤r13,1,13,r13 스냅샷
영탁,loyalty,8,a65213bcbb8a,≤r13,1,13,r13 스냅샷
영탁,loyalty,9,af36205d151d,≤r13,1,13,r13 스냅샷
영탁,loyalty,10,74d967579756,≤r13,1,13,r13 스냅샷
영탁,loyalty,11,4556db1156d6,≤r13,1,13,r13 스냅샷
영탁,loyalty,12,1dfabc011710,≤r13,1,13,r13 스냅샷
영탁,loyalty,13,3115c4c8878d,≤r13,1,13,r13 스냅샷
영탁,loyalty,14,8dc908e47e14,≤r13,1,13,r13 스냅샷
영탁,loyalty,15,4e40d2079efe,≤r13,1,13,r13 스냅샷
영탁,loyalty,16,b440611e2f63,≤r13,1,13,r13 스냅샷
영탁,loyalty,17,3f9b1a502e37,≤r13,1,13,r13 스냅샷
영탁,loyalty,18,619b3aba3d2a,≤r13,1,13,r13 스냅샷
영탁,loyalty,19,9ec505cb7802,≤r13,1,13,r13 스냅샷
영탁,loyalty,20,c918568abaf6,≤r13,1,13,r13 스냅샷
영탁,loyalty,21,84bb71fb9064,≤r13,1,13,r13 스냅샷
영탁,loyalty,22,f64874146ca9,≤r13,1,13,r13 스냅샷
영탁,loyalty,23,7f5c4a664f6d,≤r13,1,13,r13 스냅샷
영탁,loyalty,24,5ab50cc68705,≤r13,1,13,r13 스냅샷
영탁,loyalty,25,c20504a27905,≤r13,1,13,r13 스냅샷
영탁,loyalty,26,ef2165074193,≤r13,1,13,r13 스냅샷
영탁,loyalty,27,9cfa12b04bad,≤r13,1,13,r13 스냅샷
영탁,loyalty,28,9372c067dda3,≤r13,1,13,r13 스냅샷
영탁,loyalty,29,953f6429fd54,≤r13,1,13,r13 스냅샷
영탁,loyalty,30,abfea9f84bc5,≤r13,1,13,r13 스냅샷
영탁,loyalty,31,9a0d0d4b67f1,r23∼r39,23,39,동결 근사 복원본
영탁,loyalty,32,8de6c4dfc07f,r23∼r39,23,39,동결 근사 복원본
영탁,loyalty,33,6788a4af9b0f,r41∼r72,41,72,라이브 코퍼스(스냅샷 이후)
영탁,loyalty,34,2666b6b26dc0,r41∼r72,41,72,라이브 코퍼스(스냅샷 이후)
영탁,loyalty,35,2de644c4eb06,r41∼r72,41,72,라이브 코퍼스(스냅샷 이후)
영탁,loyalty,36,ccb8dc5eb244,r41∼r72,41,72,라이브 코퍼스(스냅샷 이후)
영탁,loyalty,37,f2105da9139c,r41∼r72,41,72,라이브 코퍼스(스냅샷 이후)
영탁,loyalty,38,c4cf3017b781,r41∼r72,41,72,라이브 코퍼스(스냅샷 이후)
영탁,spillover,0,63de08adedda,≤r13,1,13,r13 스냅샷
영탁,spillover,1,c5d2370626d4,≤r13,1,13,r13 스냅샷
영탁,spillover,2,5f8ab9108840,≤r13,1,13,r13 스냅샷
영탁,spillover,3,ad02a69db8bd,≤r13,1,13,r13 스냅샷
영탁,spillover,4,4130dd0c7662,≤r13,1,13,r13 스냅샷
영탁,spillover,5,17d4c8dc02ab,≤r13,1,13,r13 스냅샷
영탁,spillover,6,c7c174762734,≤r13,1,13,r13 스냅샷
영탁,spillover,7,e0b7b373eb12,≤r13,1,13,r13 스냅샷
영탁,spillover,8,7254794a5dca,≤r13,1,13,r13 스냅샷
영탁,spillover,9,9007f31f074c,≤r13,1,13,r13 스냅샷
영탁,spillover,10,0d8a73cf256b,≤r13,1,13,r13 스냅샷
영탁,spillover,11,928c95f35398,≤r13,1,13,r13 스냅샷
영탁,spillover,12,b96de76181c3,≤r13,1,13,r13 스냅샷
영탁,spillover,13,8ea6a28dbc56,≤r13,1,13,r13 스냅샷
영탁,spillover,14,d8f8596b1da4,≤r13,1,13,r13 스냅샷
영탁,spillover,15,6e4a785e7e75,≤r13,1,13,r13 스냅샷
영탁,spillover,16,336f72867627,≤r13,1,13,r13 스냅샷
영탁,spillover,17,e1e9a87f4e55,≤r13,1,13,r13 스냅샷
영탁,spillover,18,1661fa263aa3,≤r13,1,13,r13 스냅샷
영탁,spillover,19,2d76f4617a48,≤r13,1,13,r13 스냅샷
영탁,spillover,20,9adb9d5b886e,≤r13,1,13,r13 스냅샷
영탁,spillover,21,e411cdc4b34e,≤r13,1,13,r13 스냅샷
영탁,spillover,22,42628facfa21,≤r13,1,13,r13 스냅샷
영탁,spillover,23,cb66753e8f56,≤r13,1,13,r13 스냅샷
영탁,spillover,24,b3ecc8000cc2,≤r13,1,13,r13 스냅샷
영탁,spillover,25,f70d33501615,≤r13,1,13,r13 스냅샷
영탁,spillover,26,6a37c517eaed,r23∼r39,23,39,동결 근사 복원본
영탁,spillover,27,b888f3cbfe98,r23∼r39,23,39,동결 근사 복원본
영탁,spillover,28,a427b5b87fe5,r23∼r39,23,39,동결 근사 복원본
영탁,spillover,29,0a3d76ab4fa3,r23∼r39,23,39,동결 근사 복원본
영탁,spillover,30,4a591ec179bc,r23∼r39,23,39,동결 근사 복원본
영탁,spillover,31,f704472ab0bb,r23∼r39,23,39,동결 근사 복원본
영탁,spillover,32,c4ffce2e0009,r23∼r39,23,39,동결 근사 복원본
영탁,spillover,33,794124d4d0db,r23∼r39,23,39,동결 근사 복원본
영탁,spillover,34,27985b029ef4,r23∼r39,23,39,동결 근사 복원본
영탁,spillover,35,0c7455dab87c,r23∼r39,23,39,동결 근사 복원본
영탁,spillover,36,7aed9396058c,r23∼r39,23,39,동결 근사 복원본
영탁,spillover,37,a39a4d1d05f3,r23∼r39,23,39,동결 근사 복원본
영탁,spillover,38,cd8a015d63a1,r23∼r39,23,39,동결 근사 복원본
영탁,spillover,39,7984ef2dce82,r23∼r39,23,39,동결 근사 복원본
영탁,spillover,40,4b9b6a2de626,r23∼r39,23,39,동결 근사 복원본
영탁,spillover,41,27ac5b0f6c88,r23∼r39,23,39,동결 근사 복원본
영탁,spillover,42,d6786b894d0d,r23∼r39,23,39,동결 근사 복원본
영탁,spillover,43,cc8a22ff5d08,r23∼r39,23,39,동결 근사 복원본
영탁,spillover,44,61aeb07033f6,r23∼r39,23,39,동결 근사 복원본
영탁,spillover,45,6a87b78a2d4d,r23∼r39,23,39,동결 근사 복원본
영탁,spillover,46,3e785b18e204,r23∼r39,23,39,동결 근사 복원본
영탁,spillover,47,6167208bf6bc,r23∼r39,23,39,동결 근사 복원본
영탁,spillover,48,c22716a65e19,r23∼r39,23,39,동결 근사 복원본
영탁,spillover,49,7e2756bbb431,r23∼r39,23,39,동결 근사 복원본
영탁,spillover,50,ae329790b003,r41∼r72,41,72,라이브 코퍼스(스냅샷 이후)
영탁,spillover,51,610d38403722,r41∼r72,41,72,라이브 코퍼스(스냅샷 이후)
영탁,spillover,52,c2510cc13f29,r41∼r72,41,72,라이브 코퍼스(스냅샷 이후)
영탁,spillover,53,a9f380f25f9d,r41∼r72,41,72,라이브 코퍼스(스냅샷 이후)
영탁,spillover,54,f503195c72d2,r41∼r72,41,72,라이브 코퍼스(스냅샷 이후)
영탁,spillover,55,fafdc38480e0,r41∼r72,41,72,라이브 코퍼스(스냅샷 이후)
영탁,spillover,56,77446c646a3f,r41∼r72,41,72,라이브 코퍼스(스냅샷 이후)
영탁,spillover,57,044b3ff805a3,r41∼r72,41,72,라이브 코퍼스(스냅샷 이후)
영탁,spillover,58,f3c4262ff298,r41∼r72,41,72,라이브 코퍼스(스냅샷 이후)
영탁,spillover,59,2e06fd71d647,r41∼r72,41,72,라이브 코퍼스(스냅샷 이후)
영탁,spillover,60,5183945c8430,r41∼r72,41,72,라이브 코퍼스(스냅샷 이후)
영탁,spillover,61,8325919eb950,r41∼r72,41,72,라이브 코퍼스(스냅샷 이후)
영탁,spillover,62,9bf784e9f77a,r41∼r72,41,72,라이브 코퍼스(스냅샷 이후)
영탁,spillover,63,3fe159e05d4e,r41∼r72,41,72,라이브 코퍼스(스냅샷 이후)
영탁,spillover,64,13bc9d2fb2e6,r41∼r72,41,72,라이브 코퍼스(스냅샷 이후)
김호중,loyalty,0,3d52b1b6d280,≤r13,1,13,r13 스냅샷
김호중,loyalty,1,7f9912585925,≤r13,1,13,r13 스냅샷
김호중,loyalty,2,0bcbe3e972ae,≤r13,1,13,r13 스냅샷
김호중,loyalty,3,a8edfcace7e2,≤r13,1,13,r13 스냅샷
김호중,loyalty,4,e0a96b7df046,≤r13,1,13,r13 스냅샷
김호중,loyalty,5,ef0c55bb6ddd,≤r13,1,13,r13 스냅샷
김호중,loyalty,6,8c308b3c87e1,≤r13,1,13,r13 스냅샷
김호중,loyalty,7,e94f61e77354,≤r13,1,13,r13 스냅샷
김호중,loyalty,8,1ac3ba5949f2,≤r13,1,13,r13 스냅샷
김호중,loyalty,9,5fb75c86953a,≤r13,1,13,r13 스냅샷
김호중,loyalty,10,d34e7a2de95d,≤r13,1,13,r13 스냅샷
김호중,loyalty,11,eb5259f8c3ce,≤r13,1,13,r13 스냅샷
김호중,loyalty,12,21ccddb3f1cd,≤r13,1,13,r13 스냅샷
김호중,loyalty,13,9c9ca0a2c449,≤r13,1,13,r13 스냅샷
김호중,loyalty,14,5ca8565b8989,≤r13,1,13,r13 스냅샷
김호중,loyalty,15,15b73a9f8794,≤r13,1,13,r13 스냅샷
김호중,loyalty,16,c15fdf7b54a6,≤r13,1,13,r13 스냅샷
김호중,loyalty,17,99ad898dca56,≤r13,1,13,r13 스냅샷
김호중,loyalty,18,c7e812106097,≤r13,1,13,r13 스냅샷
김호중,loyalty,19,3974ef323062,≤r13,1,13,r13 스냅샷
김호중,loyalty,20,fe47f25c2342,≤r13,1,13,r13 스냅샷
김호중,loyalty,21,d87eeeac6c10,≤r13,1,13,r13 스냅샷
김호중,loyalty,22,800c2c8fcab9,≤r13,1,13,r13 스냅샷
김호중,loyalty,23,411ba600466a,≤r13,1,13,r13 스냅샷
김호중,loyalty,24,720726fe7829,≤r13,1,13,r13 스냅샷
김호중,loyalty,25,5b16100865e0,≤r13,1,13,r13 스냅샷
김호중,loyalty,26,f87c5c84075e,≤r13,1,13,r13 스냅샷
김호중,loyalty,27,f9206f652e19,≤r13,1,13,r13 스냅샷
김호중,loyalty,28,fd8a0e185631,≤r13,1,13,r13 스냅샷
김호중,loyalty,29,92bc25cc6973,≤r13,1,13,r13 스냅샷
김호중,loyalty,30,fa5326938794,≤r13,1,13,r13 스냅샷
김호중,loyalty,31,4e2e9d9f0a0f,r14∼r22,14,22,r22 백업
김호중,loyalty,32,568eb457dea8,r23∼r39,23,39,동결 근사 복원본
김호중,loyalty,33,0b482fc98707,r41∼r72,41,72,라이브 코퍼스(스냅샷 이후)
김호중,loyalty,34,52406fa28493,r41∼r72,41,72,라이브 코퍼스(스냅샷 이후)
김호중,loyalty,35,d970f31441ff,r41∼r72,41,72,라이브 코퍼스(스냅샷 이후)
김호중,loyalty,36,19289600dc66,r41∼r72,41,72,라이브 코퍼스(스냅샷 이후)
김호중,loyalty,37,5912af449995,r41∼r72,41,72,라이브 코퍼스(스냅샷 이후)
김호중,loyalty,38,9efecd3b8c7f,r41∼r72,41,72,라이브 코퍼스(스냅샷 이후)
김호중,spillover,0,fe5e90b9b9ea,≤r13,1,13,r13 스냅샷
김호중,spillover,1,4b1a3dff49ff,≤r13,1,13,r13 스냅샷
김호중,spillover,2,a21bd4e8309c,≤r13,1,13,r13 스냅샷
김호중,spillover,3,706f0c225767,≤r13,1,13,r13 스냅샷
김호중,spillover,4,d81bea2c9061,≤r13,1,13,r13 스냅샷
김호중,spillover,5,a85bb86e9efc,≤r13,1,13,r13 스냅샷
김호중,spillover,6,ae436eb689c9,≤r13,1,13,r13 스냅샷
김호중,spillover,7,4362eeafce92,≤r13,1,13,r13 스냅샷
김호중,spillover,8,1833ccfc7d2d,≤r13,1,13,r13 스냅샷
김호중,spillover,9,9a4bc339512a,≤r13,1,13,r13 스냅샷
김호중,spillover,10,16549bce208e,≤r13,1,13,r13 스냅샷
김호중,spillover,11,0a9d495ee147,≤r13,1,13,r13 스냅샷
김호중,spillover,12,76ba1ff94b58,≤r13,1,13,r13 스냅샷
김호중,spillover,13,700fa61b87c6,≤r13,1,13,r13 스냅샷
김호중,spillover,14,c45fc558358b,≤r13,1,13,r13 스냅샷
김호중,spillover,15,b1bc48b57cd3,≤r13,1,13,r13 스냅샷
김호중,spillover,16,f83129b3c7b9,≤r13,1,13,r13 스냅샷
김호중,spillover,17,e09f8690208f,≤r13,1,13,r13 스냅샷
김호중,spillover,18,e37e135014a1,≤r13,1,13,r13 스냅샷
김호중,spillover,19,ac21b6dc3cf9,≤r13,1,13,r13 스냅샷
김호중,spillover,20,50c7b797e3ca,≤r13,1,13,r13 스냅샷
김호중,spillover,21,6ea32944b102,≤r13,1,13,r13 스냅샷
김호중,spillover,22,528317184308,≤r13,1,13,r13 스냅샷
김호중,spillover,23,5859deab95b3,≤r13,1,13,r13 스냅샷
김호중,spillover,24,5c79e36cda80,≤r13,1,13,r13 스냅샷
김호중,spillover,25,00b01f479eda,≤r13,1,13,r13 스냅샷
김호중,spillover,26,43a9130da94b,≤r13,1,13,r13 스냅샷
김호중,spillover,27,2c069766ca9c,≤r13,1,13,r13 스냅샷
김호중,spillover,28,12be4e0c6e5b,≤r13,1,13,r13 스냅샷
김호중,spillover,29,edb4aa7ece1f,≤r13,1,13,r13 스냅샷
김호중,spillover,30,5b936e768417,≤r13,1,13,r13 스냅샷
김호중,spillover,31,4a4a8f1c541c,≤r13,1,13,r13 스냅샷
김호중,spillover,32,1e64c6d10bb9,≤r13,1,13,r13 스냅샷
김호중,spillover,33,12b1b0dc5174,r23∼r39,23,39,동결 근사 복원본
김호중,spillover,34,0a568cee6559,r23∼r39,23,39,동결 근사 복원본
김호중,spillover,35,39b834cdbd6e,r23∼r39,23,39,동결 근사 복원본
김호중,spillover,36,49a8fe51b0ce,r23∼r39,23,39,동결 근사 복원본
김호중,spillover,37,4f236700cc57,r23∼r39,23,39,동결 근사 복원본
김호중,spillover,38,542b0d2fd442,r23∼r39,23,39,동결 근사 복원본
김호중,spillover,39,f44e9f450ece,r23∼r39,23,39,동결 근사 복원본
김호중,spillover,40,4763e6e983a5,r41∼r72,41,72,라이브 코퍼스(스냅샷 이후)
김호중,spillover,41,f880a3aed148,r41∼r72,41,72,라이브 코퍼스(스냅샷 이후)
김호중,spillover,42,85a5453783b3,r41∼r72,41,72,라이브 코퍼스(스냅샷 이후)
김호중,spillover,43,8de0951621af,r41∼r72,41,72,라이브 코퍼스(스냅샷 이후)
김호중,spillover,44,d9231d28e525,r41∼r72,41,72,라이브 코퍼스(스냅샷 이후)
김호중,spillover,45,3963c0a0dd62,r41∼r72,41,72,라이브 코퍼스(스냅샷 이후)
김호중,spillover,46,c45f9c6bd626,r41∼r72,41,72,라이브 코퍼스(스냅샷 이후)
김호중,spillover,47,1970a11a6d36,r41∼r72,41,72,라이브 코퍼스(스냅샷 이후)
김호중,spillover,48,2f3987003532,r41∼r72,41,72,라이브 코퍼스(스냅샷 이후)
김호중,spillover,49,1bc15e38d329,r41∼r72,41,72,라이브 코퍼스(스냅샷 이후)
김호중,spillover,50,379c61711cb9,r41∼r72,41,72,라이브 코퍼스(스냅샷 이후)
김호중,spillover,51,c45123f2425b,r41∼r72,41,72,라이브 코퍼스(스냅샷 이후)
이찬원,loyalty,0,5998841f1858,≤r13,1,13,r13 스냅샷
이찬원,loyalty,1,3e24faaef595,≤r13,1,13,r13 스냅샷
이찬원,loyalty,2,b5ccea917c2b,≤r13,1,13,r13 스냅샷
이찬원,loyalty,3,1774ed2d2ce9,≤r13,1,13,r13 스냅샷
이찬원,loyalty,4,de0d452bf946,≤r13,1,13,r13 스냅샷
이찬원,loyalty,5,0bb4e9a92c28,≤r13,1,13,r13 스냅샷
이찬원,loyalty,6,269d63c10690,≤r13,1,13,r13 스냅샷
이찬원,loyalty,7,12b9d89765cc,≤r13,1,13,r13 스냅샷
이찬원,loyalty,8,f46453094e8b,≤r13,1,13,r13 스냅샷
이찬원,loyalty,9,f56b3df070f4,≤r13,1,13,r13 스냅샷
이찬원,loyalty,10,c838b0d2e04b,≤r13,1,13,r13 스냅샷
이찬원,loyalty,11,eb89e57e349c,≤r13,1,13,r13 스냅샷
이찬원,loyalty,12,62c2f1e6f48d,≤r13,1,13,r13 스냅샷
이찬원,loyalty,13,2827881014a4,≤r13,1,13,r13 스냅샷
이찬원,loyalty,14,ebbb06a7f7f3,≤r13,1,13,r13 스냅샷
이찬원,loyalty,15,f8b3e7220178,≤r13,1,13,r13 스냅샷
이찬원,loyalty,16,ab42780b5ae2,≤r13,1,13,r13 스냅샷
이찬원,loyalty,17,ad8bbdcea34a,≤r13,1,13,r13 스냅샷
이찬원,loyalty,18,24f4e4e0d20e,≤r13,1,13,r13 스냅샷
이찬원,loyalty,19,100aa535d4c0,≤r13,1,13,r13 스냅샷
이찬원,loyalty,20,b487eeeba1e7,≤r13,1,13,r13 스냅샷
이찬원,loyalty,21,57872d0634b6,≤r13,1,13,r13 스냅샷
이찬원,loyalty,22,edf001e3f2eb,≤r13,1,13,r13 스냅샷
이찬원,loyalty,23,72aaef2c9ff7,≤r13,1,13,r13 스냅샷
이찬원,loyalty,24,4a68aa40ab5d,≤r13,1,13,r13 스냅샷
이찬원,loyalty,25,1c4479ee78ca,≤r13,1,13,r13 스냅샷
이찬원,loyalty,26,d8ff1610281b,r23∼r39,23,39,동결 근사 복원본
이찬원,loyalty,27,5bf03298e36e,r41∼r72,41,72,라이브 코퍼스(스냅샷 이후)
이찬원,loyalty,28,1785991e081c,r41∼r72,41,72,라이브 코퍼스(스냅샷 이후)
이찬원,loyalty,29,c773072ae18e,r41∼r72,41,72,라이브 코퍼스(스냅샷 이후)
이찬원,loyalty,30,9685c8fc0de0,r41∼r72,41,72,라이브 코퍼스(스냅샷 이후)
이찬원,loyalty,31,f2e03928782d,r41∼r72,41,72,라이브 코퍼스(스냅샷 이후)
이찬원,loyalty,32,3e25cde6f155,r41∼r72,41,72,라이브 코퍼스(스냅샷 이후)
이찬원,loyalty,33,933c71e5745d,r41∼r72,41,72,라이브 코퍼스(스냅샷 이후)
이찬원,loyalty,34,cc521d9c1171,r41∼r72,41,72,라이브 코퍼스(스냅샷 이후)
이찬원,loyalty,35,d6aba4b62a98,r41∼r72,41,72,라이브 코퍼스(스냅샷 이후)
이찬원,loyalty,36,ec3d53a84311,r41∼r72,41,72,라이브 코퍼스(스냅샷 이후)
이찬원,spillover,0,682b4d8bab04,≤r13,1,13,r13 스냅샷
이찬원,spillover,1,4f6cbd2b7b0b,≤r13,1,13,r13 스냅샷
이찬원,spillover,2,a13e46296903,≤r13,1,13,r13 스냅샷
이찬원,spillover,3,d47dcf76493b,≤r13,1,13,r13 스냅샷
이찬원,spillover,4,fd2eddd8bad6,≤r13,1,13,r13 스냅샷
이찬원,spillover,5,3c38e6172ce0,≤r13,1,13,r13 스냅샷
이찬원,spillover,6,8aefd1fc2917,≤r13,1,13,r13 스냅샷
이찬원,spillover,7,684befea0f5e,≤r13,1,13,r13 스냅샷
이찬원,spillover,8,04ca796debaa,≤r13,1,13,r13 스냅샷
이찬원,spillover,9,8e6866ed8d89,≤r13,1,13,r13 스냅샷
이찬원,spillover,10,e5962844d873,≤r13,1,13,r13 스냅샷
이찬원,spillover,11,7ece470b2cac,≤r13,1,13,r13 스냅샷
이찬원,spillover,12,6d3a1212c3cf,≤r13,1,13,r13 스냅샷
이찬원,spillover,13,d650a62f78ec,≤r13,1,13,r13 스냅샷
이찬원,spillover,14,fe5b0cc0dd2f,≤r13,1,13,r13 스냅샷
이찬원,spillover,15,ba08ccf86194,≤r13,1,13,r13 스냅샷
이찬원,spillover,16,fd1dfbead6ba,≤r13,1,13,r13 스냅샷
이찬원,spillover,17,a29c3213794e,≤r13,1,13,r13 스냅샷
이찬원,spillover,18,f80ecfbc715b,≤r13,1,13,r13 스냅샷
이찬원,spillover,19,d6d76e1f1e31,≤r13,1,13,r13 스냅샷
이찬원,spillover,20,698b473a8e10,≤r13,1,13,r13 스냅샷
이찬원,spillover,21,768c9b737f44,≤r13,1,13,r13 스냅샷
이찬원,spillover,22,4b2129a8f816,≤r13,1,13,r13 스냅샷
이찬원,spillover,23,71a22ff86326,≤r13,1,13,r13 스냅샷
이찬원,spillover,24,1cea04c6ac92,≤r13,1,13,r13 스냅샷
이찬원,spillover,25,5907486ceceb,≤r13,1,13,r13 스냅샷
이찬원,spillover,26,52b5c182c4f4,≤r13,1,13,r13 스냅샷
이찬원,spillover,27,e4b61d35f849,≤r13,1,13,r13 스냅샷
이찬원,spillover,28,4af60bba7df3,≤r13,1,13,r13 스냅샷
이찬원,spillover,29,9acba17a9957,≤r13,1,13,r13 스냅샷
이찬원,spillover,30,2c0ffcc0431a,≤r13,1,13,r13 스냅샷
이찬원,spillover,31,19e6c51b53b2,≤r13,1,13,r13 스냅샷
이찬원,spillover,32,0ca23027fe78,r23∼r39,23,39,동결 근사 복원본
이찬원,spillover,33,4bded2cd6d37,r23∼r39,23,39,동결 근사 복원본
이찬원,spillover,34,126a240227ed,r23∼r39,23,39,동결 근사 복원본
이찬원,spillover,35,04c0a20a149b,r23∼r39,23,39,동결 근사 복원본
이찬원,spillover,36,6034f008eb98,r23∼r39,23,39,동결 근사 복원본
이찬원,spillover,37,002da8c63116,r23∼r39,23,39,동결 근사 복원본
이찬원,spillover,38,09c3fcaac495,r23∼r39,23,39,동결 근사 복원본
이찬원,spillover,39,fe4c981c29f7,r23∼r39,23,39,동결 근사 복원본
이찬원,spillover,40,ddc734db00ea,r23∼r39,23,39,동결 근사 복원본
이찬원,spillover,41,854b7a2a088c,r23∼r39,23,39,동결 근사 복원본
이찬원,spillover,42,fff1736108e6,r23∼r39,23,39,동결 근사 복원본
이찬원,spillover,43,3afee4bd0ff8,r23∼r39,23,39,동결 근사 복원본
이찬원,spillover,44,b6ea483cdaac,r23∼r39,23,39,동결 근사 복원본
이찬원,spillover,45,35cdfe11f8d6,r23∼r39,23,39,동결 근사 복원본
이찬원,spillover,46,51840ca35920,r23∼r39,23,39,동결 근사 복원본
이찬원,spillover,47,eef7e0fada67,r23∼r39,23,39,동결 근사 복원본
이찬원,spillover,48,a8cc8c59b87f,r23∼r39,23,39,동결 근사 복원본
이찬원,spillover,49,580489567efc,r23∼r39,23,39,동결 근사 복원본
이찬원,spillover,50,cd7cd2ce1626,r41∼r72,41,72,라이브 코퍼스(스냅샷 이후)
이찬원,spillover,51,68f6a5bbbd71,r41∼r72,41,72,라이브 코퍼스(스냅샷 이후)
이찬원,spillover,52,b05e2e878053,r41∼r72,41,72,라이브 코퍼스(스냅샷 이후)
이찬원,spillover,53,1fee77e1082b,r41∼r72,41,72,라이브 코퍼스(스냅샷 이후)
이찬원,spillover,54,ac31955d35aa,r41∼r72,41,72,라이브 코퍼스(스냅샷 이후)
이찬원,spillover,55,5714f47594fd,r41∼r72,41,72,라이브 코퍼스(스냅샷 이후)
이찬원,spillover,56,7fa5b68adc18,r41∼r72,41,72,라이브 코퍼스(스냅샷 이후)
이찬원,spillover,57,455805b8cd2f,r41∼r72,41,72,라이브 코퍼스(스냅샷 이후)
이찬원,spillover,58,9c165e3f45a5,r41∼r72,41,72,라이브 코퍼스(스냅샷 이후)
이찬원,spillover,59,128ff99f6909,r41∼r72,41,72,라이브 코퍼스(스냅샷 이후)
이찬원,spillover,60,5a33de79364c,r41∼r72,41,72,라이브 코퍼스(스냅샷 이후)
이찬원,spillover,61,68737909278c,r41∼r72,41,72,라이브 코퍼스(스냅샷 이후)
이찬원,spillover,62,1a57297db95f,r41∼r72,41,72,라이브 코퍼스(스냅샷 이후)
이찬원,spillover,63,7281e100f39e,r41∼r72,41,72,라이브 코퍼스(스냅샷 이후)
이찬원,spillover,64,bb07d7289929,r41∼r72,41,72,라이브 코퍼스(스냅샷 이후)
이찬원,spillover,65,a56aff148733,r41∼r72,41,72,라이브 코퍼스(스냅샷 이후)
이찬원,spillover,66,c0ffff38ce78,r41∼r72,41,72,라이브 코퍼스(스냅샷 이후)
이찬원,spillover,67,5bf9504fbc65,r41∼r72,41,72,라이브 코퍼스(스냅샷 이후)
이찬원,spillover,68,bba93c2b6b99,r41∼r72,41,72,라이브 코퍼스(스냅샷 이후)
장윤정,loyalty,0,c40483aa6567,≤r13,1,13,r13 스냅샷
장윤정,loyalty,1,5db44dd4d2a4,≤r13,1,13,r13 스냅샷
장윤정,loyalty,2,452058f52f73,≤r13,1,13,r13 스냅샷
장윤정,loyalty,3,9e4223d23157,≤r13,1,13,r13 스냅샷
장윤정,loyalty,4,852e71542e1c,≤r13,1,13,r13 스냅샷
장윤정,loyalty,5,2cec64592333,≤r13,1,13,r13 스냅샷
장윤정,loyalty,6,8d7b8eba7d2a,≤r13,1,13,r13 스냅샷
장윤정,loyalty,7,b03df67edae1,≤r13,1,13,r13 스냅샷
장윤정,loyalty,8,24f532ca4778,≤r13,1,13,r13 스냅샷
장윤정,loyalty,9,d5a10dfdd9f7,≤r13,1,13,r13 스냅샷
장윤정,loyalty,10,1d31282bcefd,≤r13,1,13,r13 스냅샷
장윤정,loyalty,11,d081f078e739,≤r13,1,13,r13 스냅샷
장윤정,loyalty,12,30e72d044cda,≤r13,1,13,r13 스냅샷
장윤정,loyalty,13,7e8a858b0e9e,r23∼r39,23,39,동결 근사 복원본
장윤정,loyalty,14,88d882a3b549,r41∼r72,41,72,라이브 코퍼스(스냅샷 이후)
장윤정,loyalty,15,43b9817b0d5f,r41∼r72,41,72,라이브 코퍼스(스냅샷 이후)
장윤정,loyalty,16,cd4b0e8115ea,r41∼r72,41,72,라이브 코퍼스(스냅샷 이후)
장윤정,loyalty,17,9ddfc45636ee,r41∼r72,41,72,라이브 코퍼스(스냅샷 이후)
장윤정,loyalty,18,585ea65c5247,r41∼r72,41,72,라이브 코퍼스(스냅샷 이후)
장윤정,loyalty,19,ce5a08523e09,r41∼r72,41,72,라이브 코퍼스(스냅샷 이후)
장윤정,loyalty,20,27fdc9fa227f,r41∼r72,41,72,라이브 코퍼스(스냅샷 이후)
장윤정,loyalty,21,d2422cd9781e,r41∼r72,41,72,라이브 코퍼스(스냅샷 이후)
장윤정,loyalty,22,c4d034ab4b2a,r41∼r72,41,72,라이브 코퍼스(스냅샷 이후)
장윤정,loyalty,23,a9eeb3442957,r41∼r72,41,72,라이브 코퍼스(스냅샷 이후)
장윤정,loyalty,24,cbcadbb5dcce,r41∼r72,41,72,라이브 코퍼스(스냅샷 이후)
장윤정,loyalty,25,89a606567b47,r41∼r72,41,72,라이브 코퍼스(스냅샷 이후)
장윤정,loyalty,26,057e32b91394,r41∼r72,41,72,라이브 코퍼스(스냅샷 이후)
장윤정,spillover,0,369312332b3d,≤r13,1,13,r13 스냅샷
장윤정,spillover,1,8d19a4ebd5aa,≤r13,1,13,r13 스냅샷
장윤정,spillover,2,b4e17c86e703,≤r13,1,13,r13 스냅샷
장윤정,spillover,3,1cb4157df2b3,≤r13,1,13,r13 스냅샷
장윤정,spillover,4,b93ca0483322,≤r13,1,13,r13 스냅샷
장윤정,spillover,5,b4c7b500df7f,≤r13,1,13,r13 스냅샷
장윤정,spillover,6,34c315684abe,≤r13,1,13,r13 스냅샷
장윤정,spillover,7,7075e253a830,≤r13,1,13,r13 스냅샷
장윤정,spillover,8,7a7d7a16385b,≤r13,1,13,r13 스냅샷
장윤정,spillover,9,7c9d85e2ed95,≤r13,1,13,r13 스냅샷
장윤정,spillover,10,1c93ccb461ef,≤r13,1,13,r13 스냅샷
장윤정,spillover,11,e20cedf95174,≤r13,1,13,r13 스냅샷
장윤정,spillover,12,07db3c2e861f,≤r13,1,13,r13 스냅샷
장윤정,spillover,13,1098bca935b3,≤r13,1,13,r13 스냅샷
장윤정,spillover,14,170fb8cf9983,≤r13,1,13,r13 스냅샷
장윤정,spillover,15,1a7c1da243fe,≤r13,1,13,r13 스냅샷
장윤정,spillover,16,acf5e6baf731,≤r13,1,13,r13 스냅샷
장윤정,spillover,17,a6dab55bdf5c,≤r13,1,13,r13 스냅샷
장윤정,spillover,18,ff38a7c93739,≤r13,1,13,r13 스냅샷
장윤정,spillover,19,e631c3bfffe7,≤r13,1,13,r13 스냅샷
장윤정,spillover,20,f4d36039f40c,≤r13,1,13,r13 스냅샷
장윤정,spillover,21,b2e0e93530c5,≤r13,1,13,r13 스냅샷
장윤정,spillover,22,33b8c6a5d5ae,≤r13,1,13,r13 스냅샷
장윤정,spillover,23,f3b36755929c,≤r13,1,13,r13 스냅샷
장윤정,spillover,24,70cea74e0f62,≤r13,1,13,r13 스냅샷
장윤정,spillover,25,d1184fec5f65,≤r13,1,13,r13 스냅샷
장윤정,spillover,26,750b0bc822ad,≤r13,1,13,r13 스냅샷
장윤정,spillover,27,3d8a7647174f,≤r13,1,13,r13 스냅샷
장윤정,spillover,28,3628714df694,r23∼r39,23,39,동결 근사 복원본
장윤정,spillover,29,572630fe5418,r23∼r39,23,39,동결 근사 복원본
장윤정,spillover,30,e5b0d48160d1,r23∼r39,23,39,동결 근사 복원본
장윤정,spillover,31,4d10f5f57f6b,r23∼r39,23,39,동결 근사 복원본
장윤정,spillover,32,81c5b7548790,r23∼r39,23,39,동결 근사 복원본
장윤정,spillover,33,e1b42b83b124,r23∼r39,23,39,동결 근사 복원본
장윤정,spillover,34,1ba05e0f706b,r23∼r39,23,39,동결 근사 복원본
장윤정,spillover,35,bbb961818301,r23∼r39,23,39,동결 근사 복원본
장윤정,spillover,36,2d84a09767d0,r23∼r39,23,39,동결 근사 복원본
장윤정,spillover,37,a9e7ad75ee69,r23∼r39,23,39,동결 근사 복원본
장윤정,spillover,38,4e95abdfa763,r23∼r39,23,39,동결 근사 복원본
장윤정,spillover,39,ccd10f4929ab,r23∼r39,23,39,동결 근사 복원본
장윤정,spillover,40,4b3c76a25d79,r41∼r72,41,72,라이브 코퍼스(스냅샷 이후)
장윤정,spillover,41,eda6d5bb7832,r41∼r72,41,72,라이브 코퍼스(스냅샷 이후)
장윤정,spillover,42,9090f63ea47f,r41∼r72,41,72,라이브 코퍼스(스냅샷 이후)
장윤정,spillover,43,d0e16ad53982,r41∼r72,41,72,라이브 코퍼스(스냅샷 이후)
장윤정,spillover,44,c7d4c510a200,r41∼r72,41,72,라이브 코퍼스(스냅샷 이후)
장윤정,spillover,45,e19ed9e01b36,r41∼r72,41,72,라이브 코퍼스(스냅샷 이후)
장윤정,spillover,46,fdbb21eb773c,r41∼r72,41,72,라이브 코퍼스(스냅샷 이후)
장윤정,spillover,47,26e56e846620,r41∼r72,41,72,라이브 코퍼스(스냅샷 이후)
장윤정,spillover,48,9e22b93d7c9e,r41∼r72,41,72,라이브 코퍼스(스냅샷 이후)
장윤정,spillover,49,bad4e14a84ce,r41∼r72,41,72,라이브 코퍼스(스냅샷 이후)
장윤정,spillover,50,9753b76c3109,r41∼r72,41,72,라이브 코퍼스(스냅샷 이후)
장윤정,spillover,51,3056e5aec930,r41∼r72,41,72,라이브 코퍼스(스냅샷 이후)
장윤정,spillover,52,7a8d7a928f53,r41∼r72,41,72,라이브 코퍼스(스냅샷 이후)
장윤정,spillover,53,5e26c15beb86,r41∼r72,41,72,라이브 코퍼스(스냅샷 이후)
장윤정,spillover,54,d02f833a7589,r41∼r72,41,72,라이브 코퍼스(스냅샷 이후)
장윤정,spillover,55,de41d07ed4f8,r41∼r72,41,72,라이브 코퍼스(스냅샷 이후)
장윤정,spillover,56,39af0843f0ea,r41∼r72,41,72,라이브 코퍼스(스냅샷 이후)
장윤정,spillover,57,ac8a275f23d7,r41∼r72,41,72,라이브 코퍼스(스냅샷 이후)
장윤정,spillover,58,139ad2252610,r41∼r72,41,72,라이브 코퍼스(스냅샷 이후)
장윤정,spillover,59,471953fcbcfc,r41∼r72,41,72,라이브 코퍼스(스냅샷 이후)
장윤정,spillover,60,7538a1672c05,r41∼r72,41,72,라이브 코퍼스(스냅샷 이후)
장윤정,spillover,61,2f22c5097fd3,r41∼r72,41,72,라이브 코퍼스(스냅샷 이후)
장윤정,spillover,62,a669965fc98c,r41∼r72,41,72,라이브 코퍼스(스냅샷 이후)
장윤정,spillover,63,26efc6944a15,r41∼r72,41,72,라이브 코퍼스(스냅샷 이후)
장윤정,spillover,64,e79d5209e6f6,r41∼r72,41,72,라이브 코퍼스(스냅샷 이후)
정동원,loyalty,0,1ed7c0d4bdca,≤r13,1,13,r13 스냅샷
정동원,loyalty,1,0b98d0d6d25e,≤r13,1,13,r13 스냅샷
정동원,loyalty,2,43a9f72a3dcf,≤r13,1,13,r13 스냅샷
정동원,loyalty,3,1ba2618a77ca,≤r13,1,13,r13 스냅샷
정동원,loyalty,4,fc7cd268b799,≤r13,1,13,r13 스냅샷
정동원,loyalty,5,37631a64173b,≤r13,1,13,r13 스냅샷
정동원,loyalty,6,cf045e0cf87f,≤r13,1,13,r13 스냅샷
정동원,loyalty,7,97e453c1d7fb,≤r13,1,13,r13 스냅샷
정동원,loyalty,8,0bcfbf558103,≤r13,1,13,r13 스냅샷
정동원,loyalty,9,c7eeb2edc278,≤r13,1,13,r13 스냅샷
정동원,loyalty,10,60d7dc0c9d2c,≤r13,1,13,r13 스냅샷
정동원,loyalty,11,ea15bbc923b1,≤r13,1,13,r13 스냅샷
정동원,loyalty,12,ab5826601392,≤r13,1,13,r13 스냅샷
정동원,loyalty,13,6433c79ff83d,≤r13,1,13,r13 스냅샷
정동원,loyalty,14,a86db3854be3,≤r13,1,13,r13 스냅샷
정동원,loyalty,15,286ab2ad6f33,≤r13,1,13,r13 스냅샷
정동원,loyalty,16,d5abf5010181,≤r13,1,13,r13 스냅샷
정동원,loyalty,17,8ba70779cc3f,≤r13,1,13,r13 스냅샷
정동원,loyalty,18,603cb3402608,≤r13,1,13,r13 스냅샷
정동원,loyalty,19,614257fd2d4f,≤r13,1,13,r13 스냅샷
정동원,loyalty,20,a6a37a485f1b,≤r13,1,13,r13 스냅샷
정동원,loyalty,21,b788062a8827,≤r13,1,13,r13 스냅샷
정동원,loyalty,22,1e87060df707,≤r13,1,13,r13 스냅샷
정동원,loyalty,23,90a6ad0a3382,≤r13,1,13,r13 스냅샷
정동원,loyalty,24,e3c866d4ac84,≤r13,1,13,r13 스냅샷
정동원,loyalty,25,d95b9a526022,≤r13,1,13,r13 스냅샷
정동원,loyalty,26,b3a8f512a7c2,≤r13,1,13,r13 스냅샷
정동원,loyalty,27,5e23e5b52d3d,≤r13,1,13,r13 스냅샷
정동원,loyalty,28,b0b65de9a269,r14∼r22,14,22,r22 백업
정동원,loyalty,29,5df29d747c0a,r14∼r22,14,22,r22 백업
정동원,loyalty,30,30c7c4baef63,r14∼r22,14,22,r22 백업
정동원,loyalty,31,7bd2a0338c35,r14∼r22,14,22,r22 백업
정동원,loyalty,32,991f03ad986b,r23∼r39,23,39,동결 근사 복원본
정동원,loyalty,33,7cfcd4624b4f,r41∼r72,41,72,라이브 코퍼스(스냅샷 이후)
정동원,loyalty,34,9996fdc611c8,r41∼r72,41,72,라이브 코퍼스(스냅샷 이후)
정동원,loyalty,35,6c8e6024cfb1,r41∼r72,41,72,라이브 코퍼스(스냅샷 이후)
정동원,loyalty,36,b6d8267def6b,r41∼r72,41,72,라이브 코퍼스(스냅샷 이후)
정동원,loyalty,37,884e6853a138,r41∼r72,41,72,라이브 코퍼스(스냅샷 이후)
정동원,loyalty,38,3372cb38378a,r41∼r72,41,72,라이브 코퍼스(스냅샷 이후)
정동원,loyalty,39,e49ddae64a7e,r41∼r72,41,72,라이브 코퍼스(스냅샷 이후)
정동원,loyalty,40,a7a4f2903ddc,r41∼r72,41,72,라이브 코퍼스(스냅샷 이후)
정동원,loyalty,41,b5139d54a9ca,r41∼r72,41,72,라이브 코퍼스(스냅샷 이후)
정동원,loyalty,42,3fed763af9fb,r41∼r72,41,72,라이브 코퍼스(스냅샷 이후)
정동원,loyalty,43,0880a72ad638,r41∼r72,41,72,라이브 코퍼스(스냅샷 이후)
정동원,loyalty,44,fcd53cfb17e0,r41∼r72,41,72,라이브 코퍼스(스냅샷 이후)
정동원,loyalty,45,4ca11137721c,r41∼r72,41,72,라이브 코퍼스(스냅샷 이후)
정동원,loyalty,46,d26c2d8aacb0,r41∼r72,41,72,라이브 코퍼스(스냅샷 이후)
정동원,loyalty,47,86fb0a20b3a9,r41∼r72,41,72,라이브 코퍼스(스냅샷 이후)
정동원,spillover,0,a3d70a27d01c,≤r13,1,13,r13 스냅샷
정동원,spillover,1,6a633233eaa6,≤r13,1,13,r13 스냅샷
정동원,spillover,2,f1d89d0878c6,≤r13,1,13,r13 스냅샷
정동원,spillover,3,a4cfee36649b,≤r13,1,13,r13 스냅샷
정동원,spillover,4,95e82fe74c47,≤r13,1,13,r13 스냅샷
정동원,spillover,5,91f4d01916ab,≤r13,1,13,r13 스냅샷
정동원,spillover,6,864ebd18168b,≤r13,1,13,r13 스냅샷
정동원,spillover,7,d3558ee25d18,≤r13,1,13,r13 스냅샷
정동원,spillover,8,a264df9c643f,≤r13,1,13,r13 스냅샷
정동원,spillover,9,8884e7ad6b68,≤r13,1,13,r13 스냅샷
정동원,spillover,10,96f2cf73274e,≤r13,1,13,r13 스냅샷
정동원,spillover,11,e71fe39ed7ea,≤r13,1,13,r13 스냅샷
정동원,spillover,12,7a1a7a177e66,≤r13,1,13,r13 스냅샷
정동원,spillover,13,eb50116fbba4,≤r13,1,13,r13 스냅샷
정동원,spillover,14,6244e9c0bf10,≤r13,1,13,r13 스냅샷
정동원,spillover,15,87aba5baf1ad,≤r13,1,13,r13 스냅샷
정동원,spillover,16,5783f1fb5afb,≤r13,1,13,r13 스냅샷
정동원,spillover,17,09b54330ecdf,≤r13,1,13,r13 스냅샷
정동원,spillover,18,c643e6bc6195,≤r13,1,13,r13 스냅샷
정동원,spillover,19,58710bd17a39,≤r13,1,13,r13 스냅샷
정동원,spillover,20,0ac8db0c559a,≤r13,1,13,r13 스냅샷
정동원,spillover,21,8a39845b81db,≤r13,1,13,r13 스냅샷
정동원,spillover,22,a3ed278e9857,≤r13,1,13,r13 스냅샷
정동원,spillover,23,0d5967a54e18,≤r13,1,13,r13 스냅샷
정동원,spillover,24,fc2120affe78,≤r13,1,13,r13 스냅샷
정동원,spillover,25,26aa3be7c289,≤r13,1,13,r13 스냅샷
정동원,spillover,26,611204b59d70,≤r13,1,13,r13 스냅샷
정동원,spillover,27,ab3fbfdac58b,≤r13,1,13,r13 스냅샷
정동원,spillover,28,9f680dd1caa1,r14∼r22,14,22,r22 백업
정동원,spillover,29,c5f09235d798,r14∼r22,14,22,r22 백업
정동원,spillover,30,bc62c64d6c3c,r14∼r22,14,22,r22 백업
정동원,spillover,31,cd2d1eb193d5,r23∼r39,23,39,동결 근사 복원본
정동원,spillover,32,dbf5a6b8097a,r23∼r39,23,39,동결 근사 복원본
정동원,spillover,33,b80e1d2dece1,r23∼r39,23,39,동결 근사 복원본
정동원,spillover,34,39d8fa02befe,r23∼r39,23,39,동결 근사 복원본
정동원,spillover,35,d9df1d9df702,r23∼r39,23,39,동결 근사 복원본
정동원,spillover,36,63c5844f727b,r23∼r39,23,39,동결 근사 복원본
정동원,spillover,37,7155283b5cab,r23∼r39,23,39,동결 근사 복원본
정동원,spillover,38,21e160ab2251,r23∼r39,23,39,동결 근사 복원본
정동원,spillover,39,f4287e74f904,r23∼r39,23,39,동결 근사 복원본
정동원,spillover,40,cb5a11c04d10,r23∼r39,23,39,동결 근사 복원본
정동원,spillover,41,b69c6e35f818,r23∼r39,23,39,동결 근사 복원본
정동원,spillover,42,55afc569cacb,r23∼r39,23,39,동결 근사 복원본
정동원,spillover,43,1ae0f3824814,r23∼r39,23,39,동결 근사 복원본
정동원,spillover,44,d410e1a14797,r41∼r72,41,72,라이브 코퍼스(스냅샷 이후)
정동원,spillover,45,94d5e9b95699,r41∼r72,41,72,라이브 코퍼스(스냅샷 이후)
정동원,spillover,46,ebf5b0821be6,r41∼r72,41,72,라이브 코퍼스(스냅샷 이후)
정동원,spillover,47,988b220b918c,r41∼r72,41,72,라이브 코퍼스(스냅샷 이후)
정동원,spillover,48,176a37e2fed5,r41∼r72,41,72,라이브 코퍼스(스냅샷 이후)
정동원,spillover,49,1b2c0a2c38e9,r41∼r72,41,72,라이브 코퍼스(스냅샷 이후)
정동원,spillover,50,1fd7a448cd16,r41∼r72,41,72,라이브 코퍼스(스냅샷 이후)
정동원,spillover,51,dcc39effabbe,r41∼r72,41,72,라이브 코퍼스(스냅샷 이후)
정동원,spillover,52,26a62a179df5,r41∼r72,41,72,라이브 코퍼스(스냅샷 이후)
정동원,spillover,53,0bfb27a1fab3,r41∼r72,41,72,라이브 코퍼스(스냅샷 이후)
정동원,spillover,54,b4519ed27036,r41∼r72,41,72,라이브 코퍼스(스냅샷 이후)
정동원,spillover,55,eb02ab909435,r41∼r72,41,72,라이브 코퍼스(스냅샷 이후)
정동원,spillover,56,0d90f911fa60,r41∼r72,41,72,라이브 코퍼스(스냅샷 이후)
정동원,spillover,57,cf3225ac4085,r41∼r72,41,72,라이브 코퍼스(스냅샷 이후)
정동원,spillover,58,56e756bf6c73,r41∼r72,41,72,라이브 코퍼스(스냅샷 이후)
김연자,loyalty,0,5f68bc81b8ac,≤r13,1,13,r13 스냅샷
김연자,loyalty,1,241224433720,≤r13,1,13,r13 스냅샷
김연자,loyalty,2,25f31fc588d0,≤r13,1,13,r13 스냅샷
김연자,loyalty,3,3131cbb7b097,≤r13,1,13,r13 스냅샷
김연자,loyalty,4,47b4e601d56b,≤r13,1,13,r13 스냅샷
김연자,loyalty,5,8eadbbd7403a,≤r13,1,13,r13 스냅샷
김연자,loyalty,6,e14fe98b3307,≤r13,1,13,r13 스냅샷
김연자,loyalty,7,09a38e953f8b,≤r13,1,13,r13 스냅샷
김연자,loyalty,8,cd4171677d93,≤r13,1,13,r13 스냅샷
김연자,loyalty,9,b7f467f9fee3,≤r13,1,13,r13 스냅샷
김연자,loyalty,10,bad9dd44b419,≤r13,1,13,r13 스냅샷
김연자,loyalty,11,8b5ed03ec015,≤r13,1,13,r13 스냅샷
김연자,loyalty,12,5c76e4b0311c,≤r13,1,13,r13 스냅샷
김연자,loyalty,13,e187fbc3c76f,≤r13,1,13,r13 스냅샷
김연자,loyalty,14,59c4e5a29479,≤r13,1,13,r13 스냅샷
김연자,loyalty,15,718c1d2d9f8b,≤r13,1,13,r13 스냅샷
김연자,loyalty,16,837accd5f4eb,≤r13,1,13,r13 스냅샷
김연자,loyalty,17,828faa57e03f,r41∼r72,41,72,라이브 코퍼스(스냅샷 이후)
김연자,loyalty,18,39b764b7852b,r41∼r72,41,72,라이브 코퍼스(스냅샷 이후)
김연자,loyalty,19,64f867b3de97,r41∼r72,41,72,라이브 코퍼스(스냅샷 이후)
김연자,loyalty,20,b152bc8e7a50,r41∼r72,41,72,라이브 코퍼스(스냅샷 이후)
김연자,spillover,0,f3489d412007,≤r13,1,13,r13 스냅샷
김연자,spillover,1,cb256956e0f3,≤r13,1,13,r13 스냅샷
김연자,spillover,2,8edf4b543e67,≤r13,1,13,r13 스냅샷
김연자,spillover,3,5fcdfa504a38,≤r13,1,13,r13 스냅샷
김연자,spillover,4,6998eaa83ce3,≤r13,1,13,r13 스냅샷
김연자,spillover,5,e885eb146ec5,≤r13,1,13,r13 스냅샷
김연자,spillover,6,bf50e5d5712b,≤r13,1,13,r13 스냅샷
김연자,spillover,7,cfe6f1f8058b,≤r13,1,13,r13 스냅샷
김연자,spillover,8,2eadb6a8e326,≤r13,1,13,r13 스냅샷
김연자,spillover,9,e5311a679373,≤r13,1,13,r13 스냅샷
김연자,spillover,10,fcf697063a76,≤r13,1,13,r13 스냅샷
김연자,spillover,11,9aef77afb559,≤r13,1,13,r13 스냅샷
김연자,spillover,12,396cdb4c2658,≤r13,1,13,r13 스냅샷
김연자,spillover,13,6012c694d3eb,≤r13,1,13,r13 스냅샷
김연자,spillover,14,c7e3bdd8a458,≤r13,1,13,r13 스냅샷
김연자,spillover,15,17c6b4399cd3,≤r13,1,13,r13 스냅샷
김연자,spillover,16,f2df5b07a094,≤r13,1,13,r13 스냅샷
김연자,spillover,17,33d5c64e3d08,≤r13,1,13,r13 스냅샷
김연자,spillover,18,f3ca5b026acd,≤r13,1,13,r13 스냅샷
김연자,spillover,19,bdd648286786,≤r13,1,13,r13 스냅샷
김연자,spillover,20,8f8edbc7eabc,≤r13,1,13,r13 스냅샷
김연자,spillover,21,ff76c6a52189,≤r13,1,13,r13 스냅샷
김연자,spillover,22,24a0309ebe78,≤r13,1,13,r13 스냅샷
김연자,spillover,23,c6e1ca6c82fc,≤r13,1,13,r13 스냅샷
김연자,spillover,24,bdbc565a1c99,≤r13,1,13,r13 스냅샷
김연자,spillover,25,47e1e5d11834,≤r13,1,13,r13 스냅샷
김연자,spillover,26,3f7022cef52a,≤r13,1,13,r13 스냅샷
김연자,spillover,27,47da02d96ac2,≤r13,1,13,r13 스냅샷
김연자,spillover,28,b4aed2978567,≤r13,1,13,r13 스냅샷
김연자,spillover,29,38786d81dbfb,≤r13,1,13,r13 스냅샷
김연자,spillover,30,a9b7fe3e65de,r23∼r39,23,39,동결 근사 복원본
김연자,spillover,31,73142ff25046,r23∼r39,23,39,동결 근사 복원본
김연자,spillover,32,976af99a3634,r23∼r39,23,39,동결 근사 복원본
김연자,spillover,33,040b07ff6ea9,r23∼r39,23,39,동결 근사 복원본
김연자,spillover,34,5834ced92746,r23∼r39,23,39,동결 근사 복원본
김연자,spillover,35,3e801e4befc0,r23∼r39,23,39,동결 근사 복원본
김연자,spillover,36,f336513ffbae,r23∼r39,23,39,동결 근사 복원본
김연자,spillover,37,1751fe7e91f4,r23∼r39,23,39,동결 근사 복원본
김연자,spillover,38,15a85d2c7a42,r23∼r39,23,39,동결 근사 복원본
김연자,spillover,39,b4a772e3b046,r23∼r39,23,39,동결 근사 복원본
김연자,spillover,40,fb8e4a47d235,r23∼r39,23,39,동결 근사 복원본
김연자,spillover,41,34ea76ffc12b,r23∼r39,23,39,동결 근사 복원본
김연자,spillover,42,b89dee252aaa,r41∼r72,41,72,라이브 코퍼스(스냅샷 이후)
김연자,spillover,43,24cbdcf0154a,r41∼r72,41,72,라이브 코퍼스(스냅샷 이후)
김연자,spillover,44,831dc9f5b760,r41∼r72,41,72,라이브 코퍼스(스냅샷 이후)
김연자,spillover,45,4a5f09ad5047,r41∼r72,41,72,라이브 코퍼스(스냅샷 이후)
김연자,spillover,46,9176241b8fcf,r41∼r72,41,72,라이브 코퍼스(스냅샷 이후)
김연자,spillover,47,5a3bdf90ba5f,r41∼r72,41,72,라이브 코퍼스(스냅샷 이후)
김연자,spillover,48,4b4efd16dbd1,r41∼r72,41,72,라이브 코퍼스(스냅샷 이후)
김연자,spillover,49,3472ec6a0223,r41∼r72,41,72,라이브 코퍼스(스냅샷 이후)
김연자,spillover,50,6a3605f91f35,r41∼r72,41,72,라이브 코퍼스(스냅샷 이후)
김연자,spillover,51,7d47c79b060a,r41∼r72,41,72,라이브 코퍼스(스냅샷 이후)
나훈아,loyalty,0,ad3d34084e09,≤r13,1,13,r13 스냅샷
나훈아,loyalty,1,37a9961d9301,≤r13,1,13,r13 스냅샷
나훈아,loyalty,2,5d8baed40970,≤r13,1,13,r13 스냅샷
나훈아,loyalty,3,7c59d0017641,≤r13,1,13,r13 스냅샷
나훈아,loyalty,4,18c1be7281b4,≤r13,1,13,r13 스냅샷
나훈아,loyalty,5,29436e334d84,≤r13,1,13,r13 스냅샷
나훈아,loyalty,6,2e1fad2e2d0f,≤r13,1,13,r13 스냅샷
나훈아,loyalty,7,bf716e892da1,≤r13,1,13,r13 스냅샷
나훈아,loyalty,8,70ed77345706,≤r13,1,13,r13 스냅샷
나훈아,loyalty,9,6c73a0ce2dcd,≤r13,1,13,r13 스냅샷
나훈아,loyalty,10,60ca8ec3d347,≤r13,1,13,r13 스냅샷
나훈아,loyalty,11,9f1ee7aa0fc9,≤r13,1,13,r13 스냅샷
나훈아,loyalty,12,56ec1f40e35a,≤r13,1,13,r13 스냅샷
나훈아,loyalty,13,eee5683c6162,≤r13,1,13,r13 스냅샷
나훈아,loyalty,14,35e9efc0d805,≤r13,1,13,r13 스냅샷
나훈아,loyalty,15,37f3ea2e9382,≤r13,1,13,r13 스냅샷
나훈아,loyalty,16,21821ae2bebc,≤r13,1,13,r13 스냅샷
나훈아,loyalty,17,88fd821197e5,≤r13,1,13,r13 스냅샷
나훈아,loyalty,18,3692314d2d1b,≤r13,1,13,r13 스냅샷
나훈아,loyalty,19,9dfb0a9bd154,≤r13,1,13,r13 스냅샷
나훈아,loyalty,20,66150a75ed14,≤r13,1,13,r13 스냅샷
나훈아,loyalty,21,a538b1de4683,≤r13,1,13,r13 스냅샷
나훈아,loyalty,22,40513cee5cb2,≤r13,1,13,r13 스냅샷
나훈아,loyalty,23,34d709c25746,≤r13,1,13,r13 스냅샷
나훈아,loyalty,24,3a6520642613,≤r13,1,13,r13 스냅샷
나훈아,loyalty,25,8fa2b279ec34,≤r13,1,13,r13 스냅샷
나훈아,loyalty,26,3745fa6c3d41,≤r13,1,13,r13 스냅샷
나훈아,loyalty,27,a26c7e0eb5bb,r41∼r72,41,72,라이브 코퍼스(스냅샷 이후)
나훈아,loyalty,28,a3d1ad117545,r41∼r72,41,72,라이브 코퍼스(스냅샷 이후)
나훈아,loyalty,29,64d816f5717d,r41∼r72,41,72,라이브 코퍼스(스냅샷 이후)
나훈아,loyalty,30,fc5eccc8b76c,r41∼r72,41,72,라이브 코퍼스(스냅샷 이후)
나훈아,loyalty,31,43016751bea2,r41∼r72,41,72,라이브 코퍼스(스냅샷 이후)
나훈아,loyalty,32,9690092fd401,r41∼r72,41,72,라이브 코퍼스(스냅샷 이후)
나훈아,spillover,0,ca643807bd9c,≤r13,1,13,r13 스냅샷
나훈아,spillover,1,3f6bcabc98e1,≤r13,1,13,r13 스냅샷
나훈아,spillover,2,66e1b12b2e89,≤r13,1,13,r13 스냅샷
나훈아,spillover,3,8cfe771e2beb,≤r13,1,13,r13 스냅샷
나훈아,spillover,4,2c915e0022ec,≤r13,1,13,r13 스냅샷
나훈아,spillover,5,8051e71a8a08,≤r13,1,13,r13 스냅샷
나훈아,spillover,6,90fcd26b9a2c,≤r13,1,13,r13 스냅샷
나훈아,spillover,7,11244c9bdfed,≤r13,1,13,r13 스냅샷
나훈아,spillover,8,7685c4b6db05,≤r13,1,13,r13 스냅샷
나훈아,spillover,9,daf690014c98,≤r13,1,13,r13 스냅샷
나훈아,spillover,10,184c1cc14d23,≤r13,1,13,r13 스냅샷
나훈아,spillover,11,79eadd84cee4,≤r13,1,13,r13 스냅샷
나훈아,spillover,12,de7a0b6c8ebc,≤r13,1,13,r13 스냅샷
나훈아,spillover,13,97efa8ba4c29,≤r13,1,13,r13 스냅샷
나훈아,spillover,14,6dca1d1ed16f,≤r13,1,13,r13 스냅샷
나훈아,spillover,15,4edefb2d01ca,≤r13,1,13,r13 스냅샷
나훈아,spillover,16,bcf6a16d0dd2,≤r13,1,13,r13 스냅샷
나훈아,spillover,17,976a01f043a7,≤r13,1,13,r13 스냅샷
나훈아,spillover,18,fe3a8fe3e74e,≤r13,1,13,r13 스냅샷
나훈아,spillover,19,3f7ffd2efe69,≤r13,1,13,r13 스냅샷
나훈아,spillover,20,abc32610155c,≤r13,1,13,r13 스냅샷
나훈아,spillover,21,f49320f4d8d9,≤r13,1,13,r13 스냅샷
나훈아,spillover,22,baa182b78afe,≤r13,1,13,r13 스냅샷
나훈아,spillover,23,9db8da6deaea,r23∼r39,23,39,동결 근사 복원본
나훈아,spillover,24,3771be65079d,r23∼r39,23,39,동결 근사 복원본
나훈아,spillover,25,bf2514c3cd36,r23∼r39,23,39,동결 근사 복원본
나훈아,spillover,26,81d62b96377c,r23∼r39,23,39,동결 근사 복원본
나훈아,spillover,27,ebafc486da6b,r23∼r39,23,39,동결 근사 복원본
나훈아,spillover,28,41013c14fd8e,r23∼r39,23,39,동결 근사 복원본
나훈아,spillover,29,54bba6d087a7,r23∼r39,23,39,동결 근사 복원본
나훈아,spillover,30,83bee1bcfef4,r23∼r39,23,39,동결 근사 복원본
나훈아,spillover,31,58f950e3c195,r23∼r39,23,39,동결 근사 복원본
나훈아,spillover,32,70201d30170d,r41∼r72,41,72,라이브 코퍼스(스냅샷 이후)
나훈아,spillover,33,f8dbf6c94a38,r41∼r72,41,72,라이브 코퍼스(스냅샷 이후)
나훈아,spillover,34,25102a6b00c6,r41∼r72,41,72,라이브 코퍼스(스냅샷 이후)
나훈아,spillover,35,267d462f6817,r41∼r72,41,72,라이브 코퍼스(스냅샷 이후)
나훈아,spillover,36,9327791511ef,r41∼r72,41,72,라이브 코퍼스(스냅샷 이후)
god,loyalty,0,3e40224b3f31,≤r13,1,13,r13 스냅샷
god,loyalty,1,e5dcf675c98b,≤r13,1,13,r13 스냅샷
god,loyalty,2,7d6abdc0b07b,≤r13,1,13,r13 스냅샷
god,loyalty,3,c3edb188999e,≤r13,1,13,r13 스냅샷
god,loyalty,4,8f19a0eb0b50,≤r13,1,13,r13 스냅샷
god,loyalty,5,2f9934c2a3ce,≤r13,1,13,r13 스냅샷
god,loyalty,6,8e7681a099b6,≤r13,1,13,r13 스냅샷
god,loyalty,7,305ccce5ec81,≤r13,1,13,r13 스냅샷
god,loyalty,8,dc235c2ec67b,≤r13,1,13,r13 스냅샷
god,loyalty,9,91aa8f1aabad,≤r13,1,13,r13 스냅샷
god,loyalty,10,46c020d39859,≤r13,1,13,r13 스냅샷
god,loyalty,11,05e9f020ca15,≤r13,1,13,r13 스냅샷
god,loyalty,12,8420b5455e02,≤r13,1,13,r13 스냅샷
god,loyalty,13,c81f8ba5ab05,≤r13,1,13,r13 스냅샷
god,loyalty,14,4a8cc03f4223,≤r13,1,13,r13 스냅샷
god,loyalty,15,964509925bf4,≤r13,1,13,r13 스냅샷
god,loyalty,16,96c17ffce198,≤r13,1,13,r13 스냅샷
god,loyalty,17,e3e259bf7ac1,≤r13,1,13,r13 스냅샷
god,loyalty,18,ad877e7ef5dd,≤r13,1,13,r13 스냅샷
god,loyalty,19,4ff2fbd6931c,≤r13,1,13,r13 스냅샷
god,loyalty,20,e38a43169f9e,≤r13,1,13,r13 스냅샷
god,loyalty,21,33f2084d401d,≤r13,1,13,r13 스냅샷
god,loyalty,22,bee4ed6c4bb0,≤r13,1,13,r13 스냅샷
god,loyalty,23,76faf10d9b7a,≤r13,1,13,r13 스냅샷
god,loyalty,24,c7539fe078dd,≤r13,1,13,r13 스냅샷
god,loyalty,25,b28a4e7d0b62,≤r13,1,13,r13 스냅샷
god,loyalty,26,d1e9a8dab313,≤r13,1,13,r13 스냅샷
god,loyalty,27,03dcff0286f8,r23∼r39,23,39,동결 근사 복원본
god,loyalty,28,e030ae6b0947,r23∼r39,23,39,동결 근사 복원본
god,loyalty,29,3f5a367a0831,r41∼r72,41,72,라이브 코퍼스(스냅샷 이후)
god,loyalty,30,43f040e021f3,r41∼r72,41,72,라이브 코퍼스(스냅샷 이후)
god,loyalty,31,29f73b6df427,r41∼r72,41,72,라이브 코퍼스(스냅샷 이후)
god,loyalty,32,f40d90a0534d,r41∼r72,41,72,라이브 코퍼스(스냅샷 이후)
god,loyalty,33,d2f0c3c18df4,r41∼r72,41,72,라이브 코퍼스(스냅샷 이후)
god,loyalty,34,d138c41bfb01,r41∼r72,41,72,라이브 코퍼스(스냅샷 이후)
god,loyalty,35,752c308a4b8f,r41∼r72,41,72,라이브 코퍼스(스냅샷 이후)
god,loyalty,36,67b1996300d3,r41∼r72,41,72,라이브 코퍼스(스냅샷 이후)
god,loyalty,37,3e93ef285c57,r41∼r72,41,72,라이브 코퍼스(스냅샷 이후)
god,loyalty,38,2f392b28a444,r41∼r72,41,72,라이브 코퍼스(스냅샷 이후)
god,loyalty,39,f4e523b98b6f,r41∼r72,41,72,라이브 코퍼스(스냅샷 이후)
god,loyalty,40,96343cc5fc3f,r41∼r72,41,72,라이브 코퍼스(스냅샷 이후)
god,loyalty,41,b58edda6ce7e,r41∼r72,41,72,라이브 코퍼스(스냅샷 이후)
god,loyalty,42,8014a443f183,r41∼r72,41,72,라이브 코퍼스(스냅샷 이후)
god,loyalty,43,8cfba6e9fa2f,r41∼r72,41,72,라이브 코퍼스(스냅샷 이후)
god,loyalty,44,b9aa5b90d0a9,r41∼r72,41,72,라이브 코퍼스(스냅샷 이후)
god,loyalty,45,86595c93dd93,r41∼r72,41,72,라이브 코퍼스(스냅샷 이후)
god,loyalty,46,4f2d93ac368f,r41∼r72,41,72,라이브 코퍼스(스냅샷 이후)
god,loyalty,47,5618f1336a7d,r41∼r72,41,72,라이브 코퍼스(스냅샷 이후)
god,loyalty,48,745217edf192,r41∼r72,41,72,라이브 코퍼스(스냅샷 이후)
god,loyalty,49,2f401493a0a3,r41∼r72,41,72,라이브 코퍼스(스냅샷 이후)
god,loyalty,50,8b9a764fae2f,r41∼r72,41,72,라이브 코퍼스(스냅샷 이후)
god,spillover,0,0c57ba854387,≤r13,1,13,r13 스냅샷
god,spillover,1,bcc8bc669a0d,≤r13,1,13,r13 스냅샷
god,spillover,2,b8c78beaafd3,≤r13,1,13,r13 스냅샷
god,spillover,3,d9a3a378d1da,≤r13,1,13,r13 스냅샷
god,spillover,4,18877f82b1ee,≤r13,1,13,r13 스냅샷
god,spillover,5,ab884ce3cce5,≤r13,1,13,r13 스냅샷
god,spillover,6,384d53a520d2,≤r13,1,13,r13 스냅샷
god,spillover,7,9dcdb23fb942,≤r13,1,13,r13 스냅샷
god,spillover,8,bd3601673def,≤r13,1,13,r13 스냅샷
god,spillover,9,28f55932e36c,≤r13,1,13,r13 스냅샷
god,spillover,10,4891fbc0fe3a,≤r13,1,13,r13 스냅샷
god,spillover,11,0609f574eb33,≤r13,1,13,r13 스냅샷
god,spillover,12,5ff0275c2906,≤r13,1,13,r13 스냅샷
god,spillover,13,675b1a8a1168,≤r13,1,13,r13 스냅샷
god,spillover,14,dede6ea00f95,≤r13,1,13,r13 스냅샷
god,spillover,15,cc25226a63dc,≤r13,1,13,r13 스냅샷
god,spillover,16,0e5a33c668c0,≤r13,1,13,r13 스냅샷
god,spillover,17,b6bcdc9e8c4e,≤r13,1,13,r13 스냅샷
god,spillover,18,4370c9540477,r23∼r39,23,39,동결 근사 복원본
god,spillover,19,927af88519be,r23∼r39,23,39,동결 근사 복원본
god,spillover,20,29a270c01139,r23∼r39,23,39,동결 근사 복원본
god,spillover,21,19ab4df8b4b0,r23∼r39,23,39,동결 근사 복원본
god,spillover,22,f2213e2fd229,r23∼r39,23,39,동결 근사 복원본
god,spillover,23,87c3693de745,r23∼r39,23,39,동결 근사 복원본
god,spillover,24,4f2757915b83,r23∼r39,23,39,동결 근사 복원본
god,spillover,25,d3a3856b42ea,r23∼r39,23,39,동결 근사 복원본
god,spillover,26,88ddb749c829,r23∼r39,23,39,동결 근사 복원본
god,spillover,27,6852f7b3d75a,r23∼r39,23,39,동결 근사 복원본
god,spillover,28,878e7787c638,r41∼r72,41,72,라이브 코퍼스(스냅샷 이후)
god,spillover,29,460f758ad567,r41∼r72,41,72,라이브 코퍼스(스냅샷 이후)
god,spillover,30,158249938282,r41∼r72,41,72,라이브 코퍼스(스냅샷 이후)
god,spillover,31,fe22eaed5603,r41∼r72,41,72,라이브 코퍼스(스냅샷 이후)
god,spillover,32,33df2df7ba17,r41∼r72,41,72,라이브 코퍼스(스냅샷 이후)
god,spillover,33,103252619608,r41∼r72,41,72,라이브 코퍼스(스냅샷 이후)
god,spillover,34,4d1af2fc399d,r41∼r72,41,72,라이브 코퍼스(스냅샷 이후)
god,spillover,35,15cb49003d74,r41∼r72,41,72,라이브 코퍼스(스냅샷 이후)
god,spillover,36,9fe730f223e5,r41∼r72,41,72,라이브 코퍼스(스냅샷 이후)
god,spillover,37,f5cbd0a025ad,r41∼r72,41,72,라이브 코퍼스(스냅샷 이후)
god,spillover,38,23e1bc626ce2,r41∼r72,41,72,라이브 코퍼스(스냅샷 이후)
god,spillover,39,7d5cb961efe8,r41∼r72,41,72,라이브 코퍼스(스냅샷 이후)
god,spillover,40,1685cb78dea5,r41∼r72,41,72,라이브 코퍼스(스냅샷 이후)
god,spillover,41,bb74c5be37a3,r41∼r72,41,72,라이브 코퍼스(스냅샷 이후)
god,spillover,42,4e2787130f8b,r41∼r72,41,72,라이브 코퍼스(스냅샷 이후)
god,spillover,43,677e1dda848f,r41∼r72,41,72,라이브 코퍼스(스냅샷 이후)
god,spillover,44,23128e80ee96,r41∼r72,41,72,라이브 코퍼스(스냅샷 이후)
god,spillover,45,a059ca5b1826,r41∼r72,41,72,라이브 코퍼스(스냅샷 이후)
god,spillover,46,d6e73ead1f8a,r41∼r72,41,72,라이브 코퍼스(스냅샷 이후)
god,spillover,47,027a9ed9aad1,r41∼r72,41,72,라이브 코퍼스(스냅샷 이후)
HOT,loyalty,0,21e14847754c,≤r13,1,13,r13 스냅샷
HOT,loyalty,1,190f2f9209a6,≤r13,1,13,r13 스냅샷
HOT,loyalty,2,aff5b27d2fb4,≤r13,1,13,r13 스냅샷
HOT,loyalty,3,8278a5729657,≤r13,1,13,r13 스냅샷
HOT,loyalty,4,e13f2e9b1a4c,≤r13,1,13,r13 스냅샷
HOT,loyalty,5,f72ac67b9252,≤r13,1,13,r13 스냅샷
HOT,loyalty,6,7e26e7cdf5a6,≤r13,1,13,r13 스냅샷
HOT,loyalty,7,c0d05b7fcd3f,≤r13,1,13,r13 스냅샷
HOT,loyalty,8,d63026d77a40,≤r13,1,13,r13 스냅샷
HOT,loyalty,9,cb346d3bdc62,≤r13,1,13,r13 스냅샷
HOT,loyalty,10,60c2993295f0,≤r13,1,13,r13 스냅샷
HOT,loyalty,11,bb13c56eb86f,≤r13,1,13,r13 스냅샷
HOT,loyalty,12,e5d6037a2af7,≤r13,1,13,r13 스냅샷
HOT,loyalty,13,fe54999d6baf,≤r13,1,13,r13 스냅샷
HOT,loyalty,14,5bda834856d0,≤r13,1,13,r13 스냅샷
HOT,loyalty,15,e7d0d67de5a9,≤r13,1,13,r13 스냅샷
HOT,loyalty,16,77fb8cc4d738,≤r13,1,13,r13 스냅샷
HOT,loyalty,17,b8083c5e3f60,≤r13,1,13,r13 스냅샷
HOT,loyalty,18,7da6d48664f1,≤r13,1,13,r13 스냅샷
HOT,loyalty,19,8334ce95f874,r14∼r22,14,22,r22 백업
HOT,loyalty,20,3a79f553a079,r41∼r72,41,72,라이브 코퍼스(스냅샷 이후)
HOT,loyalty,21,996bc6b43c1e,r41∼r72,41,72,라이브 코퍼스(스냅샷 이후)
HOT,loyalty,22,d93282945076,r41∼r72,41,72,라이브 코퍼스(스냅샷 이후)
HOT,loyalty,23,00d52a0c10c7,r41∼r72,41,72,라이브 코퍼스(스냅샷 이후)
HOT,loyalty,24,510569669e09,r41∼r72,41,72,라이브 코퍼스(스냅샷 이후)
HOT,loyalty,25,af6ea5894e79,r41∼r72,41,72,라이브 코퍼스(스냅샷 이후)
HOT,loyalty,26,c4aa2dc426c7,r41∼r72,41,72,라이브 코퍼스(스냅샷 이후)
HOT,loyalty,27,a09920152dec,r41∼r72,41,72,라이브 코퍼스(스냅샷 이후)
HOT,loyalty,28,c210f60df0b2,r41∼r72,41,72,라이브 코퍼스(스냅샷 이후)
HOT,loyalty,29,e318f9289aa3,r41∼r72,41,72,라이브 코퍼스(스냅샷 이후)
HOT,loyalty,30,003ed9ed83e6,r41∼r72,41,72,라이브 코퍼스(스냅샷 이후)
HOT,loyalty,31,4eb9e4fcd0db,r41∼r72,41,72,라이브 코퍼스(스냅샷 이후)
HOT,loyalty,32,37e669c16549,r41∼r72,41,72,라이브 코퍼스(스냅샷 이후)
HOT,loyalty,33,07b47e40a46c,r41∼r72,41,72,라이브 코퍼스(스냅샷 이후)
HOT,loyalty,34,16f7a00275cf,r41∼r72,41,72,라이브 코퍼스(스냅샷 이후)
HOT,loyalty,35,4769d62494d2,r41∼r72,41,72,라이브 코퍼스(스냅샷 이후)
HOT,loyalty,36,d9154d33eaf9,r41∼r72,41,72,라이브 코퍼스(스냅샷 이후)
HOT,spillover,0,97130e9ae762,≤r13,1,13,r13 스냅샷
HOT,spillover,1,0157497694d0,≤r13,1,13,r13 스냅샷
HOT,spillover,2,0454a79e8962,≤r13,1,13,r13 스냅샷
HOT,spillover,3,305ce10eefa1,≤r13,1,13,r13 스냅샷
HOT,spillover,4,7f5d8df67db7,≤r13,1,13,r13 스냅샷
HOT,spillover,5,08c202a0b888,≤r13,1,13,r13 스냅샷
HOT,spillover,6,dd98c5146581,≤r13,1,13,r13 스냅샷
HOT,spillover,7,d4881384e092,≤r13,1,13,r13 스냅샷
HOT,spillover,8,bf6f77c9f1e7,≤r13,1,13,r13 스냅샷
HOT,spillover,9,e68b3607f810,≤r13,1,13,r13 스냅샷
HOT,spillover,10,5872cdd75ce6,≤r13,1,13,r13 스냅샷
HOT,spillover,11,8b10c9a707ee,≤r13,1,13,r13 스냅샷
HOT,spillover,12,8994ccfbcf44,≤r13,1,13,r13 스냅샷
HOT,spillover,13,903dad629c22,≤r13,1,13,r13 스냅샷
HOT,spillover,14,01a74ffe0c6c,≤r13,1,13,r13 스냅샷
HOT,spillover,15,a0b7dad7f585,≤r13,1,13,r13 스냅샷
HOT,spillover,16,c734345a78de,≤r13,1,13,r13 스냅샷
HOT,spillover,17,db1574d4fb91,≤r13,1,13,r13 스냅샷
HOT,spillover,18,7b26b9d77164,≤r13,1,13,r13 스냅샷
HOT,spillover,19,908fae505844,≤r13,1,13,r13 스냅샷
HOT,spillover,20,5b578b08e23c,≤r13,1,13,r13 스냅샷
HOT,spillover,21,3bf0032e9f74,≤r13,1,13,r13 스냅샷
HOT,spillover,22,a2c70721b657,≤r13,1,13,r13 스냅샷
HOT,spillover,23,9638747ca608,r23∼r39,23,39,동결 근사 복원본
HOT,spillover,24,e5b56364bd03,r23∼r39,23,39,동결 근사 복원본
HOT,spillover,25,929b02e28911,r23∼r39,23,39,동결 근사 복원본
HOT,spillover,26,393eb85cc794,r23∼r39,23,39,동결 근사 복원본
HOT,spillover,27,d48c07799fab,r23∼r39,23,39,동결 근사 복원본
HOT,spillover,28,1755071a63ee,r23∼r39,23,39,동결 근사 복원본
HOT,spillover,29,94c9445d4a2b,r23∼r39,23,39,동결 근사 복원본
HOT,spillover,30,ccdea4a91aaa,r23∼r39,23,39,동결 근사 복원본
HOT,spillover,31,6012f25226e7,r23∼r39,23,39,동결 근사 복원본
HOT,spillover,32,a4d13bfcca30,r23∼r39,23,39,동결 근사 복원본
HOT,spillover,33,cc45ed720d1b,r41∼r72,41,72,라이브 코퍼스(스냅샷 이후)
HOT,spillover,34,278bc7972c50,r41∼r72,41,72,라이브 코퍼스(스냅샷 이후)
HOT,spillover,35,245b0a87a36f,r41∼r72,41,72,라이브 코퍼스(스냅샷 이후)
HOT,spillover,36,cbdbff782814,r41∼r72,41,72,라이브 코퍼스(스냅샷 이후)
HOT,spillover,37,863d6a25ded2,r41∼r72,41,72,라이브 코퍼스(스냅샷 이후)
HOT,spillover,38,be5a85442ece,r41∼r72,41,72,라이브 코퍼스(스냅샷 이후)
HOT,spillover,39,dc6b770f2155,r41∼r72,41,72,라이브 코퍼스(스냅샷 이후)
HOT,spillover,40,a88ae246f0e8,r41∼r72,41,72,라이브 코퍼스(스냅샷 이후)
HOT,spillover,41,acb8398e87f4,r41∼r72,41,72,라이브 코퍼스(스냅샷 이후)
HOT,spillover,42,8f83330b600e,r41∼r72,41,72,라이브 코퍼스(스냅샷 이후)
HOT,spillover,43,9a763abd7f68,r41∼r72,41,72,라이브 코퍼스(스냅샷 이후)
HOT,spillover,44,a98699dadf22,r41∼r72,41,72,라이브 코퍼스(스냅샷 이후)
HOT,spillover,45,631ea04c351a,r41∼r72,41,72,라이브 코퍼스(스냅샷 이후)
HOT,spillover,46,dc9e8540c2c3,r41∼r72,41,72,라이브 코퍼스(스냅샷 이후)
HOT,spillover,47,bf693a710ecd,r41∼r72,41,72,라이브 코퍼스(스냅샷 이후)
HOT,spillover,48,d1b4c4025fab,r41∼r72,41,72,라이브 코퍼스(스냅샷 이후)
HOT,spillover,49,6a7669d10815,r41∼r72,41,72,라이브 코퍼스(스냅샷 이후)
HOT,spillover,50,619857830b9a,r41∼r72,41,72,라이브 코퍼스(스냅샷 이후)
HOT,spillover,51,0fe576f32b5e,r41∼r72,41,72,라이브 코퍼스(스냅샷 이후)
HOT,spillover,52,d8f941bc6d35,r41∼r72,41,72,라이브 코퍼스(스냅샷 이후)
HOT,spillover,53,8804b548be61,r41∼r72,41,72,라이브 코퍼스(스냅샷 이후)
HOT,spillover,54,1ca2683ce8d5,r41∼r72,41,72,라이브 코퍼스(스냅샷 이후)
HOT,spillover,55,7dbc5193fe2d,r41∼r72,41,72,라이브 코퍼스(스냅샷 이후)
HOT,spillover,56,8ddb1eb9caf8,r41∼r72,41,72,라이브 코퍼스(스냅샷 이후)
HOT,spillover,57,2dbf75f3053b,r41∼r72,41,72,라이브 코퍼스(스냅샷 이후)
HOT,spillover,58,03dece9d5dcd,r41∼r72,41,72,라이브 코퍼스(스냅샷 이후)
HOT,spillover,59,58f3db1604f2,r41∼r72,41,72,라이브 코퍼스(스냅샷 이후)
잭스키스,loyalty,0,9ef2a2dc6fc3,≤r13,1,13,r13 스냅샷
잭스키스,loyalty,1,b8f84c7468b5,≤r13,1,13,r13 스냅샷
잭스키스,loyalty,2,8653d2ab6283,≤r13,1,13,r13 스냅샷
잭스키스,loyalty,3,dfdafca23e13,≤r13,1,13,r13 스냅샷
잭스키스,loyalty,4,ff2c5d378003,≤r13,1,13,r13 스냅샷
잭스키스,loyalty,5,db4730f0c26e,≤r13,1,13,r13 스냅샷
잭스키스,loyalty,6,d3f1c4fbff39,≤r13,1,13,r13 스냅샷
잭스키스,loyalty,7,687c519f7de6,≤r13,1,13,r13 스냅샷
잭스키스,loyalty,8,a25047669002,≤r13,1,13,r13 스냅샷
잭스키스,loyalty,9,7341ee1a7fdb,≤r13,1,13,r13 스냅샷
잭스키스,loyalty,10,b28cb20b8a7f,≤r13,1,13,r13 스냅샷
잭스키스,loyalty,11,b2a535f029c1,≤r13,1,13,r13 스냅샷
잭스키스,loyalty,12,c1de91509c18,≤r13,1,13,r13 스냅샷
잭스키스,loyalty,13,4804ce2804e0,≤r13,1,13,r13 스냅샷
잭스키스,loyalty,14,b1829a4a6e9e,≤r13,1,13,r13 스냅샷
잭스키스,loyalty,15,d844530c4f5c,≤r13,1,13,r13 스냅샷
잭스키스,loyalty,16,d4dd61843224,≤r13,1,13,r13 스냅샷
잭스키스,loyalty,17,6e1a1e05d2ec,≤r13,1,13,r13 스냅샷
잭스키스,loyalty,18,60bd0e43769e,≤r13,1,13,r13 스냅샷
잭스키스,loyalty,19,a3df811955ca,≤r13,1,13,r13 스냅샷
잭스키스,loyalty,20,2124ea3ee267,≤r13,1,13,r13 스냅샷
잭스키스,loyalty,21,bfa4c4116ab6,≤r13,1,13,r13 스냅샷
잭스키스,loyalty,22,d77b75532df8,≤r13,1,13,r13 스냅샷
잭스키스,loyalty,23,8d4fb790881d,≤r13,1,13,r13 스냅샷
잭스키스,loyalty,24,21d3a91c732b,r14∼r22,14,22,r22 백업
잭스키스,loyalty,25,3bd595b85b1e,r23∼r39,23,39,동결 근사 복원본
잭스키스,loyalty,26,34a5c4d33b49,r41∼r72,41,72,라이브 코퍼스(스냅샷 이후)
잭스키스,loyalty,27,6904f1fd48f0,r41∼r72,41,72,라이브 코퍼스(스냅샷 이후)
잭스키스,loyalty,28,9444d23e2e20,r41∼r72,41,72,라이브 코퍼스(스냅샷 이후)
잭스키스,loyalty,29,986bc885e469,r41∼r72,41,72,라이브 코퍼스(스냅샷 이후)
잭스키스,loyalty,30,029511b2f003,r41∼r72,41,72,라이브 코퍼스(스냅샷 이후)
잭스키스,loyalty,31,db6d7da59647,r41∼r72,41,72,라이브 코퍼스(스냅샷 이후)
잭스키스,loyalty,32,f0353001e2c0,r41∼r72,41,72,라이브 코퍼스(스냅샷 이후)
잭스키스,loyalty,33,d52407c7d1a7,r41∼r72,41,72,라이브 코퍼스(스냅샷 이후)
잭스키스,loyalty,34,01068d52c1f4,r41∼r72,41,72,라이브 코퍼스(스냅샷 이후)
잭스키스,loyalty,35,ad69930cac66,r41∼r72,41,72,라이브 코퍼스(스냅샷 이후)
잭스키스,loyalty,36,3160ddb32dfc,r41∼r72,41,72,라이브 코퍼스(스냅샷 이후)
잭스키스,loyalty,37,ee2b989a6376,r41∼r72,41,72,라이브 코퍼스(스냅샷 이후)
잭스키스,loyalty,38,d133d3273fed,r41∼r72,41,72,라이브 코퍼스(스냅샷 이후)
잭스키스,loyalty,39,cf998568c0e7,r41∼r72,41,72,라이브 코퍼스(스냅샷 이후)
잭스키스,loyalty,40,b635acfecd3b,r41∼r72,41,72,라이브 코퍼스(스냅샷 이후)
잭스키스,spillover,0,9bddec9e7b56,≤r13,1,13,r13 스냅샷
잭스키스,spillover,1,3ee2f6a69f65,≤r13,1,13,r13 스냅샷
잭스키스,spillover,2,cc51ce98b1f0,≤r13,1,13,r13 스냅샷
잭스키스,spillover,3,5a22c5cd4f92,≤r13,1,13,r13 스냅샷
잭스키스,spillover,4,7af60a8a4bc2,≤r13,1,13,r13 스냅샷
잭스키스,spillover,5,0fea2c67a30d,≤r13,1,13,r13 스냅샷
잭스키스,spillover,6,0d52e539b468,≤r13,1,13,r13 스냅샷
잭스키스,spillover,7,1eb2c45e3e75,≤r13,1,13,r13 스냅샷
잭스키스,spillover,8,462dba69c8a1,≤r13,1,13,r13 스냅샷
잭스키스,spillover,9,4b44c0303322,≤r13,1,13,r13 스냅샷
잭스키스,spillover,10,e2bfc96d0184,≤r13,1,13,r13 스냅샷
잭스키스,spillover,11,9cd85665d556,≤r13,1,13,r13 스냅샷
잭스키스,spillover,12,e00ad7c7438a,≤r13,1,13,r13 스냅샷
잭스키스,spillover,13,0ffcbdf0121e,≤r13,1,13,r13 스냅샷
잭스키스,spillover,14,e3eda761b519,≤r13,1,13,r13 스냅샷
잭스키스,spillover,15,5228cc302acd,≤r13,1,13,r13 스냅샷
잭스키스,spillover,16,147d4ed47239,≤r13,1,13,r13 스냅샷
잭스키스,spillover,17,2468c98ee7df,≤r13,1,13,r13 스냅샷
잭스키스,spillover,18,65e734fcf319,≤r13,1,13,r13 스냅샷
잭스키스,spillover,19,b913f1c4068b,r23∼r39,23,39,동결 근사 복원본
잭스키스,spillover,20,9ac1d4b46bfc,r23∼r39,23,39,동결 근사 복원본
잭스키스,spillover,21,eb9bfd800692,r23∼r39,23,39,동결 근사 복원본
잭스키스,spillover,22,e9a9fee1fb30,r23∼r39,23,39,동결 근사 복원본
잭스키스,spillover,23,9dc33c11c758,r23∼r39,23,39,동결 근사 복원본
잭스키스,spillover,24,7acc207e8db0,r23∼r39,23,39,동결 근사 복원본
잭스키스,spillover,25,d0c39c334f1e,r23∼r39,23,39,동결 근사 복원본
잭스키스,spillover,26,b543d51e5ab4,r23∼r39,23,39,동결 근사 복원본
잭스키스,spillover,27,095c149ef6ce,r23∼r39,23,39,동결 근사 복원본
잭스키스,spillover,28,b6940321c72e,r41∼r72,41,72,라이브 코퍼스(스냅샷 이후)
잭스키스,spillover,29,110f792c8545,r41∼r72,41,72,라이브 코퍼스(스냅샷 이후)
잭스키스,spillover,30,871b0e9fdcd1,r41∼r72,41,72,라이브 코퍼스(스냅샷 이후)
잭스키스,spillover,31,594533162902,r41∼r72,41,72,라이브 코퍼스(스냅샷 이후)
잭스키스,spillover,32,e233033f9a01,r41∼r72,41,72,라이브 코퍼스(스냅샷 이후)
잭스키스,spillover,33,ca96b78dffa3,r41∼r72,41,72,라이브 코퍼스(스냅샷 이후)
잭스키스,spillover,34,0df244958127,r41∼r72,41,72,라이브 코퍼스(스냅샷 이후)
잭스키스,spillover,35,79fe6f1286b9,r41∼r72,41,72,라이브 코퍼스(스냅샷 이후)
잭스키스,spillover,36,87ed814f9315,r41∼r72,41,72,라이브 코퍼스(스냅샷 이후)
잭스키스,spillover,37,5f9161dc5ef1,r41∼r72,41,72,라이브 코퍼스(스냅샷 이후)
잭스키스,spillover,38,115d418dd566,r41∼r72,41,72,라이브 코퍼스(스냅샷 이후)
잭스키스,spillover,39,c44bf5defd05,r41∼r72,41,72,라이브 코퍼스(스냅샷 이후)
잭스키스,spillover,40,55996f5693fd,r41∼r72,41,72,라이브 코퍼스(스냅샷 이후)
잭스키스,spillover,41,4447338fde66,r41∼r72,41,72,라이브 코퍼스(스냅샷 이후)
잭스키스,spillover,42,bc3c6ab14c42,r41∼r72,41,72,라이브 코퍼스(스냅샷 이후)
잭스키스,spillover,43,191f11ff68e4,r41∼r72,41,72,라이브 코퍼스(스냅샷 이후)
보아,loyalty,0,1566226cf26b,≤r13,1,13,r13 스냅샷
보아,loyalty,1,e13786410b2d,≤r13,1,13,r13 스냅샷
보아,loyalty,2,c875e0f42c25,≤r13,1,13,r13 스냅샷
보아,loyalty,3,ce3d0b64f585,≤r13,1,13,r13 스냅샷
보아,loyalty,4,8f8a8bafd3aa,≤r13,1,13,r13 스냅샷
보아,loyalty,5,2707e4411c94,≤r13,1,13,r13 스냅샷
보아,loyalty,6,2735d03b23a8,≤r13,1,13,r13 스냅샷
보아,loyalty,7,fd584de8f43e,≤r13,1,13,r13 스냅샷
보아,loyalty,8,a5bc0ffbf542,≤r13,1,13,r13 스냅샷
보아,loyalty,9,6f2864ab702c,≤r13,1,13,r13 스냅샷
보아,loyalty,10,bb5497670b21,≤r13,1,13,r13 스냅샷
보아,loyalty,11,04c67b35f945,≤r13,1,13,r13 스냅샷
보아,loyalty,12,de931e25a533,≤r13,1,13,r13 스냅샷
보아,loyalty,13,07745d9e192d,≤r13,1,13,r13 스냅샷
보아,loyalty,14,439c1c57ef2d,≤r13,1,13,r13 스냅샷
보아,loyalty,15,3603296b1e1e,≤r13,1,13,r13 스냅샷
보아,loyalty,16,e95a996ef022,r14∼r22,14,22,r22 백업
보아,loyalty,17,3784a3f355fc,r14∼r22,14,22,r22 백업
보아,loyalty,18,0f25f37d00d6,r14∼r22,14,22,r22 백업
보아,loyalty,19,1de366c617af,r14∼r22,14,22,r22 백업
보아,loyalty,20,df159c626830,r14∼r22,14,22,r22 백업
보아,loyalty,21,d29c9ee0e391,r14∼r22,14,22,r22 백업
보아,loyalty,22,d73c4c1e7804,r14∼r22,14,22,r22 백업
보아,loyalty,23,393d123635e0,r14∼r22,14,22,r22 백업
보아,loyalty,24,9fb2aa2c853f,r14∼r22,14,22,r22 백업
보아,loyalty,25,6c81660d3d62,r41∼r72,41,72,라이브 코퍼스(스냅샷 이후)
보아,loyalty,26,c653c9860fc4,r41∼r72,41,72,라이브 코퍼스(스냅샷 이후)
보아,loyalty,27,8dd2ef22408e,r41∼r72,41,72,라이브 코퍼스(스냅샷 이후)
보아,loyalty,28,063ad738eeec,r41∼r72,41,72,라이브 코퍼스(스냅샷 이후)
보아,loyalty,29,fb90c68ae8a9,r41∼r72,41,72,라이브 코퍼스(스냅샷 이후)
보아,spillover,0,1cfc94af99c0,≤r13,1,13,r13 스냅샷
보아,spillover,1,7514f6a4209c,≤r13,1,13,r13 스냅샷
보아,spillover,2,b2a48db16783,≤r13,1,13,r13 스냅샷
보아,spillover,3,3356af50ffbf,≤r13,1,13,r13 스냅샷
보아,spillover,4,6201985ca03a,≤r13,1,13,r13 스냅샷
보아,spillover,5,cc717552cb34,≤r13,1,13,r13 스냅샷
보아,spillover,6,9cfbd4197e78,≤r13,1,13,r13 스냅샷
보아,spillover,7,acb9f3c899ad,≤r13,1,13,r13 스냅샷
보아,spillover,8,def6bdf96f21,≤r13,1,13,r13 스냅샷
보아,spillover,9,1c045805dda8,≤r13,1,13,r13 스냅샷
보아,spillover,10,1f63383ca7b8,≤r13,1,13,r13 스냅샷
보아,spillover,11,8d3abfd4c268,≤r13,1,13,r13 스냅샷
보아,spillover,12,d92087a2e03c,≤r13,1,13,r13 스냅샷
보아,spillover,13,2a8a8446ff07,≤r13,1,13,r13 스냅샷
보아,spillover,14,b91d7bdd1852,≤r13,1,13,r13 스냅샷
보아,spillover,15,8bc673bd70b9,≤r13,1,13,r13 스냅샷
보아,spillover,16,19a0cda54855,≤r13,1,13,r13 스냅샷
보아,spillover,17,b6b77c8ca0ac,≤r13,1,13,r13 스냅샷
보아,spillover,18,b1e7698164fe,≤r13,1,13,r13 스냅샷
보아,spillover,19,5ed585932f33,≤r13,1,13,r13 스냅샷
보아,spillover,20,725ab3a88bb3,≤r13,1,13,r13 스냅샷
보아,spillover,21,68220a860644,≤r13,1,13,r13 스냅샷
보아,spillover,22,a4f23567e4a1,r14∼r22,14,22,r22 백업
보아,spillover,23,c7b0062e7019,r14∼r22,14,22,r22 백업
보아,spillover,24,6614a264d4bd,r14∼r22,14,22,r22 백업
보아,spillover,25,714b834cc93c,r23∼r39,23,39,동결 근사 복원본
보아,spillover,26,56194a76b687,r23∼r39,23,39,동결 근사 복원본
보아,spillover,27,e54472f646da,r23∼r39,23,39,동결 근사 복원본
보아,spillover,28,26104d04673e,r23∼r39,23,39,동결 근사 복원본
보아,spillover,29,1b312fa2f30f,r23∼r39,23,39,동결 근사 복원본
보아,spillover,30,13d5b277f654,r23∼r39,23,39,동결 근사 복원본
보아,spillover,31,a0b018866378,r23∼r39,23,39,동결 근사 복원본
보아,spillover,32,764e37e711ed,r23∼r39,23,39,동결 근사 복원본
보아,spillover,33,b25b9645fb3e,r23∼r39,23,39,동결 근사 복원본
보아,spillover,34,43508792e2d4,r23∼r39,23,39,동결 근사 복원본
보아,spillover,35,1b323930bc68,r41∼r72,41,72,라이브 코퍼스(스냅샷 이후)
보아,spillover,36,f3eb71526cb1,r41∼r72,41,72,라이브 코퍼스(스냅샷 이후)
보아,spillover,37,3641f97d72ad,r41∼r72,41,72,라이브 코퍼스(스냅샷 이후)
보아,spillover,38,718a75882e2c,r41∼r72,41,72,라이브 코퍼스(스냅샷 이후)
보아,spillover,39,a56f392af84e,r41∼r72,41,72,라이브 코퍼스(스냅샷 이후)
보아,spillover,40,1855f7d4ed51,r41∼r72,41,72,라이브 코퍼스(스냅샷 이후)
보아,spillover,41,aa6224a1cbf4,r41∼r72,41,72,라이브 코퍼스(스냅샷 이후)
보아,spillover,42,7fae1393e2ec,r41∼r72,41,72,라이브 코퍼스(스냅샷 이후)
보아,spillover,43,7951e02da66f,r41∼r72,41,72,라이브 코퍼스(스냅샷 이후)
보아,spillover,44,d2e09240b246,r41∼r72,41,72,라이브 코퍼스(스냅샷 이후)
보아,spillover,45,887ba84a344c,r41∼r72,41,72,라이브 코퍼스(스냅샷 이후)
싸이,loyalty,0,15de81d34055,≤r13,1,13,r13 스냅샷
싸이,loyalty,1,2a88f5d0e1be,≤r13,1,13,r13 스냅샷
싸이,loyalty,2,e738ced3ec73,≤r13,1,13,r13 스냅샷
싸이,loyalty,3,336dd3fea65e,≤r13,1,13,r13 스냅샷
싸이,loyalty,4,77fdc0b8051c,≤r13,1,13,r13 스냅샷
싸이,loyalty,5,972a2740bf24,≤r13,1,13,r13 스냅샷
싸이,loyalty,6,9e2e2296bd22,≤r13,1,13,r13 스냅샷
싸이,loyalty,7,9c58c0b0f433,≤r13,1,13,r13 스냅샷
싸이,loyalty,8,809a1af62123,≤r13,1,13,r13 스냅샷
싸이,loyalty,9,e068ee604631,≤r13,1,13,r13 스냅샷
싸이,loyalty,10,7eb1c76d3c3d,≤r13,1,13,r13 스냅샷
싸이,loyalty,11,ce26bbd1d5fe,≤r13,1,13,r13 스냅샷
싸이,loyalty,12,e1d9d1a46c07,≤r13,1,13,r13 스냅샷
싸이,loyalty,13,97e983e904e3,≤r13,1,13,r13 스냅샷
싸이,loyalty,14,4319b36e69fe,≤r13,1,13,r13 스냅샷
싸이,loyalty,15,f271013c0d41,≤r13,1,13,r13 스냅샷
싸이,loyalty,16,1d0fa80aa52d,≤r13,1,13,r13 스냅샷
싸이,loyalty,17,67111ac057b1,≤r13,1,13,r13 스냅샷
싸이,loyalty,18,cf5a41912cce,≤r13,1,13,r13 스냅샷
싸이,loyalty,19,d39f4600681c,≤r13,1,13,r13 스냅샷
싸이,loyalty,20,9664cf850412,≤r13,1,13,r13 스냅샷
싸이,loyalty,21,1b33bef7f72d,≤r13,1,13,r13 스냅샷
싸이,loyalty,22,6327e724fc87,≤r13,1,13,r13 스냅샷
싸이,loyalty,23,050e77e390a5,≤r13,1,13,r13 스냅샷
싸이,loyalty,24,b0571a095f44,≤r13,1,13,r13 스냅샷
싸이,loyalty,25,ed2a8c6f143d,r23∼r39,23,39,동결 근사 복원본
싸이,loyalty,26,c360504baaec,r41∼r72,41,72,라이브 코퍼스(스냅샷 이후)
싸이,loyalty,27,8133e8d7434b,r41∼r72,41,72,라이브 코퍼스(스냅샷 이후)
싸이,loyalty,28,362ca47e9401,r41∼r72,41,72,라이브 코퍼스(스냅샷 이후)
싸이,loyalty,29,67e6cc200c41,r41∼r72,41,72,라이브 코퍼스(스냅샷 이후)
싸이,spillover,0,0d42c426984f,≤r13,1,13,r13 스냅샷
싸이,spillover,1,d76e1fb1f1fe,≤r13,1,13,r13 스냅샷
싸이,spillover,2,c29d60630315,≤r13,1,13,r13 스냅샷
싸이,spillover,3,3c961e631aa7,≤r13,1,13,r13 스냅샷
싸이,spillover,4,7d95f39784da,≤r13,1,13,r13 스냅샷
싸이,spillover,5,c5b684c5735e,≤r13,1,13,r13 스냅샷
싸이,spillover,6,4b3dc047d0d0,≤r13,1,13,r13 스냅샷
싸이,spillover,7,e58a531aca92,≤r13,1,13,r13 스냅샷
싸이,spillover,8,8261245d9045,≤r13,1,13,r13 스냅샷
싸이,spillover,9,188027a232b9,≤r13,1,13,r13 스냅샷
싸이,spillover,10,bc1d19755f41,≤r13,1,13,r13 스냅샷
싸이,spillover,11,8c0218ecb714,≤r13,1,13,r13 스냅샷
싸이,spillover,12,75f5a360afde,≤r13,1,13,r13 스냅샷
싸이,spillover,13,16b60bff173d,≤r13,1,13,r13 스냅샷
싸이,spillover,14,33baa4467f3a,≤r13,1,13,r13 스냅샷
싸이,spillover,15,8a7150fd8db5,≤r13,1,13,r13 스냅샷
싸이,spillover,16,4e63e50b953a,≤r13,1,13,r13 스냅샷
싸이,spillover,17,d60df8af8d2d,≤r13,1,13,r13 스냅샷
싸이,spillover,18,251b0c5f75fa,≤r13,1,13,r13 스냅샷
싸이,spillover,19,32e25e970f66,≤r13,1,13,r13 스냅샷
싸이,spillover,20,bbcad9c732fc,≤r13,1,13,r13 스냅샷
싸이,spillover,21,eb47225afd17,≤r13,1,13,r13 스냅샷
싸이,spillover,22,d61271f1123d,≤r13,1,13,r13 스냅샷
싸이,spillover,23,f30760207a92,≤r13,1,13,r13 스냅샷
싸이,spillover,24,76229fa7a191,≤r13,1,13,r13 스냅샷
싸이,spillover,25,6e95709df8f9,≤r13,1,13,r13 스냅샷
싸이,spillover,26,be28c7ddbbc6,≤r13,1,13,r13 스냅샷
싸이,spillover,27,32ee1c1906d1,≤r13,1,13,r13 스냅샷
싸이,spillover,28,83b9916a701b,≤r13,1,13,r13 스냅샷
싸이,spillover,29,14d2e1a17096,≤r13,1,13,r13 스냅샷
싸이,spillover,30,bfd821906a4b,≤r13,1,13,r13 스냅샷
싸이,spillover,31,0ad0500419f2,≤r13,1,13,r13 스냅샷
싸이,spillover,32,5f084bdeb0d5,≤r13,1,13,r13 스냅샷
싸이,spillover,33,65734aabc0d7,≤r13,1,13,r13 스냅샷
싸이,spillover,34,6eaf8f472e00,≤r13,1,13,r13 스냅샷
싸이,spillover,35,c8795e462715,≤r13,1,13,r13 스냅샷
싸이,spillover,36,4820fb9c6cd5,≤r13,1,13,r13 스냅샷
싸이,spillover,37,5bc25c0006eb,≤r13,1,13,r13 스냅샷
싸이,spillover,38,4bb29918802f,≤r13,1,13,r13 스냅샷
싸이,spillover,39,8f70b3ec0dc8,≤r13,1,13,r13 스냅샷
싸이,spillover,40,71fc1993a094,r23∼r39,23,39,동결 근사 복원본
싸이,spillover,41,b639a31f2bdd,r23∼r39,23,39,동결 근사 복원본
싸이,spillover,42,c7bf9626f3ff,r23∼r39,23,39,동결 근사 복원본
싸이,spillover,43,7804fc4ac8f4,r23∼r39,23,39,동결 근사 복원본
싸이,spillover,44,39bf1dbbe407,r23∼r39,23,39,동결 근사 복원본
싸이,spillover,45,2d1ecfad0590,r23∼r39,23,39,동결 근사 복원본
싸이,spillover,46,5a632eb6c898,r23∼r39,23,39,동결 근사 복원본
싸이,spillover,47,e41516f1e07c,r23∼r39,23,39,동결 근사 복원본
싸이,spillover,48,e4e93e168b2f,r23∼r39,23,39,동결 근사 복원본
싸이,spillover,49,a4a5959b9bbd,r23∼r39,23,39,동결 근사 복원본
싸이,spillover,50,074c9e25c6d3,r23∼r39,23,39,동결 근사 복원본
싸이,spillover,51,db2392a52e2a,r23∼r39,23,39,동결 근사 복원본
싸이,spillover,52,ad98c4267468,r23∼r39,23,39,동결 근사 복원본
싸이,spillover,53,cff05533503c,r23∼r39,23,39,동결 근사 복원본
싸이,spillover,54,37fc704b18e0,r23∼r39,23,39,동결 근사 복원본
싸이,spillover,55,131f9ebc978b,r23∼r39,23,39,동결 근사 복원본
싸이,spillover,56,8743034d2e74,r23∼r39,23,39,동결 근사 복원본
싸이,spillover,57,f145700edc5c,r23∼r39,23,39,동결 근사 복원본
싸이,spillover,58,95ce08492c85,r41∼r72,41,72,라이브 코퍼스(스냅샷 이후)
싸이,spillover,59,3ff870618873,r41∼r72,41,72,라이브 코퍼스(스냅샷 이후)
싸이,spillover,60,5f385923ffd0,r41∼r72,41,72,라이브 코퍼스(스냅샷 이후)
싸이,spillover,61,5b8b4cbf3e3d,r41∼r72,41,72,라이브 코퍼스(스냅샷 이후)
싸이,spillover,62,3f40c8197332,r41∼r72,41,72,라이브 코퍼스(스냅샷 이후)
싸이,spillover,63,dbe7b1161031,r41∼r72,41,72,라이브 코퍼스(스냅샷 이후)
싸이,spillover,64,62fe46858bba,r41∼r72,41,72,라이브 코퍼스(스냅샷 이후)
싸이,spillover,65,5d77e2c949a7,r41∼r72,41,72,라이브 코퍼스(스냅샷 이후)
싸이,spillover,66,a4c30466c8cc,r41∼r72,41,72,라이브 코퍼스(스냅샷 이후)
싸이,spillover,67,f5d53dd570d1,r41∼r72,41,72,라이브 코퍼스(스냅샷 이후)
싸이,spillover,68,7a4bdb774da7,r41∼r72,41,72,라이브 코퍼스(스냅샷 이후)
싸이,spillover,69,0d0facb8780f,r41∼r72,41,72,라이브 코퍼스(스냅샷 이후)
싸이,spillover,70,783d952cc828,r41∼r72,41,72,라이브 코퍼스(스냅샷 이후)
싸이,spillover,71,2a99ceb626fc,r41∼r72,41,72,라이브 코퍼스(스냅샷 이후)
싸이,spillover,72,8284cb7ae251,r41∼r72,41,72,라이브 코퍼스(스냅샷 이후)
싸이,spillover,73,7c72655227ee,r41∼r72,41,72,라이브 코퍼스(스냅샷 이후)
싸이,spillover,74,b02e610b7ca9,r41∼r72,41,72,라이브 코퍼스(스냅샷 이후)
싸이,spillover,75,589cd5d6a4a3,r41∼r72,41,72,라이브 코퍼스(스냅샷 이후)
싸이,spillover,76,644ba29002d4,r41∼r72,41,72,라이브 코퍼스(스냅샷 이후)
싸이,spillover,77,6f95d8b7fe3e,r41∼r72,41,72,라이브 코퍼스(스냅샷 이후)
싸이,spillover,78,7da6311b6051,r41∼r72,41,72,라이브 코퍼스(스냅샷 이후)
싸이,spillover,79,5593aac08db7,r41∼r72,41,72,라이브 코퍼스(스냅샷 이후)
싸이,spillover,80,cf120f17030a,r41∼r72,41,72,라이브 코퍼스(스냅샷 이후)
싸이,spillover,81,5f9481e2eb0a,r41∼r72,41,72,라이브 코퍼스(스냅샷 이후)
싸이,spillover,82,925b6a43f4b5,r41∼r72,41,72,라이브 코퍼스(스냅샷 이후)
싸이,spillover,83,4dfa6b61ae15,r41∼r72,41,72,라이브 코퍼스(스냅샷 이후)
싸이,spillover,84,aeb7257b0f81,r41∼r72,41,72,라이브 코퍼스(스냅샷 이후)
싸이,spillover,85,29f930271a46,r41∼r72,41,72,라이브 코퍼스(스냅샷 이후)
싸이,spillover,86,bf9fef1159de,r41∼r72,41,72,라이브 코퍼스(스냅샷 이후)
싸이,spillover,87,c92490b8e61b,r41∼r72,41,72,라이브 코퍼스(스냅샷 이후)
싸이,spillover,88,6a3975bbb039,r41∼r72,41,72,라이브 코퍼스(스냅샷 이후)
싸이,spillover,89,183a362d72ab,r41∼r72,41,72,라이브 코퍼스(스냅샷 이후)
싸이,spillover,90,23d2e121699a,r41∼r72,41,72,라이브 코퍼스(스냅샷 이후)
싸이,spillover,91,12eee0523a35,r41∼r72,41,72,라이브 코퍼스(스냅샷 이후)
아이유,loyalty,0,5106218a15ef,≤r13,1,13,r13 스냅샷
아이유,loyalty,1,8783ad52d973,≤r13,1,13,r13 스냅샷
아이유,loyalty,2,ecf377b38329,≤r13,1,13,r13 스냅샷
아이유,loyalty,3,f03706ebdd1b,≤r13,1,13,r13 스냅샷
아이유,loyalty,4,f80a58c09198,≤r13,1,13,r13 스냅샷
아이유,loyalty,5,057a6cacfdf6,≤r13,1,13,r13 스냅샷
아이유,loyalty,6,880ec0e21a02,≤r13,1,13,r13 스냅샷
아이유,loyalty,7,c78be3c9a02a,≤r13,1,13,r13 스냅샷
아이유,loyalty,8,16c26ed7f312,≤r13,1,13,r13 스냅샷
아이유,loyalty,9,69f6eab332f2,≤r13,1,13,r13 스냅샷
아이유,loyalty,10,add712676550,≤r13,1,13,r13 스냅샷
아이유,loyalty,11,9e094a9d5c22,≤r13,1,13,r13 스냅샷
아이유,loyalty,12,4a9b3c6a064a,≤r13,1,13,r13 스냅샷
아이유,loyalty,13,9713b7186839,≤r13,1,13,r13 스냅샷
아이유,loyalty,14,2b031cbf3f9a,≤r13,1,13,r13 스냅샷
아이유,loyalty,15,ccd40b1a8c6e,≤r13,1,13,r13 스냅샷
아이유,loyalty,16,af9f8f7878f3,≤r13,1,13,r13 스냅샷
아이유,loyalty,17,699e1750bfb0,≤r13,1,13,r13 스냅샷
아이유,loyalty,18,b57c958dcc2b,≤r13,1,13,r13 스냅샷
아이유,loyalty,19,63d3e8c3f21d,≤r13,1,13,r13 스냅샷
아이유,loyalty,20,c3cf0df1c6e9,≤r13,1,13,r13 스냅샷
아이유,loyalty,21,efea6be4d0b8,≤r13,1,13,r13 스냅샷
아이유,loyalty,22,e8fea078d4e8,≤r13,1,13,r13 스냅샷
아이유,loyalty,23,073c03204172,≤r13,1,13,r13 스냅샷
아이유,loyalty,24,eb3274017e43,≤r13,1,13,r13 스냅샷
아이유,loyalty,25,e8f218f2a007,≤r13,1,13,r13 스냅샷
아이유,loyalty,26,de9bb29b5bd4,≤r13,1,13,r13 스냅샷
아이유,loyalty,27,46b6f4535d92,≤r13,1,13,r13 스냅샷
아이유,loyalty,28,d325f090ceb8,≤r13,1,13,r13 스냅샷
아이유,loyalty,29,235bbfdd52b2,≤r13,1,13,r13 스냅샷
아이유,loyalty,30,f61f188c0c14,≤r13,1,13,r13 스냅샷
아이유,loyalty,31,0c355fd29488,r23∼r39,23,39,동결 근사 복원본
아이유,loyalty,32,a7463bf4240b,r23∼r39,23,39,동결 근사 복원본
아이유,loyalty,33,ded3b283c022,r23∼r39,23,39,동결 근사 복원본
아이유,loyalty,34,3f5b14d983d1,r23∼r39,23,39,동결 근사 복원본
아이유,loyalty,35,1d6b50a5660b,r23∼r39,23,39,동결 근사 복원본
아이유,loyalty,36,cb7763a2a7a0,r41∼r72,41,72,라이브 코퍼스(스냅샷 이후)
아이유,loyalty,37,ef37644d1e90,r41∼r72,41,72,라이브 코퍼스(스냅샷 이후)
아이유,loyalty,38,aec1df2ff4dc,r41∼r72,41,72,라이브 코퍼스(스냅샷 이후)
아이유,loyalty,39,7ab7fc0a84c5,r41∼r72,41,72,라이브 코퍼스(스냅샷 이후)
아이유,loyalty,40,76bd9f90e3e3,r41∼r72,41,72,라이브 코퍼스(스냅샷 이후)
아이유,loyalty,41,22bc2ca2df67,r41∼r72,41,72,라이브 코퍼스(스냅샷 이후)
아이유,spillover,0,2aca91b45d8a,≤r13,1,13,r13 스냅샷
아이유,spillover,1,cb3f572d1282,≤r13,1,13,r13 스냅샷
아이유,spillover,2,7d7396792c67,≤r13,1,13,r13 스냅샷
아이유,spillover,3,88175f796c03,≤r13,1,13,r13 스냅샷
아이유,spillover,4,16d220b6fbc7,≤r13,1,13,r13 스냅샷
아이유,spillover,5,8b347014e9ac,≤r13,1,13,r13 스냅샷
아이유,spillover,6,8c176cc34110,≤r13,1,13,r13 스냅샷
아이유,spillover,7,fc42b7d5b509,≤r13,1,13,r13 스냅샷
아이유,spillover,8,385d693d25fd,≤r13,1,13,r13 스냅샷
아이유,spillover,9,7adf15fba1d6,≤r13,1,13,r13 스냅샷
아이유,spillover,10,54ee9dc1f471,≤r13,1,13,r13 스냅샷
아이유,spillover,11,eb945798b1e9,≤r13,1,13,r13 스냅샷
아이유,spillover,12,545ae45c0982,≤r13,1,13,r13 스냅샷
아이유,spillover,13,8e53408de49c,≤r13,1,13,r13 스냅샷
아이유,spillover,14,ac4161067b2c,≤r13,1,13,r13 스냅샷
아이유,spillover,15,6174ea015884,≤r13,1,13,r13 스냅샷
아이유,spillover,16,10e747f1c20e,≤r13,1,13,r13 스냅샷
아이유,spillover,17,33c9464cc277,≤r13,1,13,r13 스냅샷
아이유,spillover,18,899b5993217f,≤r13,1,13,r13 스냅샷
아이유,spillover,19,496a8ff9429d,≤r13,1,13,r13 스냅샷
아이유,spillover,20,9744e4036fa2,≤r13,1,13,r13 스냅샷
아이유,spillover,21,083489ba8f0b,≤r13,1,13,r13 스냅샷
아이유,spillover,22,e20f4c4baa8b,≤r13,1,13,r13 스냅샷
아이유,spillover,23,dbec21c1a822,≤r13,1,13,r13 스냅샷
아이유,spillover,24,6c7a43138276,≤r13,1,13,r13 스냅샷
아이유,spillover,25,130b1174cdc5,≤r13,1,13,r13 스냅샷
아이유,spillover,26,3269f3e1d1cb,≤r13,1,13,r13 스냅샷
아이유,spillover,27,b0e94a32f2d0,≤r13,1,13,r13 스냅샷
아이유,spillover,28,58bb35fb7479,r23∼r39,23,39,동결 근사 복원본
아이유,spillover,29,71597de16410,r23∼r39,23,39,동결 근사 복원본
아이유,spillover,30,6b5a1080d40b,r23∼r39,23,39,동결 근사 복원본
아이유,spillover,31,46678ad345cf,r23∼r39,23,39,동결 근사 복원본
아이유,spillover,32,083de0b9bbd8,r23∼r39,23,39,동결 근사 복원본
아이유,spillover,33,599217dc50dd,r23∼r39,23,39,동결 근사 복원본
아이유,spillover,34,ee8a3d827b64,r23∼r39,23,39,동결 근사 복원본
아이유,spillover,35,9824766bed5e,r23∼r39,23,39,동결 근사 복원본
아이유,spillover,36,b3ac46b88d7a,r23∼r39,23,39,동결 근사 복원본
아이유,spillover,37,757cd0e4153b,r23∼r39,23,39,동결 근사 복원본
아이유,spillover,38,7912ab6141c6,r23∼r39,23,39,동결 근사 복원본
아이유,spillover,39,acb8ff7d3279,r23∼r39,23,39,동결 근사 복원본
아이유,spillover,40,bcdc7384112d,r23∼r39,23,39,동결 근사 복원본
아이유,spillover,41,1519f43c105f,r23∼r39,23,39,동결 근사 복원본
아이유,spillover,42,ab18d97cefe4,r23∼r39,23,39,동결 근사 복원본
아이유,spillover,43,ea91fd43ef35,r23∼r39,23,39,동결 근사 복원본
아이유,spillover,44,1e2f77b1f359,r23∼r39,23,39,동결 근사 복원본
아이유,spillover,45,aeff81712b00,r41∼r72,41,72,라이브 코퍼스(스냅샷 이후)
아이유,spillover,46,0ea8489efff0,r41∼r72,41,72,라이브 코퍼스(스냅샷 이후)
아이유,spillover,47,e8c4eb200533,r41∼r72,41,72,라이브 코퍼스(스냅샷 이후)
아이유,spillover,48,7d75936444e3,r41∼r72,41,72,라이브 코퍼스(스냅샷 이후)
아이유,spillover,49,873c5d53f67d,r41∼r72,41,72,라이브 코퍼스(스냅샷 이후)
아이유,spillover,50,01587ebd8c53,r41∼r72,41,72,라이브 코퍼스(스냅샷 이후)
아이유,spillover,51,19da9d22b600,r41∼r72,41,72,라이브 코퍼스(스냅샷 이후)
아이유,spillover,52,015011a8929b,r41∼r72,41,72,라이브 코퍼스(스냅샷 이후)
아이유,spillover,53,81b44fbe6967,r41∼r72,41,72,라이브 코퍼스(스냅샷 이후)
아이유,spillover,54,3fa22f387d42,r41∼r72,41,72,라이브 코퍼스(스냅샷 이후)
아이유,spillover,55,d27f85a1bb89,r41∼r72,41,72,라이브 코퍼스(스냅샷 이후)
아이유,spillover,56,61e9c9663184,r41∼r72,41,72,라이브 코퍼스(스냅샷 이후)
아이유,spillover,57,fc1f3e341d9b,r41∼r72,41,72,라이브 코퍼스(스냅샷 이후)
아이유,spillover,58,140f1734dd06,r41∼r72,41,72,라이브 코퍼스(스냅샷 이후)
아이유,spillover,59,3f76938f452a,r41∼r72,41,72,라이브 코퍼스(스냅샷 이후)
아이유,spillover,60,9526ff8db26f,r41∼r72,41,72,라이브 코퍼스(스냅샷 이후)
아이유,spillover,61,05aa8c30a311,r41∼r72,41,72,라이브 코퍼스(스냅샷 이후)
아이유,spillover,62,84b56217620c,r41∼r72,41,72,라이브 코퍼스(스냅샷 이후)
아이유,spillover,63,105669fa4b57,r41∼r72,41,72,라이브 코퍼스(스냅샷 이후)
아이유,spillover,64,b68b41c2d5f8,r41∼r72,41,72,라이브 코퍼스(스냅샷 이후)
아이유,spillover,65,2e00a03a71ce,r41∼r72,41,72,라이브 코퍼스(스냅샷 이후)
아이유,spillover,66,0313fffd4b98,r41∼r72,41,72,라이브 코퍼스(스냅샷 이후)
아이유,spillover,67,cbe299aede33,r41∼r72,41,72,라이브 코퍼스(스냅샷 이후)
비비,loyalty,0,ccfffafaafa2,≤r13,1,13,r13 스냅샷
비비,loyalty,1,801d8fc10fd1,≤r13,1,13,r13 스냅샷
비비,loyalty,2,6d490492ed8b,≤r13,1,13,r13 스냅샷
비비,loyalty,3,4395f8499b61,≤r13,1,13,r13 스냅샷
비비,loyalty,4,16d32eabea48,≤r13,1,13,r13 스냅샷
비비,loyalty,5,a1a84094884d,≤r13,1,13,r13 스냅샷
비비,loyalty,6,e7a8142179b4,≤r13,1,13,r13 스냅샷
비비,loyalty,7,61694fda5858,≤r13,1,13,r13 스냅샷
비비,loyalty,8,cbd38a04b5b0,≤r13,1,13,r13 스냅샷
비비,loyalty,9,afbaefbc474f,≤r13,1,13,r13 스냅샷
비비,loyalty,10,fa528dd0ed17,≤r13,1,13,r13 스냅샷
비비,loyalty,11,bd93e00637f0,≤r13,1,13,r13 스냅샷
비비,loyalty,12,84732fce07c6,≤r13,1,13,r13 스냅샷
비비,loyalty,13,6207ce0151cf,≤r13,1,13,r13 스냅샷
비비,loyalty,14,615dceb4fb38,r14∼r22,14,22,r22 백업
비비,loyalty,15,962058b6ac11,r14∼r22,14,22,r22 백업
비비,loyalty,16,8e19f804c766,r14∼r22,14,22,r22 백업
비비,loyalty,17,36fec117021f,r14∼r22,14,22,r22 백업
비비,loyalty,18,8e45b4b49123,r14∼r22,14,22,r22 백업
비비,loyalty,19,cb09d14a3ac3,r14∼r22,14,22,r22 백업
비비,loyalty,20,c544590b1103,r14∼r22,14,22,r22 백업
비비,loyalty,21,5c91bffc0490,r14∼r22,14,22,r22 백업
비비,loyalty,22,d6e6149db3ee,r23∼r39,23,39,동결 근사 복원본
비비,loyalty,23,524e29be2611,r41∼r72,41,72,라이브 코퍼스(스냅샷 이후)
비비,loyalty,24,c5d229f001c2,r41∼r72,41,72,라이브 코퍼스(스냅샷 이후)
비비,loyalty,25,18fbf2500591,r41∼r72,41,72,라이브 코퍼스(스냅샷 이후)
비비,spillover,0,1998e1e7d491,≤r13,1,13,r13 스냅샷
비비,spillover,1,605191ce1e9b,≤r13,1,13,r13 스냅샷
비비,spillover,2,d3f3a4adcd98,≤r13,1,13,r13 스냅샷
비비,spillover,3,e0769d23d4ee,≤r13,1,13,r13 스냅샷
비비,spillover,4,2dd79a31dc33,≤r13,1,13,r13 스냅샷
비비,spillover,5,230c15cb958c,≤r13,1,13,r13 스냅샷
비비,spillover,6,c739abda7085,≤r13,1,13,r13 스냅샷
비비,spillover,7,f1f9f4184b03,≤r13,1,13,r13 스냅샷
비비,spillover,8,75534d80b33c,≤r13,1,13,r13 스냅샷
비비,spillover,9,8ed396a4bb89,≤r13,1,13,r13 스냅샷
비비,spillover,10,38dd9e4f8654,≤r13,1,13,r13 스냅샷
비비,spillover,11,07c36d9b9452,≤r13,1,13,r13 스냅샷
비비,spillover,12,bef0b896856b,≤r13,1,13,r13 스냅샷
비비,spillover,13,a921d66b8dfc,≤r13,1,13,r13 스냅샷
비비,spillover,14,4ed073aed5a4,≤r13,1,13,r13 스냅샷
비비,spillover,15,5ab6e6ca919c,≤r13,1,13,r13 스냅샷
비비,spillover,16,0485889cc402,≤r13,1,13,r13 스냅샷
비비,spillover,17,ee35e41aee36,≤r13,1,13,r13 스냅샷
비비,spillover,18,ab1202abc376,≤r13,1,13,r13 스냅샷
비비,spillover,19,4d8b6c05711b,≤r13,1,13,r13 스냅샷
비비,spillover,20,f74e40f41b34,≤r13,1,13,r13 스냅샷
비비,spillover,21,3016e029464f,≤r13,1,13,r13 스냅샷
비비,spillover,22,3bd24830aac2,r14∼r22,14,22,r22 백업
비비,spillover,23,f6f9210ab42e,r14∼r22,14,22,r22 백업
비비,spillover,24,80094a7bd4e5,r14∼r22,14,22,r22 백업
비비,spillover,25,f8b1198c4df4,r23∼r39,23,39,동결 근사 복원본
비비,spillover,26,bca252023f32,r23∼r39,23,39,동결 근사 복원본
비비,spillover,27,6a72447b056c,r23∼r39,23,39,동결 근사 복원본
비비,spillover,28,0187ce5594a7,r23∼r39,23,39,동결 근사 복원본
비비,spillover,29,f6335bebe11b,r23∼r39,23,39,동결 근사 복원본
비비,spillover,30,36dd282f6cea,r23∼r39,23,39,동결 근사 복원본
비비,spillover,31,fa5aea059dc5,r23∼r39,23,39,동결 근사 복원본
비비,spillover,32,cc98e33e1362,r23∼r39,23,39,동결 근사 복원본
비비,spillover,33,d6df4a67e5ef,r41∼r72,41,72,라이브 코퍼스(스냅샷 이후)
비비,spillover,34,90a0fb091c67,r41∼r72,41,72,라이브 코퍼스(스냅샷 이후)
비비,spillover,35,cd6bd3ade94a,r41∼r72,41,72,라이브 코퍼스(스냅샷 이후)
비비,spillover,36,0cd706ba9bae,r41∼r72,41,72,라이브 코퍼스(스냅샷 이후)
비비,spillover,37,abe9a71b94e9,r41∼r72,41,72,라이브 코퍼스(스냅샷 이후)
비비,spillover,38,589c53e0e23c,r41∼r72,41,72,라이브 코퍼스(스냅샷 이후)
비비,spillover,39,bf734e607e2e,r41∼r72,41,72,라이브 코퍼스(스냅샷 이후)
비비,spillover,40,5a2d8e5d3026,r41∼r72,41,72,라이브 코퍼스(스냅샷 이후)
비비,spillover,41,779fdbf0fb71,r41∼r72,41,72,라이브 코퍼스(스냅샷 이후)
비비,spillover,42,2a6a79244541,r41∼r72,41,72,라이브 코퍼스(스냅샷 이후)
비비,spillover,43,bd2049a76252,r41∼r72,41,72,라이브 코퍼스(스냅샷 이후)
비비,spillover,44,b62ff3ee9858,r41∼r72,41,72,라이브 코퍼스(스냅샷 이후)
비비,spillover,45,678de6f1734e,r41∼r72,41,72,라이브 코퍼스(스냅샷 이후)
비비,spillover,46,62adb76ea91e,r41∼r72,41,72,라이브 코퍼스(스냅샷 이후)
비비,spillover,47,c38dfafe4d82,r41∼r72,41,72,라이브 코퍼스(스냅샷 이후)
윤하,loyalty,0,6a1b3c94872b,≤r13,1,13,r13 스냅샷
윤하,loyalty,1,a0ff52d41dcd,≤r13,1,13,r13 스냅샷
윤하,loyalty,2,bfdcbffb1b3b,≤r13,1,13,r13 스냅샷
윤하,loyalty,3,910a7d220764,≤r13,1,13,r13 스냅샷
윤하,loyalty,4,f7ce17e13ceb,≤r13,1,13,r13 스냅샷
윤하,loyalty,5,ab7981151814,≤r13,1,13,r13 스냅샷
윤하,loyalty,6,c1a742145b19,≤r13,1,13,r13 스냅샷
윤하,loyalty,7,052481840584,≤r13,1,13,r13 스냅샷
윤하,loyalty,8,c77bbf918f59,≤r13,1,13,r13 스냅샷
윤하,loyalty,9,a8ede3f40910,≤r13,1,13,r13 스냅샷
윤하,loyalty,10,4888012c593b,≤r13,1,13,r13 스냅샷
윤하,loyalty,11,8950c4280284,≤r13,1,13,r13 스냅샷
윤하,loyalty,12,9ccdcda1ce85,≤r13,1,13,r13 스냅샷
윤하,loyalty,13,6265239fe890,≤r13,1,13,r13 스냅샷
윤하,loyalty,14,c6e8a207fd5b,≤r13,1,13,r13 스냅샷
윤하,loyalty,15,07079ab95d5b,≤r13,1,13,r13 스냅샷
윤하,loyalty,16,1ba71ae07cb2,r14∼r22,14,22,r22 백업
윤하,loyalty,17,fd59d2eab1e7,r14∼r22,14,22,r22 백업
윤하,loyalty,18,a8a226641668,r14∼r22,14,22,r22 백업
윤하,loyalty,19,269e8c9e6343,r14∼r22,14,22,r22 백업
윤하,loyalty,20,bd47ae6d0041,r41∼r72,41,72,라이브 코퍼스(스냅샷 이후)
윤하,loyalty,21,2214fb9fbadc,r41∼r72,41,72,라이브 코퍼스(스냅샷 이후)
윤하,loyalty,22,bdac0460f0cf,r41∼r72,41,72,라이브 코퍼스(스냅샷 이후)
윤하,loyalty,23,bd428b6f092f,r41∼r72,41,72,라이브 코퍼스(스냅샷 이후)
윤하,loyalty,24,981292c5f7a6,r41∼r72,41,72,라이브 코퍼스(스냅샷 이후)
윤하,loyalty,25,05a382d02027,r41∼r72,41,72,라이브 코퍼스(스냅샷 이후)
윤하,loyalty,26,dba2a1fed9a3,r41∼r72,41,72,라이브 코퍼스(스냅샷 이후)
윤하,loyalty,27,d5c433d005cf,r41∼r72,41,72,라이브 코퍼스(스냅샷 이후)
윤하,loyalty,28,50c44795d304,r41∼r72,41,72,라이브 코퍼스(스냅샷 이후)
윤하,loyalty,29,cf65f003279a,r41∼r72,41,72,라이브 코퍼스(스냅샷 이후)
윤하,loyalty,30,111b6359ff56,r41∼r72,41,72,라이브 코퍼스(스냅샷 이후)
윤하,loyalty,31,6d061f6af08c,r41∼r72,41,72,라이브 코퍼스(스냅샷 이후)
윤하,loyalty,32,626a4294fc58,r41∼r72,41,72,라이브 코퍼스(스냅샷 이후)
윤하,spillover,0,45b0318098e9,≤r13,1,13,r13 스냅샷
윤하,spillover,1,1607c3277585,≤r13,1,13,r13 스냅샷
윤하,spillover,2,be2b26256cbf,≤r13,1,13,r13 스냅샷
윤하,spillover,3,4ebb069c874f,≤r13,1,13,r13 스냅샷
윤하,spillover,4,d998a781d242,≤r13,1,13,r13 스냅샷
윤하,spillover,5,0b279592f60f,≤r13,1,13,r13 스냅샷
윤하,spillover,6,629a3373c049,≤r13,1,13,r13 스냅샷
윤하,spillover,7,893e3284fb7b,≤r13,1,13,r13 스냅샷
윤하,spillover,8,1fb4cf27eb10,≤r13,1,13,r13 스냅샷
윤하,spillover,9,946ecc03db1e,≤r13,1,13,r13 스냅샷
윤하,spillover,10,b452b306ea9f,≤r13,1,13,r13 스냅샷
윤하,spillover,11,35f42df76be0,≤r13,1,13,r13 스냅샷
윤하,spillover,12,5e95c5203ac1,≤r13,1,13,r13 스냅샷
윤하,spillover,13,37d0de4e0c16,≤r13,1,13,r13 스냅샷
윤하,spillover,14,cf2956249f9f,≤r13,1,13,r13 스냅샷
윤하,spillover,15,cf34e3ccb2ac,≤r13,1,13,r13 스냅샷
윤하,spillover,16,8f2c873506ad,≤r13,1,13,r13 스냅샷
윤하,spillover,17,b5171f90c7b4,≤r13,1,13,r13 스냅샷
윤하,spillover,18,daa4657a17c5,≤r13,1,13,r13 스냅샷
윤하,spillover,19,b1976dd9b534,r14∼r22,14,22,r22 백업
윤하,spillover,20,79c5d8f3a4c9,r23∼r39,23,39,동결 근사 복원본
윤하,spillover,21,b2d069c60dd5,r23∼r39,23,39,동결 근사 복원본
윤하,spillover,22,e5bf9702e135,r23∼r39,23,39,동결 근사 복원본
윤하,spillover,23,f8a165361745,r23∼r39,23,39,동결 근사 복원본
윤하,spillover,24,ff28bd8cf6cb,r23∼r39,23,39,동결 근사 복원본
윤하,spillover,25,df9f51c70ac3,r23∼r39,23,39,동결 근사 복원본
윤하,spillover,26,da0137d532d0,r23∼r39,23,39,동결 근사 복원본
윤하,spillover,27,a973918b9815,r23∼r39,23,39,동결 근사 복원본
윤하,spillover,28,bb78edaf81d9,r23∼r39,23,39,동결 근사 복원본
윤하,spillover,29,259d98282747,r23∼r39,23,39,동결 근사 복원본
윤하,spillover,30,9cb55edff3b2,r23∼r39,23,39,동결 근사 복원본
윤하,spillover,31,887a8862eb0d,r23∼r39,23,39,동결 근사 복원본
윤하,spillover,32,e9364f160135,r23∼r39,23,39,동결 근사 복원본
윤하,spillover,33,978d7349ea68,r41∼r72,41,72,라이브 코퍼스(스냅샷 이후)
윤하,spillover,34,f21c811ee521,r41∼r72,41,72,라이브 코퍼스(스냅샷 이후)
윤하,spillover,35,ad37c264a894,r41∼r72,41,72,라이브 코퍼스(스냅샷 이후)
윤하,spillover,36,2d5064ff7192,r41∼r72,41,72,라이브 코퍼스(스냅샷 이후)
윤하,spillover,37,5ac98c92c724,r41∼r72,41,72,라이브 코퍼스(스냅샷 이후)
윤하,spillover,38,05bcfba3cee3,r41∼r72,41,72,라이브 코퍼스(스냅샷 이후)
윤하,spillover,39,54cedc350e32,r41∼r72,41,72,라이브 코퍼스(스냅샷 이후)
윤하,spillover,40,7b4f8c873946,r41∼r72,41,72,라이브 코퍼스(스냅샷 이후)
윤하,spillover,41,887215b168d6,r41∼r72,41,72,라이브 코퍼스(스냅샷 이후)
윤하,spillover,42,e0d12458dd5e,r41∼r72,41,72,라이브 코퍼스(스냅샷 이후)
윤하,spillover,43,a29a569af4b0,r41∼r72,41,72,라이브 코퍼스(스냅샷 이후)
윤하,spillover,44,8840a2d536de,r41∼r72,41,72,라이브 코퍼스(스냅샷 이후)
윤하,spillover,45,8d1a48c3b5bc,r41∼r72,41,72,라이브 코퍼스(스냅샷 이후)
윤하,spillover,46,d4a7539daa7c,r41∼r72,41,72,라이브 코퍼스(스냅샷 이후)
윤하,spillover,47,7f1d11164853,r41∼r72,41,72,라이브 코퍼스(스냅샷 이후)
윤하,spillover,48,7f4f765f8829,r41∼r72,41,72,라이브 코퍼스(스냅샷 이후)
윤하,spillover,49,83179fde9371,r41∼r72,41,72,라이브 코퍼스(스냅샷 이후)
청하,loyalty,0,a416eae36d19,≤r13,1,13,r13 스냅샷
청하,loyalty,1,5bfac0e4aab2,≤r13,1,13,r13 스냅샷
청하,loyalty,2,7a676f4f0b31,≤r13,1,13,r13 스냅샷
청하,loyalty,3,006ed0feb406,≤r13,1,13,r13 스냅샷
청하,loyalty,4,18f9e7852903,≤r13,1,13,r13 스냅샷
청하,loyalty,5,bf27fcb9f684,≤r13,1,13,r13 스냅샷
청하,loyalty,6,541ac5f1d675,≤r13,1,13,r13 스냅샷
청하,loyalty,7,0ccbfb62556c,≤r13,1,13,r13 스냅샷
청하,loyalty,8,c0cbd3f3df42,≤r13,1,13,r13 스냅샷
청하,loyalty,9,8831a895db56,≤r13,1,13,r13 스냅샷
청하,loyalty,10,dec005b4e7cc,≤r13,1,13,r13 스냅샷
청하,loyalty,11,1a298d209e34,≤r13,1,13,r13 스냅샷
청하,loyalty,12,5a931c74fc14,≤r13,1,13,r13 스냅샷
청하,loyalty,13,83344287648a,≤r13,1,13,r13 스냅샷
청하,loyalty,14,7e109571bc9c,r14∼r22,14,22,r22 백업
청하,loyalty,15,eeca441f0858,r23∼r39,23,39,동결 근사 복원본
청하,loyalty,16,b8f99fc63eb8,r23∼r39,23,39,동결 근사 복원본
청하,loyalty,17,e4821749133d,r41∼r72,41,72,라이브 코퍼스(스냅샷 이후)
청하,loyalty,18,7e33dd225890,r41∼r72,41,72,라이브 코퍼스(스냅샷 이후)
청하,loyalty,19,e0d7eb56fbf2,r41∼r72,41,72,라이브 코퍼스(스냅샷 이후)
청하,spillover,0,2766974c3466,≤r13,1,13,r13 스냅샷
청하,spillover,1,5cf570c49611,≤r13,1,13,r13 스냅샷
청하,spillover,2,8e05d15d51ed,≤r13,1,13,r13 스냅샷
청하,spillover,3,6dd412946c19,≤r13,1,13,r13 스냅샷
청하,spillover,4,f4c387b03346,≤r13,1,13,r13 스냅샷
청하,spillover,5,a81696075fa3,≤r13,1,13,r13 스냅샷
청하,spillover,6,a93e6a72ce0f,≤r13,1,13,r13 스냅샷
청하,spillover,7,e5c40c8e29a3,≤r13,1,13,r13 스냅샷
청하,spillover,8,e5c39bdb0421,≤r13,1,13,r13 스냅샷
청하,spillover,9,ef848a7850f9,≤r13,1,13,r13 스냅샷
청하,spillover,10,e0adc1eb0c13,≤r13,1,13,r13 스냅샷
청하,spillover,11,10cf5a013342,≤r13,1,13,r13 스냅샷
청하,spillover,12,4a6b0a93b03d,≤r13,1,13,r13 스냅샷
청하,spillover,13,2f70e5187b32,≤r13,1,13,r13 스냅샷
청하,spillover,14,29fabcb6b4fd,≤r13,1,13,r13 스냅샷
청하,spillover,15,e7a19ef3b420,≤r13,1,13,r13 스냅샷
청하,spillover,16,6c205a29fa88,≤r13,1,13,r13 스냅샷
청하,spillover,17,6556fb7285f6,≤r13,1,13,r13 스냅샷
청하,spillover,18,c3cea82742b0,≤r13,1,13,r13 스냅샷
청하,spillover,19,6d3543b9d6bd,≤r13,1,13,r13 스냅샷
청하,spillover,20,b700fe22e85f,≤r13,1,13,r13 스냅샷
청하,spillover,21,47a34c8f5833,≤r13,1,13,r13 스냅샷
청하,spillover,22,c0f8096f512d,≤r13,1,13,r13 스냅샷
청하,spillover,23,37fa3b0e1c20,≤r13,1,13,r13 스냅샷
청하,spillover,24,b2cc08b02cd8,≤r13,1,13,r13 스냅샷
청하,spillover,25,5b7ac7340fc8,≤r13,1,13,r13 스냅샷
청하,spillover,26,bb4727d716e2,≤r13,1,13,r13 스냅샷
청하,spillover,27,76cbe660f587,≤r13,1,13,r13 스냅샷
청하,spillover,28,e7bc838742d2,≤r13,1,13,r13 스냅샷
청하,spillover,29,efeb11ea9e96,≤r13,1,13,r13 스냅샷
청하,spillover,30,f610f4213a9e,≤r13,1,13,r13 스냅샷
청하,spillover,31,02f882f95e54,r14∼r22,14,22,r22 백업
청하,spillover,32,bff51f1c7271,r14∼r22,14,22,r22 백업
청하,spillover,33,011429b5f72a,r14∼r22,14,22,r22 백업
청하,spillover,34,93d9c62ecee4,r14∼r22,14,22,r22 백업
청하,spillover,35,9ebe5d560ac4,r23∼r39,23,39,동결 근사 복원본
청하,spillover,36,e090eb7a3310,r23∼r39,23,39,동결 근사 복원본
청하,spillover,37,cf3425bed976,r23∼r39,23,39,동결 근사 복원본
청하,spillover,38,d48f9195f7de,r23∼r39,23,39,동결 근사 복원본
청하,spillover,39,8be868f06efb,r23∼r39,23,39,동결 근사 복원본
청하,spillover,40,845513650225,r23∼r39,23,39,동결 근사 복원본
청하,spillover,41,427a812b10e4,r23∼r39,23,39,동결 근사 복원본
청하,spillover,42,4078ebfb5692,r23∼r39,23,39,동결 근사 복원본
청하,spillover,43,2a8b52f54af7,r23∼r39,23,39,동결 근사 복원본
청하,spillover,44,034e76be1553,r23∼r39,23,39,동결 근사 복원본
청하,spillover,45,50c9ebcc3ac0,r23∼r39,23,39,동결 근사 복원본
청하,spillover,46,07f7bedf89fa,r23∼r39,23,39,동결 근사 복원본
청하,spillover,47,073cbf65251d,r23∼r39,23,39,동결 근사 복원본
청하,spillover,48,097c0b748b07,r23∼r39,23,39,동결 근사 복원본
청하,spillover,49,811cf844841c,r23∼r39,23,39,동결 근사 복원본
청하,spillover,50,58e332364f71,r23∼r39,23,39,동결 근사 복원본
청하,spillover,51,3cfddfd65d46,r41∼r72,41,72,라이브 코퍼스(스냅샷 이후)
청하,spillover,52,a9b58dcdc576,r41∼r72,41,72,라이브 코퍼스(스냅샷 이후)
청하,spillover,53,ca530a2f6077,r41∼r72,41,72,라이브 코퍼스(스냅샷 이후)
청하,spillover,54,fb1fb93ae8d1,r41∼r72,41,72,라이브 코퍼스(스냅샷 이후)
청하,spillover,55,eaef1879f7b5,r41∼r72,41,72,라이브 코퍼스(스냅샷 이후)
청하,spillover,56,5ab8c4b7f43e,r41∼r72,41,72,라이브 코퍼스(스냅샷 이후)
청하,spillover,57,4f1ddffda318,r41∼r72,41,72,라이브 코퍼스(스냅샷 이후)
청하,spillover,58,06ecb90eb4f6,r41∼r72,41,72,라이브 코퍼스(스냅샷 이후)
최예나,loyalty,0,1692f0f91b90,≤r13,1,13,r13 스냅샷
최예나,loyalty,1,291b9d4d8db5,≤r13,1,13,r13 스냅샷
최예나,loyalty,2,96fc0b5c1236,≤r13,1,13,r13 스냅샷
최예나,loyalty,3,f5306a970322,≤r13,1,13,r13 스냅샷
최예나,loyalty,4,a0c07d23a883,≤r13,1,13,r13 스냅샷
최예나,loyalty,5,7a0b65b420e2,≤r13,1,13,r13 스냅샷
최예나,loyalty,6,44c96004d5c6,≤r13,1,13,r13 스냅샷
최예나,loyalty,7,eb38ad0cbefe,≤r13,1,13,r13 스냅샷
최예나,loyalty,8,4468b6837edc,≤r13,1,13,r13 스냅샷
최예나,loyalty,9,bc032f70fee3,≤r13,1,13,r13 스냅샷
최예나,loyalty,10,f977b6fb906b,≤r13,1,13,r13 스냅샷
최예나,loyalty,11,e370a0c06f83,≤r13,1,13,r13 스냅샷
최예나,loyalty,12,1dda9471153f,≤r13,1,13,r13 스냅샷
최예나,loyalty,13,7eb02109e9ed,≤r13,1,13,r13 스냅샷
최예나,loyalty,14,298ff43ed796,≤r13,1,13,r13 스냅샷
최예나,loyalty,15,8f77187890cd,≤r13,1,13,r13 스냅샷
최예나,loyalty,16,a82111101d92,≤r13,1,13,r13 스냅샷
최예나,loyalty,17,5ebf0323f3bb,≤r13,1,13,r13 스냅샷
최예나,loyalty,18,df501b2546c4,≤r13,1,13,r13 스냅샷
최예나,loyalty,19,504bf2a646b6,≤r13,1,13,r13 스냅샷
최예나,loyalty,20,6297e54dffbf,≤r13,1,13,r13 스냅샷
최예나,loyalty,21,e20808ee1a27,≤r13,1,13,r13 스냅샷
최예나,loyalty,22,01d9ddaf6f99,≤r13,1,13,r13 스냅샷
최예나,loyalty,23,89d1b018b2ec,≤r13,1,13,r13 스냅샷
최예나,loyalty,24,6dfdf709ca3a,≤r13,1,13,r13 스냅샷
최예나,loyalty,25,d1d33939ecf1,r14∼r22,14,22,r22 백업
최예나,loyalty,26,da6428c1781c,r14∼r22,14,22,r22 백업
최예나,loyalty,27,6f796c8036c6,r14∼r22,14,22,r22 백업
최예나,loyalty,28,f2642b41b59c,r14∼r22,14,22,r22 백업
최예나,loyalty,29,5a0cca3c89aa,r23∼r39,23,39,동결 근사 복원본
최예나,loyalty,30,aebf1dbd822e,r23∼r39,23,39,동결 근사 복원본
최예나,loyalty,31,4a38dbe8ad4e,r41∼r72,41,72,라이브 코퍼스(스냅샷 이후)
최예나,loyalty,32,3603d3416bfe,r41∼r72,41,72,라이브 코퍼스(스냅샷 이후)
최예나,loyalty,33,bdf352ae5184,r41∼r72,41,72,라이브 코퍼스(스냅샷 이후)
최예나,loyalty,34,00c34ccf4ac2,r41∼r72,41,72,라이브 코퍼스(스냅샷 이후)
최예나,loyalty,35,189a5c7417e0,r41∼r72,41,72,라이브 코퍼스(스냅샷 이후)
최예나,loyalty,36,f63ba4d78786,r41∼r72,41,72,라이브 코퍼스(스냅샷 이후)
최예나,loyalty,37,76df76824faf,r41∼r72,41,72,라이브 코퍼스(스냅샷 이후)
최예나,loyalty,38,be54d49e4dc0,r41∼r72,41,72,라이브 코퍼스(스냅샷 이후)
최예나,spillover,0,1868fccc53b5,≤r13,1,13,r13 스냅샷
최예나,spillover,1,f48e83a74bf1,≤r13,1,13,r13 스냅샷
최예나,spillover,2,89c189a5fe87,≤r13,1,13,r13 스냅샷
최예나,spillover,3,f1e7bd7320dd,≤r13,1,13,r13 스냅샷
최예나,spillover,4,fd7594be75fe,≤r13,1,13,r13 스냅샷
최예나,spillover,5,65b876d84fca,≤r13,1,13,r13 스냅샷
최예나,spillover,6,d402f95bd803,≤r13,1,13,r13 스냅샷
최예나,spillover,7,59ec374f9d27,≤r13,1,13,r13 스냅샷
최예나,spillover,8,5ba202f9d6aa,≤r13,1,13,r13 스냅샷
최예나,spillover,9,40f4491c5024,≤r13,1,13,r13 스냅샷
최예나,spillover,10,31e77e5b53be,≤r13,1,13,r13 스냅샷
최예나,spillover,11,2770b8689aec,≤r13,1,13,r13 스냅샷
최예나,spillover,12,6094a85662d2,≤r13,1,13,r13 스냅샷
최예나,spillover,13,0a8aa1061c55,≤r13,1,13,r13 스냅샷
최예나,spillover,14,344a9e1bfbb0,≤r13,1,13,r13 스냅샷
최예나,spillover,15,3c349a2eafb3,≤r13,1,13,r13 스냅샷
최예나,spillover,16,09c27688b34f,≤r13,1,13,r13 스냅샷
최예나,spillover,17,d6016a21072e,≤r13,1,13,r13 스냅샷
최예나,spillover,18,be65020dc444,≤r13,1,13,r13 스냅샷
최예나,spillover,19,b4fc09089e31,≤r13,1,13,r13 스냅샷
최예나,spillover,20,a1200f816351,≤r13,1,13,r13 스냅샷
최예나,spillover,21,6eabc73844e7,≤r13,1,13,r13 스냅샷
최예나,spillover,22,7e17917d6ebe,≤r13,1,13,r13 스냅샷
최예나,spillover,23,7de11a2f1ebe,≤r13,1,13,r13 스냅샷
최예나,spillover,24,e0c177acca14,≤r13,1,13,r13 스냅샷
최예나,spillover,25,e12f4a3f053e,≤r13,1,13,r13 스냅샷
최예나,spillover,26,74ef25ed771f,≤r13,1,13,r13 스냅샷
최예나,spillover,27,fd19acf7b177,≤r13,1,13,r13 스냅샷
최예나,spillover,28,0ca6afa199e2,≤r13,1,13,r13 스냅샷
최예나,spillover,29,aa5440ac2749,≤r13,1,13,r13 스냅샷
최예나,spillover,30,7c44733be07a,≤r13,1,13,r13 스냅샷
최예나,spillover,31,9734de2e698f,r14∼r22,14,22,r22 백업
최예나,spillover,32,dd9d5efa0666,r14∼r22,14,22,r22 백업
최예나,spillover,33,6156d1df5ad4,r14∼r22,14,22,r22 백업
최예나,spillover,34,a5c8b5fbabac,r23∼r39,23,39,동결 근사 복원본
최예나,spillover,35,cca6b0ae638c,r23∼r39,23,39,동결 근사 복원본
최예나,spillover,36,2c4f69606940,r23∼r39,23,39,동결 근사 복원본
최예나,spillover,37,4ce296866fb8,r23∼r39,23,39,동결 근사 복원본
최예나,spillover,38,2a9066bffdf0,r23∼r39,23,39,동결 근사 복원본
최예나,spillover,39,bc437eea1b9f,r23∼r39,23,39,동결 근사 복원본
최예나,spillover,40,05a82a61ce1a,r23∼r39,23,39,동결 근사 복원본
최예나,spillover,41,38db27c41778,r23∼r39,23,39,동결 근사 복원본
최예나,spillover,42,710c532e4866,r23∼r39,23,39,동결 근사 복원본
최예나,spillover,43,00a1ff37dcff,r23∼r39,23,39,동결 근사 복원본
최예나,spillover,44,ada18709368d,r23∼r39,23,39,동결 근사 복원본
최예나,spillover,45,3b678b4bc5b2,r23∼r39,23,39,동결 근사 복원본
최예나,spillover,46,b0d3845f097d,r23∼r39,23,39,동결 근사 복원본
최예나,spillover,47,4a92ae9d89cf,r23∼r39,23,39,동결 근사 복원본
최예나,spillover,48,07cb727195c4,r23∼r39,23,39,동결 근사 복원본
최예나,spillover,49,409aed6effa4,r23∼r39,23,39,동결 근사 복원본
최예나,spillover,50,cd42237c7612,r23∼r39,23,39,동결 근사 복원본
최예나,spillover,51,63edd6c69658,r23∼r39,23,39,동결 근사 복원본
최예나,spillover,52,51c1022a5f27,r41∼r72,41,72,라이브 코퍼스(스냅샷 이후)
최예나,spillover,53,3247c2c63394,r41∼r72,41,72,라이브 코퍼스(스냅샷 이후)
최예나,spillover,54,e09526eef2e3,r41∼r72,41,72,라이브 코퍼스(스냅샷 이후)
최예나,spillover,55,404c265c77f4,r41∼r72,41,72,라이브 코퍼스(스냅샷 이후)
최예나,spillover,56,dde0aef84185,r41∼r72,41,72,라이브 코퍼스(스냅샷 이후)
권은비,loyalty,0,d82b37eec4c6,≤r13,1,13,r13 스냅샷
권은비,loyalty,1,7234458d9fe6,≤r13,1,13,r13 스냅샷
권은비,loyalty,2,da65bf288d19,≤r13,1,13,r13 스냅샷
권은비,loyalty,3,1942f754501c,≤r13,1,13,r13 스냅샷
권은비,loyalty,4,d19781dc4e6c,≤r13,1,13,r13 스냅샷
권은비,loyalty,5,05e174ad5833,≤r13,1,13,r13 스냅샷
권은비,loyalty,6,620ec0dd0c1a,≤r13,1,13,r13 스냅샷
권은비,loyalty,7,b97f053cf654,≤r13,1,13,r13 스냅샷
권은비,loyalty,8,7e05c9146046,≤r13,1,13,r13 스냅샷
권은비,loyalty,9,ee805e5186ba,≤r13,1,13,r13 스냅샷
권은비,loyalty,10,922a51c9ae0c,≤r13,1,13,r13 스냅샷
권은비,loyalty,11,826255f8b66f,≤r13,1,13,r13 스냅샷
권은비,loyalty,12,2590b25a0164,≤r13,1,13,r13 스냅샷
권은비,loyalty,13,d66866abb418,≤r13,1,13,r13 스냅샷
권은비,loyalty,14,8bc852c937c4,≤r13,1,13,r13 스냅샷
권은비,loyalty,15,cff9baeef5fc,≤r13,1,13,r13 스냅샷
권은비,loyalty,16,eafb18b8f2d3,≤r13,1,13,r13 스냅샷
권은비,loyalty,17,9b1cffd16a19,≤r13,1,13,r13 스냅샷
권은비,loyalty,18,8aef65fb259e,≤r13,1,13,r13 스냅샷
권은비,loyalty,19,255c187d29fc,≤r13,1,13,r13 스냅샷
권은비,loyalty,20,7b5f2f9df5f0,r23∼r39,23,39,동결 근사 복원본
권은비,loyalty,21,ba66f0080c21,r41∼r72,41,72,라이브 코퍼스(스냅샷 이후)
권은비,loyalty,22,f22a392e19f9,r41∼r72,41,72,라이브 코퍼스(스냅샷 이후)
권은비,loyalty,23,a9c2d2fcb448,r41∼r72,41,72,라이브 코퍼스(스냅샷 이후)
권은비,loyalty,24,9bd74df563dc,r41∼r72,41,72,라이브 코퍼스(스냅샷 이후)
권은비,spillover,0,537140eae5e6,≤r13,1,13,r13 스냅샷
권은비,spillover,1,0a52685bcead,≤r13,1,13,r13 스냅샷
권은비,spillover,2,7b2cbaa3fc5a,≤r13,1,13,r13 스냅샷
권은비,spillover,3,ba500d5d44df,≤r13,1,13,r13 스냅샷
권은비,spillover,4,74049f40ae2e,≤r13,1,13,r13 스냅샷
권은비,spillover,5,1e7168d9fa3f,≤r13,1,13,r13 스냅샷
권은비,spillover,6,bb4068106a94,≤r13,1,13,r13 스냅샷
권은비,spillover,7,2f22beabb3a4,≤r13,1,13,r13 스냅샷
권은비,spillover,8,4742b3660c2c,≤r13,1,13,r13 스냅샷
권은비,spillover,9,246bae7b912e,≤r13,1,13,r13 스냅샷
권은비,spillover,10,38ad3bc385b0,≤r13,1,13,r13 스냅샷
권은비,spillover,11,713a68bca4d6,≤r13,1,13,r13 스냅샷
권은비,spillover,12,a1a6fb314cd5,≤r13,1,13,r13 스냅샷
권은비,spillover,13,464bd095b3da,≤r13,1,13,r13 스냅샷
권은비,spillover,14,3cc14a44270a,≤r13,1,13,r13 스냅샷
권은비,spillover,15,865de616fcfb,≤r13,1,13,r13 스냅샷
권은비,spillover,16,6fbcbe03b004,≤r13,1,13,r13 스냅샷
권은비,spillover,17,33266a77e904,≤r13,1,13,r13 스냅샷
권은비,spillover,18,f847492d1dd7,≤r13,1,13,r13 스냅샷
권은비,spillover,19,1277bdf61f3e,≤r13,1,13,r13 스냅샷
권은비,spillover,20,4b8ac1675ffa,≤r13,1,13,r13 스냅샷
권은비,spillover,21,ec14e9dee205,≤r13,1,13,r13 스냅샷
권은비,spillover,22,7aa717141b4b,≤r13,1,13,r13 스냅샷
권은비,spillover,23,aea38aed2fdc,≤r13,1,13,r13 스냅샷
권은비,spillover,24,c24c4daff809,≤r13,1,13,r13 스냅샷
권은비,spillover,25,eb152fd34d74,≤r13,1,13,r13 스냅샷
권은비,spillover,26,6cf9f23c12ce,≤r13,1,13,r13 스냅샷
권은비,spillover,27,dc502e9de0c4,≤r13,1,13,r13 스냅샷
권은비,spillover,28,195f27d4c341,≤r13,1,13,r13 스냅샷
권은비,spillover,29,4fb3e59f9643,≤r13,1,13,r13 스냅샷
권은비,spillover,30,1fc7d8b95ed5,≤r13,1,13,r13 스냅샷
권은비,spillover,31,d326d7bd309d,≤r13,1,13,r13 스냅샷
권은비,spillover,32,7ec0d310a1e5,≤r13,1,13,r13 스냅샷
권은비,spillover,33,413510fb4af2,≤r13,1,13,r13 스냅샷
권은비,spillover,34,6b5e1dafc150,≤r13,1,13,r13 스냅샷
권은비,spillover,35,a5005d510d2a,≤r13,1,13,r13 스냅샷
권은비,spillover,36,98312e39a588,≤r13,1,13,r13 스냅샷
권은비,spillover,37,f01120801a75,≤r13,1,13,r13 스냅샷
권은비,spillover,38,d4c02cdd9ab4,≤r13,1,13,r13 스냅샷
권은비,spillover,39,49b7c48a3429,≤r13,1,13,r13 스냅샷
권은비,spillover,40,4019fc96755f,≤r13,1,13,r13 스냅샷
권은비,spillover,41,f0e19d6bad58,r14∼r22,14,22,r22 백업
권은비,spillover,42,0012169746dc,r23∼r39,23,39,동결 근사 복원본
권은비,spillover,43,096854493138,r23∼r39,23,39,동결 근사 복원본
권은비,spillover,44,06211694f7e3,r23∼r39,23,39,동결 근사 복원본
권은비,spillover,45,5a44f89b2840,r23∼r39,23,39,동결 근사 복원본
권은비,spillover,46,b13f34a0c0c7,r23∼r39,23,39,동결 근사 복원본
권은비,spillover,47,826f6903090f,r23∼r39,23,39,동결 근사 복원본
권은비,spillover,48,e29b3e39d578,r23∼r39,23,39,동결 근사 복원본
권은비,spillover,49,c7a57776cd7d,r23∼r39,23,39,동결 근사 복원본
권은비,spillover,50,dec41866b727,r23∼r39,23,39,동결 근사 복원본
권은비,spillover,51,f48ba586946f,r23∼r39,23,39,동결 근사 복원본
권은비,spillover,52,d0065c057808,r23∼r39,23,39,동결 근사 복원본
권은비,spillover,53,f19f8bde4a70,r23∼r39,23,39,동결 근사 복원본
권은비,spillover,54,714888027a13,r23∼r39,23,39,동결 근사 복원본
권은비,spillover,55,bba303b160c5,r23∼r39,23,39,동결 근사 복원본
권은비,spillover,56,2b53b7415d3a,r23∼r39,23,39,동결 근사 복원본
권은비,spillover,57,ce3e21784c8b,r23∼r39,23,39,동결 근사 복원본
권은비,spillover,58,932d9ac4117c,r23∼r39,23,39,동결 근사 복원본
권은비,spillover,59,6a210b483223,r23∼r39,23,39,동결 근사 복원본
권은비,spillover,60,6c477e9c05ca,r23∼r39,23,39,동결 근사 복원본
권은비,spillover,61,98b99fa5a2f3,r41∼r72,41,72,라이브 코퍼스(스냅샷 이후)
권은비,spillover,62,bd326eefd1cc,r41∼r72,41,72,라이브 코퍼스(스냅샷 이후)
권은비,spillover,63,d52e4e4cffd7,r41∼r72,41,72,라이브 코퍼스(스냅샷 이후)
권은비,spillover,64,8797369b5896,r41∼r72,41,72,라이브 코퍼스(스냅샷 이후)
츄,loyalty,0,20fdf9ee1082,≤r13,1,13,r13 스냅샷
츄,loyalty,1,6586360e3c86,≤r13,1,13,r13 스냅샷
츄,loyalty,2,89dcc40805d3,≤r13,1,13,r13 스냅샷
츄,loyalty,3,dacb9dedebc1,≤r13,1,13,r13 스냅샷
츄,loyalty,4,0a009a93b786,≤r13,1,13,r13 스냅샷
츄,loyalty,5,4f39e8ff52a2,≤r13,1,13,r13 스냅샷
츄,loyalty,6,dcaf8682290a,≤r13,1,13,r13 스냅샷
츄,loyalty,7,40aeb959aa62,≤r13,1,13,r13 스냅샷
츄,loyalty,8,421fd876ca61,≤r13,1,13,r13 스냅샷
츄,loyalty,9,5af04ac8494d,≤r13,1,13,r13 스냅샷
츄,loyalty,10,4d33f421c4db,≤r13,1,13,r13 스냅샷
츄,loyalty,11,238c6582aeaf,≤r13,1,13,r13 스냅샷
츄,loyalty,12,ac4c850f160d,≤r13,1,13,r13 스냅샷
츄,loyalty,13,3b8be43eeb53,≤r13,1,13,r13 스냅샷
츄,loyalty,14,73a15320c98e,≤r13,1,13,r13 스냅샷
츄,loyalty,15,d5259c3bbcad,≤r13,1,13,r13 스냅샷
츄,loyalty,16,efa598a16238,≤r13,1,13,r13 스냅샷
츄,loyalty,17,7ea38cb11dbf,≤r13,1,13,r13 스냅샷
츄,loyalty,18,0e720c677ed4,≤r13,1,13,r13 스냅샷
츄,loyalty,19,d12e8edccb42,≤r13,1,13,r13 스냅샷
츄,loyalty,20,d1e95fd95a46,≤r13,1,13,r13 스냅샷
츄,loyalty,21,effd65a75a65,≤r13,1,13,r13 스냅샷
츄,loyalty,22,d30f77bb20cf,r14∼r22,14,22,r22 백업
츄,loyalty,23,e772f008ab76,r14∼r22,14,22,r22 백업
츄,loyalty,24,4829cb3cfc89,r14∼r22,14,22,r22 백업
츄,loyalty,25,53bef828d5fc,r14∼r22,14,22,r22 백업
츄,loyalty,26,0f0cb923c43b,r14∼r22,14,22,r22 백업
츄,loyalty,27,59bb742d48eb,r14∼r22,14,22,r22 백업
츄,loyalty,28,8c94d9d76e7c,r23∼r39,23,39,동결 근사 복원본
츄,loyalty,29,ce1f8368858a,r23∼r39,23,39,동결 근사 복원본
츄,loyalty,30,586b8634699c,r41∼r72,41,72,라이브 코퍼스(스냅샷 이후)
츄,loyalty,31,cb71be2d3c58,r41∼r72,41,72,라이브 코퍼스(스냅샷 이후)
츄,loyalty,32,c66d4b9ed72f,r41∼r72,41,72,라이브 코퍼스(스냅샷 이후)
츄,loyalty,33,d9c3ff05ab19,r41∼r72,41,72,라이브 코퍼스(스냅샷 이후)
츄,spillover,0,e06d4c6e1dce,≤r13,1,13,r13 스냅샷
츄,spillover,1,7e32459233a4,≤r13,1,13,r13 스냅샷
츄,spillover,2,08e305c991d1,≤r13,1,13,r13 스냅샷
츄,spillover,3,33f5a4ce513e,≤r13,1,13,r13 스냅샷
츄,spillover,4,405fcc977812,≤r13,1,13,r13 스냅샷
츄,spillover,5,684b67a449c5,≤r13,1,13,r13 스냅샷
츄,spillover,6,609d15d99912,≤r13,1,13,r13 스냅샷
츄,spillover,7,71c6f8420bab,≤r13,1,13,r13 스냅샷
츄,spillover,8,f8177261dd7e,≤r13,1,13,r13 스냅샷
츄,spillover,9,736cab8c3b30,≤r13,1,13,r13 스냅샷
츄,spillover,10,5c5a1a9b62f0,≤r13,1,13,r13 스냅샷
츄,spillover,11,0019d0c10b1a,≤r13,1,13,r13 스냅샷
츄,spillover,12,3e62ed21ce95,≤r13,1,13,r13 스냅샷
츄,spillover,13,ce819880831b,≤r13,1,13,r13 스냅샷
츄,spillover,14,569b4243722c,≤r13,1,13,r13 스냅샷
츄,spillover,15,eda561f1f91a,≤r13,1,13,r13 스냅샷
츄,spillover,16,66a7eed4b5a3,≤r13,1,13,r13 스냅샷
츄,spillover,17,18dfe490cc25,≤r13,1,13,r13 스냅샷
츄,spillover,18,adcbbae0b9c8,≤r13,1,13,r13 스냅샷
츄,spillover,19,e69da5b5f7a7,≤r13,1,13,r13 스냅샷
츄,spillover,20,4f5d7c4ff4ca,≤r13,1,13,r13 스냅샷
츄,spillover,21,a31cf2f39ef8,≤r13,1,13,r13 스냅샷
츄,spillover,22,2171d6b3f4be,≤r13,1,13,r13 스냅샷
츄,spillover,23,6029de57ee55,≤r13,1,13,r13 스냅샷
츄,spillover,24,2978826147b4,≤r13,1,13,r13 스냅샷
츄,spillover,25,25fe2fc80ec6,≤r13,1,13,r13 스냅샷
츄,spillover,26,710c3203f7d1,≤r13,1,13,r13 스냅샷
츄,spillover,27,8784eb6723c3,≤r13,1,13,r13 스냅샷
츄,spillover,28,a065bf54daa5,r23∼r39,23,39,동결 근사 복원본
츄,spillover,29,766efe9ca1af,r23∼r39,23,39,동결 근사 복원본
츄,spillover,30,de61d7d3f0ea,r23∼r39,23,39,동결 근사 복원본
츄,spillover,31,30c7a7e3905b,r23∼r39,23,39,동결 근사 복원본
츄,spillover,32,10abfb8548be,r23∼r39,23,39,동결 근사 복원본
츄,spillover,33,a8e60dec7cc1,r23∼r39,23,39,동결 근사 복원본
츄,spillover,34,bc115b048c21,r23∼r39,23,39,동결 근사 복원본
츄,spillover,35,54ba4bb9c3ee,r23∼r39,23,39,동결 근사 복원본
츄,spillover,36,ff265e3dd7da,r23∼r39,23,39,동결 근사 복원본
츄,spillover,37,0b8826745b67,r23∼r39,23,39,동결 근사 복원본
츄,spillover,38,8ec74f7c10cf,r23∼r39,23,39,동결 근사 복원본
츄,spillover,39,c6cbbdeeb272,r23∼r39,23,39,동결 근사 복원본
츄,spillover,40,c4b7a4b24712,r23∼r39,23,39,동결 근사 복원본
츄,spillover,41,1796b830f084,r23∼r39,23,39,동결 근사 복원본
츄,spillover,42,3390957494d2,r41∼r72,41,72,라이브 코퍼스(스냅샷 이후)
츄,spillover,43,82b848154c1c,r41∼r72,41,72,라이브 코퍼스(스냅샷 이후)
츄,spillover,44,67355d433bf2,r41∼r72,41,72,라이브 코퍼스(스냅샷 이후)
츄,spillover,45,f8d96d44dfc9,r41∼r72,41,72,라이브 코퍼스(스냅샷 이후)
츄,spillover,46,e38f086b1b8c,r41∼r72,41,72,라이브 코퍼스(스냅샷 이후)
츄,spillover,47,3dbebd19c084,r41∼r72,41,72,라이브 코퍼스(스냅샷 이후)
츄,spillover,48,05622f8cfea0,r41∼r72,41,72,라이브 코퍼스(스냅샷 이후)
츄,spillover,49,2c926207d37b,r41∼r72,41,72,라이브 코퍼스(스냅샷 이후)
츄,spillover,50,911da0bd9ba9,r41∼r72,41,72,라이브 코퍼스(스냅샷 이후)
츄,spillover,51,1fb7b0443ad9,r41∼r72,41,72,라이브 코퍼스(스냅샷 이후)
츄,spillover,52,41b8190e9da9,r41∼r72,41,72,라이브 코퍼스(스냅샷 이후)
츄,spillover,53,cc98aef2cba3,r41∼r72,41,72,라이브 코퍼스(스냅샷 이후)
츄,spillover,54,5fdafba15f2e,r41∼r72,41,72,라이브 코퍼스(스냅샷 이후)
츄,spillover,55,642828636b30,r41∼r72,41,72,라이브 코퍼스(스냅샷 이후)
츄,spillover,56,828faa843425,r41∼r72,41,72,라이브 코퍼스(스냅샷 이후)
츄,spillover,57,cb7c1c5f6d0e,r41∼r72,41,72,라이브 코퍼스(스냅샷 이후)
츄,spillover,58,5ae9a5d5ce91,r41∼r72,41,72,라이브 코퍼스(스냅샷 이후)
10CM,loyalty,0,063e570e06b1,≤r13,1,13,r13 스냅샷
10CM,loyalty,1,6ef4431adee8,≤r13,1,13,r13 스냅샷
10CM,loyalty,2,9abdcc3af006,≤r13,1,13,r13 스냅샷
10CM,loyalty,3,c08a4e7c4382,≤r13,1,13,r13 스냅샷
10CM,loyalty,4,8f0180fd9d7e,≤r13,1,13,r13 스냅샷
10CM,loyalty,5,bd23b2dd4c2b,≤r13,1,13,r13 스냅샷
10CM,loyalty,6,90c8cd46096d,≤r13,1,13,r13 스냅샷
10CM,loyalty,7,8b2d67d84cff,≤r13,1,13,r13 스냅샷
10CM,loyalty,8,0d7fe610349b,≤r13,1,13,r13 스냅샷
10CM,loyalty,9,a11c1124c821,≤r13,1,13,r13 스냅샷
10CM,loyalty,10,b7511202b17f,≤r13,1,13,r13 스냅샷
10CM,loyalty,11,cca4d8fda48c,≤r13,1,13,r13 스냅샷
10CM,loyalty,12,01e9f8cb5b98,≤r13,1,13,r13 스냅샷
10CM,loyalty,13,e93841ef612f,≤r13,1,13,r13 스냅샷
10CM,loyalty,14,98eb78b5da1b,≤r13,1,13,r13 스냅샷
10CM,loyalty,15,bc996eeef732,≤r13,1,13,r13 스냅샷
10CM,loyalty,16,acdff3b78d8c,≤r13,1,13,r13 스냅샷
10CM,loyalty,17,0ec2e3e5aad0,≤r13,1,13,r13 스냅샷
10CM,loyalty,18,21852e349e7d,≤r13,1,13,r13 스냅샷
10CM,loyalty,19,0b04f7cba909,≤r13,1,13,r13 스냅샷
10CM,loyalty,20,9cb2135541ca,≤r13,1,13,r13 스냅샷
10CM,loyalty,21,b2e93262572b,≤r13,1,13,r13 스냅샷
10CM,loyalty,22,e668863fe0b6,≤r13,1,13,r13 스냅샷
10CM,loyalty,23,00e4d536fb38,≤r13,1,13,r13 스냅샷
10CM,loyalty,24,16972788c4c9,≤r13,1,13,r13 스냅샷
10CM,loyalty,25,2c00f271f699,r14∼r22,14,22,r22 백업
10CM,loyalty,26,fa80978e07cd,r14∼r22,14,22,r22 백업
10CM,loyalty,27,f77e4b62ff2e,r14∼r22,14,22,r22 백업
10CM,loyalty,28,4958e6d99620,r14∼r22,14,22,r22 백업
10CM,loyalty,29,142996d7b950,r23∼r39,23,39,동결 근사 복원본
10CM,loyalty,30,d8cd295340ed,r41∼r72,41,72,라이브 코퍼스(스냅샷 이후)
10CM,loyalty,31,69592a5a17a5,r41∼r72,41,72,라이브 코퍼스(스냅샷 이후)
10CM,loyalty,32,c7a332744d2d,r41∼r72,41,72,라이브 코퍼스(스냅샷 이후)
10CM,loyalty,33,e873067eb217,r41∼r72,41,72,라이브 코퍼스(스냅샷 이후)
10CM,loyalty,34,59a5ddc4f250,r41∼r72,41,72,라이브 코퍼스(스냅샷 이후)
10CM,loyalty,35,9f22c583f522,r41∼r72,41,72,라이브 코퍼스(스냅샷 이후)
10CM,loyalty,36,ecd07ffa9470,r41∼r72,41,72,라이브 코퍼스(스냅샷 이후)
10CM,spillover,0,f6293f3e698e,≤r13,1,13,r13 스냅샷
10CM,spillover,1,024e9870a1e3,≤r13,1,13,r13 스냅샷
10CM,spillover,2,5279c55dffb7,≤r13,1,13,r13 스냅샷
10CM,spillover,3,a37012add75e,≤r13,1,13,r13 스냅샷
10CM,spillover,4,fbf1d1dec645,≤r13,1,13,r13 스냅샷
10CM,spillover,5,2b4e0d4ebc9c,≤r13,1,13,r13 스냅샷
10CM,spillover,6,f29cdab168d4,≤r13,1,13,r13 스냅샷
10CM,spillover,7,9ee6bc9d1ed5,≤r13,1,13,r13 스냅샷
10CM,spillover,8,a03e4efc3a32,≤r13,1,13,r13 스냅샷
10CM,spillover,9,e07c0215eee1,≤r13,1,13,r13 스냅샷
10CM,spillover,10,e5ffbe0db5cb,≤r13,1,13,r13 스냅샷
10CM,spillover,11,c146e0dbb0b9,≤r13,1,13,r13 스냅샷
10CM,spillover,12,b1481ff0b884,≤r13,1,13,r13 스냅샷
10CM,spillover,13,4db7c71f7f45,≤r13,1,13,r13 스냅샷
10CM,spillover,14,655753c2a873,≤r13,1,13,r13 스냅샷
10CM,spillover,15,b67012a52c13,≤r13,1,13,r13 스냅샷
10CM,spillover,16,afd9cdb974e4,≤r13,1,13,r13 스냅샷
10CM,spillover,17,6fa7ec7139b5,≤r13,1,13,r13 스냅샷
10CM,spillover,18,063ee7cf0787,≤r13,1,13,r13 스냅샷
10CM,spillover,19,cca38236dbae,≤r13,1,13,r13 스냅샷
10CM,spillover,20,024cef0f9539,≤r13,1,13,r13 스냅샷
10CM,spillover,21,18d89fb1bf23,≤r13,1,13,r13 스냅샷
10CM,spillover,22,c2a837a872a8,≤r13,1,13,r13 스냅샷
10CM,spillover,23,aa9f6be45a17,≤r13,1,13,r13 스냅샷
10CM,spillover,24,0c7278bed1b0,≤r13,1,13,r13 스냅샷
10CM,spillover,25,d0e6d75011ff,≤r13,1,13,r13 스냅샷
10CM,spillover,26,37b07295d855,≤r13,1,13,r13 스냅샷
10CM,spillover,27,0128e23c4ebd,r14∼r22,14,22,r22 백업
10CM,spillover,28,928d2cef0d8e,r14∼r22,14,22,r22 백업
10CM,spillover,29,bfcaf7e5a398,r23∼r39,23,39,동결 근사 복원본
10CM,spillover,30,ede445645652,r23∼r39,23,39,동결 근사 복원본
10CM,spillover,31,e164475f9e14,r23∼r39,23,39,동결 근사 복원본
10CM,spillover,32,494f5861b73b,r23∼r39,23,39,동결 근사 복원본
10CM,spillover,33,a09518d6a8ff,r23∼r39,23,39,동결 근사 복원본
10CM,spillover,34,53a28d510c35,r23∼r39,23,39,동결 근사 복원본
10CM,spillover,35,68b042208117,r23∼r39,23,39,동결 근사 복원본
10CM,spillover,36,2bcae17719f3,r23∼r39,23,39,동결 근사 복원본
10CM,spillover,37,1d1bd0975463,r23∼r39,23,39,동결 근사 복원본
10CM,spillover,38,e37326b56761,r41∼r72,41,72,라이브 코퍼스(스냅샷 이후)
10CM,spillover,39,218d0fd22041,r41∼r72,41,72,라이브 코퍼스(스냅샷 이후)
10CM,spillover,40,6ad7578ebcdf,r41∼r72,41,72,라이브 코퍼스(스냅샷 이후)
10CM,spillover,41,b65c3453ca39,r41∼r72,41,72,라이브 코퍼스(스냅샷 이후)
10CM,spillover,42,a8c48b3eb722,r41∼r72,41,72,라이브 코퍼스(스냅샷 이후)
10CM,spillover,43,e167cf9cf463,r41∼r72,41,72,라이브 코퍼스(스냅샷 이후)
10CM,spillover,44,456af8030154,r41∼r72,41,72,라이브 코퍼스(스냅샷 이후)
10CM,spillover,45,d4f6716d9991,r41∼r72,41,72,라이브 코퍼스(스냅샷 이후)
10CM,spillover,46,b5e66c4e74b5,r41∼r72,41,72,라이브 코퍼스(스냅샷 이후)
10CM,spillover,47,952fbddaae76,r41∼r72,41,72,라이브 코퍼스(스냅샷 이후)
카더가든,loyalty,0,dc3076af461a,≤r13,1,13,r13 스냅샷
카더가든,loyalty,1,9f1a8bffae89,≤r13,1,13,r13 스냅샷
카더가든,loyalty,2,661d4d959c97,≤r13,1,13,r13 스냅샷
카더가든,loyalty,3,97135a413337,≤r13,1,13,r13 스냅샷
카더가든,loyalty,4,708cc16288f1,≤r13,1,13,r13 스냅샷
카더가든,loyalty,5,956e60e38e90,≤r13,1,13,r13 스냅샷
카더가든,loyalty,6,fe8ab77eee50,≤r13,1,13,r13 스냅샷
카더가든,loyalty,7,040c27e61c2f,≤r13,1,13,r13 스냅샷
카더가든,loyalty,8,17338ae43fc6,≤r13,1,13,r13 스냅샷
카더가든,loyalty,9,c673d4db1825,≤r13,1,13,r13 스냅샷
카더가든,loyalty,10,195f8a9c9025,≤r13,1,13,r13 스냅샷
카더가든,loyalty,11,1fe64d23e511,≤r13,1,13,r13 스냅샷
카더가든,loyalty,12,ede22edfa2eb,≤r13,1,13,r13 스냅샷
카더가든,loyalty,13,f3b1b854d19f,≤r13,1,13,r13 스냅샷
카더가든,loyalty,14,b9ad6c80ecbc,≤r13,1,13,r13 스냅샷
카더가든,loyalty,15,35ac03b15a0f,≤r13,1,13,r13 스냅샷
카더가든,loyalty,16,ccdcb23b35cf,≤r13,1,13,r13 스냅샷
카더가든,loyalty,17,a0e8395aea59,≤r13,1,13,r13 스냅샷
카더가든,loyalty,18,d81e9cc6ccbf,r23∼r39,23,39,동결 근사 복원본
카더가든,loyalty,19,5b5840ad7dd9,r41∼r72,41,72,라이브 코퍼스(스냅샷 이후)
카더가든,loyalty,20,6f127a63954b,r41∼r72,41,72,라이브 코퍼스(스냅샷 이후)
카더가든,loyalty,21,c4673a38a645,r41∼r72,41,72,라이브 코퍼스(스냅샷 이후)
카더가든,loyalty,22,fb4413cfec2f,r41∼r72,41,72,라이브 코퍼스(스냅샷 이후)
카더가든,loyalty,23,233d06212d80,r41∼r72,41,72,라이브 코퍼스(스냅샷 이후)
카더가든,loyalty,24,2bf117b98b9b,r41∼r72,41,72,라이브 코퍼스(스냅샷 이후)
카더가든,loyalty,25,b4c089a58b21,r41∼r72,41,72,라이브 코퍼스(스냅샷 이후)
카더가든,spillover,0,29103722c521,≤r13,1,13,r13 스냅샷
카더가든,spillover,1,ea08378ad7de,≤r13,1,13,r13 스냅샷
카더가든,spillover,2,5dbc47e726e0,≤r13,1,13,r13 스냅샷
카더가든,spillover,3,965b1ca1d7ee,≤r13,1,13,r13 스냅샷
카더가든,spillover,4,2119fbff2e57,≤r13,1,13,r13 스냅샷
카더가든,spillover,5,84a04e54f759,≤r13,1,13,r13 스냅샷
카더가든,spillover,6,cc3b7d5a9b19,≤r13,1,13,r13 스냅샷
카더가든,spillover,7,49eacfa0c50a,≤r13,1,13,r13 스냅샷
카더가든,spillover,8,c40a17b44e3c,≤r13,1,13,r13 스냅샷
카더가든,spillover,9,31a09f741e85,≤r13,1,13,r13 스냅샷
카더가든,spillover,10,bf2fe94a3b7c,≤r13,1,13,r13 스냅샷
카더가든,spillover,11,83fdca34d399,≤r13,1,13,r13 스냅샷
카더가든,spillover,12,87e41afaf64e,≤r13,1,13,r13 스냅샷
카더가든,spillover,13,d2c6f42a8432,≤r13,1,13,r13 스냅샷
카더가든,spillover,14,c02d93385744,≤r13,1,13,r13 스냅샷
카더가든,spillover,15,7f1bbc9bda12,≤r13,1,13,r13 스냅샷
카더가든,spillover,16,3b0c2957e2af,≤r13,1,13,r13 스냅샷
카더가든,spillover,17,7674c4b6c236,≤r13,1,13,r13 스냅샷
카더가든,spillover,18,852ced60f631,≤r13,1,13,r13 스냅샷
카더가든,spillover,19,e899d30251da,≤r13,1,13,r13 스냅샷
카더가든,spillover,20,0c8d0ce98bcc,≤r13,1,13,r13 스냅샷
카더가든,spillover,21,1c6a0c6e1471,≤r13,1,13,r13 스냅샷
카더가든,spillover,22,c5d51b08f4a0,≤r13,1,13,r13 스냅샷
카더가든,spillover,23,b7b753d0fd36,≤r13,1,13,r13 스냅샷
카더가든,spillover,24,615fc7681bb7,≤r13,1,13,r13 스냅샷
카더가든,spillover,25,ae6fb13b79d7,≤r13,1,13,r13 스냅샷
카더가든,spillover,26,84a8799c4ae6,≤r13,1,13,r13 스냅샷
카더가든,spillover,27,de26a81d8535,≤r13,1,13,r13 스냅샷
카더가든,spillover,28,ad6111a7c053,r14∼r22,14,22,r22 백업
카더가든,spillover,29,ae23f769ba3b,r14∼r22,14,22,r22 백업
카더가든,spillover,30,c7913458bd8d,r14∼r22,14,22,r22 백업
카더가든,spillover,31,a80e8d3af792,r23∼r39,23,39,동결 근사 복원본
카더가든,spillover,32,fe46d310d7aa,r23∼r39,23,39,동결 근사 복원본
카더가든,spillover,33,3ca8232cd394,r23∼r39,23,39,동결 근사 복원본
카더가든,spillover,34,234201958761,r23∼r39,23,39,동결 근사 복원본
카더가든,spillover,35,e747327ac473,r23∼r39,23,39,동결 근사 복원본
카더가든,spillover,36,08ed328b7e99,r23∼r39,23,39,동결 근사 복원본
카더가든,spillover,37,40b2bee4a500,r23∼r39,23,39,동결 근사 복원본
카더가든,spillover,38,2c73af495b4e,r23∼r39,23,39,동결 근사 복원본
카더가든,spillover,39,bc245a15af40,r41∼r72,41,72,라이브 코퍼스(스냅샷 이후)
카더가든,spillover,40,d44d5e1feb7f,r41∼r72,41,72,라이브 코퍼스(스냅샷 이후)
카더가든,spillover,41,3b0334f54586,r41∼r72,41,72,라이브 코퍼스(스냅샷 이후)
카더가든,spillover,42,e74efe428cf8,r41∼r72,41,72,라이브 코퍼스(스냅샷 이후)
카더가든,spillover,43,83366109beca,r41∼r72,41,72,라이브 코퍼스(스냅샷 이후)
카더가든,spillover,44,8c336b90f02c,r41∼r72,41,72,라이브 코퍼스(스냅샷 이후)
카더가든,spillover,45,ca360f75d339,r41∼r72,41,72,라이브 코퍼스(스냅샷 이후)
카더가든,spillover,46,57cce3cd57eb,r41∼r72,41,72,라이브 코퍼스(스냅샷 이후)
카더가든,spillover,47,7de4ca879d5e,r41∼r72,41,72,라이브 코퍼스(스냅샷 이후)
Zion.T,loyalty,0,d4be2a0dc409,≤r13,1,13,r13 스냅샷
Zion.T,loyalty,1,8f19d12dd087,≤r13,1,13,r13 스냅샷
Zion.T,loyalty,2,4601b8b07931,≤r13,1,13,r13 스냅샷
Zion.T,loyalty,3,cc29f27f2845,≤r13,1,13,r13 스냅샷
Zion.T,loyalty,4,50e95053a83f,≤r13,1,13,r13 스냅샷
Zion.T,loyalty,5,10cf2806083b,≤r13,1,13,r13 스냅샷
Zion.T,loyalty,6,b437f62ab5ce,≤r13,1,13,r13 스냅샷
Zion.T,loyalty,7,c218dc37d97c,≤r13,1,13,r13 스냅샷
Zion.T,loyalty,8,2413a8ccd0e7,≤r13,1,13,r13 스냅샷
Zion.T,loyalty,9,1450c58ec9f4,r14∼r22,14,22,r22 백업
Zion.T,loyalty,10,9a413560753e,r14∼r22,14,22,r22 백업
Zion.T,loyalty,11,3677114152da,r14∼r22,14,22,r22 백업
Zion.T,loyalty,12,de8b6d38afc9,r14∼r22,14,22,r22 백업
Zion.T,loyalty,13,525408c681b3,r41∼r72,41,72,라이브 코퍼스(스냅샷 이후)
Zion.T,loyalty,14,449134e2e608,r41∼r72,41,72,라이브 코퍼스(스냅샷 이후)
Zion.T,loyalty,15,3ccdebd87a47,r41∼r72,41,72,라이브 코퍼스(스냅샷 이후)
Zion.T,loyalty,16,f61a7d7fe81a,r41∼r72,41,72,라이브 코퍼스(스냅샷 이후)
Zion.T,loyalty,17,6dc460b09862,r41∼r72,41,72,라이브 코퍼스(스냅샷 이후)
Zion.T,loyalty,18,ea65650f7f8e,r41∼r72,41,72,라이브 코퍼스(스냅샷 이후)
Zion.T,loyalty,19,82afc30975d0,r41∼r72,41,72,라이브 코퍼스(스냅샷 이후)
Zion.T,loyalty,20,d39b28995013,r41∼r72,41,72,라이브 코퍼스(스냅샷 이후)
Zion.T,loyalty,21,888a024a149c,r41∼r72,41,72,라이브 코퍼스(스냅샷 이후)
Zion.T,loyalty,22,8d1b5d3fa591,r41∼r72,41,72,라이브 코퍼스(스냅샷 이후)
Zion.T,loyalty,23,8f4b056f8813,r41∼r72,41,72,라이브 코퍼스(스냅샷 이후)
Zion.T,spillover,0,74b0a3904d29,≤r13,1,13,r13 스냅샷
Zion.T,spillover,1,33fb68bdf0ed,≤r13,1,13,r13 스냅샷
Zion.T,spillover,2,8618226bd940,≤r13,1,13,r13 스냅샷
Zion.T,spillover,3,6c483136b544,≤r13,1,13,r13 스냅샷
Zion.T,spillover,4,fa544dc7627d,≤r13,1,13,r13 스냅샷
Zion.T,spillover,5,15c33c63a399,≤r13,1,13,r13 스냅샷
Zion.T,spillover,6,734d084f260a,≤r13,1,13,r13 스냅샷
Zion.T,spillover,7,9a82a3c58ffa,≤r13,1,13,r13 스냅샷
Zion.T,spillover,8,3b63d0d3ca70,≤r13,1,13,r13 스냅샷
Zion.T,spillover,9,7b888f03e321,≤r13,1,13,r13 스냅샷
Zion.T,spillover,10,34a49da48b7b,≤r13,1,13,r13 스냅샷
Zion.T,spillover,11,a9b17b680f84,≤r13,1,13,r13 스냅샷
Zion.T,spillover,12,5ec913969bbe,≤r13,1,13,r13 스냅샷
Zion.T,spillover,13,06435a0740f0,≤r13,1,13,r13 스냅샷
Zion.T,spillover,14,65e735342ad5,≤r13,1,13,r13 스냅샷
Zion.T,spillover,15,e5b135e6c77e,≤r13,1,13,r13 스냅샷
Zion.T,spillover,16,eb21dbf3bc7d,≤r13,1,13,r13 스냅샷
Zion.T,spillover,17,25e447b9a0e6,≤r13,1,13,r13 스냅샷
Zion.T,spillover,18,1a3218eaa415,≤r13,1,13,r13 스냅샷
Zion.T,spillover,19,b258fa352a4a,≤r13,1,13,r13 스냅샷
Zion.T,spillover,20,a10c0132f318,≤r13,1,13,r13 스냅샷
Zion.T,spillover,21,056283506862,≤r13,1,13,r13 스냅샷
Zion.T,spillover,22,e9e1f2152704,r14∼r22,14,22,r22 백업
Zion.T,spillover,23,3b4ddc8f44db,r14∼r22,14,22,r22 백업
Zion.T,spillover,24,360fa6a32c77,r23∼r39,23,39,동결 근사 복원본
Zion.T,spillover,25,028e143eadd3,r23∼r39,23,39,동결 근사 복원본
Zion.T,spillover,26,d62c78ceaaf4,r23∼r39,23,39,동결 근사 복원본
Zion.T,spillover,27,65e01db1cb42,r23∼r39,23,39,동결 근사 복원본
Zion.T,spillover,28,fa19754e3aff,r23∼r39,23,39,동결 근사 복원본
Zion.T,spillover,29,fafda4a17d33,r23∼r39,23,39,동결 근사 복원본
Zion.T,spillover,30,c0901a6fbe52,r23∼r39,23,39,동결 근사 복원본
Zion.T,spillover,31,6868a8e2bd2a,r23∼r39,23,39,동결 근사 복원본
Zion.T,spillover,32,7767f854e269,r23∼r39,23,39,동결 근사 복원본
Zion.T,spillover,33,ca11059190d4,r41∼r72,41,72,라이브 코퍼스(스냅샷 이후)
Zion.T,spillover,34,2591580a9391,r41∼r72,41,72,라이브 코퍼스(스냅샷 이후)
Zion.T,spillover,35,aa528df7b797,r41∼r72,41,72,라이브 코퍼스(스냅샷 이후)
Zion.T,spillover,36,bc4d3e2d058b,r41∼r72,41,72,라이브 코퍼스(스냅샷 이후)
Zion.T,spillover,37,e23aea55591d,r41∼r72,41,72,라이브 코퍼스(스냅샷 이후)
Zion.T,spillover,38,a0a28da5dde2,r41∼r72,41,72,라이브 코퍼스(스냅샷 이후)
Zion.T,spillover,39,848660a2cfa1,r41∼r72,41,72,라이브 코퍼스(스냅샷 이후)
Zion.T,spillover,40,2a15abcb450c,r41∼r72,41,72,라이브 코퍼스(스냅샷 이후)
Zion.T,spillover,41,770c71f7fc9e,r41∼r72,41,72,라이브 코퍼스(스냅샷 이후)
Zion.T,spillover,42,8653a015fe0a,r41∼r72,41,72,라이브 코퍼스(스냅샷 이후)
Zion.T,spillover,43,eebcde3ce5a6,r41∼r72,41,72,라이브 코퍼스(스냅샷 이후)
Zion.T,spillover,44,e6128052ecce,r41∼r72,41,72,라이브 코퍼스(스냅샷 이후)
Zion.T,spillover,45,6e35181806a4,r41∼r72,41,72,라이브 코퍼스(스냅샷 이후)
Zion.T,spillover,46,97ba0093297b,r41∼r72,41,72,라이브 코퍼스(스냅샷 이후)
Zion.T,spillover,47,c8e694b39518,r41∼r72,41,72,라이브 코퍼스(스냅샷 이후)
Zion.T,spillover,48,94942d764526,r41∼r72,41,72,라이브 코퍼스(스냅샷 이후)
Zion.T,spillover,49,e5acddc1842a,r41∼r72,41,72,라이브 코퍼스(스냅샷 이후)
Zion.T,spillover,50,bd8e6c5ca54d,r41∼r72,41,72,라이브 코퍼스(스냅샷 이후)
Zion.T,spillover,51,ac57d4c979a1,r41∼r72,41,72,라이브 코퍼스(스냅샷 이후)
Zion.T,spillover,52,985926289103,r41∼r72,41,72,라이브 코퍼스(스냅샷 이후)
Zion.T,spillover,53,0aa7698b26b8,r41∼r72,41,72,라이브 코퍼스(스냅샷 이후)
Zion.T,spillover,54,e328fc7e54d1,r41∼r72,41,72,라이브 코퍼스(스냅샷 이후)
이효리,loyalty,0,5441c3c3ac89,≤r13,1,13,r13 스냅샷
이효리,loyalty,1,047fe12dc0e8,≤r13,1,13,r13 스냅샷
이효리,loyalty,2,4432380f2257,≤r13,1,13,r13 스냅샷
이효리,loyalty,3,a06a5bde3047,≤r13,1,13,r13 스냅샷
이효리,loyalty,4,19169e0aadf9,≤r13,1,13,r13 스냅샷
이효리,loyalty,5,70faac8a5db5,≤r13,1,13,r13 스냅샷
이효리,loyalty,6,b9234ca856ac,≤r13,1,13,r13 스냅샷
이효리,loyalty,7,cc70592910a9,≤r13,1,13,r13 스냅샷
이효리,loyalty,8,ef0f11e0a511,≤r13,1,13,r13 스냅샷
이효리,loyalty,9,5986b5fbf560,r41∼r72,41,72,라이브 코퍼스(스냅샷 이후)
이효리,loyalty,10,a2dd8f59a658,r41∼r72,41,72,라이브 코퍼스(스냅샷 이후)
이효리,loyalty,11,0b30cb739a36,r41∼r72,41,72,라이브 코퍼스(스냅샷 이후)
이효리,loyalty,12,b82795de2cb0,r41∼r72,41,72,라이브 코퍼스(스냅샷 이후)
이효리,loyalty,13,b6aca3e44d32,r41∼r72,41,72,라이브 코퍼스(스냅샷 이후)
이효리,loyalty,14,9f8d15836d21,r41∼r72,41,72,라이브 코퍼스(스냅샷 이후)
이효리,loyalty,15,5bafebf0ee12,r41∼r72,41,72,라이브 코퍼스(스냅샷 이후)
이효리,loyalty,16,8dee8218538f,r41∼r72,41,72,라이브 코퍼스(스냅샷 이후)
이효리,spillover,0,f7458c29a975,≤r13,1,13,r13 스냅샷
이효리,spillover,1,8d7ca0abff6f,≤r13,1,13,r13 스냅샷
이효리,spillover,2,9001aa016150,≤r13,1,13,r13 스냅샷
이효리,spillover,3,8074e49bd964,≤r13,1,13,r13 스냅샷
이효리,spillover,4,50b8e778607a,≤r13,1,13,r13 스냅샷
이효리,spillover,5,d5b7cfe5f6fd,≤r13,1,13,r13 스냅샷
이효리,spillover,6,829d12e1de47,≤r13,1,13,r13 스냅샷
이효리,spillover,7,dcbc91d23af0,≤r13,1,13,r13 스냅샷
이효리,spillover,8,c47fd837d092,≤r13,1,13,r13 스냅샷
이효리,spillover,9,bf7bf452fb75,≤r13,1,13,r13 스냅샷
이효리,spillover,10,bbeb694df9ad,≤r13,1,13,r13 스냅샷
이효리,spillover,11,10601dd70c27,≤r13,1,13,r13 스냅샷
이효리,spillover,12,1fa848306d17,≤r13,1,13,r13 스냅샷
이효리,spillover,13,e299dcc9c295,≤r13,1,13,r13 스냅샷
이효리,spillover,14,e59980401fc0,≤r13,1,13,r13 스냅샷
이효리,spillover,15,54ae25806bc1,≤r13,1,13,r13 스냅샷
이효리,spillover,16,ada0829a9b61,≤r13,1,13,r13 스냅샷
이효리,spillover,17,54d2d9dd6ebe,≤r13,1,13,r13 스냅샷
이효리,spillover,18,d1d6cf8d2eff,≤r13,1,13,r13 스냅샷
이효리,spillover,19,ed8fc2379dce,≤r13,1,13,r13 스냅샷
이효리,spillover,20,84c9c5ce4f20,≤r13,1,13,r13 스냅샷
이효리,spillover,21,e3ed887d6b17,≤r13,1,13,r13 스냅샷
이효리,spillover,22,52d1519a35d0,≤r13,1,13,r13 스냅샷
이효리,spillover,23,221590d9eeee,≤r13,1,13,r13 스냅샷
이효리,spillover,24,3ebe79885ab3,≤r13,1,13,r13 스냅샷
이효리,spillover,25,491c5c97e3df,≤r13,1,13,r13 스냅샷
이효리,spillover,26,94cec58fde6f,≤r13,1,13,r13 스냅샷
이효리,spillover,27,e4fc30e28bfe,≤r13,1,13,r13 스냅샷
이효리,spillover,28,afea9aafe716,≤r13,1,13,r13 스냅샷
이효리,spillover,29,b85b15392b15,≤r13,1,13,r13 스냅샷
이효리,spillover,30,31388b231642,≤r13,1,13,r13 스냅샷
이효리,spillover,31,6540b2a28a84,≤r13,1,13,r13 스냅샷
이효리,spillover,32,763a94868d84,≤r13,1,13,r13 스냅샷
이효리,spillover,33,c19b425731b3,≤r13,1,13,r13 스냅샷
이효리,spillover,34,f9b779d755a2,≤r13,1,13,r13 스냅샷
이효리,spillover,35,a508be77ff91,≤r13,1,13,r13 스냅샷
이효리,spillover,36,20a90eb4243b,r14∼r22,14,22,r22 백업
이효리,spillover,37,920789269650,r14∼r22,14,22,r22 백업
이효리,spillover,38,3c8eaf25153b,r14∼r22,14,22,r22 백업
이효리,spillover,39,3272884098a0,r14∼r22,14,22,r22 백업
이효리,spillover,40,a784360ba10a,r14∼r22,14,22,r22 백업
이효리,spillover,41,8d688760849d,r14∼r22,14,22,r22 백업
이효리,spillover,42,1104d00138be,r23∼r39,23,39,동결 근사 복원본
이효리,spillover,43,f860d43eb33d,r23∼r39,23,39,동결 근사 복원본
이효리,spillover,44,e0f6e785fefb,r23∼r39,23,39,동결 근사 복원본
이효리,spillover,45,adea247801d0,r23∼r39,23,39,동결 근사 복원본
이효리,spillover,46,22b123a250c8,r23∼r39,23,39,동결 근사 복원본
이효리,spillover,47,37440fc52cbe,r23∼r39,23,39,동결 근사 복원본
이효리,spillover,48,1daf535b2988,r23∼r39,23,39,동결 근사 복원본
이효리,spillover,49,2a6f5ed579fe,r23∼r39,23,39,동결 근사 복원본
이효리,spillover,50,9ace4c36a2cc,r23∼r39,23,39,동결 근사 복원본
이효리,spillover,51,2cad371197c0,r23∼r39,23,39,동결 근사 복원본
이효리,spillover,52,592d8b3f2fdf,r23∼r39,23,39,동결 근사 복원본
이효리,spillover,53,d4b743b7e362,r23∼r39,23,39,동결 근사 복원본
이효리,spillover,54,a15a4a2a7257,r23∼r39,23,39,동결 근사 복원본
이효리,spillover,55,8c6f27ef3674,r23∼r39,23,39,동결 근사 복원본
이효리,spillover,56,9fa47c1913a9,r23∼r39,23,39,동결 근사 복원본
이효리,spillover,57,3d92337155a9,r23∼r39,23,39,동결 근사 복원본
이효리,spillover,58,ed8bcce2030e,r23∼r39,23,39,동결 근사 복원본
이효리,spillover,59,b93b22c4583e,r23∼r39,23,39,동결 근사 복원본
이효리,spillover,60,7bcd62891b90,r23∼r39,23,39,동결 근사 복원본
이효리,spillover,61,58c5fd8d91ee,r23∼r39,23,39,동결 근사 복원본
이효리,spillover,62,5d1c09354efb,r41∼r72,41,72,라이브 코퍼스(스냅샷 이후)
이효리,spillover,63,340e0b796713,r41∼r72,41,72,라이브 코퍼스(스냅샷 이후)
이효리,spillover,64,62acd0f9d77d,r41∼r72,41,72,라이브 코퍼스(스냅샷 이후)
이효리,spillover,65,a89545dfafc6,r41∼r72,41,72,라이브 코퍼스(스냅샷 이후)
이효리,spillover,66,44ebd795d6e3,r41∼r72,41,72,라이브 코퍼스(스냅샷 이후)
이효리,spillover,67,35e456cadb1a,r41∼r72,41,72,라이브 코퍼스(스냅샷 이후)
이효리,spillover,68,5a6a21a6bead,r41∼r72,41,72,라이브 코퍼스(스냅샷 이후)
이효리,spillover,69,6625af313201,r41∼r72,41,72,라이브 코퍼스(스냅샷 이후)
이효리,spillover,70,f9acb56e4785,r41∼r72,41,72,라이브 코퍼스(스냅샷 이후)
이효리,spillover,71,2e2a91c55535,r41∼r72,41,72,라이브 코퍼스(스냅샷 이후)
이효리,spillover,72,071a09c301f0,r41∼r72,41,72,라이브 코퍼스(스냅샷 이후)
이효리,spillover,73,c080e189d8e9,r41∼r72,41,72,라이브 코퍼스(스냅샷 이후)
이효리,spillover,74,858124c53fbf,r41∼r72,41,72,라이브 코퍼스(스냅샷 이후)
이효리,spillover,75,685d7a53c273,r41∼r72,41,72,라이브 코퍼스(스냅샷 이후)
이효리,spillover,76,f3cf450b4aa2,r41∼r72,41,72,라이브 코퍼스(스냅샷 이후)
이효리,spillover,77,9fc92bcd10e8,r41∼r72,41,72,라이브 코퍼스(스냅샷 이후)
이효리,spillover,78,ea2865593ea9,r41∼r72,41,72,라이브 코퍼스(스냅샷 이후)
이효리,spillover,79,067b6310563b,r41∼r72,41,72,라이브 코퍼스(스냅샷 이후)
이효리,spillover,80,4b082a0b71c7,r41∼r72,41,72,라이브 코퍼스(스냅샷 이후)
이효리,spillover,81,6d280a21c5ba,r41∼r72,41,72,라이브 코퍼스(스냅샷 이후)
이효리,spillover,82,d4614513b749,r41∼r72,41,72,라이브 코퍼스(스냅샷 이후)
이효리,spillover,83,44374ca3a496,r41∼r72,41,72,라이브 코퍼스(스냅샷 이후)
이효리,spillover,84,471050f6feb8,r41∼r72,41,72,라이브 코퍼스(스냅샷 이후)
이효리,spillover,85,cf16ff9ce3bb,r41∼r72,41,72,라이브 코퍼스(스냅샷 이후)
이효리,spillover,86,42d10ed797d7,r41∼r72,41,72,라이브 코퍼스(스냅샷 이후)
이효리,spillover,87,daeddac8d763,r41∼r72,41,72,라이브 코퍼스(스냅샷 이후)
이효리,spillover,88,8dff94bdab1f,r41∼r72,41,72,라이브 코퍼스(스냅샷 이후)
이효리,spillover,89,65711fb06548,r41∼r72,41,72,라이브 코퍼스(스냅샷 이후)
이효리,spillover,90,6a0269fd4710,r41∼r72,41,72,라이브 코퍼스(스냅샷 이후)
이효리,spillover,91,01e7e6d3da2d,r41∼r72,41,72,라이브 코퍼스(스냅샷 이후)
이효리,spillover,92,b492734e1db8,r41∼r72,41,72,라이브 코퍼스(스냅샷 이후)
이효리,spillover,93,2428f0af118e,r41∼r72,41,72,라이브 코퍼스(스냅샷 이후)
이효리,spillover,94,b34b743a4625,r41∼r72,41,72,라이브 코퍼스(스냅샷 이후)
이효리,spillover,95,bd378f8056e0,r41∼r72,41,72,라이브 코퍼스(스냅샷 이후)
이효리,spillover,96,5cad700ec438,r41∼r72,41,72,라이브 코퍼스(스냅샷 이후)
이효리,spillover,97,e874402feb49,r41∼r72,41,72,라이브 코퍼스(스냅샷 이후)
이효리,spillover,98,5d48b3746611,r41∼r72,41,72,라이브 코퍼스(스냅샷 이후)
이효리,spillover,99,b4109fc2be8f,r41∼r72,41,72,라이브 코퍼스(스냅샷 이후)
이효리,spillover,100,3192aa81080e,r41∼r72,41,72,라이브 코퍼스(스냅샷 이후)
이효리,spillover,101,cc63793bf2c8,r41∼r72,41,72,라이브 코퍼스(스냅샷 이후)
이효리,spillover,102,1fd757826e3f,r41∼r72,41,72,라이브 코퍼스(스냅샷 이후)
엄정화,loyalty,0,26578ac4c3b1,≤r13,1,13,r13 스냅샷
엄정화,loyalty,1,beacaa37c1f0,≤r13,1,13,r13 스냅샷
엄정화,loyalty,2,5b9934acc597,≤r13,1,13,r13 스냅샷
엄정화,loyalty,3,7f92f83c9c0d,≤r13,1,13,r13 스냅샷
엄정화,loyalty,4,000a3e606741,≤r13,1,13,r13 스냅샷
엄정화,loyalty,5,dc2729c79a89,≤r13,1,13,r13 스냅샷
엄정화,loyalty,6,b3c9f991caac,≤r13,1,13,r13 스냅샷
엄정화,loyalty,7,d29dcec8dc2e,≤r13,1,13,r13 스냅샷
엄정화,loyalty,8,e6953841a4e6,≤r13,1,13,r13 스냅샷
엄정화,loyalty,9,d1d27672f39b,≤r13,1,13,r13 스냅샷
엄정화,loyalty,10,a768dc51b1f6,≤r13,1,13,r13 스냅샷
엄정화,loyalty,11,dc89d250aace,≤r13,1,13,r13 스냅샷
엄정화,loyalty,12,908ebdeb802e,≤r13,1,13,r13 스냅샷
엄정화,loyalty,13,c7bc34baaad4,≤r13,1,13,r13 스냅샷
엄정화,loyalty,14,a1f472a9b19a,≤r13,1,13,r13 스냅샷
엄정화,loyalty,15,055df4b52410,≤r13,1,13,r13 스냅샷
엄정화,loyalty,16,df5dab69f8ab,r41∼r72,41,72,라이브 코퍼스(스냅샷 이후)
엄정화,loyalty,17,aa9698292683,r41∼r72,41,72,라이브 코퍼스(스냅샷 이후)
엄정화,loyalty,18,c757c96264d1,r41∼r72,41,72,라이브 코퍼스(스냅샷 이후)
엄정화,loyalty,19,29825d45509b,r41∼r72,41,72,라이브 코퍼스(스냅샷 이후)
엄정화,spillover,0,918239cdc871,≤r13,1,13,r13 스냅샷
엄정화,spillover,1,e83193c7b024,≤r13,1,13,r13 스냅샷
엄정화,spillover,2,a90251596a85,≤r13,1,13,r13 스냅샷
엄정화,spillover,3,84b3953e37a2,≤r13,1,13,r13 스냅샷
엄정화,spillover,4,68aee56d4f84,≤r13,1,13,r13 스냅샷
엄정화,spillover,5,3434e5065fc2,≤r13,1,13,r13 스냅샷
엄정화,spillover,6,80b3033e8c85,≤r13,1,13,r13 스냅샷
엄정화,spillover,7,9cff94ffe405,≤r13,1,13,r13 스냅샷
엄정화,spillover,8,274111c1dd7d,≤r13,1,13,r13 스냅샷
엄정화,spillover,9,986514f560a1,≤r13,1,13,r13 스냅샷
엄정화,spillover,10,4ce1e9607ad1,≤r13,1,13,r13 스냅샷
엄정화,spillover,11,1fa848306d17,≤r13,1,13,r13 스냅샷
엄정화,spillover,12,053fbdfbbbdf,≤r13,1,13,r13 스냅샷
엄정화,spillover,13,75b604b3d0e0,≤r13,1,13,r13 스냅샷
엄정화,spillover,14,33f2f24afa11,≤r13,1,13,r13 스냅샷
엄정화,spillover,15,c105aeb5928c,≤r13,1,13,r13 스냅샷
엄정화,spillover,16,d9ef544d2305,≤r13,1,13,r13 스냅샷
엄정화,spillover,17,195f9939edaa,≤r13,1,13,r13 스냅샷
엄정화,spillover,18,2c09c0d3bba2,≤r13,1,13,r13 스냅샷
엄정화,spillover,19,f06bd04f4eb5,≤r13,1,13,r13 스냅샷
엄정화,spillover,20,c1139333509d,≤r13,1,13,r13 스냅샷
엄정화,spillover,21,89487edd8a29,≤r13,1,13,r13 스냅샷
엄정화,spillover,22,ece970451bce,≤r13,1,13,r13 스냅샷
엄정화,spillover,23,670df66fe180,≤r13,1,13,r13 스냅샷
엄정화,spillover,24,c19b425731b3,≤r13,1,13,r13 스냅샷
엄정화,spillover,25,4774629b8083,≤r13,1,13,r13 스냅샷
엄정화,spillover,26,0b7af1147707,≤r13,1,13,r13 스냅샷
엄정화,spillover,27,93f28d2b7d8c,r23∼r39,23,39,동결 근사 복원본
엄정화,spillover,28,328e89cfff0e,r23∼r39,23,39,동결 근사 복원본
엄정화,spillover,29,d8f95303f49b,r23∼r39,23,39,동결 근사 복원본
엄정화,spillover,30,fc6396f3ce66,r23∼r39,23,39,동결 근사 복원본
엄정화,spillover,31,4d63901a5aa2,r23∼r39,23,39,동결 근사 복원본
엄정화,spillover,32,e1510af73175,r23∼r39,23,39,동결 근사 복원본
엄정화,spillover,33,bb8a62927cab,r23∼r39,23,39,동결 근사 복원본
엄정화,spillover,34,49a3bd5c2926,r23∼r39,23,39,동결 근사 복원본
엄정화,spillover,35,45926c54a85e,r23∼r39,23,39,동결 근사 복원본
엄정화,spillover,36,6f9ad81109be,r23∼r39,23,39,동결 근사 복원본
엄정화,spillover,37,cd4095154761,r23∼r39,23,39,동결 근사 복원본
엄정화,spillover,38,6b4078b9a980,r23∼r39,23,39,동결 근사 복원본
엄정화,spillover,39,2d94b673e92c,r23∼r39,23,39,동결 근사 복원본
엄정화,spillover,40,288ac2a2d66f,r23∼r39,23,39,동결 근사 복원본
엄정화,spillover,41,a1df86f2ce21,r23∼r39,23,39,동결 근사 복원본
엄정화,spillover,42,33ac80a9fd1e,r23∼r39,23,39,동결 근사 복원본
엄정화,spillover,43,1322e2f1c7be,r41∼r72,41,72,라이브 코퍼스(스냅샷 이후)
엄정화,spillover,44,87014a8f6204,r41∼r72,41,72,라이브 코퍼스(스냅샷 이후)
엄정화,spillover,45,cc27bf0924d2,r41∼r72,41,72,라이브 코퍼스(스냅샷 이후)
엄정화,spillover,46,3216fdc770a2,r41∼r72,41,72,라이브 코퍼스(스냅샷 이후)
엄정화,spillover,47,d1c75e43e2db,r41∼r72,41,72,라이브 코퍼스(스냅샷 이후)
엄정화,spillover,48,36a40aaff51e,r41∼r72,41,72,라이브 코퍼스(스냅샷 이후)
엄정화,spillover,49,d8327912ee6b,r41∼r72,41,72,라이브 코퍼스(스냅샷 이후)
엄정화,spillover,50,abf994c6fa5c,r41∼r72,41,72,라이브 코퍼스(스냅샷 이후)
볼빨간사춘기,loyalty,0,48a08e062484,≤r13,1,13,r13 스냅샷
볼빨간사춘기,loyalty,1,b0f4c7a94be0,≤r13,1,13,r13 스냅샷
볼빨간사춘기,loyalty,2,e1ba5fc47372,≤r13,1,13,r13 스냅샷
볼빨간사춘기,loyalty,3,af5d2e0dc4a6,≤r13,1,13,r13 스냅샷
볼빨간사춘기,loyalty,4,d0f7e3bb037c,≤r13,1,13,r13 스냅샷
볼빨간사춘기,loyalty,5,897e59124f3e,≤r13,1,13,r13 스냅샷
볼빨간사춘기,loyalty,6,fc046ad84aab,≤r13,1,13,r13 스냅샷
볼빨간사춘기,loyalty,7,6130b2e9409e,≤r13,1,13,r13 스냅샷
볼빨간사춘기,loyalty,8,7e6b3e1b3add,≤r13,1,13,r13 스냅샷
볼빨간사춘기,loyalty,9,9dd1025b59e4,≤r13,1,13,r13 스냅샷
볼빨간사춘기,loyalty,10,0f03b59fd1d2,≤r13,1,13,r13 스냅샷
볼빨간사춘기,loyalty,11,29df8300a0fe,≤r13,1,13,r13 스냅샷
볼빨간사춘기,loyalty,12,4d4d9a7e8771,≤r13,1,13,r13 스냅샷
볼빨간사춘기,loyalty,13,06dead838f65,≤r13,1,13,r13 스냅샷
볼빨간사춘기,loyalty,14,5af7b33cad93,≤r13,1,13,r13 스냅샷
볼빨간사춘기,loyalty,15,10e7ca77aa77,≤r13,1,13,r13 스냅샷
볼빨간사춘기,loyalty,16,2c51cc90ee00,≤r13,1,13,r13 스냅샷
볼빨간사춘기,loyalty,17,79b6a1fcfafc,≤r13,1,13,r13 스냅샷
볼빨간사춘기,loyalty,18,2eaf9239c877,≤r13,1,13,r13 스냅샷
볼빨간사춘기,loyalty,19,fc645647f33d,≤r13,1,13,r13 스냅샷
볼빨간사춘기,loyalty,20,a630203935cd,≤r13,1,13,r13 스냅샷
볼빨간사춘기,loyalty,21,eea183617350,≤r13,1,13,r13 스냅샷
볼빨간사춘기,loyalty,22,659e0f5f56f1,≤r13,1,13,r13 스냅샷
볼빨간사춘기,loyalty,23,5411a79a6ba5,≤r13,1,13,r13 스냅샷
볼빨간사춘기,loyalty,24,5f72aea17318,r41∼r72,41,72,라이브 코퍼스(스냅샷 이후)
볼빨간사춘기,loyalty,25,7fbe13b4515e,r41∼r72,41,72,라이브 코퍼스(스냅샷 이후)
볼빨간사춘기,loyalty,26,f489c8d8ac57,r41∼r72,41,72,라이브 코퍼스(스냅샷 이후)
볼빨간사춘기,loyalty,27,7653c3af9b24,r41∼r72,41,72,라이브 코퍼스(스냅샷 이후)
볼빨간사춘기,loyalty,28,c404808383f0,r41∼r72,41,72,라이브 코퍼스(스냅샷 이후)
볼빨간사춘기,loyalty,29,80900b500893,r41∼r72,41,72,라이브 코퍼스(스냅샷 이후)
볼빨간사춘기,loyalty,30,93ca61a7c06f,r41∼r72,41,72,라이브 코퍼스(스냅샷 이후)
볼빨간사춘기,loyalty,31,2e1006bcf489,r41∼r72,41,72,라이브 코퍼스(스냅샷 이후)
볼빨간사춘기,loyalty,32,a690b946989b,r41∼r72,41,72,라이브 코퍼스(스냅샷 이후)
볼빨간사춘기,loyalty,33,5f1381551a2b,r41∼r72,41,72,라이브 코퍼스(스냅샷 이후)
볼빨간사춘기,loyalty,34,4a1490b411d0,r41∼r72,41,72,라이브 코퍼스(스냅샷 이후)
볼빨간사춘기,loyalty,35,f3b2bf0d4ae1,r41∼r72,41,72,라이브 코퍼스(스냅샷 이후)
볼빨간사춘기,loyalty,36,d328300eaf3a,r41∼r72,41,72,라이브 코퍼스(스냅샷 이후)
볼빨간사춘기,loyalty,37,e96d3887b7b5,r41∼r72,41,72,라이브 코퍼스(스냅샷 이후)
볼빨간사춘기,spillover,0,2ade497021c6,≤r13,1,13,r13 스냅샷
볼빨간사춘기,spillover,1,be5003c7590d,≤r13,1,13,r13 스냅샷
볼빨간사춘기,spillover,2,146576089d00,≤r13,1,13,r13 스냅샷
볼빨간사춘기,spillover,3,a6904f7c03b6,≤r13,1,13,r13 스냅샷
볼빨간사춘기,spillover,4,0300bfdfbe36,≤r13,1,13,r13 스냅샷
볼빨간사춘기,spillover,5,a40d2277f2ec,≤r13,1,13,r13 스냅샷
볼빨간사춘기,spillover,6,761619958eec,≤r13,1,13,r13 스냅샷
볼빨간사춘기,spillover,7,048a118e07f5,≤r13,1,13,r13 스냅샷
볼빨간사춘기,spillover,8,4e02818a5995,≤r13,1,13,r13 스냅샷
볼빨간사춘기,spillover,9,dbd5c5076a16,≤r13,1,13,r13 스냅샷
볼빨간사춘기,spillover,10,57625c835fba,≤r13,1,13,r13 스냅샷
볼빨간사춘기,spillover,11,470952b5d412,≤r13,1,13,r13 스냅샷
볼빨간사춘기,spillover,12,beaf868525a7,≤r13,1,13,r13 스냅샷
볼빨간사춘기,spillover,13,008c0e2bad2c,≤r13,1,13,r13 스냅샷
볼빨간사춘기,spillover,14,6b855e0deb83,≤r13,1,13,r13 스냅샷
볼빨간사춘기,spillover,15,1286c9e2fb55,≤r13,1,13,r13 스냅샷
볼빨간사춘기,spillover,16,bc0047e7cb14,≤r13,1,13,r13 스냅샷
볼빨간사춘기,spillover,17,3d4fed5fa1df,≤r13,1,13,r13 스냅샷
볼빨간사춘기,spillover,18,4bf12b357725,≤r13,1,13,r13 스냅샷
볼빨간사춘기,spillover,19,cfb0fb748efb,≤r13,1,13,r13 스냅샷
볼빨간사춘기,spillover,20,5cf32e73ea65,≤r13,1,13,r13 스냅샷
볼빨간사춘기,spillover,21,cd5df11eda0d,≤r13,1,13,r13 스냅샷
볼빨간사춘기,spillover,22,26ba6a70169f,≤r13,1,13,r13 스냅샷
볼빨간사춘기,spillover,23,e2e7f9bbbbe3,≤r13,1,13,r13 스냅샷
볼빨간사춘기,spillover,24,181349c51e2b,r14∼r22,14,22,r22 백업
볼빨간사춘기,spillover,25,53a63e71dbc5,r14∼r22,14,22,r22 백업
볼빨간사춘기,spillover,26,9bc4f028b9eb,r14∼r22,14,22,r22 백업
볼빨간사춘기,spillover,27,1b03a3db435d,r23∼r39,23,39,동결 근사 복원본
볼빨간사춘기,spillover,28,abcfaac4d40c,r23∼r39,23,39,동결 근사 복원본
볼빨간사춘기,spillover,29,7bd3400deade,r23∼r39,23,39,동결 근사 복원본
볼빨간사춘기,spillover,30,de15596f485a,r23∼r39,23,39,동결 근사 복원본
볼빨간사춘기,spillover,31,5b2897102567,r23∼r39,23,39,동결 근사 복원본
볼빨간사춘기,spillover,32,ea16ee36994d,r23∼r39,23,39,동결 근사 복원본
볼빨간사춘기,spillover,33,68fc59f7a459,r41∼r72,41,72,라이브 코퍼스(스냅샷 이후)
볼빨간사춘기,spillover,34,91e8548b2aca,r41∼r72,41,72,라이브 코퍼스(스냅샷 이후)
볼빨간사춘기,spillover,35,2027a7b3ba48,r41∼r72,41,72,라이브 코퍼스(스냅샷 이후)
볼빨간사춘기,spillover,36,c4cf6a1a1fda,r41∼r72,41,72,라이브 코퍼스(스냅샷 이후)
볼빨간사춘기,spillover,37,09c30d1b737e,r41∼r72,41,72,라이브 코퍼스(스냅샷 이후)
볼빨간사춘기,spillover,38,332f254018f6,r41∼r72,41,72,라이브 코퍼스(스냅샷 이후)
볼빨간사춘기,spillover,39,8338a8e986de,r41∼r72,41,72,라이브 코퍼스(스냅샷 이후)
볼빨간사춘기,spillover,40,33e02155e434,r41∼r72,41,72,라이브 코퍼스(스냅샷 이후)
볼빨간사춘기,spillover,41,0b7ca33e8453,r41∼r72,41,72,라이브 코퍼스(스냅샷 이후)
볼빨간사춘기,spillover,42,f99061f525b5,r41∼r72,41,72,라이브 코퍼스(스냅샷 이후)
볼빨간사춘기,spillover,43,d95d2e0adf69,r41∼r72,41,72,라이브 코퍼스(스냅샷 이후)
볼빨간사춘기,spillover,44,9212db131305,r41∼r72,41,72,라이브 코퍼스(스냅샷 이후)
볼빨간사춘기,spillover,45,1aba2b56021d,r41∼r72,41,72,라이브 코퍼스(스냅샷 이후)
볼빨간사춘기,spillover,46,a7ea1fa82bc3,r41∼r72,41,72,라이브 코퍼스(스냅샷 이후)
볼빨간사춘기,spillover,47,84a79cafb166,r41∼r72,41,72,라이브 코퍼스(스냅샷 이후)
볼빨간사춘기,spillover,48,38295532cad2,r41∼r72,41,72,라이브 코퍼스(스냅샷 이후)
볼빨간사춘기,spillover,49,afdb8f74c1ce,r41∼r72,41,72,라이브 코퍼스(스냅샷 이후)
Crush,loyalty,0,2c6e9e364db3,≤r13,1,13,r13 스냅샷
Crush,loyalty,1,084560527602,≤r13,1,13,r13 스냅샷
Crush,loyalty,2,1ea290763963,≤r13,1,13,r13 스냅샷
Crush,loyalty,3,e5509cc95d57,≤r13,1,13,r13 스냅샷
Crush,loyalty,4,a96e75f293ba,≤r13,1,13,r13 스냅샷
Crush,loyalty,5,ed78ca72b773,≤r13,1,13,r13 스냅샷
Crush,loyalty,6,9639279653eb,≤r13,1,13,r13 스냅샷
Crush,loyalty,7,ca73f5379892,≤r13,1,13,r13 스냅샷
Crush,loyalty,8,dd8252af52ed,≤r13,1,13,r13 스냅샷
Crush,loyalty,9,e7c535a123c6,≤r13,1,13,r13 스냅샷
Crush,loyalty,10,0f3fd668065b,≤r13,1,13,r13 스냅샷
Crush,loyalty,11,17f476a034c1,≤r13,1,13,r13 스냅샷
Crush,loyalty,12,e6d52f25bbd4,≤r13,1,13,r13 스냅샷
Crush,loyalty,13,a080e1fe893a,≤r13,1,13,r13 스냅샷
Crush,loyalty,14,592c07bb8112,≤r13,1,13,r13 스냅샷
Crush,loyalty,15,9a89f02134ea,≤r13,1,13,r13 스냅샷
Crush,loyalty,16,44d30d779912,≤r13,1,13,r13 스냅샷
Crush,loyalty,17,9fd61dcc6cb9,≤r13,1,13,r13 스냅샷
Crush,loyalty,18,20b921fa1fe0,≤r13,1,13,r13 스냅샷
Crush,loyalty,19,5494ee585b22,≤r13,1,13,r13 스냅샷
Crush,loyalty,20,ff0ecd426b1e,r14∼r22,14,22,r22 백업
Crush,loyalty,21,89ba8bc5b7a8,r14∼r22,14,22,r22 백업
Crush,loyalty,22,bc6bc859341b,r14∼r22,14,22,r22 백업
Crush,loyalty,23,b874b89098bd,r14∼r22,14,22,r22 백업
Crush,loyalty,24,cab15c786488,r14∼r22,14,22,r22 백업
Crush,loyalty,25,2f43a8c4cdfb,r14∼r22,14,22,r22 백업
Crush,loyalty,26,ad223270695d,r14∼r22,14,22,r22 백업
Crush,loyalty,27,315614cc548c,r14∼r22,14,22,r22 백업
Crush,loyalty,28,94c8eef6b96e,r14∼r22,14,22,r22 백업
Crush,loyalty,29,c7ec46448812,r14∼r22,14,22,r22 백업
Crush,loyalty,30,56951c10d7d2,r14∼r22,14,22,r22 백업
Crush,loyalty,31,4739355db0b1,r14∼r22,14,22,r22 백업
Crush,loyalty,32,c950778f1690,r41∼r72,41,72,라이브 코퍼스(스냅샷 이후)
Crush,loyalty,33,a6d478580c72,r41∼r72,41,72,라이브 코퍼스(스냅샷 이후)
Crush,loyalty,34,e5a6a8b68a4e,r41∼r72,41,72,라이브 코퍼스(스냅샷 이후)
Crush,spillover,0,ebb24a476361,≤r13,1,13,r13 스냅샷
Crush,spillover,1,955be4d37207,≤r13,1,13,r13 스냅샷
Crush,spillover,2,761f2b144e52,≤r13,1,13,r13 스냅샷
Crush,spillover,3,4498cd3f3109,≤r13,1,13,r13 스냅샷
Crush,spillover,4,beaea8eab837,≤r13,1,13,r13 스냅샷
Crush,spillover,5,3e5b1586c466,≤r13,1,13,r13 스냅샷
Crush,spillover,6,2e31622f974b,≤r13,1,13,r13 스냅샷
Crush,spillover,7,3864f70b3b8f,≤r13,1,13,r13 스냅샷
Crush,spillover,8,e6e733af3602,≤r13,1,13,r13 스냅샷
Crush,spillover,9,9beffaeb3e08,≤r13,1,13,r13 스냅샷
Crush,spillover,10,dc5fe7413695,≤r13,1,13,r13 스냅샷
Crush,spillover,11,9d858c999bc1,≤r13,1,13,r13 스냅샷
Crush,spillover,12,b6d024473182,≤r13,1,13,r13 스냅샷
Crush,spillover,13,89cc398006cd,≤r13,1,13,r13 스냅샷
Crush,spillover,14,6b6412e2e7ed,≤r13,1,13,r13 스냅샷
Crush,spillover,15,3028109c2188,≤r13,1,13,r13 스냅샷
Crush,spillover,16,0fa0a2440653,≤r13,1,13,r13 스냅샷
Crush,spillover,17,e3601e5e0ad0,≤r13,1,13,r13 스냅샷
Crush,spillover,18,67d5f9fc0177,≤r13,1,13,r13 스냅샷
Crush,spillover,19,fcf78a2aee89,≤r13,1,13,r13 스냅샷
Crush,spillover,20,9cfc4444feff,≤r13,1,13,r13 스냅샷
Crush,spillover,21,7f4239aaa927,≤r13,1,13,r13 스냅샷
Crush,spillover,22,bebbbf7ab385,≤r13,1,13,r13 스냅샷
Crush,spillover,23,219a61cf52f4,≤r13,1,13,r13 스냅샷
Crush,spillover,24,e7745ffbd28b,≤r13,1,13,r13 스냅샷
Crush,spillover,25,490e0a9b0cb6,≤r13,1,13,r13 스냅샷
Crush,spillover,26,e8ef5fac9b72,≤r13,1,13,r13 스냅샷
Crush,spillover,27,9160e40fcf52,≤r13,1,13,r13 스냅샷
Crush,spillover,28,76ee793363bf,≤r13,1,13,r13 스냅샷
Crush,spillover,29,415954f3809a,≤r13,1,13,r13 스냅샷
Crush,spillover,30,81185d79b092,≤r13,1,13,r13 스냅샷
Crush,spillover,31,ca9111a2d4b9,≤r13,1,13,r13 스냅샷
Crush,spillover,32,19b8a305df3c,≤r13,1,13,r13 스냅샷
Crush,spillover,33,89052ec6b40a,≤r13,1,13,r13 스냅샷
Crush,spillover,34,bc6ec89abede,r14∼r22,14,22,r22 백업
Crush,spillover,35,978a36bcfbf4,r14∼r22,14,22,r22 백업
Crush,spillover,36,b2ef208abef1,r14∼r22,14,22,r22 백업
Crush,spillover,37,3f0e33363521,r14∼r22,14,22,r22 백업
Crush,spillover,38,5db4bcf255ae,r23∼r39,23,39,동결 근사 복원본
Crush,spillover,39,7cf93aba523b,r23∼r39,23,39,동결 근사 복원본
Crush,spillover,40,efca8bede821,r23∼r39,23,39,동결 근사 복원본
Crush,spillover,41,b21d858325b4,r23∼r39,23,39,동결 근사 복원본
Crush,spillover,42,8fbbeeae6d16,r23∼r39,23,39,동결 근사 복원본
Crush,spillover,43,ace8de7f2e3d,r23∼r39,23,39,동결 근사 복원본
Crush,spillover,44,1bbc981120df,r23∼r39,23,39,동결 근사 복원본
Crush,spillover,45,ee05120a12b8,r23∼r39,23,39,동결 근사 복원본
Crush,spillover,46,b6c076223ba2,r23∼r39,23,39,동결 근사 복원본
Crush,spillover,47,4104a4369e40,r23∼r39,23,39,동결 근사 복원본
Crush,spillover,48,ce6fc887537b,r23∼r39,23,39,동결 근사 복원본
Crush,spillover,49,d25a3a36f586,r23∼r39,23,39,동결 근사 복원본
Crush,spillover,50,4a522030a815,r23∼r39,23,39,동결 근사 복원본
Crush,spillover,51,fe833db92849,r41∼r72,41,72,라이브 코퍼스(스냅샷 이후)
Crush,spillover,52,a6d1de7e687f,r41∼r72,41,72,라이브 코퍼스(스냅샷 이후)
Crush,spillover,53,17b39c7a02fb,r41∼r72,41,72,라이브 코퍼스(스냅샷 이후)
Crush,spillover,54,d1ecf97e60d3,r41∼r72,41,72,라이브 코퍼스(스냅샷 이후)
Crush,spillover,55,6e2ed74b1eaa,r41∼r72,41,72,라이브 코퍼스(스냅샷 이후)
Crush,spillover,56,26456f7d8d45,r41∼r72,41,72,라이브 코퍼스(스냅샷 이후)
Crush,spillover,57,739887812f30,r41∼r72,41,72,라이브 코퍼스(스냅샷 이후)
Crush,spillover,58,01b51b6f5c83,r41∼r72,41,72,라이브 코퍼스(스냅샷 이후)
Crush,spillover,59,e2e10d463b6e,r41∼r72,41,72,라이브 코퍼스(스냅샷 이후)
Crush,spillover,60,fc1488cb51fc,r41∼r72,41,72,라이브 코퍼스(스냅샷 이후)
Crush,spillover,61,a7382c357d09,r41∼r72,41,72,라이브 코퍼스(스냅샷 이후)
Crush,spillover,62,19d664b5bba4,r41∼r72,41,72,라이브 코퍼스(스냅샷 이후)
Crush,spillover,63,e5e7411b51ba,r41∼r72,41,72,라이브 코퍼스(스냅샷 이후)
성시경,loyalty,0,63b549ab23f1,≤r13,1,13,r13 스냅샷
성시경,loyalty,1,cf49f3122bb2,≤r13,1,13,r13 스냅샷
성시경,loyalty,2,e6210cfada71,≤r13,1,13,r13 스냅샷
성시경,loyalty,3,e8b4ec0de1c7,≤r13,1,13,r13 스냅샷
성시경,loyalty,4,45342fabd315,≤r13,1,13,r13 스냅샷
성시경,loyalty,5,a739c93b5629,≤r13,1,13,r13 스냅샷
성시경,loyalty,6,cc454e322f19,≤r13,1,13,r13 스냅샷
성시경,loyalty,7,d495f1cef459,≤r13,1,13,r13 스냅샷
성시경,loyalty,8,0d7d42079eed,≤r13,1,13,r13 스냅샷
성시경,loyalty,9,af641009230d,≤r13,1,13,r13 스냅샷
성시경,loyalty,10,63a588111819,≤r13,1,13,r13 스냅샷
성시경,loyalty,11,d115535d4527,≤r13,1,13,r13 스냅샷
성시경,loyalty,12,ff3a22d39952,≤r13,1,13,r13 스냅샷
성시경,loyalty,13,507471077866,≤r13,1,13,r13 스냅샷
성시경,loyalty,14,6d1b24b6c2ae,≤r13,1,13,r13 스냅샷
성시경,loyalty,15,9fff5167abc1,≤r13,1,13,r13 스냅샷
성시경,loyalty,16,51d90b6df3af,≤r13,1,13,r13 스냅샷
성시경,loyalty,17,83fb16baf78c,≤r13,1,13,r13 스냅샷
성시경,loyalty,18,099e472aeefe,≤r13,1,13,r13 스냅샷
성시경,loyalty,19,453cd6f014f2,≤r13,1,13,r13 스냅샷
성시경,loyalty,20,1f112e579146,≤r13,1,13,r13 스냅샷
성시경,loyalty,21,b4d94fe5ee08,≤r13,1,13,r13 스냅샷
성시경,loyalty,22,075e25212c0a,≤r13,1,13,r13 스냅샷
성시경,loyalty,23,577295e3289b,≤r13,1,13,r13 스냅샷
성시경,loyalty,24,e9c6672865f3,≤r13,1,13,r13 스냅샷
성시경,loyalty,25,cc75cb8d824f,≤r13,1,13,r13 스냅샷
성시경,loyalty,26,6f20a9680cee,≤r13,1,13,r13 스냅샷
성시경,loyalty,27,3c749237389e,≤r13,1,13,r13 스냅샷
성시경,loyalty,28,63162719947b,r14∼r22,14,22,r22 백업
성시경,loyalty,29,a4abc051460e,r23∼r39,23,39,동결 근사 복원본
성시경,loyalty,30,84401faf1696,r23∼r39,23,39,동결 근사 복원본
성시경,loyalty,31,391edf4780e3,r41∼r72,41,72,라이브 코퍼스(스냅샷 이후)
성시경,loyalty,32,25c6417c1a3d,r41∼r72,41,72,라이브 코퍼스(스냅샷 이후)
성시경,loyalty,33,ed01c174d218,r41∼r72,41,72,라이브 코퍼스(스냅샷 이후)
성시경,loyalty,34,2711e4eb3a60,r41∼r72,41,72,라이브 코퍼스(스냅샷 이후)
성시경,loyalty,35,2a57c3081698,r41∼r72,41,72,라이브 코퍼스(스냅샷 이후)
성시경,loyalty,36,82ac93b5efb4,r41∼r72,41,72,라이브 코퍼스(스냅샷 이후)
성시경,spillover,0,a54d53bebe2b,≤r13,1,13,r13 스냅샷
성시경,spillover,1,f3b61a108fc8,≤r13,1,13,r13 스냅샷
성시경,spillover,2,fc066fad0f36,≤r13,1,13,r13 스냅샷
성시경,spillover,3,8c3cc81cebde,≤r13,1,13,r13 스냅샷
성시경,spillover,4,358caed5ebf6,≤r13,1,13,r13 스냅샷
성시경,spillover,5,e2655f1db7e0,≤r13,1,13,r13 스냅샷
성시경,spillover,6,7b1374576927,≤r13,1,13,r13 스냅샷
성시경,spillover,7,21ec2463edf0,≤r13,1,13,r13 스냅샷
성시경,spillover,8,d4741e5fea5c,≤r13,1,13,r13 스냅샷
성시경,spillover,9,ad07b8d6c9e5,≤r13,1,13,r13 스냅샷
성시경,spillover,10,1a4d13d0c037,≤r13,1,13,r13 스냅샷
성시경,spillover,11,3cd0761b6602,≤r13,1,13,r13 스냅샷
성시경,spillover,12,f79e875bf16a,≤r13,1,13,r13 스냅샷
성시경,spillover,13,e1196b408f9b,≤r13,1,13,r13 스냅샷
성시경,spillover,14,5f19ee57e51e,≤r13,1,13,r13 스냅샷
성시경,spillover,15,881c0875940b,≤r13,1,13,r13 스냅샷
성시경,spillover,16,3487eea274b0,≤r13,1,13,r13 스냅샷
성시경,spillover,17,63cde8c470df,≤r13,1,13,r13 스냅샷
성시경,spillover,18,846dd5b7e209,≤r13,1,13,r13 스냅샷
성시경,spillover,19,e785b89d117a,≤r13,1,13,r13 스냅샷
성시경,spillover,20,e46193882011,≤r13,1,13,r13 스냅샷
성시경,spillover,21,0be3cac16e1a,≤r13,1,13,r13 스냅샷
성시경,spillover,22,e463427abb3e,≤r13,1,13,r13 스냅샷
성시경,spillover,23,3f6fea4dac07,r23∼r39,23,39,동결 근사 복원본
성시경,spillover,24,33c47903aa1d,r23∼r39,23,39,동결 근사 복원본
성시경,spillover,25,c34f3c78d0b2,r23∼r39,23,39,동결 근사 복원본
성시경,spillover,26,c1feec8cd0f6,r23∼r39,23,39,동결 근사 복원본
성시경,spillover,27,95ade1480d1d,r23∼r39,23,39,동결 근사 복원본
성시경,spillover,28,1ad620cf81b4,r23∼r39,23,39,동결 근사 복원본
성시경,spillover,29,0e99d73d70c8,r23∼r39,23,39,동결 근사 복원본
성시경,spillover,30,a14b27666711,r23∼r39,23,39,동결 근사 복원본
성시경,spillover,31,a5c84a4fecff,r23∼r39,23,39,동결 근사 복원본
성시경,spillover,32,f9162b1788f3,r23∼r39,23,39,동결 근사 복원본
성시경,spillover,33,e064d14693e8,r23∼r39,23,39,동결 근사 복원본
성시경,spillover,34,dbecaf9e4b23,r23∼r39,23,39,동결 근사 복원본
성시경,spillover,35,cda479a97987,r23∼r39,23,39,동결 근사 복원본
성시경,spillover,36,f63e9fd3b462,r23∼r39,23,39,동결 근사 복원본
성시경,spillover,37,e8fde48bf9e4,r23∼r39,23,39,동결 근사 복원본
성시경,spillover,38,c756cc7952b4,r23∼r39,23,39,동결 근사 복원본
성시경,spillover,39,6438b2b317c4,r23∼r39,23,39,동결 근사 복원본
성시경,spillover,40,c9c2ebd32762,r41∼r72,41,72,라이브 코퍼스(스냅샷 이후)
성시경,spillover,41,80b0510e0aaf,r41∼r72,41,72,라이브 코퍼스(스냅샷 이후)
성시경,spillover,42,f79a44a25993,r41∼r72,41,72,라이브 코퍼스(스냅샷 이후)
케이윌,loyalty,0,2bb238c09e85,≤r13,1,13,r13 스냅샷
케이윌,loyalty,1,1f28f70eb810,≤r13,1,13,r13 스냅샷
케이윌,loyalty,2,7a9eef12583f,≤r13,1,13,r13 스냅샷
케이윌,loyalty,3,9a7b07a566d9,≤r13,1,13,r13 스냅샷
케이윌,loyalty,4,e57b8eefe3fa,≤r13,1,13,r13 스냅샷
케이윌,loyalty,5,6d89a6861e4a,≤r13,1,13,r13 스냅샷
케이윌,loyalty,6,8a0f14d55899,≤r13,1,13,r13 스냅샷
케이윌,loyalty,7,6c271baf36fb,≤r13,1,13,r13 스냅샷
케이윌,loyalty,8,4f05b186039f,≤r13,1,13,r13 스냅샷
케이윌,loyalty,9,d168bf0f75b5,≤r13,1,13,r13 스냅샷
케이윌,loyalty,10,1a98ae8ea22b,≤r13,1,13,r13 스냅샷
케이윌,loyalty,11,9c248f98817d,≤r13,1,13,r13 스냅샷
케이윌,loyalty,12,1cab047326c7,≤r13,1,13,r13 스냅샷
케이윌,loyalty,13,d22e6c0d5c8c,≤r13,1,13,r13 스냅샷
케이윌,loyalty,14,989b4f94abc8,≤r13,1,13,r13 스냅샷
케이윌,loyalty,15,3904614c565b,≤r13,1,13,r13 스냅샷
케이윌,loyalty,16,00f4126e0a70,≤r13,1,13,r13 스냅샷
케이윌,loyalty,17,669abfa561a5,≤r13,1,13,r13 스냅샷
케이윌,loyalty,18,9cfa9fe25e49,≤r13,1,13,r13 스냅샷
케이윌,loyalty,19,c34476d47e89,≤r13,1,13,r13 스냅샷
케이윌,loyalty,20,10b3b4b5db51,≤r13,1,13,r13 스냅샷
케이윌,loyalty,21,426d53fdd109,≤r13,1,13,r13 스냅샷
케이윌,loyalty,22,882547930928,≤r13,1,13,r13 스냅샷
케이윌,loyalty,23,fe3dcf7d34d5,≤r13,1,13,r13 스냅샷
케이윌,loyalty,24,5fc658342b7e,≤r13,1,13,r13 스냅샷
케이윌,loyalty,25,e4fc7631b98a,≤r13,1,13,r13 스냅샷
케이윌,loyalty,26,255a8ecc7f8d,≤r13,1,13,r13 스냅샷
케이윌,loyalty,27,79d7c019a093,r14∼r22,14,22,r22 백업
케이윌,loyalty,28,44fcc809f51c,r14∼r22,14,22,r22 백업
케이윌,loyalty,29,56fd2b8b0044,r14∼r22,14,22,r22 백업
케이윌,loyalty,30,f8e778fde15f,r23∼r39,23,39,동결 근사 복원본
케이윌,loyalty,31,31209deb5e8f,r23∼r39,23,39,동결 근사 복원본
케이윌,loyalty,32,b07cc6fcbb8c,r41∼r72,41,72,라이브 코퍼스(스냅샷 이후)
케이윌,loyalty,33,21823d812ee8,r41∼r72,41,72,라이브 코퍼스(스냅샷 이후)
케이윌,loyalty,34,f542f37e61f5,r41∼r72,41,72,라이브 코퍼스(스냅샷 이후)
케이윌,loyalty,35,61db905113c7,r41∼r72,41,72,라이브 코퍼스(스냅샷 이후)
케이윌,spillover,0,4e853342a390,≤r13,1,13,r13 스냅샷
케이윌,spillover,1,544a0f7ed51f,≤r13,1,13,r13 스냅샷
케이윌,spillover,2,7aae6409c65e,≤r13,1,13,r13 스냅샷
케이윌,spillover,3,62c3e7def264,≤r13,1,13,r13 스냅샷
케이윌,spillover,4,f84b859f2fd6,≤r13,1,13,r13 스냅샷
케이윌,spillover,5,e870a7426aaa,≤r13,1,13,r13 스냅샷
케이윌,spillover,6,82330fba388a,≤r13,1,13,r13 스냅샷
케이윌,spillover,7,c5dbcb25a09f,≤r13,1,13,r13 스냅샷
케이윌,spillover,8,7323f8c57f42,≤r13,1,13,r13 스냅샷
케이윌,spillover,9,7fd37cbadf91,≤r13,1,13,r13 스냅샷
케이윌,spillover,10,2360b09d3d2f,≤r13,1,13,r13 스냅샷
케이윌,spillover,11,d33b8fb1009b,≤r13,1,13,r13 스냅샷
케이윌,spillover,12,f0f8dbd8dd22,≤r13,1,13,r13 스냅샷
케이윌,spillover,13,02d0c63f01e3,≤r13,1,13,r13 스냅샷
케이윌,spillover,14,bafd15b05ac6,≤r13,1,13,r13 스냅샷
케이윌,spillover,15,ea579922bf4e,≤r13,1,13,r13 스냅샷
케이윌,spillover,16,9ded479b531e,≤r13,1,13,r13 스냅샷
케이윌,spillover,17,995406c6e431,≤r13,1,13,r13 스냅샷
케이윌,spillover,18,32ad10905e9f,≤r13,1,13,r13 스냅샷
케이윌,spillover,19,52318360df0f,r23∼r39,23,39,동결 근사 복원본
케이윌,spillover,20,189d116f0508,r23∼r39,23,39,동결 근사 복원본
케이윌,spillover,21,7b695a299c63,r23∼r39,23,39,동결 근사 복원본
케이윌,spillover,22,c48836068f48,r23∼r39,23,39,동결 근사 복원본
케이윌,spillover,23,65e0ee135ddc,r23∼r39,23,39,동결 근사 복원본
케이윌,spillover,24,b31820a99c29,r23∼r39,23,39,동결 근사 복원본
케이윌,spillover,25,cf03d50b324f,r23∼r39,23,39,동결 근사 복원본
케이윌,spillover,26,49eefe57c410,r23∼r39,23,39,동결 근사 복원본
케이윌,spillover,27,468dcf241cd2,r23∼r39,23,39,동결 근사 복원본
케이윌,spillover,28,ee4a3a245b17,r23∼r39,23,39,동결 근사 복원본
케이윌,spillover,29,91d00fcbc9c3,r23∼r39,23,39,동결 근사 복원본
케이윌,spillover,30,be0d29c35716,r41∼r72,41,72,라이브 코퍼스(스냅샷 이후)
케이윌,spillover,31,19e41bd8c1dc,r41∼r72,41,72,라이브 코퍼스(스냅샷 이후)
케이윌,spillover,32,92aed14995ab,r41∼r72,41,72,라이브 코퍼스(스냅샷 이후)
케이윌,spillover,33,7aaf23a6fa27,r41∼r72,41,72,라이브 코퍼스(스냅샷 이후)
케이윌,spillover,34,8c51830b40db,r41∼r72,41,72,라이브 코퍼스(스냅샷 이후)
이승철,loyalty,0,9e9157af359c,≤r13,1,13,r13 스냅샷
이승철,loyalty,1,0bab403df73d,≤r13,1,13,r13 스냅샷
이승철,loyalty,2,3dcf49c303fc,≤r13,1,13,r13 스냅샷
이승철,loyalty,3,3fdc7f564235,≤r13,1,13,r13 스냅샷
이승철,loyalty,4,a5098d3a327c,≤r13,1,13,r13 스냅샷
이승철,loyalty,5,ef6724984f7e,≤r13,1,13,r13 스냅샷
이승철,loyalty,6,a398db5f2e78,≤r13,1,13,r13 스냅샷
이승철,loyalty,7,83d5cac35fb2,≤r13,1,13,r13 스냅샷
이승철,loyalty,8,e217d23f2251,≤r13,1,13,r13 스냅샷
이승철,loyalty,9,dee05454f68f,≤r13,1,13,r13 스냅샷
이승철,loyalty,10,4d278feb0760,≤r13,1,13,r13 스냅샷
이승철,loyalty,11,2277f26b5883,≤r13,1,13,r13 스냅샷
이승철,loyalty,12,25d70ee8aec2,≤r13,1,13,r13 스냅샷
이승철,loyalty,13,0f22d9a12c4c,≤r13,1,13,r13 스냅샷
이승철,loyalty,14,8e8fcda2717d,r41∼r72,41,72,라이브 코퍼스(스냅샷 이후)
이승철,loyalty,15,c04cb53f86e8,r41∼r72,41,72,라이브 코퍼스(스냅샷 이후)
이승철,loyalty,16,666aabe878d1,r41∼r72,41,72,라이브 코퍼스(스냅샷 이후)
이승철,loyalty,17,61d8e2b76c01,r41∼r72,41,72,라이브 코퍼스(스냅샷 이후)
이승철,loyalty,18,90a563a46a0d,r41∼r72,41,72,라이브 코퍼스(스냅샷 이후)
이승철,loyalty,19,b57acee2a5c0,r41∼r72,41,72,라이브 코퍼스(스냅샷 이후)
이승철,loyalty,20,630458bca9bc,r41∼r72,41,72,라이브 코퍼스(스냅샷 이후)
이승철,loyalty,21,1e2540b1b914,r41∼r72,41,72,라이브 코퍼스(스냅샷 이후)
이승철,loyalty,22,f3bcb3a290bd,r41∼r72,41,72,라이브 코퍼스(스냅샷 이후)
이승철,loyalty,23,143b5568c33e,r41∼r72,41,72,라이브 코퍼스(스냅샷 이후)
이승철,spillover,0,36b6e5b77650,≤r13,1,13,r13 스냅샷
이승철,spillover,1,1323612a01e0,≤r13,1,13,r13 스냅샷
이승철,spillover,2,b3d2a8896657,≤r13,1,13,r13 스냅샷
이승철,spillover,3,0f9997d13b8d,≤r13,1,13,r13 스냅샷
이승철,spillover,4,1be95996e817,≤r13,1,13,r13 스냅샷
이승철,spillover,5,9b6d1071442b,≤r13,1,13,r13 스냅샷
이승철,spillover,6,bedb9d00e54d,≤r13,1,13,r13 스냅샷
이승철,spillover,7,c20b4109a4dc,≤r13,1,13,r13 스냅샷
이승철,spillover,8,ac1e42e649c2,≤r13,1,13,r13 스냅샷
이승철,spillover,9,4ad5bd88e2eb,≤r13,1,13,r13 스냅샷
이승철,spillover,10,2d9541a2c756,≤r13,1,13,r13 스냅샷
이승철,spillover,11,e139eea8e52f,≤r13,1,13,r13 스냅샷
이승철,spillover,12,e798c9f04cfa,≤r13,1,13,r13 스냅샷
이승철,spillover,13,1b1e4ef29cc5,≤r13,1,13,r13 스냅샷
이승철,spillover,14,23d28182f39a,≤r13,1,13,r13 스냅샷
이승철,spillover,15,b201e9525509,≤r13,1,13,r13 스냅샷
이승철,spillover,16,6afe5f96e66e,≤r13,1,13,r13 스냅샷
이승철,spillover,17,f2d988018000,r23∼r39,23,39,동결 근사 복원본
이승철,spillover,18,984a20896dd0,r23∼r39,23,39,동결 근사 복원본
이승철,spillover,19,7c51c8909e3c,r23∼r39,23,39,동결 근사 복원본
이승철,spillover,20,c3935d976d76,r23∼r39,23,39,동결 근사 복원본
이승철,spillover,21,c7afba8fee8a,r23∼r39,23,39,동결 근사 복원본
이승철,spillover,22,66eaf6d71976,r23∼r39,23,39,동결 근사 복원본
이승철,spillover,23,72ab7f34729b,r23∼r39,23,39,동결 근사 복원본
이승철,spillover,24,9c3d3b775780,r23∼r39,23,39,동결 근사 복원본
이승철,spillover,25,9422ecd8961a,r23∼r39,23,39,동결 근사 복원본
이승철,spillover,26,77955ad3d78f,r23∼r39,23,39,동결 근사 복원본
이승철,spillover,27,27131e834f46,r23∼r39,23,39,동결 근사 복원본
이승철,spillover,28,30d3d2e2db20,r23∼r39,23,39,동결 근사 복원본
이승철,spillover,29,2b11e4a3e1f7,r23∼r39,23,39,동결 근사 복원본
이승철,spillover,30,5a39da4585f0,r23∼r39,23,39,동결 근사 복원본
이승철,spillover,31,13d732627c4e,r41∼r72,41,72,라이브 코퍼스(스냅샷 이후)
이승철,spillover,32,e726af484e99,r41∼r72,41,72,라이브 코퍼스(스냅샷 이후)
이승철,spillover,33,2a0ad0dd488d,r41∼r72,41,72,라이브 코퍼스(스냅샷 이후)
이승철,spillover,34,2f8e67eabbc5,r41∼r72,41,72,라이브 코퍼스(스냅샷 이후)
이승철,spillover,35,a6c5eabb9626,r41∼r72,41,72,라이브 코퍼스(스냅샷 이후)
이승철,spillover,36,abb0fbb84f03,r41∼r72,41,72,라이브 코퍼스(스냅샷 이후)
이승철,spillover,37,08aefe260130,r41∼r72,41,72,라이브 코퍼스(스냅샷 이후)
이승철,spillover,38,84b79a4c0ecc,r41∼r72,41,72,라이브 코퍼스(스냅샷 이후)
이승철,spillover,39,3f98e0b5a425,r41∼r72,41,72,라이브 코퍼스(스냅샷 이후)
이승철,spillover,40,a69b2790004a,r41∼r72,41,72,라이브 코퍼스(스냅샷 이후)
이승철,spillover,41,6faed87919eb,r41∼r72,41,72,라이브 코퍼스(스냅샷 이후)
이승철,spillover,42,67e708dbbcbe,r41∼r72,41,72,라이브 코퍼스(스냅샷 이후)
이승철,spillover,43,a7f412986e51,r41∼r72,41,72,라이브 코퍼스(스냅샷 이후)
이승철,spillover,44,2e4a8dc4f860,r41∼r72,41,72,라이브 코퍼스(스냅샷 이후)
이승철,spillover,45,02547a2b3485,r41∼r72,41,72,라이브 코퍼스(스냅샷 이후)
이승철,spillover,46,af5d907d8927,r41∼r72,41,72,라이브 코퍼스(스냅샷 이후)
이승철,spillover,47,5ab0e8e31a63,r41∼r72,41,72,라이브 코퍼스(스냅샷 이후)
이승철,spillover,48,1112807dd387,r41∼r72,41,72,라이브 코퍼스(스냅샷 이후)
이승철,spillover,49,65be1444edd2,r41∼r72,41,72,라이브 코퍼스(스냅샷 이후)
이승철,spillover,50,30f613a10d83,r41∼r72,41,72,라이브 코퍼스(스냅샷 이후)
이승철,spillover,51,bddac2bc817a,r41∼r72,41,72,라이브 코퍼스(스냅샷 이후)
이승철,spillover,52,9891d3e3a846,r41∼r72,41,72,라이브 코퍼스(스냅샷 이후)
이승철,spillover,53,4ea83a549c11,r41∼r72,41,72,라이브 코퍼스(스냅샷 이후)
거미,loyalty,0,8d65dc9ebdbc,≤r13,1,13,r13 스냅샷
거미,loyalty,1,0872ff021801,≤r13,1,13,r13 스냅샷
거미,loyalty,2,9762a4da94f1,≤r13,1,13,r13 스냅샷
거미,loyalty,3,c49569b6df24,≤r13,1,13,r13 스냅샷
거미,loyalty,4,c4b84697b370,≤r13,1,13,r13 스냅샷
거미,loyalty,5,a6a7e82d994f,≤r13,1,13,r13 스냅샷
거미,loyalty,6,7eb8fd269b04,≤r13,1,13,r13 스냅샷
거미,loyalty,7,c9c17575eb48,≤r13,1,13,r13 스냅샷
거미,loyalty,8,31994147f91a,≤r13,1,13,r13 스냅샷
거미,loyalty,9,18ca9b1e7227,≤r13,1,13,r13 스냅샷
거미,loyalty,10,03f302ee3e06,≤r13,1,13,r13 스냅샷
거미,loyalty,11,f892cb434e94,≤r13,1,13,r13 스냅샷
거미,loyalty,12,d00344ce76fc,≤r13,1,13,r13 스냅샷
거미,loyalty,13,f16c75f01564,≤r13,1,13,r13 스냅샷
거미,loyalty,14,7584f7e70190,r14∼r22,14,22,r22 백업
거미,loyalty,15,03a0f3d95405,r23∼r39,23,39,동결 근사 복원본
거미,loyalty,16,56b541cc75f5,r41∼r72,41,72,라이브 코퍼스(스냅샷 이후)
거미,loyalty,17,da6416881b3f,r41∼r72,41,72,라이브 코퍼스(스냅샷 이후)
거미,loyalty,18,c9298d1daa7d,r41∼r72,41,72,라이브 코퍼스(스냅샷 이후)
거미,loyalty,19,8a9016220548,r41∼r72,41,72,라이브 코퍼스(스냅샷 이후)
거미,loyalty,20,3c4926f41eb1,r41∼r72,41,72,라이브 코퍼스(스냅샷 이후)
거미,loyalty,21,521292ad28e6,r41∼r72,41,72,라이브 코퍼스(스냅샷 이후)
거미,loyalty,22,32740f9f429a,r41∼r72,41,72,라이브 코퍼스(스냅샷 이후)
거미,loyalty,23,71e48ba016c4,r41∼r72,41,72,라이브 코퍼스(스냅샷 이후)
거미,loyalty,24,cb66c04c431f,r41∼r72,41,72,라이브 코퍼스(스냅샷 이후)
거미,loyalty,25,4a257f5dff3f,r41∼r72,41,72,라이브 코퍼스(스냅샷 이후)
거미,loyalty,26,48c80f0c1298,r41∼r72,41,72,라이브 코퍼스(스냅샷 이후)
거미,loyalty,27,8a984079de6f,r41∼r72,41,72,라이브 코퍼스(스냅샷 이후)
거미,loyalty,28,a1edbccc4385,r41∼r72,41,72,라이브 코퍼스(스냅샷 이후)
거미,loyalty,29,fe160297da8c,r41∼r72,41,72,라이브 코퍼스(스냅샷 이후)
거미,loyalty,30,c905f673a069,r41∼r72,41,72,라이브 코퍼스(스냅샷 이후)
거미,loyalty,31,3558fc3761b1,r41∼r72,41,72,라이브 코퍼스(스냅샷 이후)
거미,loyalty,32,d5cfac307e8c,r41∼r72,41,72,라이브 코퍼스(스냅샷 이후)
거미,loyalty,33,502243935582,r41∼r72,41,72,라이브 코퍼스(스냅샷 이후)
거미,spillover,0,a71790809897,≤r13,1,13,r13 스냅샷
거미,spillover,1,56555abcfa80,≤r13,1,13,r13 스냅샷
거미,spillover,2,c57d059d9bfd,≤r13,1,13,r13 스냅샷
거미,spillover,3,0ef991ab93a5,≤r13,1,13,r13 스냅샷
거미,spillover,4,51d99bb631a7,≤r13,1,13,r13 스냅샷
거미,spillover,5,76972686e5ac,≤r13,1,13,r13 스냅샷
거미,spillover,6,03ec3f2d486e,≤r13,1,13,r13 스냅샷
거미,spillover,7,d83d7a8e221f,≤r13,1,13,r13 스냅샷
거미,spillover,8,ae3c441e0cf4,≤r13,1,13,r13 스냅샷
거미,spillover,9,a84765a3ad10,≤r13,1,13,r13 스냅샷
거미,spillover,10,b31a911b7cea,≤r13,1,13,r13 스냅샷
거미,spillover,11,ad2ca97b8866,≤r13,1,13,r13 스냅샷
거미,spillover,12,0d3d819fea80,r23∼r39,23,39,동결 근사 복원본
거미,spillover,13,3ad1c6370d23,r23∼r39,23,39,동결 근사 복원본
거미,spillover,14,923e49fa3aff,r23∼r39,23,39,동결 근사 복원본
거미,spillover,15,ad2ff2b04524,r23∼r39,23,39,동결 근사 복원본
거미,spillover,16,1b90ecc145c5,r23∼r39,23,39,동결 근사 복원본
거미,spillover,17,7ee9fd79ce73,r23∼r39,23,39,동결 근사 복원본
거미,spillover,18,01a14c86fb99,r23∼r39,23,39,동결 근사 복원본
거미,spillover,19,778be3f2d985,r23∼r39,23,39,동결 근사 복원본
거미,spillover,20,40e1cb801647,r23∼r39,23,39,동결 근사 복원본
거미,spillover,21,bc41b0c9a9cc,r23∼r39,23,39,동결 근사 복원본
거미,spillover,22,5743cacf68fe,r41∼r72,41,72,라이브 코퍼스(스냅샷 이후)
거미,spillover,23,437160028d6e,r41∼r72,41,72,라이브 코퍼스(스냅샷 이후)
거미,spillover,24,2675a8e1f87e,r41∼r72,41,72,라이브 코퍼스(스냅샷 이후)
거미,spillover,25,1993d3057a93,r41∼r72,41,72,라이브 코퍼스(스냅샷 이후)
거미,spillover,26,203c390bc744,r41∼r72,41,72,라이브 코퍼스(스냅샷 이후)
거미,spillover,27,aa61d9d50c2a,r41∼r72,41,72,라이브 코퍼스(스냅샷 이후)
거미,spillover,28,0b964e002aba,r41∼r72,41,72,라이브 코퍼스(스냅샷 이후)
거미,spillover,29,10fa4fd2621b,r41∼r72,41,72,라이브 코퍼스(스냅샷 이후)
거미,spillover,30,ae0d6003c046,r41∼r72,41,72,라이브 코퍼스(스냅샷 이후)
거미,spillover,31,34e5dbb8ed6a,r41∼r72,41,72,라이브 코퍼스(스냅샷 이후)
거미,spillover,32,4e7f96a9505d,r41∼r72,41,72,라이브 코퍼스(스냅샷 이후)
거미,spillover,33,15becd226e30,r41∼r72,41,72,라이브 코퍼스(스냅샷 이후)
거미,spillover,34,20fda6a94423,r41∼r72,41,72,라이브 코퍼스(스냅샷 이후)
거미,spillover,35,2b456438d4ca,r41∼r72,41,72,라이브 코퍼스(스냅샷 이후)
거미,spillover,36,deb29ecdf36e,r41∼r72,41,72,라이브 코퍼스(스냅샷 이후)
거미,spillover,37,9e8c7745d99b,r41∼r72,41,72,라이브 코퍼스(스냅샷 이후)
거미,spillover,38,7a11c44920d1,r41∼r72,41,72,라이브 코퍼스(스냅샷 이후)
거미,spillover,39,ba0bcfdd6651,r41∼r72,41,72,라이브 코퍼스(스냅샷 이후)
거미,spillover,40,491648a73559,r41∼r72,41,72,라이브 코퍼스(스냅샷 이후)
거미,spillover,41,acc527e817c8,r41∼r72,41,72,라이브 코퍼스(스냅샷 이후)
거미,spillover,42,f339685e6744,r41∼r72,41,72,라이브 코퍼스(스냅샷 이후)
거미,spillover,43,1193bc37bcee,r41∼r72,41,72,라이브 코퍼스(스냅샷 이후)
거미,spillover,44,bce777e62fbe,r41∼r72,41,72,라이브 코퍼스(스냅샷 이후)
거미,spillover,45,a1459d996e29,r41∼r72,41,72,라이브 코퍼스(스냅샷 이후)
거미,spillover,46,913f72c31192,r41∼r72,41,72,라이브 코퍼스(스냅샷 이후)
거미,spillover,47,b1a91a35529c,r41∼r72,41,72,라이브 코퍼스(스냅샷 이후)
거미,spillover,48,1038feecbcbf,r41∼r72,41,72,라이브 코퍼스(스냅샷 이후)
거미,spillover,49,1c52f961e29d,r41∼r72,41,72,라이브 코퍼스(스냅샷 이후)
거미,spillover,50,7513ceca3c35,r41∼r72,41,72,라이브 코퍼스(스냅샷 이후)
거미,spillover,51,a07915701419,r41∼r72,41,72,라이브 코퍼스(스냅샷 이후)
거미,spillover,52,3f45baf52479,r41∼r72,41,72,라이브 코퍼스(스냅샷 이후)
린,loyalty,0,cd8aa19c29db,≤r13,1,13,r13 스냅샷
린,loyalty,1,796a1acd5bbd,≤r13,1,13,r13 스냅샷
린,loyalty,2,c3320a37b1f9,≤r13,1,13,r13 스냅샷
린,loyalty,3,bc0e5488e770,≤r13,1,13,r13 스냅샷
린,loyalty,4,a64d93e10fcd,≤r13,1,13,r13 스냅샷
린,loyalty,5,c30c795cc5ae,≤r13,1,13,r13 스냅샷
린,loyalty,6,8d26d27cd454,≤r13,1,13,r13 스냅샷
린,loyalty,7,76d2652e007e,≤r13,1,13,r13 스냅샷
린,loyalty,8,75d66aa35e72,≤r13,1,13,r13 스냅샷
린,loyalty,9,f5ae9946c7ac,≤r13,1,13,r13 스냅샷
린,loyalty,10,0987d99a44a8,≤r13,1,13,r13 스냅샷
린,loyalty,11,30023970f167,≤r13,1,13,r13 스냅샷
린,loyalty,12,a86b4bb5a726,≤r13,1,13,r13 스냅샷
린,loyalty,13,521d47daad6e,r23∼r39,23,39,동결 근사 복원본
린,loyalty,14,defec094393f,r23∼r39,23,39,동결 근사 복원본
린,loyalty,15,b4f8e616324d,r23∼r39,23,39,동결 근사 복원본
린,loyalty,16,ef7341cd9f75,r41∼r72,41,72,라이브 코퍼스(스냅샷 이후)
린,loyalty,17,217707e3a97a,r41∼r72,41,72,라이브 코퍼스(스냅샷 이후)
린,loyalty,18,bd7d6bf5560d,r41∼r72,41,72,라이브 코퍼스(스냅샷 이후)
린,loyalty,19,d397dcaf707f,r41∼r72,41,72,라이브 코퍼스(스냅샷 이후)
린,loyalty,20,ed38be37602e,r41∼r72,41,72,라이브 코퍼스(스냅샷 이후)
린,loyalty,21,92e3865c2541,r41∼r72,41,72,라이브 코퍼스(스냅샷 이후)
린,loyalty,22,f135666b93c3,r41∼r72,41,72,라이브 코퍼스(스냅샷 이후)
린,spillover,0,0fec7516a564,≤r13,1,13,r13 스냅샷
린,spillover,1,086c4b873a1e,≤r13,1,13,r13 스냅샷
린,spillover,2,c10df4c3691d,≤r13,1,13,r13 스냅샷
린,spillover,3,bac71c15228f,≤r13,1,13,r13 스냅샷
린,spillover,4,a14cd6f7e847,≤r13,1,13,r13 스냅샷
린,spillover,5,1156fc775d62,≤r13,1,13,r13 스냅샷
린,spillover,6,c1010bd32026,≤r13,1,13,r13 스냅샷
린,spillover,7,b1664b9db8a3,≤r13,1,13,r13 스냅샷
린,spillover,8,e3647f31cadc,≤r13,1,13,r13 스냅샷
린,spillover,9,7f7e37fd09e4,≤r13,1,13,r13 스냅샷
린,spillover,10,2176a6965b8e,≤r13,1,13,r13 스냅샷
린,spillover,11,cb22391a20eb,≤r13,1,13,r13 스냅샷
린,spillover,12,7632beaaf146,≤r13,1,13,r13 스냅샷
린,spillover,13,2fd3164359a0,≤r13,1,13,r13 스냅샷
린,spillover,14,f640abb09b8d,r23∼r39,23,39,동결 근사 복원본
린,spillover,15,838f2686d72e,r23∼r39,23,39,동결 근사 복원본
린,spillover,16,f465f154a9a7,r23∼r39,23,39,동결 근사 복원본
린,spillover,17,6b3af99dc95a,r23∼r39,23,39,동결 근사 복원본
린,spillover,18,11054793115d,r23∼r39,23,39,동결 근사 복원본
린,spillover,19,b31c752e3fc2,r23∼r39,23,39,동결 근사 복원본
린,spillover,20,da6f737de27f,r23∼r39,23,39,동결 근사 복원본
린,spillover,21,0d56fbc34815,r23∼r39,23,39,동결 근사 복원본
린,spillover,22,d658033fdacb,r23∼r39,23,39,동결 근사 복원본
린,spillover,23,0070635b94f5,r23∼r39,23,39,동결 근사 복원본
린,spillover,24,fbd75dc0ab6d,r23∼r39,23,39,동결 근사 복원본
린,spillover,25,363fe498572f,r23∼r39,23,39,동결 근사 복원본
린,spillover,26,9c14ab7455c7,r23∼r39,23,39,동결 근사 복원본
린,spillover,27,cec8b5f23b40,r23∼r39,23,39,동결 근사 복원본
린,spillover,28,b65d461ad23a,r41∼r72,41,72,라이브 코퍼스(스냅샷 이후)
린,spillover,29,e65563e4a62a,r41∼r72,41,72,라이브 코퍼스(스냅샷 이후)
린,spillover,30,4e64338f55a0,r41∼r72,41,72,라이브 코퍼스(스냅샷 이후)
린,spillover,31,f643ca5955cb,r41∼r72,41,72,라이브 코퍼스(스냅샷 이후)
린,spillover,32,a60444311b1d,r41∼r72,41,72,라이브 코퍼스(스냅샷 이후)
린,spillover,33,09c9a936d3ce,r41∼r72,41,72,라이브 코퍼스(스냅샷 이후)
린,spillover,34,6396484a1ff8,r41∼r72,41,72,라이브 코퍼스(스냅샷 이후)
린,spillover,35,45c9bff39f30,r41∼r72,41,72,라이브 코퍼스(스냅샷 이후)
린,spillover,36,5490be778c32,r41∼r72,41,72,라이브 코퍼스(스냅샷 이후)
린,spillover,37,daafa759fb2f,r41∼r72,41,72,라이브 코퍼스(스냅샷 이후)
린,spillover,38,b82d787a32a9,r41∼r72,41,72,라이브 코퍼스(스냅샷 이후)
린,spillover,39,9e8d472fa6c2,r41∼r72,41,72,라이브 코퍼스(스냅샷 이후)
린,spillover,40,f483a8158f64,r41∼r72,41,72,라이브 코퍼스(스냅샷 이후)
린,spillover,41,a630f516aed7,r41∼r72,41,72,라이브 코퍼스(스냅샷 이후)
린,spillover,42,8cb749d1b3b0,r41∼r72,41,72,라이브 코퍼스(스냅샷 이후)
린,spillover,43,b3d6133dd1cc,r41∼r72,41,72,라이브 코퍼스(스냅샷 이후)
린,spillover,44,4392712d3950,r41∼r72,41,72,라이브 코퍼스(스냅샷 이후)
린,spillover,45,1ee6e5c04e6f,r41∼r72,41,72,라이브 코퍼스(스냅샷 이후)
린,spillover,46,0889a5e50b03,r41∼r72,41,72,라이브 코퍼스(스냅샷 이후)
린,spillover,47,2ca4df306ced,r41∼r72,41,72,라이브 코퍼스(스냅샷 이후)
린,spillover,48,862c15727165,r41∼r72,41,72,라이브 코퍼스(스냅샷 이후)
린,spillover,49,5c0827960b72,r41∼r72,41,72,라이브 코퍼스(스냅샷 이후)
린,spillover,50,d17991408bd5,r41∼r72,41,72,라이브 코퍼스(스냅샷 이후)
린,spillover,51,58809062deed,r41∼r72,41,72,라이브 코퍼스(스냅샷 이후)
린,spillover,52,22b6fdcaf7c8,r41∼r72,41,72,라이브 코퍼스(스냅샷 이후)
린,spillover,53,b61a99759a50,r41∼r72,41,72,라이브 코퍼스(스냅샷 이후)
린,spillover,54,e9d0b8c95174,r41∼r72,41,72,라이브 코퍼스(스냅샷 이후)
백지영,loyalty,0,ae87b4f90575,≤r13,1,13,r13 스냅샷
백지영,loyalty,1,0c5cd10e0e8f,≤r13,1,13,r13 스냅샷
백지영,loyalty,2,08d6bf925771,≤r13,1,13,r13 스냅샷
백지영,loyalty,3,db30b16dd71d,≤r13,1,13,r13 스냅샷
백지영,loyalty,4,39d4153200ea,≤r13,1,13,r13 스냅샷
백지영,loyalty,5,34532b7446bd,≤r13,1,13,r13 스냅샷
백지영,loyalty,6,70eed98db7a0,≤r13,1,13,r13 스냅샷
백지영,loyalty,7,58c5555a9ca0,≤r13,1,13,r13 스냅샷
백지영,loyalty,8,a50582c92b60,≤r13,1,13,r13 스냅샷
백지영,loyalty,9,226ee22409c6,≤r13,1,13,r13 스냅샷
백지영,loyalty,10,84e74d11be9b,≤r13,1,13,r13 스냅샷
백지영,loyalty,11,310688b48c75,≤r13,1,13,r13 스냅샷
백지영,loyalty,12,ae61cc83411f,≤r13,1,13,r13 스냅샷
백지영,loyalty,13,acfa3deb4229,r14∼r22,14,22,r22 백업
백지영,loyalty,14,b396778bb5fa,r14∼r22,14,22,r22 백업
백지영,loyalty,15,c960cab473a3,r23∼r39,23,39,동결 근사 복원본
백지영,loyalty,16,82e14938d28b,r41∼r72,41,72,라이브 코퍼스(스냅샷 이후)
백지영,loyalty,17,981eafc0a4da,r41∼r72,41,72,라이브 코퍼스(스냅샷 이후)
백지영,loyalty,18,982cc7d11b95,r41∼r72,41,72,라이브 코퍼스(스냅샷 이후)
백지영,loyalty,19,83730dacc582,r41∼r72,41,72,라이브 코퍼스(스냅샷 이후)
백지영,loyalty,20,b1e6d360f6df,r41∼r72,41,72,라이브 코퍼스(스냅샷 이후)
백지영,loyalty,21,4406ab6aa3fb,r41∼r72,41,72,라이브 코퍼스(스냅샷 이후)
백지영,loyalty,22,831fdc339957,r41∼r72,41,72,라이브 코퍼스(스냅샷 이후)
백지영,loyalty,23,1645e58e97b3,r41∼r72,41,72,라이브 코퍼스(스냅샷 이후)
백지영,spillover,0,a8e920e9a193,≤r13,1,13,r13 스냅샷
백지영,spillover,1,908fd81400a5,≤r13,1,13,r13 스냅샷
백지영,spillover,2,e3acc3954cd0,≤r13,1,13,r13 스냅샷
백지영,spillover,3,a654c51a24ed,≤r13,1,13,r13 스냅샷
백지영,spillover,4,5806cecebaea,≤r13,1,13,r13 스냅샷
백지영,spillover,5,5f5e9ebf0be6,≤r13,1,13,r13 스냅샷
백지영,spillover,6,2633dac0b475,≤r13,1,13,r13 스냅샷
백지영,spillover,7,2a83ca5c89e1,≤r13,1,13,r13 스냅샷
백지영,spillover,8,bcf5a978ce61,≤r13,1,13,r13 스냅샷
백지영,spillover,9,d3c16b4333d7,≤r13,1,13,r13 스냅샷
백지영,spillover,10,d9425f338010,≤r13,1,13,r13 스냅샷
백지영,spillover,11,e4903e0f2dcc,≤r13,1,13,r13 스냅샷
백지영,spillover,12,142b7d96d7ca,≤r13,1,13,r13 스냅샷
백지영,spillover,13,fca08d4a9f74,≤r13,1,13,r13 스냅샷
백지영,spillover,14,49469a47d0bc,≤r13,1,13,r13 스냅샷
백지영,spillover,15,9d2d15d44c89,≤r13,1,13,r13 스냅샷
백지영,spillover,16,f6c12fce34fe,≤r13,1,13,r13 스냅샷
백지영,spillover,17,bff9f0732ddb,≤r13,1,13,r13 스냅샷
백지영,spillover,18,c80c6cf5e0eb,≤r13,1,13,r13 스냅샷
백지영,spillover,19,9d7c21088528,r23∼r39,23,39,동결 근사 복원본
백지영,spillover,20,cb862f7d2e5e,r23∼r39,23,39,동결 근사 복원본
백지영,spillover,21,53d5b05f1a46,r23∼r39,23,39,동결 근사 복원본
백지영,spillover,22,d1ff3257b478,r23∼r39,23,39,동결 근사 복원본
백지영,spillover,23,76cd8f6145bf,r23∼r39,23,39,동결 근사 복원본
백지영,spillover,24,b05c1e74b010,r23∼r39,23,39,동결 근사 복원본
백지영,spillover,25,09188b8dcddc,r23∼r39,23,39,동결 근사 복원본
백지영,spillover,26,054cb1ff584d,r23∼r39,23,39,동결 근사 복원본
백지영,spillover,27,3650ea6ae415,r23∼r39,23,39,동결 근사 복원본
백지영,spillover,28,9a6b9015eb5c,r23∼r39,23,39,동결 근사 복원본
백지영,spillover,29,19273e019cd3,r23∼r39,23,39,동결 근사 복원본
백지영,spillover,30,6dd96724cea8,r23∼r39,23,39,동결 근사 복원본
백지영,spillover,31,94e2a34b4d79,r23∼r39,23,39,동결 근사 복원본
백지영,spillover,32,fb8c4604de94,r23∼r39,23,39,동결 근사 복원본
백지영,spillover,33,028f122b6d56,r41∼r72,41,72,라이브 코퍼스(스냅샷 이후)
백지영,spillover,34,c33161d09637,r41∼r72,41,72,라이브 코퍼스(스냅샷 이후)
백지영,spillover,35,5d9023e2ecc7,r41∼r72,41,72,라이브 코퍼스(스냅샷 이후)
백지영,spillover,36,521c1498bc54,r41∼r72,41,72,라이브 코퍼스(스냅샷 이후)
백지영,spillover,37,4454b8199060,r41∼r72,41,72,라이브 코퍼스(스냅샷 이후)
백지영,spillover,38,1609f8a8719f,r41∼r72,41,72,라이브 코퍼스(스냅샷 이후)
백지영,spillover,39,37117fd1528f,r41∼r72,41,72,라이브 코퍼스(스냅샷 이후)
백지영,spillover,40,472bacfdffa8,r41∼r72,41,72,라이브 코퍼스(스냅샷 이후)
백지영,spillover,41,21ee7bbb9e51,r41∼r72,41,72,라이브 코퍼스(스냅샷 이후)
백지영,spillover,42,e6d880398547,r41∼r72,41,72,라이브 코퍼스(스냅샷 이후)
백지영,spillover,43,9a4af4f7d448,r41∼r72,41,72,라이브 코퍼스(스냅샷 이후)
백지영,spillover,44,3f5878df798c,r41∼r72,41,72,라이브 코퍼스(스냅샷 이후)
백지영,spillover,45,a7c3c8aa7c3b,r41∼r72,41,72,라이브 코퍼스(스냅샷 이후)
백지영,spillover,46,cdecb5da6fba,r41∼r72,41,72,라이브 코퍼스(스냅샷 이후)
백지영,spillover,47,b5792600bb16,r41∼r72,41,72,라이브 코퍼스(스냅샷 이후)
김동률,loyalty,0,e5a1af6f0039,≤r13,1,13,r13 스냅샷
김동률,loyalty,1,7ff75f6c2608,≤r13,1,13,r13 스냅샷
김동률,loyalty,2,968b30d4faeb,≤r13,1,13,r13 스냅샷
김동률,loyalty,3,ef18537625bb,≤r13,1,13,r13 스냅샷
김동률,loyalty,4,52031c3ef159,≤r13,1,13,r13 스냅샷
김동률,loyalty,5,cb9251c503ac,≤r13,1,13,r13 스냅샷
김동률,loyalty,6,a125ad985871,≤r13,1,13,r13 스냅샷
김동률,loyalty,7,48ed509a075b,≤r13,1,13,r13 스냅샷
김동률,loyalty,8,fbd30353567c,≤r13,1,13,r13 스냅샷
김동률,loyalty,9,080c400e5320,≤r13,1,13,r13 스냅샷
김동률,loyalty,10,ced7cd40958a,≤r13,1,13,r13 스냅샷
김동률,loyalty,11,9b26d1e31867,≤r13,1,13,r13 스냅샷
김동률,loyalty,12,d7ecdf143830,≤r13,1,13,r13 스냅샷
김동률,loyalty,13,89170410d9b0,r41∼r72,41,72,라이브 코퍼스(스냅샷 이후)
김동률,loyalty,14,397ad7016d69,r41∼r72,41,72,라이브 코퍼스(스냅샷 이후)
김동률,loyalty,15,1f585e0051b9,r41∼r72,41,72,라이브 코퍼스(스냅샷 이후)
김동률,loyalty,16,698aa2f88e79,r41∼r72,41,72,라이브 코퍼스(스냅샷 이후)
김동률,loyalty,17,f658c17f4112,r41∼r72,41,72,라이브 코퍼스(스냅샷 이후)
김동률,loyalty,18,6dbdb6735f84,r41∼r72,41,72,라이브 코퍼스(스냅샷 이후)
김동률,loyalty,19,e6a0f9373cbd,r41∼r72,41,72,라이브 코퍼스(스냅샷 이후)
김동률,loyalty,20,6d04bcd30154,r41∼r72,41,72,라이브 코퍼스(스냅샷 이후)
김동률,loyalty,21,193ca8af303b,r41∼r72,41,72,라이브 코퍼스(스냅샷 이후)
김동률,loyalty,22,e3f2bc5f82b9,r41∼r72,41,72,라이브 코퍼스(스냅샷 이후)
김동률,loyalty,23,c2322bd22703,r41∼r72,41,72,라이브 코퍼스(스냅샷 이후)
김동률,loyalty,24,fdfa2cabc57d,r41∼r72,41,72,라이브 코퍼스(스냅샷 이후)
김동률,loyalty,25,86b404805001,r41∼r72,41,72,라이브 코퍼스(스냅샷 이후)
김동률,loyalty,26,e8a75750745d,r41∼r72,41,72,라이브 코퍼스(스냅샷 이후)
김동률,loyalty,27,5b7c6cd8bbbf,r41∼r72,41,72,라이브 코퍼스(스냅샷 이후)
김동률,loyalty,28,6536fdf68ff5,r41∼r72,41,72,라이브 코퍼스(스냅샷 이후)
김동률,loyalty,29,570c02025b75,r41∼r72,41,72,라이브 코퍼스(스냅샷 이후)
김동률,loyalty,30,a7c6227bb725,r41∼r72,41,72,라이브 코퍼스(스냅샷 이후)
김동률,loyalty,31,326546db6a17,r41∼r72,41,72,라이브 코퍼스(스냅샷 이후)
김동률,loyalty,32,67ea787984db,r41∼r72,41,72,라이브 코퍼스(스냅샷 이후)
김동률,loyalty,33,c1f5011bf60e,r41∼r72,41,72,라이브 코퍼스(스냅샷 이후)
김동률,loyalty,34,2b4f21bb39c1,r41∼r72,41,72,라이브 코퍼스(스냅샷 이후)
김동률,loyalty,35,62c1fa75c243,r41∼r72,41,72,라이브 코퍼스(스냅샷 이후)
김동률,loyalty,36,95582958dd10,r41∼r72,41,72,라이브 코퍼스(스냅샷 이후)
김동률,spillover,0,5248f07e057a,≤r13,1,13,r13 스냅샷
김동률,spillover,1,4538dab3982c,≤r13,1,13,r13 스냅샷
김동률,spillover,2,da23799bd0e9,≤r13,1,13,r13 스냅샷
김동률,spillover,3,c03ea643b6b0,≤r13,1,13,r13 스냅샷
김동률,spillover,4,3844aefea39a,≤r13,1,13,r13 스냅샷
김동률,spillover,5,087ed6c75cd4,≤r13,1,13,r13 스냅샷
김동률,spillover,6,89122c7c013a,≤r13,1,13,r13 스냅샷
김동률,spillover,7,76a5adba4862,≤r13,1,13,r13 스냅샷
김동률,spillover,8,3e0d54569093,≤r13,1,13,r13 스냅샷
김동률,spillover,9,0166e707187a,≤r13,1,13,r13 스냅샷
김동률,spillover,10,0c9eb42222b4,r23∼r39,23,39,동결 근사 복원본
김동률,spillover,11,47931c086cf5,r23∼r39,23,39,동결 근사 복원본
김동률,spillover,12,260205e54ba3,r23∼r39,23,39,동결 근사 복원본
김동률,spillover,13,842d98ef4de8,r23∼r39,23,39,동결 근사 복원본
김동률,spillover,14,520dc695f1ca,r23∼r39,23,39,동결 근사 복원본
김동률,spillover,15,e63ce615576b,r23∼r39,23,39,동결 근사 복원본
김동률,spillover,16,3df5f9cabfec,r23∼r39,23,39,동결 근사 복원본
김동률,spillover,17,2acadb201ab5,r41∼r72,41,72,라이브 코퍼스(스냅샷 이후)
김동률,spillover,18,c6c2036aa4c6,r41∼r72,41,72,라이브 코퍼스(스냅샷 이후)
김동률,spillover,19,7208e34d1fde,r41∼r72,41,72,라이브 코퍼스(스냅샷 이후)
김동률,spillover,20,9045df07757c,r41∼r72,41,72,라이브 코퍼스(스냅샷 이후)
김동률,spillover,21,a0e8817e46e7,r41∼r72,41,72,라이브 코퍼스(스냅샷 이후)
김동률,spillover,22,07429ba008e3,r41∼r72,41,72,라이브 코퍼스(스냅샷 이후)
김동률,spillover,23,5a984dccd91a,r41∼r72,41,72,라이브 코퍼스(스냅샷 이후)
김동률,spillover,24,83483343680b,r41∼r72,41,72,라이브 코퍼스(스냅샷 이후)
김동률,spillover,25,596c5bf613fc,r41∼r72,41,72,라이브 코퍼스(스냅샷 이후)
김동률,spillover,26,e4207a555f1f,r41∼r72,41,72,라이브 코퍼스(스냅샷 이후)
김동률,spillover,27,0eb9a07ef5cb,r41∼r72,41,72,라이브 코퍼스(스냅샷 이후)
김동률,spillover,28,26fc9c91dee0,r41∼r72,41,72,라이브 코퍼스(스냅샷 이후)
김동률,spillover,29,02e79320ceac,r41∼r72,41,72,라이브 코퍼스(스냅샷 이후)
김동률,spillover,30,0753e77817b4,r41∼r72,41,72,라이브 코퍼스(스냅샷 이후)
김동률,spillover,31,0f0287d2c9bf,r41∼r72,41,72,라이브 코퍼스(스냅샷 이후)
김동률,spillover,32,57aee2a55177,r41∼r72,41,72,라이브 코퍼스(스냅샷 이후)
김동률,spillover,33,c6c0a3e9cd56,r41∼r72,41,72,라이브 코퍼스(스냅샷 이후)
김동률,spillover,34,472366240a35,r41∼r72,41,72,라이브 코퍼스(스냅샷 이후)
김동률,spillover,35,39321697d259,r41∼r72,41,72,라이브 코퍼스(스냅샷 이후)
김동률,spillover,36,fd49b84abed1,r41∼r72,41,72,라이브 코퍼스(스냅샷 이후)
김동률,spillover,37,ee60477e99c5,r41∼r72,41,72,라이브 코퍼스(스냅샷 이후)
김동률,spillover,38,161446c19039,r41∼r72,41,72,라이브 코퍼스(스냅샷 이후)
김동률,spillover,39,3cad9a2fdd23,r41∼r72,41,72,라이브 코퍼스(스냅샷 이후)
김동률,spillover,40,73dd15192ab7,r41∼r72,41,72,라이브 코퍼스(스냅샷 이후)
김동률,spillover,41,5ff9104a955a,r41∼r72,41,72,라이브 코퍼스(스냅샷 이후)
김동률,spillover,42,47019f0fe1ff,r41∼r72,41,72,라이브 코퍼스(스냅샷 이후)
김동률,spillover,43,54a123551e01,r41∼r72,41,72,라이브 코퍼스(스냅샷 이후)
김동률,spillover,44,8c01688cb179,r41∼r72,41,72,라이브 코퍼스(스냅샷 이후)
김동률,spillover,45,279b05e8228e,r41∼r72,41,72,라이브 코퍼스(스냅샷 이후)
조용필,loyalty,0,8f135b3bae12,≤r13,1,13,r13 스냅샷
조용필,loyalty,1,eb3e57dbf693,≤r13,1,13,r13 스냅샷
조용필,loyalty,2,121cfb1f9551,≤r13,1,13,r13 스냅샷
조용필,loyalty,3,fd338663ecdc,≤r13,1,13,r13 스냅샷
조용필,loyalty,4,9eb5a6a95473,≤r13,1,13,r13 스냅샷
조용필,loyalty,5,7405f92a1f2d,≤r13,1,13,r13 스냅샷
조용필,loyalty,6,ed11f898a3f7,≤r13,1,13,r13 스냅샷
조용필,loyalty,7,ac722b70195c,≤r13,1,13,r13 스냅샷
조용필,loyalty,8,af656f1b60bd,≤r13,1,13,r13 스냅샷
조용필,loyalty,9,fb9242a77e98,≤r13,1,13,r13 스냅샷
조용필,loyalty,10,8e74f87df776,≤r13,1,13,r13 스냅샷
조용필,loyalty,11,111b4964390a,≤r13,1,13,r13 스냅샷
조용필,loyalty,12,0f38f544526c,≤r13,1,13,r13 스냅샷
조용필,loyalty,13,76b2b3b30982,≤r13,1,13,r13 스냅샷
조용필,loyalty,14,2340fb073bab,≤r13,1,13,r13 스냅샷
조용필,loyalty,15,5c42fea5c771,≤r13,1,13,r13 스냅샷
조용필,loyalty,16,fceadba26b4d,≤r13,1,13,r13 스냅샷
조용필,loyalty,17,08da02cc9360,≤r13,1,13,r13 스냅샷
조용필,loyalty,18,ff4db1092717,≤r13,1,13,r13 스냅샷
조용필,loyalty,19,2e2b986f0346,≤r13,1,13,r13 스냅샷
조용필,loyalty,20,864be79f7192,≤r13,1,13,r13 스냅샷
조용필,loyalty,21,7263680065f2,≤r13,1,13,r13 스냅샷
조용필,loyalty,22,d50bbb86e774,r14∼r22,14,22,r22 백업
조용필,loyalty,23,774ddd794092,r41∼r72,41,72,라이브 코퍼스(스냅샷 이후)
조용필,loyalty,24,ad8141912705,r41∼r72,41,72,라이브 코퍼스(스냅샷 이후)
조용필,loyalty,25,434b4c662283,r41∼r72,41,72,라이브 코퍼스(스냅샷 이후)
조용필,loyalty,26,9548ed2c84dd,r41∼r72,41,72,라이브 코퍼스(스냅샷 이후)
조용필,loyalty,27,29a1ac90fed3,r41∼r72,41,72,라이브 코퍼스(스냅샷 이후)
조용필,spillover,0,bf1631b4a2f2,≤r13,1,13,r13 스냅샷
조용필,spillover,1,88dc75b4add0,≤r13,1,13,r13 스냅샷
조용필,spillover,2,09f6da9a520e,≤r13,1,13,r13 스냅샷
조용필,spillover,3,878e02e9dfb6,≤r13,1,13,r13 스냅샷
조용필,spillover,4,baafe660f8b8,≤r13,1,13,r13 스냅샷
조용필,spillover,5,f8e3df6b8d8f,≤r13,1,13,r13 스냅샷
조용필,spillover,6,ad92bf9c160a,≤r13,1,13,r13 스냅샷
조용필,spillover,7,fc9647e29ac4,≤r13,1,13,r13 스냅샷
조용필,spillover,8,fd4e2da51e35,≤r13,1,13,r13 스냅샷
조용필,spillover,9,e893ad26ea12,≤r13,1,13,r13 스냅샷
조용필,spillover,10,a883f692de72,≤r13,1,13,r13 스냅샷
조용필,spillover,11,b55be5b848e1,≤r13,1,13,r13 스냅샷
조용필,spillover,12,bf9d6f6a2304,≤r13,1,13,r13 스냅샷
조용필,spillover,13,5ff7b69da122,≤r13,1,13,r13 스냅샷
조용필,spillover,14,38390bce82eb,≤r13,1,13,r13 스냅샷
조용필,spillover,15,331afa0ec340,≤r13,1,13,r13 스냅샷
조용필,spillover,16,9b3a39c440f8,≤r13,1,13,r13 스냅샷
조용필,spillover,17,2aeeff1210c9,≤r13,1,13,r13 스냅샷
조용필,spillover,18,f19793a57d28,≤r13,1,13,r13 스냅샷
조용필,spillover,19,f2c6b94b47d8,≤r13,1,13,r13 스냅샷
조용필,spillover,20,c34a5c8644cb,≤r13,1,13,r13 스냅샷
조용필,spillover,21,195e4c9b126c,≤r13,1,13,r13 스냅샷
조용필,spillover,22,383bb101fb05,≤r13,1,13,r13 스냅샷
조용필,spillover,23,72ee20eb4d58,≤r13,1,13,r13 스냅샷
조용필,spillover,24,9aedccf77a56,r23∼r39,23,39,동결 근사 복원본
조용필,spillover,25,c7820eca45f0,r23∼r39,23,39,동결 근사 복원본
조용필,spillover,26,b5e8b683dbd8,r23∼r39,23,39,동결 근사 복원본
조용필,spillover,27,9a6234d5097b,r23∼r39,23,39,동결 근사 복원본
조용필,spillover,28,f0787e4cfd49,r23∼r39,23,39,동결 근사 복원본
조용필,spillover,29,663f11d96998,r23∼r39,23,39,동결 근사 복원본
조용필,spillover,30,6d74877ebc63,r23∼r39,23,39,동결 근사 복원본
조용필,spillover,31,08e1a632417c,r23∼r39,23,39,동결 근사 복원본
조용필,spillover,32,be18c6f205b6,r23∼r39,23,39,동결 근사 복원본
조용필,spillover,33,42914a12cc55,r23∼r39,23,39,동결 근사 복원본
조용필,spillover,34,5b5e54fbcf27,r23∼r39,23,39,동결 근사 복원본
조용필,spillover,35,6b8369888dd0,r23∼r39,23,39,동결 근사 복원본
조용필,spillover,36,f0d810cc2eae,r41∼r72,41,72,라이브 코퍼스(스냅샷 이후)
조용필,spillover,37,65ac9290b0c1,r41∼r72,41,72,라이브 코퍼스(스냅샷 이후)
조용필,spillover,38,8cdefacc050c,r41∼r72,41,72,라이브 코퍼스(스냅샷 이후)
조용필,spillover,39,4f61b7bf7620,r41∼r72,41,72,라이브 코퍼스(스냅샷 이후)
조용필,spillover,40,ad666ebecfb7,r41∼r72,41,72,라이브 코퍼스(스냅샷 이후)
조용필,spillover,41,f14fad55de7d,r41∼r72,41,72,라이브 코퍼스(스냅샷 이후)
조용필,spillover,42,8ff3cf7714c9,r41∼r72,41,72,라이브 코퍼스(스냅샷 이후)
조용필,spillover,43,33d155005d45,r41∼r72,41,72,라이브 코퍼스(스냅샷 이후)
조용필,spillover,44,94a34a6cf09e,r41∼r72,41,72,라이브 코퍼스(스냅샷 이후)
조용필,spillover,45,7dff7d24eb28,r41∼r72,41,72,라이브 코퍼스(스냅샷 이후)
조용필,spillover,46,9c0ee15c5a06,r41∼r72,41,72,라이브 코퍼스(스냅샷 이후)
조용필,spillover,47,bc4ab0195dd6,r41∼r72,41,72,라이브 코퍼스(스냅샷 이후)
조용필,spillover,48,a8f446d22a63,r41∼r72,41,72,라이브 코퍼스(스냅샷 이후)
조용필,spillover,49,b5ebfad86186,r41∼r72,41,72,라이브 코퍼스(스냅샷 이후)
조용필,spillover,50,20ea8e4627a1,r41∼r72,41,72,라이브 코퍼스(스냅샷 이후)
조용필,spillover,51,1575812ed7ed,r41∼r72,41,72,라이브 코퍼스(스냅샷 이후)
조용필,spillover,52,16678ce2e919,r41∼r72,41,72,라이브 코퍼스(스냅샷 이후)
박효신,loyalty,0,dae3d82f5990,≤r13,1,13,r13 스냅샷
박효신,loyalty,1,4137e9250362,≤r13,1,13,r13 스냅샷
박효신,loyalty,2,c2893daa5821,≤r13,1,13,r13 스냅샷
박효신,loyalty,3,b7f845c9aeee,≤r13,1,13,r13 스냅샷
박효신,loyalty,4,ca334e09f0d9,≤r13,1,13,r13 스냅샷
박효신,loyalty,5,838d95a5524f,≤r13,1,13,r13 스냅샷
박효신,loyalty,6,ad4686b5ac83,≤r13,1,13,r13 스냅샷
박효신,loyalty,7,7ed099d9e741,≤r13,1,13,r13 스냅샷
박효신,loyalty,8,497cbf59bb20,≤r13,1,13,r13 스냅샷
박효신,loyalty,9,664e2f741ad4,≤r13,1,13,r13 스냅샷
박효신,loyalty,10,974195a3788d,≤r13,1,13,r13 스냅샷
박효신,loyalty,11,8911066170ec,≤r13,1,13,r13 스냅샷
박효신,loyalty,12,04fe1bd93c14,≤r13,1,13,r13 스냅샷
박효신,loyalty,13,b8698c08871d,≤r13,1,13,r13 스냅샷
박효신,loyalty,14,981ca177ce59,≤r13,1,13,r13 스냅샷
박효신,loyalty,15,a0af42b287aa,r41∼r72,41,72,라이브 코퍼스(스냅샷 이후)
박효신,loyalty,16,ff0645eb9cdc,r41∼r72,41,72,라이브 코퍼스(스냅샷 이후)
박효신,loyalty,17,a68e5b388ab4,r41∼r72,41,72,라이브 코퍼스(스냅샷 이후)
박효신,loyalty,18,a3987814bacb,r41∼r72,41,72,라이브 코퍼스(스냅샷 이후)
박효신,loyalty,19,5e527b9bb7eb,r41∼r72,41,72,라이브 코퍼스(스냅샷 이후)
박효신,loyalty,20,38845169e9ef,r41∼r72,41,72,라이브 코퍼스(스냅샷 이후)
박효신,loyalty,21,eb25c369b3d7,r41∼r72,41,72,라이브 코퍼스(스냅샷 이후)
박효신,loyalty,22,de1c40be9a0f,r41∼r72,41,72,라이브 코퍼스(스냅샷 이후)
박효신,loyalty,23,75315f7912f0,r41∼r72,41,72,라이브 코퍼스(스냅샷 이후)
박효신,loyalty,24,7b24862ca662,r41∼r72,41,72,라이브 코퍼스(스냅샷 이후)
박효신,loyalty,25,f855478791d4,r41∼r72,41,72,라이브 코퍼스(스냅샷 이후)
박효신,loyalty,26,106c0f583e40,r41∼r72,41,72,라이브 코퍼스(스냅샷 이후)
박효신,loyalty,27,5c0ac13823ba,r41∼r72,41,72,라이브 코퍼스(스냅샷 이후)
박효신,loyalty,28,7ad79fcc1098,r41∼r72,41,72,라이브 코퍼스(스냅샷 이후)
박효신,loyalty,29,c38c0304e6d9,r41∼r72,41,72,라이브 코퍼스(스냅샷 이후)
박효신,loyalty,30,a87b87032281,r41∼r72,41,72,라이브 코퍼스(스냅샷 이후)
박효신,loyalty,31,f7291558f5bf,r41∼r72,41,72,라이브 코퍼스(스냅샷 이후)
박효신,loyalty,32,b63e6b20683d,r41∼r72,41,72,라이브 코퍼스(스냅샷 이후)
박효신,loyalty,33,8b174004a172,r41∼r72,41,72,라이브 코퍼스(스냅샷 이후)
박효신,loyalty,34,c63ad522ad03,r41∼r72,41,72,라이브 코퍼스(스냅샷 이후)
박효신,loyalty,35,0a2495b77cde,r41∼r72,41,72,라이브 코퍼스(스냅샷 이후)
박효신,loyalty,36,bba64ebb5c84,r41∼r72,41,72,라이브 코퍼스(스냅샷 이후)
박효신,spillover,0,9b529d1a4543,≤r13,1,13,r13 스냅샷
박효신,spillover,1,b23456cd6ce0,≤r13,1,13,r13 스냅샷
박효신,spillover,2,ce8a972e913c,≤r13,1,13,r13 스냅샷
박효신,spillover,3,36a6c0773124,≤r13,1,13,r13 스냅샷
박효신,spillover,4,57faef48f730,≤r13,1,13,r13 스냅샷
박효신,spillover,5,f4fceed39657,≤r13,1,13,r13 스냅샷
박효신,spillover,6,a6b447660836,≤r13,1,13,r13 스냅샷
박효신,spillover,7,243b48e75c6e,≤r13,1,13,r13 스냅샷
박효신,spillover,8,9a54aa4b2b9a,≤r13,1,13,r13 스냅샷
박효신,spillover,9,6f88b0281de8,r23∼r39,23,39,동결 근사 복원본
박효신,spillover,10,7fe87736b9ec,r23∼r39,23,39,동결 근사 복원본
박효신,spillover,11,13acdc709ecd,r23∼r39,23,39,동결 근사 복원본
박효신,spillover,12,ffda0ecdac48,r23∼r39,23,39,동결 근사 복원본
박효신,spillover,13,ae7eaead3eb4,r23∼r39,23,39,동결 근사 복원본
박효신,spillover,14,3411f1bc410b,r23∼r39,23,39,동결 근사 복원본
박효신,spillover,15,2e0132346aa2,r23∼r39,23,39,동결 근사 복원본
박효신,spillover,16,8863c81c8820,r23∼r39,23,39,동결 근사 복원본
박효신,spillover,17,1c784c20d387,r23∼r39,23,39,동결 근사 복원본
박효신,spillover,18,b56d7f90ec6c,r23∼r39,23,39,동결 근사 복원본
박효신,spillover,19,61309450b54b,r41∼r72,41,72,라이브 코퍼스(스냅샷 이후)
박효신,spillover,20,589c4093dc5c,r41∼r72,41,72,라이브 코퍼스(스냅샷 이후)
박효신,spillover,21,74f4a1b13b48,r41∼r72,41,72,라이브 코퍼스(스냅샷 이후)
박효신,spillover,22,2f9a44465b7e,r41∼r72,41,72,라이브 코퍼스(스냅샷 이후)
박효신,spillover,23,4a6b00544d66,r41∼r72,41,72,라이브 코퍼스(스냅샷 이후)
박효신,spillover,24,685da9922f5c,r41∼r72,41,72,라이브 코퍼스(스냅샷 이후)
박효신,spillover,25,f209ffe4cc6b,r41∼r72,41,72,라이브 코퍼스(스냅샷 이후)
박효신,spillover,26,ef091179b966,r41∼r72,41,72,라이브 코퍼스(스냅샷 이후)
박효신,spillover,27,b157c22ba4f4,r41∼r72,41,72,라이브 코퍼스(스냅샷 이후)
박효신,spillover,28,83483343680b,r41∼r72,41,72,라이브 코퍼스(스냅샷 이후)
박효신,spillover,29,49958326b0fe,r41∼r72,41,72,라이브 코퍼스(스냅샷 이후)
박효신,spillover,30,64ff64fc3bb6,r41∼r72,41,72,라이브 코퍼스(스냅샷 이후)
박효신,spillover,31,7ed234ce4b74,r41∼r72,41,72,라이브 코퍼스(스냅샷 이후)
박효신,spillover,32,a462c4cdbeb8,r41∼r72,41,72,라이브 코퍼스(스냅샷 이후)
박효신,spillover,33,8997a4b4b4a8,r41∼r72,41,72,라이브 코퍼스(스냅샷 이후)
박효신,spillover,34,cb79a7047032,r41∼r72,41,72,라이브 코퍼스(스냅샷 이후)
박효신,spillover,35,a0230e9d0ee6,r41∼r72,41,72,라이브 코퍼스(스냅샷 이후)
박효신,spillover,36,bdd6618aba47,r41∼r72,41,72,라이브 코퍼스(스냅샷 이후)
박효신,spillover,37,00fbe0a895d9,r41∼r72,41,72,라이브 코퍼스(스냅샷 이후)
박효신,spillover,38,18e0b3ee613a,r41∼r72,41,72,라이브 코퍼스(스냅샷 이후)
박효신,spillover,39,38881dfed667,r41∼r72,41,72,라이브 코퍼스(스냅샷 이후)
박효신,spillover,40,9ba5dde7a780,r41∼r72,41,72,라이브 코퍼스(스냅샷 이후)
박효신,spillover,41,cc1e64a8089a,r41∼r72,41,72,라이브 코퍼스(스냅샷 이후)
박효신,spillover,42,616c69b26aec,r41∼r72,41,72,라이브 코퍼스(스냅샷 이후)
박효신,spillover,43,b18408b7a499,r41∼r72,41,72,라이브 코퍼스(스냅샷 이후)
박효신,spillover,44,415cc161864a,r41∼r72,41,72,라이브 코퍼스(스냅샷 이후)
박효신,spillover,45,32b8ebb12cee,r41∼r72,41,72,라이브 코퍼스(스냅샷 이후)
박효신,spillover,46,28ed0a7b1f42,r41∼r72,41,72,라이브 코퍼스(스냅샷 이후)
박효신,spillover,47,0011cce83cfc,r41∼r72,41,72,라이브 코퍼스(스냅샷 이후)
박효신,spillover,48,2b70d654ab8d,r41∼r72,41,72,라이브 코퍼스(스냅샷 이후)
박효신,spillover,49,4f08ceb2e601,r41∼r72,41,72,라이브 코퍼스(스냅샷 이후)
박효신,spillover,50,2d365a3baf6b,r41∼r72,41,72,라이브 코퍼스(스냅샷 이후)
박효신,spillover,51,f34a5e6d2ded,r41∼r72,41,72,라이브 코퍼스(스냅샷 이후)
박효신,spillover,52,4d7b3ba9fe66,r41∼r72,41,72,라이브 코퍼스(스냅샷 이후)
박효신,spillover,53,29d20660edb5,r41∼r72,41,72,라이브 코퍼스(스냅샷 이후)
박정현,loyalty,0,5887627eef8c,≤r13,1,13,r13 스냅샷
박정현,loyalty,1,c912ad335654,≤r13,1,13,r13 스냅샷
박정현,loyalty,2,ddae350f173a,≤r13,1,13,r13 스냅샷
박정현,loyalty,3,c6beecb7a7e8,≤r13,1,13,r13 스냅샷
박정현,loyalty,4,2b89bb3e8600,≤r13,1,13,r13 스냅샷
박정현,loyalty,5,a46fedb79111,≤r13,1,13,r13 스냅샷
박정현,loyalty,6,4b09672ac059,≤r13,1,13,r13 스냅샷
박정현,loyalty,7,1c5356c776d8,≤r13,1,13,r13 스냅샷
박정현,loyalty,8,ee13592a5b3a,≤r13,1,13,r13 스냅샷
박정현,loyalty,9,81a4b7e4c553,≤r13,1,13,r13 스냅샷
박정현,loyalty,10,79db67544652,≤r13,1,13,r13 스냅샷
박정현,loyalty,11,af44bd5af454,≤r13,1,13,r13 스냅샷
박정현,loyalty,12,72cc8f2a2ca8,≤r13,1,13,r13 스냅샷
박정현,loyalty,13,7f29fd551513,≤r13,1,13,r13 스냅샷
박정현,loyalty,14,33faf62d79f2,≤r13,1,13,r13 스냅샷
박정현,loyalty,15,b8ffcc7b4203,≤r13,1,13,r13 스냅샷
박정현,loyalty,16,8fd8c9719be8,r41∼r72,41,72,라이브 코퍼스(스냅샷 이후)
박정현,loyalty,17,f5221bc7198d,r41∼r72,41,72,라이브 코퍼스(스냅샷 이후)
박정현,spillover,0,838078ca39c3,≤r13,1,13,r13 스냅샷
박정현,spillover,1,ed59f1becd17,≤r13,1,13,r13 스냅샷
박정현,spillover,2,9aa9ef9b96de,≤r13,1,13,r13 스냅샷
박정현,spillover,3,91f489668804,≤r13,1,13,r13 스냅샷
박정현,spillover,4,b34e49548316,≤r13,1,13,r13 스냅샷
박정현,spillover,5,3a242a545604,≤r13,1,13,r13 스냅샷
박정현,spillover,6,2dd3dfab9ca5,≤r13,1,13,r13 스냅샷
박정현,spillover,7,be393333f671,≤r13,1,13,r13 스냅샷
박정현,spillover,8,e0da38353150,≤r13,1,13,r13 스냅샷
박정현,spillover,9,ff3846543b32,≤r13,1,13,r13 스냅샷
박정현,spillover,10,307862e6b7d5,≤r13,1,13,r13 스냅샷
박정현,spillover,11,7ca1d7cfd80c,≤r13,1,13,r13 스냅샷
박정현,spillover,12,f447d83f28ab,≤r13,1,13,r13 스냅샷
박정현,spillover,13,a6132fb31abc,≤r13,1,13,r13 스냅샷
박정현,spillover,14,7c9d71f80de2,≤r13,1,13,r13 스냅샷
박정현,spillover,15,3e3fa0aa6eae,≤r13,1,13,r13 스냅샷
박정현,spillover,16,0384ddf76f23,≤r13,1,13,r13 스냅샷
박정현,spillover,17,255ecdc7d542,≤r13,1,13,r13 스냅샷
박정현,spillover,18,dca55846abc6,≤r13,1,13,r13 스냅샷
박정현,spillover,19,0c4746b9d6f7,≤r13,1,13,r13 스냅샷
박정현,spillover,20,52e12913ad07,≤r13,1,13,r13 스냅샷
박정현,spillover,21,b0cc3bbb917c,≤r13,1,13,r13 스냅샷
박정현,spillover,22,eb65f32193ed,≤r13,1,13,r13 스냅샷
박정현,spillover,23,ecd7f6500917,r23∼r39,23,39,동결 근사 복원본
박정현,spillover,24,d53d516e1c2f,r23∼r39,23,39,동결 근사 복원본
박정현,spillover,25,5f1e8ab66fce,r23∼r39,23,39,동결 근사 복원본
박정현,spillover,26,d3cd0c67dc76,r23∼r39,23,39,동결 근사 복원본
박정현,spillover,27,4387871b7616,r23∼r39,23,39,동결 근사 복원본
박정현,spillover,28,2b30d2f8622d,r23∼r39,23,39,동결 근사 복원본
박정현,spillover,29,3b4df06ba26a,r23∼r39,23,39,동결 근사 복원본
박정현,spillover,30,d1cc66665ca3,r23∼r39,23,39,동결 근사 복원본
박정현,spillover,31,2e52637567ef,r23∼r39,23,39,동결 근사 복원본
박정현,spillover,32,2f2b8bcabf98,r23∼r39,23,39,동결 근사 복원본
박정현,spillover,33,a6d3a0e6a73f,r23∼r39,23,39,동결 근사 복원본
박정현,spillover,34,e4402b9fb417,r23∼r39,23,39,동결 근사 복원본
박정현,spillover,35,9d9be9cadccb,r23∼r39,23,39,동결 근사 복원본
박정현,spillover,36,13ddfabb3442,r23∼r39,23,39,동결 근사 복원본
박정현,spillover,37,a5faaa3b3313,r23∼r39,23,39,동결 근사 복원본
박정현,spillover,38,0cdca2d6ac54,r23∼r39,23,39,동결 근사 복원본
박정현,spillover,39,b7f7760e202a,r23∼r39,23,39,동결 근사 복원본
박정현,spillover,40,1cb5cfbd4d5e,r23∼r39,23,39,동결 근사 복원본
박정현,spillover,41,38318407d142,r23∼r39,23,39,동결 근사 복원본
박정현,spillover,42,285de6677323,r41∼r72,41,72,라이브 코퍼스(스냅샷 이후)
박정현,spillover,43,b3be63c43f54,r41∼r72,41,72,라이브 코퍼스(스냅샷 이후)
박정현,spillover,44,9b4165143cbd,r41∼r72,41,72,라이브 코퍼스(스냅샷 이후)
박정현,spillover,45,2c028ac9888e,r41∼r72,41,72,라이브 코퍼스(스냅샷 이후)
박정현,spillover,46,1624417ff859,r41∼r72,41,72,라이브 코퍼스(스냅샷 이후)
박정현,spillover,47,e8c3b0e5e1be,r41∼r72,41,72,라이브 코퍼스(스냅샷 이후)
박정현,spillover,48,9d2754f779e7,r41∼r72,41,72,라이브 코퍼스(스냅샷 이후)
박정현,spillover,49,1a5af7b484f9,r41∼r72,41,72,라이브 코퍼스(스냅샷 이후)
박정현,spillover,50,ba76d9df0a35,r41∼r72,41,72,라이브 코퍼스(스냅샷 이후)
박정현,spillover,51,2ace014c2b74,r41∼r72,41,72,라이브 코퍼스(스냅샷 이후)
빅마마,loyalty,0,959de461278d,≤r13,1,13,r13 스냅샷
빅마마,loyalty,1,51d3187bf376,≤r13,1,13,r13 스냅샷
빅마마,loyalty,2,3263767791dc,≤r13,1,13,r13 스냅샷
빅마마,loyalty,3,209522d14c53,≤r13,1,13,r13 스냅샷
빅마마,loyalty,4,88254bb54c3d,≤r13,1,13,r13 스냅샷
빅마마,loyalty,5,9dc3d93e66bb,≤r13,1,13,r13 스냅샷
빅마마,loyalty,6,4926d126e3c4,≤r13,1,13,r13 스냅샷
빅마마,loyalty,7,6283b47ea40c,≤r13,1,13,r13 스냅샷
빅마마,loyalty,8,55d2d8722367,≤r13,1,13,r13 스냅샷
빅마마,loyalty,9,f518868d96e9,≤r13,1,13,r13 스냅샷
빅마마,loyalty,10,ef75ae329792,≤r13,1,13,r13 스냅샷
빅마마,loyalty,11,e5192015630e,≤r13,1,13,r13 스냅샷
빅마마,loyalty,12,9dfccaa04444,≤r13,1,13,r13 스냅샷
빅마마,loyalty,13,c39a6947a69e,≤r13,1,13,r13 스냅샷
빅마마,loyalty,14,dcc2f2c64512,≤r13,1,13,r13 스냅샷
빅마마,loyalty,15,62798f5d1bd7,≤r13,1,13,r13 스냅샷
빅마마,loyalty,16,203185011b5f,≤r13,1,13,r13 스냅샷
빅마마,loyalty,17,b7b3289177f1,≤r13,1,13,r13 스냅샷
빅마마,loyalty,18,a119474fddd2,≤r13,1,13,r13 스냅샷
빅마마,loyalty,19,8beb565e6db4,≤r13,1,13,r13 스냅샷
빅마마,loyalty,20,aeec938602fb,≤r13,1,13,r13 스냅샷
빅마마,loyalty,21,cd0a307ce049,r41∼r72,41,72,라이브 코퍼스(스냅샷 이후)
빅마마,loyalty,22,fce88be5d961,r41∼r72,41,72,라이브 코퍼스(스냅샷 이후)
빅마마,loyalty,23,8b47e0940f55,r41∼r72,41,72,라이브 코퍼스(스냅샷 이후)
빅마마,loyalty,24,9d2315a1e763,r41∼r72,41,72,라이브 코퍼스(스냅샷 이후)
빅마마,loyalty,25,73c952726972,r41∼r72,41,72,라이브 코퍼스(스냅샷 이후)
빅마마,loyalty,26,b58d5366dc9e,r41∼r72,41,72,라이브 코퍼스(스냅샷 이후)
빅마마,loyalty,27,a111fcd49d45,r41∼r72,41,72,라이브 코퍼스(스냅샷 이후)
빅마마,loyalty,28,e2a2d4eacc84,r41∼r72,41,72,라이브 코퍼스(스냅샷 이후)
빅마마,loyalty,29,b44c4ac89694,r41∼r72,41,72,라이브 코퍼스(스냅샷 이후)
빅마마,loyalty,30,7e86bffc3f36,r41∼r72,41,72,라이브 코퍼스(스냅샷 이후)
빅마마,spillover,0,e6f0b9a060f2,≤r13,1,13,r13 스냅샷
빅마마,spillover,1,eb8b8203f652,≤r13,1,13,r13 스냅샷
빅마마,spillover,2,9a419935ad41,≤r13,1,13,r13 스냅샷
빅마마,spillover,3,20cfb1b08edc,≤r13,1,13,r13 스냅샷
빅마마,spillover,4,f169d5c28406,≤r13,1,13,r13 스냅샷
빅마마,spillover,5,03c245494134,≤r13,1,13,r13 스냅샷
빅마마,spillover,6,6ac36a5be764,≤r13,1,13,r13 스냅샷
빅마마,spillover,7,4cbbf8ff6b29,≤r13,1,13,r13 스냅샷
빅마마,spillover,8,4ef84b56e10f,≤r13,1,13,r13 스냅샷
빅마마,spillover,9,a97140df7747,≤r13,1,13,r13 스냅샷
빅마마,spillover,10,7f819ea4d5ab,≤r13,1,13,r13 스냅샷
빅마마,spillover,11,09f444ce7512,≤r13,1,13,r13 스냅샷
빅마마,spillover,12,438ac4d9d493,≤r13,1,13,r13 스냅샷
빅마마,spillover,13,ca8875aa93f6,≤r13,1,13,r13 스냅샷
빅마마,spillover,14,590d6e06b716,≤r13,1,13,r13 스냅샷
빅마마,spillover,15,b55900266ccd,≤r13,1,13,r13 스냅샷
빅마마,spillover,16,ab5553c58782,≤r13,1,13,r13 스냅샷
빅마마,spillover,17,2a88ddc398b2,≤r13,1,13,r13 스냅샷
빅마마,spillover,18,08c757ffe176,≤r13,1,13,r13 스냅샷
빅마마,spillover,19,0a1880bbb00c,≤r13,1,13,r13 스냅샷
빅마마,spillover,20,ad7f4da83a19,≤r13,1,13,r13 스냅샷
빅마마,spillover,21,c9ba2dd46172,≤r13,1,13,r13 스냅샷
빅마마,spillover,22,8ac440a1d00e,≤r13,1,13,r13 스냅샷
빅마마,spillover,23,7a6d0bc520f0,≤r13,1,13,r13 스냅샷
빅마마,spillover,24,43b0fbdf9fd1,r23∼r39,23,39,동결 근사 복원본
빅마마,spillover,25,8cf812c8a7fd,r23∼r39,23,39,동결 근사 복원본
빅마마,spillover,26,002c46eef7f0,r23∼r39,23,39,동결 근사 복원본
빅마마,spillover,27,47358ec271c3,r23∼r39,23,39,동결 근사 복원본
빅마마,spillover,28,629203dae335,r23∼r39,23,39,동결 근사 복원본
빅마마,spillover,29,08916b4b36dd,r41∼r72,41,72,라이브 코퍼스(스냅샷 이후)
빅마마,spillover,30,faea57b043d9,r41∼r72,41,72,라이브 코퍼스(스냅샷 이후)
빅마마,spillover,31,c651c9dcda0a,r41∼r72,41,72,라이브 코퍼스(스냅샷 이후)
빅마마,spillover,32,ccad45589ef4,r41∼r72,41,72,라이브 코퍼스(스냅샷 이후)
빅마마,spillover,33,488a5bfe74d9,r41∼r72,41,72,라이브 코퍼스(스냅샷 이후)
빅마마,spillover,34,d20316ca274b,r41∼r72,41,72,라이브 코퍼스(스냅샷 이후)
빅마마,spillover,35,7e63dcee7156,r41∼r72,41,72,라이브 코퍼스(스냅샷 이후)
빅마마,spillover,36,54d364399cca,r41∼r72,41,72,라이브 코퍼스(스냅샷 이후)
빅마마,spillover,37,22971d0f482e,r41∼r72,41,72,라이브 코퍼스(스냅샷 이후)
빅마마,spillover,38,b33723de6071,r41∼r72,41,72,라이브 코퍼스(스냅샷 이후)
빅마마,spillover,39,890001cfb18f,r41∼r72,41,72,라이브 코퍼스(스냅샷 이후)
빅마마,spillover,40,4394e3ce246a,r41∼r72,41,72,라이브 코퍼스(스냅샷 이후)
빅마마,spillover,41,1691a3decad1,r41∼r72,41,72,라이브 코퍼스(스냅샷 이후)
다비치,loyalty,0,77dc8c2f6cdb,≤r13,1,13,r13 스냅샷
다비치,loyalty,1,f3d78cb72020,≤r13,1,13,r13 스냅샷
다비치,loyalty,2,4972deac0714,≤r13,1,13,r13 스냅샷
다비치,loyalty,3,f9203e92f2dd,≤r13,1,13,r13 스냅샷
다비치,loyalty,4,007244b93a6a,≤r13,1,13,r13 스냅샷
다비치,loyalty,5,f252fb251e0f,≤r13,1,13,r13 스냅샷
다비치,loyalty,6,aa1296ce2588,≤r13,1,13,r13 스냅샷
다비치,loyalty,7,2d644ebb7533,≤r13,1,13,r13 스냅샷
다비치,loyalty,8,91f63d60d0d7,≤r13,1,13,r13 스냅샷
다비치,loyalty,9,6ad5ef6d2b8a,≤r13,1,13,r13 스냅샷
다비치,loyalty,10,e6afab72f244,≤r13,1,13,r13 스냅샷
다비치,loyalty,11,2b8a22ef2dec,≤r13,1,13,r13 스냅샷
다비치,loyalty,12,22d81b04936b,≤r13,1,13,r13 스냅샷
다비치,loyalty,13,6305fa838a0f,≤r13,1,13,r13 스냅샷
다비치,loyalty,14,406a3a389cbd,≤r13,1,13,r13 스냅샷
다비치,loyalty,15,31c32414af5e,≤r13,1,13,r13 스냅샷
다비치,loyalty,16,476b9ca926a1,≤r13,1,13,r13 스냅샷
다비치,loyalty,17,5213b4ef80c8,≤r13,1,13,r13 스냅샷
다비치,loyalty,18,bdd45be041cb,≤r13,1,13,r13 스냅샷
다비치,loyalty,19,3236ad7e8d93,≤r13,1,13,r13 스냅샷
다비치,loyalty,20,6f2b31d3c357,≤r13,1,13,r13 스냅샷
다비치,loyalty,21,e6234d38e5f6,≤r13,1,13,r13 스냅샷
다비치,loyalty,22,14c05732d1fa,≤r13,1,13,r13 스냅샷
다비치,loyalty,23,0ceedb6f4c00,≤r13,1,13,r13 스냅샷
다비치,loyalty,24,8c24d7d94398,≤r13,1,13,r13 스냅샷
다비치,loyalty,25,3584897955f5,r23∼r39,23,39,동결 근사 복원본
다비치,loyalty,26,f4fb68ce648d,r41∼r72,41,72,라이브 코퍼스(스냅샷 이후)
다비치,loyalty,27,98b565e1b174,r41∼r72,41,72,라이브 코퍼스(스냅샷 이후)
다비치,loyalty,28,a44df4ef73e3,r41∼r72,41,72,라이브 코퍼스(스냅샷 이후)
다비치,spillover,0,d267e42a6222,≤r13,1,13,r13 스냅샷
다비치,spillover,1,3977a6a13364,≤r13,1,13,r13 스냅샷
다비치,spillover,2,87a56ac13332,≤r13,1,13,r13 스냅샷
다비치,spillover,3,42e12a1470ee,≤r13,1,13,r13 스냅샷
다비치,spillover,4,7c968027bfa1,≤r13,1,13,r13 스냅샷
다비치,spillover,5,45406f0a3c4f,≤r13,1,13,r13 스냅샷
다비치,spillover,6,afaa22d76829,≤r13,1,13,r13 스냅샷
다비치,spillover,7,27bd940f44e6,≤r13,1,13,r13 스냅샷
다비치,spillover,8,d605122288b5,≤r13,1,13,r13 스냅샷
다비치,spillover,9,616e6638bea1,≤r13,1,13,r13 스냅샷
다비치,spillover,10,3332c7e8d840,≤r13,1,13,r13 스냅샷
다비치,spillover,11,b92e4f343c92,≤r13,1,13,r13 스냅샷
다비치,spillover,12,3180174d2d39,≤r13,1,13,r13 스냅샷
다비치,spillover,13,858feba364d4,≤r13,1,13,r13 스냅샷
다비치,spillover,14,8ff427f97d51,≤r13,1,13,r13 스냅샷
다비치,spillover,15,690cb57f6c6a,≤r13,1,13,r13 스냅샷
다비치,spillover,16,a9de9c1f0673,≤r13,1,13,r13 스냅샷
다비치,spillover,17,d84e12c36cd4,≤r13,1,13,r13 스냅샷
다비치,spillover,18,287e5a3aabca,≤r13,1,13,r13 스냅샷
다비치,spillover,19,610ba3bf99c9,≤r13,1,13,r13 스냅샷
다비치,spillover,20,9e4a90f7a8b8,≤r13,1,13,r13 스냅샷
다비치,spillover,21,87343ca59bda,≤r13,1,13,r13 스냅샷
다비치,spillover,22,900b098a7f8b,≤r13,1,13,r13 스냅샷
다비치,spillover,23,d337b8071883,≤r13,1,13,r13 스냅샷
다비치,spillover,24,6e6077dfcc0b,r14∼r22,14,22,r22 백업
다비치,spillover,25,d7ca4dbd21f3,r14∼r22,14,22,r22 백업
다비치,spillover,26,ce692dad0e52,r23∼r39,23,39,동결 근사 복원본
다비치,spillover,27,5e5daa3fc708,r23∼r39,23,39,동결 근사 복원본
다비치,spillover,28,32c7be8c0700,r23∼r39,23,39,동결 근사 복원본
다비치,spillover,29,0fc978cd9b64,r23∼r39,23,39,동결 근사 복원본
다비치,spillover,30,ee3524e9cf81,r23∼r39,23,39,동결 근사 복원본
다비치,spillover,31,cc8b2d06e489,r23∼r39,23,39,동결 근사 복원본
다비치,spillover,32,89fc353d2751,r23∼r39,23,39,동결 근사 복원본
다비치,spillover,33,d38fc0f53121,r23∼r39,23,39,동결 근사 복원본
다비치,spillover,34,ffc06acc59e9,r23∼r39,23,39,동결 근사 복원본
다비치,spillover,35,4666cd7d43ed,r23∼r39,23,39,동결 근사 복원본
다비치,spillover,36,64cce3f48949,r23∼r39,23,39,동결 근사 복원본
다비치,spillover,37,c853b348846b,r23∼r39,23,39,동결 근사 복원본
다비치,spillover,38,dac0f3bd385a,r23∼r39,23,39,동결 근사 복원본
다비치,spillover,39,758c5ca43090,r41∼r72,41,72,라이브 코퍼스(스냅샷 이후)
다비치,spillover,40,be95a96ca7a0,r41∼r72,41,72,라이브 코퍼스(스냅샷 이후)
다비치,spillover,41,c671a9d155d7,r41∼r72,41,72,라이브 코퍼스(스냅샷 이후)
다비치,spillover,42,fad5d5fb2bfc,r41∼r72,41,72,라이브 코퍼스(스냅샷 이후)
다비치,spillover,43,a49d67b6aef3,r41∼r72,41,72,라이브 코퍼스(스냅샷 이후)
다비치,spillover,44,8cd9a4e7ca1b,r41∼r72,41,72,라이브 코퍼스(스냅샷 이후)
다비치,spillover,45,b6964581da09,r41∼r72,41,72,라이브 코퍼스(스냅샷 이후)
다비치,spillover,46,549beeb8f4fd,r41∼r72,41,72,라이브 코퍼스(스냅샷 이후)
다비치,spillover,47,1531e103d36c,r41∼r72,41,72,라이브 코퍼스(스냅샷 이후)
다비치,spillover,48,6263a398bb06,r41∼r72,41,72,라이브 코퍼스(스냅샷 이후)
다비치,spillover,49,1f347f056c12,r41∼r72,41,72,라이브 코퍼스(스냅샷 이후)
다비치,spillover,50,d51e2b7ca98f,r41∼r72,41,72,라이브 코퍼스(스냅샷 이후)
로이킴,loyalty,0,6922454f7cd5,≤r13,1,13,r13 스냅샷
로이킴,loyalty,1,43dd6d92a174,≤r13,1,13,r13 스냅샷
로이킴,loyalty,2,b3125b017663,≤r13,1,13,r13 스냅샷
로이킴,loyalty,3,7f17fd772184,≤r13,1,13,r13 스냅샷
로이킴,loyalty,4,01f246d982c9,≤r13,1,13,r13 스냅샷
로이킴,loyalty,5,d874954bf858,≤r13,1,13,r13 스냅샷
로이킴,loyalty,6,b5518cd97fee,≤r13,1,13,r13 스냅샷
로이킴,loyalty,7,3e28fbdcf417,≤r13,1,13,r13 스냅샷
로이킴,loyalty,8,967574632e41,≤r13,1,13,r13 스냅샷
로이킴,loyalty,9,af9d4b4ff909,≤r13,1,13,r13 스냅샷
로이킴,loyalty,10,71656ad99994,≤r13,1,13,r13 스냅샷
로이킴,loyalty,11,dfdf7221155d,≤r13,1,13,r13 스냅샷
로이킴,loyalty,12,f94b50a6fd0d,≤r13,1,13,r13 스냅샷
로이킴,loyalty,13,76b7e8638cfc,≤r13,1,13,r13 스냅샷
로이킴,loyalty,14,c00b28f7e842,≤r13,1,13,r13 스냅샷
로이킴,loyalty,15,5e76d1e2c6be,≤r13,1,13,r13 스냅샷
로이킴,loyalty,16,396c1220b578,≤r13,1,13,r13 스냅샷
로이킴,loyalty,17,17ace160fa98,≤r13,1,13,r13 스냅샷
로이킴,loyalty,18,37d5c37fb614,≤r13,1,13,r13 스냅샷
로이킴,loyalty,19,d67c3f4dd312,≤r13,1,13,r13 스냅샷
로이킴,loyalty,20,952b777e74ed,≤r13,1,13,r13 스냅샷
로이킴,loyalty,21,a092625f6e90,≤r13,1,13,r13 스냅샷
로이킴,loyalty,22,b3cd54f652e6,≤r13,1,13,r13 스냅샷
로이킴,loyalty,23,2e0324cd4662,r14∼r22,14,22,r22 백업
로이킴,loyalty,24,12c9be1466af,r14∼r22,14,22,r22 백업
로이킴,loyalty,25,d5197aa4516b,r14∼r22,14,22,r22 백업
로이킴,loyalty,26,697a80825594,r23∼r39,23,39,동결 근사 복원본
로이킴,loyalty,27,7170e48d5c22,r41∼r72,41,72,라이브 코퍼스(스냅샷 이후)
로이킴,loyalty,28,30a9b5f44dbb,r41∼r72,41,72,라이브 코퍼스(스냅샷 이후)
로이킴,loyalty,29,b842e0946714,r41∼r72,41,72,라이브 코퍼스(스냅샷 이후)
로이킴,spillover,0,86c0fb09446f,≤r13,1,13,r13 스냅샷
로이킴,spillover,1,e69d175560a3,≤r13,1,13,r13 스냅샷
로이킴,spillover,2,65b0caa15cb9,≤r13,1,13,r13 스냅샷
로이킴,spillover,3,e3ddc88201d7,≤r13,1,13,r13 스냅샷
로이킴,spillover,4,3d3e978c72e1,≤r13,1,13,r13 스냅샷
로이킴,spillover,5,feda4e33ee20,≤r13,1,13,r13 스냅샷
로이킴,spillover,6,8e4989357906,≤r13,1,13,r13 스냅샷
로이킴,spillover,7,712e989ee6bb,≤r13,1,13,r13 스냅샷
로이킴,spillover,8,2cbf096050f1,≤r13,1,13,r13 스냅샷
로이킴,spillover,9,89eb72b1a9e2,≤r13,1,13,r13 스냅샷
로이킴,spillover,10,60e8dbec7141,≤r13,1,13,r13 스냅샷
로이킴,spillover,11,e006313db87b,≤r13,1,13,r13 스냅샷
로이킴,spillover,12,ad258a1fc1ad,≤r13,1,13,r13 스냅샷
로이킴,spillover,13,dbba888c1bfe,≤r13,1,13,r13 스냅샷
로이킴,spillover,14,d16d8651617b,≤r13,1,13,r13 스냅샷
로이킴,spillover,15,1718e8e03a44,≤r13,1,13,r13 스냅샷
로이킴,spillover,16,64149173ed94,≤r13,1,13,r13 스냅샷
로이킴,spillover,17,6013ac1c679b,≤r13,1,13,r13 스냅샷
로이킴,spillover,18,9227f3a29836,≤r13,1,13,r13 스냅샷
로이킴,spillover,19,893a79536041,≤r13,1,13,r13 스냅샷
로이킴,spillover,20,3bd3f8d2301c,≤r13,1,13,r13 스냅샷
로이킴,spillover,21,dfd5a2fb6f78,≤r13,1,13,r13 스냅샷
로이킴,spillover,22,4529199834e4,≤r13,1,13,r13 스냅샷
로이킴,spillover,23,140d2ff7eeef,≤r13,1,13,r13 스냅샷
로이킴,spillover,24,22b7a5bd1dbb,≤r13,1,13,r13 스냅샷
로이킴,spillover,25,75a312683418,≤r13,1,13,r13 스냅샷
로이킴,spillover,26,7206edabcde9,≤r13,1,13,r13 스냅샷
로이킴,spillover,27,957679da802d,≤r13,1,13,r13 스냅샷
로이킴,spillover,28,c94c51741465,≤r13,1,13,r13 스냅샷
로이킴,spillover,29,d55e851f86ca,r14∼r22,14,22,r22 백업
로이킴,spillover,30,c01c5d611aca,r14∼r22,14,22,r22 백업
로이킴,spillover,31,2ed0f550efde,r14∼r22,14,22,r22 백업
로이킴,spillover,32,e8447bffb6ff,r14∼r22,14,22,r22 백업
로이킴,spillover,33,c558cf39dbd8,r23∼r39,23,39,동결 근사 복원본
로이킴,spillover,34,e476f8b1956e,r23∼r39,23,39,동결 근사 복원본
로이킴,spillover,35,74e23df8845e,r23∼r39,23,39,동결 근사 복원본
로이킴,spillover,36,3643070184cd,r23∼r39,23,39,동결 근사 복원본
로이킴,spillover,37,58630888171b,r23∼r39,23,39,동결 근사 복원본
로이킴,spillover,38,be5b330312a2,r23∼r39,23,39,동결 근사 복원본
로이킴,spillover,39,7725c8dbd112,r23∼r39,23,39,동결 근사 복원본
로이킴,spillover,40,e68c7036257f,r23∼r39,23,39,동결 근사 복원본
로이킴,spillover,41,3c0cdb2cc5ea,r23∼r39,23,39,동결 근사 복원본
로이킴,spillover,42,14ec906cdba4,r23∼r39,23,39,동결 근사 복원본
로이킴,spillover,43,7224d8048c60,r23∼r39,23,39,동결 근사 복원본
로이킴,spillover,44,4436c5ac3b5f,r23∼r39,23,39,동결 근사 복원본
로이킴,spillover,45,22fb93bf180f,r23∼r39,23,39,동결 근사 복원본
로이킴,spillover,46,46a90f334354,r23∼r39,23,39,동결 근사 복원본
로이킴,spillover,47,1cf0f7dcf4b6,r41∼r72,41,72,라이브 코퍼스(스냅샷 이후)
로이킴,spillover,48,5660cee63955,r41∼r72,41,72,라이브 코퍼스(스냅샷 이후)
로이킴,spillover,49,e52bbc052b7c,r41∼r72,41,72,라이브 코퍼스(스냅샷 이후)
로이킴,spillover,50,3089bbaa27df,r41∼r72,41,72,라이브 코퍼스(스냅샷 이후)
로이킴,spillover,51,1dc7747526e4,r41∼r72,41,72,라이브 코퍼스(스냅샷 이후)
로이킴,spillover,52,7095151c109f,r41∼r72,41,72,라이브 코퍼스(스냅샷 이후)
로이킴,spillover,53,d46b0f71f74c,r41∼r72,41,72,라이브 코퍼스(스냅샷 이후)
로이킴,spillover,54,50a484bb1c4e,r41∼r72,41,72,라이브 코퍼스(스냅샷 이후)
로이킴,spillover,55,c4888a002dab,r41∼r72,41,72,라이브 코퍼스(스냅샷 이후)
로이킴,spillover,56,36cf72e036e0,r41∼r72,41,72,라이브 코퍼스(스냅샷 이후)
로이킴,spillover,57,0cb5528eb78d,r41∼r72,41,72,라이브 코퍼스(스냅샷 이후)
로이킴,spillover,58,36d5cdcf0521,r41∼r72,41,72,라이브 코퍼스(스냅샷 이후)
sg워너비,loyalty,0,2d9335dc0aaa,≤r13,1,13,r13 스냅샷
sg워너비,loyalty,1,15aee893ce71,≤r13,1,13,r13 스냅샷
sg워너비,loyalty,2,5c37a0ec48b9,≤r13,1,13,r13 스냅샷
sg워너비,loyalty,3,a4c21b4c86ae,≤r13,1,13,r13 스냅샷
sg워너비,loyalty,4,dc6c60ff2810,≤r13,1,13,r13 스냅샷
sg워너비,loyalty,5,906160de6569,≤r13,1,13,r13 스냅샷
sg워너비,loyalty,6,71d6ff002ed2,≤r13,1,13,r13 스냅샷
sg워너비,loyalty,7,6e2e47d615ab,≤r13,1,13,r13 스냅샷
sg워너비,loyalty,8,d2eb16c9d293,≤r13,1,13,r13 스냅샷
sg워너비,loyalty,9,db8b3c215746,≤r13,1,13,r13 스냅샷
sg워너비,loyalty,10,a927a4efd7af,≤r13,1,13,r13 스냅샷
sg워너비,loyalty,11,1fe0bc523595,≤r13,1,13,r13 스냅샷
sg워너비,loyalty,12,2a00f2298ec2,≤r13,1,13,r13 스냅샷
sg워너비,loyalty,13,4c157dc86c77,≤r13,1,13,r13 스냅샷
sg워너비,loyalty,14,a758d155e7b4,≤r13,1,13,r13 스냅샷
sg워너비,loyalty,15,039b252233bd,≤r13,1,13,r13 스냅샷
sg워너비,loyalty,16,265f2f174a1b,r14∼r22,14,22,r22 백업
sg워너비,loyalty,17,d71094a91084,r14∼r22,14,22,r22 백업
sg워너비,loyalty,18,a3070e2d8774,r14∼r22,14,22,r22 백업
sg워너비,loyalty,19,100c0ad364d1,r14∼r22,14,22,r22 백업
sg워너비,loyalty,20,7a4cd526c39f,r41∼r72,41,72,라이브 코퍼스(스냅샷 이후)
sg워너비,loyalty,21,75c180d3b3f9,r41∼r72,41,72,라이브 코퍼스(스냅샷 이후)
sg워너비,loyalty,22,3cca8ea923e8,r41∼r72,41,72,라이브 코퍼스(스냅샷 이후)
sg워너비,loyalty,23,46b44be28cdd,r41∼r72,41,72,라이브 코퍼스(스냅샷 이후)
sg워너비,loyalty,24,fe22226060d2,r41∼r72,41,72,라이브 코퍼스(스냅샷 이후)
sg워너비,loyalty,25,b621a0fa6f23,r41∼r72,41,72,라이브 코퍼스(스냅샷 이후)
sg워너비,loyalty,26,ba6cab05d9e8,r41∼r72,41,72,라이브 코퍼스(스냅샷 이후)
sg워너비,loyalty,27,c0f65726d11c,r41∼r72,41,72,라이브 코퍼스(스냅샷 이후)
sg워너비,loyalty,28,0d764823ec65,r41∼r72,41,72,라이브 코퍼스(스냅샷 이후)
sg워너비,loyalty,29,d71b1d5c16be,r41∼r72,41,72,라이브 코퍼스(스냅샷 이후)
sg워너비,loyalty,30,fe18ad6489f1,r41∼r72,41,72,라이브 코퍼스(스냅샷 이후)
sg워너비,loyalty,31,140ec45cefb1,r41∼r72,41,72,라이브 코퍼스(스냅샷 이후)
sg워너비,loyalty,32,2e8aab638f27,r41∼r72,41,72,라이브 코퍼스(스냅샷 이후)
sg워너비,loyalty,33,ba4948fcd378,r41∼r72,41,72,라이브 코퍼스(스냅샷 이후)
sg워너비,loyalty,34,e740ad175be4,r41∼r72,41,72,라이브 코퍼스(스냅샷 이후)
sg워너비,loyalty,35,6a49b4069a28,r41∼r72,41,72,라이브 코퍼스(스냅샷 이후)
sg워너비,spillover,0,cde92a87d391,≤r13,1,13,r13 스냅샷
sg워너비,spillover,1,5d9d01aee7f2,≤r13,1,13,r13 스냅샷
sg워너비,spillover,2,9cea9b903130,≤r13,1,13,r13 스냅샷
sg워너비,spillover,3,6750af6dd6b9,≤r13,1,13,r13 스냅샷
sg워너비,spillover,4,a62c0be1107c,≤r13,1,13,r13 스냅샷
sg워너비,spillover,5,2e23ede6370f,≤r13,1,13,r13 스냅샷
sg워너비,spillover,6,f6ca161deea9,≤r13,1,13,r13 스냅샷
sg워너비,spillover,7,dd89abd46b13,≤r13,1,13,r13 스냅샷
sg워너비,spillover,8,362b66acf01e,≤r13,1,13,r13 스냅샷
sg워너비,spillover,9,8b4269a1be42,≤r13,1,13,r13 스냅샷
sg워너비,spillover,10,d96ebaea3b63,≤r13,1,13,r13 스냅샷
sg워너비,spillover,11,e19622f7bb91,≤r13,1,13,r13 스냅샷
sg워너비,spillover,12,7056dd24db18,≤r13,1,13,r13 스냅샷
sg워너비,spillover,13,20a8cad15095,≤r13,1,13,r13 스냅샷
sg워너비,spillover,14,721f91693f2a,≤r13,1,13,r13 스냅샷
sg워너비,spillover,15,37db5c5ff3e3,≤r13,1,13,r13 스냅샷
sg워너비,spillover,16,3b7a80882bf4,≤r13,1,13,r13 스냅샷
sg워너비,spillover,17,aef3f1c515d3,≤r13,1,13,r13 스냅샷
sg워너비,spillover,18,1409e298100a,r23∼r39,23,39,동결 근사 복원본
sg워너비,spillover,19,ffdd242c5956,r23∼r39,23,39,동결 근사 복원본
sg워너비,spillover,20,17c7bd827d60,r23∼r39,23,39,동결 근사 복원본
sg워너비,spillover,21,b426412df387,r23∼r39,23,39,동결 근사 복원본
sg워너비,spillover,22,3e6da1b65bdd,r23∼r39,23,39,동결 근사 복원본
sg워너비,spillover,23,d31693e1c540,r23∼r39,23,39,동결 근사 복원본
sg워너비,spillover,24,ddea12a43fc1,r23∼r39,23,39,동결 근사 복원본
sg워너비,spillover,25,6248b69e19dd,r23∼r39,23,39,동결 근사 복원본
sg워너비,spillover,26,d07849139af7,r23∼r39,23,39,동결 근사 복원본
sg워너비,spillover,27,8e318b4e1730,r41∼r72,41,72,라이브 코퍼스(스냅샷 이후)
sg워너비,spillover,28,afa41a93357c,r41∼r72,41,72,라이브 코퍼스(스냅샷 이후)
sg워너비,spillover,29,977e73aaa3fc,r41∼r72,41,72,라이브 코퍼스(스냅샷 이후)
sg워너비,spillover,30,5f80c482c149,r41∼r72,41,72,라이브 코퍼스(스냅샷 이후)
sg워너비,spillover,31,31bbaacee2aa,r41∼r72,41,72,라이브 코퍼스(스냅샷 이후)
sg워너비,spillover,32,eaa0df93a6e9,r41∼r72,41,72,라이브 코퍼스(스냅샷 이후)
sg워너비,spillover,33,10c86025bead,r41∼r72,41,72,라이브 코퍼스(스냅샷 이후)
sg워너비,spillover,34,77b7b93e3ea1,r41∼r72,41,72,라이브 코퍼스(스냅샷 이후)
sg워너비,spillover,35,3f42088c3504,r41∼r72,41,72,라이브 코퍼스(스냅샷 이후)
sg워너비,spillover,36,91303232b54e,r41∼r72,41,72,라이브 코퍼스(스냅샷 이후)
sg워너비,spillover,37,0c32058f06fd,r41∼r72,41,72,라이브 코퍼스(스냅샷 이후)
sg워너비,spillover,38,99493e9089ef,r41∼r72,41,72,라이브 코퍼스(스냅샷 이후)
브라운아이즈,loyalty,0,800211e35d6b,≤r13,1,13,r13 스냅샷
브라운아이즈,loyalty,1,0d1f93465c28,≤r13,1,13,r13 스냅샷
브라운아이즈,loyalty,2,f0206854ca36,≤r13,1,13,r13 스냅샷
브라운아이즈,loyalty,3,06ef46d2fdb7,≤r13,1,13,r13 스냅샷
브라운아이즈,loyalty,4,c733b13c8f8f,≤r13,1,13,r13 스냅샷
브라운아이즈,loyalty,5,c0372fb5ffe1,≤r13,1,13,r13 스냅샷
브라운아이즈,loyalty,6,972aa0ab98d4,≤r13,1,13,r13 스냅샷
브라운아이즈,loyalty,7,98b23f0bb4d9,≤r13,1,13,r13 스냅샷
브라운아이즈,loyalty,8,1c5dd395c8b1,≤r13,1,13,r13 스냅샷
브라운아이즈,loyalty,9,acba5383ac78,r14∼r22,14,22,r22 백업
브라운아이즈,loyalty,10,19a3aaf2d273,r41∼r72,41,72,라이브 코퍼스(스냅샷 이후)
브라운아이즈,loyalty,11,5505bdbece71,r41∼r72,41,72,라이브 코퍼스(스냅샷 이후)
브라운아이즈,loyalty,12,76bfbad840f2,r41∼r72,41,72,라이브 코퍼스(스냅샷 이후)
브라운아이즈,loyalty,13,f934e66c7d4c,r41∼r72,41,72,라이브 코퍼스(스냅샷 이후)
브라운아이즈,loyalty,14,e28497bc473d,r41∼r72,41,72,라이브 코퍼스(스냅샷 이후)
브라운아이즈,loyalty,15,67b504216a09,r41∼r72,41,72,라이브 코퍼스(스냅샷 이후)
브라운아이즈,loyalty,16,6013df1d54c5,r41∼r72,41,72,라이브 코퍼스(스냅샷 이후)
브라운아이즈,loyalty,17,52172d300d04,r41∼r72,41,72,라이브 코퍼스(스냅샷 이후)
브라운아이즈,loyalty,18,3b2b5c79105c,r41∼r72,41,72,라이브 코퍼스(스냅샷 이후)
브라운아이즈,loyalty,19,e777832c6c70,r41∼r72,41,72,라이브 코퍼스(스냅샷 이후)
브라운아이즈,loyalty,20,2fbf5c25454a,r41∼r72,41,72,라이브 코퍼스(스냅샷 이후)
브라운아이즈,loyalty,21,e39b12ff5b1b,r41∼r72,41,72,라이브 코퍼스(스냅샷 이후)
브라운아이즈,loyalty,22,830db4014693,r41∼r72,41,72,라이브 코퍼스(스냅샷 이후)
브라운아이즈,loyalty,23,fd864a402509,r41∼r72,41,72,라이브 코퍼스(스냅샷 이후)
브라운아이즈,loyalty,24,81f9071f6c2f,r41∼r72,41,72,라이브 코퍼스(스냅샷 이후)
브라운아이즈,loyalty,25,366e7cb49909,r41∼r72,41,72,라이브 코퍼스(스냅샷 이후)
브라운아이즈,loyalty,26,a19da7ecbcfa,r41∼r72,41,72,라이브 코퍼스(스냅샷 이후)
브라운아이즈,loyalty,27,99ea933a27f1,r41∼r72,41,72,라이브 코퍼스(스냅샷 이후)
브라운아이즈,loyalty,28,9f9b977ab75f,r41∼r72,41,72,라이브 코퍼스(스냅샷 이후)
브라운아이즈,spillover,0,0651ab996c1f,≤r13,1,13,r13 스냅샷
브라운아이즈,spillover,1,5d29c6b870c8,≤r13,1,13,r13 스냅샷
브라운아이즈,spillover,2,46ea615ede65,≤r13,1,13,r13 스냅샷
브라운아이즈,spillover,3,7055016cb0d3,≤r13,1,13,r13 스냅샷
브라운아이즈,spillover,4,f96bbdea0dc8,≤r13,1,13,r13 스냅샷
브라운아이즈,spillover,5,a288b1022dd5,≤r13,1,13,r13 스냅샷
브라운아이즈,spillover,6,c3e0e31aa617,≤r13,1,13,r13 스냅샷
브라운아이즈,spillover,7,3edec4126dff,≤r13,1,13,r13 스냅샷
브라운아이즈,spillover,8,5f2623611888,≤r13,1,13,r13 스냅샷
브라운아이즈,spillover,9,3548e5ec1287,≤r13,1,13,r13 스냅샷
브라운아이즈,spillover,10,166130fdcbb7,≤r13,1,13,r13 스냅샷
브라운아이즈,spillover,11,da3eb2af4bf2,≤r13,1,13,r13 스냅샷
브라운아이즈,spillover,12,5804d37376bd,r23∼r39,23,39,동결 근사 복원본
브라운아이즈,spillover,13,be2561b2043d,r23∼r39,23,39,동결 근사 복원본
브라운아이즈,spillover,14,345a9f20eef9,r23∼r39,23,39,동결 근사 복원본
브라운아이즈,spillover,15,088a344e2a24,r23∼r39,23,39,동결 근사 복원본
브라운아이즈,spillover,16,e32c5a869d86,r23∼r39,23,39,동결 근사 복원본
브라운아이즈,spillover,17,291bf2fe4276,r23∼r39,23,39,동결 근사 복원본
브라운아이즈,spillover,18,42bd9f9fc44d,r23∼r39,23,39,동결 근사 복원본
브라운아이즈,spillover,19,d81a8e2a89b8,r23∼r39,23,39,동결 근사 복원본
브라운아이즈,spillover,20,1497851221ad,r23∼r39,23,39,동결 근사 복원본
브라운아이즈,spillover,21,a8c66c7d5859,r41∼r72,41,72,라이브 코퍼스(스냅샷 이후)
브라운아이즈,spillover,22,31818ff48df1,r41∼r72,41,72,라이브 코퍼스(스냅샷 이후)
브라운아이즈,spillover,23,3b346a6cb918,r41∼r72,41,72,라이브 코퍼스(스냅샷 이후)
브라운아이즈,spillover,24,65cabf9d91dd,r41∼r72,41,72,라이브 코퍼스(스냅샷 이후)
브라운아이즈,spillover,25,355936b1bd9e,r41∼r72,41,72,라이브 코퍼스(스냅샷 이후)
브라운아이즈,spillover,26,d46daa52d349,r41∼r72,41,72,라이브 코퍼스(스냅샷 이후)
브라운아이즈,spillover,27,85a49cbec0b3,r41∼r72,41,72,라이브 코퍼스(스냅샷 이후)
브라운아이즈,spillover,28,fe18a3a500a8,r41∼r72,41,72,라이브 코퍼스(스냅샷 이후)
브라운아이즈,spillover,29,ef7da545ff2a,r41∼r72,41,72,라이브 코퍼스(스냅샷 이후)
브라운아이즈,spillover,30,f17df308ffad,r41∼r72,41,72,라이브 코퍼스(스냅샷 이후)
브라운아이즈,spillover,31,a952736856d1,r41∼r72,41,72,라이브 코퍼스(스냅샷 이후)
브라운아이즈,spillover,32,e18d4de1922b,r41∼r72,41,72,라이브 코퍼스(스냅샷 이후)
브라운아이즈,spillover,33,d01d315276fc,r41∼r72,41,72,라이브 코퍼스(스냅샷 이후)
브라운아이즈,spillover,34,6619dc52e1c1,r41∼r72,41,72,라이브 코퍼스(스냅샷 이후)
브라운아이즈,spillover,35,762e9ec29392,r41∼r72,41,72,라이브 코퍼스(스냅샷 이후)
브라운아이즈,spillover,36,59d5137e8410,r41∼r72,41,72,라이브 코퍼스(스냅샷 이후)
브라운아이즈,spillover,37,4b85fa47c456,r41∼r72,41,72,라이브 코퍼스(스냅샷 이후)
브라운아이즈,spillover,38,d74f482e521a,r41∼r72,41,72,라이브 코퍼스(스냅샷 이후)
브라운아이즈,spillover,39,e53c3e5a3ac4,r41∼r72,41,72,라이브 코퍼스(스냅샷 이후)
브라운아이즈,spillover,40,4c6c155a5029,r41∼r72,41,72,라이브 코퍼스(스냅샷 이후)
브라운아이즈,spillover,41,2ed81e429f33,r41∼r72,41,72,라이브 코퍼스(스냅샷 이후)
브라운아이즈,spillover,42,f4c36a65e52e,r41∼r72,41,72,라이브 코퍼스(스냅샷 이후)
브라운아이즈,spillover,43,e04a649c5d09,r41∼r72,41,72,라이브 코퍼스(스냅샷 이후)
브라운아이즈,spillover,44,7dcb20027d1b,r41∼r72,41,72,라이브 코퍼스(스냅샷 이후)
브라운아이즈,spillover,45,fc8fbc366a0f,r41∼r72,41,72,라이브 코퍼스(스냅샷 이후)
브라운아이즈,spillover,46,520760b4e295,r41∼r72,41,72,라이브 코퍼스(스냅샷 이후)
브라운아이즈,spillover,47,7196bfa74bd7,r41∼r72,41,72,라이브 코퍼스(스냅샷 이후)
브라운아이즈,spillover,48,16124a6ce14e,r41∼r72,41,72,라이브 코퍼스(스냅샷 이후)
브라운아이즈,spillover,49,e93895cb720b,r41∼r72,41,72,라이브 코퍼스(스냅샷 이후)
브라운아이즈,spillover,50,22edc4cb713e,r41∼r72,41,72,라이브 코퍼스(스냅샷 이후)
브라운아이즈,spillover,51,1133a19ff341,r41∼r72,41,72,라이브 코퍼스(스냅샷 이후)
브라운아이즈,spillover,52,c7a1bafb7026,r41∼r72,41,72,라이브 코퍼스(스냅샷 이후)
이문세,loyalty,0,ab6b2f6bae2b,≤r13,1,13,r13 스냅샷
이문세,loyalty,1,3ca5a4b923ef,≤r13,1,13,r13 스냅샷
이문세,loyalty,2,8992273d1255,≤r13,1,13,r13 스냅샷
이문세,loyalty,3,8f17e9c7ed91,≤r13,1,13,r13 스냅샷
이문세,loyalty,4,7300797c4384,≤r13,1,13,r13 스냅샷
이문세,loyalty,5,433011792784,≤r13,1,13,r13 스냅샷
이문세,loyalty,6,54771f089054,≤r13,1,13,r13 스냅샷
이문세,loyalty,7,1dbfc923d09d,≤r13,1,13,r13 스냅샷
이문세,loyalty,8,582d082e5da8,≤r13,1,13,r13 스냅샷
이문세,loyalty,9,31d63b6bec0d,≤r13,1,13,r13 스냅샷
이문세,loyalty,10,9dbdf4c3e010,≤r13,1,13,r13 스냅샷
이문세,loyalty,11,185289b5df9c,r41∼r72,41,72,라이브 코퍼스(스냅샷 이후)
이문세,loyalty,12,8970bd3e76df,r41∼r72,41,72,라이브 코퍼스(스냅샷 이후)
이문세,loyalty,13,3dd061cd1b53,r41∼r72,41,72,라이브 코퍼스(스냅샷 이후)
이문세,loyalty,14,3eaff9af0357,r41∼r72,41,72,라이브 코퍼스(스냅샷 이후)
이문세,loyalty,15,e6c81de63173,r41∼r72,41,72,라이브 코퍼스(스냅샷 이후)
이문세,loyalty,16,ad637dfa6fd0,r41∼r72,41,72,라이브 코퍼스(스냅샷 이후)
이문세,loyalty,17,0cfdbc5b9680,r41∼r72,41,72,라이브 코퍼스(스냅샷 이후)
이문세,loyalty,18,b567dfb2a3f0,r41∼r72,41,72,라이브 코퍼스(스냅샷 이후)
이문세,loyalty,19,f64af4867bb5,r41∼r72,41,72,라이브 코퍼스(스냅샷 이후)
이문세,spillover,0,b48c8fe05744,≤r13,1,13,r13 스냅샷
이문세,spillover,1,a2a78be38492,≤r13,1,13,r13 스냅샷
이문세,spillover,2,0141a294fb56,≤r13,1,13,r13 스냅샷
이문세,spillover,3,44e03af3e5e5,≤r13,1,13,r13 스냅샷
이문세,spillover,4,c0004e04f708,≤r13,1,13,r13 스냅샷
이문세,spillover,5,d4935d5b1b26,≤r13,1,13,r13 스냅샷
이문세,spillover,6,d4541cc8d8d1,≤r13,1,13,r13 스냅샷
이문세,spillover,7,e4b21e55bf66,≤r13,1,13,r13 스냅샷
이문세,spillover,8,38b23ba2ec6f,≤r13,1,13,r13 스냅샷
이문세,spillover,9,f1ed5adbd779,≤r13,1,13,r13 스냅샷
이문세,spillover,10,5983e4957be3,≤r13,1,13,r13 스냅샷
이문세,spillover,11,0a48999d125d,≤r13,1,13,r13 스냅샷
이문세,spillover,12,d115f8cd063e,≤r13,1,13,r13 스냅샷
이문세,spillover,13,1e597f843252,≤r13,1,13,r13 스냅샷
이문세,spillover,14,5b336db67aa9,≤r13,1,13,r13 스냅샷
이문세,spillover,15,fa2ce522bf1d,≤r13,1,13,r13 스냅샷
이문세,spillover,16,79c1e7205da8,r23∼r39,23,39,동결 근사 복원본
이문세,spillover,17,12f570214878,r23∼r39,23,39,동결 근사 복원본
이문세,spillover,18,87911186cd5c,r23∼r39,23,39,동결 근사 복원본
이문세,spillover,19,025d196798af,r23∼r39,23,39,동결 근사 복원본
이문세,spillover,20,1f3b318c0f3d,r23∼r39,23,39,동결 근사 복원본
이문세,spillover,21,f322d7b691a0,r23∼r39,23,39,동결 근사 복원본
이문세,spillover,22,7001ec3ce31a,r23∼r39,23,39,동결 근사 복원본
이문세,spillover,23,284c23914e3e,r23∼r39,23,39,동결 근사 복원본
이문세,spillover,24,f42d3e28be70,r23∼r39,23,39,동결 근사 복원본
이문세,spillover,25,73687a17d31e,r23∼r39,23,39,동결 근사 복원본
이문세,spillover,26,2812d15e8a65,r23∼r39,23,39,동결 근사 복원본
이문세,spillover,27,cc3aa6157d62,r23∼r39,23,39,동결 근사 복원본
이문세,spillover,28,083bb4368f09,r41∼r72,41,72,라이브 코퍼스(스냅샷 이후)
이문세,spillover,29,361fa4b0eb51,r41∼r72,41,72,라이브 코퍼스(스냅샷 이후)
이문세,spillover,30,bcbf92b13775,r41∼r72,41,72,라이브 코퍼스(스냅샷 이후)
이문세,spillover,31,4c386ec8bd75,r41∼r72,41,72,라이브 코퍼스(스냅샷 이후)
이문세,spillover,32,a85a4022e482,r41∼r72,41,72,라이브 코퍼스(스냅샷 이후)
이문세,spillover,33,f131038962a0,r41∼r72,41,72,라이브 코퍼스(스냅샷 이후)
이문세,spillover,34,d07d720e7568,r41∼r72,41,72,라이브 코퍼스(스냅샷 이후)
이문세,spillover,35,b41c88716d32,r41∼r72,41,72,라이브 코퍼스(스냅샷 이후)
이문세,spillover,36,4cf928ef0d32,r41∼r72,41,72,라이브 코퍼스(스냅샷 이후)
이문세,spillover,37,4b9185182fa1,r41∼r72,41,72,라이브 코퍼스(스냅샷 이후)
이문세,spillover,38,dabfb4314eae,r41∼r72,41,72,라이브 코퍼스(스냅샷 이후)
이문세,spillover,39,0dbe58d0c663,r41∼r72,41,72,라이브 코퍼스(스냅샷 이후)
이문세,spillover,40,cd958300712a,r41∼r72,41,72,라이브 코퍼스(스냅샷 이후)
이문세,spillover,41,8b764eca2a6f,r41∼r72,41,72,라이브 코퍼스(스냅샷 이후)
이문세,spillover,42,4a94fb55d076,r41∼r72,41,72,라이브 코퍼스(스냅샷 이후)
이문세,spillover,43,0ef2c98e1ea4,r41∼r72,41,72,라이브 코퍼스(스냅샷 이후)
이문세,spillover,44,966db9f7a6d6,r41∼r72,41,72,라이브 코퍼스(스냅샷 이후)
이문세,spillover,45,788311922d65,r41∼r72,41,72,라이브 코퍼스(스냅샷 이후)
이문세,spillover,46,5e613471603d,r41∼r72,41,72,라이브 코퍼스(스냅샷 이후)
이문세,spillover,47,b25828ea672b,r41∼r72,41,72,라이브 코퍼스(스냅샷 이후)
이문세,spillover,48,fd15ab9a9f68,r41∼r72,41,72,라이브 코퍼스(스냅샷 이후)
이문세,spillover,49,16a2e72c7f07,r41∼r72,41,72,라이브 코퍼스(스냅샷 이후)
윤도현,loyalty,0,fe7933fff3d1,≤r13,1,13,r13 스냅샷
윤도현,loyalty,1,3f7461a90eb7,≤r13,1,13,r13 스냅샷
윤도현,loyalty,2,8453c0d0efac,≤r13,1,13,r13 스냅샷
윤도현,loyalty,3,d8416a0d44d3,≤r13,1,13,r13 스냅샷
윤도현,loyalty,4,028d3bdf36db,≤r13,1,13,r13 스냅샷
윤도현,loyalty,5,904866271362,≤r13,1,13,r13 스냅샷
윤도현,loyalty,6,f6e6c0123c66,≤r13,1,13,r13 스냅샷
윤도현,loyalty,7,354fcce1f23a,≤r13,1,13,r13 스냅샷
윤도현,loyalty,8,15cea890803c,≤r13,1,13,r13 스냅샷
윤도현,loyalty,9,bc4461753162,≤r13,1,13,r13 스냅샷
윤도현,loyalty,10,edfbaadb571c,≤r13,1,13,r13 스냅샷
윤도현,loyalty,11,31fd82d0a659,≤r13,1,13,r13 스냅샷
윤도현,loyalty,12,0c9770d6511b,≤r13,1,13,r13 스냅샷
윤도현,loyalty,13,a5a3a16619d7,≤r13,1,13,r13 스냅샷
윤도현,loyalty,14,188fcfb77e6a,≤r13,1,13,r13 스냅샷
윤도현,loyalty,15,f5d30ee3393c,≤r13,1,13,r13 스냅샷
윤도현,loyalty,16,43f31e708f45,r41∼r72,41,72,라이브 코퍼스(스냅샷 이후)
윤도현,loyalty,17,5e7735cd9f7d,r41∼r72,41,72,라이브 코퍼스(스냅샷 이후)
윤도현,loyalty,18,8f8abcc121d0,r41∼r72,41,72,라이브 코퍼스(스냅샷 이후)
윤도현,loyalty,19,4dbaa989fadc,r41∼r72,41,72,라이브 코퍼스(스냅샷 이후)
윤도현,loyalty,20,45a435186d45,r41∼r72,41,72,라이브 코퍼스(스냅샷 이후)
윤도현,loyalty,21,7c8037880add,r41∼r72,41,72,라이브 코퍼스(스냅샷 이후)
윤도현,loyalty,22,1fa2d4d0cf14,r41∼r72,41,72,라이브 코퍼스(스냅샷 이후)
윤도현,loyalty,23,41a9dbc182f1,r41∼r72,41,72,라이브 코퍼스(스냅샷 이후)
윤도현,loyalty,24,040b18e7b374,r41∼r72,41,72,라이브 코퍼스(스냅샷 이후)
윤도현,loyalty,25,df4ed6ad7ff8,r41∼r72,41,72,라이브 코퍼스(스냅샷 이후)
윤도현,loyalty,26,5a35849257e7,r41∼r72,41,72,라이브 코퍼스(스냅샷 이후)
윤도현,loyalty,27,8bbeecc39eec,r41∼r72,41,72,라이브 코퍼스(스냅샷 이후)
윤도현,loyalty,28,a33dd790131a,r41∼r72,41,72,라이브 코퍼스(스냅샷 이후)
윤도현,spillover,0,ba89437ead68,≤r13,1,13,r13 스냅샷
윤도현,spillover,1,fe85aa185706,≤r13,1,13,r13 스냅샷
윤도현,spillover,2,130be8428003,≤r13,1,13,r13 스냅샷
윤도현,spillover,3,d6219b8bfad8,≤r13,1,13,r13 스냅샷
윤도현,spillover,4,da7f93816cec,≤r13,1,13,r13 스냅샷
윤도현,spillover,5,482d3298d1fb,≤r13,1,13,r13 스냅샷
윤도현,spillover,6,f7fa703cc4a0,≤r13,1,13,r13 스냅샷
윤도현,spillover,7,d22f307032ea,≤r13,1,13,r13 스냅샷
윤도현,spillover,8,5a4539c56da2,≤r13,1,13,r13 스냅샷
윤도현,spillover,9,c079bfd1169c,≤r13,1,13,r13 스냅샷
윤도현,spillover,10,d46345396699,≤r13,1,13,r13 스냅샷
윤도현,spillover,11,20de5801593f,≤r13,1,13,r13 스냅샷
윤도현,spillover,12,fa848f645983,≤r13,1,13,r13 스냅샷
윤도현,spillover,13,53001765feaa,≤r13,1,13,r13 스냅샷
윤도현,spillover,14,6b4d536afd5d,r23∼r39,23,39,동결 근사 복원본
윤도현,spillover,15,1c7479bb66a0,r23∼r39,23,39,동결 근사 복원본
윤도현,spillover,16,a631fb5dfbe3,r23∼r39,23,39,동결 근사 복원본
윤도현,spillover,17,ef94aa7cecc7,r23∼r39,23,39,동결 근사 복원본
윤도현,spillover,18,d2ddb04c55b1,r23∼r39,23,39,동결 근사 복원본
윤도현,spillover,19,7404e1faef99,r23∼r39,23,39,동결 근사 복원본
윤도현,spillover,20,eb08b14e58eb,r23∼r39,23,39,동결 근사 복원본
윤도현,spillover,21,b9d2c8bfb329,r23∼r39,23,39,동결 근사 복원본
윤도현,spillover,22,7c4b10b29ccf,r23∼r39,23,39,동결 근사 복원본
윤도현,spillover,23,ac315e87df63,r23∼r39,23,39,동결 근사 복원본
윤도현,spillover,24,1e70e229e114,r23∼r39,23,39,동결 근사 복원본
윤도현,spillover,25,59d2bb7189f0,r23∼r39,23,39,동결 근사 복원본
윤도현,spillover,26,7bafa2833029,r23∼r39,23,39,동결 근사 복원본
윤도현,spillover,27,216922bf4cab,r41∼r72,41,72,라이브 코퍼스(스냅샷 이후)
윤도현,spillover,28,b5961d844fb1,r41∼r72,41,72,라이브 코퍼스(스냅샷 이후)
윤도현,spillover,29,4bfa6581859e,r41∼r72,41,72,라이브 코퍼스(스냅샷 이후)
윤도현,spillover,30,b710ce4cdc2d,r41∼r72,41,72,라이브 코퍼스(스냅샷 이후)
윤도현,spillover,31,645e1b0b1da6,r41∼r72,41,72,라이브 코퍼스(스냅샷 이후)
윤도현,spillover,32,8e54c66afdf4,r41∼r72,41,72,라이브 코퍼스(스냅샷 이후)
윤도현,spillover,33,8efae1608608,r41∼r72,41,72,라이브 코퍼스(스냅샷 이후)
윤도현,spillover,34,380757b6fd2a,r41∼r72,41,72,라이브 코퍼스(스냅샷 이후)
윤도현,spillover,35,95eacda8864f,r41∼r72,41,72,라이브 코퍼스(스냅샷 이후)
윤도현,spillover,36,5f2599747b55,r41∼r72,41,72,라이브 코퍼스(스냅샷 이후)
윤도현,spillover,37,2d4c98dbdfce,r41∼r72,41,72,라이브 코퍼스(스냅샷 이후)
윤도현,spillover,38,fa14a96b609b,r41∼r72,41,72,라이브 코퍼스(스냅샷 이후)
윤도현,spillover,39,a042045ef6ec,r41∼r72,41,72,라이브 코퍼스(스냅샷 이후)
윤도현,spillover,40,94cc59a7ce68,r41∼r72,41,72,라이브 코퍼스(스냅샷 이후)
윤도현,spillover,41,bd4123e04a46,r41∼r72,41,72,라이브 코퍼스(스냅샷 이후)
잔나비,loyalty,0,eb2203c18f2d,≤r13,1,13,r13 스냅샷
잔나비,loyalty,1,d32bdbcdbb64,≤r13,1,13,r13 스냅샷
잔나비,loyalty,2,92a6ee383420,≤r13,1,13,r13 스냅샷
잔나비,loyalty,3,900a05537b44,≤r13,1,13,r13 스냅샷
잔나비,loyalty,4,a52b923d5156,≤r13,1,13,r13 스냅샷
잔나비,loyalty,5,298199ab5c4c,≤r13,1,13,r13 스냅샷
잔나비,loyalty,6,b22bb1d86fb5,≤r13,1,13,r13 스냅샷
잔나비,loyalty,7,effbfed6d8cb,≤r13,1,13,r13 스냅샷
잔나비,loyalty,8,11dca069c2a2,≤r13,1,13,r13 스냅샷
잔나비,loyalty,9,a60c50e60a5d,≤r13,1,13,r13 스냅샷
잔나비,loyalty,10,0f9dce561bfc,r14∼r22,14,22,r22 백업
잔나비,loyalty,11,599256738a6a,r14∼r22,14,22,r22 백업
잔나비,loyalty,12,31cd13e2f128,r14∼r22,14,22,r22 백업
잔나비,loyalty,13,ba90d016833a,r14∼r22,14,22,r22 백업
잔나비,loyalty,14,271a2b5fa38c,r23∼r39,23,39,동결 근사 복원본
잔나비,loyalty,15,9eea547a588b,r23∼r39,23,39,동결 근사 복원본
잔나비,loyalty,16,f0dddc073973,r41∼r72,41,72,라이브 코퍼스(스냅샷 이후)
잔나비,loyalty,17,4a2c48cbdb2e,r41∼r72,41,72,라이브 코퍼스(스냅샷 이후)
잔나비,loyalty,18,bf881c2bab25,r41∼r72,41,72,라이브 코퍼스(스냅샷 이후)
잔나비,loyalty,19,1ccbefa40345,r41∼r72,41,72,라이브 코퍼스(스냅샷 이후)
잔나비,spillover,0,eb584bb13707,≤r13,1,13,r13 스냅샷
잔나비,spillover,1,1a0ccc383c4a,≤r13,1,13,r13 스냅샷
잔나비,spillover,2,c09ade3d418d,≤r13,1,13,r13 스냅샷
잔나비,spillover,3,2eadfddc7c6f,≤r13,1,13,r13 스냅샷
잔나비,spillover,4,d324ce197939,≤r13,1,13,r13 스냅샷
잔나비,spillover,5,accb07436d96,≤r13,1,13,r13 스냅샷
잔나비,spillover,6,a50220910c60,≤r13,1,13,r13 스냅샷
잔나비,spillover,7,eed56edc7c1e,≤r13,1,13,r13 스냅샷
잔나비,spillover,8,db5882328817,≤r13,1,13,r13 스냅샷
잔나비,spillover,9,2dafe5fa23b3,≤r13,1,13,r13 스냅샷
잔나비,spillover,10,1e451ead2451,≤r13,1,13,r13 스냅샷
잔나비,spillover,11,2635f106f3e7,≤r13,1,13,r13 스냅샷
잔나비,spillover,12,451ea02c71bb,≤r13,1,13,r13 스냅샷
잔나비,spillover,13,6c6aea43b44e,≤r13,1,13,r13 스냅샷
잔나비,spillover,14,1b6967586a09,≤r13,1,13,r13 스냅샷
잔나비,spillover,15,b83f8215b41a,≤r13,1,13,r13 스냅샷
잔나비,spillover,16,ad924b3ce64e,≤r13,1,13,r13 스냅샷
잔나비,spillover,17,873f15992770,≤r13,1,13,r13 스냅샷
잔나비,spillover,18,fd032db61229,≤r13,1,13,r13 스냅샷
잔나비,spillover,19,1f62dbc3dd91,r23∼r39,23,39,동결 근사 복원본
잔나비,spillover,20,611b4255ffbe,r23∼r39,23,39,동결 근사 복원본
잔나비,spillover,21,42e3a74b0f2a,r23∼r39,23,39,동결 근사 복원본
잔나비,spillover,22,0fb38a14cece,r23∼r39,23,39,동결 근사 복원본
잔나비,spillover,23,bac06500973b,r23∼r39,23,39,동결 근사 복원본
잔나비,spillover,24,cf3969d56bd3,r23∼r39,23,39,동결 근사 복원본
잔나비,spillover,25,59c045fe2188,r23∼r39,23,39,동결 근사 복원본
잔나비,spillover,26,2025aaec8b88,r23∼r39,23,39,동결 근사 복원본
잔나비,spillover,27,b45eed6b427d,r23∼r39,23,39,동결 근사 복원본
잔나비,spillover,28,de51f93bfde7,r23∼r39,23,39,동결 근사 복원본
잔나비,spillover,29,f4ea9f73a945,r23∼r39,23,39,동결 근사 복원본
잔나비,spillover,30,ba460b4dba9d,r23∼r39,23,39,동결 근사 복원본
잔나비,spillover,31,157e57e62bd0,r41∼r72,41,72,라이브 코퍼스(스냅샷 이후)
잔나비,spillover,32,70eaee3200a1,r41∼r72,41,72,라이브 코퍼스(스냅샷 이후)
잔나비,spillover,33,c4e1e618f5e6,r41∼r72,41,72,라이브 코퍼스(스냅샷 이후)
잔나비,spillover,34,ddfb14792342,r41∼r72,41,72,라이브 코퍼스(스냅샷 이후)
잔나비,spillover,35,a1289f7ab197,r41∼r72,41,72,라이브 코퍼스(스냅샷 이후)
잔나비,spillover,36,8f7529fe39d7,r41∼r72,41,72,라이브 코퍼스(스냅샷 이후)
잔나비,spillover,37,7e777d1b1ffd,r41∼r72,41,72,라이브 코퍼스(스냅샷 이후)
잔나비,spillover,38,80fe8984ffef,r41∼r72,41,72,라이브 코퍼스(스냅샷 이후)
잔나비,spillover,39,9a0dbf91e697,r41∼r72,41,72,라이브 코퍼스(스냅샷 이후)
잔나비,spillover,40,73fb2a793ff4,r41∼r72,41,72,라이브 코퍼스(스냅샷 이후)
잔나비,spillover,41,f492271ce5a1,r41∼r72,41,72,라이브 코퍼스(스냅샷 이후)
잔나비,spillover,42,263f3b352ace,r41∼r72,41,72,라이브 코퍼스(스냅샷 이후)
잔나비,spillover,43,dab5275258f6,r41∼r72,41,72,라이브 코퍼스(스냅샷 이후)
잔나비,spillover,44,ee20cc5f958f,r41∼r72,41,72,라이브 코퍼스(스냅샷 이후)
잔나비,spillover,45,03792a3f0cb8,r41∼r72,41,72,라이브 코퍼스(스냅샷 이후)
잔나비,spillover,46,e0cff905c633,r41∼r72,41,72,라이브 코퍼스(스냅샷 이후)
잔나비,spillover,47,92f1f261fc0a,r41∼r72,41,72,라이브 코퍼스(스냅샷 이후)
잔나비,spillover,48,0ffdf7475009,r41∼r72,41,72,라이브 코퍼스(스냅샷 이후)
CNBLUE,loyalty,0,a023bdb36030,≤r13,1,13,r13 스냅샷
CNBLUE,loyalty,1,35ef967ef8cc,≤r13,1,13,r13 스냅샷
CNBLUE,loyalty,2,5ef1b853d8c6,≤r13,1,13,r13 스냅샷
CNBLUE,loyalty,3,e6995c8c737b,≤r13,1,13,r13 스냅샷
CNBLUE,loyalty,4,44c2ffa00a6d,≤r13,1,13,r13 스냅샷
CNBLUE,loyalty,5,0cb7c0b638dc,≤r13,1,13,r13 스냅샷
CNBLUE,loyalty,6,bc8303002631,≤r13,1,13,r13 스냅샷
CNBLUE,loyalty,7,522f5b5c3829,≤r13,1,13,r13 스냅샷
CNBLUE,loyalty,8,c544e7671638,≤r13,1,13,r13 스냅샷
CNBLUE,loyalty,9,01eec75f68e3,≤r13,1,13,r13 스냅샷
CNBLUE,loyalty,10,8d1c7c121d11,≤r13,1,13,r13 스냅샷
CNBLUE,loyalty,11,a4b57f386a5c,≤r13,1,13,r13 스냅샷
CNBLUE,loyalty,12,246486144e88,≤r13,1,13,r13 스냅샷
CNBLUE,loyalty,13,5e6b2f07cfcb,≤r13,1,13,r13 스냅샷
CNBLUE,loyalty,14,d23913642458,≤r13,1,13,r13 스냅샷
CNBLUE,loyalty,15,c20557f2e906,≤r13,1,13,r13 스냅샷
CNBLUE,loyalty,16,d937e0017d79,≤r13,1,13,r13 스냅샷
CNBLUE,loyalty,17,a3a25e20cd6e,≤r13,1,13,r13 스냅샷
CNBLUE,loyalty,18,be455d3e4ea9,≤r13,1,13,r13 스냅샷
CNBLUE,loyalty,19,3c93f8928e20,≤r13,1,13,r13 스냅샷
CNBLUE,loyalty,20,08b37fe71111,≤r13,1,13,r13 스냅샷
CNBLUE,loyalty,21,4771cd31f03a,≤r13,1,13,r13 스냅샷
CNBLUE,loyalty,22,70d8f7be37c4,≤r13,1,13,r13 스냅샷
CNBLUE,loyalty,23,6b4503b0f23e,r23∼r39,23,39,동결 근사 복원본
CNBLUE,loyalty,24,c4c5b2d7c420,r23∼r39,23,39,동결 근사 복원본
CNBLUE,loyalty,25,c02fef7c1823,r23∼r39,23,39,동결 근사 복원본
CNBLUE,loyalty,26,8d2e6efe5320,r23∼r39,23,39,동결 근사 복원본
CNBLUE,loyalty,27,87ce7cdf4e46,r23∼r39,23,39,동결 근사 복원본
CNBLUE,loyalty,28,53ebfa00afb7,r41∼r72,41,72,라이브 코퍼스(스냅샷 이후)
CNBLUE,loyalty,29,aa348238161a,r41∼r72,41,72,라이브 코퍼스(스냅샷 이후)
CNBLUE,loyalty,30,f4aab0018c37,r41∼r72,41,72,라이브 코퍼스(스냅샷 이후)
CNBLUE,loyalty,31,519ddf28bd2c,r41∼r72,41,72,라이브 코퍼스(스냅샷 이후)
CNBLUE,loyalty,32,08c4fe5801f5,r41∼r72,41,72,라이브 코퍼스(스냅샷 이후)
CNBLUE,spillover,0,2cef55e68ff6,≤r13,1,13,r13 스냅샷
CNBLUE,spillover,1,dde63b14ff92,≤r13,1,13,r13 스냅샷
CNBLUE,spillover,2,97f2dd4746d8,≤r13,1,13,r13 스냅샷
CNBLUE,spillover,3,207541e22580,≤r13,1,13,r13 스냅샷
CNBLUE,spillover,4,999bc7accc42,≤r13,1,13,r13 스냅샷
CNBLUE,spillover,5,5aad3c8d5af2,≤r13,1,13,r13 스냅샷
CNBLUE,spillover,6,6aaaae5bdfd1,≤r13,1,13,r13 스냅샷
CNBLUE,spillover,7,2ee47bee59b8,≤r13,1,13,r13 스냅샷
CNBLUE,spillover,8,96e1237a911b,≤r13,1,13,r13 스냅샷
CNBLUE,spillover,9,1368972d3b7a,≤r13,1,13,r13 스냅샷
CNBLUE,spillover,10,80ecb8f0665d,≤r13,1,13,r13 스냅샷
CNBLUE,spillover,11,5d71b4346e35,≤r13,1,13,r13 스냅샷
CNBLUE,spillover,12,53d2861d16fa,≤r13,1,13,r13 스냅샷
CNBLUE,spillover,13,50c8b10609cd,≤r13,1,13,r13 스냅샷
CNBLUE,spillover,14,7d223c28976b,≤r13,1,13,r13 스냅샷
CNBLUE,spillover,15,18d0070e5e0d,≤r13,1,13,r13 스냅샷
CNBLUE,spillover,16,a8f3c881fcc0,≤r13,1,13,r13 스냅샷
CNBLUE,spillover,17,5bf77aa387a3,≤r13,1,13,r13 스냅샷
CNBLUE,spillover,18,b8ee102ac870,≤r13,1,13,r13 스냅샷
CNBLUE,spillover,19,cfbf79d91b69,≤r13,1,13,r13 스냅샷
CNBLUE,spillover,20,dfa12cae0d92,≤r13,1,13,r13 스냅샷
CNBLUE,spillover,21,c3a1e25bc8bf,≤r13,1,13,r13 스냅샷
CNBLUE,spillover,22,bd732b2a2cf6,≤r13,1,13,r13 스냅샷
CNBLUE,spillover,23,9cfdec48fb88,≤r13,1,13,r13 스냅샷
CNBLUE,spillover,24,ddd5737f14ae,≤r13,1,13,r13 스냅샷
CNBLUE,spillover,25,dceb652a9fe5,≤r13,1,13,r13 스냅샷
CNBLUE,spillover,26,76433abe5342,≤r13,1,13,r13 스냅샷
CNBLUE,spillover,27,ae656bb0f615,≤r13,1,13,r13 스냅샷
CNBLUE,spillover,28,9195b8047205,≤r13,1,13,r13 스냅샷
CNBLUE,spillover,29,a57dd6d811c7,r23∼r39,23,39,동결 근사 복원본
CNBLUE,spillover,30,7c35bfde3af5,r23∼r39,23,39,동결 근사 복원본
CNBLUE,spillover,31,4079ddfa5841,r23∼r39,23,39,동결 근사 복원본
CNBLUE,spillover,32,bdead36842e4,r23∼r39,23,39,동결 근사 복원본
CNBLUE,spillover,33,15615c9ade43,r23∼r39,23,39,동결 근사 복원본
CNBLUE,spillover,34,eb6791b3c656,r23∼r39,23,39,동결 근사 복원본
CNBLUE,spillover,35,9a4c23617295,r23∼r39,23,39,동결 근사 복원본
CNBLUE,spillover,36,481d142ab646,r23∼r39,23,39,동결 근사 복원본
CNBLUE,spillover,37,67d52c6fe9f4,r23∼r39,23,39,동결 근사 복원본
CNBLUE,spillover,38,37b22f339351,r23∼r39,23,39,동결 근사 복원본
CNBLUE,spillover,39,2570acd9fe29,r23∼r39,23,39,동결 근사 복원본
CNBLUE,spillover,40,a95f6226e580,r23∼r39,23,39,동결 근사 복원본
CNBLUE,spillover,41,ce8e27e4b2bf,r23∼r39,23,39,동결 근사 복원본
CNBLUE,spillover,42,2e2806c78a1f,r23∼r39,23,39,동결 근사 복원본
CNBLUE,spillover,43,0c07b14bffb9,r23∼r39,23,39,동결 근사 복원본
CNBLUE,spillover,44,3c7e15c88b39,r41∼r72,41,72,라이브 코퍼스(스냅샷 이후)
CNBLUE,spillover,45,817d7460ff92,r41∼r72,41,72,라이브 코퍼스(스냅샷 이후)
CNBLUE,spillover,46,8faeae1f0881,r41∼r72,41,72,라이브 코퍼스(스냅샷 이후)
CNBLUE,spillover,47,2fc1029c684c,r41∼r72,41,72,라이브 코퍼스(스냅샷 이후)
CNBLUE,spillover,48,0e6a30427c64,r41∼r72,41,72,라이브 코퍼스(스냅샷 이후)
CNBLUE,spillover,49,4871fb53b517,r41∼r72,41,72,라이브 코퍼스(스냅샷 이후)
CNBLUE,spillover,50,120c5bf067cf,r41∼r72,41,72,라이브 코퍼스(스냅샷 이후)
BTS,loyalty,0,b1c971bcbc19,≤r13,1,13,r13 스냅샷
BTS,loyalty,1,22e969af9ad2,≤r13,1,13,r13 스냅샷
BTS,loyalty,2,0d56c60a3dd0,≤r13,1,13,r13 스냅샷
BTS,loyalty,3,1da5ccbcee56,≤r13,1,13,r13 스냅샷
BTS,loyalty,4,155ea882176b,≤r13,1,13,r13 스냅샷
BTS,loyalty,5,e5a8afb7df9c,≤r13,1,13,r13 스냅샷
BTS,loyalty,6,e5da88258b19,≤r13,1,13,r13 스냅샷
BTS,loyalty,7,bcff505ea30a,≤r13,1,13,r13 스냅샷
BTS,loyalty,8,ba6df606e490,≤r13,1,13,r13 스냅샷
BTS,loyalty,9,472d20ecdc11,≤r13,1,13,r13 스냅샷
BTS,loyalty,10,093e28454931,≤r13,1,13,r13 스냅샷
BTS,loyalty,11,c918df41e037,≤r13,1,13,r13 스냅샷
BTS,loyalty,12,42b79daf5fb6,≤r13,1,13,r13 스냅샷
BTS,loyalty,13,cebc0c8b52dc,≤r13,1,13,r13 스냅샷
BTS,loyalty,14,99de8636f4a9,≤r13,1,13,r13 스냅샷
BTS,loyalty,15,dd32580572f4,≤r13,1,13,r13 스냅샷
BTS,loyalty,16,3c3b99044917,≤r13,1,13,r13 스냅샷
BTS,loyalty,17,ad690fc3d0db,≤r13,1,13,r13 스냅샷
BTS,loyalty,18,79b60f95d6da,≤r13,1,13,r13 스냅샷
BTS,loyalty,19,212a6f235012,≤r13,1,13,r13 스냅샷
BTS,loyalty,20,8b4ec20c2a98,≤r13,1,13,r13 스냅샷
BTS,loyalty,21,668954daa9e0,≤r13,1,13,r13 스냅샷
BTS,loyalty,22,04b21dd7cc7a,≤r13,1,13,r13 스냅샷
BTS,loyalty,23,f4497b2358cd,≤r13,1,13,r13 스냅샷
BTS,loyalty,24,7b768973fdef,≤r13,1,13,r13 스냅샷
BTS,loyalty,25,8df01b0d5219,≤r13,1,13,r13 스냅샷
BTS,loyalty,26,ace6232e4bfb,≤r13,1,13,r13 스냅샷
BTS,loyalty,27,5a1b5d04ac92,≤r13,1,13,r13 스냅샷
BTS,loyalty,28,42b05249cfb9,≤r13,1,13,r13 스냅샷
BTS,loyalty,29,2e43fa4dba94,≤r13,1,13,r13 스냅샷
BTS,loyalty,30,517a1405bdd8,≤r13,1,13,r13 스냅샷
BTS,loyalty,31,9a065188de5a,≤r13,1,13,r13 스냅샷
BTS,loyalty,32,48da2fd9526e,≤r13,1,13,r13 스냅샷
BTS,loyalty,33,3a3d934601f8,≤r13,1,13,r13 스냅샷
BTS,loyalty,34,bced629c8e67,≤r13,1,13,r13 스냅샷
BTS,loyalty,35,ab4b3382bc8e,≤r13,1,13,r13 스냅샷
BTS,loyalty,36,175b5a5ac4c8,≤r13,1,13,r13 스냅샷
BTS,loyalty,37,41664f576653,≤r13,1,13,r13 스냅샷
BTS,loyalty,38,929d5d1b0b65,≤r13,1,13,r13 스냅샷
BTS,loyalty,39,13405501af49,≤r13,1,13,r13 스냅샷
BTS,loyalty,40,f08b3d7d3a7e,≤r13,1,13,r13 스냅샷
BTS,loyalty,41,f4f53b9d4e52,≤r13,1,13,r13 스냅샷
BTS,loyalty,42,746d0cef4b7c,≤r13,1,13,r13 스냅샷
BTS,loyalty,43,934cb6cd8109,≤r13,1,13,r13 스냅샷
BTS,loyalty,44,dfd73c2c76d0,≤r13,1,13,r13 스냅샷
BTS,loyalty,45,c177babbb4de,≤r13,1,13,r13 스냅샷
BTS,loyalty,46,57024711d5f3,≤r13,1,13,r13 스냅샷
BTS,loyalty,47,94094a13bb43,≤r13,1,13,r13 스냅샷
BTS,loyalty,48,230233469e04,≤r13,1,13,r13 스냅샷
BTS,loyalty,49,148da16d740e,≤r13,1,13,r13 스냅샷
BTS,loyalty,50,add9e166c276,≤r13,1,13,r13 스냅샷
BTS,loyalty,51,d6ee698e12e4,≤r13,1,13,r13 스냅샷
BTS,loyalty,52,ecf596714392,≤r13,1,13,r13 스냅샷
BTS,loyalty,53,5ad65971b578,r23∼r39,23,39,동결 근사 복원본
BTS,loyalty,54,49f1d115b057,r23∼r39,23,39,동결 근사 복원본
BTS,loyalty,55,3e684a566d3c,r23∼r39,23,39,동결 근사 복원본
BTS,loyalty,56,4926741c4e69,r23∼r39,23,39,동결 근사 복원본
BTS,loyalty,57,7b757054286c,r23∼r39,23,39,동결 근사 복원본
BTS,loyalty,58,843f619fa745,r23∼r39,23,39,동결 근사 복원본
BTS,loyalty,59,7dbea558ed3d,r23∼r39,23,39,동결 근사 복원본
BTS,loyalty,60,4a3161c13d20,r23∼r39,23,39,동결 근사 복원본
BTS,loyalty,61,253b339b9b0d,r23∼r39,23,39,동결 근사 복원본
BTS,loyalty,62,c6fc98627f27,r41∼r72,41,72,라이브 코퍼스(스냅샷 이후)
BTS,loyalty,63,9f9febd48e1e,r41∼r72,41,72,라이브 코퍼스(스냅샷 이후)
BTS,loyalty,64,21ec6bf65a8f,r41∼r72,41,72,라이브 코퍼스(스냅샷 이후)
BTS,loyalty,65,b8769c153252,r41∼r72,41,72,라이브 코퍼스(스냅샷 이후)
BTS,loyalty,66,638d32630889,r41∼r72,41,72,라이브 코퍼스(스냅샷 이후)
BTS,loyalty,67,24151a206957,r41∼r72,41,72,라이브 코퍼스(스냅샷 이후)
BTS,loyalty,68,b929715aab98,r41∼r72,41,72,라이브 코퍼스(스냅샷 이후)
BTS,loyalty,69,aaa7a0fb2cd5,r41∼r72,41,72,라이브 코퍼스(스냅샷 이후)
BTS,loyalty,70,1c670f643e44,r41∼r72,41,72,라이브 코퍼스(스냅샷 이후)
BTS,loyalty,71,65e1ad8d5c53,r41∼r72,41,72,라이브 코퍼스(스냅샷 이후)
BTS,loyalty,72,9732d1c10aa6,r41∼r72,41,72,라이브 코퍼스(스냅샷 이후)
BTS,loyalty,73,7a97f654691b,r41∼r72,41,72,라이브 코퍼스(스냅샷 이후)
BTS,spillover,0,25f93253d6bd,≤r13,1,13,r13 스냅샷
BTS,spillover,1,f8574619e12d,≤r13,1,13,r13 스냅샷
BTS,spillover,2,78ae7bb82df4,≤r13,1,13,r13 스냅샷
BTS,spillover,3,19c93afc50ab,≤r13,1,13,r13 스냅샷
BTS,spillover,4,27d4441da69a,≤r13,1,13,r13 스냅샷
BTS,spillover,5,284739723feb,≤r13,1,13,r13 스냅샷
BTS,spillover,6,6d0e36daedb2,≤r13,1,13,r13 스냅샷
BTS,spillover,7,ff3ca6f41e04,≤r13,1,13,r13 스냅샷
BTS,spillover,8,32d9e9c7ba97,≤r13,1,13,r13 스냅샷
BTS,spillover,9,02e4195fd683,≤r13,1,13,r13 스냅샷
BTS,spillover,10,f0e198524d10,≤r13,1,13,r13 스냅샷
BTS,spillover,11,6b26eb4ca560,≤r13,1,13,r13 스냅샷
BTS,spillover,12,7ee70dca5d60,≤r13,1,13,r13 스냅샷
BTS,spillover,13,1f691b9317fa,≤r13,1,13,r13 스냅샷
BTS,spillover,14,6423170e0deb,≤r13,1,13,r13 스냅샷
BTS,spillover,15,72ac71b0747e,≤r13,1,13,r13 스냅샷
BTS,spillover,16,e1d3c0860430,≤r13,1,13,r13 스냅샷
BTS,spillover,17,6ab8ade8b962,≤r13,1,13,r13 스냅샷
BTS,spillover,18,7079c199f201,≤r13,1,13,r13 스냅샷
BTS,spillover,19,62ec5fcb676a,≤r13,1,13,r13 스냅샷
BTS,spillover,20,e8c580dc0832,≤r13,1,13,r13 스냅샷
BTS,spillover,21,54bcaf943b3e,≤r13,1,13,r13 스냅샷
BTS,spillover,22,d486d2b5271a,≤r13,1,13,r13 스냅샷
BTS,spillover,23,2155caf9fa38,≤r13,1,13,r13 스냅샷
BTS,spillover,24,31a0967282cb,≤r13,1,13,r13 스냅샷
BTS,spillover,25,c7f46beb71a3,≤r13,1,13,r13 스냅샷
BTS,spillover,26,58001006146e,≤r13,1,13,r13 스냅샷
BTS,spillover,27,ba83caf9d166,≤r13,1,13,r13 스냅샷
BTS,spillover,28,2548a252af57,≤r13,1,13,r13 스냅샷
BTS,spillover,29,f85b1c73dcad,≤r13,1,13,r13 스냅샷
BTS,spillover,30,949647809d55,≤r13,1,13,r13 스냅샷
BTS,spillover,31,228252095e74,≤r13,1,13,r13 스냅샷
BTS,spillover,32,9a83d14e47d5,≤r13,1,13,r13 스냅샷
BTS,spillover,33,95d56074eed1,≤r13,1,13,r13 스냅샷
BTS,spillover,34,0da99ce68cb6,≤r13,1,13,r13 스냅샷
BTS,spillover,35,8d5eb9d09cb1,≤r13,1,13,r13 스냅샷
BTS,spillover,36,ceef5efa5b39,≤r13,1,13,r13 스냅샷
BTS,spillover,37,1d097de76f9b,≤r13,1,13,r13 스냅샷
BTS,spillover,38,63ed21d673be,≤r13,1,13,r13 스냅샷
BTS,spillover,39,a2d7811b1cf0,≤r13,1,13,r13 스냅샷
BTS,spillover,40,9ae725d39f0f,≤r13,1,13,r13 스냅샷
BTS,spillover,41,64c86432439e,≤r13,1,13,r13 스냅샷
BTS,spillover,42,9ae4e4893df4,≤r13,1,13,r13 스냅샷
BTS,spillover,43,8bcab80cd800,≤r13,1,13,r13 스냅샷
BTS,spillover,44,b3c9608d16d1,≤r13,1,13,r13 스냅샷
BTS,spillover,45,8c06c2356ed1,≤r13,1,13,r13 스냅샷
BTS,spillover,46,9a3fa5594b86,≤r13,1,13,r13 스냅샷
BTS,spillover,47,c5e25140debe,≤r13,1,13,r13 스냅샷
BTS,spillover,48,4f42cb5e0bb6,≤r13,1,13,r13 스냅샷
BTS,spillover,49,fc6c3e542bed,≤r13,1,13,r13 스냅샷
BTS,spillover,50,d57e0070e69e,≤r13,1,13,r13 스냅샷
BTS,spillover,51,b6b2cc74d2bb,≤r13,1,13,r13 스냅샷
BTS,spillover,52,8dc36f638dc4,≤r13,1,13,r13 스냅샷
BTS,spillover,53,da0f4094f88d,≤r13,1,13,r13 스냅샷
BTS,spillover,54,86f5db9c2491,≤r13,1,13,r13 스냅샷
BTS,spillover,55,70d24eda2bef,≤r13,1,13,r13 스냅샷
BTS,spillover,56,9525c63aff8e,≤r13,1,13,r13 스냅샷
BTS,spillover,57,90b4b94af67b,≤r13,1,13,r13 스냅샷
BTS,spillover,58,3f67e8b77467,≤r13,1,13,r13 스냅샷
BTS,spillover,59,143c0ee81d31,≤r13,1,13,r13 스냅샷
BTS,spillover,60,16e243010f9a,≤r13,1,13,r13 스냅샷
BTS,spillover,61,f3c5bec06f15,≤r13,1,13,r13 스냅샷
BTS,spillover,62,da7c4798bbc4,≤r13,1,13,r13 스냅샷
BTS,spillover,63,c1a4bc962e56,≤r13,1,13,r13 스냅샷
BTS,spillover,64,901eb1612290,≤r13,1,13,r13 스냅샷
BTS,spillover,65,599eb1c52461,≤r13,1,13,r13 스냅샷
BTS,spillover,66,c415885cd921,≤r13,1,13,r13 스냅샷
BTS,spillover,67,17a64132d97a,≤r13,1,13,r13 스냅샷
BTS,spillover,68,ba84b3360e85,≤r13,1,13,r13 스냅샷
BTS,spillover,69,e0e46aa647aa,≤r13,1,13,r13 스냅샷
BTS,spillover,70,4ce07229152b,≤r13,1,13,r13 스냅샷
BTS,spillover,71,f23eec69dd12,r14∼r22,14,22,r22 백업
BTS,spillover,72,570975067dd4,r23∼r39,23,39,동결 근사 복원본
BTS,spillover,73,5aca32c4ac6d,r23∼r39,23,39,동결 근사 복원본
BTS,spillover,74,3508d373f1dd,r23∼r39,23,39,동결 근사 복원본
BTS,spillover,75,2f304524395f,r23∼r39,23,39,동결 근사 복원본
BTS,spillover,76,154f75910330,r23∼r39,23,39,동결 근사 복원본
BTS,spillover,77,ffb63f6096c3,r23∼r39,23,39,동결 근사 복원본
BTS,spillover,78,fab9d760cf0a,r23∼r39,23,39,동결 근사 복원본
BTS,spillover,79,210eead7570f,r23∼r39,23,39,동결 근사 복원본
BTS,spillover,80,7addc8d0d7e4,r23∼r39,23,39,동결 근사 복원본
BTS,spillover,81,868aba967912,r23∼r39,23,39,동결 근사 복원본
BTS,spillover,82,2734d01f3801,r23∼r39,23,39,동결 근사 복원본
BTS,spillover,83,c499842aa3af,r23∼r39,23,39,동결 근사 복원본
BTS,spillover,84,cb78b84fd917,r23∼r39,23,39,동결 근사 복원본
BTS,spillover,85,1fb424f819b4,r23∼r39,23,39,동결 근사 복원본
BTS,spillover,86,b2421797a535,r23∼r39,23,39,동결 근사 복원본
BTS,spillover,87,f095dc2f9fd8,r23∼r39,23,39,동결 근사 복원본
BTS,spillover,88,45449f568017,r23∼r39,23,39,동결 근사 복원본
BTS,spillover,89,5ee49495f23c,r23∼r39,23,39,동결 근사 복원본
BTS,spillover,90,0790595c5518,r23∼r39,23,39,동결 근사 복원본
BTS,spillover,91,32e15c77243e,r23∼r39,23,39,동결 근사 복원본
BTS,spillover,92,3e8450b8c975,r23∼r39,23,39,동결 근사 복원본
BTS,spillover,93,8fa8b260a86e,r23∼r39,23,39,동결 근사 복원본
BTS,spillover,94,9a40de78a4dc,r23∼r39,23,39,동결 근사 복원본
BTS,spillover,95,d1a6cea7a798,r23∼r39,23,39,동결 근사 복원본
BTS,spillover,96,4ec0ab63ff7c,r23∼r39,23,39,동결 근사 복원본
BTS,spillover,97,7be538b5b0e7,r23∼r39,23,39,동결 근사 복원본
BTS,spillover,98,a45c01622796,r23∼r39,23,39,동결 근사 복원본
BTS,spillover,99,2d84fff35c9a,r23∼r39,23,39,동결 근사 복원본
BTS,spillover,100,3224361670b4,r23∼r39,23,39,동결 근사 복원본
BTS,spillover,101,d769671dd194,r23∼r39,23,39,동결 근사 복원본
BTS,spillover,102,bc3a8a0491c8,r23∼r39,23,39,동결 근사 복원본
BTS,spillover,103,a602cf104b95,r23∼r39,23,39,동결 근사 복원본
BTS,spillover,104,9a232f4e7fb3,r23∼r39,23,39,동결 근사 복원본
BTS,spillover,105,2ccf7fb7c2d4,r23∼r39,23,39,동결 근사 복원본
BTS,spillover,106,908b5baa0a79,r23∼r39,23,39,동결 근사 복원본
BTS,spillover,107,444d6713ea9e,r23∼r39,23,39,동결 근사 복원본
BTS,spillover,108,5b6f5b432e32,r41∼r72,41,72,라이브 코퍼스(스냅샷 이후)
BTS,spillover,109,f025c41b770f,r41∼r72,41,72,라이브 코퍼스(스냅샷 이후)
BTS,spillover,110,66d7f617b08c,r41∼r72,41,72,라이브 코퍼스(스냅샷 이후)
BTS,spillover,111,92bb03c33d24,r41∼r72,41,72,라이브 코퍼스(스냅샷 이후)
BTS,spillover,112,753499711c29,r41∼r72,41,72,라이브 코퍼스(스냅샷 이후)
BTS,spillover,113,77d47073cfff,r41∼r72,41,72,라이브 코퍼스(스냅샷 이후)
BTS,spillover,114,841acffdeec4,r41∼r72,41,72,라이브 코퍼스(스냅샷 이후)
BTS,spillover,115,5d32445a088c,r41∼r72,41,72,라이브 코퍼스(스냅샷 이후)
BTS,spillover,116,00ffe30a9bc5,r41∼r72,41,72,라이브 코퍼스(스냅샷 이후)
BTS,spillover,117,dc74aa14d442,r41∼r72,41,72,라이브 코퍼스(스냅샷 이후)
BTS,spillover,118,17ccfd20440c,r41∼r72,41,72,라이브 코퍼스(스냅샷 이후)
BTS,spillover,119,8e92e38c302e,r41∼r72,41,72,라이브 코퍼스(스냅샷 이후)
BTS,spillover,120,21225efba411,r41∼r72,41,72,라이브 코퍼스(스냅샷 이후)
BTS,spillover,121,40e17f7fa300,r41∼r72,41,72,라이브 코퍼스(스냅샷 이후)
BTS,spillover,122,d77f864c05ad,r41∼r72,41,72,라이브 코퍼스(스냅샷 이후)
BTS,spillover,123,5f27f7fba1e0,r41∼r72,41,72,라이브 코퍼스(스냅샷 이후)
BTS,spillover,124,cc7e93088162,r41∼r72,41,72,라이브 코퍼스(스냅샷 이후)
BTS,spillover,125,57b03b5e5b0c,r41∼r72,41,72,라이브 코퍼스(스냅샷 이후)
BTS,spillover,126,7ad39fe5a03b,r41∼r72,41,72,라이브 코퍼스(스냅샷 이후)
BTS,spillover,127,a917765c5153,r41∼r72,41,72,라이브 코퍼스(스냅샷 이후)
BTS,spillover,128,b8bd7a829243,r41∼r72,41,72,라이브 코퍼스(스냅샷 이후)
BTS,spillover,129,46e35c273155,r41∼r72,41,72,라이브 코퍼스(스냅샷 이후)
BTS,spillover,130,f23a420400d1,r41∼r72,41,72,라이브 코퍼스(스냅샷 이후)
BTS,spillover,131,73bebc551735,r41∼r72,41,72,라이브 코퍼스(스냅샷 이후)
BTS,spillover,132,c62aa21f743d,r41∼r72,41,72,라이브 코퍼스(스냅샷 이후)
BTS,spillover,133,4bb57891c91b,r41∼r72,41,72,라이브 코퍼스(스냅샷 이후)
BTS,spillover,134,62b714a5b9b9,r41∼r72,41,72,라이브 코퍼스(스냅샷 이후)
BTS,spillover,135,381f95235048,r41∼r72,41,72,라이브 코퍼스(스냅샷 이후)
BTS,spillover,136,95af1395eacc,r41∼r72,41,72,라이브 코퍼스(스냅샷 이후)
BTS,spillover,137,96d3671c6a20,r41∼r72,41,72,라이브 코퍼스(스냅샷 이후)
BTS,spillover,138,9a96c3e128c3,r41∼r72,41,72,라이브 코퍼스(스냅샷 이후)
BTS,spillover,139,8bc6377c7d47,r41∼r72,41,72,라이브 코퍼스(스냅샷 이후)
BTS,spillover,140,b0d36bf51232,r41∼r72,41,72,라이브 코퍼스(스냅샷 이후)
BTS,spillover,141,dd27084228c7,r41∼r72,41,72,라이브 코퍼스(스냅샷 이후)
BTS,spillover,142,34901b2fea77,r41∼r72,41,72,라이브 코퍼스(스냅샷 이후)
BTS,spillover,143,8335eccc5ec1,r41∼r72,41,72,라이브 코퍼스(스냅샷 이후)
BTS,spillover,144,a7edd28740f9,r41∼r72,41,72,라이브 코퍼스(스냅샷 이후)
BTS,spillover,145,0878ea1fba58,r41∼r72,41,72,라이브 코퍼스(스냅샷 이후)
BTS,spillover,146,1aef015c99d6,r41∼r72,41,72,라이브 코퍼스(스냅샷 이후)
BTS,spillover,147,16c6df9bb363,r41∼r72,41,72,라이브 코퍼스(스냅샷 이후)
BTS,spillover,148,1383ec49b87f,r41∼r72,41,72,라이브 코퍼스(스냅샷 이후)
BTS,spillover,149,9ee3a5c3549e,r41∼r72,41,72,라이브 코퍼스(스냅샷 이후)
BTS,spillover,150,f44180f911b9,r41∼r72,41,72,라이브 코퍼스(스냅샷 이후)
BTS,spillover,151,d14ddfe5a04e,r41∼r72,41,72,라이브 코퍼스(스냅샷 이후)
BTS,spillover,152,eef53a70b448,r41∼r72,41,72,라이브 코퍼스(스냅샷 이후)
SEVENTEEN,loyalty,0,a7631e92889d,≤r13,1,13,r13 스냅샷
SEVENTEEN,loyalty,1,9a0ee29a9aa3,≤r13,1,13,r13 스냅샷
SEVENTEEN,loyalty,2,a2f514ee149d,≤r13,1,13,r13 스냅샷
SEVENTEEN,loyalty,3,812f4de9b383,≤r13,1,13,r13 스냅샷
SEVENTEEN,loyalty,4,cddbec652f38,≤r13,1,13,r13 스냅샷
SEVENTEEN,loyalty,5,a983fa309fca,≤r13,1,13,r13 스냅샷
SEVENTEEN,loyalty,6,f5c10252935b,≤r13,1,13,r13 스냅샷
SEVENTEEN,loyalty,7,94a6326defd2,≤r13,1,13,r13 스냅샷
SEVENTEEN,loyalty,8,41de18aac018,≤r13,1,13,r13 스냅샷
SEVENTEEN,loyalty,9,f1e5559ded79,≤r13,1,13,r13 스냅샷
SEVENTEEN,loyalty,10,6c0a3c030859,≤r13,1,13,r13 스냅샷
SEVENTEEN,loyalty,11,24add495318f,≤r13,1,13,r13 스냅샷
SEVENTEEN,loyalty,12,5d1183a0cb78,≤r13,1,13,r13 스냅샷
SEVENTEEN,loyalty,13,bff8dafd9421,≤r13,1,13,r13 스냅샷
SEVENTEEN,loyalty,14,90c06da2dfc2,≤r13,1,13,r13 스냅샷
SEVENTEEN,loyalty,15,5ca9844933be,≤r13,1,13,r13 스냅샷
SEVENTEEN,loyalty,16,f09b4d034f52,≤r13,1,13,r13 스냅샷
SEVENTEEN,loyalty,17,ebcc0f1b8232,≤r13,1,13,r13 스냅샷
SEVENTEEN,loyalty,18,3f87868bff9e,≤r13,1,13,r13 스냅샷
SEVENTEEN,loyalty,19,90358a6a746e,≤r13,1,13,r13 스냅샷
SEVENTEEN,loyalty,20,a28412291687,≤r13,1,13,r13 스냅샷
SEVENTEEN,loyalty,21,81b34f279f78,≤r13,1,13,r13 스냅샷
SEVENTEEN,loyalty,22,61ae7f986bf1,≤r13,1,13,r13 스냅샷
SEVENTEEN,loyalty,23,a0b6eed4e070,≤r13,1,13,r13 스냅샷
SEVENTEEN,loyalty,24,38ae45033f31,≤r13,1,13,r13 스냅샷
SEVENTEEN,loyalty,25,87a57140786d,≤r13,1,13,r13 스냅샷
SEVENTEEN,loyalty,26,585a57f772b2,≤r13,1,13,r13 스냅샷
SEVENTEEN,loyalty,27,ff6fad0d5af9,≤r13,1,13,r13 스냅샷
SEVENTEEN,loyalty,28,2240ba20fb3d,≤r13,1,13,r13 스냅샷
SEVENTEEN,loyalty,29,d91ac46eb525,≤r13,1,13,r13 스냅샷
SEVENTEEN,loyalty,30,8fd2b9ec8fc0,≤r13,1,13,r13 스냅샷
SEVENTEEN,loyalty,31,f05f67b04b4c,≤r13,1,13,r13 스냅샷
SEVENTEEN,loyalty,32,7fd8456d69a5,≤r13,1,13,r13 스냅샷
SEVENTEEN,loyalty,33,66359c9f7e6d,≤r13,1,13,r13 스냅샷
SEVENTEEN,loyalty,34,443181d8b8a4,≤r13,1,13,r13 스냅샷
SEVENTEEN,loyalty,35,4e2196d3bc84,≤r13,1,13,r13 스냅샷
SEVENTEEN,loyalty,36,a368b6e37fe0,≤r13,1,13,r13 스냅샷
SEVENTEEN,loyalty,37,955dc7528ea6,≤r13,1,13,r13 스냅샷
SEVENTEEN,loyalty,38,4383b377985b,≤r13,1,13,r13 스냅샷
SEVENTEEN,loyalty,39,6c2e470cf13e,≤r13,1,13,r13 스냅샷
SEVENTEEN,loyalty,40,87810eef6496,≤r13,1,13,r13 스냅샷
SEVENTEEN,loyalty,41,7fb0e74a4c47,≤r13,1,13,r13 스냅샷
SEVENTEEN,loyalty,42,5a743a47047a,≤r13,1,13,r13 스냅샷
SEVENTEEN,loyalty,43,706640787d51,≤r13,1,13,r13 스냅샷
SEVENTEEN,loyalty,44,80e5d94e3dbf,≤r13,1,13,r13 스냅샷
SEVENTEEN,loyalty,45,e0741ac4348d,≤r13,1,13,r13 스냅샷
SEVENTEEN,loyalty,46,c4ee97f3a458,≤r13,1,13,r13 스냅샷
SEVENTEEN,loyalty,47,6680bc1bf757,≤r13,1,13,r13 스냅샷
SEVENTEEN,loyalty,48,088c97ae8921,≤r13,1,13,r13 스냅샷
SEVENTEEN,loyalty,49,994e0f9671c4,≤r13,1,13,r13 스냅샷
SEVENTEEN,loyalty,50,21f32776b132,≤r13,1,13,r13 스냅샷
SEVENTEEN,loyalty,51,bdfe38cd98a9,≤r13,1,13,r13 스냅샷
SEVENTEEN,loyalty,52,188fb986234a,≤r13,1,13,r13 스냅샷
SEVENTEEN,loyalty,53,c99b46a8bb5e,≤r13,1,13,r13 스냅샷
SEVENTEEN,loyalty,54,c81de61d6788,≤r13,1,13,r13 스냅샷
SEVENTEEN,loyalty,55,8f4521cff1ac,≤r13,1,13,r13 스냅샷
SEVENTEEN,loyalty,56,e25a3f66cc5f,≤r13,1,13,r13 스냅샷
SEVENTEEN,loyalty,57,a0932dcc18d1,≤r13,1,13,r13 스냅샷
SEVENTEEN,loyalty,58,fc676d71e9c2,≤r13,1,13,r13 스냅샷
SEVENTEEN,loyalty,59,599a827e636b,≤r13,1,13,r13 스냅샷
SEVENTEEN,loyalty,60,19e5705e4877,≤r13,1,13,r13 스냅샷
SEVENTEEN,loyalty,61,db851f9a1226,r23∼r39,23,39,동결 근사 복원본
SEVENTEEN,loyalty,62,b84a962f1e3d,r23∼r39,23,39,동결 근사 복원본
SEVENTEEN,loyalty,63,93f00739254e,r23∼r39,23,39,동결 근사 복원본
SEVENTEEN,loyalty,64,e7bf93d0596c,r23∼r39,23,39,동결 근사 복원본
SEVENTEEN,loyalty,65,a02e0a7bdd10,r23∼r39,23,39,동결 근사 복원본
SEVENTEEN,loyalty,66,5374b89b07a1,r41∼r72,41,72,라이브 코퍼스(스냅샷 이후)
SEVENTEEN,loyalty,67,199a30316a16,r41∼r72,41,72,라이브 코퍼스(스냅샷 이후)
SEVENTEEN,loyalty,68,0d857c192d64,r41∼r72,41,72,라이브 코퍼스(스냅샷 이후)
SEVENTEEN,loyalty,69,51ddd93e13fc,r41∼r72,41,72,라이브 코퍼스(스냅샷 이후)
SEVENTEEN,loyalty,70,974097886836,r41∼r72,41,72,라이브 코퍼스(스냅샷 이후)
SEVENTEEN,spillover,0,693bd7667861,≤r13,1,13,r13 스냅샷
SEVENTEEN,spillover,1,2f479dbaf610,≤r13,1,13,r13 스냅샷
SEVENTEEN,spillover,2,34da3f923b50,≤r13,1,13,r13 스냅샷
SEVENTEEN,spillover,3,5755a4fa4895,≤r13,1,13,r13 스냅샷
SEVENTEEN,spillover,4,96eff6e9554b,≤r13,1,13,r13 스냅샷
SEVENTEEN,spillover,5,8018f1f4d7a3,≤r13,1,13,r13 스냅샷
SEVENTEEN,spillover,6,a8221b40e675,≤r13,1,13,r13 스냅샷
SEVENTEEN,spillover,7,a3c5808a1547,≤r13,1,13,r13 스냅샷
SEVENTEEN,spillover,8,abe0f7c59d3e,≤r13,1,13,r13 스냅샷
SEVENTEEN,spillover,9,9c693a9ed2c3,≤r13,1,13,r13 스냅샷
SEVENTEEN,spillover,10,7e751a25bdc2,≤r13,1,13,r13 스냅샷
SEVENTEEN,spillover,11,6ef70d185690,≤r13,1,13,r13 스냅샷
SEVENTEEN,spillover,12,391268f8b5e9,≤r13,1,13,r13 스냅샷
SEVENTEEN,spillover,13,5a9c8f483e19,≤r13,1,13,r13 스냅샷
SEVENTEEN,spillover,14,224db1af1894,≤r13,1,13,r13 스냅샷
SEVENTEEN,spillover,15,edb345833be5,≤r13,1,13,r13 스냅샷
SEVENTEEN,spillover,16,f3cad9c7893b,≤r13,1,13,r13 스냅샷
SEVENTEEN,spillover,17,d3fe1e932f3d,≤r13,1,13,r13 스냅샷
SEVENTEEN,spillover,18,f07d96b78bea,≤r13,1,13,r13 스냅샷
SEVENTEEN,spillover,19,27c8a6d24ef9,≤r13,1,13,r13 스냅샷
SEVENTEEN,spillover,20,cb993c4c9a7d,≤r13,1,13,r13 스냅샷
SEVENTEEN,spillover,21,f2bbdaaefa57,≤r13,1,13,r13 스냅샷
SEVENTEEN,spillover,22,49c5aea45d6e,≤r13,1,13,r13 스냅샷
SEVENTEEN,spillover,23,62e976052292,≤r13,1,13,r13 스냅샷
SEVENTEEN,spillover,24,6be4ba09b1eb,≤r13,1,13,r13 스냅샷
SEVENTEEN,spillover,25,b65c70795dee,≤r13,1,13,r13 스냅샷
SEVENTEEN,spillover,26,5f8531939843,≤r13,1,13,r13 스냅샷
SEVENTEEN,spillover,27,94e924680fc3,≤r13,1,13,r13 스냅샷
SEVENTEEN,spillover,28,cb050e214a2d,≤r13,1,13,r13 스냅샷
SEVENTEEN,spillover,29,fe68424353e8,≤r13,1,13,r13 스냅샷
SEVENTEEN,spillover,30,1cf857a7ab3e,≤r13,1,13,r13 스냅샷
SEVENTEEN,spillover,31,9558a69e5a57,≤r13,1,13,r13 스냅샷
SEVENTEEN,spillover,32,f7cbdbcd0f1c,≤r13,1,13,r13 스냅샷
SEVENTEEN,spillover,33,b9da44f062ba,≤r13,1,13,r13 스냅샷
SEVENTEEN,spillover,34,85e073c07131,≤r13,1,13,r13 스냅샷
SEVENTEEN,spillover,35,f30cba61ed19,≤r13,1,13,r13 스냅샷
SEVENTEEN,spillover,36,ef55dc378aba,≤r13,1,13,r13 스냅샷
SEVENTEEN,spillover,37,0ea0dd8a3117,≤r13,1,13,r13 스냅샷
SEVENTEEN,spillover,38,aa5c9695aac5,≤r13,1,13,r13 스냅샷
SEVENTEEN,spillover,39,cc0b07fe3e2d,≤r13,1,13,r13 스냅샷
SEVENTEEN,spillover,40,e167cc071c9e,≤r13,1,13,r13 스냅샷
SEVENTEEN,spillover,41,13fec902b1ef,≤r13,1,13,r13 스냅샷
SEVENTEEN,spillover,42,2cfb3789d369,≤r13,1,13,r13 스냅샷
SEVENTEEN,spillover,43,d5a426764c0d,≤r13,1,13,r13 스냅샷
SEVENTEEN,spillover,44,fff5db7af47b,≤r13,1,13,r13 스냅샷
SEVENTEEN,spillover,45,11af930ad90d,≤r13,1,13,r13 스냅샷
SEVENTEEN,spillover,46,88c21ba6d75b,≤r13,1,13,r13 스냅샷
SEVENTEEN,spillover,47,f0d322e8372d,≤r13,1,13,r13 스냅샷
SEVENTEEN,spillover,48,b4f00a25722a,≤r13,1,13,r13 스냅샷
SEVENTEEN,spillover,49,48a53d331d5c,≤r13,1,13,r13 스냅샷
SEVENTEEN,spillover,50,72b170b36f4e,≤r13,1,13,r13 스냅샷
SEVENTEEN,spillover,51,de5291d8147a,≤r13,1,13,r13 스냅샷
SEVENTEEN,spillover,52,bae2d5754447,r23∼r39,23,39,동결 근사 복원본
SEVENTEEN,spillover,53,7931e635849b,r23∼r39,23,39,동결 근사 복원본
SEVENTEEN,spillover,54,b66c9bdf6774,r23∼r39,23,39,동결 근사 복원본
SEVENTEEN,spillover,55,f9f4b6b0dfdc,r23∼r39,23,39,동결 근사 복원본
SEVENTEEN,spillover,56,cc4b0b786452,r23∼r39,23,39,동결 근사 복원본
SEVENTEEN,spillover,57,4d19f54d3f99,r23∼r39,23,39,동결 근사 복원본
SEVENTEEN,spillover,58,3ea37d1ed325,r23∼r39,23,39,동결 근사 복원본
SEVENTEEN,spillover,59,5b26778391e3,r23∼r39,23,39,동결 근사 복원본
SEVENTEEN,spillover,60,ba8ccb039199,r23∼r39,23,39,동결 근사 복원본
SEVENTEEN,spillover,61,dc91e1717bee,r23∼r39,23,39,동결 근사 복원본
SEVENTEEN,spillover,62,25372ed2fcca,r23∼r39,23,39,동결 근사 복원본
SEVENTEEN,spillover,63,afd88e842d06,r23∼r39,23,39,동결 근사 복원본
SEVENTEEN,spillover,64,e98f467b1007,r41∼r72,41,72,라이브 코퍼스(스냅샷 이후)
SEVENTEEN,spillover,65,1c620df9362f,r41∼r72,41,72,라이브 코퍼스(스냅샷 이후)
SEVENTEEN,spillover,66,d821b1cccb86,r41∼r72,41,72,라이브 코퍼스(스냅샷 이후)
SEVENTEEN,spillover,67,54019105d3bf,r41∼r72,41,72,라이브 코퍼스(스냅샷 이후)
SEVENTEEN,spillover,68,1e53846b03cc,r41∼r72,41,72,라이브 코퍼스(스냅샷 이후)
SEVENTEEN,spillover,69,cc71420ad552,r41∼r72,41,72,라이브 코퍼스(스냅샷 이후)
SEVENTEEN,spillover,70,1e8bcfd0b29f,r41∼r72,41,72,라이브 코퍼스(스냅샷 이후)
SEVENTEEN,spillover,71,e6fdf0a9ebe6,r41∼r72,41,72,라이브 코퍼스(스냅샷 이후)
SEVENTEEN,spillover,72,218b6ffbd89f,r41∼r72,41,72,라이브 코퍼스(스냅샷 이후)
SEVENTEEN,spillover,73,1c5cdba78572,r41∼r72,41,72,라이브 코퍼스(스냅샷 이후)
SEVENTEEN,spillover,74,c846358bc4b5,r41∼r72,41,72,라이브 코퍼스(스냅샷 이후)
SEVENTEEN,spillover,75,e873c4c0decf,r41∼r72,41,72,라이브 코퍼스(스냅샷 이후)
SEVENTEEN,spillover,76,9660a829641f,r41∼r72,41,72,라이브 코퍼스(스냅샷 이후)
SEVENTEEN,spillover,77,0facd5ee8eae,r41∼r72,41,72,라이브 코퍼스(스냅샷 이후)
SEVENTEEN,spillover,78,c4458614f8d9,r41∼r72,41,72,라이브 코퍼스(스냅샷 이후)
SEVENTEEN,spillover,79,3a5a23d1a489,r41∼r72,41,72,라이브 코퍼스(스냅샷 이후)
SEVENTEEN,spillover,80,3d15b76615e5,r41∼r72,41,72,라이브 코퍼스(스냅샷 이후)
SEVENTEEN,spillover,81,f87362719e9a,r41∼r72,41,72,라이브 코퍼스(스냅샷 이후)
SEVENTEEN,spillover,82,7e548c2219c9,r41∼r72,41,72,라이브 코퍼스(스냅샷 이후)
SEVENTEEN,spillover,83,de90385f450d,r41∼r72,41,72,라이브 코퍼스(스냅샷 이후)
SEVENTEEN,spillover,84,3efbbb979aeb,r41∼r72,41,72,라이브 코퍼스(스냅샷 이후)
SEVENTEEN,spillover,85,082c5dfb94d5,r41∼r72,41,72,라이브 코퍼스(스냅샷 이후)
Stray Kids,loyalty,0,8f26c6281e30,≤r13,1,13,r13 스냅샷
Stray Kids,loyalty,1,548630c33f79,≤r13,1,13,r13 스냅샷
Stray Kids,loyalty,2,73708b1a8e42,≤r13,1,13,r13 스냅샷
Stray Kids,loyalty,3,83b3e51f3ad1,≤r13,1,13,r13 스냅샷
Stray Kids,loyalty,4,46ade77d7e29,≤r13,1,13,r13 스냅샷
Stray Kids,loyalty,5,e462bad0d8ca,≤r13,1,13,r13 스냅샷
Stray Kids,loyalty,6,fcec0fbb62ea,≤r13,1,13,r13 스냅샷
Stray Kids,loyalty,7,638b3b3eaa45,≤r13,1,13,r13 스냅샷
Stray Kids,loyalty,8,ca8a711f43ce,≤r13,1,13,r13 스냅샷
Stray Kids,loyalty,9,e56fec2ecf83,≤r13,1,13,r13 스냅샷
Stray Kids,loyalty,10,fd0e5e26a010,≤r13,1,13,r13 스냅샷
Stray Kids,loyalty,11,23717ffe69ee,≤r13,1,13,r13 스냅샷
Stray Kids,loyalty,12,fb1343f4bcc0,≤r13,1,13,r13 스냅샷
Stray Kids,loyalty,13,bb57bcf90278,≤r13,1,13,r13 스냅샷
Stray Kids,loyalty,14,e78c69c56242,≤r13,1,13,r13 스냅샷
Stray Kids,loyalty,15,456d2ecefc86,≤r13,1,13,r13 스냅샷
Stray Kids,loyalty,16,258a92e96324,≤r13,1,13,r13 스냅샷
Stray Kids,loyalty,17,463b9d7eb759,≤r13,1,13,r13 스냅샷
Stray Kids,loyalty,18,05a4f7fde7ac,≤r13,1,13,r13 스냅샷
Stray Kids,loyalty,19,3c8e409caaca,≤r13,1,13,r13 스냅샷
Stray Kids,loyalty,20,d68631c1cb95,≤r13,1,13,r13 스냅샷
Stray Kids,loyalty,21,f98fd4827ec4,≤r13,1,13,r13 스냅샷
Stray Kids,loyalty,22,4c10b97c8c05,≤r13,1,13,r13 스냅샷
Stray Kids,loyalty,23,49bf2f1ccc58,≤r13,1,13,r13 스냅샷
Stray Kids,loyalty,24,036ca36eb2ee,≤r13,1,13,r13 스냅샷
Stray Kids,loyalty,25,ff5c45e2a8e9,≤r13,1,13,r13 스냅샷
Stray Kids,loyalty,26,ae20bbc50ae5,≤r13,1,13,r13 스냅샷
Stray Kids,loyalty,27,356fab618ab3,≤r13,1,13,r13 스냅샷
Stray Kids,loyalty,28,698762e695a8,≤r13,1,13,r13 스냅샷
Stray Kids,loyalty,29,9d31b1fbd808,≤r13,1,13,r13 스냅샷
Stray Kids,loyalty,30,6a7e25d2de38,≤r13,1,13,r13 스냅샷
Stray Kids,loyalty,31,3ea2358cace6,≤r13,1,13,r13 스냅샷
Stray Kids,loyalty,32,63a8b3d3978e,≤r13,1,13,r13 스냅샷
Stray Kids,loyalty,33,a7774aeba897,≤r13,1,13,r13 스냅샷
Stray Kids,loyalty,34,953a6654fed4,≤r13,1,13,r13 스냅샷
Stray Kids,loyalty,35,4c7d6501b4dd,≤r13,1,13,r13 스냅샷
Stray Kids,loyalty,36,18f0f164ded3,≤r13,1,13,r13 스냅샷
Stray Kids,loyalty,37,77e2c90ecad0,≤r13,1,13,r13 스냅샷
Stray Kids,loyalty,38,3369a3f5bbfb,≤r13,1,13,r13 스냅샷
Stray Kids,loyalty,39,1e845d336c9f,≤r13,1,13,r13 스냅샷
Stray Kids,loyalty,40,40c4410b56fd,≤r13,1,13,r13 스냅샷
Stray Kids,loyalty,41,c28cb0bdb134,≤r13,1,13,r13 스냅샷
Stray Kids,loyalty,42,e4e355262e36,≤r13,1,13,r13 스냅샷
Stray Kids,loyalty,43,30f2862c1eb6,≤r13,1,13,r13 스냅샷
Stray Kids,loyalty,44,1d4a829c12be,≤r13,1,13,r13 스냅샷
Stray Kids,loyalty,45,37e9df329812,≤r13,1,13,r13 스냅샷
Stray Kids,loyalty,46,64375ab81536,r23∼r39,23,39,동결 근사 복원본
Stray Kids,loyalty,47,f6256a82acd0,r23∼r39,23,39,동결 근사 복원본
Stray Kids,loyalty,48,5c0bc956a721,r23∼r39,23,39,동결 근사 복원본
Stray Kids,loyalty,49,4451e69dc53b,r23∼r39,23,39,동결 근사 복원본
Stray Kids,loyalty,50,74772bc0c079,r23∼r39,23,39,동결 근사 복원본
Stray Kids,loyalty,51,1dad9b91e6b8,r23∼r39,23,39,동결 근사 복원본
Stray Kids,loyalty,52,a4bbfa549a24,r23∼r39,23,39,동결 근사 복원본
Stray Kids,loyalty,53,040099fd4875,r41∼r72,41,72,라이브 코퍼스(스냅샷 이후)
Stray Kids,loyalty,54,485fd67995ce,r41∼r72,41,72,라이브 코퍼스(스냅샷 이후)
Stray Kids,loyalty,55,b651b2af6372,r41∼r72,41,72,라이브 코퍼스(스냅샷 이후)
Stray Kids,loyalty,56,af50cad4efe0,r41∼r72,41,72,라이브 코퍼스(스냅샷 이후)
Stray Kids,loyalty,57,be91c819da3e,r41∼r72,41,72,라이브 코퍼스(스냅샷 이후)
Stray Kids,spillover,0,945773c6f68e,≤r13,1,13,r13 스냅샷
Stray Kids,spillover,1,6a5d4d26a1ef,≤r13,1,13,r13 스냅샷
Stray Kids,spillover,2,ddc8f0bbdb90,≤r13,1,13,r13 스냅샷
Stray Kids,spillover,3,0fd574c91f51,≤r13,1,13,r13 스냅샷
Stray Kids,spillover,4,0d0a91be68f8,≤r13,1,13,r13 스냅샷
Stray Kids,spillover,5,169ae5c23f33,≤r13,1,13,r13 스냅샷
Stray Kids,spillover,6,74d50ff79509,≤r13,1,13,r13 스냅샷
Stray Kids,spillover,7,6c2b368a9b8b,≤r13,1,13,r13 스냅샷
Stray Kids,spillover,8,f1a05fad851e,≤r13,1,13,r13 스냅샷
Stray Kids,spillover,9,6e8b3bdb33cb,≤r13,1,13,r13 스냅샷
Stray Kids,spillover,10,9e057e6be94e,≤r13,1,13,r13 스냅샷
Stray Kids,spillover,11,c35180ff9762,≤r13,1,13,r13 스냅샷
Stray Kids,spillover,12,5ca14f14b747,≤r13,1,13,r13 스냅샷
Stray Kids,spillover,13,1259eabbf0af,≤r13,1,13,r13 스냅샷
Stray Kids,spillover,14,edc7b832a1e4,≤r13,1,13,r13 스냅샷
Stray Kids,spillover,15,fb846b18ae3b,≤r13,1,13,r13 스냅샷
Stray Kids,spillover,16,d338ac51d88a,≤r13,1,13,r13 스냅샷
Stray Kids,spillover,17,8452ed672a23,≤r13,1,13,r13 스냅샷
Stray Kids,spillover,18,913a7907ea2c,≤r13,1,13,r13 스냅샷
Stray Kids,spillover,19,b08f9cf173c6,≤r13,1,13,r13 스냅샷
Stray Kids,spillover,20,f8e9ac1a8562,≤r13,1,13,r13 스냅샷
Stray Kids,spillover,21,f3a727df6d69,≤r13,1,13,r13 스냅샷
Stray Kids,spillover,22,352d596e6317,≤r13,1,13,r13 스냅샷
Stray Kids,spillover,23,77086aa7a290,≤r13,1,13,r13 스냅샷
Stray Kids,spillover,24,f5d9640d5506,≤r13,1,13,r13 스냅샷
Stray Kids,spillover,25,9eb2f04a6ebc,≤r13,1,13,r13 스냅샷
Stray Kids,spillover,26,80ac46f43d05,≤r13,1,13,r13 스냅샷
Stray Kids,spillover,27,b8ea0dfa4a0f,≤r13,1,13,r13 스냅샷
Stray Kids,spillover,28,5b07dd90afcc,≤r13,1,13,r13 스냅샷
Stray Kids,spillover,29,a43fa1272b5a,≤r13,1,13,r13 스냅샷
Stray Kids,spillover,30,98aef7f29ee6,≤r13,1,13,r13 스냅샷
Stray Kids,spillover,31,6a5c43389ae2,≤r13,1,13,r13 스냅샷
Stray Kids,spillover,32,90ff49493826,≤r13,1,13,r13 스냅샷
Stray Kids,spillover,33,3dce10d409f6,≤r13,1,13,r13 스냅샷
Stray Kids,spillover,34,735545a9e947,≤r13,1,13,r13 스냅샷
Stray Kids,spillover,35,0cdc3e386f86,≤r13,1,13,r13 스냅샷
Stray Kids,spillover,36,4ab80f794e7d,≤r13,1,13,r13 스냅샷
Stray Kids,spillover,37,724a0c0a9c72,≤r13,1,13,r13 스냅샷
Stray Kids,spillover,38,3a0a6b7711a2,≤r13,1,13,r13 스냅샷
Stray Kids,spillover,39,ac3da48a0627,≤r13,1,13,r13 스냅샷
Stray Kids,spillover,40,bca161371bac,≤r13,1,13,r13 스냅샷
Stray Kids,spillover,41,920542a2e861,≤r13,1,13,r13 스냅샷
Stray Kids,spillover,42,632435cd2cf0,≤r13,1,13,r13 스냅샷
Stray Kids,spillover,43,88a1030cd824,≤r13,1,13,r13 스냅샷
Stray Kids,spillover,44,b40c87ece114,≤r13,1,13,r13 스냅샷
Stray Kids,spillover,45,5644c9579a7d,≤r13,1,13,r13 스냅샷
Stray Kids,spillover,46,d96bc1ff9ab3,≤r13,1,13,r13 스냅샷
Stray Kids,spillover,47,6ee570701d9d,≤r13,1,13,r13 스냅샷
Stray Kids,spillover,48,f8703f455855,≤r13,1,13,r13 스냅샷
Stray Kids,spillover,49,323e153c9edf,≤r13,1,13,r13 스냅샷
Stray Kids,spillover,50,784a9d46fdc4,≤r13,1,13,r13 스냅샷
Stray Kids,spillover,51,df9a0bcf4612,≤r13,1,13,r13 스냅샷
Stray Kids,spillover,52,894842690412,≤r13,1,13,r13 스냅샷
Stray Kids,spillover,53,a145506885f8,≤r13,1,13,r13 스냅샷
Stray Kids,spillover,54,cc5c222a0538,≤r13,1,13,r13 스냅샷
Stray Kids,spillover,55,82f9d6e9c2c4,≤r13,1,13,r13 스냅샷
Stray Kids,spillover,56,6b84dfa66b1e,≤r13,1,13,r13 스냅샷
Stray Kids,spillover,57,fa43bf601ebb,≤r13,1,13,r13 스냅샷
Stray Kids,spillover,58,bcfcbc6f3545,≤r13,1,13,r13 스냅샷
Stray Kids,spillover,59,312e63ef3c70,≤r13,1,13,r13 스냅샷
Stray Kids,spillover,60,6666bac97838,≤r13,1,13,r13 스냅샷
Stray Kids,spillover,61,71bc0f016d4d,≤r13,1,13,r13 스냅샷
Stray Kids,spillover,62,f64267b6a1a8,≤r13,1,13,r13 스냅샷
Stray Kids,spillover,63,05a9f644b25b,≤r13,1,13,r13 스냅샷
Stray Kids,spillover,64,8e4c093202de,≤r13,1,13,r13 스냅샷
Stray Kids,spillover,65,4297fec61320,r23∼r39,23,39,동결 근사 복원본
Stray Kids,spillover,66,9989b4cb6195,r23∼r39,23,39,동결 근사 복원본
Stray Kids,spillover,67,c5303bfcca88,r23∼r39,23,39,동결 근사 복원본
Stray Kids,spillover,68,afb03fb733e3,r23∼r39,23,39,동결 근사 복원본
Stray Kids,spillover,69,ac51d11d5c21,r23∼r39,23,39,동결 근사 복원본
Stray Kids,spillover,70,deca078aaeaf,r23∼r39,23,39,동결 근사 복원본
Stray Kids,spillover,71,c8f2365c7129,r23∼r39,23,39,동결 근사 복원본
Stray Kids,spillover,72,094c146fd54b,r23∼r39,23,39,동결 근사 복원본
Stray Kids,spillover,73,07a534b8db97,r23∼r39,23,39,동결 근사 복원본
Stray Kids,spillover,74,ec16473ace22,r23∼r39,23,39,동결 근사 복원본
Stray Kids,spillover,75,01d2424123d3,r23∼r39,23,39,동결 근사 복원본
Stray Kids,spillover,76,44e2e688455e,r23∼r39,23,39,동결 근사 복원본
Stray Kids,spillover,77,3f777bab76f4,r23∼r39,23,39,동결 근사 복원본
Stray Kids,spillover,78,26afadf5dd20,r23∼r39,23,39,동결 근사 복원본
Stray Kids,spillover,79,c870e572a90f,r23∼r39,23,39,동결 근사 복원본
Stray Kids,spillover,80,ebefe00f582a,r23∼r39,23,39,동결 근사 복원본
Stray Kids,spillover,81,b3e51ab40119,r23∼r39,23,39,동결 근사 복원본
Stray Kids,spillover,82,a2de5448bc02,r23∼r39,23,39,동결 근사 복원본
Stray Kids,spillover,83,5339575bb0bc,r23∼r39,23,39,동결 근사 복원본
Stray Kids,spillover,84,be4434cf5334,r23∼r39,23,39,동결 근사 복원본
Stray Kids,spillover,85,ccb9435968a7,r41∼r72,41,72,라이브 코퍼스(스냅샷 이후)
Stray Kids,spillover,86,0bf2cdea9f44,r41∼r72,41,72,라이브 코퍼스(스냅샷 이후)
Stray Kids,spillover,87,c3b0c9369c3b,r41∼r72,41,72,라이브 코퍼스(스냅샷 이후)
Stray Kids,spillover,88,7a28f484183f,r41∼r72,41,72,라이브 코퍼스(스냅샷 이후)
Stray Kids,spillover,89,fc4e015533cc,r41∼r72,41,72,라이브 코퍼스(스냅샷 이후)
Stray Kids,spillover,90,c66f95722b87,r41∼r72,41,72,라이브 코퍼스(스냅샷 이후)
Stray Kids,spillover,91,b5ac3b8a508a,r41∼r72,41,72,라이브 코퍼스(스냅샷 이후)
Stray Kids,spillover,92,b8bfe58eb2ce,r41∼r72,41,72,라이브 코퍼스(스냅샷 이후)
Stray Kids,spillover,93,8a95f42d1b79,r41∼r72,41,72,라이브 코퍼스(스냅샷 이후)
Stray Kids,spillover,94,9b066edcbcd8,r41∼r72,41,72,라이브 코퍼스(스냅샷 이후)
Stray Kids,spillover,95,1faf2a221494,r41∼r72,41,72,라이브 코퍼스(스냅샷 이후)
Stray Kids,spillover,96,ef7ac86f32ea,r41∼r72,41,72,라이브 코퍼스(스냅샷 이후)
Stray Kids,spillover,97,685eec0e8701,r41∼r72,41,72,라이브 코퍼스(스냅샷 이후)
Stray Kids,spillover,98,085038871451,r41∼r72,41,72,라이브 코퍼스(스냅샷 이후)
Stray Kids,spillover,99,09daaca586ed,r41∼r72,41,72,라이브 코퍼스(스냅샷 이후)
Stray Kids,spillover,100,b1281796bca4,r41∼r72,41,72,라이브 코퍼스(스냅샷 이후)
Stray Kids,spillover,101,65e5a2aae0ac,r41∼r72,41,72,라이브 코퍼스(스냅샷 이후)
Stray Kids,spillover,102,10ef1fc66b8c,r41∼r72,41,72,라이브 코퍼스(스냅샷 이후)
Stray Kids,spillover,103,13440dd0e002,r41∼r72,41,72,라이브 코퍼스(스냅샷 이후)
Stray Kids,spillover,104,e1fbe061d55a,r41∼r72,41,72,라이브 코퍼스(스냅샷 이후)
RIIZE,loyalty,0,b9f3ddebf322,≤r13,1,13,r13 스냅샷
RIIZE,loyalty,1,6f8c2819b045,≤r13,1,13,r13 스냅샷
RIIZE,loyalty,2,b4df45e4b809,≤r13,1,13,r13 스냅샷
RIIZE,loyalty,3,c87f9731b9bf,≤r13,1,13,r13 스냅샷
RIIZE,loyalty,4,7083b074455b,≤r13,1,13,r13 스냅샷
RIIZE,loyalty,5,453910c6e669,≤r13,1,13,r13 스냅샷
RIIZE,loyalty,6,8840b3fbb848,≤r13,1,13,r13 스냅샷
RIIZE,loyalty,7,8b3120dea7da,≤r13,1,13,r13 스냅샷
RIIZE,loyalty,8,fe0b5eb615ff,≤r13,1,13,r13 스냅샷
RIIZE,loyalty,9,9a6e9b14397f,≤r13,1,13,r13 스냅샷
RIIZE,loyalty,10,d93083891988,≤r13,1,13,r13 스냅샷
RIIZE,loyalty,11,68dad73db529,≤r13,1,13,r13 스냅샷
RIIZE,loyalty,12,2c2d3f5c7efd,≤r13,1,13,r13 스냅샷
RIIZE,loyalty,13,ffbd6a8dc118,≤r13,1,13,r13 스냅샷
RIIZE,loyalty,14,fc5fe9594344,≤r13,1,13,r13 스냅샷
RIIZE,loyalty,15,ab1e432572d4,≤r13,1,13,r13 스냅샷
RIIZE,loyalty,16,8ee3916f84c9,≤r13,1,13,r13 스냅샷
RIIZE,loyalty,17,22016e334817,≤r13,1,13,r13 스냅샷
RIIZE,loyalty,18,43e4aacb84d1,≤r13,1,13,r13 스냅샷
RIIZE,loyalty,19,1b81a64ea37b,≤r13,1,13,r13 스냅샷
RIIZE,loyalty,20,493a8270badc,≤r13,1,13,r13 스냅샷
RIIZE,loyalty,21,993a3f3c0d60,≤r13,1,13,r13 스냅샷
RIIZE,loyalty,22,a8eaaa54bc42,≤r13,1,13,r13 스냅샷
RIIZE,loyalty,23,c83d58456c0f,≤r13,1,13,r13 스냅샷
RIIZE,loyalty,24,c39e4ac98659,≤r13,1,13,r13 스냅샷
RIIZE,loyalty,25,b37be9f31c6f,≤r13,1,13,r13 스냅샷
RIIZE,loyalty,26,5bb2180a0ba4,≤r13,1,13,r13 스냅샷
RIIZE,loyalty,27,a2d4405cdcfa,≤r13,1,13,r13 스냅샷
RIIZE,loyalty,28,05493918c8d4,≤r13,1,13,r13 스냅샷
RIIZE,loyalty,29,4c9e6ae4b5d6,≤r13,1,13,r13 스냅샷
RIIZE,loyalty,30,1ef393f49b3e,r23∼r39,23,39,동결 근사 복원본
RIIZE,loyalty,31,5f0a4ae3a34f,r23∼r39,23,39,동결 근사 복원본
RIIZE,loyalty,32,e86e25416781,r23∼r39,23,39,동결 근사 복원본
RIIZE,loyalty,33,3d3d43a0814a,r23∼r39,23,39,동결 근사 복원본
RIIZE,loyalty,34,5ed6e4bc99b6,r23∼r39,23,39,동결 근사 복원본
RIIZE,loyalty,35,85d5613e5635,r23∼r39,23,39,동결 근사 복원본
RIIZE,loyalty,36,5f9caf496f68,r23∼r39,23,39,동결 근사 복원본
RIIZE,loyalty,37,c97c7cbabcee,r23∼r39,23,39,동결 근사 복원본
RIIZE,loyalty,38,178c028321e8,r23∼r39,23,39,동결 근사 복원본
RIIZE,loyalty,39,e34f0ea38a90,r41∼r72,41,72,라이브 코퍼스(스냅샷 이후)
RIIZE,loyalty,40,14639472251b,r41∼r72,41,72,라이브 코퍼스(스냅샷 이후)
RIIZE,loyalty,41,ad6df78f2ec8,r41∼r72,41,72,라이브 코퍼스(스냅샷 이후)
RIIZE,loyalty,42,47e6829da524,r41∼r72,41,72,라이브 코퍼스(스냅샷 이후)
RIIZE,loyalty,43,c616c1bcabcb,r41∼r72,41,72,라이브 코퍼스(스냅샷 이후)
RIIZE,loyalty,44,c10bfb18abc0,r41∼r72,41,72,라이브 코퍼스(스냅샷 이후)
RIIZE,spillover,0,9302f9a12bce,≤r13,1,13,r13 스냅샷
RIIZE,spillover,1,b62e63094f07,≤r13,1,13,r13 스냅샷
RIIZE,spillover,2,bebb802bccce,≤r13,1,13,r13 스냅샷
RIIZE,spillover,3,34b5cf03e639,≤r13,1,13,r13 스냅샷
RIIZE,spillover,4,3c0e47a5df27,≤r13,1,13,r13 스냅샷
RIIZE,spillover,5,51555d35996c,≤r13,1,13,r13 스냅샷
RIIZE,spillover,6,1c12b6ca9258,≤r13,1,13,r13 스냅샷
RIIZE,spillover,7,63099cb1ec93,≤r13,1,13,r13 스냅샷
RIIZE,spillover,8,7be41989e346,≤r13,1,13,r13 스냅샷
RIIZE,spillover,9,4c1c959e9af2,≤r13,1,13,r13 스냅샷
RIIZE,spillover,10,5d3779412c62,≤r13,1,13,r13 스냅샷
RIIZE,spillover,11,d99818ef47f3,≤r13,1,13,r13 스냅샷
RIIZE,spillover,12,6f10e1c2ebfb,≤r13,1,13,r13 스냅샷
RIIZE,spillover,13,f2e984647fb1,≤r13,1,13,r13 스냅샷
RIIZE,spillover,14,e976cf2795fa,≤r13,1,13,r13 스냅샷
RIIZE,spillover,15,edf995ecf38f,≤r13,1,13,r13 스냅샷
RIIZE,spillover,16,98ef5aff892a,≤r13,1,13,r13 스냅샷
RIIZE,spillover,17,b4b8bf2d6e26,≤r13,1,13,r13 스냅샷
RIIZE,spillover,18,a3b00dfd64f2,≤r13,1,13,r13 스냅샷
RIIZE,spillover,19,6ef5f4913c59,≤r13,1,13,r13 스냅샷
RIIZE,spillover,20,54b6fe01269a,≤r13,1,13,r13 스냅샷
RIIZE,spillover,21,7ac37362363a,≤r13,1,13,r13 스냅샷
RIIZE,spillover,22,990b62f8d2b6,≤r13,1,13,r13 스냅샷
RIIZE,spillover,23,6eebd6fce798,≤r13,1,13,r13 스냅샷
RIIZE,spillover,24,59b84a0cb178,≤r13,1,13,r13 스냅샷
RIIZE,spillover,25,6a9327990203,≤r13,1,13,r13 스냅샷
RIIZE,spillover,26,1791d92f1188,≤r13,1,13,r13 스냅샷
RIIZE,spillover,27,b7809027a6f6,≤r13,1,13,r13 스냅샷
RIIZE,spillover,28,f2358aa37aa7,≤r13,1,13,r13 스냅샷
RIIZE,spillover,29,a4c834c5856a,≤r13,1,13,r13 스냅샷
RIIZE,spillover,30,eaa82fd5584c,≤r13,1,13,r13 스냅샷
RIIZE,spillover,31,cd94a1554fe5,≤r13,1,13,r13 스냅샷
RIIZE,spillover,32,73ce059d1ff2,≤r13,1,13,r13 스냅샷
RIIZE,spillover,33,ec4e64c4b596,≤r13,1,13,r13 스냅샷
RIIZE,spillover,34,21ba4caa9fd3,≤r13,1,13,r13 스냅샷
RIIZE,spillover,35,03cc54d71918,≤r13,1,13,r13 스냅샷
RIIZE,spillover,36,0ff9d73872e5,≤r13,1,13,r13 스냅샷
RIIZE,spillover,37,c7590f067833,≤r13,1,13,r13 스냅샷
RIIZE,spillover,38,29c56a0125ae,≤r13,1,13,r13 스냅샷
RIIZE,spillover,39,73324b1177fa,≤r13,1,13,r13 스냅샷
RIIZE,spillover,40,416d567affa2,≤r13,1,13,r13 스냅샷
RIIZE,spillover,41,d19209d63091,≤r13,1,13,r13 스냅샷
RIIZE,spillover,42,622c66a9f67a,≤r13,1,13,r13 스냅샷
RIIZE,spillover,43,c5f192350a5b,≤r13,1,13,r13 스냅샷
RIIZE,spillover,44,8dd66ab36640,≤r13,1,13,r13 스냅샷
RIIZE,spillover,45,2ec97ec25b81,≤r13,1,13,r13 스냅샷
RIIZE,spillover,46,f6caa0fec79a,≤r13,1,13,r13 스냅샷
RIIZE,spillover,47,3615e3e971fa,≤r13,1,13,r13 스냅샷
RIIZE,spillover,48,91a4e6d4ef05,r23∼r39,23,39,동결 근사 복원본
RIIZE,spillover,49,d530824a1904,r23∼r39,23,39,동결 근사 복원본
RIIZE,spillover,50,cf847da4b634,r23∼r39,23,39,동결 근사 복원본
RIIZE,spillover,51,dd2881ff04e7,r23∼r39,23,39,동결 근사 복원본
RIIZE,spillover,52,ad3841188a5c,r23∼r39,23,39,동결 근사 복원본
RIIZE,spillover,53,821f21f46b31,r23∼r39,23,39,동결 근사 복원본
RIIZE,spillover,54,201c772073ee,r23∼r39,23,39,동결 근사 복원본
RIIZE,spillover,55,becf1e3fedb1,r23∼r39,23,39,동결 근사 복원본
RIIZE,spillover,56,2408e4655b52,r23∼r39,23,39,동결 근사 복원본
RIIZE,spillover,57,62ca4a2bdf9c,r23∼r39,23,39,동결 근사 복원본
RIIZE,spillover,58,123b7ed16b43,r23∼r39,23,39,동결 근사 복원본
RIIZE,spillover,59,62dc94ac068c,r23∼r39,23,39,동결 근사 복원본
RIIZE,spillover,60,bc836832d1b7,r23∼r39,23,39,동결 근사 복원본
RIIZE,spillover,61,08c0544ebf24,r41∼r72,41,72,라이브 코퍼스(스냅샷 이후)
RIIZE,spillover,62,0dc464eeaa01,r41∼r72,41,72,라이브 코퍼스(스냅샷 이후)
RIIZE,spillover,63,935235eaa93c,r41∼r72,41,72,라이브 코퍼스(스냅샷 이후)
RIIZE,spillover,64,9996b88687af,r41∼r72,41,72,라이브 코퍼스(스냅샷 이후)
RIIZE,spillover,65,75ccf860eeca,r41∼r72,41,72,라이브 코퍼스(스냅샷 이후)
RIIZE,spillover,66,7d2c19bdf960,r41∼r72,41,72,라이브 코퍼스(스냅샷 이후)
RIIZE,spillover,67,4b04fb39ec5c,r41∼r72,41,72,라이브 코퍼스(스냅샷 이후)
RIIZE,spillover,68,d206e1ca667d,r41∼r72,41,72,라이브 코퍼스(스냅샷 이후)
RIIZE,spillover,69,ed539ebfb631,r41∼r72,41,72,라이브 코퍼스(스냅샷 이후)
RIIZE,spillover,70,5f0471fd0ecb,r41∼r72,41,72,라이브 코퍼스(스냅샷 이후)
RIIZE,spillover,71,ef2d4a4e4056,r41∼r72,41,72,라이브 코퍼스(스냅샷 이후)
RIIZE,spillover,72,a9beb5943099,r41∼r72,41,72,라이브 코퍼스(스냅샷 이후)
RIIZE,spillover,73,3084ee552b91,r41∼r72,41,72,라이브 코퍼스(스냅샷 이후)
RIIZE,spillover,74,60633b9800aa,r41∼r72,41,72,라이브 코퍼스(스냅샷 이후)
RIIZE,spillover,75,b4c0c5983c4d,r41∼r72,41,72,라이브 코퍼스(스냅샷 이후)
NCT,loyalty,0,1e48a5c03982,≤r13,1,13,r13 스냅샷
NCT,loyalty,1,bde2911720fe,≤r13,1,13,r13 스냅샷
NCT,loyalty,2,1483371f2e9e,≤r13,1,13,r13 스냅샷
NCT,loyalty,3,9ac04a3eaf9b,≤r13,1,13,r13 스냅샷
NCT,loyalty,4,907b719ad3c9,≤r13,1,13,r13 스냅샷
NCT,loyalty,5,5c6163ba20da,≤r13,1,13,r13 스냅샷
NCT,loyalty,6,83436d8625e4,≤r13,1,13,r13 스냅샷
NCT,loyalty,7,208800d51a19,≤r13,1,13,r13 스냅샷
NCT,loyalty,8,56f15d731683,≤r13,1,13,r13 스냅샷
NCT,loyalty,9,63e9ac407647,≤r13,1,13,r13 스냅샷
NCT,loyalty,10,ceb1e5d58719,≤r13,1,13,r13 스냅샷
NCT,loyalty,11,dc90b2112a4a,≤r13,1,13,r13 스냅샷
NCT,loyalty,12,58e9af1d41f8,≤r13,1,13,r13 스냅샷
NCT,loyalty,13,1540c9daca86,≤r13,1,13,r13 스냅샷
NCT,loyalty,14,386552d83ef8,≤r13,1,13,r13 스냅샷
NCT,loyalty,15,10ff45d9d078,≤r13,1,13,r13 스냅샷
NCT,loyalty,16,f687a021a077,≤r13,1,13,r13 스냅샷
NCT,loyalty,17,eb055bf6abca,≤r13,1,13,r13 스냅샷
NCT,loyalty,18,478507f7d061,≤r13,1,13,r13 스냅샷
NCT,loyalty,19,28af046d7ac4,≤r13,1,13,r13 스냅샷
NCT,loyalty,20,fd7159d60ce7,≤r13,1,13,r13 스냅샷
NCT,loyalty,21,e18586a1e76a,≤r13,1,13,r13 스냅샷
NCT,loyalty,22,64f8b255152e,≤r13,1,13,r13 스냅샷
NCT,loyalty,23,1ecd67c6d959,≤r13,1,13,r13 스냅샷
NCT,loyalty,24,8f3d88f5339e,≤r13,1,13,r13 스냅샷
NCT,loyalty,25,c8f8090225c5,≤r13,1,13,r13 스냅샷
NCT,loyalty,26,7615e1b4be97,≤r13,1,13,r13 스냅샷
NCT,loyalty,27,30b2bf502674,≤r13,1,13,r13 스냅샷
NCT,loyalty,28,ad6928c991bd,≤r13,1,13,r13 스냅샷
NCT,loyalty,29,867f99c436d3,≤r13,1,13,r13 스냅샷
NCT,loyalty,30,916e553a19e9,≤r13,1,13,r13 스냅샷
NCT,loyalty,31,0b8a422af88c,≤r13,1,13,r13 스냅샷
NCT,loyalty,32,ff3195c71c20,≤r13,1,13,r13 스냅샷
NCT,loyalty,33,46147e20df66,≤r13,1,13,r13 스냅샷
NCT,loyalty,34,02e57f0cb98c,≤r13,1,13,r13 스냅샷
NCT,loyalty,35,a925c6a0b938,≤r13,1,13,r13 스냅샷
NCT,loyalty,36,200cddac4875,≤r13,1,13,r13 스냅샷
NCT,loyalty,37,9856dbf6c02c,≤r13,1,13,r13 스냅샷
NCT,loyalty,38,f75d86731ed2,≤r13,1,13,r13 스냅샷
NCT,loyalty,39,58bdfd220bc1,≤r13,1,13,r13 스냅샷
NCT,loyalty,40,6952acfd1ec1,≤r13,1,13,r13 스냅샷
NCT,loyalty,41,03d96e82bc88,≤r13,1,13,r13 스냅샷
NCT,loyalty,42,293e991e4c3e,r23∼r39,23,39,동결 근사 복원본
NCT,loyalty,43,0d3e59a17081,r23∼r39,23,39,동결 근사 복원본
NCT,loyalty,44,65233dfa9dd8,r23∼r39,23,39,동결 근사 복원본
NCT,loyalty,45,d492d0e66719,r23∼r39,23,39,동결 근사 복원본
NCT,loyalty,46,a47eea9e81c6,r23∼r39,23,39,동결 근사 복원본
NCT,loyalty,47,df0725759864,r23∼r39,23,39,동결 근사 복원본
NCT,loyalty,48,aa1cd4356065,r23∼r39,23,39,동결 근사 복원본
NCT,loyalty,49,3e06899135fe,r23∼r39,23,39,동결 근사 복원본
NCT,loyalty,50,e450da581d52,r41∼r72,41,72,라이브 코퍼스(스냅샷 이후)
NCT,loyalty,51,e2fea0d860c5,r41∼r72,41,72,라이브 코퍼스(스냅샷 이후)
NCT,loyalty,52,7cd9f59702ec,r41∼r72,41,72,라이브 코퍼스(스냅샷 이후)
NCT,loyalty,53,5f0147c23b0e,r41∼r72,41,72,라이브 코퍼스(스냅샷 이후)
NCT,loyalty,54,5e6b5ea9bf6d,r41∼r72,41,72,라이브 코퍼스(스냅샷 이후)
NCT,loyalty,55,a3fc50fa8f96,r41∼r72,41,72,라이브 코퍼스(스냅샷 이후)
NCT,loyalty,56,7d9e54c4d459,r41∼r72,41,72,라이브 코퍼스(스냅샷 이후)
NCT,loyalty,57,f9a2eb27c8d4,r41∼r72,41,72,라이브 코퍼스(스냅샷 이후)
NCT,loyalty,58,ef68fd70841c,r41∼r72,41,72,라이브 코퍼스(스냅샷 이후)
NCT,loyalty,59,1d2348f8a0fe,r41∼r72,41,72,라이브 코퍼스(스냅샷 이후)
NCT,loyalty,60,bde7b0103dd3,r41∼r72,41,72,라이브 코퍼스(스냅샷 이후)
NCT,loyalty,61,6fdd3dc64555,r41∼r72,41,72,라이브 코퍼스(스냅샷 이후)
NCT,loyalty,62,ae63d159bee1,r41∼r72,41,72,라이브 코퍼스(스냅샷 이후)
NCT,loyalty,63,4c8df402e234,r41∼r72,41,72,라이브 코퍼스(스냅샷 이후)
NCT,loyalty,64,44bca0a1ed01,r41∼r72,41,72,라이브 코퍼스(스냅샷 이후)
NCT,loyalty,65,845b8293403e,r41∼r72,41,72,라이브 코퍼스(스냅샷 이후)
NCT,loyalty,66,36971b47e7dd,r41∼r72,41,72,라이브 코퍼스(스냅샷 이후)
NCT,spillover,0,a70cd6b141ee,≤r13,1,13,r13 스냅샷
NCT,spillover,1,cc28325a858f,≤r13,1,13,r13 스냅샷
NCT,spillover,2,afd5dd586c70,≤r13,1,13,r13 스냅샷
NCT,spillover,3,ae331861c8f5,≤r13,1,13,r13 스냅샷
NCT,spillover,4,443eeb15708c,≤r13,1,13,r13 스냅샷
NCT,spillover,5,d35b13da1c61,≤r13,1,13,r13 스냅샷
NCT,spillover,6,2ea275f66619,≤r13,1,13,r13 스냅샷
NCT,spillover,7,22777ef7b010,≤r13,1,13,r13 스냅샷
NCT,spillover,8,a6a9316e5fcd,≤r13,1,13,r13 스냅샷
NCT,spillover,9,7252a8167307,≤r13,1,13,r13 스냅샷
NCT,spillover,10,05652d4a6769,≤r13,1,13,r13 스냅샷
NCT,spillover,11,a2de60bd09de,≤r13,1,13,r13 스냅샷
NCT,spillover,12,c6b78c80eda4,≤r13,1,13,r13 스냅샷
NCT,spillover,13,dbbb7558b475,≤r13,1,13,r13 스냅샷
NCT,spillover,14,4e3f65953ab0,≤r13,1,13,r13 스냅샷
NCT,spillover,15,5a4e66071a7e,≤r13,1,13,r13 스냅샷
NCT,spillover,16,862d778a069e,≤r13,1,13,r13 스냅샷
NCT,spillover,17,22d1a9be0919,≤r13,1,13,r13 스냅샷
NCT,spillover,18,4aafac441a3a,≤r13,1,13,r13 스냅샷
NCT,spillover,19,8f58d284c140,≤r13,1,13,r13 스냅샷
NCT,spillover,20,cae5cfd0474e,≤r13,1,13,r13 스냅샷
NCT,spillover,21,35c68a01f4fb,≤r13,1,13,r13 스냅샷
NCT,spillover,22,977ea55d2868,≤r13,1,13,r13 스냅샷
NCT,spillover,23,888a6aa89dd4,≤r13,1,13,r13 스냅샷
NCT,spillover,24,292fd2994d0d,≤r13,1,13,r13 스냅샷
NCT,spillover,25,29400d342afc,≤r13,1,13,r13 스냅샷
NCT,spillover,26,c1627e1f0f42,≤r13,1,13,r13 스냅샷
NCT,spillover,27,b218fe2592fa,≤r13,1,13,r13 스냅샷
NCT,spillover,28,f4afbc5795c6,≤r13,1,13,r13 스냅샷
NCT,spillover,29,91fecbb80228,≤r13,1,13,r13 스냅샷
NCT,spillover,30,e4cf40aa8e15,≤r13,1,13,r13 스냅샷
NCT,spillover,31,02b22935870e,≤r13,1,13,r13 스냅샷
NCT,spillover,32,5517f52ee5d9,≤r13,1,13,r13 스냅샷
NCT,spillover,33,61c71b43912c,≤r13,1,13,r13 스냅샷
NCT,spillover,34,8fd50bed31ec,≤r13,1,13,r13 스냅샷
NCT,spillover,35,10140dc8ae78,≤r13,1,13,r13 스냅샷
NCT,spillover,36,f22cc445fe9f,≤r13,1,13,r13 스냅샷
NCT,spillover,37,fccd11574a47,≤r13,1,13,r13 스냅샷
NCT,spillover,38,9dfb3e3db650,≤r13,1,13,r13 스냅샷
NCT,spillover,39,82c248fdc5bb,≤r13,1,13,r13 스냅샷
NCT,spillover,40,518fb18bb777,≤r13,1,13,r13 스냅샷
NCT,spillover,41,c5f192350a5b,≤r13,1,13,r13 스냅샷
NCT,spillover,42,89838641f138,≤r13,1,13,r13 스냅샷
NCT,spillover,43,b96efe2f576f,≤r13,1,13,r13 스냅샷
NCT,spillover,44,14688e3e975e,≤r13,1,13,r13 스냅샷
NCT,spillover,45,a0fa65c77379,≤r13,1,13,r13 스냅샷
NCT,spillover,46,6d173fbe136d,≤r13,1,13,r13 스냅샷
NCT,spillover,47,836efb098be0,r14∼r22,14,22,r22 백업
NCT,spillover,48,1db84c59f73e,r23∼r39,23,39,동결 근사 복원본
NCT,spillover,49,75faa73f8091,r23∼r39,23,39,동결 근사 복원본
NCT,spillover,50,2494fc4f5ab5,r23∼r39,23,39,동결 근사 복원본
NCT,spillover,51,bcaec4b5e55c,r23∼r39,23,39,동결 근사 복원본
NCT,spillover,52,5ed7964d328a,r23∼r39,23,39,동결 근사 복원본
NCT,spillover,53,e1a5b5185b49,r23∼r39,23,39,동결 근사 복원본
NCT,spillover,54,8532e2395681,r23∼r39,23,39,동결 근사 복원본
NCT,spillover,55,f7cce863261d,r23∼r39,23,39,동결 근사 복원본
NCT,spillover,56,0cfeb8beef25,r23∼r39,23,39,동결 근사 복원본
NCT,spillover,57,9de53f9d0d9a,r23∼r39,23,39,동결 근사 복원본
NCT,spillover,58,00f9f635e6bf,r23∼r39,23,39,동결 근사 복원본
NCT,spillover,59,b9dfc18e8cd1,r23∼r39,23,39,동결 근사 복원본
NCT,spillover,60,6863e4845d08,r23∼r39,23,39,동결 근사 복원본
NCT,spillover,61,8ef29e7a89cd,r23∼r39,23,39,동결 근사 복원본
NCT,spillover,62,de1381c4fa24,r23∼r39,23,39,동결 근사 복원본
NCT,spillover,63,b1ae27e257d6,r23∼r39,23,39,동결 근사 복원본
NCT,spillover,64,0049f61005e7,r23∼r39,23,39,동결 근사 복원본
NCT,spillover,65,298166dbef9a,r23∼r39,23,39,동결 근사 복원본
NCT,spillover,66,89d1b47c8112,r41∼r72,41,72,라이브 코퍼스(스냅샷 이후)
NCT,spillover,67,02e330073663,r41∼r72,41,72,라이브 코퍼스(스냅샷 이후)
NCT,spillover,68,ac7cbf4266cf,r41∼r72,41,72,라이브 코퍼스(스냅샷 이후)
NCT,spillover,69,2218d1c9fdd0,r41∼r72,41,72,라이브 코퍼스(스냅샷 이후)
NCT,spillover,70,19daea6fa037,r41∼r72,41,72,라이브 코퍼스(스냅샷 이후)
NCT,spillover,71,6361a0f8aa49,r41∼r72,41,72,라이브 코퍼스(스냅샷 이후)
NCT,spillover,72,31b3f6ab45d0,r41∼r72,41,72,라이브 코퍼스(스냅샷 이후)
NCT,spillover,73,333cacf955b0,r41∼r72,41,72,라이브 코퍼스(스냅샷 이후)
NCT,spillover,74,17a9fd938609,r41∼r72,41,72,라이브 코퍼스(스냅샷 이후)
NCT,spillover,75,56dcc12d67f2,r41∼r72,41,72,라이브 코퍼스(스냅샷 이후)
NCT,spillover,76,feef5856a9b6,r41∼r72,41,72,라이브 코퍼스(스냅샷 이후)
NCT,spillover,77,905ac6d17121,r41∼r72,41,72,라이브 코퍼스(스냅샷 이후)
NCT,spillover,78,5b423f493352,r41∼r72,41,72,라이브 코퍼스(스냅샷 이후)
NCT,spillover,79,07443a4e9bf9,r41∼r72,41,72,라이브 코퍼스(스냅샷 이후)
NCT,spillover,80,0fe42911254c,r41∼r72,41,72,라이브 코퍼스(스냅샷 이후)
NCT,spillover,81,2c5148df2ce4,r41∼r72,41,72,라이브 코퍼스(스냅샷 이후)
NCT,spillover,82,03eb0f2d08c2,r41∼r72,41,72,라이브 코퍼스(스냅샷 이후)
NCT,spillover,83,33c0a74563d6,r41∼r72,41,72,라이브 코퍼스(스냅샷 이후)
NCT,spillover,84,8d28677e8c2c,r41∼r72,41,72,라이브 코퍼스(스냅샷 이후)
NCT,spillover,85,3e9b2727dde6,r41∼r72,41,72,라이브 코퍼스(스냅샷 이후)
NCT,spillover,86,3904cb0ecdcd,r41∼r72,41,72,라이브 코퍼스(스냅샷 이후)
NCT,spillover,87,07a99601a667,r41∼r72,41,72,라이브 코퍼스(스냅샷 이후)
NCT,spillover,88,fd5d4e5a1685,r41∼r72,41,72,라이브 코퍼스(스냅샷 이후)
NCT,spillover,89,981b78535d79,r41∼r72,41,72,라이브 코퍼스(스냅샷 이후)
NCT,spillover,90,f18fa5d2a504,r41∼r72,41,72,라이브 코퍼스(스냅샷 이후)
NCT,spillover,91,ea4baeb79912,r41∼r72,41,72,라이브 코퍼스(스냅샷 이후)
NCT,spillover,92,7998e468278b,r41∼r72,41,72,라이브 코퍼스(스냅샷 이후)
NCT,spillover,93,2ffb3012e697,r41∼r72,41,72,라이브 코퍼스(스냅샷 이후)
NCT,spillover,94,f9184694b4bf,r41∼r72,41,72,라이브 코퍼스(스냅샷 이후)
NCT,spillover,95,cdbff976359c,r41∼r72,41,72,라이브 코퍼스(스냅샷 이후)
NCT,spillover,96,cf6ff77e8909,r41∼r72,41,72,라이브 코퍼스(스냅샷 이후)
동방신기,loyalty,0,c5d9c31f74cb,≤r13,1,13,r13 스냅샷
동방신기,loyalty,1,ea36c3b70f5f,≤r13,1,13,r13 스냅샷
동방신기,loyalty,2,248d4f28fdab,≤r13,1,13,r13 스냅샷
동방신기,loyalty,3,0fd46762bc78,≤r13,1,13,r13 스냅샷
동방신기,loyalty,4,9efbecc3ed82,≤r13,1,13,r13 스냅샷
동방신기,loyalty,5,bb032359b71e,≤r13,1,13,r13 스냅샷
동방신기,loyalty,6,c9dfda9bb091,≤r13,1,13,r13 스냅샷
동방신기,loyalty,7,582d7cab999a,≤r13,1,13,r13 스냅샷
동방신기,loyalty,8,82df1cf69c62,≤r13,1,13,r13 스냅샷
동방신기,loyalty,9,5e89af56dc41,≤r13,1,13,r13 스냅샷
동방신기,loyalty,10,de6743f709c2,≤r13,1,13,r13 스냅샷
동방신기,loyalty,11,4f39352d76b4,≤r13,1,13,r13 스냅샷
동방신기,loyalty,12,b231c5ba0d2f,≤r13,1,13,r13 스냅샷
동방신기,loyalty,13,644ef2b01ec7,≤r13,1,13,r13 스냅샷
동방신기,loyalty,14,7665605e38d7,≤r13,1,13,r13 스냅샷
동방신기,loyalty,15,ab536a4a77dd,≤r13,1,13,r13 스냅샷
동방신기,loyalty,16,8f50bfa5b2a1,≤r13,1,13,r13 스냅샷
동방신기,loyalty,17,bc9f9dfe0c32,≤r13,1,13,r13 스냅샷
동방신기,loyalty,18,d843e2e3edf7,≤r13,1,13,r13 스냅샷
동방신기,loyalty,19,454e19f8eef4,≤r13,1,13,r13 스냅샷
동방신기,loyalty,20,5c18660d84c7,≤r13,1,13,r13 스냅샷
동방신기,loyalty,21,8d07e88d2e7c,≤r13,1,13,r13 스냅샷
동방신기,loyalty,22,bc0fd21ab33e,r14∼r22,14,22,r22 백업
동방신기,loyalty,23,1bf3b0d1a092,r23∼r39,23,39,동결 근사 복원본
동방신기,loyalty,24,4e85d3de6336,r23∼r39,23,39,동결 근사 복원본
동방신기,loyalty,25,ed7f508adf0c,r23∼r39,23,39,동결 근사 복원본
동방신기,loyalty,26,8805f2021f53,r41∼r72,41,72,라이브 코퍼스(스냅샷 이후)
동방신기,loyalty,27,ce93271edae4,r41∼r72,41,72,라이브 코퍼스(스냅샷 이후)
동방신기,loyalty,28,948137ee1c1c,r41∼r72,41,72,라이브 코퍼스(스냅샷 이후)
동방신기,loyalty,29,9731d67c614c,r41∼r72,41,72,라이브 코퍼스(스냅샷 이후)
동방신기,loyalty,30,7e7096537de5,r41∼r72,41,72,라이브 코퍼스(스냅샷 이후)
동방신기,spillover,0,aa054544d8c8,≤r13,1,13,r13 스냅샷
동방신기,spillover,1,73d8e238c377,≤r13,1,13,r13 스냅샷
동방신기,spillover,2,58dc17390711,≤r13,1,13,r13 스냅샷
동방신기,spillover,3,e07173d5c594,≤r13,1,13,r13 스냅샷
동방신기,spillover,4,ae2f50b22882,≤r13,1,13,r13 스냅샷
동방신기,spillover,5,4967ab405f2f,≤r13,1,13,r13 스냅샷
동방신기,spillover,6,7e89b31f6307,≤r13,1,13,r13 스냅샷
동방신기,spillover,7,b6596444c567,≤r13,1,13,r13 스냅샷
동방신기,spillover,8,bd4466a1148a,≤r13,1,13,r13 스냅샷
동방신기,spillover,9,037def377e88,≤r13,1,13,r13 스냅샷
동방신기,spillover,10,03c38eba38e4,≤r13,1,13,r13 스냅샷
동방신기,spillover,11,1125a9ed30b4,≤r13,1,13,r13 스냅샷
동방신기,spillover,12,5943bdf3ed4e,≤r13,1,13,r13 스냅샷
동방신기,spillover,13,5347de61d5cf,≤r13,1,13,r13 스냅샷
동방신기,spillover,14,2f88b574977c,≤r13,1,13,r13 스냅샷
동방신기,spillover,15,f29c0036a6ac,≤r13,1,13,r13 스냅샷
동방신기,spillover,16,82d998cccf9b,≤r13,1,13,r13 스냅샷
동방신기,spillover,17,2562e7f7cb1e,≤r13,1,13,r13 스냅샷
동방신기,spillover,18,c787795986d2,≤r13,1,13,r13 스냅샷
동방신기,spillover,19,38ca778adde1,≤r13,1,13,r13 스냅샷
동방신기,spillover,20,a1c02e7e834a,≤r13,1,13,r13 스냅샷
동방신기,spillover,21,84d2a46e102a,≤r13,1,13,r13 스냅샷
동방신기,spillover,22,483d64eb4351,≤r13,1,13,r13 스냅샷
동방신기,spillover,23,98e45c4c80b5,≤r13,1,13,r13 스냅샷
동방신기,spillover,24,79012376ef6f,≤r13,1,13,r13 스냅샷
동방신기,spillover,25,e55b1f30c9b4,≤r13,1,13,r13 스냅샷
동방신기,spillover,26,1e54cee6a450,≤r13,1,13,r13 스냅샷
동방신기,spillover,27,01c9ed7de08d,≤r13,1,13,r13 스냅샷
동방신기,spillover,28,c0afd578b6f3,≤r13,1,13,r13 스냅샷
동방신기,spillover,29,59dd2a6c9300,≤r13,1,13,r13 스냅샷
동방신기,spillover,30,3b43de8f07d8,r14∼r22,14,22,r22 백업
동방신기,spillover,31,89ce3a272b15,r23∼r39,23,39,동결 근사 복원본
동방신기,spillover,32,14a3a27bb670,r23∼r39,23,39,동결 근사 복원본
동방신기,spillover,33,9ad84a9aeafe,r23∼r39,23,39,동결 근사 복원본
동방신기,spillover,34,7deb5f26f9b4,r23∼r39,23,39,동결 근사 복원본
동방신기,spillover,35,4a5825c596b2,r23∼r39,23,39,동결 근사 복원본
동방신기,spillover,36,d74c88ff56eb,r23∼r39,23,39,동결 근사 복원본
동방신기,spillover,37,9c00c08b1302,r23∼r39,23,39,동결 근사 복원본
동방신기,spillover,38,e0f7aa28270b,r23∼r39,23,39,동결 근사 복원본
동방신기,spillover,39,8138d3d6e909,r23∼r39,23,39,동결 근사 복원본
동방신기,spillover,40,b1ef22900bb8,r23∼r39,23,39,동결 근사 복원본
동방신기,spillover,41,cb8944410992,r23∼r39,23,39,동결 근사 복원본
동방신기,spillover,42,bdcea14bfc24,r23∼r39,23,39,동결 근사 복원본
동방신기,spillover,43,46801ab74f50,r23∼r39,23,39,동결 근사 복원본
동방신기,spillover,44,f0ffb57f2cc1,r41∼r72,41,72,라이브 코퍼스(스냅샷 이후)
동방신기,spillover,45,8e77011b3a24,r41∼r72,41,72,라이브 코퍼스(스냅샷 이후)
동방신기,spillover,46,325e284b294e,r41∼r72,41,72,라이브 코퍼스(스냅샷 이후)
동방신기,spillover,47,26910ff26a9a,r41∼r72,41,72,라이브 코퍼스(스냅샷 이후)
동방신기,spillover,48,daea8ca1bd0d,r41∼r72,41,72,라이브 코퍼스(스냅샷 이후)
동방신기,spillover,49,93f8679a1483,r41∼r72,41,72,라이브 코퍼스(스냅샷 이후)
동방신기,spillover,50,c904ad5ad2c1,r41∼r72,41,72,라이브 코퍼스(스냅샷 이후)
빅뱅,loyalty,0,65d8243f545f,≤r13,1,13,r13 스냅샷
빅뱅,loyalty,1,1c3dbc23e75d,≤r13,1,13,r13 스냅샷
빅뱅,loyalty,2,4204459d1674,≤r13,1,13,r13 스냅샷
빅뱅,loyalty,3,b52168b8d88b,≤r13,1,13,r13 스냅샷
빅뱅,loyalty,4,245b812b35a2,≤r13,1,13,r13 스냅샷
빅뱅,loyalty,5,830d5d828065,≤r13,1,13,r13 스냅샷
빅뱅,loyalty,6,f3773afd496c,≤r13,1,13,r13 스냅샷
빅뱅,loyalty,7,b2abc4619300,≤r13,1,13,r13 스냅샷
빅뱅,loyalty,8,f014dafff237,≤r13,1,13,r13 스냅샷
빅뱅,loyalty,9,fe51db2116aa,≤r13,1,13,r13 스냅샷
빅뱅,loyalty,10,357e9b26e7d6,≤r13,1,13,r13 스냅샷
빅뱅,loyalty,11,c23cecae2001,≤r13,1,13,r13 스냅샷
빅뱅,loyalty,12,db983ef0983a,≤r13,1,13,r13 스냅샷
빅뱅,loyalty,13,2b9411af7daf,≤r13,1,13,r13 스냅샷
빅뱅,loyalty,14,fb3db874b830,≤r13,1,13,r13 스냅샷
빅뱅,loyalty,15,fe2e3e792bf7,≤r13,1,13,r13 스냅샷
빅뱅,loyalty,16,308fa18bf066,≤r13,1,13,r13 스냅샷
빅뱅,loyalty,17,dc985d859765,≤r13,1,13,r13 스냅샷
빅뱅,loyalty,18,b49057ad65b5,r14∼r22,14,22,r22 백업
빅뱅,loyalty,19,fcfe5af4f992,r14∼r22,14,22,r22 백업
빅뱅,loyalty,20,ddafb35cd6c2,r23∼r39,23,39,동결 근사 복원본
빅뱅,loyalty,21,32b385ed248d,r23∼r39,23,39,동결 근사 복원본
빅뱅,loyalty,22,9b7c79426788,r23∼r39,23,39,동결 근사 복원본
빅뱅,loyalty,23,8b8412857593,r23∼r39,23,39,동결 근사 복원본
빅뱅,loyalty,24,3ce04a3269a5,r23∼r39,23,39,동결 근사 복원본
빅뱅,loyalty,25,7cee873dc8a5,r41∼r72,41,72,라이브 코퍼스(스냅샷 이후)
빅뱅,loyalty,26,9193675c8418,r41∼r72,41,72,라이브 코퍼스(스냅샷 이후)
빅뱅,loyalty,27,92712a86c792,r41∼r72,41,72,라이브 코퍼스(스냅샷 이후)
빅뱅,loyalty,28,e86b618b5b0c,r41∼r72,41,72,라이브 코퍼스(스냅샷 이후)
빅뱅,loyalty,29,6acd7b5954d2,r41∼r72,41,72,라이브 코퍼스(스냅샷 이후)
빅뱅,loyalty,30,d30152d6858a,r41∼r72,41,72,라이브 코퍼스(스냅샷 이후)
빅뱅,spillover,0,82784dd6c7ce,≤r13,1,13,r13 스냅샷
빅뱅,spillover,1,533b0428eeda,≤r13,1,13,r13 스냅샷
빅뱅,spillover,2,2df9d59817ac,≤r13,1,13,r13 스냅샷
빅뱅,spillover,3,409c6d117e63,≤r13,1,13,r13 스냅샷
빅뱅,spillover,4,b68ee2e59cc1,≤r13,1,13,r13 스냅샷
빅뱅,spillover,5,6db30a51a5a4,≤r13,1,13,r13 스냅샷
빅뱅,spillover,6,a18c074bf805,≤r13,1,13,r13 스냅샷
빅뱅,spillover,7,5325337d3c87,≤r13,1,13,r13 스냅샷
빅뱅,spillover,8,133cfda4c7c4,≤r13,1,13,r13 스냅샷
빅뱅,spillover,9,5510384f5661,≤r13,1,13,r13 스냅샷
빅뱅,spillover,10,8dc2a52bb8c7,≤r13,1,13,r13 스냅샷
빅뱅,spillover,11,3452122e44df,≤r13,1,13,r13 스냅샷
빅뱅,spillover,12,3920ef49cb44,≤r13,1,13,r13 스냅샷
빅뱅,spillover,13,64b5cf1e52bd,≤r13,1,13,r13 스냅샷
빅뱅,spillover,14,4c3847f4a495,≤r13,1,13,r13 스냅샷
빅뱅,spillover,15,691fa11318db,≤r13,1,13,r13 스냅샷
빅뱅,spillover,16,8367170d27b2,≤r13,1,13,r13 스냅샷
빅뱅,spillover,17,c2f4fe0a2881,≤r13,1,13,r13 스냅샷
빅뱅,spillover,18,3b3b6d61f734,≤r13,1,13,r13 스냅샷
빅뱅,spillover,19,fc7f427b7103,≤r13,1,13,r13 스냅샷
빅뱅,spillover,20,d407111e81c3,≤r13,1,13,r13 스냅샷
빅뱅,spillover,21,3eb4dbf0678a,≤r13,1,13,r13 스냅샷
빅뱅,spillover,22,ed63b3e35b46,≤r13,1,13,r13 스냅샷
빅뱅,spillover,23,9d2209c3f0af,≤r13,1,13,r13 스냅샷
빅뱅,spillover,24,084ade7a8a0e,≤r13,1,13,r13 스냅샷
빅뱅,spillover,25,68c2bcb1ef48,≤r13,1,13,r13 스냅샷
빅뱅,spillover,26,375e651f0164,≤r13,1,13,r13 스냅샷
빅뱅,spillover,27,c1cc064830bc,≤r13,1,13,r13 스냅샷
빅뱅,spillover,28,42189f7bdfc4,r14∼r22,14,22,r22 백업
빅뱅,spillover,29,22026b935de8,r14∼r22,14,22,r22 백업
빅뱅,spillover,30,423441998b14,r23∼r39,23,39,동결 근사 복원본
빅뱅,spillover,31,d6b4b83ac081,r23∼r39,23,39,동결 근사 복원본
빅뱅,spillover,32,c2ee668f3617,r23∼r39,23,39,동결 근사 복원본
빅뱅,spillover,33,10f19610447a,r23∼r39,23,39,동결 근사 복원본
빅뱅,spillover,34,73a1320a310a,r23∼r39,23,39,동결 근사 복원본
빅뱅,spillover,35,2caee5346dff,r23∼r39,23,39,동결 근사 복원본
빅뱅,spillover,36,d49ffdd21f6e,r23∼r39,23,39,동결 근사 복원본
빅뱅,spillover,37,d6c7c301f655,r23∼r39,23,39,동결 근사 복원본
빅뱅,spillover,38,264b2a1be32d,r23∼r39,23,39,동결 근사 복원본
빅뱅,spillover,39,56ccb097de44,r23∼r39,23,39,동결 근사 복원본
빅뱅,spillover,40,410c3550f6fd,r23∼r39,23,39,동결 근사 복원본
빅뱅,spillover,41,1203ca80d337,r23∼r39,23,39,동결 근사 복원본
빅뱅,spillover,42,0ccd2120e810,r23∼r39,23,39,동결 근사 복원본
빅뱅,spillover,43,a9ee59813165,r23∼r39,23,39,동결 근사 복원본
빅뱅,spillover,44,4e3077f70c40,r23∼r39,23,39,동결 근사 복원본
빅뱅,spillover,45,8cb4a7760d69,r23∼r39,23,39,동결 근사 복원본
빅뱅,spillover,46,969d8d0881e1,r23∼r39,23,39,동결 근사 복원본
빅뱅,spillover,47,1e0a64d40357,r41∼r72,41,72,라이브 코퍼스(스냅샷 이후)
빅뱅,spillover,48,3b5ff079b195,r41∼r72,41,72,라이브 코퍼스(스냅샷 이후)
빅뱅,spillover,49,f438f9f506d9,r41∼r72,41,72,라이브 코퍼스(스냅샷 이후)
빅뱅,spillover,50,293a565b75e0,r41∼r72,41,72,라이브 코퍼스(스냅샷 이후)
빅뱅,spillover,51,d76af1e527a8,r41∼r72,41,72,라이브 코퍼스(스냅샷 이후)
빅뱅,spillover,52,f6dc667e280f,r41∼r72,41,72,라이브 코퍼스(스냅샷 이후)
빅뱅,spillover,53,bb244789180e,r41∼r72,41,72,라이브 코퍼스(스냅샷 이후)
빅뱅,spillover,54,b55d882acc8a,r41∼r72,41,72,라이브 코퍼스(스냅샷 이후)
빅뱅,spillover,55,2fc222e9035f,r41∼r72,41,72,라이브 코퍼스(스냅샷 이후)
빅뱅,spillover,56,83c6d328b172,r41∼r72,41,72,라이브 코퍼스(스냅샷 이후)
빅뱅,spillover,57,d102600062fd,r41∼r72,41,72,라이브 코퍼스(스냅샷 이후)
빅뱅,spillover,58,2163f41d9c70,r41∼r72,41,72,라이브 코퍼스(스냅샷 이후)
빅뱅,spillover,59,dd97ba07f32d,r41∼r72,41,72,라이브 코퍼스(스냅샷 이후)
빅뱅,spillover,60,a143b111d76a,r41∼r72,41,72,라이브 코퍼스(스냅샷 이후)
빅뱅,spillover,61,866e0629e4f6,r41∼r72,41,72,라이브 코퍼스(스냅샷 이후)
빅뱅,spillover,62,87be23825366,r41∼r72,41,72,라이브 코퍼스(스냅샷 이후)
빅뱅,spillover,63,10993c12f839,r41∼r72,41,72,라이브 코퍼스(스냅샷 이후)
빅뱅,spillover,64,012bbcbb701a,r41∼r72,41,72,라이브 코퍼스(스냅샷 이후)
빅뱅,spillover,65,e8db548cbc81,r41∼r72,41,72,라이브 코퍼스(스냅샷 이후)
EXO,loyalty,0,4bf0b0676807,≤r13,1,13,r13 스냅샷
EXO,loyalty,1,41591dc1809e,≤r13,1,13,r13 스냅샷
EXO,loyalty,2,ac09b805a79f,≤r13,1,13,r13 스냅샷
EXO,loyalty,3,194e4fefed65,≤r13,1,13,r13 스냅샷
EXO,loyalty,4,c1ae024fdea5,≤r13,1,13,r13 스냅샷
EXO,loyalty,5,449b24ab54ae,≤r13,1,13,r13 스냅샷
EXO,loyalty,6,b4deaf026303,≤r13,1,13,r13 스냅샷
EXO,loyalty,7,44f159581d75,≤r13,1,13,r13 스냅샷
EXO,loyalty,8,7bced9b7a85e,≤r13,1,13,r13 스냅샷
EXO,loyalty,9,c5e0e630a612,≤r13,1,13,r13 스냅샷
EXO,loyalty,10,7b8c29c3452a,≤r13,1,13,r13 스냅샷
EXO,loyalty,11,b3f493a127d6,≤r13,1,13,r13 스냅샷
EXO,loyalty,12,77d86c9bf8f8,≤r13,1,13,r13 스냅샷
EXO,loyalty,13,9331f74f8e9b,≤r13,1,13,r13 스냅샷
EXO,loyalty,14,87c7d301ba0b,≤r13,1,13,r13 스냅샷
EXO,loyalty,15,fbd3e937a9bd,≤r13,1,13,r13 스냅샷
EXO,loyalty,16,b28c9ae20804,≤r13,1,13,r13 스냅샷
EXO,loyalty,17,83f6dac6cd04,≤r13,1,13,r13 스냅샷
EXO,loyalty,18,a391612e9972,≤r13,1,13,r13 스냅샷
EXO,loyalty,19,496961c3215b,≤r13,1,13,r13 스냅샷
EXO,loyalty,20,9847a42dcac0,≤r13,1,13,r13 스냅샷
EXO,loyalty,21,391334ff6253,≤r13,1,13,r13 스냅샷
EXO,loyalty,22,92a3b6e2738e,≤r13,1,13,r13 스냅샷
EXO,loyalty,23,4852972916b0,≤r13,1,13,r13 스냅샷
EXO,loyalty,24,1745403010c5,≤r13,1,13,r13 스냅샷
EXO,loyalty,25,3c689f710b0f,≤r13,1,13,r13 스냅샷
EXO,loyalty,26,ef83fc7a1a74,≤r13,1,13,r13 스냅샷
EXO,loyalty,27,7bf0a357ef53,≤r13,1,13,r13 스냅샷
EXO,loyalty,28,1ebcb38323f2,≤r13,1,13,r13 스냅샷
EXO,loyalty,29,7282c478c92a,≤r13,1,13,r13 스냅샷
EXO,loyalty,30,1b093e0da1c9,r23∼r39,23,39,동결 근사 복원본
EXO,loyalty,31,27eca9cd7420,r23∼r39,23,39,동결 근사 복원본
EXO,loyalty,32,ef6f395e901f,r23∼r39,23,39,동결 근사 복원본
EXO,loyalty,33,87ea4e9d8afa,r23∼r39,23,39,동결 근사 복원본
EXO,loyalty,34,ac0fc26cc306,r23∼r39,23,39,동결 근사 복원본
EXO,loyalty,35,ffedb7920ca7,r23∼r39,23,39,동결 근사 복원본
EXO,loyalty,36,1d0ce4b3fa77,r41∼r72,41,72,라이브 코퍼스(스냅샷 이후)
EXO,loyalty,37,8e5288a234e5,r41∼r72,41,72,라이브 코퍼스(스냅샷 이후)
EXO,loyalty,38,5d27361ed0bb,r41∼r72,41,72,라이브 코퍼스(스냅샷 이후)
EXO,loyalty,39,abb1caff9c65,r41∼r72,41,72,라이브 코퍼스(스냅샷 이후)
EXO,loyalty,40,fe8fadac2883,r41∼r72,41,72,라이브 코퍼스(스냅샷 이후)
EXO,loyalty,41,97df19c57bec,r41∼r72,41,72,라이브 코퍼스(스냅샷 이후)
EXO,loyalty,42,e05fccf841f9,r41∼r72,41,72,라이브 코퍼스(스냅샷 이후)
EXO,loyalty,43,bfe4ee078cb9,r41∼r72,41,72,라이브 코퍼스(스냅샷 이후)
EXO,loyalty,44,a675202cd70c,r41∼r72,41,72,라이브 코퍼스(스냅샷 이후)
EXO,loyalty,45,9364ea67bd36,r41∼r72,41,72,라이브 코퍼스(스냅샷 이후)
EXO,loyalty,46,ca8f77356b8b,r41∼r72,41,72,라이브 코퍼스(스냅샷 이후)
EXO,spillover,0,f8da922f4850,≤r13,1,13,r13 스냅샷
EXO,spillover,1,15fe57cbc1a0,≤r13,1,13,r13 스냅샷
EXO,spillover,2,fb62c095821e,≤r13,1,13,r13 스냅샷
EXO,spillover,3,06cce1986b89,≤r13,1,13,r13 스냅샷
EXO,spillover,4,4d37d1cd8a0c,≤r13,1,13,r13 스냅샷
EXO,spillover,5,de060cb85efb,≤r13,1,13,r13 스냅샷
EXO,spillover,6,96a7acac871f,≤r13,1,13,r13 스냅샷
EXO,spillover,7,4808bd2f2467,≤r13,1,13,r13 스냅샷
EXO,spillover,8,077d49dbcda5,≤r13,1,13,r13 스냅샷
EXO,spillover,9,fbaacc5c045e,≤r13,1,13,r13 스냅샷
EXO,spillover,10,9f0b90a5e898,≤r13,1,13,r13 스냅샷
EXO,spillover,11,8bdc38de1c56,≤r13,1,13,r13 스냅샷
EXO,spillover,12,8970b8ee0df1,≤r13,1,13,r13 스냅샷
EXO,spillover,13,8ca0ad3da465,≤r13,1,13,r13 스냅샷
EXO,spillover,14,602055dd810d,≤r13,1,13,r13 스냅샷
EXO,spillover,15,be0b359f8d53,≤r13,1,13,r13 스냅샷
EXO,spillover,16,9b23ffdd2f0e,≤r13,1,13,r13 스냅샷
EXO,spillover,17,124d7eebe345,≤r13,1,13,r13 스냅샷
EXO,spillover,18,90e6e935f161,≤r13,1,13,r13 스냅샷
EXO,spillover,19,105fa1015077,≤r13,1,13,r13 스냅샷
EXO,spillover,20,3d77beb089ed,≤r13,1,13,r13 스냅샷
EXO,spillover,21,b1965a7ab9eb,≤r13,1,13,r13 스냅샷
EXO,spillover,22,ae63e2915e8e,≤r13,1,13,r13 스냅샷
EXO,spillover,23,34a43968bb8b,≤r13,1,13,r13 스냅샷
EXO,spillover,24,98e281119327,≤r13,1,13,r13 스냅샷
EXO,spillover,25,64663a84cfa5,≤r13,1,13,r13 스냅샷
EXO,spillover,26,a74dde1f59c0,≤r13,1,13,r13 스냅샷
EXO,spillover,27,68aea67b893b,≤r13,1,13,r13 스냅샷
EXO,spillover,28,5e582c1a88b4,≤r13,1,13,r13 스냅샷
EXO,spillover,29,76794b541fd1,r23∼r39,23,39,동결 근사 복원본
EXO,spillover,30,dd937a2ed487,r23∼r39,23,39,동결 근사 복원본
EXO,spillover,31,822c4508e013,r23∼r39,23,39,동결 근사 복원본
EXO,spillover,32,b5609bf6700d,r23∼r39,23,39,동결 근사 복원본
EXO,spillover,33,5eba7ca69100,r23∼r39,23,39,동결 근사 복원본
EXO,spillover,34,89bcb1fbf81c,r23∼r39,23,39,동결 근사 복원본
EXO,spillover,35,afba33e0ec90,r23∼r39,23,39,동결 근사 복원본
EXO,spillover,36,fab02d874a79,r23∼r39,23,39,동결 근사 복원본
EXO,spillover,37,8d7ef8c33b6b,r23∼r39,23,39,동결 근사 복원본
EXO,spillover,38,cc1c7838ef69,r23∼r39,23,39,동결 근사 복원본
EXO,spillover,39,368972ae91dc,r23∼r39,23,39,동결 근사 복원본
EXO,spillover,40,a4859b4ef8e9,r23∼r39,23,39,동결 근사 복원본
EXO,spillover,41,e6a8ca140d8e,r23∼r39,23,39,동결 근사 복원본
EXO,spillover,42,3b0eba6918cf,r23∼r39,23,39,동결 근사 복원본
EXO,spillover,43,06382b8b91c5,r23∼r39,23,39,동결 근사 복원본
EXO,spillover,44,fee1fbdcc6d1,r23∼r39,23,39,동결 근사 복원본
EXO,spillover,45,e1b28db8681d,r23∼r39,23,39,동결 근사 복원본
EXO,spillover,46,164725549b21,r23∼r39,23,39,동결 근사 복원본
EXO,spillover,47,29a6c26d5233,r23∼r39,23,39,동결 근사 복원본
EXO,spillover,48,b217e1b956f1,r23∼r39,23,39,동결 근사 복원본
EXO,spillover,49,0535f9752e71,r23∼r39,23,39,동결 근사 복원본
EXO,spillover,50,01a2a598108a,r23∼r39,23,39,동결 근사 복원본
EXO,spillover,51,7ce828c8e2fe,r23∼r39,23,39,동결 근사 복원본
EXO,spillover,52,5e71f20b1488,r23∼r39,23,39,동결 근사 복원본
EXO,spillover,53,d27796fb6250,r23∼r39,23,39,동결 근사 복원본
EXO,spillover,54,126b8bd4c361,r41∼r72,41,72,라이브 코퍼스(스냅샷 이후)
EXO,spillover,55,e71beaa93a4d,r41∼r72,41,72,라이브 코퍼스(스냅샷 이후)
EXO,spillover,56,135c85e58549,r41∼r72,41,72,라이브 코퍼스(스냅샷 이후)
EXO,spillover,57,344ba29bab0c,r41∼r72,41,72,라이브 코퍼스(스냅샷 이후)
EXO,spillover,58,7e71f6bfea59,r41∼r72,41,72,라이브 코퍼스(스냅샷 이후)
EXO,spillover,59,4a967cddc657,r41∼r72,41,72,라이브 코퍼스(스냅샷 이후)
EXO,spillover,60,b3ce475ed580,r41∼r72,41,72,라이브 코퍼스(스냅샷 이후)
EXO,spillover,61,c954c95139d5,r41∼r72,41,72,라이브 코퍼스(스냅샷 이후)
EXO,spillover,62,babb3f7d6810,r41∼r72,41,72,라이브 코퍼스(스냅샷 이후)
EXO,spillover,63,316ae7817434,r41∼r72,41,72,라이브 코퍼스(스냅샷 이후)
EXO,spillover,64,f442ef3f062d,r41∼r72,41,72,라이브 코퍼스(스냅샷 이후)
EXO,spillover,65,2eef7c2bbd73,r41∼r72,41,72,라이브 코퍼스(스냅샷 이후)
EXO,spillover,66,7032240690e2,r41∼r72,41,72,라이브 코퍼스(스냅샷 이후)
EXO,spillover,67,c818f6b4f9fa,r41∼r72,41,72,라이브 코퍼스(스냅샷 이후)
EXO,spillover,68,0998a7cd9ff8,r41∼r72,41,72,라이브 코퍼스(스냅샷 이후)
EXO,spillover,69,d02975101541,r41∼r72,41,72,라이브 코퍼스(스냅샷 이후)
EXO,spillover,70,fbae83192738,r41∼r72,41,72,라이브 코퍼스(스냅샷 이후)
EXO,spillover,71,476e4785afd1,r41∼r72,41,72,라이브 코퍼스(스냅샷 이후)
EXO,spillover,72,68680bc0cd76,r41∼r72,41,72,라이브 코퍼스(스냅샷 이후)
EXO,spillover,73,5f87970a1aba,r41∼r72,41,72,라이브 코퍼스(스냅샷 이후)
슈퍼주니어,loyalty,0,475c2173baf2,≤r13,1,13,r13 스냅샷
슈퍼주니어,loyalty,1,7059a3cdae5b,≤r13,1,13,r13 스냅샷
슈퍼주니어,loyalty,2,ecbdb0611d84,≤r13,1,13,r13 스냅샷
슈퍼주니어,loyalty,3,bbdb7fe032e3,≤r13,1,13,r13 스냅샷
슈퍼주니어,loyalty,4,f2e7e20e095e,≤r13,1,13,r13 스냅샷
슈퍼주니어,loyalty,5,693ff3cd2f00,≤r13,1,13,r13 스냅샷
슈퍼주니어,loyalty,6,1fb3f8d40bc3,≤r13,1,13,r13 스냅샷
슈퍼주니어,loyalty,7,e7328818769e,≤r13,1,13,r13 스냅샷
슈퍼주니어,loyalty,8,259cfaaefc74,≤r13,1,13,r13 스냅샷
슈퍼주니어,loyalty,9,ebb408cae53a,≤r13,1,13,r13 스냅샷
슈퍼주니어,loyalty,10,ff51e8e6150e,≤r13,1,13,r13 스냅샷
슈퍼주니어,loyalty,11,e4ee3c6f87bc,≤r13,1,13,r13 스냅샷
슈퍼주니어,loyalty,12,4cf8f711457e,≤r13,1,13,r13 스냅샷
슈퍼주니어,loyalty,13,b283d18294a7,≤r13,1,13,r13 스냅샷
슈퍼주니어,loyalty,14,5995e583101b,≤r13,1,13,r13 스냅샷
슈퍼주니어,loyalty,15,2b51b53133d4,≤r13,1,13,r13 스냅샷
슈퍼주니어,loyalty,16,7329e2e4c317,≤r13,1,13,r13 스냅샷
슈퍼주니어,loyalty,17,15d217c819a6,≤r13,1,13,r13 스냅샷
슈퍼주니어,loyalty,18,bc23212a4a17,≤r13,1,13,r13 스냅샷
슈퍼주니어,loyalty,19,a811d6eca8a4,≤r13,1,13,r13 스냅샷
슈퍼주니어,loyalty,20,a00ab6ad44d5,r23∼r39,23,39,동결 근사 복원본
슈퍼주니어,loyalty,21,4179d274656f,r23∼r39,23,39,동결 근사 복원본
슈퍼주니어,loyalty,22,0ccb626ef15a,r23∼r39,23,39,동결 근사 복원본
슈퍼주니어,loyalty,23,c6a69836a5b2,r23∼r39,23,39,동결 근사 복원본
슈퍼주니어,loyalty,24,8b8d0e542ceb,r41∼r72,41,72,라이브 코퍼스(스냅샷 이후)
슈퍼주니어,loyalty,25,94cd9297c85c,r41∼r72,41,72,라이브 코퍼스(스냅샷 이후)
슈퍼주니어,loyalty,26,1ab4b65dc665,r41∼r72,41,72,라이브 코퍼스(스냅샷 이후)
슈퍼주니어,loyalty,27,1b88485d568b,r41∼r72,41,72,라이브 코퍼스(스냅샷 이후)
슈퍼주니어,loyalty,28,ebb967032e5a,r41∼r72,41,72,라이브 코퍼스(스냅샷 이후)
슈퍼주니어,loyalty,29,f464198434a3,r41∼r72,41,72,라이브 코퍼스(스냅샷 이후)
슈퍼주니어,loyalty,30,25fa8b3e1d95,r41∼r72,41,72,라이브 코퍼스(스냅샷 이후)
슈퍼주니어,spillover,0,11cd8bcc64fa,≤r13,1,13,r13 스냅샷
슈퍼주니어,spillover,1,28770c2d1156,≤r13,1,13,r13 스냅샷
슈퍼주니어,spillover,2,666556253bcd,≤r13,1,13,r13 스냅샷
슈퍼주니어,spillover,3,8b050d8d4cc5,≤r13,1,13,r13 스냅샷
슈퍼주니어,spillover,4,7367e328ccbe,≤r13,1,13,r13 스냅샷
슈퍼주니어,spillover,5,a5886b2fe8c9,≤r13,1,13,r13 스냅샷
슈퍼주니어,spillover,6,f16c13cf0cc1,≤r13,1,13,r13 스냅샷
슈퍼주니어,spillover,7,09a2ed30c400,≤r13,1,13,r13 스냅샷
슈퍼주니어,spillover,8,b14b48ffebbb,≤r13,1,13,r13 스냅샷
슈퍼주니어,spillover,9,d862c9ef0e2e,≤r13,1,13,r13 스냅샷
슈퍼주니어,spillover,10,7bc9c84db002,≤r13,1,13,r13 스냅샷
슈퍼주니어,spillover,11,115d972b45de,≤r13,1,13,r13 스냅샷
슈퍼주니어,spillover,12,6c302b92ea91,≤r13,1,13,r13 스냅샷
슈퍼주니어,spillover,13,03e0f604d53a,≤r13,1,13,r13 스냅샷
슈퍼주니어,spillover,14,b273b8c8f28f,≤r13,1,13,r13 스냅샷
슈퍼주니어,spillover,15,7c1242e1b055,≤r13,1,13,r13 스냅샷
슈퍼주니어,spillover,16,04820271891c,≤r13,1,13,r13 스냅샷
슈퍼주니어,spillover,17,ab3d2e8ea282,≤r13,1,13,r13 스냅샷
슈퍼주니어,spillover,18,f090584d9909,≤r13,1,13,r13 스냅샷
슈퍼주니어,spillover,19,3fa18bd9b36e,≤r13,1,13,r13 스냅샷
슈퍼주니어,spillover,20,bdbe04d19a3d,≤r13,1,13,r13 스냅샷
슈퍼주니어,spillover,21,4e77475ac023,≤r13,1,13,r13 스냅샷
슈퍼주니어,spillover,22,a4f3f6714afb,r23∼r39,23,39,동결 근사 복원본
슈퍼주니어,spillover,23,bb3ece5d3072,r23∼r39,23,39,동결 근사 복원본
슈퍼주니어,spillover,24,a6b4e09d36ea,r23∼r39,23,39,동결 근사 복원본
슈퍼주니어,spillover,25,7bee68d5f6a0,r23∼r39,23,39,동결 근사 복원본
슈퍼주니어,spillover,26,9115d9b26eb5,r23∼r39,23,39,동결 근사 복원본
슈퍼주니어,spillover,27,e10d3974823b,r23∼r39,23,39,동결 근사 복원본
슈퍼주니어,spillover,28,0027d97e2c8e,r23∼r39,23,39,동결 근사 복원본
슈퍼주니어,spillover,29,0876537a2fdb,r23∼r39,23,39,동결 근사 복원본
슈퍼주니어,spillover,30,f949f43f577d,r23∼r39,23,39,동결 근사 복원본
슈퍼주니어,spillover,31,1a900368cead,r23∼r39,23,39,동결 근사 복원본
슈퍼주니어,spillover,32,83fab6e7cf09,r23∼r39,23,39,동결 근사 복원본
슈퍼주니어,spillover,33,7ca33d3c83b8,r23∼r39,23,39,동결 근사 복원본
슈퍼주니어,spillover,34,7568a3940bbb,r23∼r39,23,39,동결 근사 복원본
슈퍼주니어,spillover,35,174004753e1e,r23∼r39,23,39,동결 근사 복원본
슈퍼주니어,spillover,36,091ed07e0fb7,r23∼r39,23,39,동결 근사 복원본
슈퍼주니어,spillover,37,8fbb86f19c0c,r23∼r39,23,39,동결 근사 복원본
슈퍼주니어,spillover,38,2e74f68fe480,r41∼r72,41,72,라이브 코퍼스(스냅샷 이후)
슈퍼주니어,spillover,39,1cae90209926,r41∼r72,41,72,라이브 코퍼스(스냅샷 이후)
슈퍼주니어,spillover,40,f50a8ed790f9,r41∼r72,41,72,라이브 코퍼스(스냅샷 이후)
슈퍼주니어,spillover,41,0c4c86ebff3e,r41∼r72,41,72,라이브 코퍼스(스냅샷 이후)
슈퍼주니어,spillover,42,9093a5d536a5,r41∼r72,41,72,라이브 코퍼스(스냅샷 이후)
슈퍼주니어,spillover,43,12e1e9b27084,r41∼r72,41,72,라이브 코퍼스(스냅샷 이후)
슈퍼주니어,spillover,44,e5373d65ec68,r41∼r72,41,72,라이브 코퍼스(스냅샷 이후)
슈퍼주니어,spillover,45,36cb07337f50,r41∼r72,41,72,라이브 코퍼스(스냅샷 이후)
슈퍼주니어,spillover,46,012039cfcb6c,r41∼r72,41,72,라이브 코퍼스(스냅샷 이후)
슈퍼주니어,spillover,47,d913f1a4b4bd,r41∼r72,41,72,라이브 코퍼스(스냅샷 이후)
슈퍼주니어,spillover,48,841dcd807566,r41∼r72,41,72,라이브 코퍼스(스냅샷 이후)
슈퍼주니어,spillover,49,49813d079a6f,r41∼r72,41,72,라이브 코퍼스(스냅샷 이후)
슈퍼주니어,spillover,50,eb01608ebce7,r41∼r72,41,72,라이브 코퍼스(스냅샷 이후)
슈퍼주니어,spillover,51,89a1f7ef0984,r41∼r72,41,72,라이브 코퍼스(스냅샷 이후)
슈퍼주니어,spillover,52,4fada925c7b1,r41∼r72,41,72,라이브 코퍼스(스냅샷 이후)
슈퍼주니어,spillover,53,2a73e04acf7c,r41∼r72,41,72,라이브 코퍼스(스냅샷 이후)
슈퍼주니어,spillover,54,148a9acbde4b,r41∼r72,41,72,라이브 코퍼스(스냅샷 이후)
슈퍼주니어,spillover,55,6ee2ed0e20c6,r41∼r72,41,72,라이브 코퍼스(스냅샷 이후)
슈퍼주니어,spillover,56,0cb589c3e9fa,r41∼r72,41,72,라이브 코퍼스(스냅샷 이후)
슈퍼주니어,spillover,57,04d6fcc6689c,r41∼r72,41,72,라이브 코퍼스(스냅샷 이후)
샤이니,loyalty,0,79602f588f98,≤r13,1,13,r13 스냅샷
샤이니,loyalty,1,00e9d412d608,≤r13,1,13,r13 스냅샷
샤이니,loyalty,2,35da3b35e21c,≤r13,1,13,r13 스냅샷
샤이니,loyalty,3,6cbc5a87b314,≤r13,1,13,r13 스냅샷
샤이니,loyalty,4,075a7496bae7,≤r13,1,13,r13 스냅샷
샤이니,loyalty,5,ac2f4f05606b,≤r13,1,13,r13 스냅샷
샤이니,loyalty,6,750d42fa356b,≤r13,1,13,r13 스냅샷
샤이니,loyalty,7,df98f20b9225,≤r13,1,13,r13 스냅샷
샤이니,loyalty,8,70cfe1f8ca40,≤r13,1,13,r13 스냅샷
샤이니,loyalty,9,aeba1158dc13,≤r13,1,13,r13 스냅샷
샤이니,loyalty,10,5a8209ccdd21,≤r13,1,13,r13 스냅샷
샤이니,loyalty,11,4aa7c972f630,≤r13,1,13,r13 스냅샷
샤이니,loyalty,12,0985384eda11,≤r13,1,13,r13 스냅샷
샤이니,loyalty,13,0db9924b269a,≤r13,1,13,r13 스냅샷
샤이니,loyalty,14,0ea6be9e3d6c,r14∼r22,14,22,r22 백업
샤이니,loyalty,15,144ec51859c1,r14∼r22,14,22,r22 백업
샤이니,loyalty,16,1e1c5f990c41,r14∼r22,14,22,r22 백업
샤이니,loyalty,17,00f844f55e11,r14∼r22,14,22,r22 백업
샤이니,loyalty,18,b19908c702a9,r14∼r22,14,22,r22 백업
샤이니,loyalty,19,7b96d10282de,r14∼r22,14,22,r22 백업
샤이니,loyalty,20,6528f969bcdb,r14∼r22,14,22,r22 백업
샤이니,loyalty,21,10c056e980ce,r14∼r22,14,22,r22 백업
샤이니,loyalty,22,3ecc5965d2c4,r14∼r22,14,22,r22 백업
샤이니,loyalty,23,0885b982d8e8,r14∼r22,14,22,r22 백업
샤이니,loyalty,24,6484441ac70a,r23∼r39,23,39,동결 근사 복원본
샤이니,loyalty,25,f86f6b64b6bf,r23∼r39,23,39,동결 근사 복원본
샤이니,loyalty,26,bceb2a664075,r23∼r39,23,39,동결 근사 복원본
샤이니,loyalty,27,af85cbd02413,r23∼r39,23,39,동결 근사 복원본
샤이니,loyalty,28,30fb42fce721,r23∼r39,23,39,동결 근사 복원본
샤이니,loyalty,29,5448398b2be6,r41∼r72,41,72,라이브 코퍼스(스냅샷 이후)
샤이니,loyalty,30,6cf67c436cfa,r41∼r72,41,72,라이브 코퍼스(스냅샷 이후)
샤이니,loyalty,31,15a30ef1e304,r41∼r72,41,72,라이브 코퍼스(스냅샷 이후)
샤이니,loyalty,32,6a0d35fb7479,r41∼r72,41,72,라이브 코퍼스(스냅샷 이후)
샤이니,loyalty,33,f42f12694b6d,r41∼r72,41,72,라이브 코퍼스(스냅샷 이후)
샤이니,loyalty,34,4772ee188935,r41∼r72,41,72,라이브 코퍼스(스냅샷 이후)
샤이니,loyalty,35,61ab7cf51856,r41∼r72,41,72,라이브 코퍼스(스냅샷 이후)
샤이니,spillover,0,44691c502c2a,≤r13,1,13,r13 스냅샷
샤이니,spillover,1,9ee87cc60805,≤r13,1,13,r13 스냅샷
샤이니,spillover,2,d8c0bd616926,≤r13,1,13,r13 스냅샷
샤이니,spillover,3,3718d8cb960d,≤r13,1,13,r13 스냅샷
샤이니,spillover,4,1fcff322cea8,≤r13,1,13,r13 스냅샷
샤이니,spillover,5,3b9da394f058,≤r13,1,13,r13 스냅샷
샤이니,spillover,6,bffe7c08a2f8,≤r13,1,13,r13 스냅샷
샤이니,spillover,7,cf5ef5272211,≤r13,1,13,r13 스냅샷
샤이니,spillover,8,aa9e7d6a75c2,≤r13,1,13,r13 스냅샷
샤이니,spillover,9,5c92c3ce4013,≤r13,1,13,r13 스냅샷
샤이니,spillover,10,f63dffea77aa,≤r13,1,13,r13 스냅샷
샤이니,spillover,11,a684554fa323,≤r13,1,13,r13 스냅샷
샤이니,spillover,12,a0dd7eea8941,≤r13,1,13,r13 스냅샷
샤이니,spillover,13,e2654e66cdde,≤r13,1,13,r13 스냅샷
샤이니,spillover,14,12ebd54601fd,≤r13,1,13,r13 스냅샷
샤이니,spillover,15,407f672764cd,≤r13,1,13,r13 스냅샷
샤이니,spillover,16,06f386ca8311,≤r13,1,13,r13 스냅샷
샤이니,spillover,17,21206083d46a,≤r13,1,13,r13 스냅샷
샤이니,spillover,18,3e1f423420bc,≤r13,1,13,r13 스냅샷
샤이니,spillover,19,724f44eff8a9,≤r13,1,13,r13 스냅샷
샤이니,spillover,20,b35dd65b89d2,r14∼r22,14,22,r22 백업
샤이니,spillover,21,56def54de700,r23∼r39,23,39,동결 근사 복원본
샤이니,spillover,22,6ae77c52a71b,r23∼r39,23,39,동결 근사 복원본
샤이니,spillover,23,3f699b484355,r23∼r39,23,39,동결 근사 복원본
샤이니,spillover,24,eb7f73afa312,r23∼r39,23,39,동결 근사 복원본
샤이니,spillover,25,83931db060d9,r23∼r39,23,39,동결 근사 복원본
샤이니,spillover,26,a3685c9d86a5,r23∼r39,23,39,동결 근사 복원본
샤이니,spillover,27,66778766dfa5,r23∼r39,23,39,동결 근사 복원본
샤이니,spillover,28,5232e2233a7e,r23∼r39,23,39,동결 근사 복원본
샤이니,spillover,29,c4c865e742b7,r23∼r39,23,39,동결 근사 복원본
샤이니,spillover,30,b3b670360043,r23∼r39,23,39,동결 근사 복원본
샤이니,spillover,31,0e500c5b4cfb,r23∼r39,23,39,동결 근사 복원본
샤이니,spillover,32,52ad9fe7f52f,r23∼r39,23,39,동결 근사 복원본
샤이니,spillover,33,3f05759f4183,r23∼r39,23,39,동결 근사 복원본
샤이니,spillover,34,1fa80267d669,r23∼r39,23,39,동결 근사 복원본
샤이니,spillover,35,c63437bedcb2,r23∼r39,23,39,동결 근사 복원본
샤이니,spillover,36,79d3ad662d23,r41∼r72,41,72,라이브 코퍼스(스냅샷 이후)
샤이니,spillover,37,6f93c1e75de8,r41∼r72,41,72,라이브 코퍼스(스냅샷 이후)
샤이니,spillover,38,85cbb7568599,r41∼r72,41,72,라이브 코퍼스(스냅샷 이후)
샤이니,spillover,39,b19c11675eb9,r41∼r72,41,72,라이브 코퍼스(스냅샷 이후)
샤이니,spillover,40,59aeb7a2ee07,r41∼r72,41,72,라이브 코퍼스(스냅샷 이후)
ATEEZ,loyalty,0,de17de6de8a5,≤r13,1,13,r13 스냅샷
ATEEZ,loyalty,1,3c5ee974741f,≤r13,1,13,r13 스냅샷
ATEEZ,loyalty,2,5d61c3bf1588,≤r13,1,13,r13 스냅샷
ATEEZ,loyalty,3,56460507c6b8,≤r13,1,13,r13 스냅샷
ATEEZ,loyalty,4,e394068b6cde,≤r13,1,13,r13 스냅샷
ATEEZ,loyalty,5,a00637aa531e,≤r13,1,13,r13 스냅샷
ATEEZ,loyalty,6,4344d9558fc4,≤r13,1,13,r13 스냅샷
ATEEZ,loyalty,7,40dc1e055e92,≤r13,1,13,r13 스냅샷
ATEEZ,loyalty,8,4b543e11c2f1,≤r13,1,13,r13 스냅샷
ATEEZ,loyalty,9,4a3b64973c9d,≤r13,1,13,r13 스냅샷
ATEEZ,loyalty,10,d714485ff080,≤r13,1,13,r13 스냅샷
ATEEZ,loyalty,11,1093cd37c2d8,≤r13,1,13,r13 스냅샷
ATEEZ,loyalty,12,23478c9b51f0,≤r13,1,13,r13 스냅샷
ATEEZ,loyalty,13,33c1c5c00f30,≤r13,1,13,r13 스냅샷
ATEEZ,loyalty,14,1bfc4c26197d,≤r13,1,13,r13 스냅샷
ATEEZ,loyalty,15,3d0bfebf444c,≤r13,1,13,r13 스냅샷
ATEEZ,loyalty,16,7db0678cd6a0,≤r13,1,13,r13 스냅샷
ATEEZ,loyalty,17,747f7b519781,≤r13,1,13,r13 스냅샷
ATEEZ,loyalty,18,2aa9745aa47b,≤r13,1,13,r13 스냅샷
ATEEZ,loyalty,19,db3b10d1af59,≤r13,1,13,r13 스냅샷
ATEEZ,loyalty,20,1b5f6bbf7ce4,≤r13,1,13,r13 스냅샷
ATEEZ,loyalty,21,1646bd88d33f,≤r13,1,13,r13 스냅샷
ATEEZ,loyalty,22,95c6b03e3f76,≤r13,1,13,r13 스냅샷
ATEEZ,loyalty,23,73851d4d20da,≤r13,1,13,r13 스냅샷
ATEEZ,loyalty,24,1ffb1d52822e,≤r13,1,13,r13 스냅샷
ATEEZ,loyalty,25,03098c205847,≤r13,1,13,r13 스냅샷
ATEEZ,loyalty,26,6491bb232a55,≤r13,1,13,r13 스냅샷
ATEEZ,loyalty,27,385fcc127219,≤r13,1,13,r13 스냅샷
ATEEZ,loyalty,28,6d28f3066d96,≤r13,1,13,r13 스냅샷
ATEEZ,loyalty,29,9166700e065a,≤r13,1,13,r13 스냅샷
ATEEZ,loyalty,30,ca6e9da66ba1,r23∼r39,23,39,동결 근사 복원본
ATEEZ,loyalty,31,0a27fe55e42d,r23∼r39,23,39,동결 근사 복원본
ATEEZ,loyalty,32,eed501bd3f86,r23∼r39,23,39,동결 근사 복원본
ATEEZ,loyalty,33,7705dc8d66ba,r23∼r39,23,39,동결 근사 복원본
ATEEZ,loyalty,34,8780b0d69bdb,r41∼r72,41,72,라이브 코퍼스(스냅샷 이후)
ATEEZ,loyalty,35,a7985167a8a3,r41∼r72,41,72,라이브 코퍼스(스냅샷 이후)
ATEEZ,loyalty,36,5026852075e5,r41∼r72,41,72,라이브 코퍼스(스냅샷 이후)
ATEEZ,loyalty,37,8b90551ca41f,r41∼r72,41,72,라이브 코퍼스(스냅샷 이후)
ATEEZ,loyalty,38,0bef651c2877,r41∼r72,41,72,라이브 코퍼스(스냅샷 이후)
ATEEZ,loyalty,39,bfe5be781ade,r41∼r72,41,72,라이브 코퍼스(스냅샷 이후)
ATEEZ,loyalty,40,d228b8a663b0,r41∼r72,41,72,라이브 코퍼스(스냅샷 이후)
ATEEZ,loyalty,41,9b63f6a3b132,r41∼r72,41,72,라이브 코퍼스(스냅샷 이후)
ATEEZ,spillover,0,ed6cbfcbb60f,≤r13,1,13,r13 스냅샷
ATEEZ,spillover,1,974e78c08bcb,≤r13,1,13,r13 스냅샷
ATEEZ,spillover,2,4e554d46d433,≤r13,1,13,r13 스냅샷
ATEEZ,spillover,3,7dbf738ff4c7,≤r13,1,13,r13 스냅샷
ATEEZ,spillover,4,244027e8620b,≤r13,1,13,r13 스냅샷
ATEEZ,spillover,5,09baeacf0f45,≤r13,1,13,r13 스냅샷
ATEEZ,spillover,6,7d2a5f823384,≤r13,1,13,r13 스냅샷
ATEEZ,spillover,7,ba188c4eba4c,≤r13,1,13,r13 스냅샷
ATEEZ,spillover,8,818e296f8824,≤r13,1,13,r13 스냅샷
ATEEZ,spillover,9,12f0d4450a47,≤r13,1,13,r13 스냅샷
ATEEZ,spillover,10,36d762def1ac,≤r13,1,13,r13 스냅샷
ATEEZ,spillover,11,c100f49bdca7,≤r13,1,13,r13 스냅샷
ATEEZ,spillover,12,32555b8a53de,≤r13,1,13,r13 스냅샷
ATEEZ,spillover,13,4762f474da43,≤r13,1,13,r13 스냅샷
ATEEZ,spillover,14,848ce2b68a41,≤r13,1,13,r13 스냅샷
ATEEZ,spillover,15,313647ae9a48,≤r13,1,13,r13 스냅샷
ATEEZ,spillover,16,3df5df9eccf7,≤r13,1,13,r13 스냅샷
ATEEZ,spillover,17,49e7f9b65848,≤r13,1,13,r13 스냅샷
ATEEZ,spillover,18,949979f1fdc9,≤r13,1,13,r13 스냅샷
ATEEZ,spillover,19,2b07cf9bd6e3,≤r13,1,13,r13 스냅샷
ATEEZ,spillover,20,bd0f8738a4cb,≤r13,1,13,r13 스냅샷
ATEEZ,spillover,21,d93c9d16ceed,≤r13,1,13,r13 스냅샷
ATEEZ,spillover,22,179f25ca494c,≤r13,1,13,r13 스냅샷
ATEEZ,spillover,23,d15058b95eb9,≤r13,1,13,r13 스냅샷
ATEEZ,spillover,24,36ad065b3053,≤r13,1,13,r13 스냅샷
ATEEZ,spillover,25,3f8be040ecca,≤r13,1,13,r13 스냅샷
ATEEZ,spillover,26,84f1aa17dab9,≤r13,1,13,r13 스냅샷
ATEEZ,spillover,27,aace74bb7e7e,≤r13,1,13,r13 스냅샷
ATEEZ,spillover,28,650f8e03ddfd,≤r13,1,13,r13 스냅샷
ATEEZ,spillover,29,d3123bab4be7,≤r13,1,13,r13 스냅샷
ATEEZ,spillover,30,9db23342c8e7,≤r13,1,13,r13 스냅샷
ATEEZ,spillover,31,8618bacbf331,≤r13,1,13,r13 스냅샷
ATEEZ,spillover,32,59e00d0d90b0,r23∼r39,23,39,동결 근사 복원본
ATEEZ,spillover,33,109279c3cc1c,r23∼r39,23,39,동결 근사 복원본
ATEEZ,spillover,34,e9d7d4fd324d,r23∼r39,23,39,동결 근사 복원본
ATEEZ,spillover,35,d585efe037c9,r23∼r39,23,39,동결 근사 복원본
ATEEZ,spillover,36,27f18db8ce06,r23∼r39,23,39,동결 근사 복원본
ATEEZ,spillover,37,0722ffdf0a6d,r23∼r39,23,39,동결 근사 복원본
ATEEZ,spillover,38,6ed6e1fbdc64,r23∼r39,23,39,동결 근사 복원본
ATEEZ,spillover,39,0ad86c11f734,r23∼r39,23,39,동결 근사 복원본
ATEEZ,spillover,40,98ab2bc502ba,r23∼r39,23,39,동결 근사 복원본
ATEEZ,spillover,41,5a37e89e376b,r23∼r39,23,39,동결 근사 복원본
ATEEZ,spillover,42,7c0aa26934f1,r23∼r39,23,39,동결 근사 복원본
ATEEZ,spillover,43,4baf95783243,r23∼r39,23,39,동결 근사 복원본
ATEEZ,spillover,44,83b434b11ddf,r23∼r39,23,39,동결 근사 복원본
ATEEZ,spillover,45,8e50c159b974,r23∼r39,23,39,동결 근사 복원본
ATEEZ,spillover,46,c37c4d05429e,r23∼r39,23,39,동결 근사 복원본
ATEEZ,spillover,47,f46f3ff80a8d,r23∼r39,23,39,동결 근사 복원본
ATEEZ,spillover,48,ca0bfbbb8002,r23∼r39,23,39,동결 근사 복원본
ATEEZ,spillover,49,1eabd72a2c3a,r23∼r39,23,39,동결 근사 복원본
ATEEZ,spillover,50,e1647a6aea85,r23∼r39,23,39,동결 근사 복원본
ATEEZ,spillover,51,ce8b93e90090,r23∼r39,23,39,동결 근사 복원본
ATEEZ,spillover,52,0ff063c624e4,r23∼r39,23,39,동결 근사 복원본
ATEEZ,spillover,53,a50ba851c9f4,r23∼r39,23,39,동결 근사 복원본
ATEEZ,spillover,54,c35526a3c57e,r41∼r72,41,72,라이브 코퍼스(스냅샷 이후)
ATEEZ,spillover,55,a97441786fce,r41∼r72,41,72,라이브 코퍼스(스냅샷 이후)
ATEEZ,spillover,56,683bea218b29,r41∼r72,41,72,라이브 코퍼스(스냅샷 이후)
ATEEZ,spillover,57,be9f53b21042,r41∼r72,41,72,라이브 코퍼스(스냅샷 이후)
ATEEZ,spillover,58,1d1292d25dcf,r41∼r72,41,72,라이브 코퍼스(스냅샷 이후)
ATEEZ,spillover,59,c81be90deb50,r41∼r72,41,72,라이브 코퍼스(스냅샷 이후)
ATEEZ,spillover,60,281afc8c8e30,r41∼r72,41,72,라이브 코퍼스(스냅샷 이후)
ATEEZ,spillover,61,834ed671ba11,r41∼r72,41,72,라이브 코퍼스(스냅샷 이후)
ATEEZ,spillover,62,f3f74d5b6a10,r41∼r72,41,72,라이브 코퍼스(스냅샷 이후)
ATEEZ,spillover,63,01e3ff06519f,r41∼r72,41,72,라이브 코퍼스(스냅샷 이후)
ATEEZ,spillover,64,e5b84ad8d7fb,r41∼r72,41,72,라이브 코퍼스(스냅샷 이후)
ATEEZ,spillover,65,165a949dab7e,r41∼r72,41,72,라이브 코퍼스(스냅샷 이후)
ATEEZ,spillover,66,23ffbd501570,r41∼r72,41,72,라이브 코퍼스(스냅샷 이후)
ATEEZ,spillover,67,fb69d9372033,r41∼r72,41,72,라이브 코퍼스(스냅샷 이후)
ATEEZ,spillover,68,f95256eff0f8,r41∼r72,41,72,라이브 코퍼스(스냅샷 이후)
ATEEZ,spillover,69,010f384ce742,r41∼r72,41,72,라이브 코퍼스(스냅샷 이후)
ATEEZ,spillover,70,974cd4afb4d6,r41∼r72,41,72,라이브 코퍼스(스냅샷 이후)
DAY6,loyalty,0,fcc486a24ec0,≤r13,1,13,r13 스냅샷
DAY6,loyalty,1,2f2448caef74,≤r13,1,13,r13 스냅샷
DAY6,loyalty,2,4b00db611ef2,≤r13,1,13,r13 스냅샷
DAY6,loyalty,3,31d049b80da2,≤r13,1,13,r13 스냅샷
DAY6,loyalty,4,7fdbf01b735d,≤r13,1,13,r13 스냅샷
DAY6,loyalty,5,d604afd408d9,≤r13,1,13,r13 스냅샷
DAY6,loyalty,6,862e1e1462b0,≤r13,1,13,r13 스냅샷
DAY6,loyalty,7,00bc9d113dad,≤r13,1,13,r13 스냅샷
DAY6,loyalty,8,13c5cfe51980,≤r13,1,13,r13 스냅샷
DAY6,loyalty,9,4f64aff8849c,≤r13,1,13,r13 스냅샷
DAY6,loyalty,10,2047714e488c,≤r13,1,13,r13 스냅샷
DAY6,loyalty,11,dafb865086d5,≤r13,1,13,r13 스냅샷
DAY6,loyalty,12,096d3d4887f8,≤r13,1,13,r13 스냅샷
DAY6,loyalty,13,5d06f4183809,≤r13,1,13,r13 스냅샷
DAY6,loyalty,14,dd3b44272944,≤r13,1,13,r13 스냅샷
DAY6,loyalty,15,88c1cddb8e14,≤r13,1,13,r13 스냅샷
DAY6,loyalty,16,cbd3af304173,≤r13,1,13,r13 스냅샷
DAY6,loyalty,17,75ca9ae15337,r14∼r22,14,22,r22 백업
DAY6,loyalty,18,7b8c67cea10f,r14∼r22,14,22,r22 백업
DAY6,loyalty,19,e5d611c86316,r14∼r22,14,22,r22 백업
DAY6,loyalty,20,7efaef2c7d5b,r14∼r22,14,22,r22 백업
DAY6,loyalty,21,770c3fd9dba3,r14∼r22,14,22,r22 백업
DAY6,loyalty,22,e142aee0241a,r14∼r22,14,22,r22 백업
DAY6,loyalty,23,9f7d93d0b89b,r14∼r22,14,22,r22 백업
DAY6,loyalty,24,d1b2ce2f8a27,r14∼r22,14,22,r22 백업
DAY6,loyalty,25,cbab493882ba,r14∼r22,14,22,r22 백업
DAY6,loyalty,26,a421d26a1d22,r14∼r22,14,22,r22 백업
DAY6,loyalty,27,747355436c85,r14∼r22,14,22,r22 백업
DAY6,loyalty,28,8ca031580ae4,r14∼r22,14,22,r22 백업
DAY6,loyalty,29,b656469d0bf2,r14∼r22,14,22,r22 백업
DAY6,loyalty,30,d7ec8d028d28,r14∼r22,14,22,r22 백업
DAY6,loyalty,31,8f774ff83cc8,r14∼r22,14,22,r22 백업
DAY6,loyalty,32,23a84a3b94e9,r14∼r22,14,22,r22 백업
DAY6,loyalty,33,3c284ce426ef,r14∼r22,14,22,r22 백업
DAY6,loyalty,34,f55d6feb74e7,r14∼r22,14,22,r22 백업
DAY6,loyalty,35,d92d85b62bc5,r14∼r22,14,22,r22 백업
DAY6,loyalty,36,8a26621dab6e,r14∼r22,14,22,r22 백업
DAY6,loyalty,37,5f0fb9b771a7,r14∼r22,14,22,r22 백업
DAY6,loyalty,38,0ec93751263c,r23∼r39,23,39,동결 근사 복원본
DAY6,loyalty,39,d1057c517d15,r23∼r39,23,39,동결 근사 복원본
DAY6,loyalty,40,bbb3b30c9561,r23∼r39,23,39,동결 근사 복원본
DAY6,loyalty,41,bdd311fb5295,r23∼r39,23,39,동결 근사 복원본
DAY6,loyalty,42,d8ef6cf86aae,r23∼r39,23,39,동결 근사 복원본
DAY6,loyalty,43,cf63d3597b1d,r23∼r39,23,39,동결 근사 복원본
DAY6,loyalty,44,14f0dc4b09fc,r23∼r39,23,39,동결 근사 복원본
DAY6,loyalty,45,0e9ac807245a,r23∼r39,23,39,동결 근사 복원본
DAY6,loyalty,46,399e40243064,r41∼r72,41,72,라이브 코퍼스(스냅샷 이후)
DAY6,loyalty,47,f3d50c291fff,r41∼r72,41,72,라이브 코퍼스(스냅샷 이후)
DAY6,loyalty,48,b49437e003cd,r41∼r72,41,72,라이브 코퍼스(스냅샷 이후)
DAY6,loyalty,49,051ac95329b5,r41∼r72,41,72,라이브 코퍼스(스냅샷 이후)
DAY6,loyalty,50,170487314d5d,r41∼r72,41,72,라이브 코퍼스(스냅샷 이후)
DAY6,loyalty,51,7b596007f24e,r41∼r72,41,72,라이브 코퍼스(스냅샷 이후)
DAY6,loyalty,52,b9de8ae64223,r41∼r72,41,72,라이브 코퍼스(스냅샷 이후)
DAY6,loyalty,53,af0ad548af9a,r41∼r72,41,72,라이브 코퍼스(스냅샷 이후)
DAY6,spillover,0,cbe2ad924aa8,≤r13,1,13,r13 스냅샷
DAY6,spillover,1,3b88fa07d48b,≤r13,1,13,r13 스냅샷
DAY6,spillover,2,dd75af6faa03,≤r13,1,13,r13 스냅샷
DAY6,spillover,3,e8589ad541fa,≤r13,1,13,r13 스냅샷
DAY6,spillover,4,6072cd4fd809,≤r13,1,13,r13 스냅샷
DAY6,spillover,5,a56d318d9ab7,≤r13,1,13,r13 스냅샷
DAY6,spillover,6,29bc07164257,≤r13,1,13,r13 스냅샷
DAY6,spillover,7,4c2a0a7c66c3,≤r13,1,13,r13 스냅샷
DAY6,spillover,8,ec4390d30cb1,≤r13,1,13,r13 스냅샷
DAY6,spillover,9,dc3e1a8078af,≤r13,1,13,r13 스냅샷
DAY6,spillover,10,91d51d218758,≤r13,1,13,r13 스냅샷
DAY6,spillover,11,49181144d662,≤r13,1,13,r13 스냅샷
DAY6,spillover,12,71ea6ed33194,≤r13,1,13,r13 스냅샷
DAY6,spillover,13,e16c12a1b900,≤r13,1,13,r13 스냅샷
DAY6,spillover,14,7fa50eb2a973,≤r13,1,13,r13 스냅샷
DAY6,spillover,15,49dc5ac2e35d,≤r13,1,13,r13 스냅샷
DAY6,spillover,16,3c20f30161bf,≤r13,1,13,r13 스냅샷
DAY6,spillover,17,8992b2c21387,≤r13,1,13,r13 스냅샷
DAY6,spillover,18,a453d8fd1787,≤r13,1,13,r13 스냅샷
DAY6,spillover,19,04d877c784c5,≤r13,1,13,r13 스냅샷
DAY6,spillover,20,19f82a5637cd,≤r13,1,13,r13 스냅샷
DAY6,spillover,21,cb1a1de257e0,≤r13,1,13,r13 스냅샷
DAY6,spillover,22,9553a55e703b,≤r13,1,13,r13 스냅샷
DAY6,spillover,23,4c294a91c67a,≤r13,1,13,r13 스냅샷
DAY6,spillover,24,98182f541765,r23∼r39,23,39,동결 근사 복원본
DAY6,spillover,25,0678efcc184d,r23∼r39,23,39,동결 근사 복원본
DAY6,spillover,26,4f2af032e9d1,r23∼r39,23,39,동결 근사 복원본
DAY6,spillover,27,e7f19524a546,r23∼r39,23,39,동결 근사 복원본
DAY6,spillover,28,e7bbcc639315,r23∼r39,23,39,동결 근사 복원본
DAY6,spillover,29,4d36268b5e45,r23∼r39,23,39,동결 근사 복원본
DAY6,spillover,30,3e503ba02499,r23∼r39,23,39,동결 근사 복원본
DAY6,spillover,31,188edb2879c7,r23∼r39,23,39,동결 근사 복원본
DAY6,spillover,32,cb4ddf521229,r23∼r39,23,39,동결 근사 복원본
DAY6,spillover,33,cf3230bf1f6d,r23∼r39,23,39,동결 근사 복원본
DAY6,spillover,34,e3da2f5ef02e,r23∼r39,23,39,동결 근사 복원본
DAY6,spillover,35,29d643783140,r23∼r39,23,39,동결 근사 복원본
DAY6,spillover,36,e300b2a143e9,r23∼r39,23,39,동결 근사 복원본
DAY6,spillover,37,442fbb505f67,r23∼r39,23,39,동결 근사 복원본
DAY6,spillover,38,cafbece61d57,r23∼r39,23,39,동결 근사 복원본
DAY6,spillover,39,f69d25a43e17,r41∼r72,41,72,라이브 코퍼스(스냅샷 이후)
DAY6,spillover,40,c2d164a05f21,r41∼r72,41,72,라이브 코퍼스(스냅샷 이후)
DAY6,spillover,41,e3335dc1a1e5,r41∼r72,41,72,라이브 코퍼스(스냅샷 이후)
DAY6,spillover,42,f971a3d92dc2,r41∼r72,41,72,라이브 코퍼스(스냅샷 이후)
DAY6,spillover,43,699a8af33b79,r41∼r72,41,72,라이브 코퍼스(스냅샷 이후)
DAY6,spillover,44,0c76d50b6eaf,r41∼r72,41,72,라이브 코퍼스(스냅샷 이후)
DAY6,spillover,45,5dd2f4a404d1,r41∼r72,41,72,라이브 코퍼스(스냅샷 이후)
DAY6,spillover,46,25f74ae99cdb,r41∼r72,41,72,라이브 코퍼스(스냅샷 이후)
IKON,loyalty,0,8da698c7e2c8,≤r13,1,13,r13 스냅샷
IKON,loyalty,1,387c872334f7,≤r13,1,13,r13 스냅샷
IKON,loyalty,2,e60636434943,≤r13,1,13,r13 스냅샷
IKON,loyalty,3,7d429c0d7d1c,≤r13,1,13,r13 스냅샷
IKON,loyalty,4,7671f9622abe,≤r13,1,13,r13 스냅샷
IKON,loyalty,5,7e02cafef1c5,≤r13,1,13,r13 스냅샷
IKON,loyalty,6,aa5d19fbd842,≤r13,1,13,r13 스냅샷
IKON,loyalty,7,4bd6217f5e1b,≤r13,1,13,r13 스냅샷
IKON,loyalty,8,a10b94e4c331,≤r13,1,13,r13 스냅샷
IKON,loyalty,9,205aa1051552,≤r13,1,13,r13 스냅샷
IKON,loyalty,10,58f7d1da4d99,≤r13,1,13,r13 스냅샷
IKON,loyalty,11,b9530572a1ac,≤r13,1,13,r13 스냅샷
IKON,loyalty,12,432c8050d195,≤r13,1,13,r13 스냅샷
IKON,loyalty,13,c70f8a68a960,≤r13,1,13,r13 스냅샷
IKON,loyalty,14,0fc3ea924237,≤r13,1,13,r13 스냅샷
IKON,loyalty,15,f07a91fc1ece,≤r13,1,13,r13 스냅샷
IKON,loyalty,16,a48ecb79af9e,≤r13,1,13,r13 스냅샷
IKON,loyalty,17,4a098d6964e3,≤r13,1,13,r13 스냅샷
IKON,loyalty,18,c7a93b90b558,≤r13,1,13,r13 스냅샷
IKON,loyalty,19,75234f77ed99,≤r13,1,13,r13 스냅샷
IKON,loyalty,20,81a6b229059f,≤r13,1,13,r13 스냅샷
IKON,loyalty,21,1cf0f40f2618,≤r13,1,13,r13 스냅샷
IKON,loyalty,22,46b7b773d190,r14∼r22,14,22,r22 백업
IKON,loyalty,23,fdf5107e96e1,r14∼r22,14,22,r22 백업
IKON,loyalty,24,a121583e9f43,r14∼r22,14,22,r22 백업
IKON,loyalty,25,8547941cec7c,r14∼r22,14,22,r22 백업
IKON,loyalty,26,a388e42ff9fa,r14∼r22,14,22,r22 백업
IKON,loyalty,27,8201fb41d649,r14∼r22,14,22,r22 백업
IKON,loyalty,28,2e27dc9e48b4,r14∼r22,14,22,r22 백업
IKON,loyalty,29,54cdcd384f5d,r14∼r22,14,22,r22 백업
IKON,loyalty,30,9d2890f1917a,r14∼r22,14,22,r22 백업
IKON,loyalty,31,b4485f209811,r14∼r22,14,22,r22 백업
IKON,loyalty,32,ddb28d6e97b9,r14∼r22,14,22,r22 백업
IKON,loyalty,33,de3126dd9091,r14∼r22,14,22,r22 백업
IKON,loyalty,34,338b7365ee2f,r14∼r22,14,22,r22 백업
IKON,loyalty,35,eed2b7efcf5c,r14∼r22,14,22,r22 백업
IKON,loyalty,36,aa048941cbfb,r14∼r22,14,22,r22 백업
IKON,loyalty,37,531feef4be89,r14∼r22,14,22,r22 백업
IKON,loyalty,38,91bbb2bc72e3,r14∼r22,14,22,r22 백업
IKON,loyalty,39,b72136a9296c,r14∼r22,14,22,r22 백업
IKON,loyalty,40,2e37ad0b6413,r14∼r22,14,22,r22 백업
IKON,loyalty,41,37f21252c815,r23∼r39,23,39,동결 근사 복원본
IKON,loyalty,42,90ed36d8565d,r23∼r39,23,39,동결 근사 복원본
IKON,loyalty,43,1518a02e9e21,r23∼r39,23,39,동결 근사 복원본
IKON,loyalty,44,1da5e3c1ca6b,r23∼r39,23,39,동결 근사 복원본
IKON,loyalty,45,878511b9a913,r23∼r39,23,39,동결 근사 복원본
IKON,loyalty,46,ab49cb6b191f,r41∼r72,41,72,라이브 코퍼스(스냅샷 이후)
IKON,loyalty,47,0a36b5773c80,r41∼r72,41,72,라이브 코퍼스(스냅샷 이후)
IKON,loyalty,48,b0e6d4f889de,r41∼r72,41,72,라이브 코퍼스(스냅샷 이후)
IKON,loyalty,49,f65a6345b9a9,r41∼r72,41,72,라이브 코퍼스(스냅샷 이후)
IKON,loyalty,50,880c3a0fbcfd,r41∼r72,41,72,라이브 코퍼스(스냅샷 이후)
IKON,loyalty,51,6bf53086f3e5,r41∼r72,41,72,라이브 코퍼스(스냅샷 이후)
IKON,loyalty,52,f4f4429d46c4,r41∼r72,41,72,라이브 코퍼스(스냅샷 이후)
IKON,loyalty,53,3824ba59c716,r41∼r72,41,72,라이브 코퍼스(스냅샷 이후)
IKON,spillover,0,e657e8fa96e9,≤r13,1,13,r13 스냅샷
IKON,spillover,1,caad563b5db3,≤r13,1,13,r13 스냅샷
IKON,spillover,2,2bd6982f8c2c,≤r13,1,13,r13 스냅샷
IKON,spillover,3,d61e2553e558,≤r13,1,13,r13 스냅샷
IKON,spillover,4,587674a52b8a,≤r13,1,13,r13 스냅샷
IKON,spillover,5,536096b07e6e,≤r13,1,13,r13 스냅샷
IKON,spillover,6,b1001654dcf7,≤r13,1,13,r13 스냅샷
IKON,spillover,7,998015f5958b,≤r13,1,13,r13 스냅샷
IKON,spillover,8,0819afb897e5,≤r13,1,13,r13 스냅샷
IKON,spillover,9,2bdbdd7a098f,≤r13,1,13,r13 스냅샷
IKON,spillover,10,75b6d70a4d45,≤r13,1,13,r13 스냅샷
IKON,spillover,11,558e3667e0eb,≤r13,1,13,r13 스냅샷
IKON,spillover,12,b46714b59a5a,≤r13,1,13,r13 스냅샷
IKON,spillover,13,56ddff9b3c58,≤r13,1,13,r13 스냅샷
IKON,spillover,14,3a1e6f680859,≤r13,1,13,r13 스냅샷
IKON,spillover,15,6901cdb5497e,≤r13,1,13,r13 스냅샷
IKON,spillover,16,392375edcf15,≤r13,1,13,r13 스냅샷
IKON,spillover,17,263fffb37123,≤r13,1,13,r13 스냅샷
IKON,spillover,18,bf35e2d51b62,≤r13,1,13,r13 스냅샷
IKON,spillover,19,a89b3eb018c8,≤r13,1,13,r13 스냅샷
IKON,spillover,20,3e4e55dfee46,≤r13,1,13,r13 스냅샷
IKON,spillover,21,066949686dd3,≤r13,1,13,r13 스냅샷
IKON,spillover,22,a11ecb661e61,≤r13,1,13,r13 스냅샷
IKON,spillover,23,82f038568240,r23∼r39,23,39,동결 근사 복원본
IKON,spillover,24,f4cd67c1eb3d,r23∼r39,23,39,동결 근사 복원본
IKON,spillover,25,360e30922027,r23∼r39,23,39,동결 근사 복원본
IKON,spillover,26,9b38361513ba,r23∼r39,23,39,동결 근사 복원본
IKON,spillover,27,83572ce4118c,r23∼r39,23,39,동결 근사 복원본
IKON,spillover,28,0f09c2f2c14f,r23∼r39,23,39,동결 근사 복원본
IKON,spillover,29,eaa52f5f7635,r23∼r39,23,39,동결 근사 복원본
IKON,spillover,30,fa220b737f10,r23∼r39,23,39,동결 근사 복원본
IKON,spillover,31,442c8f4bc19b,r23∼r39,23,39,동결 근사 복원본
IKON,spillover,32,0bcbbdda1b38,r23∼r39,23,39,동결 근사 복원본
IKON,spillover,33,78d301b5028e,r23∼r39,23,39,동결 근사 복원본
IKON,spillover,34,99444cc3ccfc,r23∼r39,23,39,동결 근사 복원본
IKON,spillover,35,5aefee03b591,r41∼r72,41,72,라이브 코퍼스(스냅샷 이후)
IKON,spillover,36,05d03a6a3af8,r41∼r72,41,72,라이브 코퍼스(스냅샷 이후)
IKON,spillover,37,64d65f3376fd,r41∼r72,41,72,라이브 코퍼스(스냅샷 이후)
IKON,spillover,38,e5c2f15210b9,r41∼r72,41,72,라이브 코퍼스(스냅샷 이후)
IKON,spillover,39,c469b4dd6bb8,r41∼r72,41,72,라이브 코퍼스(스냅샷 이후)
IKON,spillover,40,077c87bce7ab,r41∼r72,41,72,라이브 코퍼스(스냅샷 이후)
IKON,spillover,41,4ec9659a2623,r41∼r72,41,72,라이브 코퍼스(스냅샷 이후)
CORTIS,loyalty,0,33dabf59f9f6,≤r13,1,13,r13 스냅샷
CORTIS,loyalty,1,569c41fe8f31,≤r13,1,13,r13 스냅샷
CORTIS,loyalty,2,3be400e2fdb3,≤r13,1,13,r13 스냅샷
CORTIS,loyalty,3,8bfda13a8fe8,≤r13,1,13,r13 스냅샷
CORTIS,loyalty,4,6a6660f311ed,≤r13,1,13,r13 스냅샷
CORTIS,loyalty,5,290bd81b478b,≤r13,1,13,r13 스냅샷
CORTIS,loyalty,6,a456f0e894e0,≤r13,1,13,r13 스냅샷
CORTIS,loyalty,7,bb589d1f8fa6,≤r13,1,13,r13 스냅샷
CORTIS,loyalty,8,85882825c997,≤r13,1,13,r13 스냅샷
CORTIS,loyalty,9,4da4336a290f,≤r13,1,13,r13 스냅샷
CORTIS,loyalty,10,bb93ef6a3fce,≤r13,1,13,r13 스냅샷
CORTIS,loyalty,11,401ae3608d3e,≤r13,1,13,r13 스냅샷
CORTIS,loyalty,12,218aedd3663d,≤r13,1,13,r13 스냅샷
CORTIS,loyalty,13,a99b25f6ea79,≤r13,1,13,r13 스냅샷
CORTIS,loyalty,14,5f897cb2142b,≤r13,1,13,r13 스냅샷
CORTIS,loyalty,15,49dc0213e4a3,≤r13,1,13,r13 스냅샷
CORTIS,loyalty,16,62a422d36595,≤r13,1,13,r13 스냅샷
CORTIS,loyalty,17,61c41db0217d,≤r13,1,13,r13 스냅샷
CORTIS,loyalty,18,544b1d0f1f14,≤r13,1,13,r13 스냅샷
CORTIS,loyalty,19,ece35b1f64e1,≤r13,1,13,r13 스냅샷
CORTIS,loyalty,20,1e00bc32ec43,≤r13,1,13,r13 스냅샷
CORTIS,loyalty,21,6ae8fd4535a7,≤r13,1,13,r13 스냅샷
CORTIS,loyalty,22,b5bf94bcddc9,≤r13,1,13,r13 스냅샷
CORTIS,loyalty,23,7cf01ab76047,≤r13,1,13,r13 스냅샷
CORTIS,loyalty,24,d67f11eb97d2,≤r13,1,13,r13 스냅샷
CORTIS,loyalty,25,ce3773f824ff,r14∼r22,14,22,r22 백업
CORTIS,loyalty,26,0fb2962c02d1,r14∼r22,14,22,r22 백업
CORTIS,loyalty,27,008f7fb6d359,r14∼r22,14,22,r22 백업
CORTIS,loyalty,28,154bb50cebe8,r14∼r22,14,22,r22 백업
CORTIS,loyalty,29,725c9861379d,r14∼r22,14,22,r22 백업
CORTIS,loyalty,30,aeaf2f564067,r14∼r22,14,22,r22 백업
CORTIS,loyalty,31,98326900d42b,r14∼r22,14,22,r22 백업
CORTIS,loyalty,32,25a89ee980d7,r14∼r22,14,22,r22 백업
CORTIS,loyalty,33,4d99966a76f9,r14∼r22,14,22,r22 백업
CORTIS,loyalty,34,a861b8106bed,r14∼r22,14,22,r22 백업
CORTIS,loyalty,35,8d05db06ae07,r14∼r22,14,22,r22 백업
CORTIS,loyalty,36,d3f81d7b5f1f,r14∼r22,14,22,r22 백업
CORTIS,loyalty,37,22c962d182d9,r23∼r39,23,39,동결 근사 복원본
CORTIS,loyalty,38,874f16fa2425,r23∼r39,23,39,동결 근사 복원본
CORTIS,loyalty,39,3dc1c537afef,r41∼r72,41,72,라이브 코퍼스(스냅샷 이후)
CORTIS,loyalty,40,7b3d26db9fe4,r41∼r72,41,72,라이브 코퍼스(스냅샷 이후)
CORTIS,loyalty,41,9e39d2b52957,r41∼r72,41,72,라이브 코퍼스(스냅샷 이후)
CORTIS,loyalty,42,60018ca7086e,r41∼r72,41,72,라이브 코퍼스(스냅샷 이후)
CORTIS,loyalty,43,970a554a4f52,r41∼r72,41,72,라이브 코퍼스(스냅샷 이후)
CORTIS,loyalty,44,baeb2220206c,r41∼r72,41,72,라이브 코퍼스(스냅샷 이후)
CORTIS,loyalty,45,d45718663e87,r41∼r72,41,72,라이브 코퍼스(스냅샷 이후)
CORTIS,loyalty,46,ec8052346e9a,r41∼r72,41,72,라이브 코퍼스(스냅샷 이후)
CORTIS,loyalty,47,378fc4b504ae,r41∼r72,41,72,라이브 코퍼스(스냅샷 이후)
CORTIS,loyalty,48,4e256032de3c,r41∼r72,41,72,라이브 코퍼스(스냅샷 이후)
CORTIS,loyalty,49,ebe5b638b0c0,r41∼r72,41,72,라이브 코퍼스(스냅샷 이후)
CORTIS,spillover,0,e214801ff603,≤r13,1,13,r13 스냅샷
CORTIS,spillover,1,b7c2be9e174b,≤r13,1,13,r13 스냅샷
CORTIS,spillover,2,17794a10e8c9,≤r13,1,13,r13 스냅샷
CORTIS,spillover,3,5804942040c9,≤r13,1,13,r13 스냅샷
CORTIS,spillover,4,edb4c63e4e81,≤r13,1,13,r13 스냅샷
CORTIS,spillover,5,c8b732b8ae98,≤r13,1,13,r13 스냅샷
CORTIS,spillover,6,40cb13c7592a,≤r13,1,13,r13 스냅샷
CORTIS,spillover,7,f685db61b421,≤r13,1,13,r13 스냅샷
CORTIS,spillover,8,56d2ef1dbda6,≤r13,1,13,r13 스냅샷
CORTIS,spillover,9,10165ce71dac,≤r13,1,13,r13 스냅샷
CORTIS,spillover,10,6a2374922813,≤r13,1,13,r13 스냅샷
CORTIS,spillover,11,27a1b0a8f1ec,≤r13,1,13,r13 스냅샷
CORTIS,spillover,12,5992eb8a8c16,≤r13,1,13,r13 스냅샷
CORTIS,spillover,13,409273a4df4c,≤r13,1,13,r13 스냅샷
CORTIS,spillover,14,3c38bcf3693b,≤r13,1,13,r13 스냅샷
CORTIS,spillover,15,d4b747d06b7d,≤r13,1,13,r13 스냅샷
CORTIS,spillover,16,a61753e7a6ee,≤r13,1,13,r13 스냅샷
CORTIS,spillover,17,0cf00766a10a,≤r13,1,13,r13 스냅샷
CORTIS,spillover,18,f6d5318d906d,≤r13,1,13,r13 스냅샷
CORTIS,spillover,19,a208871d4d8a,≤r13,1,13,r13 스냅샷
CORTIS,spillover,20,aab13419fca3,≤r13,1,13,r13 스냅샷
CORTIS,spillover,21,e879057b671c,≤r13,1,13,r13 스냅샷
CORTIS,spillover,22,9e8c8a1a46b5,≤r13,1,13,r13 스냅샷
CORTIS,spillover,23,08e69e88e8a7,≤r13,1,13,r13 스냅샷
CORTIS,spillover,24,4620ed504908,≤r13,1,13,r13 스냅샷
CORTIS,spillover,25,e938491ea9f4,≤r13,1,13,r13 스냅샷
CORTIS,spillover,26,4d418213bf93,≤r13,1,13,r13 스냅샷
CORTIS,spillover,27,59168a5f3b5f,≤r13,1,13,r13 스냅샷
CORTIS,spillover,28,a6b8c0507147,≤r13,1,13,r13 스냅샷
CORTIS,spillover,29,0b73741d3d0f,≤r13,1,13,r13 스냅샷
CORTIS,spillover,30,de7a029bef37,≤r13,1,13,r13 스냅샷
CORTIS,spillover,31,637c0a78e8c2,≤r13,1,13,r13 스냅샷
CORTIS,spillover,32,1ab35120838e,r14∼r22,14,22,r22 백업
CORTIS,spillover,33,00ac1120c871,r14∼r22,14,22,r22 백업
CORTIS,spillover,34,08214023f052,r14∼r22,14,22,r22 백업
CORTIS,spillover,35,d52c9df4fd71,r14∼r22,14,22,r22 백업
CORTIS,spillover,36,938444fadd25,r14∼r22,14,22,r22 백업
CORTIS,spillover,37,7f0488ebd60d,r14∼r22,14,22,r22 백업
CORTIS,spillover,38,68e2db789207,r14∼r22,14,22,r22 백업
CORTIS,spillover,39,62934d14833d,r14∼r22,14,22,r22 백업
CORTIS,spillover,40,39ce3c6c4ae2,r14∼r22,14,22,r22 백업
CORTIS,spillover,41,831a7616d9fb,r14∼r22,14,22,r22 백업
CORTIS,spillover,42,1c1a855b26cc,r14∼r22,14,22,r22 백업
CORTIS,spillover,43,b27c2094bd31,r14∼r22,14,22,r22 백업
CORTIS,spillover,44,c84a13c2a25e,r14∼r22,14,22,r22 백업
CORTIS,spillover,45,85b36ce3749a,r14∼r22,14,22,r22 백업
CORTIS,spillover,46,605f265e6553,r14∼r22,14,22,r22 백업
CORTIS,spillover,47,1efbcf90776c,r14∼r22,14,22,r22 백업
CORTIS,spillover,48,772f9c63dc3e,r14∼r22,14,22,r22 백업
CORTIS,spillover,49,fc4dbb5f6bde,r14∼r22,14,22,r22 백업
CORTIS,spillover,50,34ef737c9cb2,r23∼r39,23,39,동결 근사 복원본
CORTIS,spillover,51,9725e1ee11dc,r23∼r39,23,39,동결 근사 복원본
CORTIS,spillover,52,3ad23576c955,r23∼r39,23,39,동결 근사 복원본
CORTIS,spillover,53,eb7f5b34be31,r23∼r39,23,39,동결 근사 복원본
CORTIS,spillover,54,6c0cbbd8082d,r23∼r39,23,39,동결 근사 복원본
CORTIS,spillover,55,a7e73e2db530,r23∼r39,23,39,동결 근사 복원본
CORTIS,spillover,56,63f7e2714376,r23∼r39,23,39,동결 근사 복원본
CORTIS,spillover,57,6fe0b36739be,r23∼r39,23,39,동결 근사 복원본
CORTIS,spillover,58,b54cbf07508d,r23∼r39,23,39,동결 근사 복원본
CORTIS,spillover,59,5a828f3c9b60,r23∼r39,23,39,동결 근사 복원본
CORTIS,spillover,60,34c40ece6b77,r23∼r39,23,39,동결 근사 복원본
CORTIS,spillover,61,18bb78d2208b,r23∼r39,23,39,동결 근사 복원본
CORTIS,spillover,62,71f8c89e2cec,r23∼r39,23,39,동결 근사 복원본
CORTIS,spillover,63,b29d975fdc6b,r23∼r39,23,39,동결 근사 복원본
CORTIS,spillover,64,aff4fd69a556,r23∼r39,23,39,동결 근사 복원본
CORTIS,spillover,65,55aee03c34b7,r23∼r39,23,39,동결 근사 복원본
CORTIS,spillover,66,fcb6211aae96,r23∼r39,23,39,동결 근사 복원본
CORTIS,spillover,67,bfa655bf3c7e,r23∼r39,23,39,동결 근사 복원본
CORTIS,spillover,68,b14305a83a97,r23∼r39,23,39,동결 근사 복원본
CORTIS,spillover,69,ee511856ac66,r23∼r39,23,39,동결 근사 복원본
CORTIS,spillover,70,8c4db456a3e3,r23∼r39,23,39,동결 근사 복원본
CORTIS,spillover,71,a5fa5e2d08b8,r23∼r39,23,39,동결 근사 복원본
CORTIS,spillover,72,ae592f021239,r41∼r72,41,72,라이브 코퍼스(스냅샷 이후)
CORTIS,spillover,73,164eaec5cd83,r41∼r72,41,72,라이브 코퍼스(스냅샷 이후)
CORTIS,spillover,74,5c8d9bcfede8,r41∼r72,41,72,라이브 코퍼스(스냅샷 이후)
CORTIS,spillover,75,7cec39160430,r41∼r72,41,72,라이브 코퍼스(스냅샷 이후)
CORTIS,spillover,76,0522e6144709,r41∼r72,41,72,라이브 코퍼스(스냅샷 이후)
CORTIS,spillover,77,af574832060c,r41∼r72,41,72,라이브 코퍼스(스냅샷 이후)
CORTIS,spillover,78,d7dd95e84fbf,r41∼r72,41,72,라이브 코퍼스(스냅샷 이후)
CORTIS,spillover,79,fc4e47224471,r41∼r72,41,72,라이브 코퍼스(스냅샷 이후)
CORTIS,spillover,80,e2307c2b6644,r41∼r72,41,72,라이브 코퍼스(스냅샷 이후)
CORTIS,spillover,81,20e6a26fb77d,r41∼r72,41,72,라이브 코퍼스(스냅샷 이후)
CORTIS,spillover,82,77fc10c64e1e,r41∼r72,41,72,라이브 코퍼스(스냅샷 이후)
CORTIS,spillover,83,23ee0135d622,r41∼r72,41,72,라이브 코퍼스(스냅샷 이후)
CORTIS,spillover,84,123f6d3dca71,r41∼r72,41,72,라이브 코퍼스(스냅샷 이후)
BTOB,loyalty,0,b34c11d152a4,≤r13,1,13,r13 스냅샷
BTOB,loyalty,1,dbfbdffa95bc,≤r13,1,13,r13 스냅샷
BTOB,loyalty,2,0d85f959a996,≤r13,1,13,r13 스냅샷
BTOB,loyalty,3,441b6c9d86d1,≤r13,1,13,r13 스냅샷
BTOB,loyalty,4,dce083259347,≤r13,1,13,r13 스냅샷
BTOB,loyalty,5,8f227d678422,≤r13,1,13,r13 스냅샷
BTOB,loyalty,6,a7bb77ee07b5,≤r13,1,13,r13 스냅샷
BTOB,loyalty,7,81a74f47e01e,≤r13,1,13,r13 스냅샷
BTOB,loyalty,8,20ccc2132f09,≤r13,1,13,r13 스냅샷
BTOB,loyalty,9,ea9dff398bab,≤r13,1,13,r13 스냅샷
BTOB,loyalty,10,3a58eab788f1,≤r13,1,13,r13 스냅샷
BTOB,loyalty,11,8476f6f031ad,≤r13,1,13,r13 스냅샷
BTOB,loyalty,12,a1a37b679c9d,≤r13,1,13,r13 스냅샷
BTOB,loyalty,13,c972a3291f86,≤r13,1,13,r13 스냅샷
BTOB,loyalty,14,14fd4b3a2de8,≤r13,1,13,r13 스냅샷
BTOB,loyalty,15,7eb20f553d0c,≤r13,1,13,r13 스냅샷
BTOB,loyalty,16,175df2fb650a,≤r13,1,13,r13 스냅샷
BTOB,loyalty,17,3427da8cb3d5,≤r13,1,13,r13 스냅샷
BTOB,loyalty,18,42cb9cd56d99,≤r13,1,13,r13 스냅샷
BTOB,loyalty,19,500718567330,≤r13,1,13,r13 스냅샷
BTOB,loyalty,20,d755c715287d,≤r13,1,13,r13 스냅샷
BTOB,loyalty,21,c2440d5c4b6b,≤r13,1,13,r13 스냅샷
BTOB,loyalty,22,47ccc61752d6,≤r13,1,13,r13 스냅샷
BTOB,loyalty,23,257762835ec3,≤r13,1,13,r13 스냅샷
BTOB,loyalty,24,d1a88fa4a615,≤r13,1,13,r13 스냅샷
BTOB,loyalty,25,00193720ebb0,r14∼r22,14,22,r22 백업
BTOB,loyalty,26,1e6dba763c44,r14∼r22,14,22,r22 백업
BTOB,loyalty,27,1cc6b39da54b,r14∼r22,14,22,r22 백업
BTOB,loyalty,28,d9fc0bc51425,r14∼r22,14,22,r22 백업
BTOB,loyalty,29,60cdd68d0392,r14∼r22,14,22,r22 백업
BTOB,loyalty,30,3b365b54c89e,r14∼r22,14,22,r22 백업
BTOB,loyalty,31,89377f8a2516,r14∼r22,14,22,r22 백업
BTOB,loyalty,32,2a026c499c9d,r23∼r39,23,39,동결 근사 복원본
BTOB,loyalty,33,bd35f577e2fe,r23∼r39,23,39,동결 근사 복원본
BTOB,loyalty,34,4a324dd03572,r23∼r39,23,39,동결 근사 복원본
BTOB,loyalty,35,123dc966b3b5,r41∼r72,41,72,라이브 코퍼스(스냅샷 이후)
BTOB,loyalty,36,7830da6a1910,r41∼r72,41,72,라이브 코퍼스(스냅샷 이후)
BTOB,loyalty,37,dc6cad081024,r41∼r72,41,72,라이브 코퍼스(스냅샷 이후)
BTOB,loyalty,38,ce6d1c554411,r41∼r72,41,72,라이브 코퍼스(스냅샷 이후)
BTOB,loyalty,39,86f62226e3f6,r41∼r72,41,72,라이브 코퍼스(스냅샷 이후)
BTOB,loyalty,40,d229ed1d61ac,r41∼r72,41,72,라이브 코퍼스(스냅샷 이후)
BTOB,spillover,0,e098e1435dc7,≤r13,1,13,r13 스냅샷
BTOB,spillover,1,82f63df43fa4,≤r13,1,13,r13 스냅샷
BTOB,spillover,2,3ec0db4bb35f,≤r13,1,13,r13 스냅샷
BTOB,spillover,3,3519d9f19a85,≤r13,1,13,r13 스냅샷
BTOB,spillover,4,4a61d6a473ca,≤r13,1,13,r13 스냅샷
BTOB,spillover,5,b839ff8b8cc5,≤r13,1,13,r13 스냅샷
BTOB,spillover,6,4926d061f4af,≤r13,1,13,r13 스냅샷
BTOB,spillover,7,69deadde7bc6,≤r13,1,13,r13 스냅샷
BTOB,spillover,8,2828436ddf51,≤r13,1,13,r13 스냅샷
BTOB,spillover,9,0c9b3248257c,≤r13,1,13,r13 스냅샷
BTOB,spillover,10,65cb619e3e2f,≤r13,1,13,r13 스냅샷
BTOB,spillover,11,568dd1f319ae,≤r13,1,13,r13 스냅샷
BTOB,spillover,12,4dd6139d8ea9,≤r13,1,13,r13 스냅샷
BTOB,spillover,13,fe1dcb287109,≤r13,1,13,r13 스냅샷
BTOB,spillover,14,ddf8aa1f0e29,≤r13,1,13,r13 스냅샷
BTOB,spillover,15,b000c4a2e4ba,≤r13,1,13,r13 스냅샷
BTOB,spillover,16,df2f75a055b1,≤r13,1,13,r13 스냅샷
BTOB,spillover,17,1ce2dc58e5f3,≤r13,1,13,r13 스냅샷
BTOB,spillover,18,c75a63bb13a3,≤r13,1,13,r13 스냅샷
BTOB,spillover,19,6ab6edb581ab,≤r13,1,13,r13 스냅샷
BTOB,spillover,20,17245d5f34e4,r14∼r22,14,22,r22 백업
BTOB,spillover,21,8bd9bf03b98a,r23∼r39,23,39,동결 근사 복원본
BTOB,spillover,22,fe505fe51365,r23∼r39,23,39,동결 근사 복원본
BTOB,spillover,23,09eda271dbe7,r23∼r39,23,39,동결 근사 복원본
BTOB,spillover,24,b563eb8d7a4b,r23∼r39,23,39,동결 근사 복원본
BTOB,spillover,25,615eea1a8bf0,r23∼r39,23,39,동결 근사 복원본
BTOB,spillover,26,f9666c470ecc,r23∼r39,23,39,동결 근사 복원본
BTOB,spillover,27,405a6d590747,r23∼r39,23,39,동결 근사 복원본
BTOB,spillover,28,f5e18f325349,r23∼r39,23,39,동결 근사 복원본
BTOB,spillover,29,50cb4d326a58,r23∼r39,23,39,동결 근사 복원본
BTOB,spillover,30,406ec45b9202,r41∼r72,41,72,라이브 코퍼스(스냅샷 이후)
BTOB,spillover,31,ab12fe187aed,r41∼r72,41,72,라이브 코퍼스(스냅샷 이후)
BTOB,spillover,32,e23378b4c49b,r41∼r72,41,72,라이브 코퍼스(스냅샷 이후)
BTOB,spillover,33,cef50828e6ed,r41∼r72,41,72,라이브 코퍼스(스냅샷 이후)
BTOB,spillover,34,22df87f6a87e,r41∼r72,41,72,라이브 코퍼스(스냅샷 이후)
BTOB,spillover,35,9b73e35c0c25,r41∼r72,41,72,라이브 코퍼스(스냅샷 이후)
BTOB,spillover,36,4317e6d62832,r41∼r72,41,72,라이브 코퍼스(스냅샷 이후)
BTOB,spillover,37,92e61c55582f,r41∼r72,41,72,라이브 코퍼스(스냅샷 이후)
BTOB,spillover,38,40241ae66af4,r41∼r72,41,72,라이브 코퍼스(스냅샷 이후)
BTOB,spillover,39,84f9a831e016,r41∼r72,41,72,라이브 코퍼스(스냅샷 이후)
BTOB,spillover,40,d027b6f09e7d,r41∼r72,41,72,라이브 코퍼스(스냅샷 이후)
FTISLAND,loyalty,0,dd99856e0085,≤r13,1,13,r13 스냅샷
FTISLAND,loyalty,1,f91895fddf0c,≤r13,1,13,r13 스냅샷
FTISLAND,loyalty,2,881a33d10c6f,≤r13,1,13,r13 스냅샷
FTISLAND,loyalty,3,18c0fcca25fd,≤r13,1,13,r13 스냅샷
FTISLAND,loyalty,4,f1700e31eb84,≤r13,1,13,r13 스냅샷
FTISLAND,loyalty,5,44687cdc7c6e,≤r13,1,13,r13 스냅샷
FTISLAND,loyalty,6,4526f36c5598,≤r13,1,13,r13 스냅샷
FTISLAND,loyalty,7,a5cf6c3c1f2d,≤r13,1,13,r13 스냅샷
FTISLAND,loyalty,8,5cb66856f4ca,≤r13,1,13,r13 스냅샷
FTISLAND,loyalty,9,a89ccaf0ce0a,≤r13,1,13,r13 스냅샷
FTISLAND,loyalty,10,1407bed3d046,≤r13,1,13,r13 스냅샷
FTISLAND,loyalty,11,dc604c69366a,≤r13,1,13,r13 스냅샷
FTISLAND,loyalty,12,d3f4939a095f,≤r13,1,13,r13 스냅샷
FTISLAND,loyalty,13,efe19244de1e,≤r13,1,13,r13 스냅샷
FTISLAND,loyalty,14,2851fd98aecc,≤r13,1,13,r13 스냅샷
FTISLAND,loyalty,15,ebead8c0ffaa,≤r13,1,13,r13 스냅샷
FTISLAND,loyalty,16,ead1c670302e,≤r13,1,13,r13 스냅샷
FTISLAND,loyalty,17,66a685e1a2cd,≤r13,1,13,r13 스냅샷
FTISLAND,loyalty,18,22798ab911f3,≤r13,1,13,r13 스냅샷
FTISLAND,loyalty,19,140aa30085bb,r23∼r39,23,39,동결 근사 복원본
FTISLAND,loyalty,20,59bc9280937a,r23∼r39,23,39,동결 근사 복원본
FTISLAND,loyalty,21,701f84ab9a68,r23∼r39,23,39,동결 근사 복원본
FTISLAND,loyalty,22,d071240f0de8,r41∼r72,41,72,라이브 코퍼스(스냅샷 이후)
FTISLAND,loyalty,23,b5aa0e56f123,r41∼r72,41,72,라이브 코퍼스(스냅샷 이후)
FTISLAND,loyalty,24,d39e58b06591,r41∼r72,41,72,라이브 코퍼스(스냅샷 이후)
FTISLAND,loyalty,25,077d6375f649,r41∼r72,41,72,라이브 코퍼스(스냅샷 이후)
FTISLAND,loyalty,26,d1b077fb4607,r41∼r72,41,72,라이브 코퍼스(스냅샷 이후)
FTISLAND,loyalty,27,636d881dd73b,r41∼r72,41,72,라이브 코퍼스(스냅샷 이후)
FTISLAND,loyalty,28,213da2c05ebc,r41∼r72,41,72,라이브 코퍼스(스냅샷 이후)
FTISLAND,loyalty,29,d4031475cffe,r41∼r72,41,72,라이브 코퍼스(스냅샷 이후)
FTISLAND,loyalty,30,e9dc3a7991c5,r41∼r72,41,72,라이브 코퍼스(스냅샷 이후)
FTISLAND,spillover,0,e21aa556ae2d,≤r13,1,13,r13 스냅샷
FTISLAND,spillover,1,54ef555d5a0b,≤r13,1,13,r13 스냅샷
FTISLAND,spillover,2,2ac5cee037fb,≤r13,1,13,r13 스냅샷
FTISLAND,spillover,3,5cd64e99feda,≤r13,1,13,r13 스냅샷
FTISLAND,spillover,4,c2cd652ce56c,≤r13,1,13,r13 스냅샷
FTISLAND,spillover,5,f25fc096e65c,≤r13,1,13,r13 스냅샷
FTISLAND,spillover,6,8e8be934327a,≤r13,1,13,r13 스냅샷
FTISLAND,spillover,7,4effa31ea8e6,≤r13,1,13,r13 스냅샷
FTISLAND,spillover,8,2596d47cc359,≤r13,1,13,r13 스냅샷
FTISLAND,spillover,9,cb753799bb73,≤r13,1,13,r13 스냅샷
FTISLAND,spillover,10,882a855a3824,≤r13,1,13,r13 스냅샷
FTISLAND,spillover,11,0787de449dfa,≤r13,1,13,r13 스냅샷
FTISLAND,spillover,12,5e287a76acf2,≤r13,1,13,r13 스냅샷
FTISLAND,spillover,13,d7f24398dbd3,≤r13,1,13,r13 스냅샷
FTISLAND,spillover,14,69396b6ccc29,≤r13,1,13,r13 스냅샷
FTISLAND,spillover,15,7379a8e69e05,≤r13,1,13,r13 스냅샷
FTISLAND,spillover,16,d3d419df639e,≤r13,1,13,r13 스냅샷
FTISLAND,spillover,17,de8f77974e8e,≤r13,1,13,r13 스냅샷
FTISLAND,spillover,18,06ec1f40f06b,≤r13,1,13,r13 스냅샷
FTISLAND,spillover,19,0871d7740e93,≤r13,1,13,r13 스냅샷
FTISLAND,spillover,20,1c3c876f29f7,≤r13,1,13,r13 스냅샷
FTISLAND,spillover,21,4b530a64eda4,r14∼r22,14,22,r22 백업
FTISLAND,spillover,22,b0e0de13590a,r14∼r22,14,22,r22 백업
FTISLAND,spillover,23,5b4447283a1f,r23∼r39,23,39,동결 근사 복원본
FTISLAND,spillover,24,15b4da660889,r23∼r39,23,39,동결 근사 복원본
FTISLAND,spillover,25,880f34f9164b,r23∼r39,23,39,동결 근사 복원본
FTISLAND,spillover,26,a5b481ae9693,r23∼r39,23,39,동결 근사 복원본
FTISLAND,spillover,27,ffee87e5e2e6,r23∼r39,23,39,동결 근사 복원본
FTISLAND,spillover,28,af9e6ffdc3b1,r23∼r39,23,39,동결 근사 복원본
FTISLAND,spillover,29,6f86bbdd32b6,r23∼r39,23,39,동결 근사 복원본
FTISLAND,spillover,30,b3c56156c158,r23∼r39,23,39,동결 근사 복원본
FTISLAND,spillover,31,3efe300c68e8,r23∼r39,23,39,동결 근사 복원본
FTISLAND,spillover,32,8d52ee40d678,r23∼r39,23,39,동결 근사 복원본
FTISLAND,spillover,33,daa7b853dd59,r23∼r39,23,39,동결 근사 복원본
FTISLAND,spillover,34,108d195195f3,r41∼r72,41,72,라이브 코퍼스(스냅샷 이후)
FTISLAND,spillover,35,4d70ccb1c7ac,r41∼r72,41,72,라이브 코퍼스(스냅샷 이후)
FTISLAND,spillover,36,487108c06498,r41∼r72,41,72,라이브 코퍼스(스냅샷 이후)
FTISLAND,spillover,37,8677c6b02438,r41∼r72,41,72,라이브 코퍼스(스냅샷 이후)
FTISLAND,spillover,38,6ae443d8264f,r41∼r72,41,72,라이브 코퍼스(스냅샷 이후)
FTISLAND,spillover,39,7a110ad58aee,r41∼r72,41,72,라이브 코퍼스(스냅샷 이후)
FTISLAND,spillover,40,808b646ee7e7,r41∼r72,41,72,라이브 코퍼스(스냅샷 이후)
FTISLAND,spillover,41,16d05eb2eb05,r41∼r72,41,72,라이브 코퍼스(스냅샷 이후)
NewJeans,loyalty,0,b5e80623e446,≤r13,1,13,r13 스냅샷
NewJeans,loyalty,1,f4f3f921c349,≤r13,1,13,r13 스냅샷
NewJeans,loyalty,2,7eaa1c0efd90,≤r13,1,13,r13 스냅샷
NewJeans,loyalty,3,396d93d9cd34,≤r13,1,13,r13 스냅샷
NewJeans,loyalty,4,472c21fce32f,≤r13,1,13,r13 스냅샷
NewJeans,loyalty,5,386c501db2e5,≤r13,1,13,r13 스냅샷
NewJeans,loyalty,6,567d1a2d12ad,≤r13,1,13,r13 스냅샷
NewJeans,loyalty,7,3b26819d515d,≤r13,1,13,r13 스냅샷
NewJeans,loyalty,8,f83c4b3aeebd,≤r13,1,13,r13 스냅샷
NewJeans,loyalty,9,db09d08147a7,≤r13,1,13,r13 스냅샷
NewJeans,loyalty,10,22ff787825b2,≤r13,1,13,r13 스냅샷
NewJeans,loyalty,11,eedb7dd19b52,≤r13,1,13,r13 스냅샷
NewJeans,loyalty,12,ec1dd5387c01,≤r13,1,13,r13 스냅샷
NewJeans,loyalty,13,474ea205b372,≤r13,1,13,r13 스냅샷
NewJeans,loyalty,14,7155316f5130,≤r13,1,13,r13 스냅샷
NewJeans,loyalty,15,0b0bfb10098c,≤r13,1,13,r13 스냅샷
NewJeans,loyalty,16,20e92a27bfdc,≤r13,1,13,r13 스냅샷
NewJeans,loyalty,17,879c30f104ee,≤r13,1,13,r13 스냅샷
NewJeans,loyalty,18,aaa3d293487b,≤r13,1,13,r13 스냅샷
NewJeans,loyalty,19,b47d450977c6,≤r13,1,13,r13 스냅샷
NewJeans,loyalty,20,886231c92e69,≤r13,1,13,r13 스냅샷
NewJeans,loyalty,21,0df8e04bf035,≤r13,1,13,r13 스냅샷
NewJeans,loyalty,22,30027474b2c6,≤r13,1,13,r13 스냅샷
NewJeans,loyalty,23,424bc66a464d,≤r13,1,13,r13 스냅샷
NewJeans,loyalty,24,f8d4dcca7a87,≤r13,1,13,r13 스냅샷
NewJeans,loyalty,25,0cb74b97e299,≤r13,1,13,r13 스냅샷
NewJeans,loyalty,26,60529c6271b7,≤r13,1,13,r13 스냅샷
NewJeans,loyalty,27,a6f3183a8697,≤r13,1,13,r13 스냅샷
NewJeans,loyalty,28,0c2b59203df5,≤r13,1,13,r13 스냅샷
NewJeans,loyalty,29,fdebf1850b9d,≤r13,1,13,r13 스냅샷
NewJeans,loyalty,30,67dcc1886268,≤r13,1,13,r13 스냅샷
NewJeans,loyalty,31,233e568cd3ad,≤r13,1,13,r13 스냅샷
NewJeans,loyalty,32,61960bedb10b,≤r13,1,13,r13 스냅샷
NewJeans,loyalty,33,1532d8d01260,r23∼r39,23,39,동결 근사 복원본
NewJeans,loyalty,34,54c01ab00d6e,r23∼r39,23,39,동결 근사 복원본
NewJeans,loyalty,35,24e1d7af0c9d,r23∼r39,23,39,동결 근사 복원본
NewJeans,loyalty,36,22bc7fcba324,r41∼r72,41,72,라이브 코퍼스(스냅샷 이후)
NewJeans,loyalty,37,5046ddaaa8f0,r41∼r72,41,72,라이브 코퍼스(스냅샷 이후)
NewJeans,loyalty,38,e15fb89426dc,r41∼r72,41,72,라이브 코퍼스(스냅샷 이후)
NewJeans,loyalty,39,83ec3632da6f,r41∼r72,41,72,라이브 코퍼스(스냅샷 이후)
NewJeans,loyalty,40,1e5ab1fe2e3d,r41∼r72,41,72,라이브 코퍼스(스냅샷 이후)
NewJeans,loyalty,41,cf244f1052c1,r41∼r72,41,72,라이브 코퍼스(스냅샷 이후)
NewJeans,loyalty,42,d2a7a2535ca0,r41∼r72,41,72,라이브 코퍼스(스냅샷 이후)
NewJeans,loyalty,43,0d6fc02c5cb3,r41∼r72,41,72,라이브 코퍼스(스냅샷 이후)
NewJeans,spillover,0,9e52b5aaca65,≤r13,1,13,r13 스냅샷
NewJeans,spillover,1,f732fc1043ef,≤r13,1,13,r13 스냅샷
NewJeans,spillover,2,2f03cca289c1,≤r13,1,13,r13 스냅샷
NewJeans,spillover,3,6a71590fe046,≤r13,1,13,r13 스냅샷
NewJeans,spillover,4,e76272ff9b46,≤r13,1,13,r13 스냅샷
NewJeans,spillover,5,425df077164e,≤r13,1,13,r13 스냅샷
NewJeans,spillover,6,83a2697dd21c,≤r13,1,13,r13 스냅샷
NewJeans,spillover,7,dd32e91a65a7,≤r13,1,13,r13 스냅샷
NewJeans,spillover,8,c39db3a89097,≤r13,1,13,r13 스냅샷
NewJeans,spillover,9,94a296ea79b7,≤r13,1,13,r13 스냅샷
NewJeans,spillover,10,836b122cb735,≤r13,1,13,r13 스냅샷
NewJeans,spillover,11,44fc65dca90c,≤r13,1,13,r13 스냅샷
NewJeans,spillover,12,4cbd51585f7c,≤r13,1,13,r13 스냅샷
NewJeans,spillover,13,368ce0cd4a1f,≤r13,1,13,r13 스냅샷
NewJeans,spillover,14,24e70c667843,≤r13,1,13,r13 스냅샷
NewJeans,spillover,15,7aa72f191bfb,≤r13,1,13,r13 스냅샷
NewJeans,spillover,16,8c255de5219e,≤r13,1,13,r13 스냅샷
NewJeans,spillover,17,888da6824845,≤r13,1,13,r13 스냅샷
NewJeans,spillover,18,25d0260c9ace,≤r13,1,13,r13 스냅샷
NewJeans,spillover,19,933699d459c4,≤r13,1,13,r13 스냅샷
NewJeans,spillover,20,b9275addbf68,≤r13,1,13,r13 스냅샷
NewJeans,spillover,21,7a2ac67b92fc,≤r13,1,13,r13 스냅샷
NewJeans,spillover,22,7256c4c10142,≤r13,1,13,r13 스냅샷
NewJeans,spillover,23,5ea5c8be042b,≤r13,1,13,r13 스냅샷
NewJeans,spillover,24,47d0a06fc968,≤r13,1,13,r13 스냅샷
NewJeans,spillover,25,f21ae344e163,≤r13,1,13,r13 스냅샷
NewJeans,spillover,26,b803bc1f99fe,≤r13,1,13,r13 스냅샷
NewJeans,spillover,27,9f6dc685eeed,≤r13,1,13,r13 스냅샷
NewJeans,spillover,28,523fc7d5950a,≤r13,1,13,r13 스냅샷
NewJeans,spillover,29,7c8bcab8634f,≤r13,1,13,r13 스냅샷
NewJeans,spillover,30,046b4f817032,≤r13,1,13,r13 스냅샷
NewJeans,spillover,31,38b4c3cb499a,≤r13,1,13,r13 스냅샷
NewJeans,spillover,32,466464847726,≤r13,1,13,r13 스냅샷
NewJeans,spillover,33,f89398871b55,≤r13,1,13,r13 스냅샷
NewJeans,spillover,34,bd18966e498e,≤r13,1,13,r13 스냅샷
NewJeans,spillover,35,91cf1b2592fb,≤r13,1,13,r13 스냅샷
NewJeans,spillover,36,b95cddce8155,≤r13,1,13,r13 스냅샷
NewJeans,spillover,37,1dff8cf5e324,≤r13,1,13,r13 스냅샷
NewJeans,spillover,38,7be44f8a46b5,≤r13,1,13,r13 스냅샷
NewJeans,spillover,39,cc7fc88d4a88,≤r13,1,13,r13 스냅샷
NewJeans,spillover,40,7924e8b413b2,≤r13,1,13,r13 스냅샷
NewJeans,spillover,41,eff89d1a60fb,≤r13,1,13,r13 스냅샷
NewJeans,spillover,42,ed75ccacbb33,≤r13,1,13,r13 스냅샷
NewJeans,spillover,43,dd261053bc97,≤r13,1,13,r13 스냅샷
NewJeans,spillover,44,444ae7e3ca12,≤r13,1,13,r13 스냅샷
NewJeans,spillover,45,24284eca97b0,≤r13,1,13,r13 스냅샷
NewJeans,spillover,46,aec0d198acee,≤r13,1,13,r13 스냅샷
NewJeans,spillover,47,ed64ff216eea,≤r13,1,13,r13 스냅샷
NewJeans,spillover,48,424983f22ddb,≤r13,1,13,r13 스냅샷
NewJeans,spillover,49,6433f04de660,≤r13,1,13,r13 스냅샷
NewJeans,spillover,50,4faba5e2a31f,≤r13,1,13,r13 스냅샷
NewJeans,spillover,51,9bd771c2cec8,≤r13,1,13,r13 스냅샷
NewJeans,spillover,52,d333bce1d549,≤r13,1,13,r13 스냅샷
NewJeans,spillover,53,ece4836970f1,≤r13,1,13,r13 스냅샷
NewJeans,spillover,54,7a930b4cd494,≤r13,1,13,r13 스냅샷
NewJeans,spillover,55,ff9ef34003a1,≤r13,1,13,r13 스냅샷
NewJeans,spillover,56,de5a3cf61a4c,≤r13,1,13,r13 스냅샷
NewJeans,spillover,57,7415a21ae5c2,≤r13,1,13,r13 스냅샷
NewJeans,spillover,58,8cff514c4c1c,≤r13,1,13,r13 스냅샷
NewJeans,spillover,59,9329e6b08d31,≤r13,1,13,r13 스냅샷
NewJeans,spillover,60,ff2608acbebd,≤r13,1,13,r13 스냅샷
NewJeans,spillover,61,63879f011b59,≤r13,1,13,r13 스냅샷
NewJeans,spillover,62,9b7c1ecd7dee,≤r13,1,13,r13 스냅샷
NewJeans,spillover,63,6a7ea97a5fc5,≤r13,1,13,r13 스냅샷
NewJeans,spillover,64,c3b95a981932,≤r13,1,13,r13 스냅샷
NewJeans,spillover,65,969a41976cbc,≤r13,1,13,r13 스냅샷
NewJeans,spillover,66,ad1ff783c2d2,≤r13,1,13,r13 스냅샷
NewJeans,spillover,67,0740bdafe8b8,r23∼r39,23,39,동결 근사 복원본
NewJeans,spillover,68,0ef1139bd0e4,r23∼r39,23,39,동결 근사 복원본
NewJeans,spillover,69,0638d4e3a6ad,r23∼r39,23,39,동결 근사 복원본
NewJeans,spillover,70,ea273f7055ec,r23∼r39,23,39,동결 근사 복원본
NewJeans,spillover,71,8a98c85575c9,r23∼r39,23,39,동결 근사 복원본
NewJeans,spillover,72,b637c2ef98a1,r23∼r39,23,39,동결 근사 복원본
NewJeans,spillover,73,d68d0cfdf66c,r23∼r39,23,39,동결 근사 복원본
NewJeans,spillover,74,981a9b1e9a6c,r23∼r39,23,39,동결 근사 복원본
NewJeans,spillover,75,5ddc85f2dfc0,r23∼r39,23,39,동결 근사 복원본
NewJeans,spillover,76,23e05d8918f4,r23∼r39,23,39,동결 근사 복원본
NewJeans,spillover,77,cbfdb0a3147c,r23∼r39,23,39,동결 근사 복원본
NewJeans,spillover,78,36ec74c1b7ef,r23∼r39,23,39,동결 근사 복원본
NewJeans,spillover,79,0e3df6ccffed,r23∼r39,23,39,동결 근사 복원본
NewJeans,spillover,80,21857f538c5d,r23∼r39,23,39,동결 근사 복원본
NewJeans,spillover,81,71edc8237304,r23∼r39,23,39,동결 근사 복원본
NewJeans,spillover,82,206208a53b93,r23∼r39,23,39,동결 근사 복원본
NewJeans,spillover,83,a9fdf100a3e1,r23∼r39,23,39,동결 근사 복원본
NewJeans,spillover,84,09722974c4b3,r23∼r39,23,39,동결 근사 복원본
NewJeans,spillover,85,966ebda8682c,r23∼r39,23,39,동결 근사 복원본
NewJeans,spillover,86,05376524b47d,r41∼r72,41,72,라이브 코퍼스(스냅샷 이후)
NewJeans,spillover,87,90917cb76fb4,r41∼r72,41,72,라이브 코퍼스(스냅샷 이후)
NewJeans,spillover,88,9f7a71529e04,r41∼r72,41,72,라이브 코퍼스(스냅샷 이후)
NewJeans,spillover,89,069a19dda703,r41∼r72,41,72,라이브 코퍼스(스냅샷 이후)
NewJeans,spillover,90,9dad79c43caf,r41∼r72,41,72,라이브 코퍼스(스냅샷 이후)
NewJeans,spillover,91,0c346b2216e7,r41∼r72,41,72,라이브 코퍼스(스냅샷 이후)
NewJeans,spillover,92,8902ccd08ca2,r41∼r72,41,72,라이브 코퍼스(스냅샷 이후)
NewJeans,spillover,93,7376e826e051,r41∼r72,41,72,라이브 코퍼스(스냅샷 이후)
NewJeans,spillover,94,f1e3262b386c,r41∼r72,41,72,라이브 코퍼스(스냅샷 이후)
NewJeans,spillover,95,615b4796cac0,r41∼r72,41,72,라이브 코퍼스(스냅샷 이후)
NewJeans,spillover,96,ecacd61cb467,r41∼r72,41,72,라이브 코퍼스(스냅샷 이후)
NewJeans,spillover,97,269ef410810b,r41∼r72,41,72,라이브 코퍼스(스냅샷 이후)
NewJeans,spillover,98,2cee29eb9a54,r41∼r72,41,72,라이브 코퍼스(스냅샷 이후)
NewJeans,spillover,99,789763527bb5,r41∼r72,41,72,라이브 코퍼스(스냅샷 이후)
NewJeans,spillover,100,b14af19862c8,r41∼r72,41,72,라이브 코퍼스(스냅샷 이후)
NewJeans,spillover,101,a0db38603cce,r41∼r72,41,72,라이브 코퍼스(스냅샷 이후)
NewJeans,spillover,102,5ee76750a437,r41∼r72,41,72,라이브 코퍼스(스냅샷 이후)
NewJeans,spillover,103,9cba09effacf,r41∼r72,41,72,라이브 코퍼스(스냅샷 이후)
NewJeans,spillover,104,0a91930ea7ed,r41∼r72,41,72,라이브 코퍼스(스냅샷 이후)
NewJeans,spillover,105,a0bec1f67f85,r41∼r72,41,72,라이브 코퍼스(스냅샷 이후)
NewJeans,spillover,106,b903b042b42a,r41∼r72,41,72,라이브 코퍼스(스냅샷 이후)
NewJeans,spillover,107,4056f4ded67b,r41∼r72,41,72,라이브 코퍼스(스냅샷 이후)
NewJeans,spillover,108,fb256b4170aa,r41∼r72,41,72,라이브 코퍼스(스냅샷 이후)
NewJeans,spillover,109,69503ecb2baa,r41∼r72,41,72,라이브 코퍼스(스냅샷 이후)
BLACKPINK,loyalty,0,9c9511ce4030,≤r13,1,13,r13 스냅샷
BLACKPINK,loyalty,1,eb86b59d192f,≤r13,1,13,r13 스냅샷
BLACKPINK,loyalty,2,b0eb2027f983,≤r13,1,13,r13 스냅샷
BLACKPINK,loyalty,3,d634c28050b8,≤r13,1,13,r13 스냅샷
BLACKPINK,loyalty,4,62377a3954b1,≤r13,1,13,r13 스냅샷
BLACKPINK,loyalty,5,4506a8c351b7,≤r13,1,13,r13 스냅샷
BLACKPINK,loyalty,6,8f40a6bb5dc1,≤r13,1,13,r13 스냅샷
BLACKPINK,loyalty,7,dfc974db0fb4,≤r13,1,13,r13 스냅샷
BLACKPINK,loyalty,8,7e4cff21e2e0,≤r13,1,13,r13 스냅샷
BLACKPINK,loyalty,9,9ba18748400d,≤r13,1,13,r13 스냅샷
BLACKPINK,loyalty,10,ac1f06489438,≤r13,1,13,r13 스냅샷
BLACKPINK,loyalty,11,76e7aaf4ab09,≤r13,1,13,r13 스냅샷
BLACKPINK,loyalty,12,a19b3e599161,≤r13,1,13,r13 스냅샷
BLACKPINK,loyalty,13,d7405260db6f,≤r13,1,13,r13 스냅샷
BLACKPINK,loyalty,14,e35c4d660d3f,≤r13,1,13,r13 스냅샷
BLACKPINK,loyalty,15,90cdf4115b7e,≤r13,1,13,r13 스냅샷
BLACKPINK,loyalty,16,f4cfa4151135,≤r13,1,13,r13 스냅샷
BLACKPINK,loyalty,17,2ef50a10bb0d,≤r13,1,13,r13 스냅샷
BLACKPINK,loyalty,18,229d4f87521a,≤r13,1,13,r13 스냅샷
BLACKPINK,loyalty,19,f4a3cd2ca478,≤r13,1,13,r13 스냅샷
BLACKPINK,loyalty,20,00a9fea65665,≤r13,1,13,r13 스냅샷
BLACKPINK,loyalty,21,97b8d5429c07,≤r13,1,13,r13 스냅샷
BLACKPINK,loyalty,22,87c500aecdd8,≤r13,1,13,r13 스냅샷
BLACKPINK,loyalty,23,f73126761c8d,≤r13,1,13,r13 스냅샷
BLACKPINK,loyalty,24,d14c95fd9ad0,≤r13,1,13,r13 스냅샷
BLACKPINK,loyalty,25,53d34a82b6d6,≤r13,1,13,r13 스냅샷
BLACKPINK,loyalty,26,57c5206a42cf,≤r13,1,13,r13 스냅샷
BLACKPINK,loyalty,27,8240196608f9,≤r13,1,13,r13 스냅샷
BLACKPINK,loyalty,28,1440b79f03b6,≤r13,1,13,r13 스냅샷
BLACKPINK,loyalty,29,f31ad633b6db,≤r13,1,13,r13 스냅샷
BLACKPINK,loyalty,30,12634b3a6686,≤r13,1,13,r13 스냅샷
BLACKPINK,loyalty,31,4c3c946d7076,≤r13,1,13,r13 스냅샷
BLACKPINK,loyalty,32,930cda1392df,≤r13,1,13,r13 스냅샷
BLACKPINK,loyalty,33,2cb965bf5af0,≤r13,1,13,r13 스냅샷
BLACKPINK,loyalty,34,0934165d3c2a,≤r13,1,13,r13 스냅샷
BLACKPINK,loyalty,35,5af8bac2d883,≤r13,1,13,r13 스냅샷
BLACKPINK,loyalty,36,82819a755709,≤r13,1,13,r13 스냅샷
BLACKPINK,loyalty,37,c9d3e730a305,≤r13,1,13,r13 스냅샷
BLACKPINK,loyalty,38,d4a1b83da377,≤r13,1,13,r13 스냅샷
BLACKPINK,loyalty,39,1d0e3e1c3b7f,≤r13,1,13,r13 스냅샷
BLACKPINK,loyalty,40,02d00890fc38,≤r13,1,13,r13 스냅샷
BLACKPINK,loyalty,41,621bd41dfbd4,≤r13,1,13,r13 스냅샷
BLACKPINK,loyalty,42,f0675cfb21dd,≤r13,1,13,r13 스냅샷
BLACKPINK,loyalty,43,c98cf7e4408a,≤r13,1,13,r13 스냅샷
BLACKPINK,loyalty,44,b8eba834b85d,≤r13,1,13,r13 스냅샷
BLACKPINK,loyalty,45,26e936300af6,r14∼r22,14,22,r22 백업
BLACKPINK,loyalty,46,59a22e4627ba,r23∼r39,23,39,동결 근사 복원본
BLACKPINK,loyalty,47,fbb7bc987d12,r23∼r39,23,39,동결 근사 복원본
BLACKPINK,loyalty,48,0b522eb894a3,r23∼r39,23,39,동결 근사 복원본
BLACKPINK,loyalty,49,c7c70d8d613a,r23∼r39,23,39,동결 근사 복원본
BLACKPINK,loyalty,50,81532f169a32,r23∼r39,23,39,동결 근사 복원본
BLACKPINK,loyalty,51,df15ef2aa1fb,r41∼r72,41,72,라이브 코퍼스(스냅샷 이후)
BLACKPINK,loyalty,52,71dec341fade,r41∼r72,41,72,라이브 코퍼스(스냅샷 이후)
BLACKPINK,loyalty,53,b36993402c24,r41∼r72,41,72,라이브 코퍼스(스냅샷 이후)
BLACKPINK,loyalty,54,928ec4732b76,r41∼r72,41,72,라이브 코퍼스(스냅샷 이후)
BLACKPINK,loyalty,55,420d6a0a3a54,r41∼r72,41,72,라이브 코퍼스(스냅샷 이후)
BLACKPINK,loyalty,56,a92ab11a2fc6,r41∼r72,41,72,라이브 코퍼스(스냅샷 이후)
BLACKPINK,loyalty,57,a9dfb8683278,r41∼r72,41,72,라이브 코퍼스(스냅샷 이후)
BLACKPINK,loyalty,58,64a8fe1fbb8d,r41∼r72,41,72,라이브 코퍼스(스냅샷 이후)
BLACKPINK,loyalty,59,56363d7ccd1f,r41∼r72,41,72,라이브 코퍼스(스냅샷 이후)
BLACKPINK,spillover,0,2fc9430bf6c2,≤r13,1,13,r13 스냅샷
BLACKPINK,spillover,1,30f196606f29,≤r13,1,13,r13 스냅샷
BLACKPINK,spillover,2,139882c6dbb8,≤r13,1,13,r13 스냅샷
BLACKPINK,spillover,3,1b23758f54d8,≤r13,1,13,r13 스냅샷
BLACKPINK,spillover,4,713063f35085,≤r13,1,13,r13 스냅샷
BLACKPINK,spillover,5,c8d08070e6d9,≤r13,1,13,r13 스냅샷
BLACKPINK,spillover,6,7157544ab07f,≤r13,1,13,r13 스냅샷
BLACKPINK,spillover,7,b726a27eb6ce,≤r13,1,13,r13 스냅샷
BLACKPINK,spillover,8,6a1a39c9ca97,≤r13,1,13,r13 스냅샷
BLACKPINK,spillover,9,825d41b928dd,≤r13,1,13,r13 스냅샷
BLACKPINK,spillover,10,738e538884dd,≤r13,1,13,r13 스냅샷
BLACKPINK,spillover,11,a496177436a1,≤r13,1,13,r13 스냅샷
BLACKPINK,spillover,12,dbf2bed667d0,≤r13,1,13,r13 스냅샷
BLACKPINK,spillover,13,6576303aa452,≤r13,1,13,r13 스냅샷
BLACKPINK,spillover,14,685041bc575a,≤r13,1,13,r13 스냅샷
BLACKPINK,spillover,15,48d35ec341df,≤r13,1,13,r13 스냅샷
BLACKPINK,spillover,16,a350b08888c0,≤r13,1,13,r13 스냅샷
BLACKPINK,spillover,17,7c870854104b,≤r13,1,13,r13 스냅샷
BLACKPINK,spillover,18,55679f3ed698,≤r13,1,13,r13 스냅샷
BLACKPINK,spillover,19,57142771047c,≤r13,1,13,r13 스냅샷
BLACKPINK,spillover,20,2002dadb7ff2,≤r13,1,13,r13 스냅샷
BLACKPINK,spillover,21,c7232b5f36ee,≤r13,1,13,r13 스냅샷
BLACKPINK,spillover,22,d6871be95410,≤r13,1,13,r13 스냅샷
BLACKPINK,spillover,23,570a3ab44b11,≤r13,1,13,r13 스냅샷
BLACKPINK,spillover,24,37fb93874f2f,≤r13,1,13,r13 스냅샷
BLACKPINK,spillover,25,dd2d3da3e0fe,≤r13,1,13,r13 스냅샷
BLACKPINK,spillover,26,3fb3ea2986d0,≤r13,1,13,r13 스냅샷
BLACKPINK,spillover,27,b70c41c8eadf,≤r13,1,13,r13 스냅샷
BLACKPINK,spillover,28,da62cfb6cf3d,≤r13,1,13,r13 스냅샷
BLACKPINK,spillover,29,8820008ca8f7,≤r13,1,13,r13 스냅샷
BLACKPINK,spillover,30,8b6704fc1272,≤r13,1,13,r13 스냅샷
BLACKPINK,spillover,31,741b9f3cbe2d,≤r13,1,13,r13 스냅샷
BLACKPINK,spillover,32,76cee8d4c938,≤r13,1,13,r13 스냅샷
BLACKPINK,spillover,33,ee2f49ef4ee7,≤r13,1,13,r13 스냅샷
BLACKPINK,spillover,34,24cada96603d,≤r13,1,13,r13 스냅샷
BLACKPINK,spillover,35,d9554b5cc7b3,≤r13,1,13,r13 스냅샷
BLACKPINK,spillover,36,676ef0c402a6,≤r13,1,13,r13 스냅샷
BLACKPINK,spillover,37,ab2149d2419a,≤r13,1,13,r13 스냅샷
BLACKPINK,spillover,38,81e2d6363c08,≤r13,1,13,r13 스냅샷
BLACKPINK,spillover,39,915ceed44249,≤r13,1,13,r13 스냅샷
BLACKPINK,spillover,40,c0584d49971b,≤r13,1,13,r13 스냅샷
BLACKPINK,spillover,41,eecb098cfd1f,≤r13,1,13,r13 스냅샷
BLACKPINK,spillover,42,3dcf90d7bb40,≤r13,1,13,r13 스냅샷
BLACKPINK,spillover,43,8222db341ca9,≤r13,1,13,r13 스냅샷
BLACKPINK,spillover,44,d3b43ba09dfc,≤r13,1,13,r13 스냅샷
BLACKPINK,spillover,45,3254bbbff58f,≤r13,1,13,r13 스냅샷
BLACKPINK,spillover,46,e49f82685aa5,≤r13,1,13,r13 스냅샷
BLACKPINK,spillover,47,b83fb4e64cd0,≤r13,1,13,r13 스냅샷
BLACKPINK,spillover,48,b396c1123034,≤r13,1,13,r13 스냅샷
BLACKPINK,spillover,49,31e4e0b45c05,≤r13,1,13,r13 스냅샷
BLACKPINK,spillover,50,d337606bb574,≤r13,1,13,r13 스냅샷
BLACKPINK,spillover,51,10fc26370c74,≤r13,1,13,r13 스냅샷
BLACKPINK,spillover,52,8d30214df387,≤r13,1,13,r13 스냅샷
BLACKPINK,spillover,53,7fcaebc3f76c,≤r13,1,13,r13 스냅샷
BLACKPINK,spillover,54,46370d108fe3,≤r13,1,13,r13 스냅샷
BLACKPINK,spillover,55,76d677d74571,≤r13,1,13,r13 스냅샷
BLACKPINK,spillover,56,1435f7411634,≤r13,1,13,r13 스냅샷
BLACKPINK,spillover,57,642a688205aa,≤r13,1,13,r13 스냅샷
BLACKPINK,spillover,58,51a9f81ae0de,≤r13,1,13,r13 스냅샷
BLACKPINK,spillover,59,ff4bafbc5e15,≤r13,1,13,r13 스냅샷
BLACKPINK,spillover,60,235d3f87521f,≤r13,1,13,r13 스냅샷
BLACKPINK,spillover,61,c86cbc4ab7d7,≤r13,1,13,r13 스냅샷
BLACKPINK,spillover,62,c75458bbbbcd,≤r13,1,13,r13 스냅샷
BLACKPINK,spillover,63,b35fd8d09655,≤r13,1,13,r13 스냅샷
BLACKPINK,spillover,64,b1998102bdb1,≤r13,1,13,r13 스냅샷
BLACKPINK,spillover,65,344784c28a62,≤r13,1,13,r13 스냅샷
BLACKPINK,spillover,66,d3bf13d5c590,≤r13,1,13,r13 스냅샷
BLACKPINK,spillover,67,ad92f57f8a35,≤r13,1,13,r13 스냅샷
BLACKPINK,spillover,68,c1d6415e88d0,≤r13,1,13,r13 스냅샷
BLACKPINK,spillover,69,a76f3d1be910,≤r13,1,13,r13 스냅샷
BLACKPINK,spillover,70,89f3b01fcf51,≤r13,1,13,r13 스냅샷
BLACKPINK,spillover,71,0f07b7e1ade6,≤r13,1,13,r13 스냅샷
BLACKPINK,spillover,72,5eab78e03731,≤r13,1,13,r13 스냅샷
BLACKPINK,spillover,73,f7b1c7d69813,≤r13,1,13,r13 스냅샷
BLACKPINK,spillover,74,17c25a6e0327,≤r13,1,13,r13 스냅샷
BLACKPINK,spillover,75,19fdf4772182,≤r13,1,13,r13 스냅샷
BLACKPINK,spillover,76,caf676b087e4,r14∼r22,14,22,r22 백업
BLACKPINK,spillover,77,97c52c42517a,r23∼r39,23,39,동결 근사 복원본
BLACKPINK,spillover,78,e8766908fdaa,r23∼r39,23,39,동결 근사 복원본
BLACKPINK,spillover,79,599fe42df700,r23∼r39,23,39,동결 근사 복원본
BLACKPINK,spillover,80,0ce446df5d22,r23∼r39,23,39,동결 근사 복원본
BLACKPINK,spillover,81,0f02a411e74c,r23∼r39,23,39,동결 근사 복원본
BLACKPINK,spillover,82,46d9aaf42d3c,r23∼r39,23,39,동결 근사 복원본
BLACKPINK,spillover,83,f928d14f5602,r23∼r39,23,39,동결 근사 복원본
BLACKPINK,spillover,84,005564263dde,r23∼r39,23,39,동결 근사 복원본
BLACKPINK,spillover,85,6cd5b2cd2442,r23∼r39,23,39,동결 근사 복원본
BLACKPINK,spillover,86,d0d22dbe7346,r23∼r39,23,39,동결 근사 복원본
BLACKPINK,spillover,87,90c224da1132,r23∼r39,23,39,동결 근사 복원본
BLACKPINK,spillover,88,b47afaaebf43,r23∼r39,23,39,동결 근사 복원본
BLACKPINK,spillover,89,d075c15ea2d4,r23∼r39,23,39,동결 근사 복원본
BLACKPINK,spillover,90,12ed0754658c,r23∼r39,23,39,동결 근사 복원본
BLACKPINK,spillover,91,868ce8bc17d3,r23∼r39,23,39,동결 근사 복원본
BLACKPINK,spillover,92,f5f0a7a107ea,r23∼r39,23,39,동결 근사 복원본
BLACKPINK,spillover,93,1e8441d8848e,r23∼r39,23,39,동결 근사 복원본
BLACKPINK,spillover,94,cccbf5fe8819,r23∼r39,23,39,동결 근사 복원본
BLACKPINK,spillover,95,ebd319412195,r41∼r72,41,72,라이브 코퍼스(스냅샷 이후)
BLACKPINK,spillover,96,789e808e194e,r41∼r72,41,72,라이브 코퍼스(스냅샷 이후)
BLACKPINK,spillover,97,39c66f6fc7f2,r41∼r72,41,72,라이브 코퍼스(스냅샷 이후)
BLACKPINK,spillover,98,b01347da53c3,r41∼r72,41,72,라이브 코퍼스(스냅샷 이후)
BLACKPINK,spillover,99,351d17f8af73,r41∼r72,41,72,라이브 코퍼스(스냅샷 이후)
BLACKPINK,spillover,100,129423db6213,r41∼r72,41,72,라이브 코퍼스(스냅샷 이후)
BLACKPINK,spillover,101,12268f14efe5,r41∼r72,41,72,라이브 코퍼스(스냅샷 이후)
BLACKPINK,spillover,102,3fa4275d3c9c,r41∼r72,41,72,라이브 코퍼스(스냅샷 이후)
BLACKPINK,spillover,103,c27a713a3d96,r41∼r72,41,72,라이브 코퍼스(스냅샷 이후)
BLACKPINK,spillover,104,974c020b410c,r41∼r72,41,72,라이브 코퍼스(스냅샷 이후)
BLACKPINK,spillover,105,3e7383afb0e8,r41∼r72,41,72,라이브 코퍼스(스냅샷 이후)
BLACKPINK,spillover,106,1a3461dd7f3d,r41∼r72,41,72,라이브 코퍼스(스냅샷 이후)
BLACKPINK,spillover,107,0b24d8a6af31,r41∼r72,41,72,라이브 코퍼스(스냅샷 이후)
BLACKPINK,spillover,108,e1f0e18fa348,r41∼r72,41,72,라이브 코퍼스(스냅샷 이후)
BLACKPINK,spillover,109,1d2c31cfda75,r41∼r72,41,72,라이브 코퍼스(스냅샷 이후)
BLACKPINK,spillover,110,6b7ab78a36dc,r41∼r72,41,72,라이브 코퍼스(스냅샷 이후)
BLACKPINK,spillover,111,b150e499a2c1,r41∼r72,41,72,라이브 코퍼스(스냅샷 이후)
BLACKPINK,spillover,112,4544fc8e7077,r41∼r72,41,72,라이브 코퍼스(스냅샷 이후)
BLACKPINK,spillover,113,de48b02567b9,r41∼r72,41,72,라이브 코퍼스(스냅샷 이후)
BLACKPINK,spillover,114,bc04a61f5bfe,r41∼r72,41,72,라이브 코퍼스(스냅샷 이후)
BLACKPINK,spillover,115,53b9255655e4,r41∼r72,41,72,라이브 코퍼스(스냅샷 이후)
BLACKPINK,spillover,116,0612cbfe7724,r41∼r72,41,72,라이브 코퍼스(스냅샷 이후)
BLACKPINK,spillover,117,72d33728b23a,r41∼r72,41,72,라이브 코퍼스(스냅샷 이후)
BLACKPINK,spillover,118,b4439882cdf5,r41∼r72,41,72,라이브 코퍼스(스냅샷 이후)
BLACKPINK,spillover,119,c54736ed7330,r41∼r72,41,72,라이브 코퍼스(스냅샷 이후)
BLACKPINK,spillover,120,4c2fbaedba17,r41∼r72,41,72,라이브 코퍼스(스냅샷 이후)
BLACKPINK,spillover,121,16563d85a476,r41∼r72,41,72,라이브 코퍼스(스냅샷 이후)
BLACKPINK,spillover,122,e5c320889e86,r41∼r72,41,72,라이브 코퍼스(스냅샷 이후)
BLACKPINK,spillover,123,ecd46cb7ca57,r41∼r72,41,72,라이브 코퍼스(스냅샷 이후)
BLACKPINK,spillover,124,d36e0e115638,r41∼r72,41,72,라이브 코퍼스(스냅샷 이후)
BLACKPINK,spillover,125,74da675296a8,r41∼r72,41,72,라이브 코퍼스(스냅샷 이후)
BLACKPINK,spillover,126,8a84f44128a5,r41∼r72,41,72,라이브 코퍼스(스냅샷 이후)
BLACKPINK,spillover,127,48adaa844916,r41∼r72,41,72,라이브 코퍼스(스냅샷 이후)
BLACKPINK,spillover,128,58da1b24c0da,r41∼r72,41,72,라이브 코퍼스(스냅샷 이후)
BLACKPINK,spillover,129,c5350d220480,r41∼r72,41,72,라이브 코퍼스(스냅샷 이후)
BLACKPINK,spillover,130,11ece696d3f6,r41∼r72,41,72,라이브 코퍼스(스냅샷 이후)
BLACKPINK,spillover,131,dfe4380d9d5a,r41∼r72,41,72,라이브 코퍼스(스냅샷 이후)
BLACKPINK,spillover,132,8a967e40665e,r41∼r72,41,72,라이브 코퍼스(스냅샷 이후)
BLACKPINK,spillover,133,1bc0fd8cb9fc,r41∼r72,41,72,라이브 코퍼스(스냅샷 이후)
BLACKPINK,spillover,134,f51c5b24a7bf,r41∼r72,41,72,라이브 코퍼스(스냅샷 이후)
IVE,loyalty,0,029cc39c8f79,≤r13,1,13,r13 스냅샷
IVE,loyalty,1,fd96304c1c77,≤r13,1,13,r13 스냅샷
IVE,loyalty,2,7a911148ac2c,≤r13,1,13,r13 스냅샷
IVE,loyalty,3,61d5b49c78da,≤r13,1,13,r13 스냅샷
IVE,loyalty,4,3815a8b1db04,≤r13,1,13,r13 스냅샷
IVE,loyalty,5,83bcfa330818,≤r13,1,13,r13 스냅샷
IVE,loyalty,6,bbc630137b85,≤r13,1,13,r13 스냅샷
IVE,loyalty,7,2476505bf3c6,≤r13,1,13,r13 스냅샷
IVE,loyalty,8,b54e049bd727,≤r13,1,13,r13 스냅샷
IVE,loyalty,9,e21ebb2ad776,≤r13,1,13,r13 스냅샷
IVE,loyalty,10,d61027ac0ac7,≤r13,1,13,r13 스냅샷
IVE,loyalty,11,b5d3e7416482,≤r13,1,13,r13 스냅샷
IVE,loyalty,12,9771f56f0358,≤r13,1,13,r13 스냅샷
IVE,loyalty,13,41adcb77201a,≤r13,1,13,r13 스냅샷
IVE,loyalty,14,26a8c0b06db2,≤r13,1,13,r13 스냅샷
IVE,loyalty,15,436a5e5bd7b8,≤r13,1,13,r13 스냅샷
IVE,loyalty,16,a42c11379d1e,≤r13,1,13,r13 스냅샷
IVE,loyalty,17,2c5a6c323e08,≤r13,1,13,r13 스냅샷
IVE,loyalty,18,e7ae319f0467,≤r13,1,13,r13 스냅샷
IVE,loyalty,19,10b0986a4163,≤r13,1,13,r13 스냅샷
IVE,loyalty,20,bf97efb06319,r14∼r22,14,22,r22 백업
IVE,loyalty,21,17cf915bb11a,r23∼r39,23,39,동결 근사 복원본
IVE,loyalty,22,813ce4ffad8c,r23∼r39,23,39,동결 근사 복원본
IVE,loyalty,23,d0ddebd6513e,r23∼r39,23,39,동결 근사 복원본
IVE,loyalty,24,cfa47d6da0a5,r23∼r39,23,39,동결 근사 복원본
IVE,loyalty,25,ba7dd0946ef6,r23∼r39,23,39,동결 근사 복원본
IVE,loyalty,26,7b45c77e8174,r23∼r39,23,39,동결 근사 복원본
IVE,loyalty,27,09f7f208d921,r41∼r72,41,72,라이브 코퍼스(스냅샷 이후)
IVE,loyalty,28,43daae51bcfd,r41∼r72,41,72,라이브 코퍼스(스냅샷 이후)
IVE,loyalty,29,84f0fc767a98,r41∼r72,41,72,라이브 코퍼스(스냅샷 이후)
IVE,loyalty,30,be69dd05ec1d,r41∼r72,41,72,라이브 코퍼스(스냅샷 이후)
IVE,loyalty,31,50b612a5986e,r41∼r72,41,72,라이브 코퍼스(스냅샷 이후)
IVE,loyalty,32,f9e227399032,r41∼r72,41,72,라이브 코퍼스(스냅샷 이후)
IVE,loyalty,33,ee140148bc96,r41∼r72,41,72,라이브 코퍼스(스냅샷 이후)
IVE,loyalty,34,04bce429a5fb,r41∼r72,41,72,라이브 코퍼스(스냅샷 이후)
IVE,loyalty,35,d9c81355f967,r41∼r72,41,72,라이브 코퍼스(스냅샷 이후)
IVE,loyalty,36,0182e983e9c2,r41∼r72,41,72,라이브 코퍼스(스냅샷 이후)
IVE,loyalty,37,6668a1e8af9f,r41∼r72,41,72,라이브 코퍼스(스냅샷 이후)
IVE,spillover,0,fd3fb2150e55,≤r13,1,13,r13 스냅샷
IVE,spillover,1,d7b54e4dd2fd,≤r13,1,13,r13 스냅샷
IVE,spillover,2,dfcb89645cb4,≤r13,1,13,r13 스냅샷
IVE,spillover,3,6e33ccb46da7,≤r13,1,13,r13 스냅샷
IVE,spillover,4,692dfaa26682,≤r13,1,13,r13 스냅샷
IVE,spillover,5,0173aa9d847c,≤r13,1,13,r13 스냅샷
IVE,spillover,6,66b8aa611645,≤r13,1,13,r13 스냅샷
IVE,spillover,7,c2dd2b1f70ff,≤r13,1,13,r13 스냅샷
IVE,spillover,8,ff82c583935b,≤r13,1,13,r13 스냅샷
IVE,spillover,9,6ff4392d7ddc,≤r13,1,13,r13 스냅샷
IVE,spillover,10,44730c7d630c,≤r13,1,13,r13 스냅샷
IVE,spillover,11,f91cca5a54ec,≤r13,1,13,r13 스냅샷
IVE,spillover,12,f0371cf60227,≤r13,1,13,r13 스냅샷
IVE,spillover,13,97abca2e3a98,≤r13,1,13,r13 스냅샷
IVE,spillover,14,2259556d0ebb,≤r13,1,13,r13 스냅샷
IVE,spillover,15,09e543bcd263,≤r13,1,13,r13 스냅샷
IVE,spillover,16,504351b864b2,≤r13,1,13,r13 스냅샷
IVE,spillover,17,24377521eae0,≤r13,1,13,r13 스냅샷
IVE,spillover,18,595d1b5efbd6,≤r13,1,13,r13 스냅샷
IVE,spillover,19,f83e855a3b17,≤r13,1,13,r13 스냅샷
IVE,spillover,20,281d07ef2276,≤r13,1,13,r13 스냅샷
IVE,spillover,21,feb21572df8b,≤r13,1,13,r13 스냅샷
IVE,spillover,22,17362cbba293,≤r13,1,13,r13 스냅샷
IVE,spillover,23,98adae656631,≤r13,1,13,r13 스냅샷
IVE,spillover,24,d7f24e640b91,≤r13,1,13,r13 스냅샷
IVE,spillover,25,ee3b4f4f96e3,≤r13,1,13,r13 스냅샷
IVE,spillover,26,505a583310f8,≤r13,1,13,r13 스냅샷
IVE,spillover,27,a9e6bc8d741c,≤r13,1,13,r13 스냅샷
IVE,spillover,28,cbc3ac3e7c0f,≤r13,1,13,r13 스냅샷
IVE,spillover,29,add0ebd70574,≤r13,1,13,r13 스냅샷
IVE,spillover,30,3368ec33234a,≤r13,1,13,r13 스냅샷
IVE,spillover,31,46657c600f07,≤r13,1,13,r13 스냅샷
IVE,spillover,32,99a69210d0f9,≤r13,1,13,r13 스냅샷
IVE,spillover,33,112347565af1,r14∼r22,14,22,r22 백업
IVE,spillover,34,aa883650f30c,r23∼r39,23,39,동결 근사 복원본
IVE,spillover,35,3d5d96be1000,r23∼r39,23,39,동결 근사 복원본
IVE,spillover,36,0005ff1df843,r23∼r39,23,39,동결 근사 복원본
IVE,spillover,37,508406366f84,r23∼r39,23,39,동결 근사 복원본
IVE,spillover,38,75ae218bcec0,r23∼r39,23,39,동결 근사 복원본
IVE,spillover,39,ea32bc26de98,r23∼r39,23,39,동결 근사 복원본
IVE,spillover,40,c1914cc0f680,r23∼r39,23,39,동결 근사 복원본
IVE,spillover,41,3c0c5c8b6967,r23∼r39,23,39,동결 근사 복원본
IVE,spillover,42,526b9c38f761,r23∼r39,23,39,동결 근사 복원본
IVE,spillover,43,6ce8d880ced1,r41∼r72,41,72,라이브 코퍼스(스냅샷 이후)
IVE,spillover,44,dc35a4617eae,r41∼r72,41,72,라이브 코퍼스(스냅샷 이후)
IVE,spillover,45,8bad9023b04c,r41∼r72,41,72,라이브 코퍼스(스냅샷 이후)
IVE,spillover,46,e7df108ec05a,r41∼r72,41,72,라이브 코퍼스(스냅샷 이후)
IVE,spillover,47,83d5d510ee1c,r41∼r72,41,72,라이브 코퍼스(스냅샷 이후)
IVE,spillover,48,f12be616ba1a,r41∼r72,41,72,라이브 코퍼스(스냅샷 이후)
IVE,spillover,49,4cb9107f4ced,r41∼r72,41,72,라이브 코퍼스(스냅샷 이후)
IVE,spillover,50,feecc92e2586,r41∼r72,41,72,라이브 코퍼스(스냅샷 이후)
IVE,spillover,51,2f88617fb684,r41∼r72,41,72,라이브 코퍼스(스냅샷 이후)
IVE,spillover,52,d32fa7b0de48,r41∼r72,41,72,라이브 코퍼스(스냅샷 이후)
IVE,spillover,53,2b88f360413f,r41∼r72,41,72,라이브 코퍼스(스냅샷 이후)
IVE,spillover,54,e4789089c9e8,r41∼r72,41,72,라이브 코퍼스(스냅샷 이후)
IVE,spillover,55,0a1d2a28268a,r41∼r72,41,72,라이브 코퍼스(스냅샷 이후)
IVE,spillover,56,e72bce38116e,r41∼r72,41,72,라이브 코퍼스(스냅샷 이후)
IVE,spillover,57,584a0947b3f2,r41∼r72,41,72,라이브 코퍼스(스냅샷 이후)
IVE,spillover,58,51beed7de023,r41∼r72,41,72,라이브 코퍼스(스냅샷 이후)
IVE,spillover,59,0f3964ea58f6,r41∼r72,41,72,라이브 코퍼스(스냅샷 이후)
IVE,spillover,60,e29840305da7,r41∼r72,41,72,라이브 코퍼스(스냅샷 이후)
IVE,spillover,61,5ee221124e5a,r41∼r72,41,72,라이브 코퍼스(스냅샷 이후)
리센느(RESCENE),loyalty,0,a927d44c339c,≤r13,1,13,r13 스냅샷
리센느(RESCENE),loyalty,1,036decf34060,≤r13,1,13,r13 스냅샷
리센느(RESCENE),loyalty,2,3e016c7dc9dd,≤r13,1,13,r13 스냅샷
리센느(RESCENE),loyalty,3,5e6082f7df90,≤r13,1,13,r13 스냅샷
리센느(RESCENE),loyalty,4,65bba9a71f15,≤r13,1,13,r13 스냅샷
리센느(RESCENE),loyalty,5,5e4d32d3aec7,≤r13,1,13,r13 스냅샷
리센느(RESCENE),loyalty,6,aac20e70b354,≤r13,1,13,r13 스냅샷
리센느(RESCENE),loyalty,7,78b896e6fa4f,≤r13,1,13,r13 스냅샷
리센느(RESCENE),loyalty,8,33bfeca6fd96,≤r13,1,13,r13 스냅샷
리센느(RESCENE),loyalty,9,a08591e7e4b7,≤r13,1,13,r13 스냅샷
리센느(RESCENE),loyalty,10,08e9b7b3d746,≤r13,1,13,r13 스냅샷
리센느(RESCENE),loyalty,11,f7e707ede799,≤r13,1,13,r13 스냅샷
리센느(RESCENE),loyalty,12,f85742958bb4,≤r13,1,13,r13 스냅샷
리센느(RESCENE),loyalty,13,dcc37a95ce8c,≤r13,1,13,r13 스냅샷
리센느(RESCENE),loyalty,14,f058d094e7d1,≤r13,1,13,r13 스냅샷
리센느(RESCENE),loyalty,15,39ff2a2c55b2,≤r13,1,13,r13 스냅샷
리센느(RESCENE),loyalty,16,ff7e7224cc15,≤r13,1,13,r13 스냅샷
리센느(RESCENE),loyalty,17,63a1fe6d6b92,≤r13,1,13,r13 스냅샷
리센느(RESCENE),loyalty,18,318a94678542,≤r13,1,13,r13 스냅샷
리센느(RESCENE),loyalty,19,dac402d56d87,≤r13,1,13,r13 스냅샷
리센느(RESCENE),loyalty,20,dbbae666f164,≤r13,1,13,r13 스냅샷
리센느(RESCENE),loyalty,21,3ea2095799d2,≤r13,1,13,r13 스냅샷
리센느(RESCENE),loyalty,22,f98ecd0d8774,≤r13,1,13,r13 스냅샷
리센느(RESCENE),loyalty,23,a2a08a792011,r14∼r22,14,22,r22 백업
리센느(RESCENE),loyalty,24,7dcfa23132c0,r23∼r39,23,39,동결 근사 복원본
리센느(RESCENE),loyalty,25,13138f51bb50,r23∼r39,23,39,동결 근사 복원본
리센느(RESCENE),loyalty,26,4e2480b7d879,r41∼r72,41,72,라이브 코퍼스(스냅샷 이후)
리센느(RESCENE),loyalty,27,28dc2620bf6f,r41∼r72,41,72,라이브 코퍼스(스냅샷 이후)
리센느(RESCENE),loyalty,28,1ddeaf9da03f,r41∼r72,41,72,라이브 코퍼스(스냅샷 이후)
리센느(RESCENE),loyalty,29,08dbedf26d32,r41∼r72,41,72,라이브 코퍼스(스냅샷 이후)
리센느(RESCENE),loyalty,30,701abe83c549,r41∼r72,41,72,라이브 코퍼스(스냅샷 이후)
리센느(RESCENE),spillover,0,e53df5cc4c28,≤r13,1,13,r13 스냅샷
리센느(RESCENE),spillover,1,98eb2637b22e,≤r13,1,13,r13 스냅샷
리센느(RESCENE),spillover,2,f1cd5ff1fac6,≤r13,1,13,r13 스냅샷
리센느(RESCENE),spillover,3,a24a3a3bb5bc,≤r13,1,13,r13 스냅샷
리센느(RESCENE),spillover,4,05dbc0ba51f2,≤r13,1,13,r13 스냅샷
리센느(RESCENE),spillover,5,323d609e5dc6,≤r13,1,13,r13 스냅샷
리센느(RESCENE),spillover,6,3f098a8e937e,≤r13,1,13,r13 스냅샷
리센느(RESCENE),spillover,7,d9a50e9fa3e1,≤r13,1,13,r13 스냅샷
리센느(RESCENE),spillover,8,726d784ca423,≤r13,1,13,r13 스냅샷
리센느(RESCENE),spillover,9,3eee67fad298,≤r13,1,13,r13 스냅샷
리센느(RESCENE),spillover,10,b732914070a7,≤r13,1,13,r13 스냅샷
리센느(RESCENE),spillover,11,3c4a2fe13759,≤r13,1,13,r13 스냅샷
리센느(RESCENE),spillover,12,a86a2e637c14,≤r13,1,13,r13 스냅샷
리센느(RESCENE),spillover,13,df101063edb0,≤r13,1,13,r13 스냅샷
리센느(RESCENE),spillover,14,7cfc00704c42,≤r13,1,13,r13 스냅샷
리센느(RESCENE),spillover,15,4457657cfa3a,≤r13,1,13,r13 스냅샷
리센느(RESCENE),spillover,16,c87cc037fc47,≤r13,1,13,r13 스냅샷
리센느(RESCENE),spillover,17,44b45ad4b8b7,≤r13,1,13,r13 스냅샷
리센느(RESCENE),spillover,18,130cb7a5df9a,≤r13,1,13,r13 스냅샷
리센느(RESCENE),spillover,19,a143568e2162,≤r13,1,13,r13 스냅샷
리센느(RESCENE),spillover,20,5bf011ee385d,≤r13,1,13,r13 스냅샷
리센느(RESCENE),spillover,21,49ed958b8fa2,≤r13,1,13,r13 스냅샷
리센느(RESCENE),spillover,22,ab9dff76e8e9,≤r13,1,13,r13 스냅샷
리센느(RESCENE),spillover,23,80ab91c4ee25,≤r13,1,13,r13 스냅샷
리센느(RESCENE),spillover,24,7b476e24d88c,≤r13,1,13,r13 스냅샷
리센느(RESCENE),spillover,25,31f80f2893cf,≤r13,1,13,r13 스냅샷
리센느(RESCENE),spillover,26,f26d361df977,≤r13,1,13,r13 스냅샷
리센느(RESCENE),spillover,27,726b0cb62539,≤r13,1,13,r13 스냅샷
리센느(RESCENE),spillover,28,3959d642b83a,≤r13,1,13,r13 스냅샷
리센느(RESCENE),spillover,29,f45135072f4c,≤r13,1,13,r13 스냅샷
리센느(RESCENE),spillover,30,30dcbe7cfeea,≤r13,1,13,r13 스냅샷
리센느(RESCENE),spillover,31,49e837968077,r23∼r39,23,39,동결 근사 복원본
리센느(RESCENE),spillover,32,799137be2bbb,r23∼r39,23,39,동결 근사 복원본
리센느(RESCENE),spillover,33,1ffb2ab239c5,r23∼r39,23,39,동결 근사 복원본
리센느(RESCENE),spillover,34,7c4b5f30dd70,r23∼r39,23,39,동결 근사 복원본
리센느(RESCENE),spillover,35,ce7436f0637c,r23∼r39,23,39,동결 근사 복원본
리센느(RESCENE),spillover,36,c9af8c8b70cb,r23∼r39,23,39,동결 근사 복원본
리센느(RESCENE),spillover,37,8c9f6b753d0f,r23∼r39,23,39,동결 근사 복원본
리센느(RESCENE),spillover,38,1b818d491703,r23∼r39,23,39,동결 근사 복원본
리센느(RESCENE),spillover,39,1079a9829867,r23∼r39,23,39,동결 근사 복원본
리센느(RESCENE),spillover,40,731ee7a6283d,r41∼r72,41,72,라이브 코퍼스(스냅샷 이후)
리센느(RESCENE),spillover,41,8fc9a8061d95,r41∼r72,41,72,라이브 코퍼스(스냅샷 이후)
리센느(RESCENE),spillover,42,e7af9b1caedb,r41∼r72,41,72,라이브 코퍼스(스냅샷 이후)
리센느(RESCENE),spillover,43,e20b89e2d428,r41∼r72,41,72,라이브 코퍼스(스냅샷 이후)
리센느(RESCENE),spillover,44,1c539caf50cd,r41∼r72,41,72,라이브 코퍼스(스냅샷 이후)
리센느(RESCENE),spillover,45,e44c6e2455bd,r41∼r72,41,72,라이브 코퍼스(스냅샷 이후)
리센느(RESCENE),spillover,46,c1c93fce0ce5,r41∼r72,41,72,라이브 코퍼스(스냅샷 이후)
리센느(RESCENE),spillover,47,3b182125f162,r41∼r72,41,72,라이브 코퍼스(스냅샷 이후)
리센느(RESCENE),spillover,48,762872f80e88,r41∼r72,41,72,라이브 코퍼스(스냅샷 이후)
리센느(RESCENE),spillover,49,c9d31b2617f2,r41∼r72,41,72,라이브 코퍼스(스냅샷 이후)
리센느(RESCENE),spillover,50,f56451728e9d,r41∼r72,41,72,라이브 코퍼스(스냅샷 이후)
리센느(RESCENE),spillover,51,23c25adb359c,r41∼r72,41,72,라이브 코퍼스(스냅샷 이후)
리센느(RESCENE),spillover,52,cd81f860df71,r41∼r72,41,72,라이브 코퍼스(스냅샷 이후)
리센느(RESCENE),spillover,53,1cef470b0f43,r41∼r72,41,72,라이브 코퍼스(스냅샷 이후)
(여자)아이들,loyalty,0,f345b5c54e65,≤r13,1,13,r13 스냅샷
(여자)아이들,loyalty,1,ea15e59c00e9,≤r13,1,13,r13 스냅샷
(여자)아이들,loyalty,2,8f6314d5d9b7,≤r13,1,13,r13 스냅샷
(여자)아이들,loyalty,3,4c44fd2dd6c6,≤r13,1,13,r13 스냅샷
(여자)아이들,loyalty,4,e57d926b2385,≤r13,1,13,r13 스냅샷
(여자)아이들,loyalty,5,ee84119e69f4,≤r13,1,13,r13 스냅샷
(여자)아이들,loyalty,6,85d8f2bf2b9f,≤r13,1,13,r13 스냅샷
(여자)아이들,loyalty,7,e25566f17f86,≤r13,1,13,r13 스냅샷
(여자)아이들,loyalty,8,37a4520d1b48,≤r13,1,13,r13 스냅샷
(여자)아이들,loyalty,9,9382a537c4ac,≤r13,1,13,r13 스냅샷
(여자)아이들,loyalty,10,81cb5d72f4b9,≤r13,1,13,r13 스냅샷
(여자)아이들,loyalty,11,cc13db4e523a,≤r13,1,13,r13 스냅샷
(여자)아이들,loyalty,12,cf184305f6c0,≤r13,1,13,r13 스냅샷
(여자)아이들,loyalty,13,448f3c97cc22,≤r13,1,13,r13 스냅샷
(여자)아이들,loyalty,14,fe66cc756e71,≤r13,1,13,r13 스냅샷
(여자)아이들,loyalty,15,0878c39ec981,≤r13,1,13,r13 스냅샷
(여자)아이들,loyalty,16,91d7d06b4e55,≤r13,1,13,r13 스냅샷
(여자)아이들,loyalty,17,f3562352c270,≤r13,1,13,r13 스냅샷
(여자)아이들,loyalty,18,d84f0e10a855,≤r13,1,13,r13 스냅샷
(여자)아이들,loyalty,19,4b30aad19359,≤r13,1,13,r13 스냅샷
(여자)아이들,loyalty,20,0d17f47ccb71,≤r13,1,13,r13 스냅샷
(여자)아이들,loyalty,21,b31fba6db647,≤r13,1,13,r13 스냅샷
(여자)아이들,loyalty,22,224ff7e7029a,≤r13,1,13,r13 스냅샷
(여자)아이들,loyalty,23,55b0aa37b374,≤r13,1,13,r13 스냅샷
(여자)아이들,loyalty,24,51dea1b86cf0,≤r13,1,13,r13 스냅샷
(여자)아이들,loyalty,25,2de8a67fe4e5,≤r13,1,13,r13 스냅샷
(여자)아이들,loyalty,26,c34c148ea56a,r23∼r39,23,39,동결 근사 복원본
(여자)아이들,loyalty,27,b8fcd59491f6,r23∼r39,23,39,동결 근사 복원본
(여자)아이들,loyalty,28,2abc850ded51,r23∼r39,23,39,동결 근사 복원본
(여자)아이들,loyalty,29,cdf5a67a3591,r41∼r72,41,72,라이브 코퍼스(스냅샷 이후)
(여자)아이들,loyalty,30,c2c3d6924a16,r41∼r72,41,72,라이브 코퍼스(스냅샷 이후)
(여자)아이들,loyalty,31,c60cb906f965,r41∼r72,41,72,라이브 코퍼스(스냅샷 이후)
(여자)아이들,loyalty,32,8723c30a8a76,r41∼r72,41,72,라이브 코퍼스(스냅샷 이후)
(여자)아이들,loyalty,33,0b88fdee3645,r41∼r72,41,72,라이브 코퍼스(스냅샷 이후)
(여자)아이들,loyalty,34,29e5b4977ec5,r41∼r72,41,72,라이브 코퍼스(스냅샷 이후)
(여자)아이들,loyalty,35,251a6cfeea40,r41∼r72,41,72,라이브 코퍼스(스냅샷 이후)
(여자)아이들,loyalty,36,f79004476d8e,r41∼r72,41,72,라이브 코퍼스(스냅샷 이후)
(여자)아이들,loyalty,37,dc9e1dd06dc8,r41∼r72,41,72,라이브 코퍼스(스냅샷 이후)
(여자)아이들,loyalty,38,2da5bab030dd,r41∼r72,41,72,라이브 코퍼스(스냅샷 이후)
(여자)아이들,loyalty,39,80f8061cd772,r41∼r72,41,72,라이브 코퍼스(스냅샷 이후)
(여자)아이들,loyalty,40,f7235b4b0e20,r41∼r72,41,72,라이브 코퍼스(스냅샷 이후)
(여자)아이들,loyalty,41,8bc073bfad39,r41∼r72,41,72,라이브 코퍼스(스냅샷 이후)
(여자)아이들,loyalty,42,0f6cd1b73076,r41∼r72,41,72,라이브 코퍼스(스냅샷 이후)
(여자)아이들,spillover,0,29e8d5a629d4,≤r13,1,13,r13 스냅샷
(여자)아이들,spillover,1,dcfd5fe37913,≤r13,1,13,r13 스냅샷
(여자)아이들,spillover,2,897afe9803f1,≤r13,1,13,r13 스냅샷
(여자)아이들,spillover,3,1ba57d8b66fc,≤r13,1,13,r13 스냅샷
(여자)아이들,spillover,4,ae9a48ae3aee,≤r13,1,13,r13 스냅샷
(여자)아이들,spillover,5,e9febc8f36b1,≤r13,1,13,r13 스냅샷
(여자)아이들,spillover,6,e03ca725df7b,≤r13,1,13,r13 스냅샷
(여자)아이들,spillover,7,db665e452248,≤r13,1,13,r13 스냅샷
(여자)아이들,spillover,8,cad4302578b1,≤r13,1,13,r13 스냅샷
(여자)아이들,spillover,9,f4bfef360da6,≤r13,1,13,r13 스냅샷
(여자)아이들,spillover,10,5c299d5a76a0,≤r13,1,13,r13 스냅샷
(여자)아이들,spillover,11,70d8f5461b7f,≤r13,1,13,r13 스냅샷
(여자)아이들,spillover,12,5e45f31338a9,≤r13,1,13,r13 스냅샷
(여자)아이들,spillover,13,4a1f175b3074,≤r13,1,13,r13 스냅샷
(여자)아이들,spillover,14,ee3e97924874,≤r13,1,13,r13 스냅샷
(여자)아이들,spillover,15,056dc36f9a50,≤r13,1,13,r13 스냅샷
(여자)아이들,spillover,16,584579344e6a,≤r13,1,13,r13 스냅샷
(여자)아이들,spillover,17,e242d71c9a3b,≤r13,1,13,r13 스냅샷
(여자)아이들,spillover,18,e10f1d3cdddf,≤r13,1,13,r13 스냅샷
(여자)아이들,spillover,19,717494409f95,≤r13,1,13,r13 스냅샷
(여자)아이들,spillover,20,501b60619925,≤r13,1,13,r13 스냅샷
(여자)아이들,spillover,21,f6ea14881fd8,≤r13,1,13,r13 스냅샷
(여자)아이들,spillover,22,4c4d1b97bbce,≤r13,1,13,r13 스냅샷
(여자)아이들,spillover,23,e86265b99a6e,≤r13,1,13,r13 스냅샷
(여자)아이들,spillover,24,d2a18c9c01c0,≤r13,1,13,r13 스냅샷
(여자)아이들,spillover,25,b736e579cfec,≤r13,1,13,r13 스냅샷
(여자)아이들,spillover,26,cfe82a7d1fe6,≤r13,1,13,r13 스냅샷
(여자)아이들,spillover,27,0a75fdb3993d,≤r13,1,13,r13 스냅샷
(여자)아이들,spillover,28,d5894fd288f1,≤r13,1,13,r13 스냅샷
(여자)아이들,spillover,29,a6beda2b9029,≤r13,1,13,r13 스냅샷
(여자)아이들,spillover,30,785c8c5b7793,≤r13,1,13,r13 스냅샷
(여자)아이들,spillover,31,9d94a6f87dd8,≤r13,1,13,r13 스냅샷
(여자)아이들,spillover,32,ab0cb02cc1a8,≤r13,1,13,r13 스냅샷
(여자)아이들,spillover,33,4629c9d4e07e,≤r13,1,13,r13 스냅샷
(여자)아이들,spillover,34,2d874138ff37,≤r13,1,13,r13 스냅샷
(여자)아이들,spillover,35,4e09421f116c,≤r13,1,13,r13 스냅샷
(여자)아이들,spillover,36,501b57ceb378,≤r13,1,13,r13 스냅샷
(여자)아이들,spillover,37,ef13e2eacbf2,≤r13,1,13,r13 스냅샷
(여자)아이들,spillover,38,a4ee80312c75,r23∼r39,23,39,동결 근사 복원본
(여자)아이들,spillover,39,39937333ebdb,r23∼r39,23,39,동결 근사 복원본
(여자)아이들,spillover,40,4ec67f464fc7,r23∼r39,23,39,동결 근사 복원본
(여자)아이들,spillover,41,a1c5e3426c8a,r23∼r39,23,39,동결 근사 복원본
(여자)아이들,spillover,42,913f74bdc385,r23∼r39,23,39,동결 근사 복원본
(여자)아이들,spillover,43,285ee47e15fe,r23∼r39,23,39,동결 근사 복원본
(여자)아이들,spillover,44,3eddf03449f6,r23∼r39,23,39,동결 근사 복원본
(여자)아이들,spillover,45,59cea3948dcf,r23∼r39,23,39,동결 근사 복원본
(여자)아이들,spillover,46,9f4561c28a9b,r23∼r39,23,39,동결 근사 복원본
(여자)아이들,spillover,47,77ce52899380,r23∼r39,23,39,동결 근사 복원본
(여자)아이들,spillover,48,e02594bac8a4,r23∼r39,23,39,동결 근사 복원본
(여자)아이들,spillover,49,1215e2953382,r23∼r39,23,39,동결 근사 복원본
(여자)아이들,spillover,50,eaaaf4a95bc1,r23∼r39,23,39,동결 근사 복원본
(여자)아이들,spillover,51,257df6a2f6c9,r23∼r39,23,39,동결 근사 복원본
(여자)아이들,spillover,52,a599d3172a30,r23∼r39,23,39,동결 근사 복원본
(여자)아이들,spillover,53,bbcd098659ec,r23∼r39,23,39,동결 근사 복원본
(여자)아이들,spillover,54,9ff6625b34c3,r41∼r72,41,72,라이브 코퍼스(스냅샷 이후)
(여자)아이들,spillover,55,a0e5701a377d,r41∼r72,41,72,라이브 코퍼스(스냅샷 이후)
(여자)아이들,spillover,56,533128798eb4,r41∼r72,41,72,라이브 코퍼스(스냅샷 이후)
(여자)아이들,spillover,57,393da75dd512,r41∼r72,41,72,라이브 코퍼스(스냅샷 이후)
(여자)아이들,spillover,58,bcee7a3b96cb,r41∼r72,41,72,라이브 코퍼스(스냅샷 이후)
(여자)아이들,spillover,59,7ac94f174ac6,r41∼r72,41,72,라이브 코퍼스(스냅샷 이후)
(여자)아이들,spillover,60,a290a1c7db9a,r41∼r72,41,72,라이브 코퍼스(스냅샷 이후)
(여자)아이들,spillover,61,357e17ee431f,r41∼r72,41,72,라이브 코퍼스(스냅샷 이후)
(여자)아이들,spillover,62,ff3df3ebb3a5,r41∼r72,41,72,라이브 코퍼스(스냅샷 이후)
(여자)아이들,spillover,63,08a74cdd38ba,r41∼r72,41,72,라이브 코퍼스(스냅샷 이후)
(여자)아이들,spillover,64,661542535cba,r41∼r72,41,72,라이브 코퍼스(스냅샷 이후)
(여자)아이들,spillover,65,d5867de1ce40,r41∼r72,41,72,라이브 코퍼스(스냅샷 이후)
(여자)아이들,spillover,66,0347a62cf981,r41∼r72,41,72,라이브 코퍼스(스냅샷 이후)
(여자)아이들,spillover,67,592521e4b9c4,r41∼r72,41,72,라이브 코퍼스(스냅샷 이후)
(여자)아이들,spillover,68,3a9014d51726,r41∼r72,41,72,라이브 코퍼스(스냅샷 이후)
(여자)아이들,spillover,69,2f7c72d7972b,r41∼r72,41,72,라이브 코퍼스(스냅샷 이후)
(여자)아이들,spillover,70,abd78ef461f9,r41∼r72,41,72,라이브 코퍼스(스냅샷 이후)
(여자)아이들,spillover,71,609e347495a2,r41∼r72,41,72,라이브 코퍼스(스냅샷 이후)
(여자)아이들,spillover,72,d9d759c4add2,r41∼r72,41,72,라이브 코퍼스(스냅샷 이후)
(여자)아이들,spillover,73,11dcdfb05cef,r41∼r72,41,72,라이브 코퍼스(스냅샷 이후)
(여자)아이들,spillover,74,875262c14433,r41∼r72,41,72,라이브 코퍼스(스냅샷 이후)
TWICE,loyalty,0,d6b5869f7f92,≤r13,1,13,r13 스냅샷
TWICE,loyalty,1,c6771cd14caa,≤r13,1,13,r13 스냅샷
TWICE,loyalty,2,76c4e7f7c96c,≤r13,1,13,r13 스냅샷
TWICE,loyalty,3,e7c0fd1ef1f4,≤r13,1,13,r13 스냅샷
TWICE,loyalty,4,388a93bc3467,≤r13,1,13,r13 스냅샷
TWICE,loyalty,5,17df47ae1088,≤r13,1,13,r13 스냅샷
TWICE,loyalty,6,0628b22a7cd9,≤r13,1,13,r13 스냅샷
TWICE,loyalty,7,b73356da1924,≤r13,1,13,r13 스냅샷
TWICE,loyalty,8,f5a5222b2f5f,≤r13,1,13,r13 스냅샷
TWICE,loyalty,9,a8fe7e5719e0,≤r13,1,13,r13 스냅샷
TWICE,loyalty,10,7aeb0e58f0e7,≤r13,1,13,r13 스냅샷
TWICE,loyalty,11,10f8dc1debbd,≤r13,1,13,r13 스냅샷
TWICE,loyalty,12,23c430ea97e8,≤r13,1,13,r13 스냅샷
TWICE,loyalty,13,c134352c55ac,≤r13,1,13,r13 스냅샷
TWICE,loyalty,14,c1e55ce5bf44,≤r13,1,13,r13 스냅샷
TWICE,loyalty,15,77e8193ab4fc,≤r13,1,13,r13 스냅샷
TWICE,loyalty,16,70000f3f7a76,≤r13,1,13,r13 스냅샷
TWICE,loyalty,17,80d89eb94223,≤r13,1,13,r13 스냅샷
TWICE,loyalty,18,528a550a43a3,≤r13,1,13,r13 스냅샷
TWICE,loyalty,19,e0548238f3e6,≤r13,1,13,r13 스냅샷
TWICE,loyalty,20,89c40c32d558,≤r13,1,13,r13 스냅샷
TWICE,loyalty,21,4e1159a78a6f,≤r13,1,13,r13 스냅샷
TWICE,loyalty,22,e0c3203d407e,≤r13,1,13,r13 스냅샷
TWICE,loyalty,23,e08f0f92359a,≤r13,1,13,r13 스냅샷
TWICE,loyalty,24,046f6ac760d5,≤r13,1,13,r13 스냅샷
TWICE,loyalty,25,ab814d02a72d,≤r13,1,13,r13 스냅샷
TWICE,loyalty,26,29c5fb2e6337,≤r13,1,13,r13 스냅샷
TWICE,loyalty,27,f716beb750bb,≤r13,1,13,r13 스냅샷
TWICE,loyalty,28,a8dfbde4099e,≤r13,1,13,r13 스냅샷
TWICE,loyalty,29,ee52da98b936,≤r13,1,13,r13 스냅샷
TWICE,loyalty,30,93bbd374ee49,≤r13,1,13,r13 스냅샷
TWICE,loyalty,31,ea7f49c5fa0c,≤r13,1,13,r13 스냅샷
TWICE,loyalty,32,837ea9a49ce8,≤r13,1,13,r13 스냅샷
TWICE,loyalty,33,449f12ca7a6e,≤r13,1,13,r13 스냅샷
TWICE,loyalty,34,dc251e8e0d3f,≤r13,1,13,r13 스냅샷
TWICE,loyalty,35,e0ae7d746e98,≤r13,1,13,r13 스냅샷
TWICE,loyalty,36,300031876807,≤r13,1,13,r13 스냅샷
TWICE,loyalty,37,8e909e884ab9,≤r13,1,13,r13 스냅샷
TWICE,loyalty,38,8b2e9df47636,≤r13,1,13,r13 스냅샷
TWICE,loyalty,39,aca95be16fce,≤r13,1,13,r13 스냅샷
TWICE,loyalty,40,59c5389f6397,≤r13,1,13,r13 스냅샷
TWICE,loyalty,41,409ecf58e42e,≤r13,1,13,r13 스냅샷
TWICE,loyalty,42,f2ed5d331ddf,≤r13,1,13,r13 스냅샷
TWICE,loyalty,43,70133426a7ba,≤r13,1,13,r13 스냅샷
TWICE,loyalty,44,16b8c636b179,≤r13,1,13,r13 스냅샷
TWICE,loyalty,45,1fa42521a964,≤r13,1,13,r13 스냅샷
TWICE,loyalty,46,432a00d797a6,≤r13,1,13,r13 스냅샷
TWICE,loyalty,47,013cb8297464,≤r13,1,13,r13 스냅샷
TWICE,loyalty,48,8ccc88330a17,≤r13,1,13,r13 스냅샷
TWICE,loyalty,49,365e98d3b2c9,≤r13,1,13,r13 스냅샷
TWICE,loyalty,50,3b0dab635984,≤r13,1,13,r13 스냅샷
TWICE,loyalty,51,4f87fe89421d,≤r13,1,13,r13 스냅샷
TWICE,loyalty,52,60001dc6aafd,≤r13,1,13,r13 스냅샷
TWICE,loyalty,53,240e48446a50,r23∼r39,23,39,동결 근사 복원본
TWICE,loyalty,54,44c312c639dd,r23∼r39,23,39,동결 근사 복원본
TWICE,loyalty,55,1cd0a0cd9662,r23∼r39,23,39,동결 근사 복원본
TWICE,loyalty,56,f6ae35dcb759,r23∼r39,23,39,동결 근사 복원본
TWICE,loyalty,57,9c7b9dab75a0,r23∼r39,23,39,동결 근사 복원본
TWICE,loyalty,58,b480e8b4eed2,r23∼r39,23,39,동결 근사 복원본
TWICE,loyalty,59,889c2a3ecc1e,r41∼r72,41,72,라이브 코퍼스(스냅샷 이후)
TWICE,loyalty,60,907781503f6a,r41∼r72,41,72,라이브 코퍼스(스냅샷 이후)
TWICE,loyalty,61,1ed7a671e075,r41∼r72,41,72,라이브 코퍼스(스냅샷 이후)
TWICE,loyalty,62,ff9b1d069780,r41∼r72,41,72,라이브 코퍼스(스냅샷 이후)
TWICE,loyalty,63,e36cbba7f398,r41∼r72,41,72,라이브 코퍼스(스냅샷 이후)
TWICE,loyalty,64,7513fc196714,r41∼r72,41,72,라이브 코퍼스(스냅샷 이후)
TWICE,loyalty,65,f8083a730418,r41∼r72,41,72,라이브 코퍼스(스냅샷 이후)
TWICE,loyalty,66,468f0826cf98,r41∼r72,41,72,라이브 코퍼스(스냅샷 이후)
TWICE,loyalty,67,e31550272146,r41∼r72,41,72,라이브 코퍼스(스냅샷 이후)
TWICE,loyalty,68,33e514983f88,r41∼r72,41,72,라이브 코퍼스(스냅샷 이후)
TWICE,loyalty,69,cf9ce42523d0,r41∼r72,41,72,라이브 코퍼스(스냅샷 이후)
TWICE,loyalty,70,f94f5a71f790,r41∼r72,41,72,라이브 코퍼스(스냅샷 이후)
TWICE,spillover,0,72a241247404,≤r13,1,13,r13 스냅샷
TWICE,spillover,1,5ed072affa58,≤r13,1,13,r13 스냅샷
TWICE,spillover,2,a9646a46a3d2,≤r13,1,13,r13 스냅샷
TWICE,spillover,3,961acffbd5be,≤r13,1,13,r13 스냅샷
TWICE,spillover,4,da41d7e990cf,≤r13,1,13,r13 스냅샷
TWICE,spillover,5,a86c8e70fbdc,≤r13,1,13,r13 스냅샷
TWICE,spillover,6,fb568fc28621,≤r13,1,13,r13 스냅샷
TWICE,spillover,7,d26d4d4de76f,≤r13,1,13,r13 스냅샷
TWICE,spillover,8,10dea6929fd6,≤r13,1,13,r13 스냅샷
TWICE,spillover,9,a91a598b641c,≤r13,1,13,r13 스냅샷
TWICE,spillover,10,c0f4c47084af,≤r13,1,13,r13 스냅샷
TWICE,spillover,11,435fb2bc8793,≤r13,1,13,r13 스냅샷
TWICE,spillover,12,8f1c4232bc5b,≤r13,1,13,r13 스냅샷
TWICE,spillover,13,fe37fea40a7b,≤r13,1,13,r13 스냅샷
TWICE,spillover,14,2e7c797806b1,≤r13,1,13,r13 스냅샷
TWICE,spillover,15,54741d94bab6,≤r13,1,13,r13 스냅샷
TWICE,spillover,16,8b79ab48269b,≤r13,1,13,r13 스냅샷
TWICE,spillover,17,5c7f190ec126,≤r13,1,13,r13 스냅샷
TWICE,spillover,18,c6a1f4bf76e1,≤r13,1,13,r13 스냅샷
TWICE,spillover,19,1be7178be236,≤r13,1,13,r13 스냅샷
TWICE,spillover,20,97446b19b4d2,≤r13,1,13,r13 스냅샷
TWICE,spillover,21,74a82cbab2b8,≤r13,1,13,r13 스냅샷
TWICE,spillover,22,2a32e277e42c,≤r13,1,13,r13 스냅샷
TWICE,spillover,23,0a6f62e9a599,≤r13,1,13,r13 스냅샷
TWICE,spillover,24,092de73c6ebd,≤r13,1,13,r13 스냅샷
TWICE,spillover,25,4ab6d795027e,≤r13,1,13,r13 스냅샷
TWICE,spillover,26,b6d50a678664,≤r13,1,13,r13 스냅샷
TWICE,spillover,27,43a3faccd916,≤r13,1,13,r13 스냅샷
TWICE,spillover,28,d480c4bbb134,≤r13,1,13,r13 스냅샷
TWICE,spillover,29,e19f4c3bf0b7,≤r13,1,13,r13 스냅샷
TWICE,spillover,30,20df1b2e7931,≤r13,1,13,r13 스냅샷
TWICE,spillover,31,d6ebde4a035a,≤r13,1,13,r13 스냅샷
TWICE,spillover,32,2b57ecbe8744,≤r13,1,13,r13 스냅샷
TWICE,spillover,33,d080579c82db,≤r13,1,13,r13 스냅샷
TWICE,spillover,34,3afd8794b668,≤r13,1,13,r13 스냅샷
TWICE,spillover,35,11fc8fff00f2,≤r13,1,13,r13 스냅샷
TWICE,spillover,36,67f3e485d42f,≤r13,1,13,r13 스냅샷
TWICE,spillover,37,f9cc59079434,≤r13,1,13,r13 스냅샷
TWICE,spillover,38,702029683af9,≤r13,1,13,r13 스냅샷
TWICE,spillover,39,4d4ec1170347,≤r13,1,13,r13 스냅샷
TWICE,spillover,40,c6c1905e1e1e,≤r13,1,13,r13 스냅샷
TWICE,spillover,41,0f727b7870d2,≤r13,1,13,r13 스냅샷
TWICE,spillover,42,91e6e892ddc2,≤r13,1,13,r13 스냅샷
TWICE,spillover,43,092b0bb1db1b,≤r13,1,13,r13 스냅샷
TWICE,spillover,44,a8dbb0f387dc,≤r13,1,13,r13 스냅샷
TWICE,spillover,45,bc9b8a06c742,≤r13,1,13,r13 스냅샷
TWICE,spillover,46,51a4fde670dc,≤r13,1,13,r13 스냅샷
TWICE,spillover,47,4f514605d7da,≤r13,1,13,r13 스냅샷
TWICE,spillover,48,6405eab74e22,≤r13,1,13,r13 스냅샷
TWICE,spillover,49,89fc69ad60ff,≤r13,1,13,r13 스냅샷
TWICE,spillover,50,b965c71afc09,≤r13,1,13,r13 스냅샷
TWICE,spillover,51,a079c79cce0d,≤r13,1,13,r13 스냅샷
TWICE,spillover,52,6924a03c7c39,≤r13,1,13,r13 스냅샷
TWICE,spillover,53,9892e7b5e561,≤r13,1,13,r13 스냅샷
TWICE,spillover,54,d658bfcf2622,≤r13,1,13,r13 스냅샷
TWICE,spillover,55,fadcf5a7a9a5,≤r13,1,13,r13 스냅샷
TWICE,spillover,56,88e02823e2bb,≤r13,1,13,r13 스냅샷
TWICE,spillover,57,38ab0bc804bd,≤r13,1,13,r13 스냅샷
TWICE,spillover,58,e9ceec2debcc,r23∼r39,23,39,동결 근사 복원본
TWICE,spillover,59,93079a249588,r23∼r39,23,39,동결 근사 복원본
TWICE,spillover,60,5b25f4f3880d,r23∼r39,23,39,동결 근사 복원본
TWICE,spillover,61,3464752af010,r23∼r39,23,39,동결 근사 복원본
TWICE,spillover,62,b48caaa28e48,r23∼r39,23,39,동결 근사 복원본
TWICE,spillover,63,3c9889a82658,r23∼r39,23,39,동결 근사 복원본
TWICE,spillover,64,2c8e8e16950a,r23∼r39,23,39,동결 근사 복원본
TWICE,spillover,65,fe001ecfec2d,r23∼r39,23,39,동결 근사 복원본
TWICE,spillover,66,5674e8b0afcd,r23∼r39,23,39,동결 근사 복원본
TWICE,spillover,67,1ad2f923722f,r23∼r39,23,39,동결 근사 복원본
TWICE,spillover,68,790c0754f0eb,r23∼r39,23,39,동결 근사 복원본
TWICE,spillover,69,082553eec43c,r23∼r39,23,39,동결 근사 복원본
TWICE,spillover,70,0baea2bf8839,r23∼r39,23,39,동결 근사 복원본
TWICE,spillover,71,9a85e2dcf44c,r23∼r39,23,39,동결 근사 복원본
TWICE,spillover,72,3cb9e07a3e69,r23∼r39,23,39,동결 근사 복원본
TWICE,spillover,73,9a02bf29217b,r23∼r39,23,39,동결 근사 복원본
TWICE,spillover,74,18fb5a451641,r23∼r39,23,39,동결 근사 복원본
TWICE,spillover,75,08e773240b85,r23∼r39,23,39,동결 근사 복원본
TWICE,spillover,76,7e92c5815ced,r23∼r39,23,39,동결 근사 복원본
TWICE,spillover,77,5ba6e98b2174,r23∼r39,23,39,동결 근사 복원본
TWICE,spillover,78,bddd725ebe75,r23∼r39,23,39,동결 근사 복원본
TWICE,spillover,79,813b49ade43f,r23∼r39,23,39,동결 근사 복원본
TWICE,spillover,80,98cf6b9bdb14,r23∼r39,23,39,동결 근사 복원본
TWICE,spillover,81,87a22c94ab3c,r23∼r39,23,39,동결 근사 복원본
TWICE,spillover,82,1d85e8c86ae1,r23∼r39,23,39,동결 근사 복원본
TWICE,spillover,83,d5a06575b1bb,r23∼r39,23,39,동결 근사 복원본
TWICE,spillover,84,08de67dfd301,r23∼r39,23,39,동결 근사 복원본
TWICE,spillover,85,c59fc2557ed7,r41∼r72,41,72,라이브 코퍼스(스냅샷 이후)
TWICE,spillover,86,1c532cc678e4,r41∼r72,41,72,라이브 코퍼스(스냅샷 이후)
TWICE,spillover,87,6d5a8be687a1,r41∼r72,41,72,라이브 코퍼스(스냅샷 이후)
TWICE,spillover,88,01ed2cfb3810,r41∼r72,41,72,라이브 코퍼스(스냅샷 이후)
TWICE,spillover,89,23c07c29a2b8,r41∼r72,41,72,라이브 코퍼스(스냅샷 이후)
TWICE,spillover,90,1739f0e2688c,r41∼r72,41,72,라이브 코퍼스(스냅샷 이후)
TWICE,spillover,91,1e7c90b239e6,r41∼r72,41,72,라이브 코퍼스(스냅샷 이후)
TWICE,spillover,92,d5b4566f8561,r41∼r72,41,72,라이브 코퍼스(스냅샷 이후)
TWICE,spillover,93,4df4156fa89f,r41∼r72,41,72,라이브 코퍼스(스냅샷 이후)
TWICE,spillover,94,c95d41ca1835,r41∼r72,41,72,라이브 코퍼스(스냅샷 이후)
TWICE,spillover,95,31875b0ba8c4,r41∼r72,41,72,라이브 코퍼스(스냅샷 이후)
TWICE,spillover,96,0e38301a60dc,r41∼r72,41,72,라이브 코퍼스(스냅샷 이후)
TWICE,spillover,97,9d475bd35c74,r41∼r72,41,72,라이브 코퍼스(스냅샷 이후)
TWICE,spillover,98,83130510c177,r41∼r72,41,72,라이브 코퍼스(스냅샷 이후)
TWICE,spillover,99,c573100e7477,r41∼r72,41,72,라이브 코퍼스(스냅샷 이후)
TWICE,spillover,100,df9f6fdb72da,r41∼r72,41,72,라이브 코퍼스(스냅샷 이후)
TWICE,spillover,101,f06d08a4a19d,r41∼r72,41,72,라이브 코퍼스(스냅샷 이후)
TWICE,spillover,102,b4f482e79113,r41∼r72,41,72,라이브 코퍼스(스냅샷 이후)
TWICE,spillover,103,2b6cff2888c3,r41∼r72,41,72,라이브 코퍼스(스냅샷 이후)
TWICE,spillover,104,f9ca3520aac2,r41∼r72,41,72,라이브 코퍼스(스냅샷 이후)
TWICE,spillover,105,2bf995569eb4,r41∼r72,41,72,라이브 코퍼스(스냅샷 이후)
TWICE,spillover,106,c5ddf0565ac7,r41∼r72,41,72,라이브 코퍼스(스냅샷 이후)
TWICE,spillover,107,13d5f31f0b48,r41∼r72,41,72,라이브 코퍼스(스냅샷 이후)
TWICE,spillover,108,195eed589435,r41∼r72,41,72,라이브 코퍼스(스냅샷 이후)
TWICE,spillover,109,27fa8ac186e0,r41∼r72,41,72,라이브 코퍼스(스냅샷 이후)
TWICE,spillover,110,4e31bbedfed9,r41∼r72,41,72,라이브 코퍼스(스냅샷 이후)
TWICE,spillover,111,7b18aae6924a,r41∼r72,41,72,라이브 코퍼스(스냅샷 이후)
TWICE,spillover,112,d7d74ea0edec,r41∼r72,41,72,라이브 코퍼스(스냅샷 이후)
TWICE,spillover,113,a1200125fc0d,r41∼r72,41,72,라이브 코퍼스(스냅샷 이후)
TWICE,spillover,114,a5b1525e548d,r41∼r72,41,72,라이브 코퍼스(스냅샷 이후)
TWICE,spillover,115,2e134d37a70f,r41∼r72,41,72,라이브 코퍼스(스냅샷 이후)
TWICE,spillover,116,210b32ec7276,r41∼r72,41,72,라이브 코퍼스(스냅샷 이후)
TWICE,spillover,117,860f3fa058cd,r41∼r72,41,72,라이브 코퍼스(스냅샷 이후)
TWICE,spillover,118,00426558ca82,r41∼r72,41,72,라이브 코퍼스(스냅샷 이후)
TWICE,spillover,119,56afde6c514e,r41∼r72,41,72,라이브 코퍼스(스냅샷 이후)
ITZY,loyalty,0,36ae47b5e82b,≤r13,1,13,r13 스냅샷
ITZY,loyalty,1,185e50d12435,≤r13,1,13,r13 스냅샷
ITZY,loyalty,2,2ed9ca814f39,≤r13,1,13,r13 스냅샷
ITZY,loyalty,3,05e0d5d25cec,≤r13,1,13,r13 스냅샷
ITZY,loyalty,4,9ad3eca481e2,≤r13,1,13,r13 스냅샷
ITZY,loyalty,5,dab67360fff6,≤r13,1,13,r13 스냅샷
ITZY,loyalty,6,ca5b87e029b4,≤r13,1,13,r13 스냅샷
ITZY,loyalty,7,c4d061dfcfc0,≤r13,1,13,r13 스냅샷
ITZY,loyalty,8,6ce3a890f550,≤r13,1,13,r13 스냅샷
ITZY,loyalty,9,63e29db7ffcc,≤r13,1,13,r13 스냅샷
ITZY,loyalty,10,8f6790c70e8b,≤r13,1,13,r13 스냅샷
ITZY,loyalty,11,bbae38e1f1d3,≤r13,1,13,r13 스냅샷
ITZY,loyalty,12,012940476c85,≤r13,1,13,r13 스냅샷
ITZY,loyalty,13,7f560c0961ed,≤r13,1,13,r13 스냅샷
ITZY,loyalty,14,9419103f9e33,≤r13,1,13,r13 스냅샷
ITZY,loyalty,15,2dfccc7ea9f1,≤r13,1,13,r13 스냅샷
ITZY,loyalty,16,53d2f4c5c87c,≤r13,1,13,r13 스냅샷
ITZY,loyalty,17,51e77cc6dc07,≤r13,1,13,r13 스냅샷
ITZY,loyalty,18,9612db616bcb,≤r13,1,13,r13 스냅샷
ITZY,loyalty,19,24121380491c,≤r13,1,13,r13 스냅샷
ITZY,loyalty,20,0597a4dc4e73,≤r13,1,13,r13 스냅샷
ITZY,loyalty,21,a6efa985a8a4,≤r13,1,13,r13 스냅샷
ITZY,loyalty,22,a9b77f9f1394,≤r13,1,13,r13 스냅샷
ITZY,loyalty,23,4655350e4c63,≤r13,1,13,r13 스냅샷
ITZY,loyalty,24,44028fba1135,≤r13,1,13,r13 스냅샷
ITZY,loyalty,25,a084d4381e6e,≤r13,1,13,r13 스냅샷
ITZY,loyalty,26,61ddde3e671a,≤r13,1,13,r13 스냅샷
ITZY,loyalty,27,b27ff28300c1,r23∼r39,23,39,동결 근사 복원본
ITZY,loyalty,28,96cbf115f576,r23∼r39,23,39,동결 근사 복원본
ITZY,loyalty,29,999bf999f92a,r23∼r39,23,39,동결 근사 복원본
ITZY,loyalty,30,9413462433f5,r23∼r39,23,39,동결 근사 복원본
ITZY,loyalty,31,ab6fd4e19332,r41∼r72,41,72,라이브 코퍼스(스냅샷 이후)
ITZY,loyalty,32,8ed61c6116b5,r41∼r72,41,72,라이브 코퍼스(스냅샷 이후)
ITZY,loyalty,33,7fd0aba5e271,r41∼r72,41,72,라이브 코퍼스(스냅샷 이후)
ITZY,loyalty,34,b262c057d78e,r41∼r72,41,72,라이브 코퍼스(스냅샷 이후)
ITZY,loyalty,35,7e825a9fe72a,r41∼r72,41,72,라이브 코퍼스(스냅샷 이후)
ITZY,loyalty,36,20ba7b44fdae,r41∼r72,41,72,라이브 코퍼스(스냅샷 이후)
ITZY,loyalty,37,98859b099c32,r41∼r72,41,72,라이브 코퍼스(스냅샷 이후)
ITZY,loyalty,38,92dc9b43df81,r41∼r72,41,72,라이브 코퍼스(스냅샷 이후)
ITZY,loyalty,39,62448798981b,r41∼r72,41,72,라이브 코퍼스(스냅샷 이후)
ITZY,loyalty,40,205c31580d79,r41∼r72,41,72,라이브 코퍼스(스냅샷 이후)
ITZY,spillover,0,5d475fa2cb61,≤r13,1,13,r13 스냅샷
ITZY,spillover,1,be6429253601,≤r13,1,13,r13 스냅샷
ITZY,spillover,2,0ccb1ab4f02a,≤r13,1,13,r13 스냅샷
ITZY,spillover,3,1f6693943399,≤r13,1,13,r13 스냅샷
ITZY,spillover,4,71731d81be72,≤r13,1,13,r13 스냅샷
ITZY,spillover,5,118a949ef337,≤r13,1,13,r13 스냅샷
ITZY,spillover,6,2b346cd3a89d,≤r13,1,13,r13 스냅샷
ITZY,spillover,7,fbadb8ddd32b,≤r13,1,13,r13 스냅샷
ITZY,spillover,8,12155d7003ed,≤r13,1,13,r13 스냅샷
ITZY,spillover,9,7f7e39ede421,≤r13,1,13,r13 스냅샷
ITZY,spillover,10,a98280aab34e,≤r13,1,13,r13 스냅샷
ITZY,spillover,11,549ab1cb0dfc,≤r13,1,13,r13 스냅샷
ITZY,spillover,12,088b262b076e,≤r13,1,13,r13 스냅샷
ITZY,spillover,13,870071746e53,≤r13,1,13,r13 스냅샷
ITZY,spillover,14,1c942da896f0,≤r13,1,13,r13 스냅샷
ITZY,spillover,15,dfb932a02274,≤r13,1,13,r13 스냅샷
ITZY,spillover,16,f2843b70f91b,≤r13,1,13,r13 스냅샷
ITZY,spillover,17,fd7ab40a350c,≤r13,1,13,r13 스냅샷
ITZY,spillover,18,57468992acfe,≤r13,1,13,r13 스냅샷
ITZY,spillover,19,1f3a5238135c,≤r13,1,13,r13 스냅샷
ITZY,spillover,20,817cf99b5f05,≤r13,1,13,r13 스냅샷
ITZY,spillover,21,1ad3e3600f76,≤r13,1,13,r13 스냅샷
ITZY,spillover,22,e20614d6fcb4,≤r13,1,13,r13 스냅샷
ITZY,spillover,23,007bec0da12b,≤r13,1,13,r13 스냅샷
ITZY,spillover,24,0755c08532fa,≤r13,1,13,r13 스냅샷
ITZY,spillover,25,93abf5f2e419,≤r13,1,13,r13 스냅샷
ITZY,spillover,26,f5139da41b3c,≤r13,1,13,r13 스냅샷
ITZY,spillover,27,ffbd7e783911,≤r13,1,13,r13 스냅샷
ITZY,spillover,28,8d3181487586,≤r13,1,13,r13 스냅샷
ITZY,spillover,29,9a8f999c2e02,≤r13,1,13,r13 스냅샷
ITZY,spillover,30,6d433e79cfbd,≤r13,1,13,r13 스냅샷
ITZY,spillover,31,cfc156a6576c,≤r13,1,13,r13 스냅샷
ITZY,spillover,32,3f6972fd5f00,≤r13,1,13,r13 스냅샷
ITZY,spillover,33,41508cc19135,≤r13,1,13,r13 스냅샷
ITZY,spillover,34,561117d973bb,r23∼r39,23,39,동결 근사 복원본
ITZY,spillover,35,c8658f53a9a8,r23∼r39,23,39,동결 근사 복원본
ITZY,spillover,36,4f9fef357d4d,r23∼r39,23,39,동결 근사 복원본
ITZY,spillover,37,3824bb46231f,r23∼r39,23,39,동결 근사 복원본
ITZY,spillover,38,c49100b9c32a,r23∼r39,23,39,동결 근사 복원본
ITZY,spillover,39,20b25f2facdb,r23∼r39,23,39,동결 근사 복원본
ITZY,spillover,40,f7ea2cd5c4fc,r23∼r39,23,39,동결 근사 복원본
ITZY,spillover,41,6f7f0cbc24a7,r23∼r39,23,39,동결 근사 복원본
ITZY,spillover,42,0c26e98d6de2,r23∼r39,23,39,동결 근사 복원본
ITZY,spillover,43,b3e75107d5b2,r23∼r39,23,39,동결 근사 복원본
ITZY,spillover,44,c3f155c6c0fd,r23∼r39,23,39,동결 근사 복원본
ITZY,spillover,45,7bda096dd3f6,r41∼r72,41,72,라이브 코퍼스(스냅샷 이후)
ITZY,spillover,46,a69d20753baa,r41∼r72,41,72,라이브 코퍼스(스냅샷 이후)
ITZY,spillover,47,47f9145dcfd3,r41∼r72,41,72,라이브 코퍼스(스냅샷 이후)
ITZY,spillover,48,e221fc2f3775,r41∼r72,41,72,라이브 코퍼스(스냅샷 이후)
ITZY,spillover,49,f24a7a81b1da,r41∼r72,41,72,라이브 코퍼스(스냅샷 이후)
ITZY,spillover,50,177da8e7acba,r41∼r72,41,72,라이브 코퍼스(스냅샷 이후)
ITZY,spillover,51,aca5463294e2,r41∼r72,41,72,라이브 코퍼스(스냅샷 이후)
ITZY,spillover,52,cb8b6d12f6c6,r41∼r72,41,72,라이브 코퍼스(스냅샷 이후)
ITZY,spillover,53,a1294c5e09c1,r41∼r72,41,72,라이브 코퍼스(스냅샷 이후)
ITZY,spillover,54,c7687d3298e0,r41∼r72,41,72,라이브 코퍼스(스냅샷 이후)
ITZY,spillover,55,a51e1ae3c6a0,r41∼r72,41,72,라이브 코퍼스(스냅샷 이후)
ITZY,spillover,56,9c44d2900325,r41∼r72,41,72,라이브 코퍼스(스냅샷 이후)
ITZY,spillover,57,9d81bf50ebe2,r41∼r72,41,72,라이브 코퍼스(스냅샷 이후)
ITZY,spillover,58,5397f8ee91ff,r41∼r72,41,72,라이브 코퍼스(스냅샷 이후)
ITZY,spillover,59,4dfd68c01595,r41∼r72,41,72,라이브 코퍼스(스냅샷 이후)
ITZY,spillover,60,bf016f8793bd,r41∼r72,41,72,라이브 코퍼스(스냅샷 이후)
ITZY,spillover,61,8d046ca6d8d2,r41∼r72,41,72,라이브 코퍼스(스냅샷 이후)
ITZY,spillover,62,069e83dc7eaf,r41∼r72,41,72,라이브 코퍼스(스냅샷 이후)
ITZY,spillover,63,c23414de6e0e,r41∼r72,41,72,라이브 코퍼스(스냅샷 이후)
ITZY,spillover,64,7963964862e4,r41∼r72,41,72,라이브 코퍼스(스냅샷 이후)
ITZY,spillover,65,17f5ffffb65c,r41∼r72,41,72,라이브 코퍼스(스냅샷 이후)
LE SSERAFIM,loyalty,0,5defd986e8ad,≤r13,1,13,r13 스냅샷
LE SSERAFIM,loyalty,1,218efcf8d9ae,≤r13,1,13,r13 스냅샷
LE SSERAFIM,loyalty,2,d03cd6d6201e,≤r13,1,13,r13 스냅샷
LE SSERAFIM,loyalty,3,1ef864b73b98,≤r13,1,13,r13 스냅샷
LE SSERAFIM,loyalty,4,d43dc3cc2e3d,≤r13,1,13,r13 스냅샷
LE SSERAFIM,loyalty,5,4b1c6dec3b9a,≤r13,1,13,r13 스냅샷
LE SSERAFIM,loyalty,6,b74395cf42f5,≤r13,1,13,r13 스냅샷
LE SSERAFIM,loyalty,7,eb025d8a4bf6,≤r13,1,13,r13 스냅샷
LE SSERAFIM,loyalty,8,8e139072996d,≤r13,1,13,r13 스냅샷
LE SSERAFIM,loyalty,9,48d50f288280,≤r13,1,13,r13 스냅샷
LE SSERAFIM,loyalty,10,515ffe176415,≤r13,1,13,r13 스냅샷
LE SSERAFIM,loyalty,11,7f569b56c7ef,≤r13,1,13,r13 스냅샷
LE SSERAFIM,loyalty,12,ab94afbf1ef1,≤r13,1,13,r13 스냅샷
LE SSERAFIM,loyalty,13,b53d23568b9f,≤r13,1,13,r13 스냅샷
LE SSERAFIM,loyalty,14,92cd7e200fac,≤r13,1,13,r13 스냅샷
LE SSERAFIM,loyalty,15,6ac21884077f,≤r13,1,13,r13 스냅샷
LE SSERAFIM,loyalty,16,0877631bf9cd,≤r13,1,13,r13 스냅샷
LE SSERAFIM,loyalty,17,45285943c3d5,≤r13,1,13,r13 스냅샷
LE SSERAFIM,loyalty,18,f824f38a876b,≤r13,1,13,r13 스냅샷
LE SSERAFIM,loyalty,19,949705241208,≤r13,1,13,r13 스냅샷
LE SSERAFIM,loyalty,20,18659c22d6c4,≤r13,1,13,r13 스냅샷
LE SSERAFIM,loyalty,21,1c1aefcb28f4,≤r13,1,13,r13 스냅샷
LE SSERAFIM,loyalty,22,2fe97e705293,≤r13,1,13,r13 스냅샷
LE SSERAFIM,loyalty,23,2a60756c4b21,≤r13,1,13,r13 스냅샷
LE SSERAFIM,loyalty,24,66bd230738ee,≤r13,1,13,r13 스냅샷
LE SSERAFIM,loyalty,25,81c9d11e058b,≤r13,1,13,r13 스냅샷
LE SSERAFIM,loyalty,26,cc13026786f1,≤r13,1,13,r13 스냅샷
LE SSERAFIM,loyalty,27,df37af22a21b,≤r13,1,13,r13 스냅샷
LE SSERAFIM,loyalty,28,171a7c117101,≤r13,1,13,r13 스냅샷
LE SSERAFIM,loyalty,29,4bb9d84e9b1e,r23∼r39,23,39,동결 근사 복원본
LE SSERAFIM,loyalty,30,4d31d6fa9705,r23∼r39,23,39,동결 근사 복원본
LE SSERAFIM,loyalty,31,021cae787a3d,r23∼r39,23,39,동결 근사 복원본
LE SSERAFIM,loyalty,32,74b406d5ebe1,r23∼r39,23,39,동결 근사 복원본
LE SSERAFIM,loyalty,33,db4803e2b6db,r23∼r39,23,39,동결 근사 복원본
LE SSERAFIM,loyalty,34,afd259baf7ab,r41∼r72,41,72,라이브 코퍼스(스냅샷 이후)
LE SSERAFIM,loyalty,35,fa8968188a3f,r41∼r72,41,72,라이브 코퍼스(스냅샷 이후)
LE SSERAFIM,loyalty,36,ac12061d428e,r41∼r72,41,72,라이브 코퍼스(스냅샷 이후)
LE SSERAFIM,loyalty,37,7d71213866d9,r41∼r72,41,72,라이브 코퍼스(스냅샷 이후)
LE SSERAFIM,loyalty,38,7bfca2ba2a3f,r41∼r72,41,72,라이브 코퍼스(스냅샷 이후)
LE SSERAFIM,loyalty,39,c2e8a87e4604,r41∼r72,41,72,라이브 코퍼스(스냅샷 이후)
LE SSERAFIM,loyalty,40,6eb58dbeef4e,r41∼r72,41,72,라이브 코퍼스(스냅샷 이후)
LE SSERAFIM,loyalty,41,e0fe431ad1d8,r41∼r72,41,72,라이브 코퍼스(스냅샷 이후)
LE SSERAFIM,loyalty,42,f3ace77e9900,r41∼r72,41,72,라이브 코퍼스(스냅샷 이후)
LE SSERAFIM,loyalty,43,5837fc5cd389,r41∼r72,41,72,라이브 코퍼스(스냅샷 이후)
LE SSERAFIM,spillover,0,7bbd7264bf84,≤r13,1,13,r13 스냅샷
LE SSERAFIM,spillover,1,657c745102b9,≤r13,1,13,r13 스냅샷
LE SSERAFIM,spillover,2,afc7d68e942c,≤r13,1,13,r13 스냅샷
LE SSERAFIM,spillover,3,73eb297cd04e,≤r13,1,13,r13 스냅샷
LE SSERAFIM,spillover,4,c1d1f1d6f451,≤r13,1,13,r13 스냅샷
LE SSERAFIM,spillover,5,de577e2346d1,≤r13,1,13,r13 스냅샷
LE SSERAFIM,spillover,6,03382ec7ea6b,≤r13,1,13,r13 스냅샷
LE SSERAFIM,spillover,7,6a0bdc42ce9e,≤r13,1,13,r13 스냅샷
LE SSERAFIM,spillover,8,30f83096218b,≤r13,1,13,r13 스냅샷
LE SSERAFIM,spillover,9,97a73e86c2b9,≤r13,1,13,r13 스냅샷
LE SSERAFIM,spillover,10,b4277965d50c,≤r13,1,13,r13 스냅샷
LE SSERAFIM,spillover,11,c1af14da21c2,≤r13,1,13,r13 스냅샷
LE SSERAFIM,spillover,12,ec55ef588a3a,≤r13,1,13,r13 스냅샷
LE SSERAFIM,spillover,13,72cad5bd8139,≤r13,1,13,r13 스냅샷
LE SSERAFIM,spillover,14,ca26e39156db,≤r13,1,13,r13 스냅샷
LE SSERAFIM,spillover,15,3c7f06804da7,≤r13,1,13,r13 스냅샷
LE SSERAFIM,spillover,16,482137ce81b9,≤r13,1,13,r13 스냅샷
LE SSERAFIM,spillover,17,713f5bc8bbbb,≤r13,1,13,r13 스냅샷
LE SSERAFIM,spillover,18,e989962f1748,≤r13,1,13,r13 스냅샷
LE SSERAFIM,spillover,19,f803b2416a0f,≤r13,1,13,r13 스냅샷
LE SSERAFIM,spillover,20,7b0a0cd5b468,≤r13,1,13,r13 스냅샷
LE SSERAFIM,spillover,21,ec1a7536eb26,≤r13,1,13,r13 스냅샷
LE SSERAFIM,spillover,22,4843463e345b,≤r13,1,13,r13 스냅샷
LE SSERAFIM,spillover,23,71379a56979f,≤r13,1,13,r13 스냅샷
LE SSERAFIM,spillover,24,b291ce883015,≤r13,1,13,r13 스냅샷
LE SSERAFIM,spillover,25,ca1dded3e7a0,≤r13,1,13,r13 스냅샷
LE SSERAFIM,spillover,26,b486f20b52af,≤r13,1,13,r13 스냅샷
LE SSERAFIM,spillover,27,45243d25dae1,≤r13,1,13,r13 스냅샷
LE SSERAFIM,spillover,28,a9510f29147e,≤r13,1,13,r13 스냅샷
LE SSERAFIM,spillover,29,e243bdb84612,≤r13,1,13,r13 스냅샷
LE SSERAFIM,spillover,30,ea08260ea898,≤r13,1,13,r13 스냅샷
LE SSERAFIM,spillover,31,198459eda54d,≤r13,1,13,r13 스냅샷
LE SSERAFIM,spillover,32,8af525584b6d,≤r13,1,13,r13 스냅샷
LE SSERAFIM,spillover,33,e86fed84ec4d,≤r13,1,13,r13 스냅샷
LE SSERAFIM,spillover,34,b0a103b89354,≤r13,1,13,r13 스냅샷
LE SSERAFIM,spillover,35,518331f6fb74,≤r13,1,13,r13 스냅샷
LE SSERAFIM,spillover,36,61dd64b247f9,≤r13,1,13,r13 스냅샷
LE SSERAFIM,spillover,37,ad13d0e2e462,≤r13,1,13,r13 스냅샷
LE SSERAFIM,spillover,38,d517e65be56f,≤r13,1,13,r13 스냅샷
LE SSERAFIM,spillover,39,bb89d9074fe1,≤r13,1,13,r13 스냅샷
LE SSERAFIM,spillover,40,fa81d56b47f2,≤r13,1,13,r13 스냅샷
LE SSERAFIM,spillover,41,2177b8b03a19,≤r13,1,13,r13 스냅샷
LE SSERAFIM,spillover,42,64965410a3a8,≤r13,1,13,r13 스냅샷
LE SSERAFIM,spillover,43,e4b8c069c20b,≤r13,1,13,r13 스냅샷
LE SSERAFIM,spillover,44,07eecf7d5c4f,≤r13,1,13,r13 스냅샷
LE SSERAFIM,spillover,45,bd5a084b9210,≤r13,1,13,r13 스냅샷
LE SSERAFIM,spillover,46,3505d358b300,≤r13,1,13,r13 스냅샷
LE SSERAFIM,spillover,47,f5b3f6efa217,≤r13,1,13,r13 스냅샷
LE SSERAFIM,spillover,48,1439e5c91fec,≤r13,1,13,r13 스냅샷
LE SSERAFIM,spillover,49,0bc3cbc1cd6f,≤r13,1,13,r13 스냅샷
LE SSERAFIM,spillover,50,505a583310f8,≤r13,1,13,r13 스냅샷
LE SSERAFIM,spillover,51,8d3181487586,≤r13,1,13,r13 스냅샷
LE SSERAFIM,spillover,52,12707dbdae64,≤r13,1,13,r13 스냅샷
LE SSERAFIM,spillover,53,93952e6a4851,≤r13,1,13,r13 스냅샷
LE SSERAFIM,spillover,54,b702c36bbef5,≤r13,1,13,r13 스냅샷
LE SSERAFIM,spillover,55,36aa392fb1e7,≤r13,1,13,r13 스냅샷
LE SSERAFIM,spillover,56,8b4604681cc1,≤r13,1,13,r13 스냅샷
LE SSERAFIM,spillover,57,35e6d4c6bca8,≤r13,1,13,r13 스냅샷
LE SSERAFIM,spillover,58,ec84a52f4179,≤r13,1,13,r13 스냅샷
LE SSERAFIM,spillover,59,218ad4f0d518,r14∼r22,14,22,r22 백업
LE SSERAFIM,spillover,60,5361f1729257,r14∼r22,14,22,r22 백업
LE SSERAFIM,spillover,61,a91913603540,r14∼r22,14,22,r22 백업
LE SSERAFIM,spillover,62,d4a16c08899b,r23∼r39,23,39,동결 근사 복원본
LE SSERAFIM,spillover,63,e6331d7af941,r23∼r39,23,39,동결 근사 복원본
LE SSERAFIM,spillover,64,5fbb68a9c0e3,r23∼r39,23,39,동결 근사 복원본
LE SSERAFIM,spillover,65,dd895c004006,r23∼r39,23,39,동결 근사 복원본
LE SSERAFIM,spillover,66,1171532f38cb,r23∼r39,23,39,동결 근사 복원본
LE SSERAFIM,spillover,67,55343ab91566,r23∼r39,23,39,동결 근사 복원본
LE SSERAFIM,spillover,68,5aab7f4849d9,r23∼r39,23,39,동결 근사 복원본
LE SSERAFIM,spillover,69,0598d102e80e,r23∼r39,23,39,동결 근사 복원본
LE SSERAFIM,spillover,70,40e1d60ebcca,r23∼r39,23,39,동결 근사 복원본
LE SSERAFIM,spillover,71,e4648df47bf4,r23∼r39,23,39,동결 근사 복원본
LE SSERAFIM,spillover,72,bad050a5a0e9,r23∼r39,23,39,동결 근사 복원본
LE SSERAFIM,spillover,73,349e05dd6ded,r23∼r39,23,39,동결 근사 복원본
LE SSERAFIM,spillover,74,af03cc477660,r23∼r39,23,39,동결 근사 복원본
LE SSERAFIM,spillover,75,0ab9c6fd4de9,r41∼r72,41,72,라이브 코퍼스(스냅샷 이후)
LE SSERAFIM,spillover,76,22ec690fda05,r41∼r72,41,72,라이브 코퍼스(스냅샷 이후)
LE SSERAFIM,spillover,77,05b9be683d6c,r41∼r72,41,72,라이브 코퍼스(스냅샷 이후)
LE SSERAFIM,spillover,78,62219f610aa4,r41∼r72,41,72,라이브 코퍼스(스냅샷 이후)
LE SSERAFIM,spillover,79,fa361472a842,r41∼r72,41,72,라이브 코퍼스(스냅샷 이후)
LE SSERAFIM,spillover,80,56fab02288ef,r41∼r72,41,72,라이브 코퍼스(스냅샷 이후)
LE SSERAFIM,spillover,81,15dd2a38cf1b,r41∼r72,41,72,라이브 코퍼스(스냅샷 이후)
LE SSERAFIM,spillover,82,b40b8f446b05,r41∼r72,41,72,라이브 코퍼스(스냅샷 이후)
LE SSERAFIM,spillover,83,9e2b02c0e0c5,r41∼r72,41,72,라이브 코퍼스(스냅샷 이후)
LE SSERAFIM,spillover,84,73ab43597f0c,r41∼r72,41,72,라이브 코퍼스(스냅샷 이후)
LE SSERAFIM,spillover,85,b93030fad4b8,r41∼r72,41,72,라이브 코퍼스(스냅샷 이후)
LE SSERAFIM,spillover,86,d237ea107547,r41∼r72,41,72,라이브 코퍼스(스냅샷 이후)
LE SSERAFIM,spillover,87,49a8ed06edc6,r41∼r72,41,72,라이브 코퍼스(스냅샷 이후)
LE SSERAFIM,spillover,88,825add1f7928,r41∼r72,41,72,라이브 코퍼스(스냅샷 이후)
LE SSERAFIM,spillover,89,2398ad9025f8,r41∼r72,41,72,라이브 코퍼스(스냅샷 이후)
LE SSERAFIM,spillover,90,20470cda8d23,r41∼r72,41,72,라이브 코퍼스(스냅샷 이후)
LE SSERAFIM,spillover,91,bb2b6a247084,r41∼r72,41,72,라이브 코퍼스(스냅샷 이후)
LE SSERAFIM,spillover,92,bf6f4964d2ce,r41∼r72,41,72,라이브 코퍼스(스냅샷 이후)
LE SSERAFIM,spillover,93,b3afeca726d7,r41∼r72,41,72,라이브 코퍼스(스냅샷 이후)
LE SSERAFIM,spillover,94,e81a8bd7a768,r41∼r72,41,72,라이브 코퍼스(스냅샷 이후)
LE SSERAFIM,spillover,95,ebd7d639aff6,r41∼r72,41,72,라이브 코퍼스(스냅샷 이후)
LE SSERAFIM,spillover,96,f5344962650a,r41∼r72,41,72,라이브 코퍼스(스냅샷 이후)
LE SSERAFIM,spillover,97,7bfe4598ae85,r41∼r72,41,72,라이브 코퍼스(스냅샷 이후)
LE SSERAFIM,spillover,98,10c275049b4c,r41∼r72,41,72,라이브 코퍼스(스냅샷 이후)
aespa,loyalty,0,3080bff3b571,≤r13,1,13,r13 스냅샷
aespa,loyalty,1,7317dfb248c1,≤r13,1,13,r13 스냅샷
aespa,loyalty,2,9b53b285418e,≤r13,1,13,r13 스냅샷
aespa,loyalty,3,b0fc38b8fd60,≤r13,1,13,r13 스냅샷
aespa,loyalty,4,79830559d634,≤r13,1,13,r13 스냅샷
aespa,loyalty,5,8503fce7bb10,≤r13,1,13,r13 스냅샷
aespa,loyalty,6,1106aabc42be,≤r13,1,13,r13 스냅샷
aespa,loyalty,7,727b11c4f896,≤r13,1,13,r13 스냅샷
aespa,loyalty,8,b3534c1f2025,≤r13,1,13,r13 스냅샷
aespa,loyalty,9,9d87b429ff88,≤r13,1,13,r13 스냅샷
aespa,loyalty,10,eadc70254536,≤r13,1,13,r13 스냅샷
aespa,loyalty,11,0351c05683bd,≤r13,1,13,r13 스냅샷
aespa,loyalty,12,623ab01b872a,≤r13,1,13,r13 스냅샷
aespa,loyalty,13,60b9f141279c,≤r13,1,13,r13 스냅샷
aespa,loyalty,14,1c3cf22cfecb,≤r13,1,13,r13 스냅샷
aespa,loyalty,15,049e949cce90,≤r13,1,13,r13 스냅샷
aespa,loyalty,16,83ef0e0d3f3a,≤r13,1,13,r13 스냅샷
aespa,loyalty,17,bcc4fff06b7e,≤r13,1,13,r13 스냅샷
aespa,loyalty,18,cbc4c4b78cc7,≤r13,1,13,r13 스냅샷
aespa,loyalty,19,dd607a2b7147,≤r13,1,13,r13 스냅샷
aespa,loyalty,20,334630340212,≤r13,1,13,r13 스냅샷
aespa,loyalty,21,d093576d7a48,≤r13,1,13,r13 스냅샷
aespa,loyalty,22,57ef766ece8a,≤r13,1,13,r13 스냅샷
aespa,loyalty,23,da31915bf9da,≤r13,1,13,r13 스냅샷
aespa,loyalty,24,eb80db507f47,≤r13,1,13,r13 스냅샷
aespa,loyalty,25,1f3ebd981981,≤r13,1,13,r13 스냅샷
aespa,loyalty,26,93ec52c31c30,≤r13,1,13,r13 스냅샷
aespa,loyalty,27,67f077829bce,≤r13,1,13,r13 스냅샷
aespa,loyalty,28,c82c1b358493,≤r13,1,13,r13 스냅샷
aespa,loyalty,29,d2bd7093aa96,≤r13,1,13,r13 스냅샷
aespa,loyalty,30,18e27d38f8ab,≤r13,1,13,r13 스냅샷
aespa,loyalty,31,ee6764dc681e,≤r13,1,13,r13 스냅샷
aespa,loyalty,32,a9b3f80f3f5f,≤r13,1,13,r13 스냅샷
aespa,loyalty,33,e20f221d4ece,≤r13,1,13,r13 스냅샷
aespa,loyalty,34,ac4b3cf6ef25,≤r13,1,13,r13 스냅샷
aespa,loyalty,35,f6c46cccb4c1,≤r13,1,13,r13 스냅샷
aespa,loyalty,36,704c7a575b6b,≤r13,1,13,r13 스냅샷
aespa,loyalty,37,ad74a05f970f,≤r13,1,13,r13 스냅샷
aespa,loyalty,38,f7987183f567,≤r13,1,13,r13 스냅샷
aespa,loyalty,39,a555d0825be8,r14∼r22,14,22,r22 백업
aespa,loyalty,40,dcd1eb3ad158,r23∼r39,23,39,동결 근사 복원본
aespa,loyalty,41,f36a4edcb7f5,r23∼r39,23,39,동결 근사 복원본
aespa,loyalty,42,6663d2d1a692,r23∼r39,23,39,동결 근사 복원본
aespa,loyalty,43,8e7463a23b57,r23∼r39,23,39,동결 근사 복원본
aespa,loyalty,44,d411f6ea1b4f,r41∼r72,41,72,라이브 코퍼스(스냅샷 이후)
aespa,loyalty,45,7fd9112af9b2,r41∼r72,41,72,라이브 코퍼스(스냅샷 이후)
aespa,loyalty,46,98d84793ada7,r41∼r72,41,72,라이브 코퍼스(스냅샷 이후)
aespa,loyalty,47,1ac34a945ce0,r41∼r72,41,72,라이브 코퍼스(스냅샷 이후)
aespa,loyalty,48,c5e2a0063257,r41∼r72,41,72,라이브 코퍼스(스냅샷 이후)
aespa,loyalty,49,c2057c0fc04f,r41∼r72,41,72,라이브 코퍼스(스냅샷 이후)
aespa,loyalty,50,fa6e4be8d3ab,r41∼r72,41,72,라이브 코퍼스(스냅샷 이후)
aespa,loyalty,51,eab899ecaae5,r41∼r72,41,72,라이브 코퍼스(스냅샷 이후)
aespa,loyalty,52,7a4ee45ffa25,r41∼r72,41,72,라이브 코퍼스(스냅샷 이후)
aespa,loyalty,53,5aa86a829abe,r41∼r72,41,72,라이브 코퍼스(스냅샷 이후)
aespa,loyalty,54,0ef4eca0e17a,r41∼r72,41,72,라이브 코퍼스(스냅샷 이후)
aespa,spillover,0,fbf39a013d2f,≤r13,1,13,r13 스냅샷
aespa,spillover,1,56815a63ec8f,≤r13,1,13,r13 스냅샷
aespa,spillover,2,f8d04625f741,≤r13,1,13,r13 스냅샷
aespa,spillover,3,4c3ea33144c0,≤r13,1,13,r13 스냅샷
aespa,spillover,4,7ae79257c122,≤r13,1,13,r13 스냅샷
aespa,spillover,5,36640a0a5d77,≤r13,1,13,r13 스냅샷
aespa,spillover,6,fc9521b5e576,≤r13,1,13,r13 스냅샷
aespa,spillover,7,e027584161c6,≤r13,1,13,r13 스냅샷
aespa,spillover,8,ab0cc9805d92,≤r13,1,13,r13 스냅샷
aespa,spillover,9,986155dae147,≤r13,1,13,r13 스냅샷
aespa,spillover,10,a0048996164f,≤r13,1,13,r13 스냅샷
aespa,spillover,11,661103656b62,≤r13,1,13,r13 스냅샷
aespa,spillover,12,6ef8cadcb596,≤r13,1,13,r13 스냅샷
aespa,spillover,13,02e749533a87,≤r13,1,13,r13 스냅샷
aespa,spillover,14,badadf946adc,≤r13,1,13,r13 스냅샷
aespa,spillover,15,d4fec638a5f5,≤r13,1,13,r13 스냅샷
aespa,spillover,16,75e7cc645d45,≤r13,1,13,r13 스냅샷
aespa,spillover,17,26ee8206b3ed,≤r13,1,13,r13 스냅샷
aespa,spillover,18,14f311f2b1a3,≤r13,1,13,r13 스냅샷
aespa,spillover,19,1008e8c32406,≤r13,1,13,r13 스냅샷
aespa,spillover,20,a411679fd03d,≤r13,1,13,r13 스냅샷
aespa,spillover,21,e1d54c6b7ac8,≤r13,1,13,r13 스냅샷
aespa,spillover,22,b39d5525baf5,≤r13,1,13,r13 스냅샷
aespa,spillover,23,f4fc3b043be8,≤r13,1,13,r13 스냅샷
aespa,spillover,24,11e535008284,≤r13,1,13,r13 스냅샷
aespa,spillover,25,dc6f674223d9,≤r13,1,13,r13 스냅샷
aespa,spillover,26,6b9c5a86657a,≤r13,1,13,r13 스냅샷
aespa,spillover,27,ebb5d6e82d9c,≤r13,1,13,r13 스냅샷
aespa,spillover,28,519b2ef97395,≤r13,1,13,r13 스냅샷
aespa,spillover,29,a4f0573d7739,≤r13,1,13,r13 스냅샷
aespa,spillover,30,116f23eb9f95,≤r13,1,13,r13 스냅샷
aespa,spillover,31,c3cee2962a0c,≤r13,1,13,r13 스냅샷
aespa,spillover,32,aa4eba5c28b6,≤r13,1,13,r13 스냅샷
aespa,spillover,33,e9c10c4935d0,≤r13,1,13,r13 스냅샷
aespa,spillover,34,cfd04e6fb87f,≤r13,1,13,r13 스냅샷
aespa,spillover,35,1abb0956ff74,≤r13,1,13,r13 스냅샷
aespa,spillover,36,440c17e1b8bb,≤r13,1,13,r13 스냅샷
aespa,spillover,37,6b8a0b314c21,≤r13,1,13,r13 스냅샷
aespa,spillover,38,c3b33f09ee9f,≤r13,1,13,r13 스냅샷
aespa,spillover,39,8d439362516f,≤r13,1,13,r13 스냅샷
aespa,spillover,40,1aaf39940b83,≤r13,1,13,r13 스냅샷
aespa,spillover,41,0588057865b0,≤r13,1,13,r13 스냅샷
aespa,spillover,42,6c9f167fb6b3,r23∼r39,23,39,동결 근사 복원본
aespa,spillover,43,c25cff38ef9d,r23∼r39,23,39,동결 근사 복원본
aespa,spillover,44,1fbc4ff6872e,r23∼r39,23,39,동결 근사 복원본
aespa,spillover,45,db669493a590,r23∼r39,23,39,동결 근사 복원본
aespa,spillover,46,106862112592,r23∼r39,23,39,동결 근사 복원본
aespa,spillover,47,03cd94de9f15,r23∼r39,23,39,동결 근사 복원본
aespa,spillover,48,3a464f7f3fe3,r23∼r39,23,39,동결 근사 복원본
aespa,spillover,49,eda6d003f2b4,r23∼r39,23,39,동결 근사 복원본
aespa,spillover,50,d5fb40fc0026,r23∼r39,23,39,동결 근사 복원본
aespa,spillover,51,54d6442e7b2e,r23∼r39,23,39,동결 근사 복원본
aespa,spillover,52,2e7289b9f49b,r23∼r39,23,39,동결 근사 복원본
aespa,spillover,53,5ef73da7a879,r23∼r39,23,39,동결 근사 복원본
aespa,spillover,54,f2ee764f239f,r23∼r39,23,39,동결 근사 복원본
aespa,spillover,55,68e7b1b58736,r23∼r39,23,39,동결 근사 복원본
aespa,spillover,56,8641304b3e9b,r23∼r39,23,39,동결 근사 복원본
aespa,spillover,57,a28b107a2780,r23∼r39,23,39,동결 근사 복원본
aespa,spillover,58,5d8a9f3f882f,r23∼r39,23,39,동결 근사 복원본
aespa,spillover,59,72f7b982b622,r23∼r39,23,39,동결 근사 복원본
aespa,spillover,60,8774d735d1e4,r23∼r39,23,39,동결 근사 복원본
aespa,spillover,61,84d8ccfca78d,r23∼r39,23,39,동결 근사 복원본
aespa,spillover,62,6ca3ee65a46e,r23∼r39,23,39,동결 근사 복원본
aespa,spillover,63,6f3a3be8f35e,r23∼r39,23,39,동결 근사 복원본
aespa,spillover,64,681e67419cbd,r23∼r39,23,39,동결 근사 복원본
aespa,spillover,65,20e92fd8378e,r23∼r39,23,39,동결 근사 복원본
aespa,spillover,66,7719adef25c3,r23∼r39,23,39,동결 근사 복원본
aespa,spillover,67,19d76f71807f,r23∼r39,23,39,동결 근사 복원본
aespa,spillover,68,fa27a6a244a8,r23∼r39,23,39,동결 근사 복원본
aespa,spillover,69,b912dbc562c6,r23∼r39,23,39,동결 근사 복원본
aespa,spillover,70,491b9e7fb9fc,r41∼r72,41,72,라이브 코퍼스(스냅샷 이후)
aespa,spillover,71,feccf3066246,r41∼r72,41,72,라이브 코퍼스(스냅샷 이후)
aespa,spillover,72,fa88bc76ab14,r41∼r72,41,72,라이브 코퍼스(스냅샷 이후)
aespa,spillover,73,7f7611f95de5,r41∼r72,41,72,라이브 코퍼스(스냅샷 이후)
aespa,spillover,74,30b1ac3eaf97,r41∼r72,41,72,라이브 코퍼스(스냅샷 이후)
aespa,spillover,75,acfa860f5d3c,r41∼r72,41,72,라이브 코퍼스(스냅샷 이후)
aespa,spillover,76,6ed3811d8566,r41∼r72,41,72,라이브 코퍼스(스냅샷 이후)
aespa,spillover,77,a36997d8122e,r41∼r72,41,72,라이브 코퍼스(스냅샷 이후)
aespa,spillover,78,6653c1c9dc00,r41∼r72,41,72,라이브 코퍼스(스냅샷 이후)
aespa,spillover,79,be96b5f2e2ee,r41∼r72,41,72,라이브 코퍼스(스냅샷 이후)
aespa,spillover,80,80f965f2f098,r41∼r72,41,72,라이브 코퍼스(스냅샷 이후)
aespa,spillover,81,e25bb31615ac,r41∼r72,41,72,라이브 코퍼스(스냅샷 이후)
aespa,spillover,82,09066fe470c2,r41∼r72,41,72,라이브 코퍼스(스냅샷 이후)
aespa,spillover,83,8c2b7bb86244,r41∼r72,41,72,라이브 코퍼스(스냅샷 이후)
aespa,spillover,84,0b1749b6d6d1,r41∼r72,41,72,라이브 코퍼스(스냅샷 이후)
aespa,spillover,85,7b97adf463cb,r41∼r72,41,72,라이브 코퍼스(스냅샷 이후)
aespa,spillover,86,2acd5efa13e3,r41∼r72,41,72,라이브 코퍼스(스냅샷 이후)
aespa,spillover,87,a6aca3a22567,r41∼r72,41,72,라이브 코퍼스(스냅샷 이후)
aespa,spillover,88,d7df7f106ef5,r41∼r72,41,72,라이브 코퍼스(스냅샷 이후)
aespa,spillover,89,cfffb7efff2b,r41∼r72,41,72,라이브 코퍼스(스냅샷 이후)
aespa,spillover,90,d3dd45013968,r41∼r72,41,72,라이브 코퍼스(스냅샷 이후)
aespa,spillover,91,4ab6eb51e193,r41∼r72,41,72,라이브 코퍼스(스냅샷 이후)
aespa,spillover,92,5ed9b8b2df36,r41∼r72,41,72,라이브 코퍼스(스냅샷 이후)
aespa,spillover,93,dcfe921d2d55,r41∼r72,41,72,라이브 코퍼스(스냅샷 이후)
aespa,spillover,94,29d3256b0fcc,r41∼r72,41,72,라이브 코퍼스(스냅샷 이후)
aespa,spillover,95,b4cde152dd0f,r41∼r72,41,72,라이브 코퍼스(스냅샷 이후)
aespa,spillover,96,b64127d44bfa,r41∼r72,41,72,라이브 코퍼스(스냅샷 이후)
aespa,spillover,97,c89900762483,r41∼r72,41,72,라이브 코퍼스(스냅샷 이후)
aespa,spillover,98,9cb9a902b47c,r41∼r72,41,72,라이브 코퍼스(스냅샷 이후)
aespa,spillover,99,a6306aa6dcf9,r41∼r72,41,72,라이브 코퍼스(스냅샷 이후)
aespa,spillover,100,321144fba291,r41∼r72,41,72,라이브 코퍼스(스냅샷 이후)
aespa,spillover,101,2118e1992103,r41∼r72,41,72,라이브 코퍼스(스냅샷 이후)
aespa,spillover,102,1933900ffa87,r41∼r72,41,72,라이브 코퍼스(스냅샷 이후)
프로미스나인,loyalty,0,cbc9629d38f7,≤r13,1,13,r13 스냅샷
프로미스나인,loyalty,1,1ca05d006d32,≤r13,1,13,r13 스냅샷
프로미스나인,loyalty,2,ab7e500865cd,≤r13,1,13,r13 스냅샷
프로미스나인,loyalty,3,817df97f443e,≤r13,1,13,r13 스냅샷
프로미스나인,loyalty,4,b3dad684f5b2,≤r13,1,13,r13 스냅샷
프로미스나인,loyalty,5,27c385f79637,≤r13,1,13,r13 스냅샷
프로미스나인,loyalty,6,18f5408198a7,≤r13,1,13,r13 스냅샷
프로미스나인,loyalty,7,0899f85dfc5f,≤r13,1,13,r13 스냅샷
프로미스나인,loyalty,8,989e72c04711,≤r13,1,13,r13 스냅샷
프로미스나인,loyalty,9,b479fe3190cd,≤r13,1,13,r13 스냅샷
프로미스나인,loyalty,10,4120ee20e25a,≤r13,1,13,r13 스냅샷
프로미스나인,loyalty,11,f8d740549ccd,≤r13,1,13,r13 스냅샷
프로미스나인,loyalty,12,1e5c3fd137a2,≤r13,1,13,r13 스냅샷
프로미스나인,loyalty,13,997e40edeb80,≤r13,1,13,r13 스냅샷
프로미스나인,loyalty,14,63a3ad5a391f,≤r13,1,13,r13 스냅샷
프로미스나인,loyalty,15,df856805cdc1,≤r13,1,13,r13 스냅샷
프로미스나인,loyalty,16,8765339ee084,≤r13,1,13,r13 스냅샷
프로미스나인,loyalty,17,dd1c63a10ee0,≤r13,1,13,r13 스냅샷
프로미스나인,loyalty,18,bdb103c2e587,r14∼r22,14,22,r22 백업
프로미스나인,loyalty,19,54a310b128c5,r14∼r22,14,22,r22 백업
프로미스나인,loyalty,20,953249f56e5d,r14∼r22,14,22,r22 백업
프로미스나인,loyalty,21,bd68e1475497,r14∼r22,14,22,r22 백업
프로미스나인,loyalty,22,14359b1e0a29,r14∼r22,14,22,r22 백업
프로미스나인,loyalty,23,e1be00c4d97e,r41∼r72,41,72,라이브 코퍼스(스냅샷 이후)
프로미스나인,loyalty,24,b335a38c201a,r41∼r72,41,72,라이브 코퍼스(스냅샷 이후)
프로미스나인,loyalty,25,43a9803fdcf5,r41∼r72,41,72,라이브 코퍼스(스냅샷 이후)
프로미스나인,loyalty,26,5c887bc57d26,r41∼r72,41,72,라이브 코퍼스(스냅샷 이후)
프로미스나인,loyalty,27,f6477df6f8f2,r41∼r72,41,72,라이브 코퍼스(스냅샷 이후)
프로미스나인,loyalty,28,b82a1d89c5b6,r41∼r72,41,72,라이브 코퍼스(스냅샷 이후)
프로미스나인,loyalty,29,37ae2a4fdc08,r41∼r72,41,72,라이브 코퍼스(스냅샷 이후)
프로미스나인,loyalty,30,ed14f2bf2fed,r41∼r72,41,72,라이브 코퍼스(스냅샷 이후)
프로미스나인,loyalty,31,2c2c6b9038ae,r41∼r72,41,72,라이브 코퍼스(스냅샷 이후)
프로미스나인,loyalty,32,df02534cc788,r41∼r72,41,72,라이브 코퍼스(스냅샷 이후)
프로미스나인,loyalty,33,ae5105f61d95,r41∼r72,41,72,라이브 코퍼스(스냅샷 이후)
프로미스나인,spillover,0,580e2c9f694c,≤r13,1,13,r13 스냅샷
프로미스나인,spillover,1,3b9a1741f2a2,≤r13,1,13,r13 스냅샷
프로미스나인,spillover,2,e48394d2d71e,≤r13,1,13,r13 스냅샷
프로미스나인,spillover,3,37d63d231a4a,≤r13,1,13,r13 스냅샷
프로미스나인,spillover,4,d8946b10b2b2,≤r13,1,13,r13 스냅샷
프로미스나인,spillover,5,492e71aaf6f7,≤r13,1,13,r13 스냅샷
프로미스나인,spillover,6,ed650677af05,≤r13,1,13,r13 스냅샷
프로미스나인,spillover,7,255434c81f60,≤r13,1,13,r13 스냅샷
프로미스나인,spillover,8,29a8d10e429c,≤r13,1,13,r13 스냅샷
프로미스나인,spillover,9,6a18200c5589,≤r13,1,13,r13 스냅샷
프로미스나인,spillover,10,073ebcc22669,≤r13,1,13,r13 스냅샷
프로미스나인,spillover,11,43c9b7a0cc25,≤r13,1,13,r13 스냅샷
프로미스나인,spillover,12,7df876f15779,≤r13,1,13,r13 스냅샷
프로미스나인,spillover,13,ebc8478d5495,≤r13,1,13,r13 스냅샷
프로미스나인,spillover,14,adee54ea2ed0,≤r13,1,13,r13 스냅샷
프로미스나인,spillover,15,d0ef93045b8f,≤r13,1,13,r13 스냅샷
프로미스나인,spillover,16,602f073d28c1,≤r13,1,13,r13 스냅샷
프로미스나인,spillover,17,2b32e3f9f316,≤r13,1,13,r13 스냅샷
프로미스나인,spillover,18,094a401ff512,≤r13,1,13,r13 스냅샷
프로미스나인,spillover,19,3cefe8ad700b,≤r13,1,13,r13 스냅샷
프로미스나인,spillover,20,e5bbb2aa9726,≤r13,1,13,r13 스냅샷
프로미스나인,spillover,21,cab3db6c3120,≤r13,1,13,r13 스냅샷
프로미스나인,spillover,22,4837ce64e129,≤r13,1,13,r13 스냅샷
프로미스나인,spillover,23,99c1048b11ac,≤r13,1,13,r13 스냅샷
프로미스나인,spillover,24,c9d99797b14d,≤r13,1,13,r13 스냅샷
프로미스나인,spillover,25,32ca83dc2298,≤r13,1,13,r13 스냅샷
프로미스나인,spillover,26,dc886a15be17,≤r13,1,13,r13 스냅샷
프로미스나인,spillover,27,bb08e0db2ab2,≤r13,1,13,r13 스냅샷
프로미스나인,spillover,28,5a0c5f2ea7f9,≤r13,1,13,r13 스냅샷
프로미스나인,spillover,29,dda4e110c683,≤r13,1,13,r13 스냅샷
프로미스나인,spillover,30,e0706f97669b,r14∼r22,14,22,r22 백업
프로미스나인,spillover,31,155941aee216,r14∼r22,14,22,r22 백업
프로미스나인,spillover,32,b424f6b2cf96,r14∼r22,14,22,r22 백업
프로미스나인,spillover,33,cf7383c968c7,r14∼r22,14,22,r22 백업
프로미스나인,spillover,34,c6cafeb9874c,r23∼r39,23,39,동결 근사 복원본
프로미스나인,spillover,35,3efb343cc2ec,r23∼r39,23,39,동결 근사 복원본
프로미스나인,spillover,36,5e6d89baaf43,r23∼r39,23,39,동결 근사 복원본
프로미스나인,spillover,37,1e01d637b6ea,r23∼r39,23,39,동결 근사 복원본
프로미스나인,spillover,38,2e5c50cee71d,r23∼r39,23,39,동결 근사 복원본
프로미스나인,spillover,39,c4c4519f9bfb,r23∼r39,23,39,동결 근사 복원본
프로미스나인,spillover,40,4a9ce43f5905,r23∼r39,23,39,동결 근사 복원본
프로미스나인,spillover,41,993b41e1bda9,r23∼r39,23,39,동결 근사 복원본
프로미스나인,spillover,42,46ffaf21b606,r23∼r39,23,39,동결 근사 복원본
프로미스나인,spillover,43,a3994e5a3cbe,r23∼r39,23,39,동결 근사 복원본
프로미스나인,spillover,44,3b98de619335,r23∼r39,23,39,동결 근사 복원본
프로미스나인,spillover,45,d500abda0a74,r41∼r72,41,72,라이브 코퍼스(스냅샷 이후)
프로미스나인,spillover,46,343f7da79240,r41∼r72,41,72,라이브 코퍼스(스냅샷 이후)
프로미스나인,spillover,47,d57ef72124ca,r41∼r72,41,72,라이브 코퍼스(스냅샷 이후)
프로미스나인,spillover,48,5abdfe13ce1a,r41∼r72,41,72,라이브 코퍼스(스냅샷 이후)
프로미스나인,spillover,49,031cd0d422cb,r41∼r72,41,72,라이브 코퍼스(스냅샷 이후)
프로미스나인,spillover,50,2a4fa5cb1b53,r41∼r72,41,72,라이브 코퍼스(스냅샷 이후)
프로미스나인,spillover,51,3e0c564dc575,r41∼r72,41,72,라이브 코퍼스(스냅샷 이후)
프로미스나인,spillover,52,76afd00234b4,r41∼r72,41,72,라이브 코퍼스(스냅샷 이후)
프로미스나인,spillover,53,6c5006a834b8,r41∼r72,41,72,라이브 코퍼스(스냅샷 이후)
프로미스나인,spillover,54,80c49ce8428c,r41∼r72,41,72,라이브 코퍼스(스냅샷 이후)
A-pink,loyalty,0,f049bf96dcfb,≤r13,1,13,r13 스냅샷
A-pink,loyalty,1,ee81ba3a70bc,≤r13,1,13,r13 스냅샷
A-pink,loyalty,2,80157a9d329c,≤r13,1,13,r13 스냅샷
A-pink,loyalty,3,4adb992121af,≤r13,1,13,r13 스냅샷
A-pink,loyalty,4,c73ef3aac1d1,≤r13,1,13,r13 스냅샷
A-pink,loyalty,5,d48c00c0a663,≤r13,1,13,r13 스냅샷
A-pink,loyalty,6,1b6fcd6def1c,≤r13,1,13,r13 스냅샷
A-pink,loyalty,7,1f473e272d7c,≤r13,1,13,r13 스냅샷
A-pink,loyalty,8,3b678466a5ee,≤r13,1,13,r13 스냅샷
A-pink,loyalty,9,eeced0364b65,≤r13,1,13,r13 스냅샷
A-pink,loyalty,10,4dfc3c6839e8,≤r13,1,13,r13 스냅샷
A-pink,loyalty,11,cebd4db41af6,≤r13,1,13,r13 스냅샷
A-pink,loyalty,12,0a9e2331de5e,≤r13,1,13,r13 스냅샷
A-pink,loyalty,13,2ca3cad2208b,≤r13,1,13,r13 스냅샷
A-pink,loyalty,14,68f228d43635,≤r13,1,13,r13 스냅샷
A-pink,loyalty,15,1513d39008d9,≤r13,1,13,r13 스냅샷
A-pink,loyalty,16,c9759afb1d75,≤r13,1,13,r13 스냅샷
A-pink,loyalty,17,c85a3f373b31,≤r13,1,13,r13 스냅샷
A-pink,loyalty,18,6cc6b5d596ee,r14∼r22,14,22,r22 백업
A-pink,loyalty,19,d0c54afbbea1,r14∼r22,14,22,r22 백업
A-pink,loyalty,20,fa714e19e435,r14∼r22,14,22,r22 백업
A-pink,loyalty,21,9037ae0b4a77,r14∼r22,14,22,r22 백업
A-pink,loyalty,22,51c3345a6245,r14∼r22,14,22,r22 백업
A-pink,loyalty,23,5675e7868ef8,r14∼r22,14,22,r22 백업
A-pink,loyalty,24,5d584cba6b76,r14∼r22,14,22,r22 백업
A-pink,loyalty,25,a7d9e3efaa19,r14∼r22,14,22,r22 백업
A-pink,loyalty,26,4fad5fcad4de,r14∼r22,14,22,r22 백업
A-pink,loyalty,27,b3932e071ab3,r14∼r22,14,22,r22 백업
A-pink,loyalty,28,c8c307fc7008,r14∼r22,14,22,r22 백업
A-pink,loyalty,29,f7605745cd0e,r14∼r22,14,22,r22 백업
A-pink,loyalty,30,985d81f76f16,r23∼r39,23,39,동결 근사 복원본
A-pink,loyalty,31,f3f2d94fcbe7,r23∼r39,23,39,동결 근사 복원본
A-pink,loyalty,32,247d58f88f44,r41∼r72,41,72,라이브 코퍼스(스냅샷 이후)
A-pink,loyalty,33,ec17c96c9e05,r41∼r72,41,72,라이브 코퍼스(스냅샷 이후)
A-pink,loyalty,34,04012f0462fc,r41∼r72,41,72,라이브 코퍼스(스냅샷 이후)
A-pink,spillover,0,d8c55e4b4990,≤r13,1,13,r13 스냅샷
A-pink,spillover,1,527cbbe7fbaa,≤r13,1,13,r13 스냅샷
A-pink,spillover,2,ee9e416a9232,≤r13,1,13,r13 스냅샷
A-pink,spillover,3,4fa5361e73d4,≤r13,1,13,r13 스냅샷
A-pink,spillover,4,c3099ea34d71,≤r13,1,13,r13 스냅샷
A-pink,spillover,5,bd9beebad836,≤r13,1,13,r13 스냅샷
A-pink,spillover,6,eef430ae13f8,≤r13,1,13,r13 스냅샷
A-pink,spillover,7,f1d5beed24cf,≤r13,1,13,r13 스냅샷
A-pink,spillover,8,572b16a50c07,≤r13,1,13,r13 스냅샷
A-pink,spillover,9,6df4a4b3bb31,≤r13,1,13,r13 스냅샷
A-pink,spillover,10,ce717d4fa03e,≤r13,1,13,r13 스냅샷
A-pink,spillover,11,6d53490fb46a,≤r13,1,13,r13 스냅샷
A-pink,spillover,12,f87a7598529e,≤r13,1,13,r13 스냅샷
A-pink,spillover,13,192a07f73334,≤r13,1,13,r13 스냅샷
A-pink,spillover,14,d069500798fb,≤r13,1,13,r13 스냅샷
A-pink,spillover,15,c82da273ce9b,≤r13,1,13,r13 스냅샷
A-pink,spillover,16,6b6648361b17,≤r13,1,13,r13 스냅샷
A-pink,spillover,17,1b525fd630a0,≤r13,1,13,r13 스냅샷
A-pink,spillover,18,4d71036a5e78,≤r13,1,13,r13 스냅샷
A-pink,spillover,19,80c37e567e3c,≤r13,1,13,r13 스냅샷
A-pink,spillover,20,b732f00be65b,≤r13,1,13,r13 스냅샷
A-pink,spillover,21,54b93cf6a0ba,≤r13,1,13,r13 스냅샷
A-pink,spillover,22,79af13a2ab88,r14∼r22,14,22,r22 백업
A-pink,spillover,23,d7872be32d69,r14∼r22,14,22,r22 백업
A-pink,spillover,24,4939de9f41e8,r23∼r39,23,39,동결 근사 복원본
A-pink,spillover,25,6811a959cd1f,r23∼r39,23,39,동결 근사 복원본
A-pink,spillover,26,e4362fd86d14,r23∼r39,23,39,동결 근사 복원본
A-pink,spillover,27,1a2b08f79139,r23∼r39,23,39,동결 근사 복원본
A-pink,spillover,28,22fda47244b0,r23∼r39,23,39,동결 근사 복원본
A-pink,spillover,29,504daf089634,r23∼r39,23,39,동결 근사 복원본
A-pink,spillover,30,962f276bf9d9,r23∼r39,23,39,동결 근사 복원본
A-pink,spillover,31,30b93bac6406,r23∼r39,23,39,동결 근사 복원본
A-pink,spillover,32,284f1811bf50,r23∼r39,23,39,동결 근사 복원본
A-pink,spillover,33,5b9917f4a8dc,r23∼r39,23,39,동결 근사 복원본
A-pink,spillover,34,dadce0e3ea5d,r23∼r39,23,39,동결 근사 복원본
A-pink,spillover,35,ecb7f32bba5e,r23∼r39,23,39,동결 근사 복원본
A-pink,spillover,36,fd37e7185498,r23∼r39,23,39,동결 근사 복원본
A-pink,spillover,37,d10bdd885ee5,r23∼r39,23,39,동결 근사 복원본
A-pink,spillover,38,783a9dfd99e4,r41∼r72,41,72,라이브 코퍼스(스냅샷 이후)
A-pink,spillover,39,72c1f831119b,r41∼r72,41,72,라이브 코퍼스(스냅샷 이후)
A-pink,spillover,40,e9e216171b22,r41∼r72,41,72,라이브 코퍼스(스냅샷 이후)
A-pink,spillover,41,5f404cf53281,r41∼r72,41,72,라이브 코퍼스(스냅샷 이후)
A-pink,spillover,42,beb3d31c4ad3,r41∼r72,41,72,라이브 코퍼스(스냅샷 이후)
A-pink,spillover,43,fb12a7702426,r41∼r72,41,72,라이브 코퍼스(스냅샷 이후)
A-pink,spillover,44,6eef870a6440,r41∼r72,41,72,라이브 코퍼스(스냅샷 이후)
A-pink,spillover,45,0c3a01b0db0e,r41∼r72,41,72,라이브 코퍼스(스냅샷 이후)
A-pink,spillover,46,ba3fcaf8ffb7,r41∼r72,41,72,라이브 코퍼스(스냅샷 이후)
A-pink,spillover,47,01c80b0c9344,r41∼r72,41,72,라이브 코퍼스(스냅샷 이후)
A-pink,spillover,48,1c3265a7d199,r41∼r72,41,72,라이브 코퍼스(스냅샷 이후)
A-pink,spillover,49,bfdf813d4930,r41∼r72,41,72,라이브 코퍼스(스냅샷 이후)
A-pink,spillover,50,78f35e844dec,r41∼r72,41,72,라이브 코퍼스(스냅샷 이후)
A-pink,spillover,51,641bbe3ebfa3,r41∼r72,41,72,라이브 코퍼스(스냅샷 이후)
A-pink,spillover,52,72c4ef2d62b1,r41∼r72,41,72,라이브 코퍼스(스냅샷 이후)
A-pink,spillover,53,89b2c64267e0,r41∼r72,41,72,라이브 코퍼스(스냅샷 이후)
A-pink,spillover,54,ef37c75e44aa,r41∼r72,41,72,라이브 코퍼스(스냅샷 이후)
A-pink,spillover,55,8c3014e2445d,r41∼r72,41,72,라이브 코퍼스(스냅샷 이후)
A-pink,spillover,56,f7182bdc0963,r41∼r72,41,72,라이브 코퍼스(스냅샷 이후)
A-pink,spillover,57,0790aa46b8fb,r41∼r72,41,72,라이브 코퍼스(스냅샷 이후)
A-pink,spillover,58,a92413e59a62,r41∼r72,41,72,라이브 코퍼스(스냅샷 이후)
A-pink,spillover,59,c1b0ae964184,r41∼r72,41,72,라이브 코퍼스(스냅샷 이후)
QWER,loyalty,0,8ef8b4066ef4,≤r13,1,13,r13 스냅샷
QWER,loyalty,1,39cfc138e2bb,≤r13,1,13,r13 스냅샷
QWER,loyalty,2,60f6e3d8c86e,≤r13,1,13,r13 스냅샷
QWER,loyalty,3,789d3557ae8e,≤r13,1,13,r13 스냅샷
QWER,loyalty,4,40e4de7906da,≤r13,1,13,r13 스냅샷
QWER,loyalty,5,79b7e253e291,≤r13,1,13,r13 스냅샷
QWER,loyalty,6,f0de53e59d95,≤r13,1,13,r13 스냅샷
QWER,loyalty,7,ae33074aa473,≤r13,1,13,r13 스냅샷
QWER,loyalty,8,226b083b4092,≤r13,1,13,r13 스냅샷
QWER,loyalty,9,f71be233c632,≤r13,1,13,r13 스냅샷
QWER,loyalty,10,340fdc40a6aa,≤r13,1,13,r13 스냅샷
QWER,loyalty,11,403515ae1655,≤r13,1,13,r13 스냅샷
QWER,loyalty,12,50fd4d612419,≤r13,1,13,r13 스냅샷
QWER,loyalty,13,18686c3ce4dd,≤r13,1,13,r13 스냅샷
QWER,loyalty,14,5fe13453d451,≤r13,1,13,r13 스냅샷
QWER,loyalty,15,cefee555a1cf,≤r13,1,13,r13 스냅샷
QWER,loyalty,16,8e4c23082683,≤r13,1,13,r13 스냅샷
QWER,loyalty,17,2a3be53363f1,≤r13,1,13,r13 스냅샷
QWER,loyalty,18,d9c888b641e7,≤r13,1,13,r13 스냅샷
QWER,loyalty,19,aec6060f84aa,≤r13,1,13,r13 스냅샷
QWER,loyalty,20,f7cca463200c,≤r13,1,13,r13 스냅샷
QWER,loyalty,21,772998c184fa,≤r13,1,13,r13 스냅샷
QWER,loyalty,22,c4654f94c62c,r14∼r22,14,22,r22 백업
QWER,loyalty,23,93fa82630928,r14∼r22,14,22,r22 백업
QWER,loyalty,24,eb5a30f3d7db,r14∼r22,14,22,r22 백업
QWER,loyalty,25,50d8c04fc63f,r14∼r22,14,22,r22 백업
QWER,loyalty,26,4a55739f9f4f,r14∼r22,14,22,r22 백업
QWER,loyalty,27,26aefcd8485d,r14∼r22,14,22,r22 백업
QWER,loyalty,28,2f0e5753313f,r14∼r22,14,22,r22 백업
QWER,loyalty,29,de7252fcbfce,r23∼r39,23,39,동결 근사 복원본
QWER,loyalty,30,0d5857795bcd,r41∼r72,41,72,라이브 코퍼스(스냅샷 이후)
QWER,loyalty,31,3863b4e288ec,r41∼r72,41,72,라이브 코퍼스(스냅샷 이후)
QWER,loyalty,32,55760f6496d0,r41∼r72,41,72,라이브 코퍼스(스냅샷 이후)
QWER,loyalty,33,286ec77d75a7,r41∼r72,41,72,라이브 코퍼스(스냅샷 이후)
QWER,loyalty,34,e93978f2630f,r41∼r72,41,72,라이브 코퍼스(스냅샷 이후)
QWER,loyalty,35,b9ebfeaadd39,r41∼r72,41,72,라이브 코퍼스(스냅샷 이후)
QWER,loyalty,36,1164e7396ac1,r41∼r72,41,72,라이브 코퍼스(스냅샷 이후)
QWER,loyalty,37,84253647d668,r41∼r72,41,72,라이브 코퍼스(스냅샷 이후)
QWER,loyalty,38,c0f85543c762,r41∼r72,41,72,라이브 코퍼스(스냅샷 이후)
QWER,spillover,0,ea1225602c2b,≤r13,1,13,r13 스냅샷
QWER,spillover,1,88c08afde704,≤r13,1,13,r13 스냅샷
QWER,spillover,2,f73abf6f1b8f,≤r13,1,13,r13 스냅샷
QWER,spillover,3,ddaca9b4c0b0,≤r13,1,13,r13 스냅샷
QWER,spillover,4,d225509d7af7,≤r13,1,13,r13 스냅샷
QWER,spillover,5,2b948790be83,≤r13,1,13,r13 스냅샷
QWER,spillover,6,8375ed51a546,≤r13,1,13,r13 스냅샷
QWER,spillover,7,6701bcd4d761,≤r13,1,13,r13 스냅샷
QWER,spillover,8,f2374bec7c2c,≤r13,1,13,r13 스냅샷
QWER,spillover,9,cf1dbaf19fe2,≤r13,1,13,r13 스냅샷
QWER,spillover,10,127d88478c9a,≤r13,1,13,r13 스냅샷
QWER,spillover,11,3f6275340c90,≤r13,1,13,r13 스냅샷
QWER,spillover,12,089bcd2d7c64,≤r13,1,13,r13 스냅샷
QWER,spillover,13,ea5caf52b24a,≤r13,1,13,r13 스냅샷
QWER,spillover,14,c7e60cbdbfa8,≤r13,1,13,r13 스냅샷
QWER,spillover,15,24089e750b76,≤r13,1,13,r13 스냅샷
QWER,spillover,16,a9a053ab6979,≤r13,1,13,r13 스냅샷
QWER,spillover,17,32ef30bf3ac1,≤r13,1,13,r13 스냅샷
QWER,spillover,18,cd4da4a49bd1,≤r13,1,13,r13 스냅샷
QWER,spillover,19,3e54f88e7492,≤r13,1,13,r13 스냅샷
QWER,spillover,20,5f9eb8177f92,≤r13,1,13,r13 스냅샷
QWER,spillover,21,3ecfa516a8c1,≤r13,1,13,r13 스냅샷
QWER,spillover,22,d7a654d27590,≤r13,1,13,r13 스냅샷
QWER,spillover,23,19bd2e948316,≤r13,1,13,r13 스냅샷
QWER,spillover,24,ba10414359a7,≤r13,1,13,r13 스냅샷
QWER,spillover,25,c23b445c4038,r14∼r22,14,22,r22 백업
QWER,spillover,26,9303ae27e755,r14∼r22,14,22,r22 백업
QWER,spillover,27,93ccd8e76415,r14∼r22,14,22,r22 백업
QWER,spillover,28,4635af7d7a5f,r23∼r39,23,39,동결 근사 복원본
QWER,spillover,29,8f0199f727c2,r23∼r39,23,39,동결 근사 복원본
QWER,spillover,30,31548cabadbe,r23∼r39,23,39,동결 근사 복원본
QWER,spillover,31,c03e7c5ce338,r23∼r39,23,39,동결 근사 복원본
QWER,spillover,32,bc7e4e834a56,r23∼r39,23,39,동결 근사 복원본
QWER,spillover,33,33bdacea91fb,r23∼r39,23,39,동결 근사 복원본
QWER,spillover,34,18d9f20e480b,r23∼r39,23,39,동결 근사 복원본
QWER,spillover,35,22c7dd14e101,r23∼r39,23,39,동결 근사 복원본
QWER,spillover,36,419c70d7c1e1,r23∼r39,23,39,동결 근사 복원본
QWER,spillover,37,a1278c38ba68,r23∼r39,23,39,동결 근사 복원본
QWER,spillover,38,59d386a64638,r23∼r39,23,39,동결 근사 복원본
QWER,spillover,39,42d546a47c79,r41∼r72,41,72,라이브 코퍼스(스냅샷 이후)
QWER,spillover,40,7dc912bf5298,r41∼r72,41,72,라이브 코퍼스(스냅샷 이후)
QWER,spillover,41,e9356b126fea,r41∼r72,41,72,라이브 코퍼스(스냅샷 이후)
QWER,spillover,42,7ec7b7e93483,r41∼r72,41,72,라이브 코퍼스(스냅샷 이후)
QWER,spillover,43,84559b81018d,r41∼r72,41,72,라이브 코퍼스(스냅샷 이후)
QWER,spillover,44,791e9a570a11,r41∼r72,41,72,라이브 코퍼스(스냅샷 이후)
QWER,spillover,45,471f2d3e39a2,r41∼r72,41,72,라이브 코퍼스(스냅샷 이후)
QWER,spillover,46,079ad3af99a5,r41∼r72,41,72,라이브 코퍼스(스냅샷 이후)
QWER,spillover,47,bf6b4440f01e,r41∼r72,41,72,라이브 코퍼스(스냅샷 이후)
QWER,spillover,48,5fdaa73b58f8,r41∼r72,41,72,라이브 코퍼스(스냅샷 이후)
QWER,spillover,49,ed58982536b0,r41∼r72,41,72,라이브 코퍼스(스냅샷 이후)
QWER,spillover,50,754506bba2ad,r41∼r72,41,72,라이브 코퍼스(스냅샷 이후)
QWER,spillover,51,304ffa3fd5e9,r41∼r72,41,72,라이브 코퍼스(스냅샷 이후)
QWER,spillover,52,53e54a2c86f2,r41∼r72,41,72,라이브 코퍼스(스냅샷 이후)
QWER,spillover,53,ea1928a0bd33,r41∼r72,41,72,라이브 코퍼스(스냅샷 이후)
QWER,spillover,54,8c6735843256,r41∼r72,41,72,라이브 코퍼스(스냅샷 이후)
QWER,spillover,55,d5e4e5c489a1,r41∼r72,41,72,라이브 코퍼스(스냅샷 이후)
QWER,spillover,56,eee73d599582,r41∼r72,41,72,라이브 코퍼스(스냅샷 이후)
QWER,spillover,57,8ddabdf395ea,r41∼r72,41,72,라이브 코퍼스(스냅샷 이후)
QWER,spillover,58,19c9ec1986a5,r41∼r72,41,72,라이브 코퍼스(스냅샷 이후)
QWER,spillover,59,015adce4aef3,r41∼r72,41,72,라이브 코퍼스(스냅샷 이후)
QWER,spillover,60,05ea78cca746,r41∼r72,41,72,라이브 코퍼스(스냅샷 이후)
QWER,spillover,61,4cde016b5ae9,r41∼r72,41,72,라이브 코퍼스(스냅샷 이후)
QWER,spillover,62,50d314a4ce66,r41∼r72,41,72,라이브 코퍼스(스냅샷 이후)
QWER,spillover,63,dac924b7dfc9,r41∼r72,41,72,라이브 코퍼스(스냅샷 이후)
BABYMONSTER,loyalty,0,39237e24168f,≤r13,1,13,r13 스냅샷
BABYMONSTER,loyalty,1,17f5f411766c,≤r13,1,13,r13 스냅샷
BABYMONSTER,loyalty,2,db75b1d78eed,≤r13,1,13,r13 스냅샷
BABYMONSTER,loyalty,3,195c883c132a,≤r13,1,13,r13 스냅샷
BABYMONSTER,loyalty,4,22ac7f735e36,≤r13,1,13,r13 스냅샷
BABYMONSTER,loyalty,5,7c5ab2f0b7d0,≤r13,1,13,r13 스냅샷
BABYMONSTER,loyalty,6,4e4334136f00,≤r13,1,13,r13 스냅샷
BABYMONSTER,loyalty,7,0c6ce9d05efb,≤r13,1,13,r13 스냅샷
BABYMONSTER,loyalty,8,f94b8008937d,≤r13,1,13,r13 스냅샷
BABYMONSTER,loyalty,9,cd892a341126,≤r13,1,13,r13 스냅샷
BABYMONSTER,loyalty,10,a656bb629356,≤r13,1,13,r13 스냅샷
BABYMONSTER,loyalty,11,99f390dafedb,≤r13,1,13,r13 스냅샷
BABYMONSTER,loyalty,12,84f8a2bb59a9,≤r13,1,13,r13 스냅샷
BABYMONSTER,loyalty,13,3c9ea5583481,≤r13,1,13,r13 스냅샷
BABYMONSTER,loyalty,14,1a2a06294a93,≤r13,1,13,r13 스냅샷
BABYMONSTER,loyalty,15,a688f3f030e7,≤r13,1,13,r13 스냅샷
BABYMONSTER,loyalty,16,002aed099d67,≤r13,1,13,r13 스냅샷
BABYMONSTER,loyalty,17,780fe01c4fdc,≤r13,1,13,r13 스냅샷
BABYMONSTER,loyalty,18,f229aeb569b6,≤r13,1,13,r13 스냅샷
BABYMONSTER,loyalty,19,c8e00ea07e1d,≤r13,1,13,r13 스냅샷
BABYMONSTER,loyalty,20,a8aaacf5eb54,≤r13,1,13,r13 스냅샷
BABYMONSTER,loyalty,21,671677efe931,≤r13,1,13,r13 스냅샷
BABYMONSTER,loyalty,22,fc20f044b409,≤r13,1,13,r13 스냅샷
BABYMONSTER,loyalty,23,a9c3f5930c1d,≤r13,1,13,r13 스냅샷
BABYMONSTER,loyalty,24,9f78b8147398,≤r13,1,13,r13 스냅샷
BABYMONSTER,loyalty,25,7d6785b974af,≤r13,1,13,r13 스냅샷
BABYMONSTER,loyalty,26,e454e99fcf10,≤r13,1,13,r13 스냅샷
BABYMONSTER,loyalty,27,ac397a5d7ccf,≤r13,1,13,r13 스냅샷
BABYMONSTER,loyalty,28,9f5e1f46418b,≤r13,1,13,r13 스냅샷
BABYMONSTER,loyalty,29,567cd0e19976,≤r13,1,13,r13 스냅샷
BABYMONSTER,loyalty,30,d6f9d159666b,≤r13,1,13,r13 스냅샷
BABYMONSTER,loyalty,31,b837d8c673de,≤r13,1,13,r13 스냅샷
BABYMONSTER,loyalty,32,760ba913436f,≤r13,1,13,r13 스냅샷
BABYMONSTER,loyalty,33,cb7ada072f4d,≤r13,1,13,r13 스냅샷
BABYMONSTER,loyalty,34,dc073982c526,≤r13,1,13,r13 스냅샷
BABYMONSTER,loyalty,35,cc461aed913f,≤r13,1,13,r13 스냅샷
BABYMONSTER,loyalty,36,4b5d36ffe3c4,≤r13,1,13,r13 스냅샷
BABYMONSTER,loyalty,37,3de3825112dd,≤r13,1,13,r13 스냅샷
BABYMONSTER,loyalty,38,a391c17270cf,≤r13,1,13,r13 스냅샷
BABYMONSTER,loyalty,39,3c875fe9e532,r14∼r22,14,22,r22 백업
BABYMONSTER,loyalty,40,6810d417929c,r14∼r22,14,22,r22 백업
BABYMONSTER,loyalty,41,fbecbdb2f66b,r23∼r39,23,39,동결 근사 복원본
BABYMONSTER,loyalty,42,c0d14345fd00,r23∼r39,23,39,동결 근사 복원본
BABYMONSTER,loyalty,43,832c0c559b3b,r23∼r39,23,39,동결 근사 복원본
BABYMONSTER,loyalty,44,987ca54c7cf4,r23∼r39,23,39,동결 근사 복원본
BABYMONSTER,loyalty,45,80b8d04920b5,r41∼r72,41,72,라이브 코퍼스(스냅샷 이후)
BABYMONSTER,loyalty,46,6bc1d8c91d15,r41∼r72,41,72,라이브 코퍼스(스냅샷 이후)
BABYMONSTER,loyalty,47,3c5185d2c3a2,r41∼r72,41,72,라이브 코퍼스(스냅샷 이후)
BABYMONSTER,loyalty,48,9db40dbc6068,r41∼r72,41,72,라이브 코퍼스(스냅샷 이후)
BABYMONSTER,loyalty,49,62d33b58ea28,r41∼r72,41,72,라이브 코퍼스(스냅샷 이후)
BABYMONSTER,loyalty,50,dd32d3c5927c,r41∼r72,41,72,라이브 코퍼스(스냅샷 이후)
BABYMONSTER,loyalty,51,c309478476e6,r41∼r72,41,72,라이브 코퍼스(스냅샷 이후)
BABYMONSTER,loyalty,52,dca2176c791e,r41∼r72,41,72,라이브 코퍼스(스냅샷 이후)
BABYMONSTER,loyalty,53,6bdccc637f8d,r41∼r72,41,72,라이브 코퍼스(스냅샷 이후)
BABYMONSTER,loyalty,54,1a951447ad9a,r41∼r72,41,72,라이브 코퍼스(스냅샷 이후)
BABYMONSTER,spillover,0,30018d0bed76,≤r13,1,13,r13 스냅샷
BABYMONSTER,spillover,1,f57a4d4775a6,≤r13,1,13,r13 스냅샷
BABYMONSTER,spillover,2,144f07f8557f,≤r13,1,13,r13 스냅샷
BABYMONSTER,spillover,3,82da193b9451,≤r13,1,13,r13 스냅샷
BABYMONSTER,spillover,4,f32adf9968f4,≤r13,1,13,r13 스냅샷
BABYMONSTER,spillover,5,f6782c5ac721,≤r13,1,13,r13 스냅샷
BABYMONSTER,spillover,6,6ab1d2818dc2,≤r13,1,13,r13 스냅샷
BABYMONSTER,spillover,7,ecbca06af166,≤r13,1,13,r13 스냅샷
BABYMONSTER,spillover,8,26027e40b547,≤r13,1,13,r13 스냅샷
BABYMONSTER,spillover,9,2feb9d2817ce,≤r13,1,13,r13 스냅샷
BABYMONSTER,spillover,10,3ada2e4f9ae5,≤r13,1,13,r13 스냅샷
BABYMONSTER,spillover,11,8e55876beea7,≤r13,1,13,r13 스냅샷
BABYMONSTER,spillover,12,d94e4bae13d9,≤r13,1,13,r13 스냅샷
BABYMONSTER,spillover,13,c502a370d09e,≤r13,1,13,r13 스냅샷
BABYMONSTER,spillover,14,b06d032a1af9,≤r13,1,13,r13 스냅샷
BABYMONSTER,spillover,15,14bcc9b16238,≤r13,1,13,r13 스냅샷
BABYMONSTER,spillover,16,9db62ce5ac5a,≤r13,1,13,r13 스냅샷
BABYMONSTER,spillover,17,25ef98804b18,≤r13,1,13,r13 스냅샷
BABYMONSTER,spillover,18,5948138cd6ee,≤r13,1,13,r13 스냅샷
BABYMONSTER,spillover,19,5902cbcb64e5,≤r13,1,13,r13 스냅샷
BABYMONSTER,spillover,20,42c19f689fd0,≤r13,1,13,r13 스냅샷
BABYMONSTER,spillover,21,f37314b67d06,≤r13,1,13,r13 스냅샷
BABYMONSTER,spillover,22,241062529cd3,≤r13,1,13,r13 스냅샷
BABYMONSTER,spillover,23,ebc302c051d4,≤r13,1,13,r13 스냅샷
BABYMONSTER,spillover,24,df2e06d517bd,≤r13,1,13,r13 스냅샷
BABYMONSTER,spillover,25,20846769b350,≤r13,1,13,r13 스냅샷
BABYMONSTER,spillover,26,c22ae4b42ad8,≤r13,1,13,r13 스냅샷
BABYMONSTER,spillover,27,919a2903a196,≤r13,1,13,r13 스냅샷
BABYMONSTER,spillover,28,667007ec9b90,≤r13,1,13,r13 스냅샷
BABYMONSTER,spillover,29,690b8d2859af,≤r13,1,13,r13 스냅샷
BABYMONSTER,spillover,30,23ad1b18fb2f,≤r13,1,13,r13 스냅샷
BABYMONSTER,spillover,31,1588e65ce777,≤r13,1,13,r13 스냅샷
BABYMONSTER,spillover,32,e20cbd0d80aa,≤r13,1,13,r13 스냅샷
BABYMONSTER,spillover,33,50398b7e2bba,≤r13,1,13,r13 스냅샷
BABYMONSTER,spillover,34,d06056b6464c,≤r13,1,13,r13 스냅샷
BABYMONSTER,spillover,35,bb51d6c20df4,≤r13,1,13,r13 스냅샷
BABYMONSTER,spillover,36,493d9fb02a19,≤r13,1,13,r13 스냅샷
BABYMONSTER,spillover,37,1a70ff632b22,≤r13,1,13,r13 스냅샷
BABYMONSTER,spillover,38,1a061b3fc0fd,≤r13,1,13,r13 스냅샷
BABYMONSTER,spillover,39,2eea93c39c33,r23∼r39,23,39,동결 근사 복원본
BABYMONSTER,spillover,40,8d3bb10af7b8,r23∼r39,23,39,동결 근사 복원본
BABYMONSTER,spillover,41,950717215ebe,r23∼r39,23,39,동결 근사 복원본
BABYMONSTER,spillover,42,a31f3e861ffe,r23∼r39,23,39,동결 근사 복원본
BABYMONSTER,spillover,43,c0d3126933ab,r23∼r39,23,39,동결 근사 복원본
BABYMONSTER,spillover,44,e0d66b725857,r23∼r39,23,39,동결 근사 복원본
BABYMONSTER,spillover,45,804260748e8d,r23∼r39,23,39,동결 근사 복원본
BABYMONSTER,spillover,46,38a4d8754c17,r23∼r39,23,39,동결 근사 복원본
BABYMONSTER,spillover,47,465f6e5eaa20,r23∼r39,23,39,동결 근사 복원본
BABYMONSTER,spillover,48,719805e9ce62,r23∼r39,23,39,동결 근사 복원본
BABYMONSTER,spillover,49,3e1cf65b215c,r23∼r39,23,39,동결 근사 복원본
BABYMONSTER,spillover,50,32a72eb4ceba,r23∼r39,23,39,동결 근사 복원본
BABYMONSTER,spillover,51,955424c53647,r23∼r39,23,39,동결 근사 복원본
BABYMONSTER,spillover,52,7d8e76a7f015,r41∼r72,41,72,라이브 코퍼스(스냅샷 이후)
BABYMONSTER,spillover,53,40f0007c3b95,r41∼r72,41,72,라이브 코퍼스(스냅샷 이후)
BABYMONSTER,spillover,54,e4e5850d1da6,r41∼r72,41,72,라이브 코퍼스(스냅샷 이후)
BABYMONSTER,spillover,55,0f6b6a0a7d90,r41∼r72,41,72,라이브 코퍼스(스냅샷 이후)
BABYMONSTER,spillover,56,fbaa4bd2e8be,r41∼r72,41,72,라이브 코퍼스(스냅샷 이후)
BABYMONSTER,spillover,57,e25ffe9be8b7,r41∼r72,41,72,라이브 코퍼스(스냅샷 이후)
BABYMONSTER,spillover,58,7a9388096261,r41∼r72,41,72,라이브 코퍼스(스냅샷 이후)
BABYMONSTER,spillover,59,a9911881a945,r41∼r72,41,72,라이브 코퍼스(스냅샷 이후)
BABYMONSTER,spillover,60,11e7459678c3,r41∼r72,41,72,라이브 코퍼스(스냅샷 이후)
BABYMONSTER,spillover,61,99b4be58392c,r41∼r72,41,72,라이브 코퍼스(스냅샷 이후)
BABYMONSTER,spillover,62,0a24775579a8,r41∼r72,41,72,라이브 코퍼스(스냅샷 이후)
BABYMONSTER,spillover,63,4f2676e73b59,r41∼r72,41,72,라이브 코퍼스(스냅샷 이후)
BABYMONSTER,spillover,64,c5c2ff16ae28,r41∼r72,41,72,라이브 코퍼스(스냅샷 이후)
BABYMONSTER,spillover,65,03f90fccd892,r41∼r72,41,72,라이브 코퍼스(스냅샷 이후)
BABYMONSTER,spillover,66,42fd291d887a,r41∼r72,41,72,라이브 코퍼스(스냅샷 이후)
BABYMONSTER,spillover,67,5b142aa8d16e,r41∼r72,41,72,라이브 코퍼스(스냅샷 이후)
BABYMONSTER,spillover,68,bb9bfeab7ca9,r41∼r72,41,72,라이브 코퍼스(스냅샷 이후)
BABYMONSTER,spillover,69,d8d2543833f0,r41∼r72,41,72,라이브 코퍼스(스냅샷 이후)
BABYMONSTER,spillover,70,32952d12275a,r41∼r72,41,72,라이브 코퍼스(스냅샷 이후)
BABYMONSTER,spillover,71,d03219db5981,r41∼r72,41,72,라이브 코퍼스(스냅샷 이후)
BABYMONSTER,spillover,72,cd714ed92536,r41∼r72,41,72,라이브 코퍼스(스냅샷 이후)
BABYMONSTER,spillover,73,a0f0b39a3f84,r41∼r72,41,72,라이브 코퍼스(스냅샷 이후)
BABYMONSTER,spillover,74,d0158895779e,r41∼r72,41,72,라이브 코퍼스(스냅샷 이후)
BABYMONSTER,spillover,75,4a5a81675fd7,r41∼r72,41,72,라이브 코퍼스(스냅샷 이후)
BABYMONSTER,spillover,76,ee59d4efb815,r41∼r72,41,72,라이브 코퍼스(스냅샷 이후)
소녀시대,loyalty,0,4acf7905ae44,≤r13,1,13,r13 스냅샷
소녀시대,loyalty,1,c6e1c5936792,≤r13,1,13,r13 스냅샷
소녀시대,loyalty,2,a5c421d009c3,≤r13,1,13,r13 스냅샷
소녀시대,loyalty,3,88aa58e68b82,≤r13,1,13,r13 스냅샷
소녀시대,loyalty,4,4dfa42d8d553,≤r13,1,13,r13 스냅샷
소녀시대,loyalty,5,7039955a6b79,≤r13,1,13,r13 스냅샷
소녀시대,loyalty,6,bc28d3224b11,≤r13,1,13,r13 스냅샷
소녀시대,loyalty,7,4a702c965ddd,≤r13,1,13,r13 스냅샷
소녀시대,loyalty,8,836375d8f083,≤r13,1,13,r13 스냅샷
소녀시대,loyalty,9,ee27ffee26ed,≤r13,1,13,r13 스냅샷
소녀시대,loyalty,10,fa298afa77ac,≤r13,1,13,r13 스냅샷
소녀시대,loyalty,11,097466f967a0,≤r13,1,13,r13 스냅샷
소녀시대,loyalty,12,4b8c3d313059,≤r13,1,13,r13 스냅샷
소녀시대,loyalty,13,896680b8617e,≤r13,1,13,r13 스냅샷
소녀시대,loyalty,14,41b762bdf293,≤r13,1,13,r13 스냅샷
소녀시대,loyalty,15,44b6c57dc481,≤r13,1,13,r13 스냅샷
소녀시대,loyalty,16,33e63e2c11c3,≤r13,1,13,r13 스냅샷
소녀시대,loyalty,17,7282bd58883c,≤r13,1,13,r13 스냅샷
소녀시대,loyalty,18,23ae6186a6af,≤r13,1,13,r13 스냅샷
소녀시대,loyalty,19,a03053742971,≤r13,1,13,r13 스냅샷
소녀시대,loyalty,20,b3292a8f7870,≤r13,1,13,r13 스냅샷
소녀시대,loyalty,21,e5ba8199c816,≤r13,1,13,r13 스냅샷
소녀시대,loyalty,22,9240454fd342,r23∼r39,23,39,동결 근사 복원본
소녀시대,loyalty,23,1d580607b49c,r23∼r39,23,39,동결 근사 복원본
소녀시대,loyalty,24,9571e055c24b,r23∼r39,23,39,동결 근사 복원본
소녀시대,loyalty,25,5fe3a0312821,r41∼r72,41,72,라이브 코퍼스(스냅샷 이후)
소녀시대,loyalty,26,b33e458afeb2,r41∼r72,41,72,라이브 코퍼스(스냅샷 이후)
소녀시대,loyalty,27,0600de32cf3d,r41∼r72,41,72,라이브 코퍼스(스냅샷 이후)
소녀시대,loyalty,28,11ea19fc4e71,r41∼r72,41,72,라이브 코퍼스(스냅샷 이후)
소녀시대,loyalty,29,653f14ef4043,r41∼r72,41,72,라이브 코퍼스(스냅샷 이후)
소녀시대,loyalty,30,e7693c1882fb,r41∼r72,41,72,라이브 코퍼스(스냅샷 이후)
소녀시대,loyalty,31,a186ac568fd7,r41∼r72,41,72,라이브 코퍼스(스냅샷 이후)
소녀시대,loyalty,32,2bcda2160626,r41∼r72,41,72,라이브 코퍼스(스냅샷 이후)
소녀시대,spillover,0,5bfc80c18243,≤r13,1,13,r13 스냅샷
소녀시대,spillover,1,0625bab244cb,≤r13,1,13,r13 스냅샷
소녀시대,spillover,2,5ae802e96753,≤r13,1,13,r13 스냅샷
소녀시대,spillover,3,86ac5bf7838e,≤r13,1,13,r13 스냅샷
소녀시대,spillover,4,98b191c263bc,≤r13,1,13,r13 스냅샷
소녀시대,spillover,5,f3a0833fe512,≤r13,1,13,r13 스냅샷
소녀시대,spillover,6,5b151f040119,≤r13,1,13,r13 스냅샷
소녀시대,spillover,7,9c5d1ce1357e,≤r13,1,13,r13 스냅샷
소녀시대,spillover,8,549fb1c8a8a8,≤r13,1,13,r13 스냅샷
소녀시대,spillover,9,8025ea616f19,≤r13,1,13,r13 스냅샷
소녀시대,spillover,10,3ed376d918d1,≤r13,1,13,r13 스냅샷
소녀시대,spillover,11,ee64e46d0c80,≤r13,1,13,r13 스냅샷
소녀시대,spillover,12,599ec7c5d965,≤r13,1,13,r13 스냅샷
소녀시대,spillover,13,30ed6340bd8b,≤r13,1,13,r13 스냅샷
소녀시대,spillover,14,b5445c3b9931,≤r13,1,13,r13 스냅샷
소녀시대,spillover,15,85c1ce3a6889,≤r13,1,13,r13 스냅샷
소녀시대,spillover,16,d9fef7d3eb34,≤r13,1,13,r13 스냅샷
소녀시대,spillover,17,c4d8738728bd,≤r13,1,13,r13 스냅샷
소녀시대,spillover,18,1b6d2c21cc60,≤r13,1,13,r13 스냅샷
소녀시대,spillover,19,af93a24c4abf,≤r13,1,13,r13 스냅샷
소녀시대,spillover,20,1bf2b437e209,≤r13,1,13,r13 스냅샷
소녀시대,spillover,21,393d9f61d7d7,≤r13,1,13,r13 스냅샷
소녀시대,spillover,22,dbb93c6b2e0c,≤r13,1,13,r13 스냅샷
소녀시대,spillover,23,b49bf0284e09,≤r13,1,13,r13 스냅샷
소녀시대,spillover,24,fbf1e471c2c1,≤r13,1,13,r13 스냅샷
소녀시대,spillover,25,0b3dde187b53,≤r13,1,13,r13 스냅샷
소녀시대,spillover,26,674124caa7a8,≤r13,1,13,r13 스냅샷
소녀시대,spillover,27,0c1c51ab0f91,≤r13,1,13,r13 스냅샷
소녀시대,spillover,28,0a1305561ec1,≤r13,1,13,r13 스냅샷
소녀시대,spillover,29,e468d84e187a,≤r13,1,13,r13 스냅샷
소녀시대,spillover,30,35d9adef7b9a,r14∼r22,14,22,r22 백업
소녀시대,spillover,31,cb14e5cb016e,r23∼r39,23,39,동결 근사 복원본
소녀시대,spillover,32,a4f2083ece02,r23∼r39,23,39,동결 근사 복원본
소녀시대,spillover,33,05fd4ac5bdb5,r23∼r39,23,39,동결 근사 복원본
소녀시대,spillover,34,fdb998f682a1,r23∼r39,23,39,동결 근사 복원본
소녀시대,spillover,35,39744a2e77b6,r23∼r39,23,39,동결 근사 복원본
소녀시대,spillover,36,e07a7b86bd95,r23∼r39,23,39,동결 근사 복원본
소녀시대,spillover,37,07f07141fa3c,r23∼r39,23,39,동결 근사 복원본
소녀시대,spillover,38,15606617276b,r23∼r39,23,39,동결 근사 복원본
소녀시대,spillover,39,4a862786c02a,r23∼r39,23,39,동결 근사 복원본
소녀시대,spillover,40,1dc7d34b6053,r23∼r39,23,39,동결 근사 복원본
소녀시대,spillover,41,d517ab6d8777,r23∼r39,23,39,동결 근사 복원본
소녀시대,spillover,42,16f0a36ab15c,r23∼r39,23,39,동결 근사 복원본
소녀시대,spillover,43,cdaee71d0a1d,r23∼r39,23,39,동결 근사 복원본
소녀시대,spillover,44,f8569846d1be,r23∼r39,23,39,동결 근사 복원본
소녀시대,spillover,45,c30a6f23e13b,r23∼r39,23,39,동결 근사 복원본
소녀시대,spillover,46,945cc7139d71,r23∼r39,23,39,동결 근사 복원본
소녀시대,spillover,47,387ef5e03eab,r23∼r39,23,39,동결 근사 복원본
소녀시대,spillover,48,7467acbe0031,r23∼r39,23,39,동결 근사 복원본
소녀시대,spillover,49,bf4c5708ddf7,r23∼r39,23,39,동결 근사 복원본
소녀시대,spillover,50,cc306ac964d1,r23∼r39,23,39,동결 근사 복원본
소녀시대,spillover,51,d80acca8df46,r41∼r72,41,72,라이브 코퍼스(스냅샷 이후)
소녀시대,spillover,52,1c9d3ead5168,r41∼r72,41,72,라이브 코퍼스(스냅샷 이후)
소녀시대,spillover,53,247e1a1ace5f,r41∼r72,41,72,라이브 코퍼스(스냅샷 이후)
소녀시대,spillover,54,c37c2ed7dc5b,r41∼r72,41,72,라이브 코퍼스(스냅샷 이후)
소녀시대,spillover,55,032074a03b75,r41∼r72,41,72,라이브 코퍼스(스냅샷 이후)
소녀시대,spillover,56,0f9e89c7c4bd,r41∼r72,41,72,라이브 코퍼스(스냅샷 이후)
소녀시대,spillover,57,1d5384541395,r41∼r72,41,72,라이브 코퍼스(스냅샷 이후)
소녀시대,spillover,58,6f164393d7f4,r41∼r72,41,72,라이브 코퍼스(스냅샷 이후)
소녀시대,spillover,59,a68ff9f0b49c,r41∼r72,41,72,라이브 코퍼스(스냅샷 이후)
소녀시대,spillover,60,e25f045b28d5,r41∼r72,41,72,라이브 코퍼스(스냅샷 이후)
소녀시대,spillover,61,02e4f0cbeecb,r41∼r72,41,72,라이브 코퍼스(스냅샷 이후)
소녀시대,spillover,62,67f5930218c9,r41∼r72,41,72,라이브 코퍼스(스냅샷 이후)
소녀시대,spillover,63,88360cc42b23,r41∼r72,41,72,라이브 코퍼스(스냅샷 이후)
소녀시대,spillover,64,835c227bc30a,r41∼r72,41,72,라이브 코퍼스(스냅샷 이후)
소녀시대,spillover,65,07656c46c500,r41∼r72,41,72,라이브 코퍼스(스냅샷 이후)
소녀시대,spillover,66,31c46b6fa841,r41∼r72,41,72,라이브 코퍼스(스냅샷 이후)
소녀시대,spillover,67,d4d0c9c3392b,r41∼r72,41,72,라이브 코퍼스(스냅샷 이후)
소녀시대,spillover,68,a8494118aaad,r41∼r72,41,72,라이브 코퍼스(스냅샷 이후)
소녀시대,spillover,69,b9b20d49a8cd,r41∼r72,41,72,라이브 코퍼스(스냅샷 이후)
소녀시대,spillover,70,ababd72ddf89,r41∼r72,41,72,라이브 코퍼스(스냅샷 이후)
소녀시대,spillover,71,69c97d1e6deb,r41∼r72,41,72,라이브 코퍼스(스냅샷 이후)
소녀시대,spillover,72,df35eb6fe37b,r41∼r72,41,72,라이브 코퍼스(스냅샷 이후)
소녀시대,spillover,73,e337df89fb5a,r41∼r72,41,72,라이브 코퍼스(스냅샷 이후)
소녀시대,spillover,74,8df57d3a1ceb,r41∼r72,41,72,라이브 코퍼스(스냅샷 이후)
소녀시대,spillover,75,4b6f2e9b4c72,r41∼r72,41,72,라이브 코퍼스(스냅샷 이후)
소녀시대,spillover,76,eafbcc8e7343,r41∼r72,41,72,라이브 코퍼스(스냅샷 이후)
소녀시대,spillover,77,45deb43ac60c,r41∼r72,41,72,라이브 코퍼스(스냅샷 이후)
소녀시대,spillover,78,9ca2ba7d9c43,r41∼r72,41,72,라이브 코퍼스(스냅샷 이후)
소녀시대,spillover,79,9839489ca9b0,r41∼r72,41,72,라이브 코퍼스(스냅샷 이후)
소녀시대,spillover,80,0b8f3e4c5f77,r41∼r72,41,72,라이브 코퍼스(스냅샷 이후)
소녀시대,spillover,81,2f19ee63d375,r41∼r72,41,72,라이브 코퍼스(스냅샷 이후)
소녀시대,spillover,82,ce4d3b216e7a,r41∼r72,41,72,라이브 코퍼스(스냅샷 이후)
소녀시대,spillover,83,bfea9e842eef,r41∼r72,41,72,라이브 코퍼스(스냅샷 이후)
소녀시대,spillover,84,bfa46aca633a,r41∼r72,41,72,라이브 코퍼스(스냅샷 이후)
소녀시대,spillover,85,cefd9f232103,r41∼r72,41,72,라이브 코퍼스(스냅샷 이후)
소녀시대,spillover,86,650d3ebafd69,r41∼r72,41,72,라이브 코퍼스(스냅샷 이후)
소녀시대,spillover,87,a923494fe512,r41∼r72,41,72,라이브 코퍼스(스냅샷 이후)
소녀시대,spillover,88,900f1f1802b8,r41∼r72,41,72,라이브 코퍼스(스냅샷 이후)
오마이걸,loyalty,0,4cdca9545c0a,≤r13,1,13,r13 스냅샷
오마이걸,loyalty,1,a51b21ddb2e1,≤r13,1,13,r13 스냅샷
오마이걸,loyalty,2,73debab8f23e,≤r13,1,13,r13 스냅샷
오마이걸,loyalty,3,773845d6968e,≤r13,1,13,r13 스냅샷
오마이걸,loyalty,4,a83a720f6d23,≤r13,1,13,r13 스냅샷
오마이걸,loyalty,5,ac2bdb3da94e,≤r13,1,13,r13 스냅샷
오마이걸,loyalty,6,1e3444987497,≤r13,1,13,r13 스냅샷
오마이걸,loyalty,7,396ebb258773,≤r13,1,13,r13 스냅샷
오마이걸,loyalty,8,ff11c2e84138,≤r13,1,13,r13 스냅샷
오마이걸,loyalty,9,02e6ddfcf01c,≤r13,1,13,r13 스냅샷
오마이걸,loyalty,10,055d7b068821,≤r13,1,13,r13 스냅샷
오마이걸,loyalty,11,ca9fb3c42080,≤r13,1,13,r13 스냅샷
오마이걸,loyalty,12,ce8adf5d9fb8,≤r13,1,13,r13 스냅샷
오마이걸,loyalty,13,2c3907882f00,≤r13,1,13,r13 스냅샷
오마이걸,loyalty,14,7e7e3b06f878,≤r13,1,13,r13 스냅샷
오마이걸,loyalty,15,d4615437e01b,≤r13,1,13,r13 스냅샷
오마이걸,loyalty,16,f1684bc0d10e,≤r13,1,13,r13 스냅샷
오마이걸,loyalty,17,9b86104b9543,≤r13,1,13,r13 스냅샷
오마이걸,loyalty,18,7b5b54762bd3,≤r13,1,13,r13 스냅샷
오마이걸,loyalty,19,cc82285311b5,≤r13,1,13,r13 스냅샷
오마이걸,loyalty,20,222e1e7fbda6,≤r13,1,13,r13 스냅샷
오마이걸,loyalty,21,a260b9abbf0e,≤r13,1,13,r13 스냅샷
오마이걸,loyalty,22,a7541b699c06,r14∼r22,14,22,r22 백업
오마이걸,loyalty,23,d59c4feb7eac,r14∼r22,14,22,r22 백업
오마이걸,loyalty,24,c2502400521a,r14∼r22,14,22,r22 백업
오마이걸,loyalty,25,7c74feb6707d,r14∼r22,14,22,r22 백업
오마이걸,loyalty,26,241c3d35e087,r23∼r39,23,39,동결 근사 복원본
오마이걸,loyalty,27,1074ef98505b,r23∼r39,23,39,동결 근사 복원본
오마이걸,loyalty,28,b917743221da,r23∼r39,23,39,동결 근사 복원본
오마이걸,loyalty,29,7776fba90055,r41∼r72,41,72,라이브 코퍼스(스냅샷 이후)
오마이걸,loyalty,30,d2efda3fbc8f,r41∼r72,41,72,라이브 코퍼스(스냅샷 이후)
오마이걸,loyalty,31,160a9a36fb09,r41∼r72,41,72,라이브 코퍼스(스냅샷 이후)
오마이걸,loyalty,32,fef02cf28519,r41∼r72,41,72,라이브 코퍼스(스냅샷 이후)
오마이걸,loyalty,33,c46079d35ae8,r41∼r72,41,72,라이브 코퍼스(스냅샷 이후)
오마이걸,spillover,0,7d63461935d4,≤r13,1,13,r13 스냅샷
오마이걸,spillover,1,1cf95a2f790b,≤r13,1,13,r13 스냅샷
오마이걸,spillover,2,f78ef0e964dc,≤r13,1,13,r13 스냅샷
오마이걸,spillover,3,bea6f6cb1301,≤r13,1,13,r13 스냅샷
오마이걸,spillover,4,884dd2734945,≤r13,1,13,r13 스냅샷
오마이걸,spillover,5,ebaaeba49837,≤r13,1,13,r13 스냅샷
오마이걸,spillover,6,d40d09d959af,≤r13,1,13,r13 스냅샷
오마이걸,spillover,7,38f66e3524ad,≤r13,1,13,r13 스냅샷
오마이걸,spillover,8,137ccaf5044c,≤r13,1,13,r13 스냅샷
오마이걸,spillover,9,e7546eebd56a,≤r13,1,13,r13 스냅샷
오마이걸,spillover,10,581c77551dc1,≤r13,1,13,r13 스냅샷
오마이걸,spillover,11,611ade41ef86,≤r13,1,13,r13 스냅샷
오마이걸,spillover,12,3fedc7b9ff5a,≤r13,1,13,r13 스냅샷
오마이걸,spillover,13,beb992820249,≤r13,1,13,r13 스냅샷
오마이걸,spillover,14,42a726286f12,≤r13,1,13,r13 스냅샷
오마이걸,spillover,15,c55300f35e71,≤r13,1,13,r13 스냅샷
오마이걸,spillover,16,2775239d336c,≤r13,1,13,r13 스냅샷
오마이걸,spillover,17,16ed025b8283,≤r13,1,13,r13 스냅샷
오마이걸,spillover,18,aa81b48fd6c5,≤r13,1,13,r13 스냅샷
오마이걸,spillover,19,a4e9c0914e47,≤r13,1,13,r13 스냅샷
오마이걸,spillover,20,703bd4425094,≤r13,1,13,r13 스냅샷
오마이걸,spillover,21,011065eefa2d,≤r13,1,13,r13 스냅샷
오마이걸,spillover,22,c160cda92ab4,r14∼r22,14,22,r22 백업
오마이걸,spillover,23,3ae587060d01,r14∼r22,14,22,r22 백업
오마이걸,spillover,24,ab068abac5c3,r14∼r22,14,22,r22 백업
오마이걸,spillover,25,767bbdf8bd61,r14∼r22,14,22,r22 백업
오마이걸,spillover,26,78db54a98bb7,r14∼r22,14,22,r22 백업
오마이걸,spillover,27,76bf3d8eb9f9,r23∼r39,23,39,동결 근사 복원본
오마이걸,spillover,28,475480b6d80c,r23∼r39,23,39,동결 근사 복원본
오마이걸,spillover,29,90cebef485ef,r23∼r39,23,39,동결 근사 복원본
오마이걸,spillover,30,2c115b8e1b28,r23∼r39,23,39,동결 근사 복원본
오마이걸,spillover,31,4662b901885a,r23∼r39,23,39,동결 근사 복원본
오마이걸,spillover,32,28c6aedd5f16,r23∼r39,23,39,동결 근사 복원본
오마이걸,spillover,33,a48cbdfb3775,r23∼r39,23,39,동결 근사 복원본
오마이걸,spillover,34,1246216ab3b7,r23∼r39,23,39,동결 근사 복원본
오마이걸,spillover,35,b34eb396f8c9,r23∼r39,23,39,동결 근사 복원본
오마이걸,spillover,36,902e8fd4a206,r23∼r39,23,39,동결 근사 복원본
오마이걸,spillover,37,f6f81801fa7f,r23∼r39,23,39,동결 근사 복원본
오마이걸,spillover,38,b6f3bc3a4a76,r23∼r39,23,39,동결 근사 복원본
오마이걸,spillover,39,0132ff96441f,r23∼r39,23,39,동결 근사 복원본
오마이걸,spillover,40,4a63bf645bee,r23∼r39,23,39,동결 근사 복원본
오마이걸,spillover,41,f51097bb82f1,r23∼r39,23,39,동결 근사 복원본
오마이걸,spillover,42,bbc97ba4a802,r23∼r39,23,39,동결 근사 복원본
오마이걸,spillover,43,e09543795d93,r23∼r39,23,39,동결 근사 복원본
오마이걸,spillover,44,a614ff22484f,r23∼r39,23,39,동결 근사 복원본
오마이걸,spillover,45,a60916c61513,r23∼r39,23,39,동결 근사 복원본
오마이걸,spillover,46,f08c208c72fb,r41∼r72,41,72,라이브 코퍼스(스냅샷 이후)
오마이걸,spillover,47,850042cde9ad,r41∼r72,41,72,라이브 코퍼스(스냅샷 이후)
오마이걸,spillover,48,7936a4daf87e,r41∼r72,41,72,라이브 코퍼스(스냅샷 이후)
오마이걸,spillover,49,a308d4c345b7,r41∼r72,41,72,라이브 코퍼스(스냅샷 이후)
오마이걸,spillover,50,a9a843ce9f97,r41∼r72,41,72,라이브 코퍼스(스냅샷 이후)
오마이걸,spillover,51,9331e14a0bf5,r41∼r72,41,72,라이브 코퍼스(스냅샷 이후)
오마이걸,spillover,52,e847699b6de3,r41∼r72,41,72,라이브 코퍼스(스냅샷 이후)
오마이걸,spillover,53,13e5ee100910,r41∼r72,41,72,라이브 코퍼스(스냅샷 이후)
오마이걸,spillover,54,19c4517fd02d,r41∼r72,41,72,라이브 코퍼스(스냅샷 이후)
오마이걸,spillover,55,45ed62fa3aa7,r41∼r72,41,72,라이브 코퍼스(스냅샷 이후)
오마이걸,spillover,56,d43b9db71eb5,r41∼r72,41,72,라이브 코퍼스(스냅샷 이후)
오마이걸,spillover,57,2a4a0b266705,r41∼r72,41,72,라이브 코퍼스(스냅샷 이후)
오마이걸,spillover,58,2d2e287874e8,r41∼r72,41,72,라이브 코퍼스(스냅샷 이후)
오마이걸,spillover,59,54ea43d32631,r41∼r72,41,72,라이브 코퍼스(스냅샷 이후)
오마이걸,spillover,60,4a3e4a3151bf,r41∼r72,41,72,라이브 코퍼스(스냅샷 이후)
오마이걸,spillover,61,e1e61f47e518,r41∼r72,41,72,라이브 코퍼스(스냅샷 이후)
오마이걸,spillover,62,b7e7a760f2d9,r41∼r72,41,72,라이브 코퍼스(스냅샷 이후)
오마이걸,spillover,63,bf09b10109bd,r41∼r72,41,72,라이브 코퍼스(스냅샷 이후)
여자친구,loyalty,0,685fcd1addde,≤r13,1,13,r13 스냅샷
여자친구,loyalty,1,f4ba4c65e7c9,≤r13,1,13,r13 스냅샷
여자친구,loyalty,2,97a3eb3639ce,≤r13,1,13,r13 스냅샷
여자친구,loyalty,3,28f401fbecae,≤r13,1,13,r13 스냅샷
여자친구,loyalty,4,b32ef2dc6fd9,≤r13,1,13,r13 스냅샷
여자친구,loyalty,5,d7c7918fcca3,≤r13,1,13,r13 스냅샷
여자친구,loyalty,6,fe5eeb032038,≤r13,1,13,r13 스냅샷
여자친구,loyalty,7,8443f43f7b9b,≤r13,1,13,r13 스냅샷
여자친구,loyalty,8,703592b17204,≤r13,1,13,r13 스냅샷
여자친구,loyalty,9,0d413d74a1dc,≤r13,1,13,r13 스냅샷
여자친구,loyalty,10,1b74d1658333,≤r13,1,13,r13 스냅샷
여자친구,loyalty,11,91a1dcc9daec,≤r13,1,13,r13 스냅샷
여자친구,loyalty,12,75ca39b6faa3,≤r13,1,13,r13 스냅샷
여자친구,loyalty,13,de4454438d96,≤r13,1,13,r13 스냅샷
여자친구,loyalty,14,c37a272b1209,≤r13,1,13,r13 스냅샷
여자친구,loyalty,15,1246b01d0294,≤r13,1,13,r13 스냅샷
여자친구,loyalty,16,92188fbf2b65,≤r13,1,13,r13 스냅샷
여자친구,loyalty,17,8790d36ac9e8,≤r13,1,13,r13 스냅샷
여자친구,loyalty,18,37491b29ac25,≤r13,1,13,r13 스냅샷
여자친구,loyalty,19,9a727611057d,≤r13,1,13,r13 스냅샷
여자친구,loyalty,20,bb33163a68ab,≤r13,1,13,r13 스냅샷
여자친구,loyalty,21,7ffdb1a74b27,r14∼r22,14,22,r22 백업
여자친구,loyalty,22,dc2b685b4aba,r14∼r22,14,22,r22 백업
여자친구,loyalty,23,259b7eb7d9c9,r14∼r22,14,22,r22 백업
여자친구,loyalty,24,8c401d65dfe3,r14∼r22,14,22,r22 백업
여자친구,loyalty,25,5d19fbd03004,r14∼r22,14,22,r22 백업
여자친구,loyalty,26,120cdcb6080b,r14∼r22,14,22,r22 백업
여자친구,loyalty,27,5717dedec95d,r14∼r22,14,22,r22 백업
여자친구,loyalty,28,bf8acbc746b7,r14∼r22,14,22,r22 백업
여자친구,loyalty,29,25cdf703ff3c,r14∼r22,14,22,r22 백업
여자친구,loyalty,30,c84a2f651242,r14∼r22,14,22,r22 백업
여자친구,loyalty,31,2455758a8e6e,r14∼r22,14,22,r22 백업
여자친구,loyalty,32,77f2c0e78cbc,r14∼r22,14,22,r22 백업
여자친구,loyalty,33,519673106953,r14∼r22,14,22,r22 백업
여자친구,loyalty,34,c3297229cb88,r14∼r22,14,22,r22 백업
여자친구,loyalty,35,8c4d28371880,r23∼r39,23,39,동결 근사 복원본
여자친구,loyalty,36,898a215d9eb8,r23∼r39,23,39,동결 근사 복원본
여자친구,loyalty,37,e25872e3b342,r41∼r72,41,72,라이브 코퍼스(스냅샷 이후)
여자친구,loyalty,38,b1da89f41e41,r41∼r72,41,72,라이브 코퍼스(스냅샷 이후)
여자친구,loyalty,39,1eb30aa2ef66,r41∼r72,41,72,라이브 코퍼스(스냅샷 이후)
여자친구,loyalty,40,d8ecbc374710,r41∼r72,41,72,라이브 코퍼스(스냅샷 이후)
여자친구,loyalty,41,9a23db04adc9,r41∼r72,41,72,라이브 코퍼스(스냅샷 이후)
여자친구,loyalty,42,7140ca262fcb,r41∼r72,41,72,라이브 코퍼스(스냅샷 이후)
여자친구,loyalty,43,48b022c5f0aa,r41∼r72,41,72,라이브 코퍼스(스냅샷 이후)
여자친구,spillover,0,ed7a8af29ab4,≤r13,1,13,r13 스냅샷
여자친구,spillover,1,0511e2d99432,≤r13,1,13,r13 스냅샷
여자친구,spillover,2,2eb216903cf0,≤r13,1,13,r13 스냅샷
여자친구,spillover,3,d62a65a44278,≤r13,1,13,r13 스냅샷
여자친구,spillover,4,2e95ede38a49,≤r13,1,13,r13 스냅샷
여자친구,spillover,5,4a07c780c9df,≤r13,1,13,r13 스냅샷
여자친구,spillover,6,58f88c64398f,≤r13,1,13,r13 스냅샷
여자친구,spillover,7,f0348a8e8413,≤r13,1,13,r13 스냅샷
여자친구,spillover,8,0cf59aa150b3,≤r13,1,13,r13 스냅샷
여자친구,spillover,9,7184019a53b6,≤r13,1,13,r13 스냅샷
여자친구,spillover,10,a7a1430e6c2d,≤r13,1,13,r13 스냅샷
여자친구,spillover,11,2f0590d714d2,≤r13,1,13,r13 스냅샷
여자친구,spillover,12,c7033455f324,≤r13,1,13,r13 스냅샷
여자친구,spillover,13,100f4aa9eacc,≤r13,1,13,r13 스냅샷
여자친구,spillover,14,da24f232232b,≤r13,1,13,r13 스냅샷
여자친구,spillover,15,5771e88829aa,≤r13,1,13,r13 스냅샷
여자친구,spillover,16,91566e20964c,≤r13,1,13,r13 스냅샷
여자친구,spillover,17,7af579caae0b,≤r13,1,13,r13 스냅샷
여자친구,spillover,18,ab997300397f,r14∼r22,14,22,r22 백업
여자친구,spillover,19,5fd79a913afd,r14∼r22,14,22,r22 백업
여자친구,spillover,20,33b823f90a03,r14∼r22,14,22,r22 백업
여자친구,spillover,21,de1ef7432c83,r23∼r39,23,39,동결 근사 복원본
여자친구,spillover,22,aa437d741085,r23∼r39,23,39,동결 근사 복원본
여자친구,spillover,23,7cefe537b4ab,r23∼r39,23,39,동결 근사 복원본
여자친구,spillover,24,0c33aaa830cd,r23∼r39,23,39,동결 근사 복원본
여자친구,spillover,25,a2ce0febe73d,r23∼r39,23,39,동결 근사 복원본
여자친구,spillover,26,2c7545553007,r23∼r39,23,39,동결 근사 복원본
여자친구,spillover,27,cfbcde93686c,r23∼r39,23,39,동결 근사 복원본
여자친구,spillover,28,4e69c06f8f71,r23∼r39,23,39,동결 근사 복원본
여자친구,spillover,29,7eea4e37adc2,r23∼r39,23,39,동결 근사 복원본
여자친구,spillover,30,e22681068601,r23∼r39,23,39,동결 근사 복원본
여자친구,spillover,31,c181d5c1b6e9,r23∼r39,23,39,동결 근사 복원본
여자친구,spillover,32,0c825f089500,r23∼r39,23,39,동결 근사 복원본
여자친구,spillover,33,bd268cf89dd4,r41∼r72,41,72,라이브 코퍼스(스냅샷 이후)
여자친구,spillover,34,72242fa4f5ab,r41∼r72,41,72,라이브 코퍼스(스냅샷 이후)
여자친구,spillover,35,5c07bdc33ca6,r41∼r72,41,72,라이브 코퍼스(스냅샷 이후)
여자친구,spillover,36,27e267295f69,r41∼r72,41,72,라이브 코퍼스(스냅샷 이후)
여자친구,spillover,37,104cbb127900,r41∼r72,41,72,라이브 코퍼스(스냅샷 이후)
여자친구,spillover,38,209c27b465fe,r41∼r72,41,72,라이브 코퍼스(스냅샷 이후)
여자친구,spillover,39,c0d46b9b07fc,r41∼r72,41,72,라이브 코퍼스(스냅샷 이후)
여자친구,spillover,40,4c831ebf91d7,r41∼r72,41,72,라이브 코퍼스(스냅샷 이후)
여자친구,spillover,41,8c52246db346,r41∼r72,41,72,라이브 코퍼스(스냅샷 이후)
여자친구,spillover,42,fa4d9f7617ba,r41∼r72,41,72,라이브 코퍼스(스냅샷 이후)
여자친구,spillover,43,69c4cd57b39d,r41∼r72,41,72,라이브 코퍼스(스냅샷 이후)
여자친구,spillover,44,c2abaa69c443,r41∼r72,41,72,라이브 코퍼스(스냅샷 이후)
여자친구,spillover,45,aa9b8684169d,r41∼r72,41,72,라이브 코퍼스(스냅샷 이후)
여자친구,spillover,46,3f8602294711,r41∼r72,41,72,라이브 코퍼스(스냅샷 이후)
여자친구,spillover,47,2be22ad7b408,r41∼r72,41,72,라이브 코퍼스(스냅샷 이후)
여자친구,spillover,48,149022f0f622,r41∼r72,41,72,라이브 코퍼스(스냅샷 이후)
STAYC,loyalty,0,130c520484ac,≤r13,1,13,r13 스냅샷
STAYC,loyalty,1,869fbe997c8a,≤r13,1,13,r13 스냅샷
STAYC,loyalty,2,188d1fb3b51e,≤r13,1,13,r13 스냅샷
STAYC,loyalty,3,64aa7f13bd51,≤r13,1,13,r13 스냅샷
STAYC,loyalty,4,13a3a7849d00,≤r13,1,13,r13 스냅샷
STAYC,loyalty,5,30e904488447,≤r13,1,13,r13 스냅샷
STAYC,loyalty,6,50ae895837e3,≤r13,1,13,r13 스냅샷
STAYC,loyalty,7,fe61b1b154c9,≤r13,1,13,r13 스냅샷
STAYC,loyalty,8,97a4144b5908,≤r13,1,13,r13 스냅샷
STAYC,loyalty,9,76a378d18b1b,≤r13,1,13,r13 스냅샷
STAYC,loyalty,10,ef067de4a8d4,≤r13,1,13,r13 스냅샷
STAYC,loyalty,11,bacac4f10596,≤r13,1,13,r13 스냅샷
STAYC,loyalty,12,022ccde27515,≤r13,1,13,r13 스냅샷
STAYC,loyalty,13,73f4a2fa8f4f,≤r13,1,13,r13 스냅샷
STAYC,loyalty,14,e39442cc9a02,≤r13,1,13,r13 스냅샷
STAYC,loyalty,15,6c94bbbc2ea3,≤r13,1,13,r13 스냅샷
STAYC,loyalty,16,4132e982f1b3,≤r13,1,13,r13 스냅샷
STAYC,loyalty,17,5d9c156f6f02,≤r13,1,13,r13 스냅샷
STAYC,loyalty,18,3eaee3abf4b3,≤r13,1,13,r13 스냅샷
STAYC,loyalty,19,d43ecb7b263d,≤r13,1,13,r13 스냅샷
STAYC,loyalty,20,053cc2af002a,≤r13,1,13,r13 스냅샷
STAYC,loyalty,21,53d992173bcf,≤r13,1,13,r13 스냅샷
STAYC,loyalty,22,bff0e654bed7,r14∼r22,14,22,r22 백업
STAYC,loyalty,23,10a6709dcb4e,r14∼r22,14,22,r22 백업
STAYC,loyalty,24,84a1488871db,r14∼r22,14,22,r22 백업
STAYC,loyalty,25,c8f332ecd745,r14∼r22,14,22,r22 백업
STAYC,loyalty,26,f04f008758d1,r14∼r22,14,22,r22 백업
STAYC,loyalty,27,ee1be9bf05ca,r14∼r22,14,22,r22 백업
STAYC,loyalty,28,84a11a92b88b,r14∼r22,14,22,r22 백업
STAYC,loyalty,29,9d679d008c74,r14∼r22,14,22,r22 백업
STAYC,loyalty,30,0b0fcda2154e,r14∼r22,14,22,r22 백업
STAYC,loyalty,31,acf9eaefabbb,r14∼r22,14,22,r22 백업
STAYC,loyalty,32,02fbb9350b86,r23∼r39,23,39,동결 근사 복원본
STAYC,loyalty,33,1961b446fec9,r23∼r39,23,39,동결 근사 복원본
STAYC,loyalty,34,270d68c8b14f,r41∼r72,41,72,라이브 코퍼스(스냅샷 이후)
STAYC,loyalty,35,b50075766afd,r41∼r72,41,72,라이브 코퍼스(스냅샷 이후)
STAYC,loyalty,36,11b11bd5ea9e,r41∼r72,41,72,라이브 코퍼스(스냅샷 이후)
STAYC,loyalty,37,b0f01d4f6195,r41∼r72,41,72,라이브 코퍼스(스냅샷 이후)
STAYC,loyalty,38,1f868d6bd573,r41∼r72,41,72,라이브 코퍼스(스냅샷 이후)
STAYC,loyalty,39,2f00bd1e2a1f,r41∼r72,41,72,라이브 코퍼스(스냅샷 이후)
STAYC,loyalty,40,ce1ef9187cc6,r41∼r72,41,72,라이브 코퍼스(스냅샷 이후)
STAYC,loyalty,41,cedbea716359,r41∼r72,41,72,라이브 코퍼스(스냅샷 이후)
STAYC,spillover,0,088df7139c2b,≤r13,1,13,r13 스냅샷
STAYC,spillover,1,a678496b249b,≤r13,1,13,r13 스냅샷
STAYC,spillover,2,2f7f48bb0bd2,≤r13,1,13,r13 스냅샷
STAYC,spillover,3,c89187137c5c,≤r13,1,13,r13 스냅샷
STAYC,spillover,4,b6c6241ce60f,≤r13,1,13,r13 스냅샷
STAYC,spillover,5,b673bd934fa6,≤r13,1,13,r13 스냅샷
STAYC,spillover,6,45de8f6aaf3b,≤r13,1,13,r13 스냅샷
STAYC,spillover,7,261b47f9a7bd,≤r13,1,13,r13 스냅샷
STAYC,spillover,8,38ceed373757,≤r13,1,13,r13 스냅샷
STAYC,spillover,9,1da8c9e0aa57,≤r13,1,13,r13 스냅샷
STAYC,spillover,10,627bf71a18d1,≤r13,1,13,r13 스냅샷
STAYC,spillover,11,374fa17178e4,≤r13,1,13,r13 스냅샷
STAYC,spillover,12,51c59ab7b815,≤r13,1,13,r13 스냅샷
STAYC,spillover,13,61ba45c5c555,≤r13,1,13,r13 스냅샷
STAYC,spillover,14,afbe47b3b84e,≤r13,1,13,r13 스냅샷
STAYC,spillover,15,213c4f9a63ec,≤r13,1,13,r13 스냅샷
STAYC,spillover,16,aff3c0e9d5e7,≤r13,1,13,r13 스냅샷
STAYC,spillover,17,a05f69f56bb7,≤r13,1,13,r13 스냅샷
STAYC,spillover,18,09209b65ee2b,≤r13,1,13,r13 스냅샷
STAYC,spillover,19,6e1560258842,≤r13,1,13,r13 스냅샷
STAYC,spillover,20,ce2572ff562f,≤r13,1,13,r13 스냅샷
STAYC,spillover,21,cb3240c56948,≤r13,1,13,r13 스냅샷
STAYC,spillover,22,1bdefe3cef50,r14∼r22,14,22,r22 백업
STAYC,spillover,23,3fa81a53be80,r14∼r22,14,22,r22 백업
STAYC,spillover,24,0d8e9cf43e44,r14∼r22,14,22,r22 백업
STAYC,spillover,25,dfba5f97396f,r14∼r22,14,22,r22 백업
STAYC,spillover,26,ff540e55f6c0,r23∼r39,23,39,동결 근사 복원본
STAYC,spillover,27,2ddf6f8b3239,r23∼r39,23,39,동결 근사 복원본
STAYC,spillover,28,df47ad329213,r23∼r39,23,39,동결 근사 복원본
STAYC,spillover,29,7f246f6e9e75,r23∼r39,23,39,동결 근사 복원본
STAYC,spillover,30,53e590c174f5,r23∼r39,23,39,동결 근사 복원본
STAYC,spillover,31,49c31628c3f8,r23∼r39,23,39,동결 근사 복원본
STAYC,spillover,32,f450247f460d,r23∼r39,23,39,동결 근사 복원본
STAYC,spillover,33,d394f90727e2,r23∼r39,23,39,동결 근사 복원본
STAYC,spillover,34,a71d989b444c,r23∼r39,23,39,동결 근사 복원본
STAYC,spillover,35,f9c489048001,r23∼r39,23,39,동결 근사 복원본
STAYC,spillover,36,340e8511f564,r23∼r39,23,39,동결 근사 복원본
STAYC,spillover,37,652b1a926adc,r23∼r39,23,39,동결 근사 복원본
STAYC,spillover,38,ab5ec53ce5fe,r23∼r39,23,39,동결 근사 복원본
STAYC,spillover,39,d6d9808f9024,r41∼r72,41,72,라이브 코퍼스(스냅샷 이후)
STAYC,spillover,40,bcea56d944a8,r41∼r72,41,72,라이브 코퍼스(스냅샷 이후)
STAYC,spillover,41,b46cd4085ff2,r41∼r72,41,72,라이브 코퍼스(스냅샷 이후)
STAYC,spillover,42,217583a1300a,r41∼r72,41,72,라이브 코퍼스(스냅샷 이후)
STAYC,spillover,43,087367a91e3b,r41∼r72,41,72,라이브 코퍼스(스냅샷 이후)
STAYC,spillover,44,ecf76c1e741b,r41∼r72,41,72,라이브 코퍼스(스냅샷 이후)
STAYC,spillover,45,a3cee8100f12,r41∼r72,41,72,라이브 코퍼스(스냅샷 이후)
STAYC,spillover,46,b0cb648451f0,r41∼r72,41,72,라이브 코퍼스(스냅샷 이후)
STAYC,spillover,47,a3b1eeae66df,r41∼r72,41,72,라이브 코퍼스(스냅샷 이후)
STAYC,spillover,48,bc2bb4974ca7,r41∼r72,41,72,라이브 코퍼스(스냅샷 이후)
STAYC,spillover,49,6fa9d792c783,r41∼r72,41,72,라이브 코퍼스(스냅샷 이후)
레드벨벳,loyalty,0,b25a264a4b04,≤r13,1,13,r13 스냅샷
레드벨벳,loyalty,1,0ea53b2b5208,≤r13,1,13,r13 스냅샷
레드벨벳,loyalty,2,9fca7c7f5cae,≤r13,1,13,r13 스냅샷
레드벨벳,loyalty,3,2d7d7ba53f7e,≤r13,1,13,r13 스냅샷
레드벨벳,loyalty,4,b5c096da0624,≤r13,1,13,r13 스냅샷
레드벨벳,loyalty,5,124c79b379dc,≤r13,1,13,r13 스냅샷
레드벨벳,loyalty,6,2f85c642c7ea,≤r13,1,13,r13 스냅샷
레드벨벳,loyalty,7,bf19ea82c7e8,≤r13,1,13,r13 스냅샷
레드벨벳,loyalty,8,fde40328c209,≤r13,1,13,r13 스냅샷
레드벨벳,loyalty,9,463d08ba2b4a,≤r13,1,13,r13 스냅샷
레드벨벳,loyalty,10,c47791c68635,≤r13,1,13,r13 스냅샷
레드벨벳,loyalty,11,8159970b2bb1,≤r13,1,13,r13 스냅샷
레드벨벳,loyalty,12,e2d1097b4851,≤r13,1,13,r13 스냅샷
레드벨벳,loyalty,13,6e063f1d6e95,≤r13,1,13,r13 스냅샷
레드벨벳,loyalty,14,935a89adbac0,≤r13,1,13,r13 스냅샷
레드벨벳,loyalty,15,7065ccdd8aee,≤r13,1,13,r13 스냅샷
레드벨벳,loyalty,16,1764a3e48c54,≤r13,1,13,r13 스냅샷
레드벨벳,loyalty,17,e4835860e217,≤r13,1,13,r13 스냅샷
레드벨벳,loyalty,18,5c9bba46cbf4,≤r13,1,13,r13 스냅샷
레드벨벳,loyalty,19,b0f5ca67ab60,≤r13,1,13,r13 스냅샷
레드벨벳,loyalty,20,b27d19a9588d,≤r13,1,13,r13 스냅샷
레드벨벳,loyalty,21,b4f22a184e86,≤r13,1,13,r13 스냅샷
레드벨벳,loyalty,22,edfb87f044c2,≤r13,1,13,r13 스냅샷
레드벨벳,loyalty,23,27393faa75ee,r14∼r22,14,22,r22 백업
레드벨벳,loyalty,24,b46fd338558f,r14∼r22,14,22,r22 백업
레드벨벳,loyalty,25,8e63511efab3,r14∼r22,14,22,r22 백업
레드벨벳,loyalty,26,4fda120b5609,r14∼r22,14,22,r22 백업
레드벨벳,loyalty,27,89e329ab7052,r14∼r22,14,22,r22 백업
레드벨벳,loyalty,28,935de4635ff6,r14∼r22,14,22,r22 백업
레드벨벳,loyalty,29,28235f375d46,r14∼r22,14,22,r22 백업
레드벨벳,loyalty,30,c99e143fa475,r14∼r22,14,22,r22 백업
레드벨벳,loyalty,31,8912e2d97057,r14∼r22,14,22,r22 백업
레드벨벳,loyalty,32,9b42fba5fe4e,r14∼r22,14,22,r22 백업
레드벨벳,loyalty,33,74951fe3e865,r14∼r22,14,22,r22 백업
레드벨벳,loyalty,34,6bd8818e8dc9,r14∼r22,14,22,r22 백업
레드벨벳,loyalty,35,9d893ebfa5ea,r14∼r22,14,22,r22 백업
레드벨벳,loyalty,36,e9008e49bc99,r14∼r22,14,22,r22 백업
레드벨벳,loyalty,37,66674feb7ebf,r14∼r22,14,22,r22 백업
레드벨벳,loyalty,38,acee53e6d137,r14∼r22,14,22,r22 백업
레드벨벳,loyalty,39,c464e4432adc,r14∼r22,14,22,r22 백업
레드벨벳,loyalty,40,3e499631d4ca,r14∼r22,14,22,r22 백업
레드벨벳,loyalty,41,d7763351019f,r14∼r22,14,22,r22 백업
레드벨벳,loyalty,42,ab640d0b2942,r14∼r22,14,22,r22 백업
레드벨벳,loyalty,43,ac9566d4198d,r14∼r22,14,22,r22 백업
레드벨벳,loyalty,44,1a26d87245ad,r23∼r39,23,39,동결 근사 복원본
레드벨벳,loyalty,45,c02e247c1c57,r23∼r39,23,39,동결 근사 복원본
레드벨벳,loyalty,46,b345bda44ffb,r23∼r39,23,39,동결 근사 복원본
레드벨벳,loyalty,47,bdeb1eef5bd7,r23∼r39,23,39,동결 근사 복원본
레드벨벳,loyalty,48,2d8c50c017de,r23∼r39,23,39,동결 근사 복원본
레드벨벳,loyalty,49,07b84b893f5a,r41∼r72,41,72,라이브 코퍼스(스냅샷 이후)
레드벨벳,loyalty,50,bfc0be147dee,r41∼r72,41,72,라이브 코퍼스(스냅샷 이후)
레드벨벳,loyalty,51,5ffb884e4bdc,r41∼r72,41,72,라이브 코퍼스(스냅샷 이후)
레드벨벳,loyalty,52,52df9d8ed155,r41∼r72,41,72,라이브 코퍼스(스냅샷 이후)
레드벨벳,spillover,0,02f53091f818,≤r13,1,13,r13 스냅샷
레드벨벳,spillover,1,2bc4eee03c12,≤r13,1,13,r13 스냅샷
레드벨벳,spillover,2,717bdc10011f,≤r13,1,13,r13 스냅샷
레드벨벳,spillover,3,ca228a41615d,≤r13,1,13,r13 스냅샷
레드벨벳,spillover,4,084f1eb43d75,≤r13,1,13,r13 스냅샷
레드벨벳,spillover,5,a368e34e3d9c,≤r13,1,13,r13 스냅샷
레드벨벳,spillover,6,e58e843a2c2d,≤r13,1,13,r13 스냅샷
레드벨벳,spillover,7,b7c695c0b07e,≤r13,1,13,r13 스냅샷
레드벨벳,spillover,8,ebbfc9343dc5,≤r13,1,13,r13 스냅샷
레드벨벳,spillover,9,3965f209fb77,≤r13,1,13,r13 스냅샷
레드벨벳,spillover,10,34acd52c8730,≤r13,1,13,r13 스냅샷
레드벨벳,spillover,11,433a104ce31c,≤r13,1,13,r13 스냅샷
레드벨벳,spillover,12,303395900e0c,≤r13,1,13,r13 스냅샷
레드벨벳,spillover,13,5f2b0e5e6c80,≤r13,1,13,r13 스냅샷
레드벨벳,spillover,14,54eb341b82b0,≤r13,1,13,r13 스냅샷
레드벨벳,spillover,15,69cbdda7806a,≤r13,1,13,r13 스냅샷
레드벨벳,spillover,16,e1bc15884a36,≤r13,1,13,r13 스냅샷
레드벨벳,spillover,17,4b79dca56108,≤r13,1,13,r13 스냅샷
레드벨벳,spillover,18,f0dd92ad5db9,≤r13,1,13,r13 스냅샷
레드벨벳,spillover,19,c506248292a1,≤r13,1,13,r13 스냅샷
레드벨벳,spillover,20,f2c40799d568,≤r13,1,13,r13 스냅샷
레드벨벳,spillover,21,dd64a8c7155c,≤r13,1,13,r13 스냅샷
레드벨벳,spillover,22,fe31a4b8dde5,r14∼r22,14,22,r22 백업
레드벨벳,spillover,23,b4f5e8787453,r14∼r22,14,22,r22 백업
레드벨벳,spillover,24,efd16204e6e8,r14∼r22,14,22,r22 백업
레드벨벳,spillover,25,b261082f43b7,r23∼r39,23,39,동결 근사 복원본
레드벨벳,spillover,26,d17cd2d7a0b5,r23∼r39,23,39,동결 근사 복원본
레드벨벳,spillover,27,fe38dc99b1bb,r23∼r39,23,39,동결 근사 복원본
레드벨벳,spillover,28,c46a49a64954,r23∼r39,23,39,동결 근사 복원본
레드벨벳,spillover,29,6b670a2817a9,r23∼r39,23,39,동결 근사 복원본
레드벨벳,spillover,30,6cfc3caf3b83,r23∼r39,23,39,동결 근사 복원본
레드벨벳,spillover,31,d8fdf7192c2b,r23∼r39,23,39,동결 근사 복원본
레드벨벳,spillover,32,24720c21b2d1,r23∼r39,23,39,동결 근사 복원본
레드벨벳,spillover,33,787f6be59164,r23∼r39,23,39,동결 근사 복원본
레드벨벳,spillover,34,90bf4985fca4,r23∼r39,23,39,동결 근사 복원본
레드벨벳,spillover,35,96125be0f08e,r23∼r39,23,39,동결 근사 복원본
레드벨벳,spillover,36,99b2517649e0,r23∼r39,23,39,동결 근사 복원본
레드벨벳,spillover,37,a9f45e445f5f,r23∼r39,23,39,동결 근사 복원본
레드벨벳,spillover,38,55523dcb8b87,r23∼r39,23,39,동결 근사 복원본
레드벨벳,spillover,39,3246d481ab8d,r23∼r39,23,39,동결 근사 복원본
레드벨벳,spillover,40,f32166afe33d,r23∼r39,23,39,동결 근사 복원본
레드벨벳,spillover,41,81b8b40f1527,r23∼r39,23,39,동결 근사 복원본
레드벨벳,spillover,42,8f6e35b5aa1a,r23∼r39,23,39,동결 근사 복원본
레드벨벳,spillover,43,9a334cb9793f,r23∼r39,23,39,동결 근사 복원본
레드벨벳,spillover,44,bbc91d999d61,r23∼r39,23,39,동결 근사 복원본
레드벨벳,spillover,45,20d82b56ff8d,r23∼r39,23,39,동결 근사 복원본
레드벨벳,spillover,46,f83b2863e35a,r41∼r72,41,72,라이브 코퍼스(스냅샷 이후)
레드벨벳,spillover,47,cad6669ecb7e,r41∼r72,41,72,라이브 코퍼스(스냅샷 이후)
레드벨벳,spillover,48,65a8820e7a6a,r41∼r72,41,72,라이브 코퍼스(스냅샷 이후)
레드벨벳,spillover,49,7ab64c0e3490,r41∼r72,41,72,라이브 코퍼스(스냅샷 이후)
레드벨벳,spillover,50,aefbbee64564,r41∼r72,41,72,라이브 코퍼스(스냅샷 이후)
레드벨벳,spillover,51,4d1ac41f132c,r41∼r72,41,72,라이브 코퍼스(스냅샷 이후)
레드벨벳,spillover,52,64119ba285b3,r41∼r72,41,72,라이브 코퍼스(스냅샷 이후)
레드벨벳,spillover,53,44e1733cf007,r41∼r72,41,72,라이브 코퍼스(스냅샷 이후)
레드벨벳,spillover,54,ea1bf670751d,r41∼r72,41,72,라이브 코퍼스(스냅샷 이후)
레드벨벳,spillover,55,2557a9c802d9,r41∼r72,41,72,라이브 코퍼스(스냅샷 이후)
레드벨벳,spillover,56,d70edc5d3ab3,r41∼r72,41,72,라이브 코퍼스(스냅샷 이후)
레드벨벳,spillover,57,674ccb7bd28d,r41∼r72,41,72,라이브 코퍼스(스냅샷 이후)
레드벨벳,spillover,58,f3a287c48b53,r41∼r72,41,72,라이브 코퍼스(스냅샷 이후)
레드벨벳,spillover,59,fe54a815e67d,r41∼r72,41,72,라이브 코퍼스(스냅샷 이후)
레드벨벳,spillover,60,77f3cf2f99d9,r41∼r72,41,72,라이브 코퍼스(스냅샷 이후)
레드벨벳,spillover,61,4defc6050a4d,r41∼r72,41,72,라이브 코퍼스(스냅샷 이후)
레드벨벳,spillover,62,ebab7fdc8390,r41∼r72,41,72,라이브 코퍼스(스냅샷 이후)
레드벨벳,spillover,63,b8bc0e9c24b4,r41∼r72,41,72,라이브 코퍼스(스냅샷 이후)
레드벨벳,spillover,64,1c5fcce739dc,r41∼r72,41,72,라이브 코퍼스(스냅샷 이후)
엔믹스,loyalty,0,9782a01c3c66,≤r13,1,13,r13 스냅샷
엔믹스,loyalty,1,1a02787561b7,≤r13,1,13,r13 스냅샷
엔믹스,loyalty,2,cc92cd5156c6,≤r13,1,13,r13 스냅샷
엔믹스,loyalty,3,ff94b445d6a5,≤r13,1,13,r13 스냅샷
엔믹스,loyalty,4,a063a3b0b1ea,≤r13,1,13,r13 스냅샷
엔믹스,loyalty,5,cfb5108633aa,≤r13,1,13,r13 스냅샷
엔믹스,loyalty,6,9068a6402b09,≤r13,1,13,r13 스냅샷
엔믹스,loyalty,7,9d4d194630f2,≤r13,1,13,r13 스냅샷
엔믹스,loyalty,8,99f7f5069c31,≤r13,1,13,r13 스냅샷
엔믹스,loyalty,9,a6ad2f50a107,≤r13,1,13,r13 스냅샷
엔믹스,loyalty,10,d9c46076636f,≤r13,1,13,r13 스냅샷
엔믹스,loyalty,11,c48497068470,≤r13,1,13,r13 스냅샷
엔믹스,loyalty,12,6f5f7ac433ea,≤r13,1,13,r13 스냅샷
엔믹스,loyalty,13,7f07149211e1,≤r13,1,13,r13 스냅샷
엔믹스,loyalty,14,ce657f0b636d,≤r13,1,13,r13 스냅샷
엔믹스,loyalty,15,f985360e52d2,≤r13,1,13,r13 스냅샷
엔믹스,loyalty,16,430f61801471,≤r13,1,13,r13 스냅샷
엔믹스,loyalty,17,02bceab0ce2c,≤r13,1,13,r13 스냅샷
엔믹스,loyalty,18,4525cbe876b3,≤r13,1,13,r13 스냅샷
엔믹스,loyalty,19,8bc50ab1af4c,≤r13,1,13,r13 스냅샷
엔믹스,loyalty,20,c28c4ae218a0,≤r13,1,13,r13 스냅샷
엔믹스,loyalty,21,f514e209b272,≤r13,1,13,r13 스냅샷
엔믹스,loyalty,22,d66ba52dac5f,≤r13,1,13,r13 스냅샷
엔믹스,loyalty,23,c03245807101,r14∼r22,14,22,r22 백업
엔믹스,loyalty,24,efbb799fac47,r14∼r22,14,22,r22 백업
엔믹스,loyalty,25,5af6ae3b16ba,r14∼r22,14,22,r22 백업
엔믹스,loyalty,26,630552c60176,r14∼r22,14,22,r22 백업
엔믹스,loyalty,27,0ac52b1c4eb4,r14∼r22,14,22,r22 백업
엔믹스,loyalty,28,ebbc2d878f28,r14∼r22,14,22,r22 백업
엔믹스,loyalty,29,989e7d12eafc,r14∼r22,14,22,r22 백업
엔믹스,loyalty,30,d33acde6801a,r14∼r22,14,22,r22 백업
엔믹스,loyalty,31,3052ba30ee89,r14∼r22,14,22,r22 백업
엔믹스,loyalty,32,b73280c1f08c,r14∼r22,14,22,r22 백업
엔믹스,loyalty,33,e7e301ad771a,r14∼r22,14,22,r22 백업
엔믹스,loyalty,34,b94bc5f06b7e,r14∼r22,14,22,r22 백업
엔믹스,loyalty,35,a7fc63ed47f0,r14∼r22,14,22,r22 백업
엔믹스,loyalty,36,f485411d7816,r14∼r22,14,22,r22 백업
엔믹스,loyalty,37,85c0efda2160,r14∼r22,14,22,r22 백업
엔믹스,loyalty,38,59db33cbf3d0,r14∼r22,14,22,r22 백업
엔믹스,loyalty,39,c3777ae3191f,r14∼r22,14,22,r22 백업
엔믹스,loyalty,40,d7e078eabe99,r14∼r22,14,22,r22 백업
엔믹스,loyalty,41,bca190827091,r23∼r39,23,39,동결 근사 복원본
엔믹스,loyalty,42,3e4c1f15a7ad,r23∼r39,23,39,동결 근사 복원본
엔믹스,loyalty,43,e5863cebb04e,r23∼r39,23,39,동결 근사 복원본
엔믹스,loyalty,44,0865bda85a8d,r23∼r39,23,39,동결 근사 복원본
엔믹스,loyalty,45,08726046e17c,r41∼r72,41,72,라이브 코퍼스(스냅샷 이후)
엔믹스,loyalty,46,e28f07578769,r41∼r72,41,72,라이브 코퍼스(스냅샷 이후)
엔믹스,spillover,0,d4fae2250f07,≤r13,1,13,r13 스냅샷
엔믹스,spillover,1,e0b09c13e89c,≤r13,1,13,r13 스냅샷
엔믹스,spillover,2,2549f52df78a,≤r13,1,13,r13 스냅샷
엔믹스,spillover,3,1f1ff0d0eeb1,≤r13,1,13,r13 스냅샷
엔믹스,spillover,4,8eb650381afe,≤r13,1,13,r13 스냅샷
엔믹스,spillover,5,d0f4deeddb98,≤r13,1,13,r13 스냅샷
엔믹스,spillover,6,9e60f2269551,≤r13,1,13,r13 스냅샷
엔믹스,spillover,7,c21caa927a70,≤r13,1,13,r13 스냅샷
엔믹스,spillover,8,b7676a1fa05f,≤r13,1,13,r13 스냅샷
엔믹스,spillover,9,0c4bec3783e4,≤r13,1,13,r13 스냅샷
엔믹스,spillover,10,31ec9a76a4f0,≤r13,1,13,r13 스냅샷
엔믹스,spillover,11,ee894065278b,≤r13,1,13,r13 스냅샷
엔믹스,spillover,12,18ba61989377,≤r13,1,13,r13 스냅샷
엔믹스,spillover,13,83949e778a6c,≤r13,1,13,r13 스냅샷
엔믹스,spillover,14,810b9712147f,≤r13,1,13,r13 스냅샷
엔믹스,spillover,15,47663d08ea13,≤r13,1,13,r13 스냅샷
엔믹스,spillover,16,eb7eb1007512,≤r13,1,13,r13 스냅샷
엔믹스,spillover,17,bd055aaa4fe1,≤r13,1,13,r13 스냅샷
엔믹스,spillover,18,170f5a5676eb,≤r13,1,13,r13 스냅샷
엔믹스,spillover,19,c6cd8d369f6f,≤r13,1,13,r13 스냅샷
엔믹스,spillover,20,ffdebff5be77,≤r13,1,13,r13 스냅샷
엔믹스,spillover,21,cea01c8cca42,≤r13,1,13,r13 스냅샷
엔믹스,spillover,22,52655c18065e,≤r13,1,13,r13 스냅샷
엔믹스,spillover,23,6d0666a97a66,≤r13,1,13,r13 스냅샷
엔믹스,spillover,24,6be1a077d8c3,≤r13,1,13,r13 스냅샷
엔믹스,spillover,25,96790d5a6312,≤r13,1,13,r13 스냅샷
엔믹스,spillover,26,da26d94207e1,≤r13,1,13,r13 스냅샷
엔믹스,spillover,27,911315242ce7,≤r13,1,13,r13 스냅샷
엔믹스,spillover,28,bb5d0004994a,r14∼r22,14,22,r22 백업
엔믹스,spillover,29,e03fe7ff82e8,r14∼r22,14,22,r22 백업
엔믹스,spillover,30,a93da7d4c223,r23∼r39,23,39,동결 근사 복원본
엔믹스,spillover,31,396320130e74,r23∼r39,23,39,동결 근사 복원본
엔믹스,spillover,32,978106792122,r23∼r39,23,39,동결 근사 복원본
엔믹스,spillover,33,e59a94c9f636,r23∼r39,23,39,동결 근사 복원본
엔믹스,spillover,34,dd88b188a468,r23∼r39,23,39,동결 근사 복원본
엔믹스,spillover,35,9fe156fe86a2,r23∼r39,23,39,동결 근사 복원본
엔믹스,spillover,36,ece799a233c3,r23∼r39,23,39,동결 근사 복원본
엔믹스,spillover,37,622abc9d4ef9,r23∼r39,23,39,동결 근사 복원본
엔믹스,spillover,38,00d57b534f5d,r23∼r39,23,39,동결 근사 복원본
엔믹스,spillover,39,97cd59cb8af6,r23∼r39,23,39,동결 근사 복원본
엔믹스,spillover,40,a15a3377d295,r23∼r39,23,39,동결 근사 복원본
엔믹스,spillover,41,c1d96881dabc,r23∼r39,23,39,동결 근사 복원본
엔믹스,spillover,42,432c4a6dfc79,r23∼r39,23,39,동결 근사 복원본
엔믹스,spillover,43,ed85a24a5de0,r23∼r39,23,39,동결 근사 복원본
엔믹스,spillover,44,d672a3d61ff5,r23∼r39,23,39,동결 근사 복원본
엔믹스,spillover,45,d512e6270826,r23∼r39,23,39,동결 근사 복원본
엔믹스,spillover,46,87e85608fc68,r23∼r39,23,39,동결 근사 복원본
엔믹스,spillover,47,5919647a08b7,r23∼r39,23,39,동결 근사 복원본
엔믹스,spillover,48,d5fc5c3309e6,r41∼r72,41,72,라이브 코퍼스(스냅샷 이후)
엔믹스,spillover,49,391b536a20f0,r41∼r72,41,72,라이브 코퍼스(스냅샷 이후)
엔믹스,spillover,50,a2fa3b540824,r41∼r72,41,72,라이브 코퍼스(스냅샷 이후)
엔믹스,spillover,51,54bb45144bda,r41∼r72,41,72,라이브 코퍼스(스냅샷 이후)
엔믹스,spillover,52,f6acfa00d0a5,r41∼r72,41,72,라이브 코퍼스(스냅샷 이후)
엔믹스,spillover,53,c321728be577,r41∼r72,41,72,라이브 코퍼스(스냅샷 이후)
엔믹스,spillover,54,bbf057223c17,r41∼r72,41,72,라이브 코퍼스(스냅샷 이후)
엔믹스,spillover,55,044da5025f0e,r41∼r72,41,72,라이브 코퍼스(스냅샷 이후)
엔믹스,spillover,56,c7c5b49056ae,r41∼r72,41,72,라이브 코퍼스(스냅샷 이후)
엔믹스,spillover,57,ffbf0a677e67,r41∼r72,41,72,라이브 코퍼스(스냅샷 이후)
엔믹스,spillover,58,e47427ed278a,r41∼r72,41,72,라이브 코퍼스(스냅샷 이후)
엔믹스,spillover,59,83206e62b40c,r41∼r72,41,72,라이브 코퍼스(스냅샷 이후)
엔믹스,spillover,60,86268240a293,r41∼r72,41,72,라이브 코퍼스(스냅샷 이후)
엔믹스,spillover,61,c7283c312eae,r41∼r72,41,72,라이브 코퍼스(스냅샷 이후)
엔믹스,spillover,62,8ccf9bb4af32,r41∼r72,41,72,라이브 코퍼스(스냅샷 이후)
마마무,loyalty,0,627e51a5c675,≤r13,1,13,r13 스냅샷
마마무,loyalty,1,243967d51488,≤r13,1,13,r13 스냅샷
마마무,loyalty,2,fa86b7717d8f,≤r13,1,13,r13 스냅샷
마마무,loyalty,3,20b1e20cf82c,≤r13,1,13,r13 스냅샷
마마무,loyalty,4,b72110f13ee4,≤r13,1,13,r13 스냅샷
마마무,loyalty,5,30b64293f5cf,≤r13,1,13,r13 스냅샷
마마무,loyalty,6,0799c5ffa1dc,≤r13,1,13,r13 스냅샷
마마무,loyalty,7,e12f884a8359,≤r13,1,13,r13 스냅샷
마마무,loyalty,8,7248f74d91a1,≤r13,1,13,r13 스냅샷
마마무,loyalty,9,6a422368d0b1,≤r13,1,13,r13 스냅샷
마마무,loyalty,10,f6ee22270226,≤r13,1,13,r13 스냅샷
마마무,loyalty,11,d0ace1ecda68,≤r13,1,13,r13 스냅샷
마마무,loyalty,12,acb5ef4bb1c4,≤r13,1,13,r13 스냅샷
마마무,loyalty,13,691d73a12550,≤r13,1,13,r13 스냅샷
마마무,loyalty,14,3c3059665776,≤r13,1,13,r13 스냅샷
마마무,loyalty,15,b821bd3a59d3,≤r13,1,13,r13 스냅샷
마마무,loyalty,16,ed6e9eb85b83,≤r13,1,13,r13 스냅샷
마마무,loyalty,17,421d2daa3a29,≤r13,1,13,r13 스냅샷
마마무,loyalty,18,12bba9f98859,≤r13,1,13,r13 스냅샷
마마무,loyalty,19,95863de77f9a,≤r13,1,13,r13 스냅샷
마마무,loyalty,20,18ea80db647d,≤r13,1,13,r13 스냅샷
마마무,loyalty,21,4c3c5a5c3401,≤r13,1,13,r13 스냅샷
마마무,loyalty,22,319e0a10b60e,≤r13,1,13,r13 스냅샷
마마무,loyalty,23,f78f84219073,r14∼r22,14,22,r22 백업
마마무,loyalty,24,0e8da0326b6f,r14∼r22,14,22,r22 백업
마마무,loyalty,25,8fe9d2de509c,r14∼r22,14,22,r22 백업
마마무,loyalty,26,2522b63cacf5,r23∼r39,23,39,동결 근사 복원본
마마무,loyalty,27,767525e2e229,r23∼r39,23,39,동결 근사 복원본
마마무,loyalty,28,5355a2745c69,r23∼r39,23,39,동결 근사 복원본
마마무,loyalty,29,21b302adaa6a,r23∼r39,23,39,동결 근사 복원본
마마무,loyalty,30,571871f8317c,r23∼r39,23,39,동결 근사 복원본
마마무,loyalty,31,07b2edda67e3,r41∼r72,41,72,라이브 코퍼스(스냅샷 이후)
마마무,loyalty,32,b3a151d502a8,r41∼r72,41,72,라이브 코퍼스(스냅샷 이후)
마마무,loyalty,33,e44050b3aaea,r41∼r72,41,72,라이브 코퍼스(스냅샷 이후)
마마무,loyalty,34,8e6a79fda534,r41∼r72,41,72,라이브 코퍼스(스냅샷 이후)
마마무,spillover,0,d91fdcda35cf,≤r13,1,13,r13 스냅샷
마마무,spillover,1,dda0b29edefa,≤r13,1,13,r13 스냅샷
마마무,spillover,2,bf6da712fce4,≤r13,1,13,r13 스냅샷
마마무,spillover,3,f92e3bafe9bc,≤r13,1,13,r13 스냅샷
마마무,spillover,4,c7be70bf4e98,≤r13,1,13,r13 스냅샷
마마무,spillover,5,e42fb24ec97d,≤r13,1,13,r13 스냅샷
마마무,spillover,6,15baad8f6fb4,≤r13,1,13,r13 스냅샷
마마무,spillover,7,0b67e155a841,≤r13,1,13,r13 스냅샷
마마무,spillover,8,95b0a3c2162d,≤r13,1,13,r13 스냅샷
마마무,spillover,9,2533634e3ff8,≤r13,1,13,r13 스냅샷
마마무,spillover,10,b3ad7af9da00,≤r13,1,13,r13 스냅샷
마마무,spillover,11,488f0fd5d6a9,≤r13,1,13,r13 스냅샷
마마무,spillover,12,f89f3c608c28,≤r13,1,13,r13 스냅샷
마마무,spillover,13,dbddc3b5c90e,≤r13,1,13,r13 스냅샷
마마무,spillover,14,2beb4959c567,≤r13,1,13,r13 스냅샷
마마무,spillover,15,c3b9cb48ad0a,≤r13,1,13,r13 스냅샷
마마무,spillover,16,2a392cd725e6,≤r13,1,13,r13 스냅샷
마마무,spillover,17,3439ee26bd31,≤r13,1,13,r13 스냅샷
마마무,spillover,18,7318569f5da6,≤r13,1,13,r13 스냅샷
마마무,spillover,19,0169b93eea1d,≤r13,1,13,r13 스냅샷
마마무,spillover,20,d2f956eacfa9,≤r13,1,13,r13 스냅샷
마마무,spillover,21,7ba84f621bcd,≤r13,1,13,r13 스냅샷
마마무,spillover,22,d1510afefd1d,r14∼r22,14,22,r22 백업
마마무,spillover,23,2406422b0a3b,r14∼r22,14,22,r22 백업
마마무,spillover,24,ec298beaf6c8,r23∼r39,23,39,동결 근사 복원본
마마무,spillover,25,182692c250fa,r23∼r39,23,39,동결 근사 복원본
마마무,spillover,26,45b8fefef991,r23∼r39,23,39,동결 근사 복원본
마마무,spillover,27,ab55be11e638,r23∼r39,23,39,동결 근사 복원본
마마무,spillover,28,c5f142ceb086,r23∼r39,23,39,동결 근사 복원본
마마무,spillover,29,2605c5d8b8c0,r23∼r39,23,39,동결 근사 복원본
마마무,spillover,30,36610adc5c83,r23∼r39,23,39,동결 근사 복원본
마마무,spillover,31,a1168cfdf133,r23∼r39,23,39,동결 근사 복원본
마마무,spillover,32,644dbcb05ad1,r23∼r39,23,39,동결 근사 복원본
마마무,spillover,33,db6119cac7f3,r23∼r39,23,39,동결 근사 복원본
마마무,spillover,34,43ae143500d2,r23∼r39,23,39,동결 근사 복원본
마마무,spillover,35,b6e584e5fd3e,r23∼r39,23,39,동결 근사 복원본
마마무,spillover,36,ba0cd63b24cc,r23∼r39,23,39,동결 근사 복원본
마마무,spillover,37,056ee6341a74,r23∼r39,23,39,동결 근사 복원본
마마무,spillover,38,a86e0e9b7601,r23∼r39,23,39,동결 근사 복원본
마마무,spillover,39,58c260259c47,r23∼r39,23,39,동결 근사 복원본
마마무,spillover,40,9a96599caa29,r23∼r39,23,39,동결 근사 복원본
마마무,spillover,41,70994b8bd254,r23∼r39,23,39,동결 근사 복원본
마마무,spillover,42,2d670e91eaa9,r41∼r72,41,72,라이브 코퍼스(스냅샷 이후)
마마무,spillover,43,ba5a65a87b3f,r41∼r72,41,72,라이브 코퍼스(스냅샷 이후)
마마무,spillover,44,71bac9459e86,r41∼r72,41,72,라이브 코퍼스(스냅샷 이후)
마마무,spillover,45,21be47ebaf36,r41∼r72,41,72,라이브 코퍼스(스냅샷 이후)
마마무,spillover,46,6b975e9121f9,r41∼r72,41,72,라이브 코퍼스(스냅샷 이후)
마마무,spillover,47,bbaf4d0cc0eb,r41∼r72,41,72,라이브 코퍼스(스냅샷 이후)
마마무,spillover,48,f9c0c2fecb9a,r41∼r72,41,72,라이브 코퍼스(스냅샷 이후)
마마무,spillover,49,b55003c0c44b,r41∼r72,41,72,라이브 코퍼스(스냅샷 이후)
마마무,spillover,50,94596a79c13b,r41∼r72,41,72,라이브 코퍼스(스냅샷 이후)
마마무,spillover,51,3f03a772f9d8,r41∼r72,41,72,라이브 코퍼스(스냅샷 이후)
마마무,spillover,52,9a90241c0a7a,r41∼r72,41,72,라이브 코퍼스(스냅샷 이후)
마마무,spillover,53,46cb31b7bc9d,r41∼r72,41,72,라이브 코퍼스(스냅샷 이후)
마마무,spillover,54,35be50e066fa,r41∼r72,41,72,라이브 코퍼스(스냅샷 이후)
마마무,spillover,55,3d8baef28d7c,r41∼r72,41,72,라이브 코퍼스(스냅샷 이후)
마마무,spillover,56,b9a6d028caa1,r41∼r72,41,72,라이브 코퍼스(스냅샷 이후)
마마무,spillover,57,04d1d94523f1,r41∼r72,41,72,라이브 코퍼스(스냅샷 이후)
마마무,spillover,58,75b438a95d49,r41∼r72,41,72,라이브 코퍼스(스냅샷 이후)
아이오아이,loyalty,0,eb7d110c310c,≤r13,1,13,r13 스냅샷
아이오아이,loyalty,1,878cea7e52af,≤r13,1,13,r13 스냅샷
아이오아이,loyalty,2,f9adfdcfd2d1,≤r13,1,13,r13 스냅샷
아이오아이,loyalty,3,40e94f5c2cc7,≤r13,1,13,r13 스냅샷
아이오아이,loyalty,4,875bd3bebe22,≤r13,1,13,r13 스냅샷
아이오아이,loyalty,5,9ab4dcc57dc4,≤r13,1,13,r13 스냅샷
아이오아이,loyalty,6,a7919d47fef1,≤r13,1,13,r13 스냅샷
아이오아이,loyalty,7,a68ebcce7cf3,≤r13,1,13,r13 스냅샷
아이오아이,loyalty,8,fa91349d9d90,≤r13,1,13,r13 스냅샷
아이오아이,loyalty,9,1b673b8048b7,≤r13,1,13,r13 스냅샷
아이오아이,loyalty,10,f039cb9ceb28,≤r13,1,13,r13 스냅샷
아이오아이,loyalty,11,0bc1d1918e5e,≤r13,1,13,r13 스냅샷
아이오아이,loyalty,12,a9f0cf6d9622,≤r13,1,13,r13 스냅샷
아이오아이,loyalty,13,95ee8240a5b4,≤r13,1,13,r13 스냅샷
아이오아이,loyalty,14,63cef86d5676,≤r13,1,13,r13 스냅샷
아이오아이,loyalty,15,39e20c86d5cc,≤r13,1,13,r13 스냅샷
아이오아이,loyalty,16,b33cc056827e,≤r13,1,13,r13 스냅샷
아이오아이,loyalty,17,4b7922107016,≤r13,1,13,r13 스냅샷
아이오아이,loyalty,18,07e0aea3b91f,≤r13,1,13,r13 스냅샷
아이오아이,loyalty,19,1545a79c1ac1,≤r13,1,13,r13 스냅샷
아이오아이,loyalty,20,71244967afa5,≤r13,1,13,r13 스냅샷
아이오아이,loyalty,21,28fd4872bdea,r14∼r22,14,22,r22 백업
아이오아이,loyalty,22,1a451e51faad,r14∼r22,14,22,r22 백업
아이오아이,loyalty,23,f2695e443e71,r14∼r22,14,22,r22 백업
아이오아이,loyalty,24,044742b26ac4,r14∼r22,14,22,r22 백업
아이오아이,loyalty,25,ae38b473abb7,r14∼r22,14,22,r22 백업
아이오아이,loyalty,26,0c99607998c4,r14∼r22,14,22,r22 백업
아이오아이,loyalty,27,b5070a3c9d89,r14∼r22,14,22,r22 백업
아이오아이,loyalty,28,145b87526a55,r14∼r22,14,22,r22 백업
아이오아이,loyalty,29,7030e112251a,r14∼r22,14,22,r22 백업
아이오아이,loyalty,30,ddb63a62f3cb,r14∼r22,14,22,r22 백업
아이오아이,loyalty,31,c83816595e0c,r14∼r22,14,22,r22 백업
아이오아이,loyalty,32,130f652eea26,r14∼r22,14,22,r22 백업
아이오아이,loyalty,33,f453f6e6b848,r14∼r22,14,22,r22 백업
아이오아이,loyalty,34,e253da2e9444,r14∼r22,14,22,r22 백업
아이오아이,loyalty,35,819ac2eb4b39,r14∼r22,14,22,r22 백업
아이오아이,loyalty,36,0019ca7c9ffd,r23∼r39,23,39,동결 근사 복원본
아이오아이,loyalty,37,b997e3f1f880,r41∼r72,41,72,라이브 코퍼스(스냅샷 이후)
아이오아이,loyalty,38,4fd37faddbb3,r41∼r72,41,72,라이브 코퍼스(스냅샷 이후)
아이오아이,loyalty,39,5225fd3613fc,r41∼r72,41,72,라이브 코퍼스(스냅샷 이후)
아이오아이,loyalty,40,150a52b9abcb,r41∼r72,41,72,라이브 코퍼스(스냅샷 이후)
아이오아이,loyalty,41,e2f474d4c57a,r41∼r72,41,72,라이브 코퍼스(스냅샷 이후)
아이오아이,loyalty,42,0758626460d1,r41∼r72,41,72,라이브 코퍼스(스냅샷 이후)
아이오아이,loyalty,43,af54565b2b83,r41∼r72,41,72,라이브 코퍼스(스냅샷 이후)
아이오아이,loyalty,44,d29a0c1726ff,r41∼r72,41,72,라이브 코퍼스(스냅샷 이후)
아이오아이,spillover,0,8d3236a95fe9,≤r13,1,13,r13 스냅샷
아이오아이,spillover,1,2abb7e67f16d,≤r13,1,13,r13 스냅샷
아이오아이,spillover,2,66198abf1135,≤r13,1,13,r13 스냅샷
아이오아이,spillover,3,c8ff73e3e95e,≤r13,1,13,r13 스냅샷
아이오아이,spillover,4,a1b28fbb83fd,≤r13,1,13,r13 스냅샷
아이오아이,spillover,5,8427cc5d4c81,≤r13,1,13,r13 스냅샷
아이오아이,spillover,6,cb0babf7d1f8,≤r13,1,13,r13 스냅샷
아이오아이,spillover,7,fb2e43260ef6,≤r13,1,13,r13 스냅샷
아이오아이,spillover,8,4562d04f10db,≤r13,1,13,r13 스냅샷
아이오아이,spillover,9,c5a8872c6428,≤r13,1,13,r13 스냅샷
아이오아이,spillover,10,9f8065b62ddd,≤r13,1,13,r13 스냅샷
아이오아이,spillover,11,007f02a76255,≤r13,1,13,r13 스냅샷
아이오아이,spillover,12,070cbaca5776,≤r13,1,13,r13 스냅샷
아이오아이,spillover,13,5149e6faf370,≤r13,1,13,r13 스냅샷
아이오아이,spillover,14,026a7723f80a,≤r13,1,13,r13 스냅샷
아이오아이,spillover,15,449ab29624a6,≤r13,1,13,r13 스냅샷
아이오아이,spillover,16,e6a16e4b558f,≤r13,1,13,r13 스냅샷
아이오아이,spillover,17,3a52ebc6401a,≤r13,1,13,r13 스냅샷
아이오아이,spillover,18,cf39fa560017,r14∼r22,14,22,r22 백업
아이오아이,spillover,19,894202d69200,r14∼r22,14,22,r22 백업
아이오아이,spillover,20,a9c8cfb28f8a,r14∼r22,14,22,r22 백업
아이오아이,spillover,21,0ed23dcf1409,r14∼r22,14,22,r22 백업
아이오아이,spillover,22,cebaf44f5bd9,r23∼r39,23,39,동결 근사 복원본
아이오아이,spillover,23,e818c2955e6b,r23∼r39,23,39,동결 근사 복원본
아이오아이,spillover,24,fa13b3ae9022,r23∼r39,23,39,동결 근사 복원본
아이오아이,spillover,25,b5488e696b54,r23∼r39,23,39,동결 근사 복원본
아이오아이,spillover,26,3c49c46aab95,r23∼r39,23,39,동결 근사 복원본
아이오아이,spillover,27,952e79c869d6,r23∼r39,23,39,동결 근사 복원본
아이오아이,spillover,28,bd7b06576d3b,r23∼r39,23,39,동결 근사 복원본
아이오아이,spillover,29,5808224a6617,r23∼r39,23,39,동결 근사 복원본
아이오아이,spillover,30,da966dbd5f35,r23∼r39,23,39,동결 근사 복원본
아이오아이,spillover,31,a155e8318f55,r23∼r39,23,39,동결 근사 복원본
아이오아이,spillover,32,0623a4261db8,r23∼r39,23,39,동결 근사 복원본
아이오아이,spillover,33,bc58aff0dcbd,r41∼r72,41,72,라이브 코퍼스(스냅샷 이후)
아이오아이,spillover,34,94628c085745,r41∼r72,41,72,라이브 코퍼스(스냅샷 이후)
아이오아이,spillover,35,36489225b2cd,r41∼r72,41,72,라이브 코퍼스(스냅샷 이후)
아이오아이,spillover,36,bacdf8e01586,r41∼r72,41,72,라이브 코퍼스(스냅샷 이후)
아이오아이,spillover,37,b87f0c295d2b,r41∼r72,41,72,라이브 코퍼스(스냅샷 이후)
아이오아이,spillover,38,86cd48e41608,r41∼r72,41,72,라이브 코퍼스(스냅샷 이후)
아이오아이,spillover,39,08afef8c0e67,r41∼r72,41,72,라이브 코퍼스(스냅샷 이후)
아이오아이,spillover,40,d6d9fc445ddc,r41∼r72,41,72,라이브 코퍼스(스냅샷 이후)
아이오아이,spillover,41,dfbd2fe443b3,r41∼r72,41,72,라이브 코퍼스(스냅샷 이후)
아이오아이,spillover,42,0c20cba0d8a2,r41∼r72,41,72,라이브 코퍼스(스냅샷 이후)
아이오아이,spillover,43,a6f81951f203,r41∼r72,41,72,라이브 코퍼스(스냅샷 이후)
아이오아이,spillover,44,7172d417ffe3,r41∼r72,41,72,라이브 코퍼스(스냅샷 이후)
아이오아이,spillover,45,354955b4bfd9,r41∼r72,41,72,라이브 코퍼스(스냅샷 이후)
아이오아이,spillover,46,8ae65180099b,r41∼r72,41,72,라이브 코퍼스(스냅샷 이후)
아이오아이,spillover,47,a9088d64d997,r41∼r72,41,72,라이브 코퍼스(스냅샷 이후)
아이오아이,spillover,48,26113e08d47e,r41∼r72,41,72,라이브 코퍼스(스냅샷 이후)
아이오아이,spillover,49,2d8822e6f86d,r41∼r72,41,72,라이브 코퍼스(스냅샷 이후)
Hearts2Hearts,loyalty,0,a0a562820de7,≤r13,1,13,r13 스냅샷
Hearts2Hearts,loyalty,1,21ea310ced81,≤r13,1,13,r13 스냅샷
Hearts2Hearts,loyalty,2,e1d052cf82f9,≤r13,1,13,r13 스냅샷
Hearts2Hearts,loyalty,3,bb93d81aa199,≤r13,1,13,r13 스냅샷
Hearts2Hearts,loyalty,4,789057f12a67,≤r13,1,13,r13 스냅샷
Hearts2Hearts,loyalty,5,b3d4e91f70b0,≤r13,1,13,r13 스냅샷
Hearts2Hearts,loyalty,6,65ea2acf8f00,≤r13,1,13,r13 스냅샷
Hearts2Hearts,loyalty,7,ad29f36b0f9b,≤r13,1,13,r13 스냅샷
Hearts2Hearts,loyalty,8,c838ebb1e865,≤r13,1,13,r13 스냅샷
Hearts2Hearts,loyalty,9,152628f6e6b2,≤r13,1,13,r13 스냅샷
Hearts2Hearts,loyalty,10,a5170f28b232,≤r13,1,13,r13 스냅샷
Hearts2Hearts,loyalty,11,dda69db9e7cb,≤r13,1,13,r13 스냅샷
Hearts2Hearts,loyalty,12,a7b9da8ca64f,≤r13,1,13,r13 스냅샷
Hearts2Hearts,loyalty,13,bb71b214ca2f,≤r13,1,13,r13 스냅샷
Hearts2Hearts,loyalty,14,6a4ed2fd2c9e,≤r13,1,13,r13 스냅샷
Hearts2Hearts,loyalty,15,1110fe323cf0,≤r13,1,13,r13 스냅샷
Hearts2Hearts,loyalty,16,47c1fa859a91,≤r13,1,13,r13 스냅샷
Hearts2Hearts,loyalty,17,f6f6e0508216,≤r13,1,13,r13 스냅샷
Hearts2Hearts,loyalty,18,011c3e41cbac,r23∼r39,23,39,동결 근사 복원본
Hearts2Hearts,loyalty,19,1bb6b0ae3575,r23∼r39,23,39,동결 근사 복원본
Hearts2Hearts,loyalty,20,12d01e01e575,r41∼r72,41,72,라이브 코퍼스(스냅샷 이후)
Hearts2Hearts,loyalty,21,9d26fe7aab48,r41∼r72,41,72,라이브 코퍼스(스냅샷 이후)
Hearts2Hearts,loyalty,22,7764065b08c2,r41∼r72,41,72,라이브 코퍼스(스냅샷 이후)
Hearts2Hearts,loyalty,23,c468b987f616,r41∼r72,41,72,라이브 코퍼스(스냅샷 이후)
Hearts2Hearts,loyalty,24,3b89d1d64b9c,r41∼r72,41,72,라이브 코퍼스(스냅샷 이후)
Hearts2Hearts,loyalty,25,e2821cf8c564,r41∼r72,41,72,라이브 코퍼스(스냅샷 이후)
Hearts2Hearts,loyalty,26,ea335228dbe7,r41∼r72,41,72,라이브 코퍼스(스냅샷 이후)
Hearts2Hearts,spillover,0,734dfd2bdb95,≤r13,1,13,r13 스냅샷
Hearts2Hearts,spillover,1,b0cd25d8bf42,≤r13,1,13,r13 스냅샷
Hearts2Hearts,spillover,2,8bf549317868,≤r13,1,13,r13 스냅샷
Hearts2Hearts,spillover,3,4f38ba7a31c2,≤r13,1,13,r13 스냅샷
Hearts2Hearts,spillover,4,153d114bf638,≤r13,1,13,r13 스냅샷
Hearts2Hearts,spillover,5,d4f2b26ae03c,≤r13,1,13,r13 스냅샷
Hearts2Hearts,spillover,6,992398debb34,≤r13,1,13,r13 스냅샷
Hearts2Hearts,spillover,7,699484a023a8,≤r13,1,13,r13 스냅샷
Hearts2Hearts,spillover,8,aa5d238878e2,≤r13,1,13,r13 스냅샷
Hearts2Hearts,spillover,9,258c104aa540,≤r13,1,13,r13 스냅샷
Hearts2Hearts,spillover,10,1b46ae115b3f,≤r13,1,13,r13 스냅샷
Hearts2Hearts,spillover,11,27a625b53996,≤r13,1,13,r13 스냅샷
Hearts2Hearts,spillover,12,39fc00ac0e79,≤r13,1,13,r13 스냅샷
Hearts2Hearts,spillover,13,1f01c7ef5aed,≤r13,1,13,r13 스냅샷
Hearts2Hearts,spillover,14,d80441f7ffc5,≤r13,1,13,r13 스냅샷
Hearts2Hearts,spillover,15,8721f71d1d66,≤r13,1,13,r13 스냅샷
Hearts2Hearts,spillover,16,f3d1c429d3ae,≤r13,1,13,r13 스냅샷
Hearts2Hearts,spillover,17,a1bd07f67a39,≤r13,1,13,r13 스냅샷
Hearts2Hearts,spillover,18,6feadc9be617,≤r13,1,13,r13 스냅샷
Hearts2Hearts,spillover,19,c7bdf9051647,≤r13,1,13,r13 스냅샷
Hearts2Hearts,spillover,20,126f07cc0a97,≤r13,1,13,r13 스냅샷
Hearts2Hearts,spillover,21,e32c7405cccc,≤r13,1,13,r13 스냅샷
Hearts2Hearts,spillover,22,a1a758fdaa64,≤r13,1,13,r13 스냅샷
Hearts2Hearts,spillover,23,fbe0cdd09901,≤r13,1,13,r13 스냅샷
Hearts2Hearts,spillover,24,3824b1f4d084,≤r13,1,13,r13 스냅샷
Hearts2Hearts,spillover,25,433a37fcade5,≤r13,1,13,r13 스냅샷
Hearts2Hearts,spillover,26,8678d2622013,≤r13,1,13,r13 스냅샷
Hearts2Hearts,spillover,27,3f84d3a1b297,≤r13,1,13,r13 스냅샷
Hearts2Hearts,spillover,28,7507b198f1d6,≤r13,1,13,r13 스냅샷
Hearts2Hearts,spillover,29,1389b50843d6,≤r13,1,13,r13 스냅샷
Hearts2Hearts,spillover,30,e8a89ab325e8,≤r13,1,13,r13 스냅샷
Hearts2Hearts,spillover,31,924d5499bf65,≤r13,1,13,r13 스냅샷
Hearts2Hearts,spillover,32,e77f502a6117,r14∼r22,14,22,r22 백업
Hearts2Hearts,spillover,33,e341ac6f57e2,r14∼r22,14,22,r22 백업
Hearts2Hearts,spillover,34,6d98c8572b80,r14∼r22,14,22,r22 백업
Hearts2Hearts,spillover,35,e3b2a540edcc,r23∼r39,23,39,동결 근사 복원본
Hearts2Hearts,spillover,36,083a36a091da,r23∼r39,23,39,동결 근사 복원본
Hearts2Hearts,spillover,37,5d258d9ab351,r23∼r39,23,39,동결 근사 복원본
Hearts2Hearts,spillover,38,642ce6249560,r23∼r39,23,39,동결 근사 복원본
Hearts2Hearts,spillover,39,2228adbcbc8d,r23∼r39,23,39,동결 근사 복원본
Hearts2Hearts,spillover,40,12794182465d,r23∼r39,23,39,동결 근사 복원본
Hearts2Hearts,spillover,41,8a21f9f756d4,r23∼r39,23,39,동결 근사 복원본
Hearts2Hearts,spillover,42,bd790606fd5d,r23∼r39,23,39,동결 근사 복원본
Hearts2Hearts,spillover,43,2b995dad5a6c,r23∼r39,23,39,동결 근사 복원본
Hearts2Hearts,spillover,44,c43455f0572e,r23∼r39,23,39,동결 근사 복원본
Hearts2Hearts,spillover,45,5521b4a63615,r23∼r39,23,39,동결 근사 복원본
Hearts2Hearts,spillover,46,97c03aeda5b2,r23∼r39,23,39,동결 근사 복원본
Hearts2Hearts,spillover,47,bec050d1a9ea,r23∼r39,23,39,동결 근사 복원본
Hearts2Hearts,spillover,48,adea874be4a8,r23∼r39,23,39,동결 근사 복원본
Hearts2Hearts,spillover,49,eb2ede3d37cd,r23∼r39,23,39,동결 근사 복원본
Hearts2Hearts,spillover,50,d01a9e923b94,r41∼r72,41,72,라이브 코퍼스(스냅샷 이후)
Hearts2Hearts,spillover,51,8eccf5d0cca1,r41∼r72,41,72,라이브 코퍼스(스냅샷 이후)
Hearts2Hearts,spillover,52,d81ba7acabd1,r41∼r72,41,72,라이브 코퍼스(스냅샷 이후)
Hearts2Hearts,spillover,53,fa009b079440,r41∼r72,41,72,라이브 코퍼스(스냅샷 이후)
Hearts2Hearts,spillover,54,2d0a0701af32,r41∼r72,41,72,라이브 코퍼스(스냅샷 이후)
Hearts2Hearts,spillover,55,a41bbd4939b5,r41∼r72,41,72,라이브 코퍼스(스냅샷 이후)
Hearts2Hearts,spillover,56,e034b19e9f1a,r41∼r72,41,72,라이브 코퍼스(스냅샷 이후)
Hearts2Hearts,spillover,57,91b11d1c2d95,r41∼r72,41,72,라이브 코퍼스(스냅샷 이후)
Hearts2Hearts,spillover,58,006303dfbb3d,r41∼r72,41,72,라이브 코퍼스(스냅샷 이후)
Hearts2Hearts,spillover,59,9a84967435ef,r41∼r72,41,72,라이브 코퍼스(스냅샷 이후)
Hearts2Hearts,spillover,60,1889b0c43286,r41∼r72,41,72,라이브 코퍼스(스냅샷 이후)
Hearts2Hearts,spillover,61,708a019eecf4,r41∼r72,41,72,라이브 코퍼스(스냅샷 이후)
Hearts2Hearts,spillover,62,e6437a413ecd,r41∼r72,41,72,라이브 코퍼스(스냅샷 이후)
Hearts2Hearts,spillover,63,c1c730471741,r41∼r72,41,72,라이브 코퍼스(스냅샷 이후)
Hearts2Hearts,spillover,64,237f79267e78,r41∼r72,41,72,라이브 코퍼스(스냅샷 이후)
Hearts2Hearts,spillover,65,a24c33e1450a,r41∼r72,41,72,라이브 코퍼스(스냅샷 이후)
Hearts2Hearts,spillover,66,f4ac1d9cedb2,r41∼r72,41,72,라이브 코퍼스(스냅샷 이후)
Hearts2Hearts,spillover,67,5746123b223f,r41∼r72,41,72,라이브 코퍼스(스냅샷 이후)
Hearts2Hearts,spillover,68,2c4c6afdaaa5,r41∼r72,41,72,라이브 코퍼스(스냅샷 이후)
Hearts2Hearts,spillover,69,76b60d23a75d,r41∼r72,41,72,라이브 코퍼스(스냅샷 이후)
Hearts2Hearts,spillover,70,5f17fb12cef3,r41∼r72,41,72,라이브 코퍼스(스냅샷 이후)
Hearts2Hearts,spillover,71,02525a666e9d,r41∼r72,41,72,라이브 코퍼스(스냅샷 이후)
Hearts2Hearts,spillover,72,ed6fe0f3e00d,r41∼r72,41,72,라이브 코퍼스(스냅샷 이후)
Hearts2Hearts,spillover,73,12d050529512,r41∼r72,41,72,라이브 코퍼스(스냅샷 이후)
Hearts2Hearts,spillover,74,41816c19d0c5,r41∼r72,41,72,라이브 코퍼스(스냅샷 이후)
워너원,loyalty,0,ba9315fe8dd2,≤r13,1,13,r13 스냅샷
워너원,loyalty,1,06f61ec7fd12,≤r13,1,13,r13 스냅샷
워너원,loyalty,2,39d37a4ef1ed,≤r13,1,13,r13 스냅샷
워너원,loyalty,3,9ce03ba84de2,≤r13,1,13,r13 스냅샷
워너원,loyalty,4,e12308a5e5ae,≤r13,1,13,r13 스냅샷
워너원,loyalty,5,029880e5b597,≤r13,1,13,r13 스냅샷
워너원,loyalty,6,3df2d79b008c,≤r13,1,13,r13 스냅샷
워너원,loyalty,7,c9ff8d13db65,≤r13,1,13,r13 스냅샷
워너원,loyalty,8,2a1e586c29f5,≤r13,1,13,r13 스냅샷
워너원,loyalty,9,cc9028186f08,≤r13,1,13,r13 스냅샷
워너원,loyalty,10,440648621852,≤r13,1,13,r13 스냅샷
워너원,loyalty,11,ac480b29d5dc,≤r13,1,13,r13 스냅샷
워너원,loyalty,12,058580056ce9,≤r13,1,13,r13 스냅샷
워너원,loyalty,13,aa9155d5a2d6,≤r13,1,13,r13 스냅샷
워너원,loyalty,14,c1e4b2f5a4d5,≤r13,1,13,r13 스냅샷
워너원,loyalty,15,d5e3b6b5bb22,≤r13,1,13,r13 스냅샷
워너원,loyalty,16,3424357629c7,≤r13,1,13,r13 스냅샷
워너원,loyalty,17,94939a27fad7,≤r13,1,13,r13 스냅샷
워너원,loyalty,18,e96948080cd0,≤r13,1,13,r13 스냅샷
워너원,loyalty,19,516757925d62,≤r13,1,13,r13 스냅샷
워너원,loyalty,20,c7807e6da562,≤r13,1,13,r13 스냅샷
워너원,loyalty,21,df259281a168,≤r13,1,13,r13 스냅샷
워너원,loyalty,22,179d222f4a01,≤r13,1,13,r13 스냅샷
워너원,loyalty,23,c7f25ac494ee,r14∼r22,14,22,r22 백업
워너원,loyalty,24,94163bcfbd95,r14∼r22,14,22,r22 백업
워너원,loyalty,25,565db55af42e,r14∼r22,14,22,r22 백업
워너원,loyalty,26,e087b365ea7f,r14∼r22,14,22,r22 백업
워너원,loyalty,27,063d7b073a7e,r14∼r22,14,22,r22 백업
워너원,loyalty,28,4e1564ee30c9,r14∼r22,14,22,r22 백업
워너원,loyalty,29,e8422740b9ab,r14∼r22,14,22,r22 백업
워너원,loyalty,30,ce55f7bc6f74,r14∼r22,14,22,r22 백업
워너원,loyalty,31,e308e76c99e8,r14∼r22,14,22,r22 백업
워너원,loyalty,32,a8bb2186ac76,r14∼r22,14,22,r22 백업
워너원,loyalty,33,5f4cf2cdbdff,r14∼r22,14,22,r22 백업
워너원,loyalty,34,0d98496630e6,r14∼r22,14,22,r22 백업
워너원,loyalty,35,e4dfb382f209,r14∼r22,14,22,r22 백업
워너원,loyalty,36,8268cb1882b3,r14∼r22,14,22,r22 백업
워너원,loyalty,37,cbae0f39de5c,r14∼r22,14,22,r22 백업
워너원,loyalty,38,68c74ba9fa87,r14∼r22,14,22,r22 백업
워너원,loyalty,39,a6fb92a138e4,r14∼r22,14,22,r22 백업
워너원,loyalty,40,2ec8455c3dc0,r23∼r39,23,39,동결 근사 복원본
워너원,loyalty,41,097f26c77375,r23∼r39,23,39,동결 근사 복원본
워너원,loyalty,42,0924074e77bd,r41∼r72,41,72,라이브 코퍼스(스냅샷 이후)
워너원,loyalty,43,58b54ef74f60,r41∼r72,41,72,라이브 코퍼스(스냅샷 이후)
워너원,loyalty,44,6946e62619e0,r41∼r72,41,72,라이브 코퍼스(스냅샷 이후)
워너원,loyalty,45,40055f348882,r41∼r72,41,72,라이브 코퍼스(스냅샷 이후)
워너원,loyalty,46,66d02e960834,r41∼r72,41,72,라이브 코퍼스(스냅샷 이후)
워너원,loyalty,47,f7b206c2b3e0,r41∼r72,41,72,라이브 코퍼스(스냅샷 이후)
워너원,spillover,0,c99a3dc8496d,≤r13,1,13,r13 스냅샷
워너원,spillover,1,6c6571036064,≤r13,1,13,r13 스냅샷
워너원,spillover,2,c477a695f3b3,≤r13,1,13,r13 스냅샷
워너원,spillover,3,bd2792100500,≤r13,1,13,r13 스냅샷
워너원,spillover,4,44ed06a219a2,≤r13,1,13,r13 스냅샷
워너원,spillover,5,8a984f2354b1,≤r13,1,13,r13 스냅샷
워너원,spillover,6,9fe1b45662d9,≤r13,1,13,r13 스냅샷
워너원,spillover,7,a9ee1355009d,≤r13,1,13,r13 스냅샷
워너원,spillover,8,bdc52cf369be,≤r13,1,13,r13 스냅샷
워너원,spillover,9,7ce2a27e6978,≤r13,1,13,r13 스냅샷
워너원,spillover,10,232ab3d59355,≤r13,1,13,r13 스냅샷
워너원,spillover,11,f8de2b60093b,≤r13,1,13,r13 스냅샷
워너원,spillover,12,7e3d1875d8eb,≤r13,1,13,r13 스냅샷
워너원,spillover,13,b81616d7cf68,≤r13,1,13,r13 스냅샷
워너원,spillover,14,544413842fa8,≤r13,1,13,r13 스냅샷
워너원,spillover,15,f2a4430ec802,≤r13,1,13,r13 스냅샷
워너원,spillover,16,941223efad95,≤r13,1,13,r13 스냅샷
워너원,spillover,17,503f7f9389fd,≤r13,1,13,r13 스냅샷
워너원,spillover,18,51ff0c77086e,≤r13,1,13,r13 스냅샷
워너원,spillover,19,4e3db67d14e7,≤r13,1,13,r13 스냅샷
워너원,spillover,20,8bfb6bed0b4b,≤r13,1,13,r13 스냅샷
워너원,spillover,21,767c8ebc7f1f,≤r13,1,13,r13 스냅샷
워너원,spillover,22,97ab77f6c3ac,≤r13,1,13,r13 스냅샷
워너원,spillover,23,26011feef084,≤r13,1,13,r13 스냅샷
워너원,spillover,24,226894352887,≤r13,1,13,r13 스냅샷
워너원,spillover,25,61b62684bbce,≤r13,1,13,r13 스냅샷
워너원,spillover,26,47267310e541,≤r13,1,13,r13 스냅샷
워너원,spillover,27,fb0600bf892a,≤r13,1,13,r13 스냅샷
워너원,spillover,28,e95df3d38637,≤r13,1,13,r13 스냅샷
워너원,spillover,29,d0934c55f029,≤r13,1,13,r13 스냅샷
워너원,spillover,30,d6edee7474d1,≤r13,1,13,r13 스냅샷
워너원,spillover,31,3a7c3202af51,≤r13,1,13,r13 스냅샷
워너원,spillover,32,d14df87aeaa7,≤r13,1,13,r13 스냅샷
워너원,spillover,33,841cbe331909,r14∼r22,14,22,r22 백업
워너원,spillover,34,4dbd01737f5b,r14∼r22,14,22,r22 백업
워너원,spillover,35,7a04e1525d17,r14∼r22,14,22,r22 백업
워너원,spillover,36,d5c7d80f929b,r14∼r22,14,22,r22 백업
워너원,spillover,37,6ac888e154ca,r14∼r22,14,22,r22 백업
워너원,spillover,38,0d1f3a758727,r23∼r39,23,39,동결 근사 복원본
워너원,spillover,39,e9da617dccef,r23∼r39,23,39,동결 근사 복원본
워너원,spillover,40,d307604bc3c5,r23∼r39,23,39,동결 근사 복원본
워너원,spillover,41,5f1f36c52498,r23∼r39,23,39,동결 근사 복원본
워너원,spillover,42,c764bcb0dd9d,r23∼r39,23,39,동결 근사 복원본
워너원,spillover,43,3ff589518840,r23∼r39,23,39,동결 근사 복원본
워너원,spillover,44,8f44627755b6,r23∼r39,23,39,동결 근사 복원본
워너원,spillover,45,27e5c949b4c5,r23∼r39,23,39,동결 근사 복원본
워너원,spillover,46,34c8a2eb4ae6,r23∼r39,23,39,동결 근사 복원본
워너원,spillover,47,c50c637d89ae,r23∼r39,23,39,동결 근사 복원본
워너원,spillover,48,79a03ce320c6,r23∼r39,23,39,동결 근사 복원본
워너원,spillover,49,55a3195af7f1,r23∼r39,23,39,동결 근사 복원본
워너원,spillover,50,597bca43c7c7,r23∼r39,23,39,동결 근사 복원본
워너원,spillover,51,aae6021c8d7c,r23∼r39,23,39,동결 근사 복원본
워너원,spillover,52,19518b27e29c,r23∼r39,23,39,동결 근사 복원본
워너원,spillover,53,17015e1c076b,r41∼r72,41,72,라이브 코퍼스(스냅샷 이후)
워너원,spillover,54,5710fa823b45,r41∼r72,41,72,라이브 코퍼스(스냅샷 이후)
워너원,spillover,55,a971cdf05fdc,r41∼r72,41,72,라이브 코퍼스(스냅샷 이후)
워너원,spillover,56,32258bb34b44,r41∼r72,41,72,라이브 코퍼스(스냅샷 이후)
워너원,spillover,57,1e4640a1e815,r41∼r72,41,72,라이브 코퍼스(스냅샷 이후)
워너원,spillover,58,00922cbf6288,r41∼r72,41,72,라이브 코퍼스(스냅샷 이후)
워너원,spillover,59,c46c4992c3ed,r41∼r72,41,72,라이브 코퍼스(스냅샷 이후)
워너원,spillover,60,1062e9056aa4,r41∼r72,41,72,라이브 코퍼스(스냅샷 이후)
워너원,spillover,61,48325e71b398,r41∼r72,41,72,라이브 코퍼스(스냅샷 이후)
워너원,spillover,62,705415fcbaf9,r41∼r72,41,72,라이브 코퍼스(스냅샷 이후)
워너원,spillover,63,e10422c09721,r41∼r72,41,72,라이브 코퍼스(스냅샷 이후)
워너원,spillover,64,e59ee5bc614d,r41∼r72,41,72,라이브 코퍼스(스냅샷 이후)
워너원,spillover,65,25a3fc71c912,r41∼r72,41,72,라이브 코퍼스(스냅샷 이후)
워너원,spillover,66,d0a0f54963a1,r41∼r72,41,72,라이브 코퍼스(스냅샷 이후)
워너원,spillover,67,ddf3d9c5691c,r41∼r72,41,72,라이브 코퍼스(스냅샷 이후)
워너원,spillover,68,4e22bb564351,r41∼r72,41,72,라이브 코퍼스(스냅샷 이후)
워너원,spillover,69,58722f4e45f6,r41∼r72,41,72,라이브 코퍼스(스냅샷 이후)
워너원,spillover,70,7f532b81bda0,r41∼r72,41,72,라이브 코퍼스(스냅샷 이후)
워너원,spillover,71,393704489741,r41∼r72,41,72,라이브 코퍼스(스냅샷 이후)
워너원,spillover,72,4b4ee90ce374,r41∼r72,41,72,라이브 코퍼스(스냅샷 이후)
워너원,spillover,73,0b1379df1d0b,r41∼r72,41,72,라이브 코퍼스(스냅샷 이후)
워너원,spillover,74,56f2a6f61d96,r41∼r72,41,72,라이브 코퍼스(스냅샷 이후)
아일릿,loyalty,0,bd70bfab5ac9,≤r13,1,13,r13 스냅샷
아일릿,loyalty,1,401138f99d60,≤r13,1,13,r13 스냅샷
아일릿,loyalty,2,53da3d88ae2c,≤r13,1,13,r13 스냅샷
아일릿,loyalty,3,d717dd223b4e,≤r13,1,13,r13 스냅샷
아일릿,loyalty,4,87cb5923c7a9,≤r13,1,13,r13 스냅샷
아일릿,loyalty,5,1b93f80eb50d,≤r13,1,13,r13 스냅샷
아일릿,loyalty,6,ded0fcd94622,≤r13,1,13,r13 스냅샷
아일릿,loyalty,7,5bbc2014f8ac,≤r13,1,13,r13 스냅샷
아일릿,loyalty,8,17b8409e4257,≤r13,1,13,r13 스냅샷
아일릿,loyalty,9,d8b5b84ef6e0,≤r13,1,13,r13 스냅샷
아일릿,loyalty,10,814bb58daf4b,≤r13,1,13,r13 스냅샷
아일릿,loyalty,11,e2f2ce6b0e01,≤r13,1,13,r13 스냅샷
아일릿,loyalty,12,9b60ef12a734,≤r13,1,13,r13 스냅샷
아일릿,loyalty,13,ac0ba8422c36,≤r13,1,13,r13 스냅샷
아일릿,loyalty,14,65cc91a5a288,≤r13,1,13,r13 스냅샷
아일릿,loyalty,15,cf1e73bb071a,≤r13,1,13,r13 스냅샷
아일릿,loyalty,16,e420d580aa85,≤r13,1,13,r13 스냅샷
아일릿,loyalty,17,7f55b2b98c3c,≤r13,1,13,r13 스냅샷
아일릿,loyalty,18,0d814de54667,≤r13,1,13,r13 스냅샷
아일릿,loyalty,19,5cf210552c26,r14∼r22,14,22,r22 백업
아일릿,loyalty,20,7fe4014456d7,r14∼r22,14,22,r22 백업
아일릿,loyalty,21,0b8c8163cb29,r14∼r22,14,22,r22 백업
아일릿,loyalty,22,9b6a0f2b9d99,r14∼r22,14,22,r22 백업
아일릿,loyalty,23,5e1dc1e86c18,r14∼r22,14,22,r22 백업
아일릿,loyalty,24,3dbdc180cd9a,r14∼r22,14,22,r22 백업
아일릿,loyalty,25,6a2325ed7bef,r14∼r22,14,22,r22 백업
아일릿,loyalty,26,1dfccead3d55,r14∼r22,14,22,r22 백업
아일릿,loyalty,27,d0a5d4435ca8,r14∼r22,14,22,r22 백업
아일릿,loyalty,28,430d211de23b,r14∼r22,14,22,r22 백업
아일릿,loyalty,29,4a85f82b170a,r41∼r72,41,72,라이브 코퍼스(스냅샷 이후)
아일릿,loyalty,30,9d119d86bf89,r41∼r72,41,72,라이브 코퍼스(스냅샷 이후)
아일릿,spillover,0,eb2ab9461308,≤r13,1,13,r13 스냅샷
아일릿,spillover,1,8fb765a49479,≤r13,1,13,r13 스냅샷
아일릿,spillover,2,788132729125,≤r13,1,13,r13 스냅샷
아일릿,spillover,3,cda054ef2e3a,≤r13,1,13,r13 스냅샷
아일릿,spillover,4,9881c3262c13,≤r13,1,13,r13 스냅샷
아일릿,spillover,5,4cce9daf9e4d,≤r13,1,13,r13 스냅샷
아일릿,spillover,6,01128aaf93a3,≤r13,1,13,r13 스냅샷
아일릿,spillover,7,5c5770411a83,≤r13,1,13,r13 스냅샷
아일릿,spillover,8,9188b5149df4,≤r13,1,13,r13 스냅샷
아일릿,spillover,9,78431819e31d,≤r13,1,13,r13 스냅샷
아일릿,spillover,10,f470606a3914,≤r13,1,13,r13 스냅샷
아일릿,spillover,11,a9dc23e83f59,≤r13,1,13,r13 스냅샷
아일릿,spillover,12,191add4fa72c,≤r13,1,13,r13 스냅샷
아일릿,spillover,13,85fff1f156b7,≤r13,1,13,r13 스냅샷
아일릿,spillover,14,4de503ccfcdf,≤r13,1,13,r13 스냅샷
아일릿,spillover,15,bdda13c0c3d5,≤r13,1,13,r13 스냅샷
아일릿,spillover,16,1c91ed50883b,≤r13,1,13,r13 스냅샷
아일릿,spillover,17,3b7620fa65ea,≤r13,1,13,r13 스냅샷
아일릿,spillover,18,d0df75338839,≤r13,1,13,r13 스냅샷
아일릿,spillover,19,407c6f5af78d,≤r13,1,13,r13 스냅샷
아일릿,spillover,20,294c85d65323,≤r13,1,13,r13 스냅샷
아일릿,spillover,21,f899b06527aa,≤r13,1,13,r13 스냅샷
아일릿,spillover,22,044825c75ca5,≤r13,1,13,r13 스냅샷
아일릿,spillover,23,b2120ed82777,≤r13,1,13,r13 스냅샷
아일릿,spillover,24,28f302cb931c,≤r13,1,13,r13 스냅샷
아일릿,spillover,25,d1e6e02f3932,≤r13,1,13,r13 스냅샷
아일릿,spillover,26,af8cb84532bc,≤r13,1,13,r13 스냅샷
아일릿,spillover,27,2d5a1bd389d0,≤r13,1,13,r13 스냅샷
아일릿,spillover,28,1319b6c9beb9,≤r13,1,13,r13 스냅샷
아일릿,spillover,29,4a1539d95bfd,≤r13,1,13,r13 스냅샷
아일릿,spillover,30,4e8494c34109,≤r13,1,13,r13 스냅샷
아일릿,spillover,31,09aaa0550c00,≤r13,1,13,r13 스냅샷
아일릿,spillover,32,2f609014312f,≤r13,1,13,r13 스냅샷
아일릿,spillover,33,8cce6c1c5524,≤r13,1,13,r13 스냅샷
아일릿,spillover,34,5a4a13f8835d,≤r13,1,13,r13 스냅샷
아일릿,spillover,35,e0361814e0eb,≤r13,1,13,r13 스냅샷
아일릿,spillover,36,55de68eba963,≤r13,1,13,r13 스냅샷
아일릿,spillover,37,46d18c9e2a5a,≤r13,1,13,r13 스냅샷
아일릿,spillover,38,1121e9678c42,r14∼r22,14,22,r22 백업
아일릿,spillover,39,e9dfeab24704,r14∼r22,14,22,r22 백업
아일릿,spillover,40,3926d2702c53,r14∼r22,14,22,r22 백업
아일릿,spillover,41,b33d7ea94833,r14∼r22,14,22,r22 백업
아일릿,spillover,42,41ba456ecd61,r14∼r22,14,22,r22 백업
아일릿,spillover,43,58bf8aa88477,r14∼r22,14,22,r22 백업
아일릿,spillover,44,7f6e83ce5338,r14∼r22,14,22,r22 백업
아일릿,spillover,45,dd5c47fc2ecb,r14∼r22,14,22,r22 백업
아일릿,spillover,46,113a2efbdc9c,r23∼r39,23,39,동결 근사 복원본
아일릿,spillover,47,b570b5587b0f,r23∼r39,23,39,동결 근사 복원본
아일릿,spillover,48,2f68e3c55600,r23∼r39,23,39,동결 근사 복원본
아일릿,spillover,49,50a83bc9b568,r23∼r39,23,39,동결 근사 복원본
아일릿,spillover,50,7fedd63452f8,r23∼r39,23,39,동결 근사 복원본
아일릿,spillover,51,c5b03ef3209e,r23∼r39,23,39,동결 근사 복원본
아일릿,spillover,52,c5639cf9e71f,r23∼r39,23,39,동결 근사 복원본
아일릿,spillover,53,5bbd2ff6b56c,r23∼r39,23,39,동결 근사 복원본
아일릿,spillover,54,7cecaec9a866,r23∼r39,23,39,동결 근사 복원본
아일릿,spillover,55,72d12374306e,r23∼r39,23,39,동결 근사 복원본
아일릿,spillover,56,9ccb475ad736,r23∼r39,23,39,동결 근사 복원본
아일릿,spillover,57,b51abb90e270,r23∼r39,23,39,동결 근사 복원본
아일릿,spillover,58,781f09696d65,r23∼r39,23,39,동결 근사 복원본
아일릿,spillover,59,fc4e65c4c565,r23∼r39,23,39,동결 근사 복원본
아일릿,spillover,60,81348160eecf,r41∼r72,41,72,라이브 코퍼스(스냅샷 이후)
아일릿,spillover,61,39a4280a1687,r41∼r72,41,72,라이브 코퍼스(스냅샷 이후)
아일릿,spillover,62,6915adb59018,r41∼r72,41,72,라이브 코퍼스(스냅샷 이후)
아일릿,spillover,63,5c877db83d7b,r41∼r72,41,72,라이브 코퍼스(스냅샷 이후)
아일릿,spillover,64,66acc4279569,r41∼r72,41,72,라이브 코퍼스(스냅샷 이후)
아일릿,spillover,65,76e7af782481,r41∼r72,41,72,라이브 코퍼스(스냅샷 이후)
아일릿,spillover,66,11b1beebdd0f,r41∼r72,41,72,라이브 코퍼스(스냅샷 이후)
아일릿,spillover,67,e8abce478ef6,r41∼r72,41,72,라이브 코퍼스(스냅샷 이후)
아일릿,spillover,68,c52fbde15642,r41∼r72,41,72,라이브 코퍼스(스냅샷 이후)
아일릿,spillover,69,a0dbf35d0ff7,r41∼r72,41,72,라이브 코퍼스(스냅샷 이후)
아일릿,spillover,70,948c018e430c,r41∼r72,41,72,라이브 코퍼스(스냅샷 이후)
아일릿,spillover,71,1995bdd8a0b5,r41∼r72,41,72,라이브 코퍼스(스냅샷 이후)
아일릿,spillover,72,2c2aad73aa06,r41∼r72,41,72,라이브 코퍼스(스냅샷 이후)
아일릿,spillover,73,d1505e44537b,r41∼r72,41,72,라이브 코퍼스(스냅샷 이후)
아일릿,spillover,74,32b4cc5e747b,r41∼r72,41,72,라이브 코퍼스(스냅샷 이후)
아일릿,spillover,75,03d98ca429b9,r41∼r72,41,72,라이브 코퍼스(스냅샷 이후)
GOT7,loyalty,0,8ed6ebdd5ffc,r23∼r39,29,39,동결 근사 복원본
GOT7,loyalty,1,cb73b80f47de,r23∼r39,29,39,동결 근사 복원본
GOT7,loyalty,2,cbdd2db6cb8c,r23∼r39,29,39,동결 근사 복원본
GOT7,loyalty,3,db08d431cd63,r23∼r39,29,39,동결 근사 복원본
GOT7,loyalty,4,413f744697d6,r23∼r39,29,39,동결 근사 복원본
GOT7,loyalty,5,4573e826560b,r23∼r39,29,39,동결 근사 복원본
GOT7,loyalty,6,108f6b7d7283,r23∼r39,29,39,동결 근사 복원본
GOT7,loyalty,7,93a5c57fc4a3,r23∼r39,29,39,동결 근사 복원본
GOT7,loyalty,8,e0e48374de96,r23∼r39,29,39,동결 근사 복원본
GOT7,loyalty,9,8b8c239621d1,r23∼r39,29,39,동결 근사 복원본
GOT7,loyalty,10,8c14eaa2fe33,r23∼r39,29,39,동결 근사 복원본
GOT7,loyalty,11,118ebf3b6b31,r23∼r39,29,39,동결 근사 복원본
GOT7,loyalty,12,e1b824392e62,r23∼r39,29,39,동결 근사 복원본
GOT7,loyalty,13,529030a20288,r23∼r39,29,39,동결 근사 복원본
GOT7,loyalty,14,5002a70e6e16,r23∼r39,29,39,동결 근사 복원본
GOT7,loyalty,15,25ff63e3c64d,r23∼r39,29,39,동결 근사 복원본
GOT7,loyalty,16,cad5a8e7cdfb,r23∼r39,29,39,동결 근사 복원본
GOT7,loyalty,17,07d484155428,r23∼r39,29,39,동결 근사 복원본
GOT7,loyalty,18,58079bb4800d,r23∼r39,29,39,동결 근사 복원본
GOT7,loyalty,19,ef3e39b7ebc6,r23∼r39,29,39,동결 근사 복원본
GOT7,loyalty,20,249e24e83eea,r23∼r39,29,39,동결 근사 복원본
GOT7,loyalty,21,9690e678b5e1,r23∼r39,29,39,동결 근사 복원본
GOT7,loyalty,22,95e6e089ef76,r23∼r39,29,39,동결 근사 복원본
GOT7,loyalty,23,3beb4017d437,r23∼r39,29,39,동결 근사 복원본
GOT7,loyalty,24,64d8e22a0c8c,r23∼r39,29,39,동결 근사 복원본
GOT7,loyalty,25,4f7f8ac1bd3e,r23∼r39,29,39,동결 근사 복원본
GOT7,loyalty,26,a8e296557c22,r23∼r39,29,39,동결 근사 복원본
GOT7,loyalty,27,e0460ea0d773,r23∼r39,29,39,동결 근사 복원본
GOT7,loyalty,28,2b7c995a5539,r23∼r39,29,39,동결 근사 복원본
GOT7,loyalty,29,0f171b98a88a,r41∼r72,41,72,라이브 코퍼스(스냅샷 이후)
GOT7,loyalty,30,c2ea2c51b8df,r41∼r72,41,72,라이브 코퍼스(스냅샷 이후)
GOT7,loyalty,31,503fec079c49,r41∼r72,41,72,라이브 코퍼스(스냅샷 이후)
GOT7,loyalty,32,d67ef99f82af,r41∼r72,41,72,라이브 코퍼스(스냅샷 이후)
GOT7,loyalty,33,02a2aa9b8f17,r41∼r72,41,72,라이브 코퍼스(스냅샷 이후)
GOT7,loyalty,34,460034629da4,r41∼r72,41,72,라이브 코퍼스(스냅샷 이후)
GOT7,loyalty,35,8a42239f1b4e,r41∼r72,41,72,라이브 코퍼스(스냅샷 이후)
GOT7,loyalty,36,0b6d58c82177,r41∼r72,41,72,라이브 코퍼스(스냅샷 이후)
GOT7,loyalty,37,08f4c695f2be,r41∼r72,41,72,라이브 코퍼스(스냅샷 이후)
GOT7,spillover,0,c3071364209d,r23∼r39,29,39,동결 근사 복원본
GOT7,spillover,1,e1c8ff34c3bb,r23∼r39,29,39,동결 근사 복원본
GOT7,spillover,2,2191a5a52ddd,r23∼r39,29,39,동결 근사 복원본
GOT7,spillover,3,f69a665c9d11,r23∼r39,29,39,동결 근사 복원본
GOT7,spillover,4,dcdb2eb1f8cc,r23∼r39,29,39,동결 근사 복원본
GOT7,spillover,5,02584d1740dc,r23∼r39,29,39,동결 근사 복원본
GOT7,spillover,6,eb77c7c94b0d,r23∼r39,29,39,동결 근사 복원본
GOT7,spillover,7,df39f2f933c9,r23∼r39,29,39,동결 근사 복원본
GOT7,spillover,8,3d4746d03ce8,r23∼r39,29,39,동결 근사 복원본
GOT7,spillover,9,2bf984d1915d,r23∼r39,29,39,동결 근사 복원본
GOT7,spillover,10,2ffac1148cd4,r23∼r39,29,39,동결 근사 복원본
GOT7,spillover,11,e69b73abca7f,r23∼r39,29,39,동결 근사 복원본
GOT7,spillover,12,bf3f0b624707,r23∼r39,29,39,동결 근사 복원본
GOT7,spillover,13,3a76e4afd823,r23∼r39,29,39,동결 근사 복원본
GOT7,spillover,14,163ad37d9bc5,r23∼r39,29,39,동결 근사 복원본
GOT7,spillover,15,5c0b522a4dba,r23∼r39,29,39,동결 근사 복원본
GOT7,spillover,16,4dba15a6f2fc,r23∼r39,29,39,동결 근사 복원본
GOT7,spillover,17,640289852618,r23∼r39,29,39,동결 근사 복원본
GOT7,spillover,18,edc6a3e061ce,r23∼r39,29,39,동결 근사 복원본
GOT7,spillover,19,76bd758ff313,r23∼r39,29,39,동결 근사 복원본
GOT7,spillover,20,30bb3c56b87f,r23∼r39,29,39,동결 근사 복원본
GOT7,spillover,21,3ed19e57624d,r23∼r39,29,39,동결 근사 복원본
GOT7,spillover,22,8b41d7dc9eed,r23∼r39,29,39,동결 근사 복원본
GOT7,spillover,23,1b5a53da5605,r23∼r39,29,39,동결 근사 복원본
GOT7,spillover,24,47e1f0915c92,r23∼r39,29,39,동결 근사 복원본
GOT7,spillover,25,e5f3cb502029,r23∼r39,29,39,동결 근사 복원본
GOT7,spillover,26,ad7aad90f731,r23∼r39,29,39,동결 근사 복원본
GOT7,spillover,27,025ed0a5a694,r23∼r39,29,39,동결 근사 복원본
GOT7,spillover,28,8207a290b8ea,r23∼r39,29,39,동결 근사 복원본
GOT7,spillover,29,62ea6b23afcc,r23∼r39,29,39,동결 근사 복원본
GOT7,spillover,30,67010f0a89b0,r23∼r39,29,39,동결 근사 복원본
GOT7,spillover,31,c9e02955c8db,r23∼r39,29,39,동결 근사 복원본
GOT7,spillover,32,88da4f27faae,r23∼r39,29,39,동결 근사 복원본
GOT7,spillover,33,37a9d7e8434e,r23∼r39,29,39,동결 근사 복원본
GOT7,spillover,34,46a3895d1a0c,r23∼r39,29,39,동결 근사 복원본
GOT7,spillover,35,ddcd23846dab,r23∼r39,29,39,동결 근사 복원본
GOT7,spillover,36,cdcb18a185cf,r23∼r39,29,39,동결 근사 복원본
GOT7,spillover,37,57fe5323a155,r23∼r39,29,39,동결 근사 복원본
GOT7,spillover,38,b89a5a926e30,r23∼r39,29,39,동결 근사 복원본
GOT7,spillover,39,b8490bf020a2,r23∼r39,29,39,동결 근사 복원본
GOT7,spillover,40,848f1e7d07d4,r23∼r39,29,39,동결 근사 복원본
GOT7,spillover,41,1c074ac04f88,r23∼r39,29,39,동결 근사 복원본
GOT7,spillover,42,e4024ddcdb24,r23∼r39,29,39,동결 근사 복원본
GOT7,spillover,43,7c23c5d73b70,r23∼r39,29,39,동결 근사 복원본
GOT7,spillover,44,11ff746a7f6c,r23∼r39,29,39,동결 근사 복원본
GOT7,spillover,45,d3e9d19581a3,r23∼r39,29,39,동결 근사 복원본
GOT7,spillover,46,9b0ab8707941,r23∼r39,29,39,동결 근사 복원본
GOT7,spillover,47,2388a29918e5,r23∼r39,29,39,동결 근사 복원본
GOT7,spillover,48,4dcdbecbf1af,r23∼r39,29,39,동결 근사 복원본
GOT7,spillover,49,ae4018aa16eb,r23∼r39,29,39,동결 근사 복원본
GOT7,spillover,50,73abc0f089a7,r23∼r39,29,39,동결 근사 복원본
GOT7,spillover,51,66fc66873e42,r23∼r39,29,39,동결 근사 복원본
GOT7,spillover,52,b3511a6dd70d,r23∼r39,29,39,동결 근사 복원본
GOT7,spillover,53,083c4bf0ef01,r23∼r39,29,39,동결 근사 복원본
GOT7,spillover,54,82602aa80a81,r41∼r72,41,72,라이브 코퍼스(스냅샷 이후)
GOT7,spillover,55,0461753dfe2a,r41∼r72,41,72,라이브 코퍼스(스냅샷 이후)
GOT7,spillover,56,3bcbea4d1fdc,r41∼r72,41,72,라이브 코퍼스(스냅샷 이후)
GOT7,spillover,57,121d1a4ed2a9,r41∼r72,41,72,라이브 코퍼스(스냅샷 이후)
GOT7,spillover,58,7611c855a3f2,r41∼r72,41,72,라이브 코퍼스(스냅샷 이후)
GOT7,spillover,59,e467187abcbc,r41∼r72,41,72,라이브 코퍼스(스냅샷 이후)
GOT7,spillover,60,d766b6b344aa,r41∼r72,41,72,라이브 코퍼스(스냅샷 이후)
GOT7,spillover,61,c246f2e73446,r41∼r72,41,72,라이브 코퍼스(스냅샷 이후)
GOT7,spillover,62,97b1e476ae72,r41∼r72,41,72,라이브 코퍼스(스냅샷 이후)
GOT7,spillover,63,423d39f83ddc,r41∼r72,41,72,라이브 코퍼스(스냅샷 이후)
GOT7,spillover,64,88a9223886ec,r41∼r72,41,72,라이브 코퍼스(스냅샷 이후)
GOT7,spillover,65,44d6401c5c72,r41∼r72,41,72,라이브 코퍼스(스냅샷 이후)
GOT7,spillover,66,d616d69e5cbb,r41∼r72,41,72,라이브 코퍼스(스냅샷 이후)
GOT7,spillover,67,9e08e83d1b55,r41∼r72,41,72,라이브 코퍼스(스냅샷 이후)
GOT7,spillover,68,5fab3719d8bb,r41∼r72,41,72,라이브 코퍼스(스냅샷 이후)
김재중,loyalty,0,5df42aa05455,r23∼r39,34,39,동결 근사 복원본
김재중,loyalty,1,fd016e451845,r23∼r39,34,39,동결 근사 복원본
김재중,loyalty,2,6721e97ef5cc,r23∼r39,34,39,동결 근사 복원본
김재중,loyalty,3,ffde6c882b8a,r23∼r39,34,39,동결 근사 복원본
김재중,loyalty,4,132dc3e6c618,r23∼r39,34,39,동결 근사 복원본
김재중,loyalty,5,403c0aa5c03d,r23∼r39,34,39,동결 근사 복원본
김재중,loyalty,6,74dd4f8e4066,r23∼r39,34,39,동결 근사 복원본
김재중,loyalty,7,d8358c7a808a,r23∼r39,34,39,동결 근사 복원본
김재중,loyalty,8,d2cb6a23e3a8,r23∼r39,34,39,동결 근사 복원본
김재중,loyalty,9,c0c25f641361,r23∼r39,34,39,동결 근사 복원본
김재중,loyalty,10,e56843929adb,r23∼r39,34,39,동결 근사 복원본
김재중,loyalty,11,bb33e8f94337,r23∼r39,34,39,동결 근사 복원본
김재중,loyalty,12,3bdbaa604920,r23∼r39,34,39,동결 근사 복원본
김재중,loyalty,13,0364f4cc3908,r23∼r39,34,39,동결 근사 복원본
김재중,loyalty,14,a1b6818bf08a,r23∼r39,34,39,동결 근사 복원본
김재중,loyalty,15,9e1f7b9cdc63,r23∼r39,34,39,동결 근사 복원본
김재중,loyalty,16,37e454f66fc6,r23∼r39,34,39,동결 근사 복원본
김재중,loyalty,17,b5edabfa28d1,r23∼r39,34,39,동결 근사 복원본
김재중,loyalty,18,e59af8fb371e,r23∼r39,34,39,동결 근사 복원본
김재중,loyalty,19,cd581a6d7607,r23∼r39,34,39,동결 근사 복원본
김재중,loyalty,20,f92f6a196af8,r23∼r39,34,39,동결 근사 복원본
김재중,loyalty,21,4ed92136ef34,r23∼r39,34,39,동결 근사 복원본
김재중,loyalty,22,9eec6d0c7782,r23∼r39,34,39,동결 근사 복원본
김재중,loyalty,23,abe6426b7c95,r23∼r39,34,39,동결 근사 복원본
김재중,loyalty,24,102ba3fdd028,r41∼r72,41,72,라이브 코퍼스(스냅샷 이후)
김재중,loyalty,25,37b0636f0d29,r41∼r72,41,72,라이브 코퍼스(스냅샷 이후)
김재중,loyalty,26,a247b64c3ac7,r41∼r72,41,72,라이브 코퍼스(스냅샷 이후)
김재중,loyalty,27,fc7eac4bb111,r41∼r72,41,72,라이브 코퍼스(스냅샷 이후)
김재중,loyalty,28,f72669d5a20e,r41∼r72,41,72,라이브 코퍼스(스냅샷 이후)
김재중,loyalty,29,109d97de3b17,r41∼r72,41,72,라이브 코퍼스(스냅샷 이후)
김재중,loyalty,30,7324c5ae182c,r41∼r72,41,72,라이브 코퍼스(스냅샷 이후)
김재중,loyalty,31,4c4bafc79503,r41∼r72,41,72,라이브 코퍼스(스냅샷 이후)
김재중,loyalty,32,d880a43d2937,r41∼r72,41,72,라이브 코퍼스(스냅샷 이후)
김재중,loyalty,33,e49294efc27d,r41∼r72,41,72,라이브 코퍼스(스냅샷 이후)
김재중,loyalty,34,9fb34cb74194,r41∼r72,41,72,라이브 코퍼스(스냅샷 이후)
김재중,loyalty,35,64b6d192e6b6,r41∼r72,41,72,라이브 코퍼스(스냅샷 이후)
김재중,loyalty,36,6250d4029779,r41∼r72,41,72,라이브 코퍼스(스냅샷 이후)
김재중,loyalty,37,a4fa47efe5eb,r41∼r72,41,72,라이브 코퍼스(스냅샷 이후)
김재중,loyalty,38,598e80e4f17e,r41∼r72,41,72,라이브 코퍼스(스냅샷 이후)
김재중,spillover,0,b3319c1ae450,r23∼r39,34,39,동결 근사 복원본
김재중,spillover,1,519a3a748013,r23∼r39,34,39,동결 근사 복원본
김재중,spillover,2,cc7bff03a599,r23∼r39,34,39,동결 근사 복원본
김재중,spillover,3,427f97a2078e,r23∼r39,34,39,동결 근사 복원본
김재중,spillover,4,fdadc2073219,r23∼r39,34,39,동결 근사 복원본
김재중,spillover,5,6616448ca05c,r23∼r39,34,39,동결 근사 복원본
김재중,spillover,6,c85c5d94566f,r23∼r39,34,39,동결 근사 복원본
김재중,spillover,7,a8a79c0138e1,r23∼r39,34,39,동결 근사 복원본
김재중,spillover,8,271d10bad031,r23∼r39,34,39,동결 근사 복원본
김재중,spillover,9,35247a5f06f0,r23∼r39,34,39,동결 근사 복원본
김재중,spillover,10,4146011dea8e,r23∼r39,34,39,동결 근사 복원본
김재중,spillover,11,3e61baa976e4,r23∼r39,34,39,동결 근사 복원본
김재중,spillover,12,a99bfc828835,r23∼r39,34,39,동결 근사 복원본
김재중,spillover,13,679f29259118,r23∼r39,34,39,동결 근사 복원본
김재중,spillover,14,abfc29496c2f,r23∼r39,34,39,동결 근사 복원본
김재중,spillover,15,620306ae8136,r23∼r39,34,39,동결 근사 복원본
김재중,spillover,16,a14c49820b61,r23∼r39,34,39,동결 근사 복원본
김재중,spillover,17,c16d5abf8e33,r23∼r39,34,39,동결 근사 복원본
김재중,spillover,18,399efedcc634,r23∼r39,34,39,동결 근사 복원본
김재중,spillover,19,b0d862e0d7c0,r23∼r39,34,39,동결 근사 복원본
김재중,spillover,20,13c7c6e5ccd4,r23∼r39,34,39,동결 근사 복원본
김재중,spillover,21,621887c72576,r23∼r39,34,39,동결 근사 복원본
김재중,spillover,22,4e1986bf0c74,r23∼r39,34,39,동결 근사 복원본
김재중,spillover,23,80ea8f5c93e0,r23∼r39,34,39,동결 근사 복원본
김재중,spillover,24,77a2c22875ef,r23∼r39,34,39,동결 근사 복원본
김재중,spillover,25,174229001f28,r23∼r39,34,39,동결 근사 복원본
김재중,spillover,26,dd6d7a10f180,r23∼r39,34,39,동결 근사 복원본
김재중,spillover,27,f01df236a0c9,r23∼r39,34,39,동결 근사 복원본
김재중,spillover,28,c5a51ff20a82,r23∼r39,34,39,동결 근사 복원본
김재중,spillover,29,1fee1ec6abd9,r41∼r72,41,72,라이브 코퍼스(스냅샷 이후)
김재중,spillover,30,5584873b2153,r41∼r72,41,72,라이브 코퍼스(스냅샷 이후)
김재중,spillover,31,8a2c46ed2ef9,r41∼r72,41,72,라이브 코퍼스(스냅샷 이후)
김재중,spillover,32,068def8070c7,r41∼r72,41,72,라이브 코퍼스(스냅샷 이후)
김재중,spillover,33,58d7a7148cef,r41∼r72,41,72,라이브 코퍼스(스냅샷 이후)
김재중,spillover,34,02e7ad0b561d,r41∼r72,41,72,라이브 코퍼스(스냅샷 이후)
김재중,spillover,35,5363bb81e514,r41∼r72,41,72,라이브 코퍼스(스냅샷 이후)
김재중,spillover,36,59ecb3d25471,r41∼r72,41,72,라이브 코퍼스(스냅샷 이후)
김재중,spillover,37,2469e20568d3,r41∼r72,41,72,라이브 코퍼스(스냅샷 이후)
박서진,loyalty,0,ba16dac95bb5,r23∼r39,34,39,동결 근사 복원본
박서진,loyalty,1,c9ee221f9554,r23∼r39,34,39,동결 근사 복원본
박서진,loyalty,2,4d177d444661,r23∼r39,34,39,동결 근사 복원본
박서진,loyalty,3,95ebf5f28086,r23∼r39,34,39,동결 근사 복원본
박서진,loyalty,4,b0cd73b6a109,r23∼r39,34,39,동결 근사 복원본
박서진,loyalty,5,e1a46045f140,r23∼r39,34,39,동결 근사 복원본
박서진,loyalty,6,921099f73d54,r23∼r39,34,39,동결 근사 복원본
박서진,loyalty,7,882d0ec9f48d,r23∼r39,34,39,동결 근사 복원본
박서진,loyalty,8,2019a03a6ab4,r23∼r39,34,39,동결 근사 복원본
박서진,loyalty,9,6b4b12e057df,r23∼r39,34,39,동결 근사 복원본
박서진,loyalty,10,6fe1e71f4b7c,r23∼r39,34,39,동결 근사 복원본
박서진,loyalty,11,b12975ccc803,r23∼r39,34,39,동결 근사 복원본
박서진,loyalty,12,a0e2b2fe60cd,r23∼r39,34,39,동결 근사 복원본
박서진,loyalty,13,5d6ece93c42d,r23∼r39,34,39,동결 근사 복원본
박서진,loyalty,14,f85921bfd381,r23∼r39,34,39,동결 근사 복원본
박서진,loyalty,15,d91f5b3e743a,r23∼r39,34,39,동결 근사 복원본
박서진,loyalty,16,40d540ba7bc2,r23∼r39,34,39,동결 근사 복원본
박서진,loyalty,17,da983a1270d5,r23∼r39,34,39,동결 근사 복원본
박서진,loyalty,18,40c37f99b8a6,r23∼r39,34,39,동결 근사 복원본
박서진,loyalty,19,cd4555ccbfef,r23∼r39,34,39,동결 근사 복원본
박서진,loyalty,20,7a7f36fa0f1c,r23∼r39,34,39,동결 근사 복원본
박서진,loyalty,21,75775e24f665,r23∼r39,34,39,동결 근사 복원본
박서진,loyalty,22,b55f54914944,r41∼r72,41,72,라이브 코퍼스(스냅샷 이후)
박서진,loyalty,23,d3114d5c9cd3,r41∼r72,41,72,라이브 코퍼스(스냅샷 이후)
박서진,loyalty,24,5262666beda2,r41∼r72,41,72,라이브 코퍼스(스냅샷 이후)
박서진,loyalty,25,61416ca899cf,r41∼r72,41,72,라이브 코퍼스(스냅샷 이후)
박서진,loyalty,26,247058499894,r41∼r72,41,72,라이브 코퍼스(스냅샷 이후)
박서진,loyalty,27,5c058d243fe0,r41∼r72,41,72,라이브 코퍼스(스냅샷 이후)
박서진,loyalty,28,4d38948a10c4,r41∼r72,41,72,라이브 코퍼스(스냅샷 이후)
박서진,loyalty,29,eae6793bca50,r41∼r72,41,72,라이브 코퍼스(스냅샷 이후)
박서진,loyalty,30,4ec5fe136355,r41∼r72,41,72,라이브 코퍼스(스냅샷 이후)
박서진,loyalty,31,b2ea62afd903,r41∼r72,41,72,라이브 코퍼스(스냅샷 이후)
박서진,loyalty,32,c016e3af0dd2,r41∼r72,41,72,라이브 코퍼스(스냅샷 이후)
박서진,spillover,0,faef34d80f5e,r23∼r39,34,39,동결 근사 복원본
박서진,spillover,1,ac8ba0aca3f9,r23∼r39,34,39,동결 근사 복원본
박서진,spillover,2,10adda196ae8,r23∼r39,34,39,동결 근사 복원본
박서진,spillover,3,3873edeb02c3,r23∼r39,34,39,동결 근사 복원본
박서진,spillover,4,376969e1d7b5,r23∼r39,34,39,동결 근사 복원본
박서진,spillover,5,6d20c391a8f2,r23∼r39,34,39,동결 근사 복원본
박서진,spillover,6,be64b5ca542b,r23∼r39,34,39,동결 근사 복원본
박서진,spillover,7,24d153066e27,r23∼r39,34,39,동결 근사 복원본
박서진,spillover,8,b3f5481fb928,r23∼r39,34,39,동결 근사 복원본
박서진,spillover,9,c18b7f7523d3,r23∼r39,34,39,동결 근사 복원본
박서진,spillover,10,5c6065513462,r23∼r39,34,39,동결 근사 복원본
박서진,spillover,11,851154f5bce1,r23∼r39,34,39,동결 근사 복원본
박서진,spillover,12,732cdbf38a46,r23∼r39,34,39,동결 근사 복원본
박서진,spillover,13,dd43aeac103c,r23∼r39,34,39,동결 근사 복원본
박서진,spillover,14,382fe022a0d8,r23∼r39,34,39,동결 근사 복원본
박서진,spillover,15,73d82add4056,r23∼r39,34,39,동결 근사 복원본
박서진,spillover,16,7c5bce15ad6f,r23∼r39,34,39,동결 근사 복원본
박서진,spillover,17,27ac8316e982,r23∼r39,34,39,동결 근사 복원본
박서진,spillover,18,a1913a3330c0,r23∼r39,34,39,동결 근사 복원본
박서진,spillover,19,db24c850b904,r23∼r39,34,39,동결 근사 복원본
박서진,spillover,20,47e2cd65c1b4,r23∼r39,34,39,동결 근사 복원본
박서진,spillover,21,83703d1e2509,r23∼r39,34,39,동결 근사 복원본
박서진,spillover,22,351a05df8167,r23∼r39,34,39,동결 근사 복원본
박서진,spillover,23,71fc3a55dc5c,r23∼r39,34,39,동결 근사 복원본
박서진,spillover,24,87060737ebfe,r23∼r39,34,39,동결 근사 복원본
박서진,spillover,25,1ec6398450bf,r23∼r39,34,39,동결 근사 복원본
박서진,spillover,26,7b594d504d14,r23∼r39,34,39,동결 근사 복원본
박서진,spillover,27,983a96201ba6,r23∼r39,34,39,동결 근사 복원본
박서진,spillover,28,e9e6c893d315,r23∼r39,34,39,동결 근사 복원본
박서진,spillover,29,152333d3a839,r23∼r39,34,39,동결 근사 복원본
박서진,spillover,30,f94bc1344286,r23∼r39,34,39,동결 근사 복원본
박서진,spillover,31,66df092d1b81,r23∼r39,34,39,동결 근사 복원본
박서진,spillover,32,6f549904a6da,r23∼r39,34,39,동결 근사 복원본
박서진,spillover,33,1049f1bc5b18,r23∼r39,34,39,동결 근사 복원본
박서진,spillover,34,9fa71df3cb47,r23∼r39,34,39,동결 근사 복원본
박서진,spillover,35,6efedc3263b0,r23∼r39,34,39,동결 근사 복원본
박서진,spillover,36,501b7e534722,r23∼r39,34,39,동결 근사 복원본
박서진,spillover,37,3fa92f093be5,r23∼r39,34,39,동결 근사 복원본
박서진,spillover,38,d0baf6bd633a,r41∼r72,41,72,라이브 코퍼스(스냅샷 이후)
박서진,spillover,39,54e634416be0,r41∼r72,41,72,라이브 코퍼스(스냅샷 이후)
박서진,spillover,40,0a75cf0f2ab4,r41∼r72,41,72,라이브 코퍼스(스냅샷 이후)
박서진,spillover,41,867fa3fb1ae9,r41∼r72,41,72,라이브 코퍼스(스냅샷 이후)
박서진,spillover,42,eb4c23bc3b35,r41∼r72,41,72,라이브 코퍼스(스냅샷 이후)
박서진,spillover,43,b524059b573d,r41∼r72,41,72,라이브 코퍼스(스냅샷 이후)
박서진,spillover,44,390afcf866ed,r41∼r72,41,72,라이브 코퍼스(스냅샷 이후)
박서진,spillover,45,3fc438d3f924,r41∼r72,41,72,라이브 코퍼스(스냅샷 이후)
박서진,spillover,46,678e75d896e5,r41∼r72,41,72,라이브 코퍼스(스냅샷 이후)
박서진,spillover,47,d56cccee3908,r41∼r72,41,72,라이브 코퍼스(스냅샷 이후)
박서진,spillover,48,169d45440185,r41∼r72,41,72,라이브 코퍼스(스냅샷 이후)
박서진,spillover,49,39521ebb0294,r41∼r72,41,72,라이브 코퍼스(스냅샷 이후)
박서진,spillover,50,bbd3cd02574e,r41∼r72,41,72,라이브 코퍼스(스냅샷 이후)
박서진,spillover,51,fe187652786d,r41∼r72,41,72,라이브 코퍼스(스냅샷 이후)
박서진,spillover,52,235ca3181a3e,r41∼r72,41,72,라이브 코퍼스(스냅샷 이후)
박서진,spillover,53,aeb10472aa91,r41∼r72,41,72,라이브 코퍼스(스냅샷 이후)
박서진,spillover,54,5b75cccf1d26,r41∼r72,41,72,라이브 코퍼스(스냅샷 이후)
박서진,spillover,55,fdff7155828f,r41∼r72,41,72,라이브 코퍼스(스냅샷 이후)
박서진,spillover,56,14b7e0d15cc1,r41∼r72,41,72,라이브 코퍼스(스냅샷 이후)
박서진,spillover,57,13bfe713d943,r41∼r72,41,72,라이브 코퍼스(스냅샷 이후)
박서진,spillover,58,3d440f3be994,r41∼r72,41,72,라이브 코퍼스(스냅샷 이후)
박서진,spillover,59,4ccfc7aff2c0,r41∼r72,41,72,라이브 코퍼스(스냅샷 이후)
박서진,spillover,60,b81837318c09,r41∼r72,41,72,라이브 코퍼스(스냅샷 이후)
박서진,spillover,61,526d90d2393d,r41∼r72,41,72,라이브 코퍼스(스냅샷 이후)
박서진,spillover,62,2f590bade87e,r41∼r72,41,72,라이브 코퍼스(스냅샷 이후)
박서진,spillover,63,d39939264f3a,r41∼r72,41,72,라이브 코퍼스(스냅샷 이후)
박서진,spillover,64,6512e678efd6,r41∼r72,41,72,라이브 코퍼스(스냅샷 이후)
박서진,spillover,65,a9259f8a66e1,r41∼r72,41,72,라이브 코퍼스(스냅샷 이후)
빈지노,loyalty,0,e70dddfb47ac,r58∼r72,58,72,라이브 코퍼스(스냅샷 이후)
빈지노,loyalty,1,f80595b37a28,r58∼r72,58,72,라이브 코퍼스(스냅샷 이후)
빈지노,loyalty,2,167b78195e06,r58∼r72,58,72,라이브 코퍼스(스냅샷 이후)
빈지노,loyalty,3,3b191cde8afe,r58∼r72,58,72,라이브 코퍼스(스냅샷 이후)
빈지노,loyalty,4,438aaead03c1,r58∼r72,58,72,라이브 코퍼스(스냅샷 이후)
빈지노,loyalty,5,d90eb5361e33,r58∼r72,58,72,라이브 코퍼스(스냅샷 이후)
빈지노,loyalty,6,bb81a8567b51,r58∼r72,58,72,라이브 코퍼스(스냅샷 이후)
빈지노,loyalty,7,6b31b8a84fca,r58∼r72,58,72,라이브 코퍼스(스냅샷 이후)
빈지노,loyalty,8,95c28020a565,r58∼r72,58,72,라이브 코퍼스(스냅샷 이후)
빈지노,loyalty,9,6351331c9109,r58∼r72,58,72,라이브 코퍼스(스냅샷 이후)
빈지노,loyalty,10,3a5c86ee72f2,r58∼r72,58,72,라이브 코퍼스(스냅샷 이후)
빈지노,loyalty,11,aef442c82934,r58∼r72,58,72,라이브 코퍼스(스냅샷 이후)
빈지노,loyalty,12,b2926097c744,r58∼r72,58,72,라이브 코퍼스(스냅샷 이후)
빈지노,loyalty,13,aac57981e57b,r58∼r72,58,72,라이브 코퍼스(스냅샷 이후)
빈지노,loyalty,14,e8695a14011d,r58∼r72,58,72,라이브 코퍼스(스냅샷 이후)
빈지노,loyalty,15,313b0704e557,r58∼r72,58,72,라이브 코퍼스(스냅샷 이후)
빈지노,loyalty,16,59cae2829c3d,r58∼r72,58,72,라이브 코퍼스(스냅샷 이후)
빈지노,loyalty,17,63afbe86f453,r58∼r72,58,72,라이브 코퍼스(스냅샷 이후)
빈지노,loyalty,18,cad292f4f31a,r58∼r72,58,72,라이브 코퍼스(스냅샷 이후)
빈지노,loyalty,19,233d0b85a096,r58∼r72,58,72,라이브 코퍼스(스냅샷 이후)
빈지노,loyalty,20,7fe72edb7299,r58∼r72,58,72,라이브 코퍼스(스냅샷 이후)
빈지노,loyalty,21,787088e59e95,r58∼r72,58,72,라이브 코퍼스(스냅샷 이후)
빈지노,loyalty,22,5ea2eabcde45,r58∼r72,58,72,라이브 코퍼스(스냅샷 이후)
빈지노,loyalty,23,e8d75fd59437,r58∼r72,58,72,라이브 코퍼스(스냅샷 이후)
빈지노,loyalty,24,a51c86b2f253,r58∼r72,58,72,라이브 코퍼스(스냅샷 이후)
빈지노,loyalty,25,68313c6c5ac2,r58∼r72,58,72,라이브 코퍼스(스냅샷 이후)
빈지노,loyalty,26,29f3bc35edcb,r58∼r72,58,72,라이브 코퍼스(스냅샷 이후)
빈지노,spillover,0,dc5762cd554a,r58∼r72,58,72,라이브 코퍼스(스냅샷 이후)
빈지노,spillover,1,7d2a35c2a8e6,r58∼r72,58,72,라이브 코퍼스(스냅샷 이후)
빈지노,spillover,2,75e06a9f94fb,r58∼r72,58,72,라이브 코퍼스(스냅샷 이후)
빈지노,spillover,3,1d9442bf6f56,r58∼r72,58,72,라이브 코퍼스(스냅샷 이후)
빈지노,spillover,4,a4d576c21f2d,r58∼r72,58,72,라이브 코퍼스(스냅샷 이후)
빈지노,spillover,5,bea43747ac22,r58∼r72,58,72,라이브 코퍼스(스냅샷 이후)
빈지노,spillover,6,539175d607e6,r58∼r72,58,72,라이브 코퍼스(스냅샷 이후)
빈지노,spillover,7,ccd12c5894b0,r58∼r72,58,72,라이브 코퍼스(스냅샷 이후)
빈지노,spillover,8,91ed9a2428e6,r58∼r72,58,72,라이브 코퍼스(스냅샷 이후)
빈지노,spillover,9,20a17e556a21,r58∼r72,58,72,라이브 코퍼스(스냅샷 이후)
빈지노,spillover,10,8e8961ad6e6a,r58∼r72,58,72,라이브 코퍼스(스냅샷 이후)
빈지노,spillover,11,e059f08292fc,r58∼r72,58,72,라이브 코퍼스(스냅샷 이후)
빈지노,spillover,12,78c7ca48be39,r58∼r72,58,72,라이브 코퍼스(스냅샷 이후)
빈지노,spillover,13,bdc754e7dc0c,r58∼r72,58,72,라이브 코퍼스(스냅샷 이후)
빈지노,spillover,14,415c26f6ec13,r58∼r72,58,72,라이브 코퍼스(스냅샷 이후)
빈지노,spillover,15,fc1224318ebc,r58∼r72,58,72,라이브 코퍼스(스냅샷 이후)
빈지노,spillover,16,03399739cd4a,r58∼r72,58,72,라이브 코퍼스(스냅샷 이후)
빈지노,spillover,17,5c93ef0979a3,r58∼r72,58,72,라이브 코퍼스(스냅샷 이후)
빈지노,spillover,18,fbd501be18a6,r58∼r72,58,72,라이브 코퍼스(스냅샷 이후)
빈지노,spillover,19,a45c1c4551d4,r58∼r72,58,72,라이브 코퍼스(스냅샷 이후)
빈지노,spillover,20,dfb654d809fc,r58∼r72,58,72,라이브 코퍼스(스냅샷 이후)
빈지노,spillover,21,5e35ee3975b9,r58∼r72,58,72,라이브 코퍼스(스냅샷 이후)
빈지노,spillover,22,a293bc44bf54,r58∼r72,58,72,라이브 코퍼스(스냅샷 이후)
빈지노,spillover,23,e488b883d139,r58∼r72,58,72,라이브 코퍼스(스냅샷 이후)
빈지노,spillover,24,1d8891c8ea00,r58∼r72,58,72,라이브 코퍼스(스냅샷 이후)
빈지노,spillover,25,bd090b762452,r58∼r72,58,72,라이브 코퍼스(스냅샷 이후)
빈지노,spillover,26,a00550cfdf84,r58∼r72,58,72,라이브 코퍼스(스냅샷 이후)
빈지노,spillover,27,0fc581d8d13b,r58∼r72,58,72,라이브 코퍼스(스냅샷 이후)
빈지노,spillover,28,00083eeac1c5,r58∼r72,58,72,라이브 코퍼스(스냅샷 이후)
빈지노,spillover,29,cd1d815ff903,r58∼r72,58,72,라이브 코퍼스(스냅샷 이후)
빈지노,spillover,30,acbb4e7cf718,r58∼r72,58,72,라이브 코퍼스(스냅샷 이후)
빈지노,spillover,31,900eda1d0b30,r58∼r72,58,72,라이브 코퍼스(스냅샷 이후)
빈지노,spillover,32,1f8cbe37c6cd,r58∼r72,58,72,라이브 코퍼스(스냅샷 이후)
빈지노,spillover,33,b65cd577453a,r58∼r72,58,72,라이브 코퍼스(스냅샷 이후)
빈지노,spillover,34,5285d3f82a05,r58∼r72,58,72,라이브 코퍼스(스냅샷 이후)
빈지노,spillover,35,ff97a8381b0d,r58∼r72,58,72,라이브 코퍼스(스냅샷 이후)
빈지노,spillover,36,e81a0a14bb4b,r58∼r72,58,72,라이브 코퍼스(스냅샷 이후)
빈지노,spillover,37,bac6a81e28fb,r58∼r72,58,72,라이브 코퍼스(스냅샷 이후)
빈지노,spillover,38,e43734dacdd5,r58∼r72,58,72,라이브 코퍼스(스냅샷 이후)
빈지노,spillover,39,fd7f8221a985,r58∼r72,58,72,라이브 코퍼스(스냅샷 이후)
빈지노,spillover,40,017918359198,r58∼r72,58,72,라이브 코퍼스(스냅샷 이후)
빈지노,spillover,41,33f53dba51e9,r58∼r72,58,72,라이브 코퍼스(스냅샷 이후)
빈지노,spillover,42,2287037b017a,r58∼r72,58,72,라이브 코퍼스(스냅샷 이후)
빈지노,spillover,43,3be840973700,r58∼r72,58,72,라이브 코퍼스(스냅샷 이후)
빈지노,spillover,44,27e42f947f44,r58∼r72,58,72,라이브 코퍼스(스냅샷 이후)
빈지노,spillover,45,752461a77a23,r58∼r72,58,72,라이브 코퍼스(스냅샷 이후)
빈지노,spillover,46,885c104b6a05,r58∼r72,58,72,라이브 코퍼스(스냅샷 이후)
빈지노,spillover,47,71d39f7561c1,r58∼r72,58,72,라이브 코퍼스(스냅샷 이후)
빈지노,spillover,48,2d143933d3d1,r58∼r72,58,72,라이브 코퍼스(스냅샷 이후)
빈지노,spillover,49,46cbe6707c66,r58∼r72,58,72,라이브 코퍼스(스냅샷 이후)
빈지노,spillover,50,e64b98656fd1,r58∼r72,58,72,라이브 코퍼스(스냅샷 이후)
빈지노,spillover,51,42c27fa17fc4,r58∼r72,58,72,라이브 코퍼스(스냅샷 이후)
몬스타엑스,loyalty,0,b6540de43a67,r62∼r72,62,72,라이브 코퍼스(스냅샷 이후)
몬스타엑스,loyalty,1,9aefae3d85df,r62∼r72,62,72,라이브 코퍼스(스냅샷 이후)
몬스타엑스,loyalty,2,ae0d02fb3bfb,r62∼r72,62,72,라이브 코퍼스(스냅샷 이후)
몬스타엑스,loyalty,3,59b83dc24f3e,r62∼r72,62,72,라이브 코퍼스(스냅샷 이후)
몬스타엑스,loyalty,4,7067933fe9a4,r62∼r72,62,72,라이브 코퍼스(스냅샷 이후)
몬스타엑스,loyalty,5,f536cf2c5ca1,r62∼r72,62,72,라이브 코퍼스(스냅샷 이후)
몬스타엑스,loyalty,6,1b57416f1762,r62∼r72,62,72,라이브 코퍼스(스냅샷 이후)
몬스타엑스,loyalty,7,2abc6c149894,r62∼r72,62,72,라이브 코퍼스(스냅샷 이후)
몬스타엑스,loyalty,8,fcebb938a27b,r62∼r72,62,72,라이브 코퍼스(스냅샷 이후)
몬스타엑스,loyalty,9,3b9dfebbbb17,r62∼r72,62,72,라이브 코퍼스(스냅샷 이후)
몬스타엑스,loyalty,10,acbabfd4f184,r62∼r72,62,72,라이브 코퍼스(스냅샷 이후)
몬스타엑스,loyalty,11,ad6b1535b029,r62∼r72,62,72,라이브 코퍼스(스냅샷 이후)
몬스타엑스,loyalty,12,c1b40fe0bf0d,r62∼r72,62,72,라이브 코퍼스(스냅샷 이후)
몬스타엑스,loyalty,13,17bc87b097d1,r62∼r72,62,72,라이브 코퍼스(스냅샷 이후)
몬스타엑스,loyalty,14,08ed4335e012,r62∼r72,62,72,라이브 코퍼스(스냅샷 이후)
몬스타엑스,loyalty,15,bd76415c2419,r62∼r72,62,72,라이브 코퍼스(스냅샷 이후)
몬스타엑스,loyalty,16,70ccfd4db69b,r62∼r72,62,72,라이브 코퍼스(스냅샷 이후)
몬스타엑스,loyalty,17,78daa4a1a95b,r62∼r72,62,72,라이브 코퍼스(스냅샷 이후)
몬스타엑스,loyalty,18,eb1d61631359,r62∼r72,62,72,라이브 코퍼스(스냅샷 이후)
몬스타엑스,loyalty,19,9726c54d1602,r62∼r72,62,72,라이브 코퍼스(스냅샷 이후)
몬스타엑스,loyalty,20,4b97957b7384,r62∼r72,62,72,라이브 코퍼스(스냅샷 이후)
몬스타엑스,loyalty,21,1f05f811a957,r62∼r72,62,72,라이브 코퍼스(스냅샷 이후)
몬스타엑스,loyalty,22,589c864c003f,r62∼r72,62,72,라이브 코퍼스(스냅샷 이후)
몬스타엑스,loyalty,23,d9be7099b8ea,r62∼r72,62,72,라이브 코퍼스(스냅샷 이후)
몬스타엑스,loyalty,24,23784db3d892,r62∼r72,62,72,라이브 코퍼스(스냅샷 이후)
몬스타엑스,loyalty,25,eac2420612e4,r62∼r72,62,72,라이브 코퍼스(스냅샷 이후)
몬스타엑스,loyalty,26,2eb355ce4abf,r62∼r72,62,72,라이브 코퍼스(스냅샷 이후)
몬스타엑스,loyalty,27,97bda8823c78,r62∼r72,62,72,라이브 코퍼스(스냅샷 이후)
몬스타엑스,loyalty,28,4525d72954df,r62∼r72,62,72,라이브 코퍼스(스냅샷 이후)
몬스타엑스,loyalty,29,318e7c091c65,r62∼r72,62,72,라이브 코퍼스(스냅샷 이후)
몬스타엑스,loyalty,30,6062c84f3088,r62∼r72,62,72,라이브 코퍼스(스냅샷 이후)
몬스타엑스,loyalty,31,1dd79ab22aa6,r62∼r72,62,72,라이브 코퍼스(스냅샷 이후)
몬스타엑스,loyalty,32,3f8a804badb0,r62∼r72,62,72,라이브 코퍼스(스냅샷 이후)
몬스타엑스,loyalty,33,3618201d32f0,r62∼r72,62,72,라이브 코퍼스(스냅샷 이후)
몬스타엑스,loyalty,34,32b25091491d,r62∼r72,62,72,라이브 코퍼스(스냅샷 이후)
몬스타엑스,loyalty,35,0796382a27f2,r62∼r72,62,72,라이브 코퍼스(스냅샷 이후)
몬스타엑스,loyalty,36,e761e8f3f111,r62∼r72,62,72,라이브 코퍼스(스냅샷 이후)
몬스타엑스,loyalty,37,63923f189cd7,r62∼r72,62,72,라이브 코퍼스(스냅샷 이후)
몬스타엑스,loyalty,38,00e94914d133,r62∼r72,62,72,라이브 코퍼스(스냅샷 이후)
몬스타엑스,loyalty,39,ab2a508b9770,r62∼r72,62,72,라이브 코퍼스(스냅샷 이후)
몬스타엑스,loyalty,40,048a16d94bd2,r62∼r72,62,72,라이브 코퍼스(스냅샷 이후)
몬스타엑스,spillover,0,1a1698195a2c,r62∼r72,62,72,라이브 코퍼스(스냅샷 이후)
몬스타엑스,spillover,1,89326591ae32,r62∼r72,62,72,라이브 코퍼스(스냅샷 이후)
몬스타엑스,spillover,2,537e9e83922e,r62∼r72,62,72,라이브 코퍼스(스냅샷 이후)
몬스타엑스,spillover,3,154a6ecd88cb,r62∼r72,62,72,라이브 코퍼스(스냅샷 이후)
몬스타엑스,spillover,4,3c71a0b9ec52,r62∼r72,62,72,라이브 코퍼스(스냅샷 이후)
몬스타엑스,spillover,5,59ad32a74e02,r62∼r72,62,72,라이브 코퍼스(스냅샷 이후)
몬스타엑스,spillover,6,d3ae262dc1e2,r62∼r72,62,72,라이브 코퍼스(스냅샷 이후)
몬스타엑스,spillover,7,2aba303de274,r62∼r72,62,72,라이브 코퍼스(스냅샷 이후)
몬스타엑스,spillover,8,ed0d61716f04,r62∼r72,62,72,라이브 코퍼스(스냅샷 이후)
몬스타엑스,spillover,9,141a0a12124f,r62∼r72,62,72,라이브 코퍼스(스냅샷 이후)
몬스타엑스,spillover,10,2c3e4cc3e09f,r62∼r72,62,72,라이브 코퍼스(스냅샷 이후)
몬스타엑스,spillover,11,0b2973fc1f82,r62∼r72,62,72,라이브 코퍼스(스냅샷 이후)
몬스타엑스,spillover,12,07a0c6af5d48,r62∼r72,62,72,라이브 코퍼스(스냅샷 이후)
몬스타엑스,spillover,13,ae008ccbc9e4,r62∼r72,62,72,라이브 코퍼스(스냅샷 이후)
몬스타엑스,spillover,14,18c66998b2a0,r62∼r72,62,72,라이브 코퍼스(스냅샷 이후)
몬스타엑스,spillover,15,64131738fa12,r62∼r72,62,72,라이브 코퍼스(스냅샷 이후)
몬스타엑스,spillover,16,48e2fd899ea7,r62∼r72,62,72,라이브 코퍼스(스냅샷 이후)
몬스타엑스,spillover,17,7196b0e8c6a5,r62∼r72,62,72,라이브 코퍼스(스냅샷 이후)
몬스타엑스,spillover,18,a6c9e626914e,r62∼r72,62,72,라이브 코퍼스(스냅샷 이후)
몬스타엑스,spillover,19,4ff8c0523085,r62∼r72,62,72,라이브 코퍼스(스냅샷 이후)
몬스타엑스,spillover,20,21d09fb1cb90,r62∼r72,62,72,라이브 코퍼스(스냅샷 이후)
몬스타엑스,spillover,21,3c93869c1947,r62∼r72,62,72,라이브 코퍼스(스냅샷 이후)
몬스타엑스,spillover,22,a9cd33e24a40,r62∼r72,62,72,라이브 코퍼스(스냅샷 이후)
몬스타엑스,spillover,23,2ac17839538f,r62∼r72,62,72,라이브 코퍼스(스냅샷 이후)
몬스타엑스,spillover,24,2474e025fc96,r62∼r72,62,72,라이브 코퍼스(스냅샷 이후)
몬스타엑스,spillover,25,0c5da239ebe4,r62∼r72,62,72,라이브 코퍼스(스냅샷 이후)
몬스타엑스,spillover,26,90bc537464d1,r62∼r72,62,72,라이브 코퍼스(스냅샷 이후)
몬스타엑스,spillover,27,d814b794d3e0,r62∼r72,62,72,라이브 코퍼스(스냅샷 이후)
몬스타엑스,spillover,28,95dd354799b5,r62∼r72,62,72,라이브 코퍼스(스냅샷 이후)
몬스타엑스,spillover,29,7e06e48a573a,r62∼r72,62,72,라이브 코퍼스(스냅샷 이후)
몬스타엑스,spillover,30,17da527e3334,r62∼r72,62,72,라이브 코퍼스(스냅샷 이후)
몬스타엑스,spillover,31,bc2f5a62b721,r62∼r72,62,72,라이브 코퍼스(스냅샷 이후)
몬스타엑스,spillover,32,d808fd9e0abe,r62∼r72,62,72,라이브 코퍼스(스냅샷 이후)
몬스타엑스,spillover,33,661dfc56900b,r62∼r72,62,72,라이브 코퍼스(스냅샷 이후)
몬스타엑스,spillover,34,9dd9d25180f3,r62∼r72,62,72,라이브 코퍼스(스냅샷 이후)
몬스타엑스,spillover,35,e2dae6d9c27c,r62∼r72,62,72,라이브 코퍼스(스냅샷 이후)
몬스타엑스,spillover,36,22d4d159faf7,r62∼r72,62,72,라이브 코퍼스(스냅샷 이후)
몬스타엑스,spillover,37,5713565dfc47,r62∼r72,62,72,라이브 코퍼스(스냅샷 이후)
몬스타엑스,spillover,38,d24018c7935a,r62∼r72,62,72,라이브 코퍼스(스냅샷 이후)
몬스타엑스,spillover,39,b9be86dd5cdb,r62∼r72,62,72,라이브 코퍼스(스냅샷 이후)
몬스타엑스,spillover,40,1f4baf31be92,r62∼r72,62,72,라이브 코퍼스(스냅샷 이후)
몬스타엑스,spillover,41,822466eb29cf,r62∼r72,62,72,라이브 코퍼스(스냅샷 이후)
몬스타엑스,spillover,42,45cf60ab36ac,r62∼r72,62,72,라이브 코퍼스(스냅샷 이후)
몬스타엑스,spillover,43,447da5497b4c,r62∼r72,62,72,라이브 코퍼스(스냅샷 이후)
몬스타엑스,spillover,44,3375be895f7d,r62∼r72,62,72,라이브 코퍼스(스냅샷 이후)
몬스타엑스,spillover,45,f20f568e4cdb,r62∼r72,62,72,라이브 코퍼스(스냅샷 이후)
몬스타엑스,spillover,46,01ced07a093e,r62∼r72,62,72,라이브 코퍼스(스냅샷 이후)
몬스타엑스,spillover,47,b03598e83f58,r62∼r72,62,72,라이브 코퍼스(스냅샷 이후)
몬스타엑스,spillover,48,502c2ffd212c,r62∼r72,62,72,라이브 코퍼스(스냅샷 이후)
몬스타엑스,spillover,49,00c2df3d7561,r62∼r72,62,72,라이브 코퍼스(스냅샷 이후)
몬스타엑스,spillover,50,9dfd487b87db,r62∼r72,62,72,라이브 코퍼스(스냅샷 이후)
몬스타엑스,spillover,51,c70ee857302e,r62∼r72,62,72,라이브 코퍼스(스냅샷 이후)
몬스타엑스,spillover,52,64068882bbf5,r62∼r72,62,72,라이브 코퍼스(스냅샷 이후)
몬스타엑스,spillover,53,159f1014eadc,r62∼r72,62,72,라이브 코퍼스(스냅샷 이후)
몬스타엑스,spillover,54,3c71faf9af50,r62∼r72,62,72,라이브 코퍼스(스냅샷 이후)
투어스(TWS),loyalty,0,ca1c8bf131bb,r63∼r72,63,72,라이브 코퍼스(스냅샷 이후)
투어스(TWS),loyalty,1,8f23e365e6f8,r63∼r72,63,72,라이브 코퍼스(스냅샷 이후)
투어스(TWS),loyalty,2,706fb90a7129,r63∼r72,63,72,라이브 코퍼스(스냅샷 이후)
투어스(TWS),loyalty,3,5ae6582c54a6,r63∼r72,63,72,라이브 코퍼스(스냅샷 이후)
투어스(TWS),loyalty,4,54c30aed7b0e,r63∼r72,63,72,라이브 코퍼스(스냅샷 이후)
투어스(TWS),loyalty,5,699673c6e5fd,r63∼r72,63,72,라이브 코퍼스(스냅샷 이후)
투어스(TWS),loyalty,6,1d6120ec785b,r63∼r72,63,72,라이브 코퍼스(스냅샷 이후)
투어스(TWS),loyalty,7,74ce8744905e,r63∼r72,63,72,라이브 코퍼스(스냅샷 이후)
투어스(TWS),loyalty,8,ac755509602d,r63∼r72,63,72,라이브 코퍼스(스냅샷 이후)
투어스(TWS),loyalty,9,09796bd9fc22,r63∼r72,63,72,라이브 코퍼스(스냅샷 이후)
투어스(TWS),loyalty,10,6d5d785082f2,r63∼r72,63,72,라이브 코퍼스(스냅샷 이후)
투어스(TWS),loyalty,11,325c0cd3a295,r63∼r72,63,72,라이브 코퍼스(스냅샷 이후)
투어스(TWS),loyalty,12,b282c400d993,r63∼r72,63,72,라이브 코퍼스(스냅샷 이후)
투어스(TWS),loyalty,13,9b21f9f9453d,r63∼r72,63,72,라이브 코퍼스(스냅샷 이후)
투어스(TWS),loyalty,14,1b9203fa8213,r63∼r72,63,72,라이브 코퍼스(스냅샷 이후)
투어스(TWS),loyalty,15,ace430fb178e,r63∼r72,63,72,라이브 코퍼스(스냅샷 이후)
투어스(TWS),loyalty,16,8312f05fcd83,r63∼r72,63,72,라이브 코퍼스(스냅샷 이후)
투어스(TWS),loyalty,17,3fec06db389c,r63∼r72,63,72,라이브 코퍼스(스냅샷 이후)
투어스(TWS),loyalty,18,18ca5000e838,r63∼r72,63,72,라이브 코퍼스(스냅샷 이후)
투어스(TWS),loyalty,19,12392335f48b,r63∼r72,63,72,라이브 코퍼스(스냅샷 이후)
투어스(TWS),loyalty,20,8b6a7b6f5657,r63∼r72,63,72,라이브 코퍼스(스냅샷 이후)
투어스(TWS),loyalty,21,6eb353e93a12,r63∼r72,63,72,라이브 코퍼스(스냅샷 이후)
투어스(TWS),loyalty,22,0c5cfcf94bd9,r63∼r72,63,72,라이브 코퍼스(스냅샷 이후)
투어스(TWS),loyalty,23,39ad90c24a9c,r63∼r72,63,72,라이브 코퍼스(스냅샷 이후)
투어스(TWS),loyalty,24,c6dc32ef5192,r63∼r72,63,72,라이브 코퍼스(스냅샷 이후)
투어스(TWS),loyalty,25,5cf28d01af3f,r63∼r72,63,72,라이브 코퍼스(스냅샷 이후)
투어스(TWS),loyalty,26,198ed410ad94,r63∼r72,63,72,라이브 코퍼스(스냅샷 이후)
투어스(TWS),loyalty,27,91113aaa15ab,r63∼r72,63,72,라이브 코퍼스(스냅샷 이후)
투어스(TWS),loyalty,28,77a7387ee52e,r63∼r72,63,72,라이브 코퍼스(스냅샷 이후)
투어스(TWS),loyalty,29,f540c4aa8bc4,r63∼r72,63,72,라이브 코퍼스(스냅샷 이후)
투어스(TWS),loyalty,30,8a44a0384ca6,r63∼r72,63,72,라이브 코퍼스(스냅샷 이후)
투어스(TWS),loyalty,31,23aa19694019,r63∼r72,63,72,라이브 코퍼스(스냅샷 이후)
투어스(TWS),spillover,0,a0b53778131a,r63∼r72,63,72,라이브 코퍼스(스냅샷 이후)
투어스(TWS),spillover,1,e1da4edd60e4,r63∼r72,63,72,라이브 코퍼스(스냅샷 이후)
투어스(TWS),spillover,2,ad11ed10179f,r63∼r72,63,72,라이브 코퍼스(스냅샷 이후)
투어스(TWS),spillover,3,8f506178422f,r63∼r72,63,72,라이브 코퍼스(스냅샷 이후)
투어스(TWS),spillover,4,f6b722fdb9ff,r63∼r72,63,72,라이브 코퍼스(스냅샷 이후)
투어스(TWS),spillover,5,68afff84a395,r63∼r72,63,72,라이브 코퍼스(스냅샷 이후)
투어스(TWS),spillover,6,393f8159d74a,r63∼r72,63,72,라이브 코퍼스(스냅샷 이후)
투어스(TWS),spillover,7,02134a181804,r63∼r72,63,72,라이브 코퍼스(스냅샷 이후)
투어스(TWS),spillover,8,ee0f93ec8db0,r63∼r72,63,72,라이브 코퍼스(스냅샷 이후)
투어스(TWS),spillover,9,dd5ebc1078e1,r63∼r72,63,72,라이브 코퍼스(스냅샷 이후)
투어스(TWS),spillover,10,c8fc035edec4,r63∼r72,63,72,라이브 코퍼스(스냅샷 이후)
투어스(TWS),spillover,11,5bf29693b190,r63∼r72,63,72,라이브 코퍼스(스냅샷 이후)
투어스(TWS),spillover,12,cc9a948c573b,r63∼r72,63,72,라이브 코퍼스(스냅샷 이후)
투어스(TWS),spillover,13,375b4238d7de,r63∼r72,63,72,라이브 코퍼스(스냅샷 이후)
투어스(TWS),spillover,14,c21617d05235,r63∼r72,63,72,라이브 코퍼스(스냅샷 이후)
투어스(TWS),spillover,15,8dd27f5ab360,r63∼r72,63,72,라이브 코퍼스(스냅샷 이후)
투어스(TWS),spillover,16,d42af3a9227d,r63∼r72,63,72,라이브 코퍼스(스냅샷 이후)
투어스(TWS),spillover,17,1d832020c03a,r63∼r72,63,72,라이브 코퍼스(스냅샷 이후)
투어스(TWS),spillover,18,aa0659e6cbc4,r63∼r72,63,72,라이브 코퍼스(스냅샷 이후)
투어스(TWS),spillover,19,e5f63ac4ec86,r63∼r72,63,72,라이브 코퍼스(스냅샷 이후)
투어스(TWS),spillover,20,21120227ee62,r63∼r72,63,72,라이브 코퍼스(스냅샷 이후)
투어스(TWS),spillover,21,a8fe39314cbb,r63∼r72,63,72,라이브 코퍼스(스냅샷 이후)
투어스(TWS),spillover,22,d7a13860a0e8,r63∼r72,63,72,라이브 코퍼스(스냅샷 이후)
투어스(TWS),spillover,23,5f0db757b94e,r63∼r72,63,72,라이브 코퍼스(스냅샷 이후)
투어스(TWS),spillover,24,97f05f7292d8,r63∼r72,63,72,라이브 코퍼스(스냅샷 이후)
투어스(TWS),spillover,25,f63833c5b4ab,r63∼r72,63,72,라이브 코퍼스(스냅샷 이후)
투어스(TWS),spillover,26,2a85aca7f890,r63∼r72,63,72,라이브 코퍼스(스냅샷 이후)
투어스(TWS),spillover,27,621239a96cee,r63∼r72,63,72,라이브 코퍼스(스냅샷 이후)
투어스(TWS),spillover,28,60bede452a1f,r63∼r72,63,72,라이브 코퍼스(스냅샷 이후)
투어스(TWS),spillover,29,dfec43460824,r63∼r72,63,72,라이브 코퍼스(스냅샷 이후)
투어스(TWS),spillover,30,a6e21c9c758b,r63∼r72,63,72,라이브 코퍼스(스냅샷 이후)
투어스(TWS),spillover,31,0379782c0574,r63∼r72,63,72,라이브 코퍼스(스냅샷 이후)
투어스(TWS),spillover,32,fb05d439f7c2,r63∼r72,63,72,라이브 코퍼스(스냅샷 이후)
투어스(TWS),spillover,33,8408db9d72a0,r63∼r72,63,72,라이브 코퍼스(스냅샷 이후)
투어스(TWS),spillover,34,6efc3c5ce817,r63∼r72,63,72,라이브 코퍼스(스냅샷 이후)
투어스(TWS),spillover,35,2081b44d1414,r63∼r72,63,72,라이브 코퍼스(스냅샷 이후)
투어스(TWS),spillover,36,8f94b9a5fa77,r63∼r72,63,72,라이브 코퍼스(스냅샷 이후)
투어스(TWS),spillover,37,5f93180d9caf,r63∼r72,63,72,라이브 코퍼스(스냅샷 이후)
투어스(TWS),spillover,38,a1f395991a96,r63∼r72,63,72,라이브 코퍼스(스냅샷 이후)
투어스(TWS),spillover,39,685397220b89,r63∼r72,63,72,라이브 코퍼스(스냅샷 이후)
투어스(TWS),spillover,40,0fec567e7613,r63∼r72,63,72,라이브 코퍼스(스냅샷 이후)
투어스(TWS),spillover,41,09ef141ceeb2,r63∼r72,63,72,라이브 코퍼스(스냅샷 이후)
투어스(TWS),spillover,42,37be9b8c52e1,r63∼r72,63,72,라이브 코퍼스(스냅샷 이후)
투어스(TWS),spillover,43,79a5f6525c35,r63∼r72,63,72,라이브 코퍼스(스냅샷 이후)
투어스(TWS),spillover,44,00c49aa0fd3f,r63∼r72,63,72,라이브 코퍼스(스냅샷 이후)
투어스(TWS),spillover,45,c14aaf7925b7,r63∼r72,63,72,라이브 코퍼스(스냅샷 이후)
투어스(TWS),spillover,46,614a3c0a3afe,r63∼r72,63,72,라이브 코퍼스(스냅샷 이후)
투어스(TWS),spillover,47,838264a64c48,r63∼r72,63,72,라이브 코퍼스(스냅샷 이후)
투어스(TWS),spillover,48,a7d0674a7329,r63∼r72,63,72,라이브 코퍼스(스냅샷 이후)
투어스(TWS),spillover,49,76effc3a6469,r63∼r72,63,72,라이브 코퍼스(스냅샷 이후)
투어스(TWS),spillover,50,86f366b06027,r63∼r72,63,72,라이브 코퍼스(스냅샷 이후)
투어스(TWS),spillover,51,211c056b4f30,r63∼r72,63,72,라이브 코퍼스(스냅샷 이후)
투어스(TWS),spillover,52,005120c4eaaf,r63∼r72,63,72,라이브 코퍼스(스냅샷 이후)
투어스(TWS),spillover,53,4a41620a951c,r63∼r72,63,72,라이브 코퍼스(스냅샷 이후)
투어스(TWS),spillover,54,443532547a00,r63∼r72,63,72,라이브 코퍼스(스냅샷 이후)
투어스(TWS),spillover,55,cb5ef9bb1abd,r63∼r72,63,72,라이브 코퍼스(스냅샷 이후)
투어스(TWS),spillover,56,12d0fbc23cde,r63∼r72,63,72,라이브 코퍼스(스냅샷 이후)
투어스(TWS),spillover,57,a4a80a6078db,r63∼r72,63,72,라이브 코퍼스(스냅샷 이후)
