fandom,category,bullet_type,text_years,n_text_years,url_date,url_year,relative_expr,event_year,year_source,text_url_gap
이영지,힙합,loyalty,2026,1,,,,2026,text,
이영지,힙합,loyalty,,0,,,,,none,
이영지,힙합,loyalty,,0,,,,,none,
이영지,힙합,loyalty,2024,1,,,,2024,text,
이영지,힙합,loyalty,2026,1,,,,2026,text,
이영지,힙합,loyalty,2023|2024,2,,,,2024,text,
이영지,힙합,loyalty,,0,,,,,none,
이영지,힙합,loyalty,2023,1,,,,2023,text,
이영지,힙합,loyalty,2026,1,,,,2026,text,
이영지,힙합,loyalty,2000|2022,2,,,,2022,text,
이영지,힙합,loyalty,,0,,,,,none,
이영지,힙합,loyalty,,0,2026-02-09,2026,,2026,url,
이영지,힙합,loyalty,,0,2026-02-09,2026,,2026,url,
이영지,힙합,loyalty,2026,1,,,,2026,text,
이영지,힙합,loyalty,,0,,,,,none,
이영지,힙합,loyalty,,0,,,,,none,
이영지,힙합,loyalty,2022,1,,,,2022,text,
이영지,힙합,loyalty,2026,1,2026-02-09,2026,,2026,text,0
이영지,힙합,loyalty,2025,1,,,,2025,text,
이영지,힙합,loyalty,2025,1,,,,2025,text,
이영지,힙합,loyalty,2026,1,,,,2026,text,
이영지,힙합,loyalty,,0,2024-06-27,2024,,2024,url,
이영지,힙합,loyalty,,0,,,,,none,
이영지,힙합,loyalty,,0,,,,,none,
이영지,힙합,loyalty,,0,,,,,none,
이영지,힙합,loyalty,,0,,,,,none,
이영지,힙합,loyalty,2026,1,,,,2026,text,
이영지,힙합,loyalty,2025,1,,,,2025,text,
이영지,힙합,loyalty,,0,,,,,none,
이영지,힙합,loyalty,,0,,,,,none,
이영지,힙합,loyalty,,0,,,,,none,
이영지,힙합,loyalty,2024|2025,2,,,,2025,text,
이영지,힙합,loyalty,2023,1,2023-12-13,2023,,2023,text,0
이영지,힙합,loyalty,2026,1,,,,2026,text,
이영지,힙합,loyalty,,0,,,,,none,
이영지,힙합,loyalty,2026,1,2026-02-09,2026,,2026,text,0
이영지,힙합,loyalty,2026,1,2026-02-09,2026,,2026,text,0
이영지,힙합,loyalty,2026,1,,,,2026,text,
이영지,힙합,loyalty,2023,1,,,,2023,text,
이영지,힙합,spillover,2025,1,,,,2025,text,
이영지,힙합,spillover,,0,,,,,none,
이영지,힙합,spillover,,0,,,,,none,
이영지,힙합,spillover,,0,,,,,none,
이영지,힙합,spillover,2025,1,,,,2025,text,
이영지,힙합,spillover,,0,,,,,none,
이영지,힙합,spillover,2023,1,,,,2023,text,
이영지,힙합,spillover,,0,,,,,none,
이영지,힙합,spillover,2024,1,2024-07-17,2024,,2024,text,0
이영지,힙합,spillover,,0,2024-07-17,2024,,2024,url,
이영지,힙합,spillover,,0,2024-07-17,2024,,2024,url,
이영지,힙합,spillover,2025,1,,,,2025,text,
이영지,힙합,spillover,,0,,,,,none,
이영지,힙합,spillover,,0,,,,,none,
이영지,힙합,spillover,2024,1,2024-06-24,2024,,2024,text,0
이영지,힙합,spillover,,0,,,,,none,
이영지,힙합,spillover,2025,1,,,,2025,text,
이영지,힙합,spillover,,0,,,,,none,
이영지,힙합,spillover,,0,,,,,none,
이영지,힙합,spillover,,0,,,,,none,
이영지,힙합,spillover,,0,,,,,none,
이영지,힙합,spillover,,0,,,,,none,
이영지,힙합,spillover,2000,1,,,,2000,text,
이영지,힙합,spillover,2024,1,2024-11-26,2024,,2024,text,0
이영지,힙합,spillover,,0,2024-11-27,2024,,2024,url,
이영지,힙합,spillover,,0,,,,,none,
이영지,힙합,spillover,,0,,,,,none,
이영지,힙합,spillover,,0,,,,,none,
이영지,힙합,spillover,,0,,,,,none,
이영지,힙합,spillover,2025,1,2025-03,2025,,2025,text,0
이영지,힙합,spillover,,0,,,,,none,
이영지,힙합,spillover,,0,,,,,none,
이영지,힙합,spillover,2024,1,,,,2024,text,
이영지,힙합,spillover,2026,1,,,,2026,text,
이영지,힙합,spillover,2025,1,,,,2025,text,
이영지,힙합,spillover,2025,1,,,,2025,text,
이영지,힙합,spillover,2026,1,,,,2026,text,
이영지,힙합,spillover,2026,1,,,,2026,text,
이영지,힙합,spillover,2025,1,,,,2025,text,
이영지,힙합,spillover,,0,,,,,none,
이영지,힙합,spillover,,0,,,,,none,
이영지,힙합,spillover,,0,,,,,none,
이영지,힙합,spillover,,0,,,,,none,
이영지,힙합,spillover,,0,,,,,none,
이영지,힙합,spillover,,0,,,,,none,
이영지,힙합,spillover,,0,,,,,none,
이영지,힙합,spillover,,0,2022-10-28,2022,,2022,url,
이영지,힙합,spillover,,0,,,,,none,
이영지,힙합,spillover,2022,1,,,,2022,text,
이영지,힙합,spillover,2023,1,,,,2023,text,
이영지,힙합,spillover,,0,,,,,none,
이영지,힙합,spillover,2020,1,,,,2020,text,
이영지,힙합,spillover,2026,1,,,,2026,text,
이영지,힙합,spillover,2020,1,,,,2020,text,
이영지,힙합,spillover,2022,1,,,,2022,text,
이영지,힙합,spillover,2026,1,,,,2026,text,
이영지,힙합,spillover,2025,1,,,,2025,text,
이영지,힙합,spillover,2025,1,,,,2025,text,
이영지,힙합,spillover,2021,1,,,,2021,text,
이영지,힙합,spillover,2022,1,,,,2022,text,
이영지,힙합,spillover,2025,1,,,,2025,text,
이영지,힙합,spillover,2025,1,,,,2025,text,
이영지,힙합,spillover,,0,,,,,none,
이영지,힙합,spillover,,0,,,,,none,
이영지,힙합,spillover,,0,,,,,none,
이영지,힙합,spillover,,0,,,,,none,
이영지,힙합,spillover,,0,,,,,none,
이영지,힙합,spillover,,0,,,,,none,
지드래곤 (G-Dragon),힙합,loyalty,2025,1,2025-02,2025,,2025,text,0
지드래곤 (G-Dragon),힙합,loyalty,,0,2025-02,2025,,2025,url,
지드래곤 (G-Dragon),힙합,loyalty,,0,2025-11-11,2025,,2025,url,
지드래곤 (G-Dragon),힙합,loyalty,,0,,,,,none,
지드래곤 (G-Dragon),힙합,loyalty,,0,,,,,none,
지드래곤 (G-Dragon),힙합,loyalty,,0,,,,,none,
지드래곤 (G-Dragon),힙합,loyalty,2025,1,2025-10-03,2025,,2025,text,0
지드래곤 (G-Dragon),힙합,loyalty,2025,1,,,,2025,text,
지드래곤 (G-Dragon),힙합,loyalty,2025,1,,,,2025,text,
지드래곤 (G-Dragon),힙합,loyalty,2025,1,,,,2025,text,
지드래곤 (G-Dragon),힙합,loyalty,,0,2025-12-16,2025,,2025,url,
지드래곤 (G-Dragon),힙합,loyalty,,0,2025-12-16,2025,,2025,url,
지드래곤 (G-Dragon),힙합,loyalty,,0,2025-12-16,2025,,2025,url,
지드래곤 (G-Dragon),힙합,loyalty,2025,1,,,,2025,text,
지드래곤 (G-Dragon),힙합,loyalty,2025,1,,,,2025,text,
지드래곤 (G-Dragon),힙합,loyalty,2015|2016,2,,,,2016,text,
지드래곤 (G-Dragon),힙합,loyalty,2011|2012|2017,3,,,,2017,text,
지드래곤 (G-Dragon),힙합,loyalty,,0,2025-02,2025,,2025,url,
지드래곤 (G-Dragon),힙합,loyalty,2025,1,,,,2025,text,
지드래곤 (G-Dragon),힙합,loyalty,,0,,,,,none,
지드래곤 (G-Dragon),힙합,loyalty,2026,1,,,,2026,text,
지드래곤 (G-Dragon),힙합,loyalty,2026,1,,,,2026,text,
지드래곤 (G-Dragon),힙합,loyalty,2025,1,,,,2025,text,
지드래곤 (G-Dragon),힙합,loyalty,2025,1,,,,2025,text,
지드래곤 (G-Dragon),힙합,loyalty,2025,1,,,,2025,text,
지드래곤 (G-Dragon),힙합,loyalty,2025,1,,,,2025,text,
지드래곤 (G-Dragon),힙합,loyalty,,0,,,,,none,
지드래곤 (G-Dragon),힙합,loyalty,,0,,,,,none,
지드래곤 (G-Dragon),힙합,loyalty,,0,,,,,none,
지드래곤 (G-Dragon),힙합,loyalty,2025,1,,,,2025,text,
지드래곤 (G-Dragon),힙합,loyalty,,0,,,,,none,
지드래곤 (G-Dragon),힙합,loyalty,,0,,,,,none,
지드래곤 (G-Dragon),힙합,loyalty,2025,1,,,,2025,text,
지드래곤 (G-Dragon),힙합,loyalty,,0,,,,,none,
지드래곤 (G-Dragon),힙합,loyalty,2017,1,,,,2017,text,
지드래곤 (G-Dragon),힙합,loyalty,2016,1,,,,2016,text,
지드래곤 (G-Dragon),힙합,loyalty,2016,1,,,,2016,text,
지드래곤 (G-Dragon),힙합,loyalty,2015,1,,,,2015,text,
지드래곤 (G-Dragon),힙합,loyalty,2025,1,,,,2025,text,
지드래곤 (G-Dragon),힙합,loyalty,2025,1,,,,2025,text,
지드래곤 (G-Dragon),힙합,loyalty,2023,1,,,,2023,text,
지드래곤 (G-Dragon),힙합,loyalty,2026,1,,,,2026,text,
지드래곤 (G-Dragon),힙합,loyalty,2026,1,,,,2026,text,
지드래곤 (G-Dragon),힙합,loyalty,2024|2025,2,,,,2025,text,
지드래곤 (G-Dragon),힙합,loyalty,2026,1,,,,2026,text,
지드래곤 (G-Dragon),힙합,loyalty,,0,,,,,none,
지드래곤 (G-Dragon),힙합,loyalty,2014,1,,,,2014,text,
지드래곤 (G-Dragon),힙합,spillover,2025,1,2025-06-15,2025,,2025,text,0
지드래곤 (G-Dragon),힙합,spillover,,0,,,,,none,
지드래곤 (G-Dragon),힙합,spillover,2025,1,,,,2025,text,
지드래곤 (G-Dragon),힙합,spillover,2016,1,,,,2016,text,
지드래곤 (G-Dragon),힙합,spillover,,0,,,,,none,
지드래곤 (G-Dragon),힙합,spillover,,0,,,,,none,
지드래곤 (G-Dragon),힙합,spillover,2025,1,2025-10-29,2025,,2025,text,0
지드래곤 (G-Dragon),힙합,spillover,2025,1,2025-10-29,2025,,2025,text,0
지드래곤 (G-Dragon),힙합,spillover,,0,,,,,none,
지드래곤 (G-Dragon),힙합,spillover,,0,,,,,none,
지드래곤 (G-Dragon),힙합,spillover,2026,1,,,,2026,text,
지드래곤 (G-Dragon),힙합,spillover,,0,2025-12-16,2025,,2025,url,
지드래곤 (G-Dragon),힙합,spillover,2016|2017,2,,,,2017,text,
지드래곤 (G-Dragon),힙합,spillover,2017,1,,,,2017,text,
지드래곤 (G-Dragon),힙합,spillover,,0,,,,,none,
지드래곤 (G-Dragon),힙합,spillover,2025,1,,,,2025,text,
지드래곤 (G-Dragon),힙합,spillover,2026,1,2026-07,2026,,2026,text,0
지드래곤 (G-Dragon),힙합,spillover,2025,1,,,,2025,text,
지드래곤 (G-Dragon),힙합,spillover,2014|2024,2,,,,2024,text,
지드래곤 (G-Dragon),힙합,spillover,2020|2026,2,2026-04-13,2026,,2026,text,0
지드래곤 (G-Dragon),힙합,spillover,,0,2025-03-14,2025,,2025,url,
지드래곤 (G-Dragon),힙합,spillover,2026,1,,,,2026,text,
지드래곤 (G-Dragon),힙합,spillover,,0,,,,,none,
지드래곤 (G-Dragon),힙합,spillover,,0,,,,,none,
지드래곤 (G-Dragon),힙합,spillover,,0,,,,,none,
지드래곤 (G-Dragon),힙합,spillover,,0,,,,,none,
지드래곤 (G-Dragon),힙합,spillover,2025,1,2025-12-23,2025,,2025,text,0
지드래곤 (G-Dragon),힙합,spillover,,0,2025-09-22,2025,,2025,url,
지드래곤 (G-Dragon),힙합,spillover,,0,,,,,none,
지드래곤 (G-Dragon),힙합,spillover,,0,2023-11-06,2023,,2023,url,
지드래곤 (G-Dragon),힙합,spillover,2025,1,,,,2025,text,
지드래곤 (G-Dragon),힙합,spillover,,0,,,,,none,
지드래곤 (G-Dragon),힙합,spillover,,0,2024-10-31,2024,,2024,url,
지드래곤 (G-Dragon),힙합,spillover,,0,2025-02-25,2025,,2025,url,
지드래곤 (G-Dragon),힙합,spillover,,0,2023-10-31,2023,,2023,url,
지드래곤 (G-Dragon),힙합,spillover,2026,1,,,,2026,text,
지드래곤 (G-Dragon),힙합,spillover,,0,,,,,none,
지드래곤 (G-Dragon),힙합,spillover,2025,1,2025-03-19,2025,,2025,text,0
지드래곤 (G-Dragon),힙합,spillover,,0,2025-09-25,2025,,2025,url,
지드래곤 (G-Dragon),힙합,spillover,2011|2012|2013|2024|2025,5,,,,2025,text,
지드래곤 (G-Dragon),힙합,spillover,2012|2017,2,,,,2017,text,
지드래곤 (G-Dragon),힙합,spillover,2024|2025,2,,,,2025,text,
지드래곤 (G-Dragon),힙합,spillover,2017,1,,,,2017,text,
지드래곤 (G-Dragon),힙합,spillover,,0,2024-10-31,2024,,2024,url,
지드래곤 (G-Dragon),힙합,spillover,2025,1,,,,2025,text,
지드래곤 (G-Dragon),힙합,spillover,2025,1,2025-11-17,2025,,2025,text,0
지드래곤 (G-Dragon),힙합,spillover,,0,,,,,none,
지드래곤 (G-Dragon),힙합,spillover,,0,,,,,none,
지드래곤 (G-Dragon),힙합,spillover,,0,,,0,,none,
지드래곤 (G-Dragon),힙합,spillover,,0,,,,,none,
지드래곤 (G-Dragon),힙합,spillover,,0,,,,,none,
지드래곤 (G-Dragon),힙합,spillover,,0,,,,,none,
지드래곤 (G-Dragon),힙합,spillover,,0,,,,,none,
지드래곤 (G-Dragon),힙합,spillover,,0,,,,,none,
지드래곤 (G-Dragon),힙합,spillover,2025,1,2025-03-28,2025,,2025,text,0
지드래곤 (G-Dragon),힙합,spillover,2025,1,,,,2025,text,
지드래곤 (G-Dragon),힙합,spillover,,0,,,,,none,
지드래곤 (G-Dragon),힙합,spillover,,0,,,,,none,
지드래곤 (G-Dragon),힙합,spillover,2025,1,,,,2025,text,
지드래곤 (G-Dragon),힙합,spillover,,0,,,,,none,
지드래곤 (G-Dragon),힙합,spillover,2024,1,2024-11-04,2024,,2024,text,0
지드래곤 (G-Dragon),힙합,spillover,2025,1,,,,2025,text,
지드래곤 (G-Dragon),힙합,spillover,2026,1,,,,2026,text,
지드래곤 (G-Dragon),힙합,spillover,,0,,,,,none,
지드래곤 (G-Dragon),힙합,spillover,2025,1,2026-04-17,2026,-1,2025,text,-1
지드래곤 (G-Dragon),힙합,spillover,,0,,,,,none,
지드래곤 (G-Dragon),힙합,spillover,2016,1,2016-03-31,2016,,2016,text,0
지드래곤 (G-Dragon),힙합,spillover,2026,1,,,,2026,text,
지드래곤 (G-Dragon),힙합,spillover,2026,1,,,,2026,text,
지드래곤 (G-Dragon),힙합,spillover,2026,1,,,,2026,text,
지드래곤 (G-Dragon),힙합,spillover,2026,1,,,,2026,text,
지드래곤 (G-Dragon),힙합,spillover,2025,1,,,,2025,text,
지드래곤 (G-Dragon),힙합,spillover,2025,1,,,,2025,text,
지드래곤 (G-Dragon),힙합,spillover,2025|2026,2,2025-06-05,2025,,2026,text,1
지드래곤 (G-Dragon),힙합,spillover,2026,1,,,,2026,text,
지드래곤 (G-Dragon),힙합,spillover,2025,1,2025-06-15,2025,,2025,text,0
지드래곤 (G-Dragon),힙합,spillover,2026,1,,,,2026,text,
지드래곤 (G-Dragon),힙합,spillover,2016,1,,,,2016,text,
지드래곤 (G-Dragon),힙합,spillover,2025,1,,,,2025,text,
지드래곤 (G-Dragon),힙합,spillover,,0,,,,,none,
지드래곤 (G-Dragon),힙합,spillover,,0,,,,,none,
지드래곤 (G-Dragon),힙합,spillover,2016,1,,,,2016,text,
지드래곤 (G-Dragon),힙합,spillover,,0,,,,,none,
지드래곤 (G-Dragon),힙합,spillover,2017,1,,,,2017,text,
지드래곤 (G-Dragon),힙합,spillover,2026,1,2026-09-09,2026,,2026,text,0
지드래곤 (G-Dragon),힙합,spillover,2025,1,,,,2025,text,
지코,힙합,loyalty,2019,1,,,,2019,text,
지코,힙합,loyalty,2015,1,,,,2015,text,
지코,힙합,loyalty,2026,1,,,,2026,text,
지코,힙합,loyalty,2026,1,,,,2026,text,
지코,힙합,loyalty,2019,1,,,,2019,text,
지코,힙합,loyalty,2013,1,,,,2013,text,
지코,힙합,loyalty,2024,1,,,,2024,text,
지코,힙합,loyalty,2019,1,,,,2019,text,
지코,힙합,loyalty,,0,,,,,none,
지코,힙합,loyalty,,0,,,,,none,
지코,힙합,loyalty,,0,,,,,none,
지코,힙합,loyalty,2026,1,,,,2026,text,
지코,힙합,loyalty,2026,1,,,,2026,text,
지코,힙합,loyalty,2022,1,,,,2022,text,
지코,힙합,loyalty,,0,2024-11-20,2024,,2024,url,
지코,힙합,loyalty,,0,,,,,none,
지코,힙합,loyalty,,0,,,,,none,
지코,힙합,loyalty,,0,,,,,none,
지코,힙합,loyalty,,0,,,,,none,
지코,힙합,loyalty,,0,,,,,none,
지코,힙합,loyalty,2023,1,,,,2023,text,
지코,힙합,loyalty,2018,1,,,,2018,text,
지코,힙합,loyalty,2015,1,,,,2015,text,
지코,힙합,loyalty,2019,1,,,,2019,text,
지코,힙합,loyalty,2020,1,,,,2020,text,
지코,힙합,loyalty,2026,1,,,,2026,text,
지코,힙합,loyalty,,0,,,,,none,
지코,힙합,loyalty,,0,,,,,none,
지코,힙합,spillover,2024,1,,,,2024,text,
지코,힙합,spillover,,0,,,,,none,
지코,힙합,spillover,2018,1,,,,2018,text,
지코,힙합,spillover,2020,1,,,,2020,text,
지코,힙합,spillover,2024,1,,,,2024,text,
지코,힙합,spillover,2019|2020|2023,3,,,,2023,text,
지코,힙합,spillover,,0,,,,,none,
지코,힙합,spillover,2010|2012,2,,,,2012,text,
지코,힙합,spillover,,0,,,,,none,
지코,힙합,spillover,,0,,,,,none,
지코,힙합,spillover,,0,,,,,none,
지코,힙합,spillover,,0,,,,,none,
지코,힙합,spillover,,0,,,,,none,
지코,힙합,spillover,2024,1,,,,2024,text,
지코,힙합,spillover,2024,1,,,,2024,text,
지코,힙합,spillover,2016,1,,,,2016,text,
지코,힙합,spillover,2019,1,,,,2019,text,
지코,힙합,spillover,2019|2020,2,,,,2020,text,
지코,힙합,spillover,2016|2018|2020|2024,4,,,,2024,text,
지코,힙합,spillover,,0,,,,,none,
지코,힙합,spillover,,0,,,,,none,
지코,힙합,spillover,,0,,,,,none,
지코,힙합,spillover,,0,,,,,none,
지코,힙합,spillover,2026,1,,,,2026,text,
지코,힙합,spillover,,0,2026-02-06,2026,,2026,url,
지코,힙합,spillover,,0,,,,,none,
지코,힙합,spillover,,0,,,,,none,
지코,힙합,spillover,,0,,,,,none,
지코,힙합,spillover,,0,,,,,none,
지코,힙합,spillover,,0,,,,,none,
지코,힙합,spillover,,0,,,,,none,
지코,힙합,spillover,,0,,,,,none,
지코,힙합,spillover,2024,1,,,,2024,text,
지코,힙합,spillover,,0,,,,,none,
지코,힙합,spillover,2025,1,,,,2025,text,
지코,힙합,spillover,2025,1,2025-12-19,2025,,2025,text,0
지코,힙합,spillover,,0,2022-07-29,2022,,2022,url,
지코,힙합,spillover,,0,2022-07-29,2022,,2022,url,
지코,힙합,spillover,,0,,,,,none,
지코,힙합,spillover,,0,,,,,none,
지코,힙합,spillover,,0,,,,,none,
지코,힙합,spillover,,0,,,,,none,
지코,힙합,spillover,,0,,,,,none,
지코,힙합,spillover,,0,,,,,none,
지코,힙합,spillover,2026,1,,,,2026,text,
지코,힙합,spillover,,0,,,,,none,
지코,힙합,spillover,2020,1,,,,2020,text,
지코,힙합,spillover,2025,1,,,,2025,text,
지코,힙합,spillover,2019,1,2019-03-03,2019,,2019,text,0
지코,힙합,spillover,2020,1,2020-07-21,2020,,2020,text,0
지코,힙합,spillover,2026,1,,,,2026,text,
지코,힙합,spillover,2026,1,,,,2026,text,
지코,힙합,spillover,2024,1,,,,2024,text,
지코,힙합,spillover,2022,1,,,,2022,text,
지코,힙합,spillover,,0,,,,,none,
지코,힙합,spillover,2016,1,,,,2016,text,
지코,힙합,spillover,2016|2020,2,,,,2020,text,
지코,힙합,spillover,2016,1,,,,2016,text,
지코,힙합,spillover,2016,1,,,,2016,text,
지코,힙합,spillover,2016,1,,,,2016,text,
지코,힙합,spillover,2016,1,,,,2016,text,
지코,힙합,spillover,2022,1,,,,2022,text,
지코,힙합,spillover,,0,,,,,none,
지코,힙합,spillover,2026,1,,,,2026,text,
지코,힙합,spillover,2026,1,,,,2026,text,
지코,힙합,spillover,2018|2026,2,,,,2026,text,
지코,힙합,spillover,,0,,,,,none,
지코,힙합,spillover,,0,,,,,none,
지코,힙합,spillover,,0,,,,,none,
지코,힙합,spillover,2026,1,,,,2026,text,
지코,힙합,spillover,,0,,,,,none,
지코,힙합,spillover,,0,2024-04,2024,,2024,url,
지코,힙합,spillover,,0,2019-01,2019,,2019,url,
박재범,힙합,loyalty,2024|2025,2,,,,2025,text,
박재범,힙합,loyalty,,0,,,,,none,
박재범,힙합,loyalty,,0,,,,,none,
박재범,힙합,loyalty,,0,,,,,none,
박재범,힙합,loyalty,,0,,,,,none,
박재범,힙합,loyalty,2017|2018,2,,,,2018,text,
박재범,힙합,loyalty,,0,,,,,none,
박재범,힙합,loyalty,,0,,,,,none,
박재범,힙합,loyalty,,0,,,,,none,
박재범,힙합,loyalty,,0,,,,,none,
박재범,힙합,loyalty,,0,,,,,none,
박재범,힙합,loyalty,2025,1,,,,2025,text,
박재범,힙합,loyalty,,0,,,,,none,
박재범,힙합,loyalty,2023,1,,,,2023,text,
박재범,힙합,loyalty,2025,1,,,,2025,text,
박재범,힙합,loyalty,,0,,,,,none,
박재범,힙합,loyalty,2025,1,,,,2025,text,
박재범,힙합,loyalty,2025,1,,,,2025,text,
박재범,힙합,loyalty,2026,1,,,,2026,text,
박재범,힙합,loyalty,,0,,,,,none,
박재범,힙합,loyalty,,0,,,,,none,
박재범,힙합,loyalty,,0,,,,,none,
박재범,힙합,loyalty,,0,,,,,none,
박재범,힙합,loyalty,,0,,,,,none,
박재범,힙합,loyalty,2026,1,,,,2026,text,
박재범,힙합,loyalty,,0,2026-06-11,2026,,2026,url,
박재범,힙합,loyalty,2010,1,,,,2010,text,
박재범,힙합,loyalty,2025,1,,,,2025,text,
박재범,힙합,loyalty,2025,1,,,,2025,text,
박재범,힙합,loyalty,,0,,,,,none,
박재범,힙합,loyalty,,0,,,,,none,
박재범,힙합,loyalty,,0,,,,,none,
박재범,힙합,loyalty,,0,,,,,none,
박재범,힙합,loyalty,,0,,,,,none,
박재범,힙합,loyalty,2026,1,,,,2026,text,
박재범,힙합,loyalty,2026,1,,,,2026,text,
박재범,힙합,loyalty,,0,,,,,none,
박재범,힙합,loyalty,2012|2019|2024,3,2012-05-06,2012,,2024,text,12
박재범,힙합,loyalty,2026,1,,,,2026,text,
박재범,힙합,loyalty,2026,1,,,,2026,text,
박재범,힙합,loyalty,2016,1,,,,2016,text,
박재범,힙합,loyalty,2017,1,,,,2017,text,
박재범,힙합,loyalty,,0,,,,,none,
박재범,힙합,loyalty,,0,,,,,none,
박재범,힙합,loyalty,2026,1,,,,2026,text,
박재범,힙합,loyalty,2026,1,,,,2026,text,
박재범,힙합,loyalty,,0,,,,,none,
박재범,힙합,loyalty,2026,1,,,,2026,text,
박재범,힙합,loyalty,,0,,,,,none,
박재범,힙합,spillover,,0,,,,,none,
박재범,힙합,spillover,,0,,,,,none,
박재범,힙합,spillover,2016|2021,2,,,,2021,text,
박재범,힙합,spillover,2025,1,2025-12-24,2025,,2025,text,0
박재범,힙합,spillover,,0,,,,,none,
박재범,힙합,spillover,2023|2024,2,,,,2024,text,
박재범,힙합,spillover,2022,1,,,,2022,text,
박재범,힙합,spillover,,0,,,,,none,
박재범,힙합,spillover,2023|2024,2,2023-11,2023,,2024,text,1
박재범,힙합,spillover,,0,,,,,none,
박재범,힙합,spillover,2022,1,,,,2022,text,
박재범,힙합,spillover,2013|2016,2,,,,2016,text,
박재범,힙합,spillover,,0,,,,,none,
박재범,힙합,spillover,,0,,,,,none,
박재범,힙합,spillover,,0,,,,,none,
박재범,힙합,spillover,,0,,,,,none,
박재범,힙합,spillover,,0,,,,,none,
박재범,힙합,spillover,,0,,,,,none,
박재범,힙합,spillover,,0,,,,,none,
박재범,힙합,spillover,,0,2026-06-09,2026,,2026,url,
박재범,힙합,spillover,2025,1,,,,2025,text,
박재범,힙합,spillover,,0,,,,,none,
박재범,힙합,spillover,2023,1,,,,2023,text,
박재범,힙합,spillover,2016,1,,,,2016,text,
박재범,힙합,spillover,,0,,,,,none,
박재범,힙합,spillover,2026,1,,,,2026,text,
박재범,힙합,spillover,2026,1,,,,2026,text,
박재범,힙합,spillover,,0,,,,,none,
박재범,힙합,spillover,,0,,,,,none,
박재범,힙합,spillover,,0,,,,,none,
박재범,힙합,spillover,2026,1,,,,2026,text,
박재범,힙합,spillover,2026,1,,,,2026,text,
박재범,힙합,spillover,,0,,,,,none,
박재범,힙합,spillover,,0,,,,,none,
박재범,힙합,spillover,2025,1,2025-07-01,2025,,2025,text,0
박재범,힙합,spillover,2013,1,,,,2013,text,
박재범,힙합,spillover,2011,1,,,,2011,text,
박재범,힙합,spillover,2026,1,2026-03-13,2026,,2026,text,0
박재범,힙합,spillover,,0,,,,,none,
박재범,힙합,spillover,2010,1,,,,2010,text,
박재범,힙합,spillover,2011,1,,,,2011,text,
박재범,힙합,spillover,2011,1,,,,2011,text,
박재범,힙합,spillover,2012|2014,2,,,,2014,text,
박재범,힙합,spillover,2022,1,,,,2022,text,
박재범,힙합,spillover,2022,1,2022-08-25,2022,,2022,text,0
박재범,힙합,spillover,2015,1,2015-03-04,2015,,2015,text,0
박재범,힙합,spillover,2026,1,,,,2026,text,
박재범,힙합,spillover,2023,1,2023-11,2023,,2023,text,0
박재범,힙합,spillover,2022,1,2022-08,2022,,2022,text,0
박재범,힙합,spillover,2023,1,,,,2023,text,
박재범,힙합,spillover,2023,1,,,,2023,text,
박재범,힙합,spillover,2022,1,,,,2022,text,
박재범,힙합,spillover,2023,1,,,,2023,text,
박재범,힙합,spillover,,0,,,,,none,
박재범,힙합,spillover,,0,,,,,none,
박재범,힙합,spillover,2026,1,,,,2026,text,
박재범,힙합,spillover,2025,1,,,,2025,text,
박재범,힙합,spillover,,0,,,,,none,
박재범,힙합,spillover,,0,,,,,none,
박재범,힙합,spillover,2026,1,,,,2026,text,
박재범,힙합,spillover,,0,,,,,none,
다이나믹듀오,힙합,loyalty,2013|2017,2,,,,2017,text,
다이나믹듀오,힙합,loyalty,2023,1,2025-01-09,2025,,2023,text,-2
다이나믹듀오,힙합,loyalty,2024|2025,2,2025-01-09,2025,,2025,text,0
다이나믹듀오,힙합,loyalty,,0,,,,,none,
다이나믹듀오,힙합,loyalty,,0,2023-10-31,2023,,2023,url,
다이나믹듀오,힙합,loyalty,2014|2024,2,2023-10-31,2023,,2024,text,1
다이나믹듀오,힙합,loyalty,2025,1,,,,2025,text,
다이나믹듀오,힙합,loyalty,2026,1,,,,2026,text,
다이나믹듀오,힙합,loyalty,2025,1,,,,2025,text,
다이나믹듀오,힙합,loyalty,,0,,,,,none,
다이나믹듀오,힙합,loyalty,,0,,,,,none,
다이나믹듀오,힙합,loyalty,2023|2024|2025,3,,,,2025,text,
다이나믹듀오,힙합,loyalty,2025,1,,,,2025,text,
다이나믹듀오,힙합,loyalty,2025|2026,2,,,,2026,text,
다이나믹듀오,힙합,loyalty,2025,1,,,,2025,text,
다이나믹듀오,힙합,loyalty,2025|2026,2,,,,2026,text,
다이나믹듀오,힙합,loyalty,,0,,,,,none,
다이나믹듀오,힙합,loyalty,,0,,,,,none,
다이나믹듀오,힙합,loyalty,,0,,,,,none,
다이나믹듀오,힙합,loyalty,,0,2024-12-12,2024,,2024,url,
다이나믹듀오,힙합,loyalty,2025,1,,,,2025,text,
다이나믹듀오,힙합,loyalty,2025,1,,,,2025,text,
다이나믹듀오,힙합,loyalty,2013,1,,,,2013,text,
다이나믹듀오,힙합,loyalty,2025,1,,,,2025,text,
다이나믹듀오,힙합,loyalty,2026,1,,,,2026,text,
다이나믹듀오,힙합,loyalty,2014,1,,,,2014,text,
다이나믹듀오,힙합,spillover,2004,1,,,,2004,text,
다이나믹듀오,힙합,spillover,,0,2025-01-09,2025,,2025,url,
다이나믹듀오,힙합,spillover,2024,1,2023-10-31,2023,,2024,text,1
다이나믹듀오,힙합,spillover,,0,2023-10-31,2023,,2023,url,
다이나믹듀오,힙합,spillover,,0,2023-10-31,2023,,2023,url,
다이나믹듀오,힙합,spillover,2006,1,,,,2006,text,
다이나믹듀오,힙합,spillover,2004|2012,2,,,,2012,text,
다이나믹듀오,힙합,spillover,2006|2012|2017|2024,4,,,,2024,text,
다이나믹듀오,힙합,spillover,,0,,,,,none,
다이나믹듀오,힙합,spillover,,0,,,,,none,
다이나믹듀오,힙합,spillover,,0,,,,,none,
다이나믹듀오,힙합,spillover,,0,,,,,none,
다이나믹듀오,힙합,spillover,2026,1,,,,2026,text,
다이나믹듀오,힙합,spillover,,0,,,,,none,
다이나믹듀오,힙합,spillover,2026,1,,,,2026,text,
다이나믹듀오,힙합,spillover,2013,1,,,,2013,text,
다이나믹듀오,힙합,spillover,2017,1,,,,2017,text,
다이나믹듀오,힙합,spillover,2025,1,,,,2025,text,
다이나믹듀오,힙합,spillover,,0,,,,,none,
다이나믹듀오,힙합,spillover,,0,,,,,none,
다이나믹듀오,힙합,spillover,,0,,,,,none,
다이나믹듀오,힙합,spillover,2022,1,,,,2022,text,
다이나믹듀오,힙합,spillover,2012,1,,,,2012,text,
다이나믹듀오,힙합,spillover,,0,,,,,none,
다이나믹듀오,힙합,spillover,,0,,,,,none,
다이나믹듀오,힙합,spillover,2022,1,2022-04-27,2022,,2022,text,0
다이나믹듀오,힙합,spillover,,0,,,,,none,
다이나믹듀오,힙합,spillover,,0,,,,,none,
다이나믹듀오,힙합,spillover,2017,1,,,,2017,text,
다이나믹듀오,힙합,spillover,2020,1,,,,2020,text,
다이나믹듀오,힙합,spillover,2012,1,,,,2012,text,
다이나믹듀오,힙합,spillover,2017,1,,,,2017,text,
다이나믹듀오,힙합,spillover,2026,1,,,-1,2026,text,
다이나믹듀오,힙합,spillover,2014|2025,2,,,,2025,text,
다이나믹듀오,힙합,spillover,2025,1,2025-05-10,2025,,2025,text,0
다이나믹듀오,힙합,spillover,2025,1,,,,2025,text,
다이나믹듀오,힙합,spillover,2025,1,,,,2025,text,
다이나믹듀오,힙합,spillover,2019|2023,2,,,,2023,text,
다이나믹듀오,힙합,spillover,2018,1,,,,2018,text,
다이나믹듀오,힙합,spillover,,0,,,,,none,
다이나믹듀오,힙합,spillover,2015|2018,2,,,,2018,text,
다이나믹듀오,힙합,spillover,,0,,,,,none,
에픽하이,힙합,loyalty,2026,1,,,,2026,text,
에픽하이,힙합,loyalty,2026,1,,,,2026,text,
에픽하이,힙합,loyalty,2005|2023,2,,,,2023,text,
에픽하이,힙합,loyalty,,0,,,,,none,
에픽하이,힙합,loyalty,,0,2023-10-17,2023,,2023,url,
에픽하이,힙합,loyalty,,0,,,,,none,
에픽하이,힙합,loyalty,2026,1,,,,2026,text,
에픽하이,힙합,loyalty,2025,1,,,,2025,text,
에픽하이,힙합,loyalty,2026,1,,,,2026,text,
에픽하이,힙합,loyalty,,0,,,,,none,
에픽하이,힙합,loyalty,,0,,,,,none,
에픽하이,힙합,loyalty,,0,,,,,none,
에픽하이,힙합,loyalty,,0,,,,,none,
에픽하이,힙합,loyalty,2025,1,,,,2025,text,
에픽하이,힙합,loyalty,2025,1,,,,2025,text,
에픽하이,힙합,loyalty,2022,1,,,,2022,text,
에픽하이,힙합,loyalty,2026,1,,,,2026,text,
에픽하이,힙합,loyalty,,0,,,,,none,
에픽하이,힙합,loyalty,,0,,,,,none,
에픽하이,힙합,loyalty,2023,1,2023-04-24,2023,,2023,text,0
에픽하이,힙합,loyalty,,0,2023-04-24,2023,,2023,url,
에픽하이,힙합,loyalty,,0,,,,,none,
에픽하이,힙합,loyalty,,0,,,,,none,
에픽하이,힙합,loyalty,2025,1,,,,2025,text,
에픽하이,힙합,loyalty,,0,,,,,none,
에픽하이,힙합,loyalty,,0,,,,,none,
에픽하이,힙합,loyalty,,0,,,,,none,
에픽하이,힙합,loyalty,,0,,,,,none,
에픽하이,힙합,loyalty,,0,,,,,none,
에픽하이,힙합,loyalty,,0,,,,,none,
에픽하이,힙합,loyalty,2019,1,,,,2019,text,
에픽하이,힙합,loyalty,,0,,,,,none,
에픽하이,힙합,loyalty,,0,,,,,none,
에픽하이,힙합,loyalty,,0,,,,,none,
에픽하이,힙합,loyalty,2019,1,,,,2019,text,
에픽하이,힙합,loyalty,2022,1,2022-12-29,2022,,2022,text,0
에픽하이,힙합,loyalty,,0,,,,,none,
에픽하이,힙합,loyalty,2026,1,,,,2026,text,
에픽하이,힙합,loyalty,2026,1,2026-08-30,2026,,2026,text,0
에픽하이,힙합,loyalty,2025,1,,,,2025,text,
에픽하이,힙합,loyalty,2025,1,2025-12-29,2025,,2025,text,0
에픽하이,힙합,loyalty,,0,,,,,none,
에픽하이,힙합,loyalty,2007,1,,,,2007,text,
에픽하이,힙합,loyalty,,0,,,,,none,
에픽하이,힙합,loyalty,2019,1,,,,2019,text,
에픽하이,힙합,loyalty,,0,2014-11-10,2014,,2014,url,
에픽하이,힙합,spillover,,0,,,,,none,
에픽하이,힙합,spillover,2016,1,,,,2016,text,
에픽하이,힙합,spillover,,0,,,,,none,
에픽하이,힙합,spillover,2026,1,,,,2026,text,
에픽하이,힙합,spillover,2010|2016|2022,3,,,,2022,text,
에픽하이,힙합,spillover,2007|2008,2,,,,2008,text,
에픽하이,힙합,spillover,2024,1,,,,2024,text,
에픽하이,힙합,spillover,,0,,,,,none,
에픽하이,힙합,spillover,,0,,,,,none,
에픽하이,힙합,spillover,,0,,,,,none,
에픽하이,힙합,spillover,,0,,,,,none,
에픽하이,힙합,spillover,,0,,,,,none,
에픽하이,힙합,spillover,,0,2023-04-25,2023,,2023,url,
에픽하이,힙합,spillover,,0,2022-01-13,2022,,2022,url,
에픽하이,힙합,spillover,,0,,,,,none,
에픽하이,힙합,spillover,2025,1,,,,2025,text,
에픽하이,힙합,spillover,2025,1,,,,2025,text,
에픽하이,힙합,spillover,,0,,,,,none,
에픽하이,힙합,spillover,,0,,,,,none,
에픽하이,힙합,spillover,,0,,,,,none,
에픽하이,힙합,spillover,2026,1,,,,2026,text,
에픽하이,힙합,spillover,,0,,,,,none,
에픽하이,힙합,spillover,,0,,,,,none,
에픽하이,힙합,spillover,,0,,,,,none,
에픽하이,힙합,spillover,2024,1,,,,2024,text,
에픽하이,힙합,spillover,2006,1,,,,2006,text,
에픽하이,힙합,spillover,2019,1,2019-03-11,2019,,2019,text,0
에픽하이,힙합,spillover,2026,1,,,,2026,text,
에픽하이,힙합,spillover,2009,1,,,,2009,text,
에픽하이,힙합,spillover,2009,1,,,,2009,text,
에픽하이,힙합,spillover,2025,1,,,,2025,text,
에픽하이,힙합,spillover,2022,1,,,,2022,text,
에픽하이,힙합,spillover,2007,1,,,0,2007,text,
에픽하이,힙합,spillover,2019,1,,,,2019,text,
에픽하이,힙합,spillover,2022,1,2022-02,2022,,2022,text,0
에픽하이,힙합,spillover,,0,,,,,none,
에픽하이,힙합,spillover,2025,1,,,,2025,text,
에픽하이,힙합,spillover,2025,1,,,,2025,text,
에픽하이,힙합,spillover,2025,1,,,,2025,text,
에픽하이,힙합,spillover,2021,1,,,,2021,text,
에픽하이,힙합,spillover,2014|2020,2,,,,2020,text,
악동뮤지션,혼성,loyalty,2024,1,,,,2024,text,
악동뮤지션,혼성,loyalty,2026,1,,,,2026,text,
악동뮤지션,혼성,loyalty,2026,1,,,,2026,text,
악동뮤지션,혼성,loyalty,2024,1,,,,2024,text,
악동뮤지션,혼성,loyalty,2017,1,,,,2017,text,
악동뮤지션,혼성,loyalty,2026,1,2026-04,2026,,2026,text,0
악동뮤지션,혼성,loyalty,2017,1,,,,2017,text,
악동뮤지션,혼성,loyalty,2019,1,,,,2019,text,
악동뮤지션,혼성,loyalty,,0,,,,,none,
악동뮤지션,혼성,loyalty,2017|2019,2,,,,2019,text,
악동뮤지션,혼성,loyalty,2016,1,,,,2016,text,
악동뮤지션,혼성,loyalty,2024,1,2026-04-14,2026,,2024,text,-2
악동뮤지션,혼성,loyalty,,0,,,,,none,
악동뮤지션,혼성,loyalty,2023|2024,2,,,,2024,text,
악동뮤지션,혼성,loyalty,2026,1,,,,2026,text,
악동뮤지션,혼성,loyalty,2024,1,,,,2024,text,
악동뮤지션,혼성,loyalty,2023|2024,2,,,,2024,text,
악동뮤지션,혼성,loyalty,,0,,,,,none,
악동뮤지션,혼성,loyalty,2022,1,2022-12-29,2022,,2022,text,0
악동뮤지션,혼성,loyalty,2026,1,2026-08,2026,,2026,text,0
악동뮤지션,혼성,loyalty,,0,,,,,none,
악동뮤지션,혼성,loyalty,,0,,,,,none,
악동뮤지션,혼성,loyalty,,0,,,,,none,
악동뮤지션,혼성,spillover,2025,1,,,,2025,text,
악동뮤지션,혼성,spillover,2017|2023|2024,3,,,,2024,text,
악동뮤지션,혼성,spillover,,0,,,,,none,
악동뮤지션,혼성,spillover,2019,1,2026-04,2026,,2019,text,-7
악동뮤지션,혼성,spillover,2026,1,2026-04,2026,,2026,text,0
악동뮤지션,혼성,spillover,2026,1,2026-04,2026,,2026,text,0
악동뮤지션,혼성,spillover,,0,2026-04,2026,,2026,url,
악동뮤지션,혼성,spillover,2019,1,,,,2019,text,
악동뮤지션,혼성,spillover,,0,,,,,none,
악동뮤지션,혼성,spillover,2026,1,2026-04,2026,,2026,text,0
악동뮤지션,혼성,spillover,,0,,,,,none,
악동뮤지션,혼성,spillover,2013,1,,,,2013,text,
악동뮤지션,혼성,spillover,2023,1,,,,2023,text,
악동뮤지션,혼성,spillover,2026,1,,,,2026,text,
악동뮤지션,혼성,spillover,2025,1,,,,2025,text,
악동뮤지션,혼성,spillover,,0,,,,,none,
악동뮤지션,혼성,spillover,,0,,,,,none,
악동뮤지션,혼성,spillover,2025,1,,,,2025,text,
악동뮤지션,혼성,spillover,,0,,,,,none,
악동뮤지션,혼성,spillover,,0,,,,,none,
악동뮤지션,혼성,spillover,,0,,,,,none,
악동뮤지션,혼성,spillover,2026,1,2026-02-24,2026,,2026,text,0
악동뮤지션,혼성,spillover,2025,1,,,,2025,text,
악동뮤지션,혼성,spillover,,0,,,,,none,
악동뮤지션,혼성,spillover,,0,2023-08-24,2023,,2023,url,
악동뮤지션,혼성,spillover,,0,,,,,none,
악동뮤지션,혼성,spillover,,0,2026-03-27,2026,,2026,url,
악동뮤지션,혼성,spillover,,0,,,,,none,
악동뮤지션,혼성,spillover,,0,,,,,none,
악동뮤지션,혼성,spillover,2026,1,,,,2026,text,
악동뮤지션,혼성,spillover,,0,,,,,none,
악동뮤지션,혼성,spillover,,0,,,,,none,
악동뮤지션,혼성,spillover,,0,2026-04-02,2026,,2026,url,
악동뮤지션,혼성,spillover,2021,1,,,,2021,text,
악동뮤지션,혼성,spillover,2013,1,,,,2013,text,
악동뮤지션,혼성,spillover,2016,1,,,,2016,text,
악동뮤지션,혼성,spillover,2014,1,,,,2014,text,
악동뮤지션,혼성,spillover,2016,1,,,,2016,text,
악동뮤지션,혼성,spillover,2018|2019|2020|2023,4,,,,2023,text,
악동뮤지션,혼성,spillover,,0,,,,,none,
악동뮤지션,혼성,spillover,2022|2026,2,,,,2026,text,
악동뮤지션,혼성,spillover,,0,2026-04-11,2026,,2026,url,
악동뮤지션,혼성,spillover,2014,1,,,,2014,text,
악동뮤지션,혼성,spillover,2019,1,2019-09-25,2019,,2019,text,0
악동뮤지션,혼성,spillover,2025,1,2025-09-03,2025,,2025,text,0
악동뮤지션,혼성,spillover,2025,1,,,,2025,text,
악동뮤지션,혼성,spillover,2013,1,,,,2013,text,
악동뮤지션,혼성,spillover,,0,,,,,none,
악동뮤지션,혼성,spillover,2016|2024,2,,,,2024,text,
악동뮤지션,혼성,spillover,2013|2018,2,,,,2018,text,
악동뮤지션,혼성,spillover,,0,,,,,none,
임영웅,트로트,loyalty,2026,1,,,,2026,text,
임영웅,트로트,loyalty,2025|2026,2,,,,2026,text,
임영웅,트로트,loyalty,,0,,,,,none,
임영웅,트로트,loyalty,,0,,,,,none,
임영웅,트로트,loyalty,,0,,,,,none,
임영웅,트로트,loyalty,,0,,,,,none,
임영웅,트로트,loyalty,2026,1,,,,2026,text,
임영웅,트로트,loyalty,,0,,,,,none,
임영웅,트로트,loyalty,,0,,,,,none,
임영웅,트로트,loyalty,2023,1,,,,2023,text,
임영웅,트로트,loyalty,,0,,,,,none,
임영웅,트로트,loyalty,2025,1,,,,2025,text,
임영웅,트로트,loyalty,,0,,,,,none,
임영웅,트로트,loyalty,,0,,,,,none,
임영웅,트로트,loyalty,2024,1,,,,2024,text,
임영웅,트로트,loyalty,,0,2026-08-08,2026,,2026,url,
임영웅,트로트,loyalty,,0,,,,,none,
임영웅,트로트,loyalty,2026,1,2026-08-07,2026,,2026,text,0
임영웅,트로트,loyalty,2022,1,,,,2022,text,
임영웅,트로트,loyalty,2026,1,,,,2026,text,
임영웅,트로트,loyalty,2020,1,,,,2020,text,
임영웅,트로트,loyalty,,0,,,,,none,
임영웅,트로트,loyalty,,0,,,,,none,
임영웅,트로트,loyalty,,0,2026-08-10,2026,,2026,url,
임영웅,트로트,loyalty,,0,2026-08-06,2026,,2026,url,
임영웅,트로트,loyalty,,0,,,,,none,
임영웅,트로트,loyalty,2026,1,,,,2026,text,
임영웅,트로트,loyalty,,0,,,,,none,
임영웅,트로트,loyalty,,0,2025-08-19,2025,,2025,url,
임영웅,트로트,loyalty,,0,,,,,none,
임영웅,트로트,loyalty,,0,,,,,none,
임영웅,트로트,loyalty,2026,1,,,,2026,text,
임영웅,트로트,loyalty,,0,,,,,none,
임영웅,트로트,loyalty,2026,1,,,,2026,text,
임영웅,트로트,loyalty,,0,,,,,none,
임영웅,트로트,loyalty,,0,2025-08-19,2025,,2025,url,
임영웅,트로트,loyalty,,0,,,,,none,
임영웅,트로트,loyalty,2026,1,,,,2026,text,
임영웅,트로트,loyalty,,0,2026-08-08,2026,,2026,url,
임영웅,트로트,loyalty,,0,,,,,none,
임영웅,트로트,loyalty,2025,1,,,,2025,text,
임영웅,트로트,loyalty,,0,2026-07-23,2026,0,2026,relative,
임영웅,트로트,loyalty,,0,,,,,none,
임영웅,트로트,loyalty,,0,2025-10-07,2025,,2025,url,
임영웅,트로트,loyalty,,0,2025-08-26,2025,,2025,url,
임영웅,트로트,loyalty,,0,2026-07-23,2026,,2026,url,
임영웅,트로트,loyalty,,0,,,,,none,
임영웅,트로트,loyalty,2023,1,2023-12-13,2023,,2023,text,0
임영웅,트로트,loyalty,2022,1,2022-11-27,2022,,2022,text,0
임영웅,트로트,loyalty,2026,1,,,,2026,text,
임영웅,트로트,loyalty,2025,1,2025-08-13,2025,,2025,text,0
임영웅,트로트,loyalty,2026,1,,,,2026,text,
임영웅,트로트,loyalty,2026,1,,,,2026,text,
임영웅,트로트,loyalty,2025,1,,,,2025,text,
임영웅,트로트,loyalty,,0,,,,,none,
임영웅,트로트,loyalty,,0,,,,,none,
임영웅,트로트,loyalty,2026,1,,,,2026,text,
임영웅,트로트,loyalty,2022|2026,2,,,,2026,text,
임영웅,트로트,loyalty,2026,1,,,,2026,text,
임영웅,트로트,spillover,,0,,,,,none,
임영웅,트로트,spillover,,0,,,-1,,none,
임영웅,트로트,spillover,2024,1,,,,2024,text,
임영웅,트로트,spillover,2026,1,,,,2026,text,
임영웅,트로트,spillover,,0,,,,,none,
임영웅,트로트,spillover,2021|2023|2024,3,2024-03-18,2024,,2024,text,0
임영웅,트로트,spillover,2026,1,2024-03-18,2024,,2026,text,2
임영웅,트로트,spillover,2025,1,,,-1,2025,text,
임영웅,트로트,spillover,,0,,,,,none,
임영웅,트로트,spillover,2025,1,2025-10-02,2025,,2025,text,0
임영웅,트로트,spillover,2025|2026,2,,,,2026,text,
임영웅,트로트,spillover,,0,,,,,none,
임영웅,트로트,spillover,,0,,,,,none,
임영웅,트로트,spillover,,0,2026-08-08,2026,,2026,url,
임영웅,트로트,spillover,2024,1,2026-08-08,2026,,2024,text,-2
임영웅,트로트,spillover,,0,,,,,none,
임영웅,트로트,spillover,2024,1,2024-03-18,2024,,2024,text,0
임영웅,트로트,spillover,,0,2026-08-08,2026,,2026,url,
임영웅,트로트,spillover,2025|2026,2,,,,2026,text,
임영웅,트로트,spillover,2024|2026,2,,,,2026,text,
임영웅,트로트,spillover,2019|2020,2,,,,2020,text,
임영웅,트로트,spillover,2026,1,,,,2026,text,
임영웅,트로트,spillover,2026,1,2026-05-07,2026,,2026,text,0
임영웅,트로트,spillover,,0,,,,,none,
임영웅,트로트,spillover,,0,,,,,none,
임영웅,트로트,spillover,,0,2024-06,2024,,2024,url,
임영웅,트로트,spillover,2026,1,,,,2026,text,
임영웅,트로트,spillover,2025,1,2025-12-05,2025,,2025,text,0
임영웅,트로트,spillover,,0,,,,,none,
임영웅,트로트,spillover,2000|2022,2,,,,2022,text,
임영웅,트로트,spillover,2025,1,,,,2025,text,
임영웅,트로트,spillover,2024,1,,,,2024,text,
임영웅,트로트,spillover,,0,,,,,none,
임영웅,트로트,spillover,,0,,,,,none,
임영웅,트로트,spillover,,0,,,,,none,
임영웅,트로트,spillover,,0,,,,,none,
임영웅,트로트,spillover,,0,,,,,none,
임영웅,트로트,spillover,2025|2026,2,,,,2026,text,
임영웅,트로트,spillover,,0,,,,,none,
임영웅,트로트,spillover,,0,,,,,none,
임영웅,트로트,spillover,,0,,,,,none,
임영웅,트로트,spillover,,0,,,,,none,
임영웅,트로트,spillover,2026,1,,,,2026,text,
임영웅,트로트,spillover,,0,,,,,none,
임영웅,트로트,spillover,2021,1,,,,2021,text,
임영웅,트로트,spillover,2025,1,,,,2025,text,
임영웅,트로트,spillover,,0,,,,,none,
임영웅,트로트,spillover,2026,1,,,,2026,text,
임영웅,트로트,spillover,2020,1,,,,2020,text,
임영웅,트로트,spillover,2024,1,,,,2024,text,
임영웅,트로트,spillover,,0,,,-1,,none,
임영웅,트로트,spillover,,0,,,,,none,
임영웅,트로트,spillover,2025,1,,,-1,2025,text,
임영웅,트로트,spillover,2024,1,2024-09-29,2024,,2024,text,0
임영웅,트로트,spillover,2026,1,,,-1,2026,text,
임영웅,트로트,spillover,2026,1,,,,2026,text,
임영웅,트로트,spillover,2026,1,2026-08-18,2026,,2026,text,0
임영웅,트로트,spillover,,0,,,,,none,
임영웅,트로트,spillover,2024,1,,,,2024,text,
임영웅,트로트,spillover,2022,1,,,,2022,text,
임영웅,트로트,spillover,2021,1,,,,2021,text,
임영웅,트로트,spillover,2020,1,,,,2020,text,
임영웅,트로트,spillover,2020,1,,,,2020,text,
임영웅,트로트,spillover,2022,1,,,,2022,text,
임영웅,트로트,spillover,2025,1,,,,2025,text,
임영웅,트로트,spillover,,0,,,0,,none,
임영웅,트로트,spillover,2020,1,,,,2020,text,
임영웅,트로트,spillover,2020|2023,2,,,,2023,text,
임영웅,트로트,spillover,2020,1,,,,2020,text,
임영웅,트로트,spillover,,0,2024-08-31,2024,,2024,url,
임영웅,트로트,spillover,2021,1,,,,2021,text,
임영웅,트로트,spillover,2020,1,,,,2020,text,
송가인,트로트,loyalty,2020,1,,,,2020,text,
송가인,트로트,loyalty,2019,1,,,,2019,text,
송가인,트로트,loyalty,,0,,,,,none,
송가인,트로트,loyalty,2019|2025,2,,,,2025,text,
송가인,트로트,loyalty,2026,1,,,,2026,text,
송가인,트로트,loyalty,,0,,,,,none,
송가인,트로트,loyalty,2020,1,,,,2020,text,
송가인,트로트,loyalty,2019,1,,,,2019,text,
송가인,트로트,loyalty,2024,1,,,,2024,text,
송가인,트로트,loyalty,2020,1,,,,2020,text,
송가인,트로트,loyalty,2021,1,,,,2021,text,
송가인,트로트,loyalty,,0,,,,,none,
송가인,트로트,loyalty,,0,,,,,none,
송가인,트로트,loyalty,2026,1,,,,2026,text,
송가인,트로트,loyalty,2025,1,,,,2025,text,
송가인,트로트,loyalty,2026,1,,,,2026,text,
송가인,트로트,loyalty,2025,1,,,,2025,text,
송가인,트로트,loyalty,2025,1,,,,2025,text,
송가인,트로트,loyalty,,0,,,,,none,
송가인,트로트,loyalty,,0,,,,,none,
송가인,트로트,loyalty,,0,,,,,none,
송가인,트로트,loyalty,,0,,,,,none,
송가인,트로트,loyalty,,0,,,,,none,
송가인,트로트,loyalty,2024,1,,,,2024,text,
송가인,트로트,loyalty,2025,1,,,,2025,text,
송가인,트로트,loyalty,,0,,,,,none,
송가인,트로트,loyalty,,0,2025-03-17,2025,,2025,url,
송가인,트로트,loyalty,,0,,,,,none,
송가인,트로트,loyalty,2025,1,,,,2025,text,
송가인,트로트,loyalty,,0,,,,,none,
송가인,트로트,loyalty,2025,1,,,,2025,text,
송가인,트로트,loyalty,2021,1,,,,2021,text,
송가인,트로트,loyalty,,0,,,,,none,
송가인,트로트,loyalty,2020,1,,,,2020,text,
송가인,트로트,spillover,2019,1,,,,2019,text,
송가인,트로트,spillover,,0,,,,,none,
송가인,트로트,spillover,2025,1,,,,2025,text,
송가인,트로트,spillover,2026,1,2026-08-18,2026,,2026,text,0
송가인,트로트,spillover,2026,1,2026-08-18,2026,,2026,text,0
송가인,트로트,spillover,2019,1,,,,2019,text,
송가인,트로트,spillover,2019|2020,2,,,,2020,text,
송가인,트로트,spillover,2026,1,,,,2026,text,
송가인,트로트,spillover,2026,1,,,,2026,text,
송가인,트로트,spillover,2020,1,,,,2020,text,
송가인,트로트,spillover,2019|2022|2025,3,,,,2025,text,
송가인,트로트,spillover,2019|2020|2021|2022|2023,5,,,,2023,text,
송가인,트로트,spillover,2026,1,,,,2026,text,
송가인,트로트,spillover,,0,,,,,none,
송가인,트로트,spillover,,0,,,,,none,
송가인,트로트,spillover,,0,,,,,none,
송가인,트로트,spillover,,0,,,,,none,
송가인,트로트,spillover,2025,1,,,,2025,text,
송가인,트로트,spillover,2025,1,,,,2025,text,
송가인,트로트,spillover,,0,,,,,none,
송가인,트로트,spillover,2021,1,,,,2021,text,
송가인,트로트,spillover,2026,1,,,,2026,text,
송가인,트로트,spillover,2025,1,,,,2025,text,
송가인,트로트,spillover,2022,1,,,,2022,text,
송가인,트로트,spillover,2022,1,,,,2022,text,
송가인,트로트,spillover,2021,1,,,,2021,text,
송가인,트로트,spillover,2020,1,,,,2020,text,
송가인,트로트,spillover,2021,1,,,,2021,text,
송가인,트로트,spillover,2022,1,,,,2022,text,
송가인,트로트,spillover,2019,1,,,,2019,text,
송가인,트로트,spillover,,0,,,,,none,
송가인,트로트,spillover,2019,1,,,,2019,text,
송가인,트로트,spillover,2025,1,,,,2025,text,
송가인,트로트,spillover,2026,1,,,,2026,text,
송가인,트로트,spillover,2025,1,,,,2025,text,
송가인,트로트,spillover,,0,,,-1,,none,
송가인,트로트,spillover,2000|2018|2019,3,,,,2019,text,
송가인,트로트,spillover,2026,1,,,,2026,text,
송가인,트로트,spillover,2026,1,2026-08-23,2026,,2026,text,0
송가인,트로트,spillover,2026,1,,,,2026,text,
송가인,트로트,spillover,2024|2025,2,2025-07-26,2025,,2025,text,0
송가인,트로트,spillover,2026,1,,,,2026,text,
송가인,트로트,spillover,2025,1,,,,2025,text,
송가인,트로트,spillover,2021,1,,,,2021,text,
송가인,트로트,spillover,2019,1,,,,2019,text,
송가인,트로트,spillover,2025,1,,,,2025,text,
송가인,트로트,spillover,2019,1,,,,2019,text,
송가인,트로트,spillover,2020,1,,,,2020,text,
송가인,트로트,spillover,2020,1,,,,2020,text,
송가인,트로트,spillover,2020,1,,,,2020,text,
송가인,트로트,spillover,2020,1,,,,2020,text,
송가인,트로트,spillover,2025,1,,,,2025,text,
송가인,트로트,spillover,2019,1,,,,2019,text,
송가인,트로트,spillover,2026,1,,,,2026,text,
송가인,트로트,spillover,2020,1,,,,2020,text,
송가인,트로트,spillover,2012|2019,2,,,,2019,text,
송가인,트로트,spillover,2026,1,2026-03-12,2026,,2026,text,0
송가인,트로트,spillover,2019,1,,,,2019,text,
영탁,트로트,loyalty,2020|2023,2,,,,2023,text,
영탁,트로트,loyalty,2022|2023,2,,,,2023,text,
영탁,트로트,loyalty,2024,1,,,,2024,text,
영탁,트로트,loyalty,2025,1,,,,2025,text,
영탁,트로트,loyalty,2022|2026,2,,,,2026,text,
영탁,트로트,loyalty,2020,1,2023-01-30,2023,,2020,text,-3
영탁,트로트,loyalty,2020|2022,2,2023-01-30,2023,,2022,text,-1
영탁,트로트,loyalty,,0,,,,,none,
영탁,트로트,loyalty,2024,1,,,,2024,text,
영탁,트로트,loyalty,2025,1,2025-03-31,2025,,2025,text,0
영탁,트로트,loyalty,2022|2025,2,,,,2025,text,
영탁,트로트,loyalty,2026,1,,,,2026,text,
영탁,트로트,loyalty,2024,1,,,,2024,text,
영탁,트로트,loyalty,,0,,,,,none,
영탁,트로트,loyalty,2022,1,,,,2022,text,
영탁,트로트,loyalty,,0,,,,,none,
영탁,트로트,loyalty,,0,2025-09-10,2025,,2025,url,
영탁,트로트,loyalty,,0,,,,,none,
영탁,트로트,loyalty,,0,2025-05-13,2025,,2025,url,
영탁,트로트,loyalty,,0,,,,,none,
영탁,트로트,loyalty,2022,1,,,,2022,text,
영탁,트로트,loyalty,2026,1,,,,2026,text,
영탁,트로트,loyalty,2026,1,,,,2026,text,
영탁,트로트,loyalty,2026,1,,,,2026,text,
영탁,트로트,loyalty,2026,1,,,,2026,text,
영탁,트로트,loyalty,2023|2026,2,,,,2026,text,
영탁,트로트,loyalty,2025,1,,,,2025,text,
영탁,트로트,loyalty,,0,,,,,none,
영탁,트로트,loyalty,2025,1,,,,2025,text,
영탁,트로트,loyalty,2026,1,,,,2026,text,
영탁,트로트,loyalty,,0,,,,,none,
영탁,트로트,loyalty,,0,,,,,none,
영탁,트로트,loyalty,2023,1,,,,2023,text,
영탁,트로트,loyalty,2024,1,,,,2024,text,
영탁,트로트,loyalty,2025,1,2025-09-10,2025,,2025,text,0
영탁,트로트,loyalty,2026,1,2026-05-20,2026,,2026,text,0
영탁,트로트,loyalty,,0,,,,,none,
영탁,트로트,loyalty,,0,,,,,none,
영탁,트로트,loyalty,2026,1,,,,2026,text,
영탁,트로트,spillover,2021,1,,,,2021,text,
영탁,트로트,spillover,,0,,,,,none,
영탁,트로트,spillover,2023,1,2023-01-30,2023,,2023,text,0
영탁,트로트,spillover,,0,2023-01-30,2023,,2023,url,
영탁,트로트,spillover,2024,1,,,,2024,text,
영탁,트로트,spillover,,0,,,,,none,
영탁,트로트,spillover,,0,,,,,none,
영탁,트로트,spillover,2020|2025,2,,,,2025,text,
영탁,트로트,spillover,2022|2023|2024,3,,,,2024,text,
영탁,트로트,spillover,2022|2024,2,,,,2024,text,
영탁,트로트,spillover,,0,,,,,none,
영탁,트로트,spillover,,0,,,,,none,
영탁,트로트,spillover,2022,1,,,,2022,text,
영탁,트로트,spillover,2022|2023,2,,,,2023,text,
영탁,트로트,spillover,,0,,,,,none,
영탁,트로트,spillover,2023,1,,,,2023,text,
영탁,트로트,spillover,,0,2022-11-08,2022,,2022,url,
영탁,트로트,spillover,,0,,,,,none,
영탁,트로트,spillover,,0,,,,,none,
영탁,트로트,spillover,,0,,,,,none,
영탁,트로트,spillover,2025,1,,,,2025,text,
영탁,트로트,spillover,,0,,,,,none,
영탁,트로트,spillover,,0,,,,,none,
영탁,트로트,spillover,,0,2026-05-21,2026,,2026,url,
영탁,트로트,spillover,,0,,,,,none,
영탁,트로트,spillover,,0,,,,,none,
영탁,트로트,spillover,,0,,,,,none,
영탁,트로트,spillover,,0,,,,,none,
영탁,트로트,spillover,2020,1,,,,2020,text,
영탁,트로트,spillover,2020,1,,,,2020,text,
영탁,트로트,spillover,2022,1,,,,2022,text,
영탁,트로트,spillover,2023,1,,,,2023,text,
영탁,트로트,spillover,2025,1,,,,2025,text,
영탁,트로트,spillover,2020,1,,,,2020,text,
영탁,트로트,spillover,2021,1,,,,2021,text,
영탁,트로트,spillover,2013,1,,,,2013,text,
영탁,트로트,spillover,2005|2011|2020,3,,,,2020,text,
영탁,트로트,spillover,,0,,,,,none,
영탁,트로트,spillover,2024,1,2024-07-15,2024,,2024,text,0
영탁,트로트,spillover,2020|2023,2,,,,2023,text,
영탁,트로트,spillover,2024,1,2024-09-29,2024,,2024,text,0
영탁,트로트,spillover,2026,1,,,,2026,text,
영탁,트로트,spillover,2026,1,,,,2026,text,
영탁,트로트,spillover,2026,1,2026-08-23,2026,,2026,text,0
영탁,트로트,spillover,,0,,,,,none,
영탁,트로트,spillover,,0,,,,,none,
영탁,트로트,spillover,2024,1,,,,2024,text,
영탁,트로트,spillover,2024,1,2024-07-15,2024,,2024,text,0
영탁,트로트,spillover,2024,1,,,,2024,text,
영탁,트로트,spillover,2025,1,,,,2025,text,
영탁,트로트,spillover,2020,1,,,,2020,text,
영탁,트로트,spillover,2020,1,,,,2020,text,
영탁,트로트,spillover,2020,1,,,,2020,text,
영탁,트로트,spillover,2024,1,,,,2024,text,
영탁,트로트,spillover,2024,1,,,,2024,text,
영탁,트로트,spillover,2020,1,,,,2020,text,
영탁,트로트,spillover,2020,1,,,,2020,text,
영탁,트로트,spillover,2020,1,,,,2020,text,
영탁,트로트,spillover,2024,1,,,,2024,text,
영탁,트로트,spillover,,0,,,,,none,
영탁,트로트,spillover,2024,1,2024-04-10,2024,,2024,text,0
영탁,트로트,spillover,2024,1,2024-06-19,2024,,2024,text,0
영탁,트로트,spillover,2023,1,2023-05-03,2023,,2023,text,0
영탁,트로트,spillover,2023,1,2023-10-21,2023,,2023,text,0
영탁,트로트,spillover,,0,,,,,none,
김호중,트로트,loyalty,2020,1,,,,2020,text,
김호중,트로트,loyalty,2024,1,,,,2024,text,
김호중,트로트,loyalty,,0,,,,,none,
김호중,트로트,loyalty,2025,1,,,,2025,text,
김호중,트로트,loyalty,2021,1,,,,2021,text,
김호중,트로트,loyalty,,0,,,,,none,
김호중,트로트,loyalty,,0,,,,,none,
김호중,트로트,loyalty,,0,2026-02,2026,,2026,url,
김호중,트로트,loyalty,2020,1,,,,2020,text,
김호중,트로트,loyalty,,0,,,,,none,
김호중,트로트,loyalty,2023,1,,,,2023,text,
김호중,트로트,loyalty,2023,1,,,,2023,text,
김호중,트로트,loyalty,2022,1,,,,2022,text,
김호중,트로트,loyalty,2024,1,,,,2024,text,
김호중,트로트,loyalty,2026,1,,,,2026,text,
김호중,트로트,loyalty,,0,,,,,none,
김호중,트로트,loyalty,,0,,,,,none,
김호중,트로트,loyalty,2024,1,,,,2024,text,
김호중,트로트,loyalty,,0,,,,,none,
김호중,트로트,loyalty,2020,1,,,,2020,text,
김호중,트로트,loyalty,,0,,,,,none,
김호중,트로트,loyalty,2024,1,2024-05-24,2024,,2024,text,0
김호중,트로트,loyalty,2022,1,,,,2022,text,
김호중,트로트,loyalty,,0,,,,,none,
김호중,트로트,loyalty,,0,2022-03-16,2022,,2022,url,
김호중,트로트,loyalty,,0,,,,,none,
김호중,트로트,loyalty,2020,1,,,,2020,text,
김호중,트로트,loyalty,2023,1,,,,2023,text,
김호중,트로트,loyalty,,0,,,,,none,
김호중,트로트,loyalty,,0,,,,,none,
김호중,트로트,loyalty,,0,,,,,none,
김호중,트로트,loyalty,,0,,,,,none,
김호중,트로트,loyalty,,0,,,,,none,
김호중,트로트,loyalty,2025,1,,,,2025,text,
김호중,트로트,loyalty,2021,1,,,,2021,text,
김호중,트로트,loyalty,,0,,,,,none,
김호중,트로트,loyalty,,0,,,,,none,
김호중,트로트,loyalty,,0,,,,,none,
김호중,트로트,loyalty,2026,1,,,,2026,text,
김호중,트로트,spillover,,0,,,,,none,
김호중,트로트,spillover,,0,,,,,none,
김호중,트로트,spillover,2024,1,,,,2024,text,
김호중,트로트,spillover,,0,2024-05,2024,,2024,url,
김호중,트로트,spillover,,0,,,,,none,
김호중,트로트,spillover,,0,,,,,none,
김호중,트로트,spillover,2020,1,,,,2020,text,
김호중,트로트,spillover,2021,1,,,,2021,text,
김호중,트로트,spillover,2023,1,,,,2023,text,
김호중,트로트,spillover,2024,1,,,,2024,text,
김호중,트로트,spillover,,0,,,,,none,
김호중,트로트,spillover,2020,1,,,,2020,text,
김호중,트로트,spillover,2020|2022|2024,3,,,,2024,text,
김호중,트로트,spillover,2022,1,,,,2022,text,
김호중,트로트,spillover,2022|2023,2,,,,2023,text,
김호중,트로트,spillover,2021,1,,,,2021,text,
김호중,트로트,spillover,2023,1,,,,2023,text,
김호중,트로트,spillover,,0,,,,,none,
김호중,트로트,spillover,,0,,,,,none,
김호중,트로트,spillover,,0,,,,,none,
김호중,트로트,spillover,,0,,,,,none,
김호중,트로트,spillover,,0,,,,,none,
김호중,트로트,spillover,,0,,,,,none,
김호중,트로트,spillover,,0,,,,,none,
김호중,트로트,spillover,,0,,,,,none,
김호중,트로트,spillover,2020,1,,,,2020,text,
김호중,트로트,spillover,2020,1,,,,2020,text,
김호중,트로트,spillover,2025,1,,,,2025,text,
김호중,트로트,spillover,2026,1,2026-06-30,2026,,2026,text,0
김호중,트로트,spillover,,0,,,,,none,
김호중,트로트,spillover,,0,,,,,none,
김호중,트로트,spillover,2025,1,2025-04-25,2025,,2025,text,0
김호중,트로트,spillover,,0,,,,,none,
김호중,트로트,spillover,,0,,,,,none,
김호중,트로트,spillover,2013,1,,,,2013,text,
김호중,트로트,spillover,2009,1,,,,2009,text,
김호중,트로트,spillover,,0,,,,,none,
김호중,트로트,spillover,2020,1,,,,2020,text,
김호중,트로트,spillover,2022,1,2022-07-22,2022,,2022,text,0
김호중,트로트,spillover,2024,1,,,,2024,text,
김호중,트로트,spillover,2026,1,,,,2026,text,
김호중,트로트,spillover,2025,1,,,,2025,text,
김호중,트로트,spillover,2024,1,,,,2024,text,
김호중,트로트,spillover,2022,1,,,,2022,text,
김호중,트로트,spillover,,0,,,,,none,
김호중,트로트,spillover,,0,,,,,none,
김호중,트로트,spillover,,0,,,,,none,
김호중,트로트,spillover,,0,,,,,none,
김호중,트로트,spillover,,0,,,,,none,
김호중,트로트,spillover,,0,,,,,none,
김호중,트로트,spillover,,0,2025-05-16,2025,,2025,url,
김호중,트로트,spillover,,0,2025-08-19,2025,,2025,url,
이찬원,트로트,loyalty,2020|2026,2,2026-07-10,2026,,2026,text,0
이찬원,트로트,loyalty,,0,,,,,none,
이찬원,트로트,loyalty,,0,2026-07-10,2026,,2026,url,
이찬원,트로트,loyalty,,0,,,,,none,
이찬원,트로트,loyalty,,0,2026-07-10,2026,,2026,url,
이찬원,트로트,loyalty,2026,1,2026-05-02,2026,,2026,text,0
이찬원,트로트,loyalty,,0,,,,,none,
이찬원,트로트,loyalty,2021,1,2021-06-07,2021,,2021,text,0
이찬원,트로트,loyalty,,0,,,,,none,
이찬원,트로트,loyalty,2026,1,2026-07-10,2026,,2026,text,0
이찬원,트로트,loyalty,,0,2026-07-10,2026,,2026,url,
이찬원,트로트,loyalty,,0,2026-07-10,2026,,2026,url,
이찬원,트로트,loyalty,,0,,,,,none,
이찬원,트로트,loyalty,,0,,,,,none,
이찬원,트로트,loyalty,,0,,,,,none,
이찬원,트로트,loyalty,,0,,,,,none,
이찬원,트로트,loyalty,,0,,,,,none,
이찬원,트로트,loyalty,,0,,,,,none,
이찬원,트로트,loyalty,,0,2025-03-14,2025,,2025,url,
이찬원,트로트,loyalty,2024,1,,,,2024,text,
이찬원,트로트,loyalty,2025|2026,2,,,,2026,text,
이찬원,트로트,loyalty,,0,,,,,none,
이찬원,트로트,loyalty,,0,2026-02-08,2026,,2026,url,
이찬원,트로트,loyalty,,0,,,,,none,
이찬원,트로트,loyalty,,0,2026-07-01,2026,,2026,url,
이찬원,트로트,loyalty,,0,,,,,none,
이찬원,트로트,loyalty,,0,,,,,none,
이찬원,트로트,loyalty,2026,1,,,,2026,text,
이찬원,트로트,loyalty,,0,,,,,none,
이찬원,트로트,loyalty,,0,,,,,none,
이찬원,트로트,loyalty,,0,,,,,none,
이찬원,트로트,loyalty,,0,,,,,none,
이찬원,트로트,loyalty,2022,1,,,,2022,text,
이찬원,트로트,loyalty,2025|2026,2,2026-05-11,2026,,2026,text,0
이찬원,트로트,loyalty,2025|2026,2,,,,2026,text,
이찬원,트로트,loyalty,2026,1,,,,2026,text,
이찬원,트로트,loyalty,2026,1,,,,2026,text,
이찬원,트로트,spillover,,0,,,,,none,
이찬원,트로트,spillover,,0,,,,,none,
이찬원,트로트,spillover,2025,1,,,,2025,text,
이찬원,트로트,spillover,,0,2026-08-06,2026,,2026,url,
이찬원,트로트,spillover,,0,2026-05-02,2026,,2026,url,
이찬원,트로트,spillover,2026,1,2026-05-02,2026,,2026,text,0
이찬원,트로트,spillover,2020,1,,,,2020,text,
이찬원,트로트,spillover,2021,1,,,,2021,text,
이찬원,트로트,spillover,2003|2024,2,,,,2024,text,
이찬원,트로트,spillover,,0,,,0,,none,
이찬원,트로트,spillover,2026,1,2026-05-02,2026,,2026,text,0
이찬원,트로트,spillover,,0,,,,,none,
이찬원,트로트,spillover,2021|2023|2024|2025,4,,,,2025,text,
이찬원,트로트,spillover,2024|2025,2,,,,2025,text,
이찬원,트로트,spillover,2023|2024|2025,3,,,,2025,text,
이찬원,트로트,spillover,2020,1,,,,2020,text,
이찬원,트로트,spillover,2025,1,,,,2025,text,
이찬원,트로트,spillover,2022,1,,,,2022,text,
이찬원,트로트,spillover,2023,1,,,,2023,text,
이찬원,트로트,spillover,,0,,,,,none,
이찬원,트로트,spillover,,0,2024-06,2024,,2024,url,
이찬원,트로트,spillover,2026,1,,,,2026,text,
이찬원,트로트,spillover,2025,1,,,,2025,text,
이찬원,트로트,spillover,2026,1,2026-08-06,2026,,2026,text,0
이찬원,트로트,spillover,2021,1,,,,2021,text,
이찬원,트로트,spillover,,0,,,,,none,
이찬원,트로트,spillover,2022,1,,,,2022,text,
이찬원,트로트,spillover,2026,1,,,,2026,text,
이찬원,트로트,spillover,,0,,,0,,none,
이찬원,트로트,spillover,,0,,,,,none,
이찬원,트로트,spillover,2025,1,,,,2025,text,
이찬원,트로트,spillover,,0,,,,,none,
이찬원,트로트,spillover,,0,,,,,none,
이찬원,트로트,spillover,,0,,,,,none,
이찬원,트로트,spillover,2020|2021,2,,,,2021,text,
이찬원,트로트,spillover,2025,1,,,,2025,text,
이찬원,트로트,spillover,2026,1,,,,2026,text,
이찬원,트로트,spillover,,0,,,,,none,
이찬원,트로트,spillover,2020|2024|2025,3,,,,2025,text,
이찬원,트로트,spillover,,0,,,,,none,
이찬원,트로트,spillover,,0,,,,,none,
이찬원,트로트,spillover,2024,1,2024-09-29,2024,,2024,text,0
이찬원,트로트,spillover,2026,1,,,,2026,text,
이찬원,트로트,spillover,2026,1,,,,2026,text,
이찬원,트로트,spillover,2026,1,2026-08-23,2026,,2026,text,0
이찬원,트로트,spillover,2026,1,,,,2026,text,
이찬원,트로트,spillover,,0,,,,,none,
이찬원,트로트,spillover,2025,1,,,,2025,text,
이찬원,트로트,spillover,2026,1,,,,2026,text,
이찬원,트로트,spillover,2024,1,,,,2024,text,
이찬원,트로트,spillover,2026,1,,,,2026,text,
이찬원,트로트,spillover,2026,1,,,,2026,text,
이찬원,트로트,spillover,2026,1,,,,2026,text,
이찬원,트로트,spillover,2026,1,2026-07-30,2026,,2026,text,0
이찬원,트로트,spillover,2026,1,2026-06-21,2026,,2026,text,0
이찬원,트로트,spillover,2022,1,2022-10-31,2022,,2022,text,0
이찬원,트로트,spillover,2024|2025,2,,,,2025,text,
이찬원,트로트,spillover,2022,1,,,,2022,text,
이찬원,트로트,spillover,,0,,,,,none,
이찬원,트로트,spillover,,0,,,,,none,
이찬원,트로트,spillover,2020,1,,,,2020,text,
이찬원,트로트,spillover,2023,1,,,,2023,text,
이찬원,트로트,spillover,2024,1,,,,2024,text,
이찬원,트로트,spillover,2020,1,,,,2020,text,
이찬원,트로트,spillover,2025,1,,,,2025,text,
이찬원,트로트,spillover,,0,,,,,none,
이찬원,트로트,spillover,,0,2026-02-28,2026,,2026,url,
이찬원,트로트,spillover,2024,1,2025-01,2025,,2024,text,-1
이찬원,트로트,spillover,2024,1,,,,2024,text,
장윤정,트로트,loyalty,,0,,,,,none,
장윤정,트로트,loyalty,2022|2023,2,,,,2023,text,
장윤정,트로트,loyalty,2024,1,2024-09-27,2024,,2024,text,0
장윤정,트로트,loyalty,2017,1,,,,2017,text,
장윤정,트로트,loyalty,,0,,,,,none,
장윤정,트로트,loyalty,2004|2005,2,,,,2005,text,
장윤정,트로트,loyalty,,0,,,,,none,
장윤정,트로트,loyalty,,0,,,,,none,
장윤정,트로트,loyalty,2025|2026,2,,,,2026,text,
장윤정,트로트,loyalty,,0,,,,,none,
장윤정,트로트,loyalty,2025,1,,,,2025,text,
장윤정,트로트,loyalty,,0,,,,,none,
장윤정,트로트,loyalty,2025,1,,,,2025,text,
장윤정,트로트,loyalty,,0,,,,,none,
장윤정,트로트,loyalty,2023,1,2023-02-16,2023,,2023,text,0
장윤정,트로트,loyalty,,0,,,,,none,
장윤정,트로트,loyalty,,0,,,,,none,
장윤정,트로트,loyalty,,0,,,,,none,
장윤정,트로트,loyalty,,0,,,,,none,
장윤정,트로트,loyalty,2025,1,,,,2025,text,
장윤정,트로트,loyalty,,0,,,,,none,
장윤정,트로트,loyalty,,0,,,,,none,
장윤정,트로트,loyalty,2024,1,,,,2024,text,
장윤정,트로트,loyalty,2024,1,,,,2024,text,
장윤정,트로트,loyalty,,0,,,,,none,
장윤정,트로트,loyalty,2026,1,,,,2026,text,
장윤정,트로트,loyalty,2026,1,2026-09-05,2026,,2026,text,0
장윤정,트로트,spillover,2025,1,,,,2025,text,
장윤정,트로트,spillover,2025,1,2025-09-15,2025,,2025,text,0
장윤정,트로트,spillover,2004,1,,,,2004,text,
장윤정,트로트,spillover,,0,2026-04-16,2026,,2026,url,
장윤정,트로트,spillover,,0,,,,,none,
장윤정,트로트,spillover,2026,1,,,,2026,text,
장윤정,트로트,spillover,2021,1,,,,2021,text,
장윤정,트로트,spillover,,0,,,,,none,
장윤정,트로트,spillover,2020,1,,,,2020,text,
장윤정,트로트,spillover,,0,,,,,none,
장윤정,트로트,spillover,,0,,,,,none,
장윤정,트로트,spillover,2024,1,,,,2024,text,
장윤정,트로트,spillover,2025,1,,,,2025,text,
장윤정,트로트,spillover,2005,1,,,,2005,text,
장윤정,트로트,spillover,2026,1,,,,2026,text,
장윤정,트로트,spillover,2025,1,,,,2025,text,
장윤정,트로트,spillover,2024,1,,,,2024,text,
장윤정,트로트,spillover,,0,,,,,none,
장윤정,트로트,spillover,2025,1,,,,2025,text,
장윤정,트로트,spillover,2005,1,,,,2005,text,
장윤정,트로트,spillover,2013,1,,,,2013,text,
장윤정,트로트,spillover,2026,1,,,,2026,text,
장윤정,트로트,spillover,,0,,,,,none,
장윤정,트로트,spillover,,0,,,,,none,
장윤정,트로트,spillover,,0,,,,,none,
장윤정,트로트,spillover,,0,,,,,none,
장윤정,트로트,spillover,,0,,,,,none,
장윤정,트로트,spillover,,0,,,,,none,
장윤정,트로트,spillover,,0,,,,,none,
장윤정,트로트,spillover,,0,,,,,none,
장윤정,트로트,spillover,,0,,,,,none,
장윤정,트로트,spillover,2011,1,,,,2011,text,
장윤정,트로트,spillover,,0,,,,,none,
장윤정,트로트,spillover,,0,,,,,none,
장윤정,트로트,spillover,2012,1,,,,2012,text,
장윤정,트로트,spillover,2007,1,,,,2007,text,
장윤정,트로트,spillover,2026,1,2026-08-23,2026,,2026,text,0
장윤정,트로트,spillover,,0,,,,,none,
장윤정,트로트,spillover,2022,1,,,,2022,text,
장윤정,트로트,spillover,2026,1,,,,2026,text,
장윤정,트로트,spillover,2010,1,,,,2010,text,
장윤정,트로트,spillover,,0,,,,,none,
장윤정,트로트,spillover,,0,,,,,none,
장윤정,트로트,spillover,,0,,,,,none,
장윤정,트로트,spillover,2004,1,,,,2004,text,
장윤정,트로트,spillover,2005,1,,,,2005,text,
장윤정,트로트,spillover,2019,1,,,,2019,text,
장윤정,트로트,spillover,,0,,,,,none,
장윤정,트로트,spillover,,0,,,,,none,
장윤정,트로트,spillover,2024,1,,,,2024,text,
장윤정,트로트,spillover,2013,1,,,,2013,text,
장윤정,트로트,spillover,2013,1,,,,2013,text,
장윤정,트로트,spillover,2023|2026,2,,,,2026,text,
장윤정,트로트,spillover,2012,1,,,,2012,text,
장윤정,트로트,spillover,2005,1,,,,2005,text,
장윤정,트로트,spillover,2005,1,,,,2005,text,
장윤정,트로트,spillover,2007,1,,,,2007,text,
장윤정,트로트,spillover,,0,,,,,none,
장윤정,트로트,spillover,2026,1,,,,2026,text,
장윤정,트로트,spillover,2004,1,,,,2004,text,
장윤정,트로트,spillover,2000|2003,2,,,,2003,text,
장윤정,트로트,spillover,2004,1,,,,2004,text,
장윤정,트로트,spillover,2005,1,,,,2005,text,
장윤정,트로트,spillover,2024,1,2024-10,2024,,2024,text,0
장윤정,트로트,spillover,,0,2026-02,2026,,2026,url,
정동원,트로트,loyalty,2020|2022,2,,,,2022,text,
정동원,트로트,loyalty,2020|2021,2,,,,2021,text,
정동원,트로트,loyalty,,0,,,,,none,
정동원,트로트,loyalty,,0,,,,,none,
정동원,트로트,loyalty,2026,1,,,,2026,text,
정동원,트로트,loyalty,,0,,,,,none,
정동원,트로트,loyalty,,0,,,,,none,
정동원,트로트,loyalty,,0,,,,,none,
정동원,트로트,loyalty,2026,1,2026-01-09,2026,,2026,text,0
정동원,트로트,loyalty,,0,,,,,none,
정동원,트로트,loyalty,,0,,,,,none,
정동원,트로트,loyalty,2020,1,,,,2020,text,
정동원,트로트,loyalty,,0,,,,,none,
정동원,트로트,loyalty,,0,,,,,none,
정동원,트로트,loyalty,,0,,,,,none,
정동원,트로트,loyalty,2025,1,,,,2025,text,
정동원,트로트,loyalty,2026,1,,,,2026,text,
정동원,트로트,loyalty,,0,,,,,none,
정동원,트로트,loyalty,,0,,,,,none,
정동원,트로트,loyalty,,0,,,,,none,
정동원,트로트,loyalty,,0,,,,,none,
정동원,트로트,loyalty,,0,,,,,none,
정동원,트로트,loyalty,2026,1,,,,2026,text,
정동원,트로트,loyalty,,0,,,,,none,
정동원,트로트,loyalty,,0,,,,,none,
정동원,트로트,loyalty,,0,,,,,none,
정동원,트로트,loyalty,,0,,,,,none,
정동원,트로트,loyalty,,0,,,,,none,
정동원,트로트,loyalty,2020,1,,,,2020,text,
정동원,트로트,loyalty,2023,1,,,,2023,text,
정동원,트로트,loyalty,,0,,,,,none,
정동원,트로트,loyalty,,0,,,,,none,
정동원,트로트,loyalty,2019,1,,,,2019,text,
정동원,트로트,loyalty,2026,1,,,,2026,text,
정동원,트로트,loyalty,2026,1,,,,2026,text,
정동원,트로트,loyalty,,0,,,,,none,
정동원,트로트,loyalty,,0,,,,,none,
정동원,트로트,loyalty,2026,1,,,,2026,text,
정동원,트로트,loyalty,2026,1,,,,2026,text,
정동원,트로트,loyalty,,0,,,,,none,
정동원,트로트,loyalty,2026,1,,,,2026,text,
정동원,트로트,loyalty,,0,,,,,none,
정동원,트로트,loyalty,2026,1,,,,2026,text,
정동원,트로트,loyalty,,0,,,,,none,
정동원,트로트,loyalty,,0,,,,,none,
정동원,트로트,loyalty,,0,,,,,none,
정동원,트로트,loyalty,,0,,,,,none,
정동원,트로트,loyalty,2026,1,,,0,2026,text,
정동원,트로트,spillover,,0,,,,,none,
정동원,트로트,spillover,,0,,,,,none,
정동원,트로트,spillover,,0,,,,,none,
정동원,트로트,spillover,,0,,,,,none,
정동원,트로트,spillover,,0,,,,,none,
정동원,트로트,spillover,2026,1,2026-02,2026,,2026,text,0
정동원,트로트,spillover,2020,1,,,,2020,text,
정동원,트로트,spillover,2024,1,,,,2024,text,
정동원,트로트,spillover,2026,1,,,,2026,text,
정동원,트로트,spillover,2019,1,,,,2019,text,
정동원,트로트,spillover,2021,1,,,,2021,text,
정동원,트로트,spillover,,0,,,,,none,
정동원,트로트,spillover,2025,1,,,,2025,text,
정동원,트로트,spillover,2024,1,,,,2024,text,
정동원,트로트,spillover,,0,,,,,none,
정동원,트로트,spillover,2023|2024,2,,,,2024,text,
정동원,트로트,spillover,2020,1,,,,2020,text,
정동원,트로트,spillover,,0,,,,,none,
정동원,트로트,spillover,2020,1,,,,2020,text,
정동원,트로트,spillover,2020|2026,2,,,,2026,text,
정동원,트로트,spillover,2025,1,,,,2025,text,
정동원,트로트,spillover,,0,,,,,none,
정동원,트로트,spillover,,0,,,,,none,
정동원,트로트,spillover,,0,,,,,none,
정동원,트로트,spillover,2026,1,,,,2026,text,
정동원,트로트,spillover,,0,,,,,none,
정동원,트로트,spillover,,0,,,,,none,
정동원,트로트,spillover,,0,,,,,none,
정동원,트로트,spillover,,0,,,,,none,
정동원,트로트,spillover,,0,,,,,none,
정동원,트로트,spillover,,0,,,,,none,
정동원,트로트,spillover,2021,1,,,,2021,text,
정동원,트로트,spillover,2021,1,,,,2021,text,
정동원,트로트,spillover,2021|2022,2,,,,2022,text,
정동원,트로트,spillover,2020|2021|2023|2026,4,,,,2026,text,
정동원,트로트,spillover,2019,1,,,,2019,text,
정동원,트로트,spillover,2020,1,,,,2020,text,
정동원,트로트,spillover,2021,1,,,,2021,text,
정동원,트로트,spillover,2024,1,,,,2024,text,
정동원,트로트,spillover,2020,1,,,,2020,text,
정동원,트로트,spillover,2020,1,,,,2020,text,
정동원,트로트,spillover,2026,1,,,,2026,text,
정동원,트로트,spillover,2024,1,,,,2024,text,
정동원,트로트,spillover,2025,1,,,,2025,text,
정동원,트로트,spillover,2026,1,,,,2026,text,
정동원,트로트,spillover,2021,1,,,,2021,text,
정동원,트로트,spillover,2026,1,,,,2026,text,
정동원,트로트,spillover,2026,1,,,,2026,text,
정동원,트로트,spillover,2025,1,,,,2025,text,
정동원,트로트,spillover,2025,1,,,,2025,text,
정동원,트로트,spillover,,0,,,,,none,
정동원,트로트,spillover,2026,1,,,,2026,text,
정동원,트로트,spillover,,0,,,,,none,
정동원,트로트,spillover,,0,,,,,none,
정동원,트로트,spillover,,0,2024-02,2024,,2024,url,
정동원,트로트,spillover,,0,2022-12,2022,,2022,url,
정동원,트로트,spillover,,0,2021-10,2021,,2021,url,
정동원,트로트,spillover,2026,1,2025-12-19,2025,,2026,text,1
정동원,트로트,spillover,2022,1,,,,2022,text,
김연자,트로트,loyalty,2026,1,,,,2026,text,
김연자,트로트,loyalty,2018,1,2018-01-25,2018,,2018,text,0
김연자,트로트,loyalty,2024,1,,,,2024,text,
김연자,트로트,loyalty,,0,,,,,none,
김연자,트로트,loyalty,,0,,,,,none,
김연자,트로트,loyalty,2026,1,,,,2026,text,
김연자,트로트,loyalty,,0,,,,,none,
김연자,트로트,loyalty,2015,1,,,,2015,text,
김연자,트로트,loyalty,2024,1,,,,2024,text,
김연자,트로트,loyalty,2023|2025|2026,3,,,,2026,text,
김연자,트로트,loyalty,,0,,,,,none,
김연자,트로트,loyalty,2011,1,,,,2011,text,
김연자,트로트,loyalty,,0,,,,,none,
김연자,트로트,loyalty,2011,1,,,,2011,text,
김연자,트로트,loyalty,,0,,,,,none,
김연자,트로트,loyalty,,0,,,,,none,
김연자,트로트,loyalty,2026,1,,,,2026,text,
김연자,트로트,loyalty,2025,1,,,,2025,text,
김연자,트로트,loyalty,,0,,,,,none,
김연자,트로트,loyalty,2011,1,,,,2011,text,
김연자,트로트,loyalty,,0,,,1,,none,
김연자,트로트,spillover,,0,,,,,none,
김연자,트로트,spillover,,0,,,,,none,
김연자,트로트,spillover,2013|2017|2018,3,,,,2018,text,
김연자,트로트,spillover,2024,1,,,,2024,text,
김연자,트로트,spillover,2024,1,,,,2024,text,
김연자,트로트,spillover,,0,,,,,none,
김연자,트로트,spillover,2001,1,,,,2001,text,
김연자,트로트,spillover,2000,1,,,,2000,text,
김연자,트로트,spillover,,0,,,,,none,
김연자,트로트,spillover,,0,,,,,none,
김연자,트로트,spillover,2016,1,,,,2016,text,
김연자,트로트,spillover,2002,1,,,,2002,text,
김연자,트로트,spillover,2001|2021,2,,,,2021,text,
김연자,트로트,spillover,2001|2003|2004,3,,,,2004,text,
김연자,트로트,spillover,2024,1,,,,2024,text,
김연자,트로트,spillover,2025,1,,,,2025,text,
김연자,트로트,spillover,,0,,,,,none,
김연자,트로트,spillover,,0,,,,,none,
김연자,트로트,spillover,2026,1,,,,2026,text,
김연자,트로트,spillover,,0,,,,,none,
김연자,트로트,spillover,2021,1,,,,2021,text,
김연자,트로트,spillover,,0,,,,,none,
김연자,트로트,spillover,2016|2017,2,,,,2017,text,
김연자,트로트,spillover,,0,,,,,none,
김연자,트로트,spillover,2011,1,,,,2011,text,
김연자,트로트,spillover,2025,1,,,,2025,text,
김연자,트로트,spillover,,0,,,,,none,
김연자,트로트,spillover,2018,1,,,,2018,text,
김연자,트로트,spillover,,0,,,,,none,
김연자,트로트,spillover,,0,2026-05-24,2026,,2026,url,
김연자,트로트,spillover,,0,,,,,none,
김연자,트로트,spillover,2001,1,,,,2001,text,
김연자,트로트,spillover,2000|2001|2003,3,,,,2003,text,
김연자,트로트,spillover,2012,1,,,,2012,text,
김연자,트로트,spillover,2021|2022,2,,,,2022,text,
김연자,트로트,spillover,2020,1,,,,2020,text,
김연자,트로트,spillover,,0,,,,,none,
김연자,트로트,spillover,2001,1,,,,2001,text,
김연자,트로트,spillover,2021,1,,,,2021,text,
김연자,트로트,spillover,2026,1,2026-08-23,2026,,2026,text,0
김연자,트로트,spillover,,0,,,,,none,
김연자,트로트,spillover,2022,1,,,,2022,text,
김연자,트로트,spillover,2022,1,,,,2022,text,
김연자,트로트,spillover,2022,1,,,,2022,text,
김연자,트로트,spillover,2000|2003,2,,,,2003,text,
김연자,트로트,spillover,,0,,,,,none,
김연자,트로트,spillover,2001|2002,2,,,,2002,text,
김연자,트로트,spillover,2020,1,,,,2020,text,
김연자,트로트,spillover,2007,1,,,,2007,text,
김연자,트로트,spillover,2009,1,,,,2009,text,
김연자,트로트,spillover,2020,1,,,,2020,text,
김연자,트로트,spillover,2023,1,,,,2023,text,
나훈아,트로트,loyalty,2019,1,,,,2019,text,
나훈아,트로트,loyalty,2020,1,,,,2020,text,
나훈아,트로트,loyalty,2025,1,,,,2025,text,
나훈아,트로트,loyalty,,0,,,,,none,
나훈아,트로트,loyalty,,0,,,,,none,
나훈아,트로트,loyalty,,0,2024-04-29,2024,,2024,url,
나훈아,트로트,loyalty,,0,,,,,none,
나훈아,트로트,loyalty,,0,,,,,none,
나훈아,트로트,loyalty,2017,1,,,,2017,text,
나훈아,트로트,loyalty,2020,1,,,,2020,text,
나훈아,트로트,loyalty,,0,,,,,none,
나훈아,트로트,loyalty,2024|2025,2,,,,2025,text,
나훈아,트로트,loyalty,2025,1,,,,2025,text,
나훈아,트로트,loyalty,,0,,,,,none,
나훈아,트로트,loyalty,2007|2017,2,,,,2017,text,
나훈아,트로트,loyalty,2019|2024,2,,,,2024,text,
나훈아,트로트,loyalty,2020,1,,,,2020,text,
나훈아,트로트,loyalty,2019,1,,,,2019,text,
나훈아,트로트,loyalty,,0,,,,,none,
나훈아,트로트,loyalty,2024,1,,,,2024,text,
나훈아,트로트,loyalty,2004|2009|2014|2019|2024,5,,,,2024,text,
나훈아,트로트,loyalty,2017,1,,,,2017,text,
나훈아,트로트,loyalty,2019,1,,,,2019,text,
나훈아,트로트,loyalty,2024,1,,,,2024,text,
나훈아,트로트,loyalty,2004|2019|2024,3,,,,2024,text,
나훈아,트로트,loyalty,2024,1,,,,2024,text,
나훈아,트로트,loyalty,2024,1,,,,2024,text,
나훈아,트로트,loyalty,2024|2025,2,,,,2025,text,
나훈아,트로트,loyalty,2020,1,,,,2020,text,
나훈아,트로트,loyalty,2020,1,,,,2020,text,
나훈아,트로트,loyalty,2017,1,,,,2017,text,
나훈아,트로트,loyalty,2019,1,,,,2019,text,
나훈아,트로트,loyalty,,0,,,,,none,
나훈아,트로트,spillover,2024|2025,2,,,,2025,text,
나훈아,트로트,spillover,,0,,,,,none,
나훈아,트로트,spillover,,0,,,,,none,
나훈아,트로트,spillover,,0,2024-04-29,2024,,2024,url,
나훈아,트로트,spillover,,0,,,,,none,
나훈아,트로트,spillover,,0,,,,,none,
나훈아,트로트,spillover,,0,2025-01-07,2025,,2025,url,
나훈아,트로트,spillover,2025,1,2025-01-07,2025,,2025,text,0
나훈아,트로트,spillover,,0,,,,,none,
나훈아,트로트,spillover,2017,1,,,,2017,text,
나훈아,트로트,spillover,2023|2025,2,,,,2025,text,
나훈아,트로트,spillover,2024|2025,2,,,,2025,text,
나훈아,트로트,spillover,,0,,,,,none,
나훈아,트로트,spillover,,0,,,,,none,
나훈아,트로트,spillover,,0,,,,,none,
나훈아,트로트,spillover,,0,,,,,none,
나훈아,트로트,spillover,,0,,,,,none,
나훈아,트로트,spillover,,0,,,,,none,
나훈아,트로트,spillover,,0,,,,,none,
나훈아,트로트,spillover,,0,,,,,none,
나훈아,트로트,spillover,2026,1,,,,2026,text,
나훈아,트로트,spillover,2025,1,2025-01-12,2025,,2025,text,0
나훈아,트로트,spillover,,0,,,,,none,
나훈아,트로트,spillover,,0,,,,,none,
나훈아,트로트,spillover,2020,1,,,,2020,text,
나훈아,트로트,spillover,2020,1,,,,2020,text,
나훈아,트로트,spillover,,0,,,,,none,
나훈아,트로트,spillover,,0,,,,,none,
나훈아,트로트,spillover,2005,1,,,,2005,text,
나훈아,트로트,spillover,,0,,,,,none,
나훈아,트로트,spillover,,0,,,,,none,
나훈아,트로트,spillover,2026,1,2026-08-23,2026,,2026,text,0
나훈아,트로트,spillover,2020,1,,,,2020,text,
나훈아,트로트,spillover,2024,1,,,,2024,text,
나훈아,트로트,spillover,2003,1,,,,2003,text,
나훈아,트로트,spillover,,0,,,,,none,
나훈아,트로트,spillover,,0,,,,,none,
god,원로그룹,loyalty,2025,1,2025-07-29,2025,,2025,text,0
god,원로그룹,loyalty,2025,1,,,,2025,text,
god,원로그룹,loyalty,2022,1,,,,2022,text,
god,원로그룹,loyalty,2022|2023|2024|2025,4,,,,2025,text,
god,원로그룹,loyalty,,0,,,,,none,
god,원로그룹,loyalty,2024,1,,,,2024,text,
god,원로그룹,loyalty,,0,,,,,none,
god,원로그룹,loyalty,2026,1,2026-06-01,2026,,2026,text,0
god,원로그룹,loyalty,2023,1,,,,2023,text,
god,원로그룹,loyalty,2023,1,,,,2023,text,
god,원로그룹,loyalty,2025,1,,,,2025,text,
god,원로그룹,loyalty,2025,1,,,,2025,text,
god,원로그룹,loyalty,2024,1,,,,2024,text,
god,원로그룹,loyalty,2023,1,,,,2023,text,
god,원로그룹,loyalty,2025,1,,,,2025,text,
god,원로그룹,loyalty,2022,1,,,,2022,text,
god,원로그룹,loyalty,,0,,,,,none,
god,원로그룹,loyalty,2024|2025,2,,,,2025,text,
god,원로그룹,loyalty,2022|2023|2024|2025,4,,,,2025,text,
god,원로그룹,loyalty,,0,,,,,none,
god,원로그룹,loyalty,2019,1,,,,2019,text,
god,원로그룹,loyalty,2026,1,,,,2026,text,
god,원로그룹,loyalty,2018|2022,2,,,,2022,text,
god,원로그룹,loyalty,2026,1,,,,2026,text,
god,원로그룹,loyalty,2025,1,,,,2025,text,
god,원로그룹,loyalty,,0,,,,,none,
god,원로그룹,loyalty,,0,,,,,none,
god,원로그룹,loyalty,2000|2001,2,,,,2001,text,
god,원로그룹,loyalty,,0,,,,,none,
god,원로그룹,loyalty,2019,1,,,,2019,text,
god,원로그룹,loyalty,2025,1,,,,2025,text,
god,원로그룹,loyalty,2023,1,,,,2023,text,
god,원로그룹,loyalty,2022,1,,,,2022,text,
god,원로그룹,loyalty,2025,1,,,,2025,text,
god,원로그룹,loyalty,2000,1,,,,2000,text,
god,원로그룹,loyalty,2001|2002,2,,,,2002,text,
god,원로그룹,loyalty,2000|2001,2,,,,2001,text,
god,원로그룹,loyalty,,0,,,,,none,
god,원로그룹,loyalty,2023,1,,,,2023,text,
god,원로그룹,loyalty,2022,1,,,,2022,text,
god,원로그룹,loyalty,2022|2025,2,2025-08-19,2025,,2025,text,0
god,원로그룹,loyalty,2025,1,,,,2025,text,
god,원로그룹,loyalty,2005|2023,2,,,,2023,text,
god,원로그룹,loyalty,2026,1,,,,2026,text,
god,원로그룹,loyalty,2026,1,,,,2026,text,
god,원로그룹,loyalty,,0,,,,,none,
god,원로그룹,loyalty,2023,1,,,,2023,text,
god,원로그룹,loyalty,,0,2026-08,2026,,2026,url,
god,원로그룹,loyalty,,0,2025-11,2025,,2025,url,
god,원로그룹,loyalty,2026,1,2026-03,2026,,2026,text,0
god,원로그룹,loyalty,2025|2026,2,2025-12,2025,,2026,text,1
god,원로그룹,spillover,,0,,,,,none,
god,원로그룹,spillover,2024,1,,,,2024,text,
god,원로그룹,spillover,,0,2026-06-01,2026,,2026,url,
god,원로그룹,spillover,,0,2026-06-01,2026,,2026,url,
god,원로그룹,spillover,,0,,,1,,none,
god,원로그룹,spillover,2000|2001,2,,,,2001,text,
god,원로그룹,spillover,,0,,,,,none,
god,원로그룹,spillover,,0,,,,,none,
god,원로그룹,spillover,2014|2024,2,,,,2024,text,
god,원로그룹,spillover,,0,,,,,none,
god,원로그룹,spillover,2014,1,,,,2014,text,
god,원로그룹,spillover,2026,1,,,,2026,text,
god,원로그룹,spillover,2000,1,,,,2000,text,
god,원로그룹,spillover,,0,,,,,none,
god,원로그룹,spillover,2023,1,,,,2023,text,
god,원로그룹,spillover,,0,,,,,none,
god,원로그룹,spillover,,0,,,,,none,
god,원로그룹,spillover,,0,2025-12-13,2025,,2025,url,
god,원로그룹,spillover,2014,1,,,,2014,text,
god,원로그룹,spillover,2000|2001,2,,,,2001,text,
god,원로그룹,spillover,2002,1,,,,2002,text,
god,원로그룹,spillover,2003,1,,,,2003,text,
god,원로그룹,spillover,2020,1,,,,2020,text,
god,원로그룹,spillover,,0,,,,,none,
god,원로그룹,spillover,,0,,,,,none,
god,원로그룹,spillover,,0,,,,,none,
god,원로그룹,spillover,,0,,,,,none,
god,원로그룹,spillover,2026,1,,,,2026,text,
god,원로그룹,spillover,2023,1,,,,2023,text,
god,원로그룹,spillover,2000|2001,2,,,,2001,text,
god,원로그룹,spillover,2002,1,,,,2002,text,
god,원로그룹,spillover,,0,,,,,none,
god,원로그룹,spillover,2014,1,,,,2014,text,
god,원로그룹,spillover,2023,1,,,,2023,text,
god,원로그룹,spillover,2024,1,2024-09-09,2024,,2024,text,0
god,원로그룹,spillover,2014,1,,,,2014,text,
god,원로그룹,spillover,2002,1,,,,2002,text,
god,원로그룹,spillover,2025,1,,,,2025,text,
god,원로그룹,spillover,2025,1,,,,2025,text,
god,원로그룹,spillover,2025,1,2025-11-29,2025,,2025,text,0
god,원로그룹,spillover,2025,1,,,,2025,text,
god,원로그룹,spillover,,0,,,,,none,
god,원로그룹,spillover,,0,,,,,none,
god,원로그룹,spillover,2000,1,,,,2000,text,
god,원로그룹,spillover,2019,1,,,,2019,text,
god,원로그룹,spillover,2014,1,,,,2014,text,
god,원로그룹,spillover,2023,1,,,,2023,text,
god,원로그룹,spillover,2018,1,,,,2018,text,
HOT,원로그룹,loyalty,,0,,,,,none,
HOT,원로그룹,loyalty,2001,1,,,,2001,text,
HOT,원로그룹,loyalty,2018,1,,,,2018,text,
HOT,원로그룹,loyalty,2019,1,,,,2019,text,
HOT,원로그룹,loyalty,,0,,,,,none,
HOT,원로그룹,loyalty,2001,1,,,,2001,text,
HOT,원로그룹,loyalty,2025|2026,2,2025-09,2025,,2026,text,1
HOT,원로그룹,loyalty,,0,,,,,none,
HOT,원로그룹,loyalty,2019,1,,,,2019,text,
HOT,원로그룹,loyalty,2018,1,,,,2018,text,
HOT,원로그룹,loyalty,2018,1,,,,2018,text,
HOT,원로그룹,loyalty,,0,,,,,none,
HOT,원로그룹,loyalty,2025,1,,,,2025,text,
HOT,원로그룹,loyalty,2000|2001,2,,,,2001,text,
HOT,원로그룹,loyalty,2001,1,,,,2001,text,
HOT,원로그룹,loyalty,2018,1,,,,2018,text,
HOT,원로그룹,loyalty,2018,1,,,,2018,text,
HOT,원로그룹,loyalty,,0,,,,,none,
HOT,원로그룹,loyalty,2025,1,,,,2025,text,
HOT,원로그룹,loyalty,,0,,,,,none,
HOT,원로그룹,loyalty,2000,1,,,,2000,text,
HOT,원로그룹,loyalty,,0,,,,,none,
HOT,원로그룹,loyalty,2001,1,,,,2001,text,
HOT,원로그룹,loyalty,2019,1,,,,2019,text,
HOT,원로그룹,loyalty,2018,1,,,,2018,text,
HOT,원로그룹,loyalty,,0,,,,,none,
HOT,원로그룹,loyalty,,0,,,,,none,
HOT,원로그룹,loyalty,2001,1,,,,2001,text,
HOT,원로그룹,loyalty,,0,,,,,none,
HOT,원로그룹,loyalty,,0,,,,,none,
HOT,원로그룹,loyalty,,0,,,,,none,
HOT,원로그룹,loyalty,2018,1,,,,2018,text,
HOT,원로그룹,loyalty,2019|2025,2,,,,2025,text,
HOT,원로그룹,loyalty,2026,1,,,,2026,text,
HOT,원로그룹,loyalty,2024,1,,,,2024,text,
HOT,원로그룹,loyalty,,0,,,,,none,
HOT,원로그룹,loyalty,,0,,,,,none,
HOT,원로그룹,spillover,,0,,,,,none,
HOT,원로그룹,spillover,,0,,,,,none,
HOT,원로그룹,spillover,,0,,,,,none,
HOT,원로그룹,spillover,,0,,,,,none,
HOT,원로그룹,spillover,,0,,,,,none,
HOT,원로그룹,spillover,2000,1,,,,2000,text,
HOT,원로그룹,spillover,,0,,,,,none,
HOT,원로그룹,spillover,2001,1,,,,2001,text,
HOT,원로그룹,spillover,2000,1,,,,2000,text,
HOT,원로그룹,spillover,,0,,,,,none,
HOT,원로그룹,spillover,2019,1,,,,2019,text,
HOT,원로그룹,spillover,2019|2025,2,,,1,2025,text,
HOT,원로그룹,spillover,2000,1,,,,2000,text,
HOT,원로그룹,spillover,2000,1,,,,2000,text,
HOT,원로그룹,spillover,2000,1,,,,2000,text,
HOT,원로그룹,spillover,2018,1,,,,2018,text,
HOT,원로그룹,spillover,2019,1,,,,2019,text,
HOT,원로그룹,spillover,,0,,,,,none,
HOT,원로그룹,spillover,,0,,,,,none,
HOT,원로그룹,spillover,,0,2025-10-28,2025,,2025,url,
HOT,원로그룹,spillover,,0,2025-09-28,2025,,2025,url,
HOT,원로그룹,spillover,,0,,,,,none,
HOT,원로그룹,spillover,,0,,,,,none,
HOT,원로그룹,spillover,2011|2019|2020,3,,,,2020,text,
HOT,원로그룹,spillover,,0,,,,,none,
HOT,원로그룹,spillover,,0,,,,,none,
HOT,원로그룹,spillover,,0,,,,,none,
HOT,원로그룹,spillover,,0,,,,,none,
HOT,원로그룹,spillover,2016,1,,,,2016,text,
HOT,원로그룹,spillover,2018,1,,,,2018,text,
HOT,원로그룹,spillover,2026,1,,,-1,2026,text,
HOT,원로그룹,spillover,,0,,,,,none,
HOT,원로그룹,spillover,,0,,,,,none,
HOT,원로그룹,spillover,2025|2026,2,,,,2026,text,
HOT,원로그룹,spillover,2026,1,,,,2026,text,
HOT,원로그룹,spillover,,0,,,,,none,
HOT,원로그룹,spillover,,0,,,,,none,
HOT,원로그룹,spillover,2019,1,,,,2019,text,
HOT,원로그룹,spillover,2000,1,,,,2000,text,
HOT,원로그룹,spillover,,0,,,,,none,
HOT,원로그룹,spillover,,0,,,,,none,
HOT,원로그룹,spillover,2025,1,,,,2025,text,
HOT,원로그룹,spillover,2025,1,,,,2025,text,
HOT,원로그룹,spillover,,0,2026-09-05,2026,0,2026,relative,
HOT,원로그룹,spillover,,0,2026-09-05,2026,0,2026,relative,
HOT,원로그룹,spillover,,0,2026-09-05,2026,,2026,url,
HOT,원로그룹,spillover,2026,1,,,,2026,text,
HOT,원로그룹,spillover,,0,,,,,none,
HOT,원로그룹,spillover,,0,,,,,none,
HOT,원로그룹,spillover,2025,1,2025-08-22,2025,,2025,text,0
HOT,원로그룹,spillover,2025,1,2025-11-24,2025,,2025,text,0
HOT,원로그룹,spillover,2026,1,2026-06-04,2026,,2026,text,0
HOT,원로그룹,spillover,2026,1,,,,2026,text,
HOT,원로그룹,spillover,,0,,,,,none,
HOT,원로그룹,spillover,2026,1,2026-05-18,2026,0,2026,text,0
HOT,원로그룹,spillover,,0,,,0,,none,
HOT,원로그룹,spillover,,0,,,,,none,
HOT,원로그룹,spillover,,0,2025-08-15,2025,,2025,url,
HOT,원로그룹,spillover,2018,1,,,,2018,text,
HOT,원로그룹,spillover,2000,1,,,,2000,text,
잭스키스,원로그룹,loyalty,2016,1,,,,2016,text,
잭스키스,원로그룹,loyalty,2016,1,,,,2016,text,
잭스키스,원로그룹,loyalty,2017,1,,,,2017,text,
잭스키스,원로그룹,loyalty,2017,1,,,,2017,text,
잭스키스,원로그룹,loyalty,2018,1,,,,2018,text,
잭스키스,원로그룹,loyalty,,0,,,0,,none,
잭스키스,원로그룹,loyalty,,0,,,,,none,
잭스키스,원로그룹,loyalty,,0,,,,,none,
잭스키스,원로그룹,loyalty,2000,1,,,,2000,text,
잭스키스,원로그룹,loyalty,2016,1,,,,2016,text,
잭스키스,원로그룹,loyalty,,0,,,,,none,
잭스키스,원로그룹,loyalty,2000,1,,,,2000,text,
잭스키스,원로그룹,loyalty,2017,1,,,,2017,text,
잭스키스,원로그룹,loyalty,2016|2017,2,,,,2017,text,
잭스키스,원로그룹,loyalty,,0,,,,,none,
잭스키스,원로그룹,loyalty,2000,1,,,,2000,text,
잭스키스,원로그룹,loyalty,,0,,,,,none,
잭스키스,원로그룹,loyalty,2016,1,,,,2016,text,
잭스키스,원로그룹,loyalty,,0,,,,,none,
잭스키스,원로그룹,loyalty,2016|2017,2,,,,2017,text,
잭스키스,원로그룹,loyalty,2016,1,2016-08-05,2016,,2016,text,0
잭스키스,원로그룹,loyalty,,0,,,,,none,
잭스키스,원로그룹,loyalty,,0,,,,,none,
잭스키스,원로그룹,loyalty,,0,,,,,none,
잭스키스,원로그룹,loyalty,,0,,,,,none,
잭스키스,원로그룹,loyalty,,0,,,,,none,
잭스키스,원로그룹,loyalty,2016,1,,,,2016,text,
잭스키스,원로그룹,loyalty,2016,1,2016-08-05,2016,,2016,text,0
잭스키스,원로그룹,loyalty,2017,1,,,,2017,text,
잭스키스,원로그룹,loyalty,2017,1,,,,2017,text,
잭스키스,원로그룹,loyalty,2016,1,,,,2016,text,
잭스키스,원로그룹,loyalty,2016,1,,,,2016,text,
잭스키스,원로그룹,loyalty,,0,,,,,none,
잭스키스,원로그룹,loyalty,2016,1,,,,2016,text,
잭스키스,원로그룹,loyalty,2000,1,,,,2000,text,
잭스키스,원로그룹,loyalty,2017,1,,,,2017,text,
잭스키스,원로그룹,loyalty,,0,,,,,none,
잭스키스,원로그룹,loyalty,2016,1,,,,2016,text,
잭스키스,원로그룹,loyalty,,0,,,,,none,
잭스키스,원로그룹,loyalty,,0,,,,,none,
잭스키스,원로그룹,loyalty,2017,1,,,,2017,text,
잭스키스,원로그룹,spillover,2016,1,,,,2016,text,
잭스키스,원로그룹,spillover,,0,,,,,none,
잭스키스,원로그룹,spillover,2000,1,,,,2000,text,
잭스키스,원로그룹,spillover,2016|2017,2,,,,2017,text,
잭스키스,원로그룹,spillover,2016|2017,2,,,,2017,text,
잭스키스,원로그룹,spillover,,0,,,,,none,
잭스키스,원로그룹,spillover,2018,1,,,,2018,text,
잭스키스,원로그룹,spillover,2016,1,,,,2016,text,
잭스키스,원로그룹,spillover,,0,,,,,none,
잭스키스,원로그룹,spillover,,0,,,,,none,
잭스키스,원로그룹,spillover,,0,,,,,none,
잭스키스,원로그룹,spillover,2000,1,,,,2000,text,
잭스키스,원로그룹,spillover,2000,1,,,,2000,text,
잭스키스,원로그룹,spillover,,0,,,,,none,
잭스키스,원로그룹,spillover,,0,2016-12-07,2016,,2016,url,
잭스키스,원로그룹,spillover,,0,,,,,none,
잭스키스,원로그룹,spillover,,0,,,,,none,
잭스키스,원로그룹,spillover,,0,,,,,none,
잭스키스,원로그룹,spillover,,0,,,,,none,
잭스키스,원로그룹,spillover,2016,1,,,,2016,text,
잭스키스,원로그룹,spillover,2017,1,,,,2017,text,
잭스키스,원로그룹,spillover,2016,1,,,,2016,text,
잭스키스,원로그룹,spillover,,0,,,,,none,
잭스키스,원로그룹,spillover,,0,,,,,none,
잭스키스,원로그룹,spillover,,0,,,,,none,
잭스키스,원로그룹,spillover,,0,,,,,none,
잭스키스,원로그룹,spillover,,0,,,,,none,
잭스키스,원로그룹,spillover,,0,,,,,none,
잭스키스,원로그룹,spillover,2015|2016,2,,,,2016,text,
잭스키스,원로그룹,spillover,2016,1,,,,2016,text,
잭스키스,원로그룹,spillover,2016,1,,,,2016,text,
잭스키스,원로그룹,spillover,,0,,,,,none,
잭스키스,원로그룹,spillover,2016,1,,,,2016,text,
잭스키스,원로그룹,spillover,2017,1,,,,2017,text,
잭스키스,원로그룹,spillover,2016,1,,,,2016,text,
잭스키스,원로그룹,spillover,,0,,,,,none,
잭스키스,원로그룹,spillover,2016,1,,,,2016,text,
잭스키스,원로그룹,spillover,,0,,,,,none,
잭스키스,원로그룹,spillover,2025,1,2025-03-20,2025,,2025,text,0
잭스키스,원로그룹,spillover,2025,1,2025-11-25,2025,,2025,text,0
잭스키스,원로그룹,spillover,2025,1,,,,2025,text,
잭스키스,원로그룹,spillover,,0,,,,,none,
잭스키스,원로그룹,spillover,,0,,,,,none,
잭스키스,원로그룹,spillover,,0,2019-11,2019,,2019,url,
보아,솔로,loyalty,,0,,,,,none,
보아,솔로,loyalty,,0,,,,,none,
보아,솔로,loyalty,2000,1,,,0,2000,text,
보아,솔로,loyalty,2012,1,,,,2012,text,
보아,솔로,loyalty,,0,,,,,none,
보아,솔로,loyalty,2003|2005|2021,3,,,,2021,text,
보아,솔로,loyalty,,0,,,,,none,
보아,솔로,loyalty,,0,,,,,none,
보아,솔로,loyalty,2026,1,,,,2026,text,
보아,솔로,loyalty,2025,1,,,,2025,text,
보아,솔로,loyalty,2025|2026,2,2026-01-15,2026,,2026,text,0
보아,솔로,loyalty,2026,1,,,,2026,text,
보아,솔로,loyalty,,0,2026-01-15,2026,,2026,url,
보아,솔로,loyalty,,0,,,,,none,
보아,솔로,loyalty,2025,1,,,,2025,text,
보아,솔로,loyalty,,0,,,,,none,
보아,솔로,loyalty,,0,,,,,none,
보아,솔로,loyalty,,0,,,,,none,
보아,솔로,loyalty,,0,,,,,none,
보아,솔로,loyalty,,0,,,,,none,
보아,솔로,loyalty,,0,,,,,none,
보아,솔로,loyalty,,0,,,,,none,
보아,솔로,loyalty,,0,,,,,none,
보아,솔로,loyalty,,0,,,,,none,
보아,솔로,loyalty,,0,,,,,none,
보아,솔로,loyalty,2026,1,,,,2026,text,
보아,솔로,loyalty,2025,1,2026-01-15,2026,,2025,text,-1
보아,솔로,loyalty,2000|2025,2,,,,2025,text,
보아,솔로,loyalty,2025,1,,,,2025,text,
보아,솔로,loyalty,2000,1,,,,2000,text,
보아,솔로,spillover,2025,1,,,,2025,text,
보아,솔로,spillover,2000,1,,,,2000,text,
보아,솔로,spillover,2013|2016,2,,,,2016,text,
보아,솔로,spillover,2002|2006,2,,,,2006,text,
보아,솔로,spillover,2009,1,,,,2009,text,
보아,솔로,spillover,2004|2016,2,,,,2016,text,
보아,솔로,spillover,2002|2003,2,,,,2003,text,
보아,솔로,spillover,2009,1,,,,2009,text,
보아,솔로,spillover,2025,1,,,,2025,text,
보아,솔로,spillover,,0,,,,,none,
보아,솔로,spillover,,0,,,,,none,
보아,솔로,spillover,,0,,,,,none,
보아,솔로,spillover,,0,,,,,none,
보아,솔로,spillover,,0,,,,,none,
보아,솔로,spillover,,0,,,,,none,
보아,솔로,spillover,2009,1,,,,2009,text,
보아,솔로,spillover,2018,1,,,,2018,text,
보아,솔로,spillover,2008,1,,,,2008,text,
보아,솔로,spillover,,0,,,,,none,
보아,솔로,spillover,,0,,,,,none,
보아,솔로,spillover,,0,,,,,none,
보아,솔로,spillover,,0,,,,,none,
보아,솔로,spillover,,0,,,,,none,
보아,솔로,spillover,,0,,,,,none,
보아,솔로,spillover,,0,,,,,none,
보아,솔로,spillover,,0,,,,,none,
보아,솔로,spillover,2006,1,,,,2006,text,
보아,솔로,spillover,2002|2007,2,,,,2007,text,
보아,솔로,spillover,2003|2007,2,,,,2007,text,
보아,솔로,spillover,2013,1,,,,2013,text,
보아,솔로,spillover,2010|2011,2,,,,2011,text,
보아,솔로,spillover,2016,1,,,0,2016,text,
보아,솔로,spillover,2013,1,,,,2013,text,
보아,솔로,spillover,2024,1,,,,2024,text,
보아,솔로,spillover,2003,1,,,,2003,text,
보아,솔로,spillover,,0,,,,,none,
보아,솔로,spillover,2024|2025,2,,,,2025,text,
보아,솔로,spillover,,0,,,,,none,
보아,솔로,spillover,,0,,,,,none,
보아,솔로,spillover,2026,1,,,,2026,text,
보아,솔로,spillover,,0,,,,,none,
보아,솔로,spillover,,0,,,,,none,
보아,솔로,spillover,,0,,,,,none,
보아,솔로,spillover,,0,,,,,none,
보아,솔로,spillover,,0,,,,,none,
보아,솔로,spillover,,0,2020-07,2020,,2020,url,
싸이,솔로,loyalty,,0,,,,,none,
싸이,솔로,loyalty,2010,1,,,,2010,text,
싸이,솔로,loyalty,2012,1,,,,2012,text,
싸이,솔로,loyalty,,0,,,,,none,
싸이,솔로,loyalty,2025,1,,,,2025,text,
싸이,솔로,loyalty,,0,,,,,none,
싸이,솔로,loyalty,,0,,,,,none,
싸이,솔로,loyalty,,0,,,,,none,
싸이,솔로,loyalty,2017,1,,,,2017,text,
싸이,솔로,loyalty,2012,1,,,,2012,text,
싸이,솔로,loyalty,2012,1,,,,2012,text,
싸이,솔로,loyalty,2006|2018|2019|2026,4,,,,2026,text,
싸이,솔로,loyalty,2022,1,,,,2022,text,
싸이,솔로,loyalty,2025,1,,,,2025,text,
싸이,솔로,loyalty,2026,1,2026-05-29,2026,,2026,text,0
싸이,솔로,loyalty,2025,1,,,,2025,text,
싸이,솔로,loyalty,,0,,,,,none,
싸이,솔로,loyalty,,0,,,,,none,
싸이,솔로,loyalty,2023,1,2023-07-17,2023,,2023,text,0
싸이,솔로,loyalty,2025|2026,2,,,,2026,text,
싸이,솔로,loyalty,2025,1,,,,2025,text,
싸이,솔로,loyalty,2012,1,,,,2012,text,
싸이,솔로,loyalty,,0,,,,,none,
싸이,솔로,loyalty,,0,,,,,none,
싸이,솔로,loyalty,,0,,,,,none,
싸이,솔로,loyalty,2024,1,,,,2024,text,
싸이,솔로,loyalty,2023,1,,,,2023,text,
싸이,솔로,loyalty,2018,1,,,,2018,text,
싸이,솔로,loyalty,,0,,,,,none,
싸이,솔로,loyalty,,0,,,,,none,
싸이,솔로,spillover,2025,1,,,,2025,text,
싸이,솔로,spillover,2025,1,,,,2025,text,
싸이,솔로,spillover,,0,,,,,none,
싸이,솔로,spillover,,0,,,,,none,
싸이,솔로,spillover,,0,,,,,none,
싸이,솔로,spillover,2012,1,,,,2012,text,
싸이,솔로,spillover,,0,,,,,none,
싸이,솔로,spillover,2012,1,,,-1,2012,text,
싸이,솔로,spillover,2012|2013,2,,,,2013,text,
싸이,솔로,spillover,,0,,,,,none,
싸이,솔로,spillover,2025,1,,,,2025,text,
싸이,솔로,spillover,2012|2013|2014|2017,4,,,,2017,text,
싸이,솔로,spillover,2023|2026,2,,,,2026,text,
싸이,솔로,spillover,2025,1,,,,2025,text,
싸이,솔로,spillover,2025,1,,,,2025,text,
싸이,솔로,spillover,,0,,,,,none,
싸이,솔로,spillover,,0,,,,,none,
싸이,솔로,spillover,,0,,,,,none,
싸이,솔로,spillover,,0,,,,,none,
싸이,솔로,spillover,,0,,,,,none,
싸이,솔로,spillover,,0,,,,,none,
싸이,솔로,spillover,2025,1,,,,2025,text,
싸이,솔로,spillover,2025,1,,,,2025,text,
싸이,솔로,spillover,2024,1,,,,2024,text,
싸이,솔로,spillover,2024,1,,,,2024,text,
싸이,솔로,spillover,2024,1,,,,2024,text,
싸이,솔로,spillover,2024,1,,,,2024,text,
싸이,솔로,spillover,2022|2023,2,,,,2023,text,
싸이,솔로,spillover,2026,1,,,,2026,text,
싸이,솔로,spillover,2012|2017,2,,,,2017,text,
싸이,솔로,spillover,2025,1,,,,2025,text,
싸이,솔로,spillover,,0,,,,,none,
싸이,솔로,spillover,2025,1,,,,2025,text,
싸이,솔로,spillover,,0,,,,,none,
싸이,솔로,spillover,2025,1,,,,2025,text,
싸이,솔로,spillover,,0,2022-11-28,2022,,2022,url,
싸이,솔로,spillover,,0,2014-05-31,2014,,2014,url,
싸이,솔로,spillover,,0,2013-05-20,2013,,2013,url,
싸이,솔로,spillover,,0,2012-11-24,2012,,2012,url,
싸이,솔로,spillover,2012|2017,2,,,,2017,text,
싸이,솔로,spillover,,0,,,,,none,
싸이,솔로,spillover,2014|2017|2021|2023,4,,,,2023,text,
싸이,솔로,spillover,2012,1,,,,2012,text,
싸이,솔로,spillover,,0,,,,,none,
싸이,솔로,spillover,2012,1,,,,2012,text,
싸이,솔로,spillover,,0,,,,,none,
싸이,솔로,spillover,,0,,,,,none,
싸이,솔로,spillover,2014,1,,,,2014,text,
싸이,솔로,spillover,,0,,,,,none,
싸이,솔로,spillover,2015,1,,,,2015,text,
싸이,솔로,spillover,2025,1,,,,2025,text,
싸이,솔로,spillover,2012,1,,,,2012,text,
싸이,솔로,spillover,,0,,,,,none,
싸이,솔로,spillover,,0,,,,,none,
싸이,솔로,spillover,,0,,,,,none,
싸이,솔로,spillover,2026,1,,,,2026,text,
싸이,솔로,spillover,2023,1,,,,2023,text,
싸이,솔로,spillover,2025,1,,,,2025,text,
싸이,솔로,spillover,2025,1,2025-04-01,2025,,2025,text,0
싸이,솔로,spillover,2025,1,,,,2025,text,
싸이,솔로,spillover,2025,1,2025-04-01,2025,,2025,text,0
싸이,솔로,spillover,2012,1,,,,2012,text,
싸이,솔로,spillover,2014,1,,,,2014,text,
싸이,솔로,spillover,2012,1,,,,2012,text,
싸이,솔로,spillover,2013,1,,,,2013,text,
싸이,솔로,spillover,2023,1,,,,2023,text,
싸이,솔로,spillover,,0,,,,,none,
싸이,솔로,spillover,2012,1,,,,2012,text,
싸이,솔로,spillover,2012,1,,,,2012,text,
싸이,솔로,spillover,2012,1,,,,2012,text,
싸이,솔로,spillover,2012,1,,,,2012,text,
싸이,솔로,spillover,,0,2012-10-15,2012,,2012,url,
싸이,솔로,spillover,,0,,,,,none,
싸이,솔로,spillover,2012,1,2012-12-11,2012,,2012,text,0
싸이,솔로,spillover,2017,1,2017-02-28,2017,,2017,text,0
싸이,솔로,spillover,2012,1,,,,2012,text,
싸이,솔로,spillover,2012,1,,,,2012,text,
싸이,솔로,spillover,,0,,,,,none,
싸이,솔로,spillover,,0,,,,,none,
싸이,솔로,spillover,,0,,,,,none,
싸이,솔로,spillover,,0,,,,,none,
싸이,솔로,spillover,2012,1,,,,2012,text,
싸이,솔로,spillover,2012,1,2025-12-21,2025,,2012,text,-13
싸이,솔로,spillover,,0,,,,,none,
싸이,솔로,spillover,,0,,,,,none,
싸이,솔로,spillover,,0,2022-12-16,2022,,2022,url,
싸이,솔로,spillover,2012,1,,,,2012,text,
싸이,솔로,spillover,,0,,,,,none,
싸이,솔로,spillover,,0,,,,,none,
싸이,솔로,spillover,,0,,,,,none,
싸이,솔로,spillover,2025,1,,,,2025,text,
싸이,솔로,spillover,,0,2022-04-29,2022,,2022,url,
아이유,솔로,loyalty,2024,1,,,,2024,text,
아이유,솔로,loyalty,,0,,,,,none,
아이유,솔로,loyalty,,0,,,,,none,
아이유,솔로,loyalty,2019|2020|2026,3,2019-12,2019,,2026,text,7
아이유,솔로,loyalty,,0,,,,,none,
아이유,솔로,loyalty,2025,1,,,,2025,text,
아이유,솔로,loyalty,2023,1,,,,2023,text,
아이유,솔로,loyalty,,0,,,,,none,
아이유,솔로,loyalty,2012,1,,,,2012,text,
아이유,솔로,loyalty,2024,1,,,,2024,text,
아이유,솔로,loyalty,2022,1,,,,2022,text,
아이유,솔로,loyalty,2011|2012,2,,,,2012,text,
아이유,솔로,loyalty,,0,,,,,none,
아이유,솔로,loyalty,,0,,,,,none,
아이유,솔로,loyalty,2009|2017|2024,3,,,,2024,text,
아이유,솔로,loyalty,2012|2024,2,,,,2024,text,
아이유,솔로,loyalty,2024,1,,,,2024,text,
아이유,솔로,loyalty,,0,,,,,none,
아이유,솔로,loyalty,,0,,,,,none,
아이유,솔로,loyalty,,0,,,,,none,
아이유,솔로,loyalty,2019|2022|2023,3,,,,2023,text,
아이유,솔로,loyalty,2024,1,,,,2024,text,
아이유,솔로,loyalty,2026,1,,,,2026,text,
아이유,솔로,loyalty,2024,1,,,,2024,text,
아이유,솔로,loyalty,,0,,,,,none,
아이유,솔로,loyalty,2026,1,,,,2026,text,
아이유,솔로,loyalty,,0,,,,,none,
아이유,솔로,loyalty,,0,,,,,none,
아이유,솔로,loyalty,,0,,,,,none,
아이유,솔로,loyalty,2024,1,,,,2024,text,
아이유,솔로,loyalty,,0,,,,,none,
아이유,솔로,loyalty,2024,1,2024-12-31,2024,,2024,text,0
아이유,솔로,loyalty,2024,1,2024-06-03,2024,,2024,text,0
아이유,솔로,loyalty,,0,,,,,none,
아이유,솔로,loyalty,,0,,,,,none,
아이유,솔로,loyalty,,0,,,,,none,
아이유,솔로,loyalty,2018,1,,,,2018,text,
아이유,솔로,loyalty,2024,1,,,,2024,text,
아이유,솔로,loyalty,2026,1,,,,2026,text,
아이유,솔로,loyalty,2018,1,,,,2018,text,
아이유,솔로,loyalty,,0,,,,,none,
아이유,솔로,loyalty,2026,1,,,,2026,text,
아이유,솔로,spillover,,0,,,,,none,
아이유,솔로,spillover,,0,,,,,none,
아이유,솔로,spillover,,0,2023-09,2023,,2023,url,
아이유,솔로,spillover,2025,1,,,,2025,text,
아이유,솔로,spillover,2014|2017|2025,3,,,0,2025,text,
아이유,솔로,spillover,2024|2025,2,,,,2025,text,
아이유,솔로,spillover,2017|2025,2,,,,2025,text,
아이유,솔로,spillover,2025,1,,,,2025,text,
아이유,솔로,spillover,2012,1,,,,2012,text,
아이유,솔로,spillover,2017|2018|2019,3,,,,2019,text,
아이유,솔로,spillover,2024,1,,,,2024,text,
아이유,솔로,spillover,2026,1,,,,2026,text,
아이유,솔로,spillover,,0,,,,,none,
아이유,솔로,spillover,,0,,,,,none,
아이유,솔로,spillover,,0,,,,,none,
아이유,솔로,spillover,,0,,,,,none,
아이유,솔로,spillover,2024,1,,,,2024,text,
아이유,솔로,spillover,2024,1,,,,2024,text,
아이유,솔로,spillover,2024,1,2024-03-03,2024,,2024,text,0
아이유,솔로,spillover,,0,,,,,none,
아이유,솔로,spillover,,0,,,,,none,
아이유,솔로,spillover,,0,2026-07-10,2026,,2026,url,
아이유,솔로,spillover,,0,,,,,none,
아이유,솔로,spillover,,0,,,,,none,
아이유,솔로,spillover,,0,,,,,none,
아이유,솔로,spillover,,0,,,,,none,
아이유,솔로,spillover,,0,,,,,none,
아이유,솔로,spillover,,0,2026-04,2026,,2026,url,
아이유,솔로,spillover,2018|2019|2025|2026,4,,,,2026,text,
아이유,솔로,spillover,2019|2022|2023,3,,,,2023,text,
아이유,솔로,spillover,2011|2013,2,,,,2013,text,
아이유,솔로,spillover,2015|2016|2018|2019,4,,,,2019,text,
아이유,솔로,spillover,2025|2026,2,,,,2026,text,
아이유,솔로,spillover,2019|2021|2022|2023,4,,,,2023,text,
아이유,솔로,spillover,2023|2025,2,,,,2025,text,
아이유,솔로,spillover,2025,1,2025-07-25,2025,,2025,text,0
아이유,솔로,spillover,2021|2023|2024,3,,,-1,2024,text,
아이유,솔로,spillover,2023|2024,2,,,,2024,text,
아이유,솔로,spillover,,0,,,,,none,
아이유,솔로,spillover,2026,1,,,,2026,text,
아이유,솔로,spillover,2024,1,,,,2024,text,
아이유,솔로,spillover,2024,1,2024-10-11,2024,,2024,text,0
아이유,솔로,spillover,2021,1,,,,2021,text,
아이유,솔로,spillover,2024,1,,,,2024,text,
아이유,솔로,spillover,2024,1,,,,2024,text,
아이유,솔로,spillover,2022|2024,2,,,,2024,text,
아이유,솔로,spillover,2023|2024,2,,,,2024,text,
아이유,솔로,spillover,2023,1,,,,2023,text,
아이유,솔로,spillover,2006|2020|2023,3,,,,2023,text,
아이유,솔로,spillover,2026,1,2026-07,2026,,2026,text,0
아이유,솔로,spillover,2025,1,2025-01-24,2025,,2025,text,0
아이유,솔로,spillover,2019,1,,,,2019,text,
아이유,솔로,spillover,2025,1,,,,2025,text,
아이유,솔로,spillover,2022|2024,2,,,,2024,text,
아이유,솔로,spillover,2022|2024,2,2024-02,2024,,2024,text,0
아이유,솔로,spillover,2014|2020|2023|2024,4,,,,2024,text,
아이유,솔로,spillover,2024,1,,,,2024,text,
아이유,솔로,spillover,2024,1,,,,2024,text,
아이유,솔로,spillover,2024,1,,,,2024,text,
아이유,솔로,spillover,,0,2016-01-03,2016,,2016,url,
아이유,솔로,spillover,,0,,,,,none,
아이유,솔로,spillover,,0,,,,,none,
아이유,솔로,spillover,,0,,,,,none,
아이유,솔로,spillover,2024,1,,,,2024,text,
아이유,솔로,spillover,2008|2009|2017,3,,,,2017,text,
아이유,솔로,spillover,,0,,,,,none,
아이유,솔로,spillover,2022,1,2022-04-15,2022,,2022,text,0
아이유,솔로,spillover,2026,1,2026-07-10,2026,,2026,text,0
비비,솔로,loyalty,2026,1,,,,2026,text,
비비,솔로,loyalty,2025,1,,,,2025,text,
비비,솔로,loyalty,2024,1,,,,2024,text,
비비,솔로,loyalty,2025,1,,,,2025,text,
비비,솔로,loyalty,,0,,,,,none,
비비,솔로,loyalty,,0,,,,,none,
비비,솔로,loyalty,2025,1,,,,2025,text,
비비,솔로,loyalty,2022,1,,,,2022,text,
비비,솔로,loyalty,2022|2025,2,,,,2025,text,
비비,솔로,loyalty,,0,,,,,none,
비비,솔로,loyalty,2026,1,,,,2026,text,
비비,솔로,loyalty,,0,,,,,none,
비비,솔로,loyalty,2025,1,,,,2025,text,
비비,솔로,loyalty,,0,,,,,none,
비비,솔로,loyalty,2025,1,,,,2025,text,
비비,솔로,loyalty,,0,2025-08-06,2025,,2025,url,
비비,솔로,loyalty,,0,,,,,none,
비비,솔로,loyalty,,0,,,,,none,
비비,솔로,loyalty,,0,,,,,none,
비비,솔로,loyalty,,0,,,,,none,
비비,솔로,loyalty,,0,,,,,none,
비비,솔로,loyalty,,0,2025-03-13,2025,,2025,url,
비비,솔로,loyalty,,0,,,0,,none,
비비,솔로,loyalty,2022,1,,,,2022,text,
비비,솔로,loyalty,2026,1,,,,2026,text,
비비,솔로,loyalty,,0,,,,,none,
비비,솔로,spillover,,0,,,,,none,
비비,솔로,spillover,,0,,,,,none,
비비,솔로,spillover,,0,,,,,none,
비비,솔로,spillover,2024,1,2024-02-26,2024,,2024,text,0
비비,솔로,spillover,,0,,,-1,,none,
비비,솔로,spillover,2024,1,,,,2024,text,
비비,솔로,spillover,2021,1,,,,2021,text,
비비,솔로,spillover,2024,1,,,,2024,text,
비비,솔로,spillover,,0,,,,,none,
비비,솔로,spillover,2023,1,,,,2023,text,
비비,솔로,spillover,2021|2024,2,,,,2024,text,
비비,솔로,spillover,2024|2025,2,,,,2025,text,
비비,솔로,spillover,2024,1,,,,2024,text,
비비,솔로,spillover,,0,,,,,none,
비비,솔로,spillover,2025,1,,,,2025,text,
비비,솔로,spillover,2019|2025,2,,,-1,2025,text,
비비,솔로,spillover,2025,1,,,,2025,text,
비비,솔로,spillover,2024,1,,,,2024,text,
비비,솔로,spillover,,0,,,,,none,
비비,솔로,spillover,,0,,,,,none,
비비,솔로,spillover,,0,,,,,none,
비비,솔로,spillover,,0,,,,,none,
비비,솔로,spillover,,0,,,,,none,
비비,솔로,spillover,2026,1,,,,2026,text,
비비,솔로,spillover,,0,,,,,none,
비비,솔로,spillover,2020,1,,,,2020,text,
비비,솔로,spillover,2020|2021|2022,3,,,,2022,text,
비비,솔로,spillover,2023|2024,2,,,,2024,text,
비비,솔로,spillover,2018|2023,2,,,,2023,text,
비비,솔로,spillover,,0,,,,,none,
비비,솔로,spillover,2021,1,,,,2021,text,
비비,솔로,spillover,2025,1,2025-07-01,2025,,2025,text,0
비비,솔로,spillover,2024,1,,,,2024,text,
비비,솔로,spillover,2025,1,,,,2025,text,
비비,솔로,spillover,2021,1,,,,2021,text,
비비,솔로,spillover,2025|2026,2,,,,2026,text,
비비,솔로,spillover,2024,1,2024-04,2024,,2024,text,0
비비,솔로,spillover,2022,1,,,,2022,text,
비비,솔로,spillover,2000|2025,2,,,,2025,text,
비비,솔로,spillover,,0,,,,,none,
비비,솔로,spillover,2026,1,,,,2026,text,
비비,솔로,spillover,2025,1,,,,2025,text,
비비,솔로,spillover,,0,,,,,none,
비비,솔로,spillover,,0,,,,,none,
비비,솔로,spillover,2026,1,,,,2026,text,
비비,솔로,spillover,2019,1,,,,2019,text,
비비,솔로,spillover,,0,,,,,none,
비비,솔로,spillover,,0,2021-04,2021,,2021,url,
윤하,솔로,loyalty,2025,1,,,,2025,text,
윤하,솔로,loyalty,2023,1,,,,2023,text,
윤하,솔로,loyalty,,0,2023-12-29,2023,,2023,url,
윤하,솔로,loyalty,,0,2024-09-04,2024,,2024,url,
윤하,솔로,loyalty,2023,1,,,,2023,text,
윤하,솔로,loyalty,2015|2016|2019|2024,4,2024-05,2024,,2024,text,0
윤하,솔로,loyalty,2022,1,,,,2022,text,
윤하,솔로,loyalty,,0,,,,,none,
윤하,솔로,loyalty,2014,1,,,,2014,text,
윤하,솔로,loyalty,2004|2024|2025,3,,,,2025,text,
윤하,솔로,loyalty,2023,1,,,0,2023,text,
윤하,솔로,loyalty,,0,,,,,none,
윤하,솔로,loyalty,,0,,,,,none,
윤하,솔로,loyalty,2010,1,,,,2010,text,
윤하,솔로,loyalty,2024,1,,,,2024,text,
윤하,솔로,loyalty,2025,1,,,,2025,text,
윤하,솔로,loyalty,,0,,,,,none,
윤하,솔로,loyalty,,0,,,,,none,
윤하,솔로,loyalty,,0,,,,,none,
윤하,솔로,loyalty,,0,,,,,none,
윤하,솔로,loyalty,2025,1,,,,2025,text,
윤하,솔로,loyalty,2024,1,2024-09-04,2024,,2024,text,0
윤하,솔로,loyalty,2024,1,,,,2024,text,
윤하,솔로,loyalty,2023,1,,,,2023,text,
윤하,솔로,loyalty,2024,1,,,,2024,text,
윤하,솔로,loyalty,2024,1,,,,2024,text,
윤하,솔로,loyalty,2019,1,,,,2019,text,
윤하,솔로,loyalty,2015,1,,,,2015,text,
윤하,솔로,loyalty,2024,1,,,,2024,text,
윤하,솔로,loyalty,,0,,,,,none,
윤하,솔로,loyalty,2024,1,,,,2024,text,
윤하,솔로,loyalty,2026,1,,,,2026,text,
윤하,솔로,loyalty,2010,1,,,,2010,text,
윤하,솔로,spillover,,0,,,,,none,
윤하,솔로,spillover,,0,,,,,none,
윤하,솔로,spillover,2021,1,,,,2021,text,
윤하,솔로,spillover,,0,2024-05,2024,,2024,url,
윤하,솔로,spillover,,0,,,,,none,
윤하,솔로,spillover,2007|2008,2,,,,2008,text,
윤하,솔로,spillover,,0,,,,,none,
윤하,솔로,spillover,2022|2023,2,,,,2023,text,
윤하,솔로,spillover,2020,1,,,,2020,text,
윤하,솔로,spillover,2022|2023,2,,,,2023,text,
윤하,솔로,spillover,,0,,,,,none,
윤하,솔로,spillover,,0,,,,,none,
윤하,솔로,spillover,2025,1,,,,2025,text,
윤하,솔로,spillover,,0,,,,,none,
윤하,솔로,spillover,2022,1,,,,2022,text,
윤하,솔로,spillover,,0,,,,,none,
윤하,솔로,spillover,2025,1,,,,2025,text,
윤하,솔로,spillover,,0,,,,,none,
윤하,솔로,spillover,,0,,,,,none,
윤하,솔로,spillover,,0,2024-04-25,2024,,2024,url,
윤하,솔로,spillover,,0,,,,,none,
윤하,솔로,spillover,2004,1,,,,2004,text,
윤하,솔로,spillover,,0,,,,,none,
윤하,솔로,spillover,,0,,,,,none,
윤하,솔로,spillover,2010,1,,,,2010,text,
윤하,솔로,spillover,2011,1,,,,2011,text,
윤하,솔로,spillover,2010|2011,2,,,,2011,text,
윤하,솔로,spillover,,0,,,,,none,
윤하,솔로,spillover,2013,1,,,,2013,text,
윤하,솔로,spillover,2023,1,,,,2023,text,
윤하,솔로,spillover,,0,2020-01-07,2020,,2020,url,
윤하,솔로,spillover,2026,1,,,,2026,text,
윤하,솔로,spillover,2023,1,2023-08-29,2023,,2023,text,0
윤하,솔로,spillover,2023,1,,,,2023,text,
윤하,솔로,spillover,2011,1,,,,2011,text,
윤하,솔로,spillover,2010,1,,,,2010,text,
윤하,솔로,spillover,2004,1,,,,2004,text,
윤하,솔로,spillover,2011|2014,2,,,,2014,text,
윤하,솔로,spillover,2011,1,,,,2011,text,
윤하,솔로,spillover,,0,,,,,none,
윤하,솔로,spillover,2023,1,,,,2023,text,
윤하,솔로,spillover,2022,1,,,,2022,text,
윤하,솔로,spillover,,0,,,,,none,
윤하,솔로,spillover,,0,,,,,none,
윤하,솔로,spillover,,0,,,,,none,
윤하,솔로,spillover,2022,1,,,,2022,text,
윤하,솔로,spillover,2004,1,,,,2004,text,
윤하,솔로,spillover,2004,1,,,,2004,text,
윤하,솔로,spillover,2008,1,,,,2008,text,
윤하,솔로,spillover,,0,2019-12,2019,,2019,url,
청하,솔로,loyalty,2018|2024,2,,,,2024,text,
청하,솔로,loyalty,2023,1,,,,2023,text,
청하,솔로,loyalty,2021,1,,,,2021,text,
청하,솔로,loyalty,2020,1,,,,2020,text,
청하,솔로,loyalty,2018|2024,2,,,,2024,text,
청하,솔로,loyalty,2026,1,2026-06,2026,,2026,text,0
청하,솔로,loyalty,,0,,,,,none,
청하,솔로,loyalty,2026,1,,,,2026,text,
청하,솔로,loyalty,2018|2024,2,,,,2024,text,
청하,솔로,loyalty,2020|2021|2023,3,,,,2023,text,
청하,솔로,loyalty,2026,1,,,,2026,text,
청하,솔로,loyalty,2020,1,,,,2020,text,
청하,솔로,loyalty,2021|2023,2,,,,2023,text,
청하,솔로,loyalty,2026,1,,,,2026,text,
청하,솔로,loyalty,2019,1,2019-09-23,2019,,2019,text,0
청하,솔로,loyalty,2017,1,,,,2017,text,
청하,솔로,loyalty,,0,,,,,none,
청하,솔로,loyalty,2025,1,,,,2025,text,
청하,솔로,loyalty,2023,1,,,,2023,text,
청하,솔로,loyalty,2025,1,,,,2025,text,
청하,솔로,spillover,2019,1,,,,2019,text,
청하,솔로,spillover,2019,1,,,,2019,text,
청하,솔로,spillover,2020,1,,,,2020,text,
청하,솔로,spillover,2017,1,,,,2017,text,
청하,솔로,spillover,2020,1,,,,2020,text,
청하,솔로,spillover,2020,1,,,,2020,text,
청하,솔로,spillover,2019,1,,,,2019,text,
청하,솔로,spillover,2019,1,,,,2019,text,
청하,솔로,spillover,2017|2019|2020,3,,,,2020,text,
청하,솔로,spillover,2019|2020,2,,,,2020,text,
청하,솔로,spillover,,0,,,,,none,
청하,솔로,spillover,,0,,,,,none,
청하,솔로,spillover,2026,1,,,,2026,text,
청하,솔로,spillover,2020,1,,,,2020,text,
청하,솔로,spillover,2019|2020,2,,,,2020,text,
청하,솔로,spillover,,0,,,,,none,
청하,솔로,spillover,2017|2024,2,,,,2024,text,
청하,솔로,spillover,2019,1,,,,2019,text,
청하,솔로,spillover,2010|2019|2020,3,,,,2020,text,
청하,솔로,spillover,2019,1,,,,2019,text,
청하,솔로,spillover,2025,1,,,,2025,text,
청하,솔로,spillover,2024,1,,,,2024,text,
청하,솔로,spillover,2026,1,,,,2026,text,
청하,솔로,spillover,2026,1,,,,2026,text,
청하,솔로,spillover,2025,1,,,,2025,text,
청하,솔로,spillover,,0,,,,,none,
청하,솔로,spillover,,0,,,,,none,
청하,솔로,spillover,,0,,,,,none,
청하,솔로,spillover,,0,,,,,none,
청하,솔로,spillover,,0,,,,,none,
청하,솔로,spillover,2026,1,,,,2026,text,
청하,솔로,spillover,2021,1,2026-09,2026,,2021,text,-5
청하,솔로,spillover,2024,1,,,,2024,text,
청하,솔로,spillover,2025,1,,,,2025,text,
청하,솔로,spillover,2019,1,,,,2019,text,
청하,솔로,spillover,2016,1,,,,2016,text,
청하,솔로,spillover,,0,,,,,none,
청하,솔로,spillover,2025,1,2025-10-09,2025,,2025,text,0
청하,솔로,spillover,2019|2023,2,,,,2023,text,
청하,솔로,spillover,2019,1,,,,2019,text,
청하,솔로,spillover,2016|2017|2018|2019|2020|2022,6,,,,2022,text,
청하,솔로,spillover,2020,1,,,,2020,text,
청하,솔로,spillover,,0,,,,,none,
청하,솔로,spillover,2017,1,,,,2017,text,
청하,솔로,spillover,,0,,,,,none,
청하,솔로,spillover,2026,1,,,,2026,text,
청하,솔로,spillover,2026,1,,,,2026,text,
청하,솔로,spillover,,0,,,,,none,
청하,솔로,spillover,,0,,,,,none,
청하,솔로,spillover,2024,1,2024-06,2024,,2024,text,0
청하,솔로,spillover,2021,1,2021-09-04,2021,,2021,text,0
청하,솔로,spillover,2020,1,2020-07-23,2020,,2020,text,0
청하,솔로,spillover,2019,1,,,,2019,text,
청하,솔로,spillover,2017|2019,2,,,,2019,text,
청하,솔로,spillover,2019,1,,,,2019,text,
청하,솔로,spillover,2020|2024,2,,,,2024,text,
청하,솔로,spillover,2017|2019|2020,3,,,,2020,text,
청하,솔로,spillover,2017,1,,,,2017,text,
청하,솔로,spillover,2020,1,2020-04-06,2020,,2020,text,0
최예나,솔로,loyalty,,0,,,,,none,
최예나,솔로,loyalty,,0,,,,,none,
최예나,솔로,loyalty,,0,2025-01-22,2025,,2025,url,
최예나,솔로,loyalty,,0,,,,,none,
최예나,솔로,loyalty,2022,1,,,,2022,text,
최예나,솔로,loyalty,,0,,,,,none,
최예나,솔로,loyalty,,0,,,,,none,
최예나,솔로,loyalty,,0,,,,,none,
최예나,솔로,loyalty,2024,1,,,,2024,text,
최예나,솔로,loyalty,2025,1,,,,2025,text,
최예나,솔로,loyalty,2023,1,,,,2023,text,
최예나,솔로,loyalty,2022,1,,,,2022,text,
최예나,솔로,loyalty,2022,1,,,,2022,text,
최예나,솔로,loyalty,2026,1,,,,2026,text,
최예나,솔로,loyalty,,0,,,,,none,
최예나,솔로,loyalty,,0,,,,,none,
최예나,솔로,loyalty,,0,,,,,none,
최예나,솔로,loyalty,,0,,,,,none,
최예나,솔로,loyalty,,0,,,,,none,
최예나,솔로,loyalty,2023,1,,,,2023,text,
최예나,솔로,loyalty,2024|2026,2,,,,2026,text,
최예나,솔로,loyalty,2023|2024|2025|2026,4,,,,2026,text,
최예나,솔로,loyalty,,0,,,,,none,
최예나,솔로,loyalty,2023,1,,,,2023,text,
최예나,솔로,loyalty,,0,,,,,none,
최예나,솔로,loyalty,,0,,,,,none,
최예나,솔로,loyalty,,0,,,,,none,
최예나,솔로,loyalty,2026,1,,,,2026,text,
최예나,솔로,loyalty,,0,,,,,none,
최예나,솔로,loyalty,2021|2022|2024,3,,,,2024,text,
최예나,솔로,loyalty,,0,,,,,none,
최예나,솔로,loyalty,,0,,,,,none,
최예나,솔로,loyalty,2026,1,,,,2026,text,
최예나,솔로,loyalty,2026,1,,,,2026,text,
최예나,솔로,loyalty,2026,1,,,,2026,text,
최예나,솔로,loyalty,,0,,,,,none,
최예나,솔로,loyalty,2025,1,,,,2025,text,
최예나,솔로,loyalty,2025,1,,,,2025,text,
최예나,솔로,loyalty,2025,1,,,,2025,text,
최예나,솔로,spillover,,0,,,,,none,
최예나,솔로,spillover,,0,,,,,none,
최예나,솔로,spillover,,0,,,,,none,
최예나,솔로,spillover,2026,1,,,,2026,text,
최예나,솔로,spillover,,0,,,,,none,
최예나,솔로,spillover,2026,1,2026-02-23,2026,,2026,text,0
최예나,솔로,spillover,,0,2026-02-23,2026,,2026,url,
최예나,솔로,spillover,2022,1,,,0,2022,text,
최예나,솔로,spillover,2022|2024,2,,,,2024,text,
최예나,솔로,spillover,2022,1,,,,2022,text,
최예나,솔로,spillover,2023,1,,,,2023,text,
최예나,솔로,spillover,2022|2023,2,,,,2023,text,
최예나,솔로,spillover,2022|2026,2,,,,2026,text,
최예나,솔로,spillover,,0,2025-04-24,2025,,2025,url,
최예나,솔로,spillover,2026,1,2026-04-27,2026,,2026,text,0
최예나,솔로,spillover,,0,2026-06-01,2026,,2026,url,
최예나,솔로,spillover,,0,,,,,none,
최예나,솔로,spillover,2025,1,2025-07-01,2025,,2025,text,0
최예나,솔로,spillover,2024,1,2024-05-27,2024,,2024,text,0
최예나,솔로,spillover,2026,1,,,,2026,text,
최예나,솔로,spillover,,0,,,,,none,
최예나,솔로,spillover,2025,1,2025-08-14,2025,,2025,text,0
최예나,솔로,spillover,2026,1,,,,2026,text,
최예나,솔로,spillover,2022|2023|2025|2026,4,,,,2026,text,
최예나,솔로,spillover,2022,1,,,,2022,text,
최예나,솔로,spillover,2023|2024|2025|2026,4,,,,2026,text,
최예나,솔로,spillover,,0,,,,,none,
최예나,솔로,spillover,,0,,,,,none,
최예나,솔로,spillover,,0,,,,,none,
최예나,솔로,spillover,2025,1,,,,2025,text,
최예나,솔로,spillover,2021,1,,,,2021,text,
최예나,솔로,spillover,,0,,,,,none,
최예나,솔로,spillover,,0,,,,,none,
최예나,솔로,spillover,2026,1,,,,2026,text,
최예나,솔로,spillover,2020|2021|2025,3,,,,2025,text,
최예나,솔로,spillover,,0,,,,,none,
최예나,솔로,spillover,,0,,,,,none,
최예나,솔로,spillover,2022,1,,,,2022,text,
최예나,솔로,spillover,2021|2024|2026,3,,,,2026,text,
최예나,솔로,spillover,2021,1,,,,2021,text,
최예나,솔로,spillover,2026,1,2026-05-31,2026,,2026,text,0
최예나,솔로,spillover,2020,1,,,,2020,text,
최예나,솔로,spillover,,0,,,,,none,
최예나,솔로,spillover,,0,,,,,none,
최예나,솔로,spillover,2023,1,,,,2023,text,
최예나,솔로,spillover,2026,1,,,,2026,text,
최예나,솔로,spillover,2026,1,,,0,2026,text,
최예나,솔로,spillover,,0,,,,,none,
최예나,솔로,spillover,,0,,,,,none,
최예나,솔로,spillover,2023,1,,,,2023,text,
최예나,솔로,spillover,2023,1,,,,2023,text,
최예나,솔로,spillover,2026,1,,,,2026,text,
최예나,솔로,spillover,2023,1,,,,2023,text,
최예나,솔로,spillover,2026,1,,,,2026,text,
최예나,솔로,spillover,2023,1,,,,2023,text,
최예나,솔로,spillover,,0,,,,,none,
최예나,솔로,spillover,,0,2022-01,2022,,2022,url,
권은비,솔로,loyalty,2023,1,,,,2023,text,
권은비,솔로,loyalty,,0,,,,,none,
권은비,솔로,loyalty,,0,,,,,none,
권은비,솔로,loyalty,,0,,,,,none,
권은비,솔로,loyalty,2026,1,,,,2026,text,
권은비,솔로,loyalty,2026,1,,,,2026,text,
권은비,솔로,loyalty,,0,,,,,none,
권은비,솔로,loyalty,2022,1,,,,2022,text,
권은비,솔로,loyalty,2022,1,,,,2022,text,
권은비,솔로,loyalty,2023,1,,,,2023,text,
권은비,솔로,loyalty,2023,1,,,,2023,text,
권은비,솔로,loyalty,2023,1,,,,2023,text,
권은비,솔로,loyalty,2022,1,,,,2022,text,
권은비,솔로,loyalty,2022,1,,,,2022,text,
권은비,솔로,loyalty,2023|2025,2,,,,2025,text,
권은비,솔로,loyalty,2022,1,,,,2022,text,
권은비,솔로,loyalty,,0,,,,,none,
권은비,솔로,loyalty,2026,1,,,,2026,text,
권은비,솔로,loyalty,2025,1,,,,2025,text,
권은비,솔로,loyalty,2025,1,,,,2025,text,
권은비,솔로,loyalty,2023|2024,2,,,,2024,text,
권은비,솔로,loyalty,2022,1,,,,2022,text,
권은비,솔로,loyalty,2023,1,2023-07-18,2023,,2023,text,0
권은비,솔로,loyalty,2026,1,,,,2026,text,
권은비,솔로,loyalty,2024,1,,,,2024,text,
권은비,솔로,spillover,,0,2025-10-07,2025,,2025,url,
권은비,솔로,spillover,,0,,,,,none,
권은비,솔로,spillover,,0,,,,,none,
권은비,솔로,spillover,2025,1,2025-07-11,2025,,2025,text,0
권은비,솔로,spillover,,0,2025-07-11,2025,,2025,url,
권은비,솔로,spillover,,0,2025-07-11,2025,,2025,url,
권은비,솔로,spillover,,0,,,,,none,
권은비,솔로,spillover,2021,1,,,,2021,text,
권은비,솔로,spillover,2023|2024,2,,,,2024,text,
권은비,솔로,spillover,2023,1,,,,2023,text,
권은비,솔로,spillover,,0,,,,,none,
권은비,솔로,spillover,2021,1,,,,2021,text,
권은비,솔로,spillover,2022,1,,,,2022,text,
권은비,솔로,spillover,2021|2023,2,,,,2023,text,
권은비,솔로,spillover,2026,1,,,,2026,text,
권은비,솔로,spillover,2026,1,,,,2026,text,
권은비,솔로,spillover,2025,1,,,,2025,text,
권은비,솔로,spillover,,0,,,,,none,
권은비,솔로,spillover,,0,,,,,none,
권은비,솔로,spillover,,0,,,,,none,
권은비,솔로,spillover,,0,,,,,none,
권은비,솔로,spillover,,0,,,,,none,
권은비,솔로,spillover,,0,,,,,none,
권은비,솔로,spillover,,0,,,,,none,
권은비,솔로,spillover,,0,,,,,none,
권은비,솔로,spillover,,0,,,,,none,
권은비,솔로,spillover,2026,1,,,,2026,text,
권은비,솔로,spillover,2022|2023|2024,3,,,,2024,text,
권은비,솔로,spillover,2023,1,,,,2023,text,
권은비,솔로,spillover,2023,1,,,,2023,text,
권은비,솔로,spillover,2025,1,,,,2025,text,
권은비,솔로,spillover,2025,1,2025-02-18,2025,,2025,text,0
권은비,솔로,spillover,2025,1,,,,2025,text,
권은비,솔로,spillover,,0,,,,,none,
권은비,솔로,spillover,,0,,,,,none,
권은비,솔로,spillover,,0,2025-05-13,2025,,2025,url,
권은비,솔로,spillover,,0,,,,,none,
권은비,솔로,spillover,,0,,,,,none,
권은비,솔로,spillover,,0,,,,,none,
권은비,솔로,spillover,2023,1,,,,2023,text,
권은비,솔로,spillover,2025,1,,,,2025,text,
권은비,솔로,spillover,2026,1,,,,2026,text,
권은비,솔로,spillover,2024,1,,,,2024,text,
권은비,솔로,spillover,,0,,,,,none,
권은비,솔로,spillover,,0,,,,,none,
권은비,솔로,spillover,2019|2023|2024|2025,4,,,,2025,text,
권은비,솔로,spillover,2021,1,,,,2021,text,
권은비,솔로,spillover,2024,1,,,,2024,text,
권은비,솔로,spillover,,0,,,,,none,
권은비,솔로,spillover,,0,,,,,none,
권은비,솔로,spillover,,0,2026-07-24,2026,,2026,url,
권은비,솔로,spillover,,0,,,,,none,
권은비,솔로,spillover,2026,1,,,,2026,text,
권은비,솔로,spillover,2026,1,,,,2026,text,
권은비,솔로,spillover,2026,1,,,,2026,text,
권은비,솔로,spillover,,0,,,,,none,
권은비,솔로,spillover,,0,,,,,none,
권은비,솔로,spillover,2026,1,,,,2026,text,
권은비,솔로,spillover,2025,1,,,,2025,text,
권은비,솔로,spillover,2023,1,,,,2023,text,
권은비,솔로,spillover,2023,1,,,,2023,text,
권은비,솔로,spillover,,0,,,,,none,
권은비,솔로,spillover,,0,,,,,none,
권은비,솔로,spillover,,0,,,,,none,
권은비,솔로,spillover,,0,2022-04,2022,,2022,url,
츄,솔로,loyalty,,0,,,,,none,
츄,솔로,loyalty,,0,,,,,none,
츄,솔로,loyalty,2025,1,,,,2025,text,
츄,솔로,loyalty,,0,,,,,none,
츄,솔로,loyalty,2025,1,2025-10-01,2025,,2025,text,0
츄,솔로,loyalty,,0,2025-10-01,2025,,2025,url,
츄,솔로,loyalty,,0,,,,,none,
츄,솔로,loyalty,,0,,,,,none,
츄,솔로,loyalty,,0,,,,,none,
츄,솔로,loyalty,2023,1,,,,2023,text,
츄,솔로,loyalty,2024,1,,,,2024,text,
츄,솔로,loyalty,2026,1,,,,2026,text,
츄,솔로,loyalty,2023|2024,2,,,,2024,text,
츄,솔로,loyalty,,0,,,,,none,
츄,솔로,loyalty,2023|2025,2,,,,2025,text,
츄,솔로,loyalty,2022,1,,,,2022,text,
츄,솔로,loyalty,,0,,,,,none,
츄,솔로,loyalty,2025,1,,,,2025,text,
츄,솔로,loyalty,,0,,,,,none,
츄,솔로,loyalty,2022,1,,,,2022,text,
츄,솔로,loyalty,2024,1,,,,2024,text,
츄,솔로,loyalty,,0,,,,,none,
츄,솔로,loyalty,,0,,,,,none,
츄,솔로,loyalty,,0,,,,,none,
츄,솔로,loyalty,,0,,,,,none,
츄,솔로,loyalty,,0,,,,,none,
츄,솔로,loyalty,,0,,,,,none,
츄,솔로,loyalty,,0,,,0,,none,
츄,솔로,loyalty,2024,1,,,,2024,text,
츄,솔로,loyalty,,0,,,,,none,
츄,솔로,loyalty,2022,1,,,,2022,text,
츄,솔로,loyalty,2024,1,,,,2024,text,
츄,솔로,loyalty,2025,1,,,,2025,text,
츄,솔로,loyalty,,0,,,,,none,
츄,솔로,spillover,,0,2023-06-29,2023,,2023,url,
츄,솔로,spillover,,0,,,,,none,
츄,솔로,spillover,,0,,,,,none,
츄,솔로,spillover,,0,2025-09,2025,,2025,url,
츄,솔로,spillover,,0,2025-09,2025,,2025,url,
츄,솔로,spillover,,0,2025-09,2025,0,2025,relative,
츄,솔로,spillover,2021,1,,,,2021,text,
츄,솔로,spillover,2021,1,,,,2021,text,
츄,솔로,spillover,2024,1,,,,2024,text,
츄,솔로,spillover,2022|2023,2,,,,2023,text,
츄,솔로,spillover,2024|2025,2,,,,2025,text,
츄,솔로,spillover,2025|2026,2,,,,2026,text,
츄,솔로,spillover,2023|2024|2025|2026,4,,,,2026,text,
츄,솔로,spillover,,0,,,,,none,
츄,솔로,spillover,2023|2024,2,,,,2024,text,
츄,솔로,spillover,2026,1,,,,2026,text,
츄,솔로,spillover,,0,2023-01,2023,,2023,url,
츄,솔로,spillover,2023,1,,,,2023,text,
츄,솔로,spillover,,0,2023-10,2023,,2023,url,
츄,솔로,spillover,2023|2024|2025|2026,4,,,,2026,text,
츄,솔로,spillover,,0,,,,,none,
츄,솔로,spillover,,0,,,,,none,
츄,솔로,spillover,,0,,,,,none,
츄,솔로,spillover,,0,,,,,none,
츄,솔로,spillover,,0,,,,,none,
츄,솔로,spillover,2024,1,,,,2024,text,
츄,솔로,spillover,2025,1,,,,2025,text,
츄,솔로,spillover,2023,1,,,,2023,text,
츄,솔로,spillover,2019|2025,2,,,,2025,text,
츄,솔로,spillover,2019|2020|2021,3,,,,2021,text,
츄,솔로,spillover,2022|2023|2025,3,,,,2025,text,
츄,솔로,spillover,2021,1,,,,2021,text,
츄,솔로,spillover,2020|2021,2,,,,2021,text,
츄,솔로,spillover,2019|2025|2026,3,,,,2026,text,
츄,솔로,spillover,2015,1,,,,2015,text,
츄,솔로,spillover,,0,,,,,none,
츄,솔로,spillover,2025,1,,,,2025,text,
츄,솔로,spillover,2025,1,,,,2025,text,
츄,솔로,spillover,2023|2024,2,,,,2024,text,
츄,솔로,spillover,2023,1,,,0,2023,text,
츄,솔로,spillover,2024,1,,,,2024,text,
츄,솔로,spillover,2023|2024,2,,,,2024,text,
츄,솔로,spillover,2023,1,,,,2023,text,
츄,솔로,spillover,2021,1,,,,2021,text,
츄,솔로,spillover,,0,,,0,,none,
츄,솔로,spillover,2021|2022,2,,,,2022,text,
츄,솔로,spillover,2021|2025,2,,,,2025,text,
츄,솔로,spillover,2021|2023|2024,3,,,,2024,text,
츄,솔로,spillover,2023,1,,,0,2023,text,
츄,솔로,spillover,2021|2022,2,,,,2022,text,
츄,솔로,spillover,2025|2026,2,,,,2026,text,
츄,솔로,spillover,,0,,,,,none,
츄,솔로,spillover,2020,1,,,,2020,text,
츄,솔로,spillover,2018|2022|2023,3,,,,2023,text,
츄,솔로,spillover,2022,1,,,0,2022,text,
츄,솔로,spillover,,0,2025-08-19,2025,,2025,url,
츄,솔로,spillover,2023,1,,,0,2023,text,
츄,솔로,spillover,2024,1,,,,2024,text,
츄,솔로,spillover,2023,1,,,,2023,text,
10CM,솔로,loyalty,2024,1,,,,2024,text,
10CM,솔로,loyalty,2011,1,,,,2011,text,
10CM,솔로,loyalty,2020,1,,,,2020,text,
10CM,솔로,loyalty,2016,1,,,,2016,text,
10CM,솔로,loyalty,,0,,,,,none,
10CM,솔로,loyalty,2020,1,,,,2020,text,
10CM,솔로,loyalty,2020,1,,,,2020,text,
10CM,솔로,loyalty,2024,1,,,,2024,text,
10CM,솔로,loyalty,2011,1,,,,2011,text,
10CM,솔로,loyalty,2010,1,,,,2010,text,
10CM,솔로,loyalty,2013,1,,,,2013,text,
10CM,솔로,loyalty,2020,1,,,,2020,text,
10CM,솔로,loyalty,2025,1,,,,2025,text,
10CM,솔로,loyalty,2011,1,,,,2011,text,
10CM,솔로,loyalty,2010|2011,2,,,,2011,text,
10CM,솔로,loyalty,2020,1,,,,2020,text,
10CM,솔로,loyalty,2020,1,,,,2020,text,
10CM,솔로,loyalty,2022,1,,,,2022,text,
10CM,솔로,loyalty,2026,1,,,,2026,text,
10CM,솔로,loyalty,2025,1,,,,2025,text,
10CM,솔로,loyalty,2024|2025,2,,,,2025,text,
10CM,솔로,loyalty,2026,1,,,,2026,text,
10CM,솔로,loyalty,2026,1,,,,2026,text,
10CM,솔로,loyalty,,0,,,,,none,
10CM,솔로,loyalty,,0,,,,,none,
10CM,솔로,loyalty,,0,,,,,none,
10CM,솔로,loyalty,,0,,,,,none,
10CM,솔로,loyalty,,0,,,,,none,
10CM,솔로,loyalty,,0,,,,,none,
10CM,솔로,loyalty,,0,,,,,none,
10CM,솔로,loyalty,2024,1,,,,2024,text,
10CM,솔로,loyalty,2013,1,,,,2013,text,
10CM,솔로,loyalty,2011,1,,,,2011,text,
10CM,솔로,loyalty,2026,1,,,,2026,text,
10CM,솔로,loyalty,2024,1,,,,2024,text,
10CM,솔로,loyalty,2024,1,,,,2024,text,
10CM,솔로,loyalty,2026,1,,,,2026,text,
10CM,솔로,spillover,2026,1,,,,2026,text,
10CM,솔로,spillover,2025,1,,,,2025,text,
10CM,솔로,spillover,2025,1,,,,2025,text,
10CM,솔로,spillover,2025,1,2025-05,2025,,2025,text,0
10CM,솔로,spillover,2011,1,,,,2011,text,
10CM,솔로,spillover,2016,1,,,,2016,text,
10CM,솔로,spillover,2016,1,,,,2016,text,
10CM,솔로,spillover,2016,1,,,,2016,text,
10CM,솔로,spillover,2014,1,,,,2014,text,
10CM,솔로,spillover,2016,1,,,,2016,text,
10CM,솔로,spillover,,0,,,,,none,
10CM,솔로,spillover,2025,1,,,,2025,text,
10CM,솔로,spillover,2016|2018|2019|2021,4,,,,2021,text,
10CM,솔로,spillover,2026,1,,,,2026,text,
10CM,솔로,spillover,2025,1,,,,2025,text,
10CM,솔로,spillover,2019,1,,,,2019,text,
10CM,솔로,spillover,,0,,,,,none,
10CM,솔로,spillover,2016,1,,,,2016,text,
10CM,솔로,spillover,,0,,,,,none,
10CM,솔로,spillover,,0,,,,,none,
10CM,솔로,spillover,2025,1,,,,2025,text,
10CM,솔로,spillover,,0,,,0,,none,
10CM,솔로,spillover,,0,,,,,none,
10CM,솔로,spillover,2025,1,,,,2025,text,
10CM,솔로,spillover,2025,1,,,,2025,text,
10CM,솔로,spillover,,0,,,,,none,
10CM,솔로,spillover,2026,1,,,,2026,text,
10CM,솔로,spillover,,0,,,,,none,
10CM,솔로,spillover,2026,1,,,,2026,text,
10CM,솔로,spillover,2018|2019|2024,3,,,,2024,text,
10CM,솔로,spillover,,0,,,,,none,
10CM,솔로,spillover,2025,1,,,,2025,text,
10CM,솔로,spillover,,0,,,,,none,
10CM,솔로,spillover,2020,1,,,,2020,text,
10CM,솔로,spillover,2025,1,2025-04-23,2025,,2025,text,0
10CM,솔로,spillover,,0,,,0,,none,
10CM,솔로,spillover,,0,,,,,none,
10CM,솔로,spillover,,0,,,,,none,
10CM,솔로,spillover,2026,1,,,,2026,text,
10CM,솔로,spillover,2026,1,,,,2026,text,
10CM,솔로,spillover,2026,1,,,,2026,text,
10CM,솔로,spillover,2026,1,2026-02-14,2026,,2026,text,0
10CM,솔로,spillover,,0,,,,,none,
10CM,솔로,spillover,2024,1,,,,2024,text,
10CM,솔로,spillover,2023,1,,,,2023,text,
10CM,솔로,spillover,,0,,,,,none,
10CM,솔로,spillover,,0,2017-09-01,2017,,2017,url,
10CM,솔로,spillover,2025,1,2025-10,2025,,2025,text,0
카더가든,솔로,loyalty,,0,,,,,none,
카더가든,솔로,loyalty,2019,1,,,,2019,text,
카더가든,솔로,loyalty,2021|2026,2,,,,2026,text,
카더가든,솔로,loyalty,2024,1,,,,2024,text,
카더가든,솔로,loyalty,,0,,,,,none,
카더가든,솔로,loyalty,,0,,,,,none,
카더가든,솔로,loyalty,2025,1,,,,2025,text,
카더가든,솔로,loyalty,,0,,,,,none,
카더가든,솔로,loyalty,2025,1,,,,2025,text,
카더가든,솔로,loyalty,,0,,,,,none,
카더가든,솔로,loyalty,,0,,,,,none,
카더가든,솔로,loyalty,2026,1,,,,2026,text,
카더가든,솔로,loyalty,2019,1,,,,2019,text,
카더가든,솔로,loyalty,2026,1,,,,2026,text,
카더가든,솔로,loyalty,,0,,,,,none,
카더가든,솔로,loyalty,2026,1,,,,2026,text,
카더가든,솔로,loyalty,,0,,,,,none,
카더가든,솔로,loyalty,,0,,,,,none,
카더가든,솔로,loyalty,,0,,,,,none,
카더가든,솔로,loyalty,,0,,,,,none,
카더가든,솔로,loyalty,2021,1,,,,2021,text,
카더가든,솔로,loyalty,2025,1,,,,2025,text,
카더가든,솔로,loyalty,,0,,,,,none,
카더가든,솔로,loyalty,2025,1,,,,2025,text,
카더가든,솔로,loyalty,,0,,,,,none,
카더가든,솔로,loyalty,,0,,,,,none,
카더가든,솔로,spillover,,0,,,,,none,
카더가든,솔로,spillover,,0,,,,,none,
카더가든,솔로,spillover,2025,1,,,,2025,text,
카더가든,솔로,spillover,2021|2023|2025,3,,,,2025,text,
카더가든,솔로,spillover,,0,,,,,none,
카더가든,솔로,spillover,2023|2025,2,,,,2025,text,
카더가든,솔로,spillover,2019,1,,,,2019,text,
카더가든,솔로,spillover,2019,1,,,,2019,text,
카더가든,솔로,spillover,2021|2026,2,,,,2026,text,
카더가든,솔로,spillover,2023,1,,,,2023,text,
카더가든,솔로,spillover,2017,1,,,,2017,text,
카더가든,솔로,spillover,2025,1,,,,2025,text,
카더가든,솔로,spillover,2021|2026,2,,,,2026,text,
카더가든,솔로,spillover,2026,1,,,,2026,text,
카더가든,솔로,spillover,2023,1,,,,2023,text,
카더가든,솔로,spillover,2017|2019,2,,,,2019,text,
카더가든,솔로,spillover,2026,1,,,,2026,text,
카더가든,솔로,spillover,,0,,,,,none,
카더가든,솔로,spillover,,0,,,,,none,
카더가든,솔로,spillover,2021|2026,2,,,,2026,text,
카더가든,솔로,spillover,2025,1,,,,2025,text,
카더가든,솔로,spillover,2021|2026,2,,,,2026,text,
카더가든,솔로,spillover,,0,2025-12-17,2025,,2025,url,
카더가든,솔로,spillover,,0,,,,,none,
카더가든,솔로,spillover,,0,,,,,none,
카더가든,솔로,spillover,,0,,,,,none,
카더가든,솔로,spillover,2025,1,2025-07-14,2025,,2025,text,0
카더가든,솔로,spillover,2024,1,2024-09-30,2024,,2024,text,0
카더가든,솔로,spillover,,0,,,,,none,
카더가든,솔로,spillover,2025,1,,,,2025,text,
카더가든,솔로,spillover,2026,1,,,,2026,text,
카더가든,솔로,spillover,2018|2025,2,,,,2025,text,
카더가든,솔로,spillover,2018|2019|2024,3,,,,2024,text,
카더가든,솔로,spillover,2018|2019,2,,,,2019,text,
카더가든,솔로,spillover,2025|2026,2,,,,2026,text,
카더가든,솔로,spillover,2021|2025,2,,,,2025,text,
카더가든,솔로,spillover,,0,,,,,none,
카더가든,솔로,spillover,2026,1,,,,2026,text,
카더가든,솔로,spillover,2026,1,,,,2026,text,
카더가든,솔로,spillover,2026,1,,,,2026,text,
카더가든,솔로,spillover,2026,1,,,,2026,text,
카더가든,솔로,spillover,2026,1,,,,2026,text,
카더가든,솔로,spillover,,0,,,,,none,
카더가든,솔로,spillover,,0,,,1,,none,
카더가든,솔로,spillover,,0,,,,,none,
카더가든,솔로,spillover,,0,,,,,none,
카더가든,솔로,spillover,2021|2026,2,,,,2026,text,
카더가든,솔로,spillover,2024,1,,,,2024,text,
Zion.T,솔로,loyalty,2015,1,,,,2015,text,
Zion.T,솔로,loyalty,2014|2015,2,,,,2015,text,
Zion.T,솔로,loyalty,2016,1,,,,2016,text,
Zion.T,솔로,loyalty,2017,1,,,,2017,text,
Zion.T,솔로,loyalty,2024,1,,,,2024,text,
Zion.T,솔로,loyalty,2015,1,,,,2015,text,
Zion.T,솔로,loyalty,2015,1,,,,2015,text,
Zion.T,솔로,loyalty,2024,1,,,,2024,text,
Zion.T,솔로,loyalty,,0,,,,,none,
Zion.T,솔로,loyalty,,0,,,,,none,
Zion.T,솔로,loyalty,,0,,,,,none,
Zion.T,솔로,loyalty,2022,1,,,,2022,text,
Zion.T,솔로,loyalty,,0,,,,,none,
Zion.T,솔로,loyalty,2014,1,,,,2014,text,
Zion.T,솔로,loyalty,2015,1,,,,2015,text,
Zion.T,솔로,loyalty,2017,1,,,,2017,text,
Zion.T,솔로,loyalty,2023,1,,,,2023,text,
Zion.T,솔로,loyalty,2025,1,,,,2025,text,
Zion.T,솔로,loyalty,2017,1,,,,2017,text,
Zion.T,솔로,loyalty,2019,1,,,,2019,text,
Zion.T,솔로,loyalty,,0,,,,,none,
Zion.T,솔로,loyalty,,0,,,,,none,
Zion.T,솔로,loyalty,2026,1,,,,2026,text,
Zion.T,솔로,loyalty,2024,1,,,,2024,text,
Zion.T,솔로,spillover,2013,1,,,,2013,text,
Zion.T,솔로,spillover,2017,1,,,,2017,text,
Zion.T,솔로,spillover,2016,1,,,,2016,text,
Zion.T,솔로,spillover,,0,,,,,none,
Zion.T,솔로,spillover,,0,,,,,none,
Zion.T,솔로,spillover,2014,1,,,,2014,text,
Zion.T,솔로,spillover,2015,1,,,,2015,text,
Zion.T,솔로,spillover,2016,1,,,,2016,text,
Zion.T,솔로,spillover,2016,1,,,,2016,text,
Zion.T,솔로,spillover,2022,1,,,,2022,text,
Zion.T,솔로,spillover,2015,1,,,,2015,text,
Zion.T,솔로,spillover,2015,1,,,,2015,text,
Zion.T,솔로,spillover,2017,1,,,,2017,text,
Zion.T,솔로,spillover,2014|2016,2,,,,2016,text,
Zion.T,솔로,spillover,2022,1,,,,2022,text,
Zion.T,솔로,spillover,2017|2025,2,2025-11-27,2025,,2025,text,0
Zion.T,솔로,spillover,2018,1,2018-01,2018,,2018,text,0
Zion.T,솔로,spillover,,0,2017-02-01,2017,,2017,url,
Zion.T,솔로,spillover,,0,,,,,none,
Zion.T,솔로,spillover,,0,,,,,none,
Zion.T,솔로,spillover,,0,,,,,none,
Zion.T,솔로,spillover,2019,1,,,,2019,text,
Zion.T,솔로,spillover,2018,1,,,,2018,text,
Zion.T,솔로,spillover,,0,,,,,none,
Zion.T,솔로,spillover,2015,1,,,,2015,text,
Zion.T,솔로,spillover,2014,1,,,,2014,text,
Zion.T,솔로,spillover,2021,1,,,,2021,text,
Zion.T,솔로,spillover,,0,2024-04-05,2024,,2024,url,
Zion.T,솔로,spillover,2016|2017|2018|2020|2021,5,,,,2021,text,
Zion.T,솔로,spillover,2018|2019|2020,3,,,,2020,text,
Zion.T,솔로,spillover,2015,1,,,,2015,text,
Zion.T,솔로,spillover,2019,1,,,,2019,text,
Zion.T,솔로,spillover,2014,1,,,,2014,text,
Zion.T,솔로,spillover,2021,1,,,,2021,text,
Zion.T,솔로,spillover,,0,,,,,none,
Zion.T,솔로,spillover,2015,1,,,,2015,text,
Zion.T,솔로,spillover,2019,1,,,,2019,text,
Zion.T,솔로,spillover,2021,1,,,,2021,text,
Zion.T,솔로,spillover,2025,1,,,,2025,text,
Zion.T,솔로,spillover,2023,1,2023-12,2023,,2023,text,0
Zion.T,솔로,spillover,,0,,,,,none,
Zion.T,솔로,spillover,2025,1,,,,2025,text,
Zion.T,솔로,spillover,2017,1,,,,2017,text,
Zion.T,솔로,spillover,2024,1,,,,2024,text,
Zion.T,솔로,spillover,2026,1,2026-08-14,2026,,2026,text,0
Zion.T,솔로,spillover,2026,1,2026-02-13,2026,,2026,text,0
Zion.T,솔로,spillover,2025,1,2025-07-01,2025,,2025,text,0
Zion.T,솔로,spillover,2019,1,,,,2019,text,
Zion.T,솔로,spillover,,0,,,,,none,
Zion.T,솔로,spillover,2017|2021,2,,,,2021,text,
Zion.T,솔로,spillover,2021,1,,,,2021,text,
Zion.T,솔로,spillover,,0,,,,,none,
Zion.T,솔로,spillover,,0,,,,,none,
Zion.T,솔로,spillover,,0,2020-04,2020,,2020,url,
Zion.T,솔로,spillover,2021,1,2020-11-23,2020,,2021,text,1
이효리,솔로,loyalty,,0,,,0,,none,
이효리,솔로,loyalty,2025,1,2025-05-27,2025,,2025,text,0
이효리,솔로,loyalty,2025|2026,2,2026-05-04,2026,,2026,text,0
이효리,솔로,loyalty,2003,1,,,,2003,text,
이효리,솔로,loyalty,2003,1,,,,2003,text,
이효리,솔로,loyalty,2007,1,,,,2007,text,
이효리,솔로,loyalty,2003,1,,,,2003,text,
이효리,솔로,loyalty,,0,,,,,none,
이효리,솔로,loyalty,2020,1,,,,2020,text,
이효리,솔로,loyalty,2011,1,,,,2011,text,
이효리,솔로,loyalty,2011,1,,,,2011,text,
이효리,솔로,loyalty,2011,1,,,,2011,text,
이효리,솔로,loyalty,2012,1,,,,2012,text,
이효리,솔로,loyalty,2025,1,2025-05-20,2025,,2025,text,0
이효리,솔로,loyalty,,0,,,,,none,
이효리,솔로,loyalty,2004,1,,,,2004,text,
이효리,솔로,loyalty,2002|2003,2,,,,2003,text,
이효리,솔로,spillover,,0,2025-06-07,2025,,2025,url,
이효리,솔로,spillover,,0,2022-09-15,2022,,2022,url,
이효리,솔로,spillover,2024|2025,2,,,,2025,text,
이효리,솔로,spillover,,0,,,,,none,
이효리,솔로,spillover,,0,,,,,none,
이효리,솔로,spillover,2024,1,2024-03,2024,,2024,text,0
이효리,솔로,spillover,2005|2007|2023,3,,,,2023,text,
이효리,솔로,spillover,2003|2005|2006,3,,,,2006,text,
이효리,솔로,spillover,2006,1,,,,2006,text,
이효리,솔로,spillover,2012,1,,,,2012,text,
이효리,솔로,spillover,2021,1,,,,2021,text,
이효리,솔로,spillover,2020,1,,,,2020,text,
이효리,솔로,spillover,2020,1,,,,2020,text,
이효리,솔로,spillover,2009,1,,,,2009,text,
이효리,솔로,spillover,2003|2008,2,,,,2008,text,
이효리,솔로,spillover,2006,1,,,,2006,text,
이효리,솔로,spillover,2025,1,2025-06-08,2025,,2025,text,0
이효리,솔로,spillover,2024,1,,,,2024,text,
이효리,솔로,spillover,2005|2007,2,,,,2007,text,
이효리,솔로,spillover,2025,1,,,,2025,text,
이효리,솔로,spillover,2025,1,,,,2025,text,
이효리,솔로,spillover,,0,,,,,none,
이효리,솔로,spillover,2012,1,,,,2012,text,
이효리,솔로,spillover,2025,1,,,,2025,text,
이효리,솔로,spillover,2025,1,,,,2025,text,
이효리,솔로,spillover,,0,,,,,none,
이효리,솔로,spillover,2026,1,,,,2026,text,
이효리,솔로,spillover,2026,1,2026-05-01,2026,,2026,text,0
이효리,솔로,spillover,,0,,,,,none,
이효리,솔로,spillover,,0,,,,,none,
이효리,솔로,spillover,,0,2023-06-23,2023,,2023,url,
이효리,솔로,spillover,,0,2024-02-14,2024,,2024,url,
이효리,솔로,spillover,,0,,,,,none,
이효리,솔로,spillover,,0,,,,,none,
이효리,솔로,spillover,2026,1,,,,2026,text,
이효리,솔로,spillover,2026,1,,,,2026,text,
이효리,솔로,spillover,,0,,,,,none,
이효리,솔로,spillover,,0,,,,,none,
이효리,솔로,spillover,,0,,,,,none,
이효리,솔로,spillover,,0,,,,,none,
이효리,솔로,spillover,2018,1,,,,2018,text,
이효리,솔로,spillover,,0,,,,,none,
이효리,솔로,spillover,,0,,,,,none,
이효리,솔로,spillover,2023,1,,,,2023,text,
이효리,솔로,spillover,2012|2024,2,,,,2024,text,
이효리,솔로,spillover,,0,,,,,none,
이효리,솔로,spillover,,0,,,,,none,
이효리,솔로,spillover,2001|2003|2008|2010,4,,,,2010,text,
이효리,솔로,spillover,2017|2018|2020|2023|2024,5,,,,2024,text,
이효리,솔로,spillover,2007|2012,2,,,,2012,text,
이효리,솔로,spillover,,0,,,,,none,
이효리,솔로,spillover,,0,,,,,none,
이효리,솔로,spillover,,0,,,-1,,none,
이효리,솔로,spillover,,0,,,-1,,none,
이효리,솔로,spillover,,0,,,,,none,
이효리,솔로,spillover,,0,,,,,none,
이효리,솔로,spillover,2026,1,,,,2026,text,
이효리,솔로,spillover,2026,1,,,,2026,text,
이효리,솔로,spillover,2024,1,,,,2024,text,
이효리,솔로,spillover,2025,1,,,,2025,text,
이효리,솔로,spillover,2023,1,,,,2023,text,
이효리,솔로,spillover,2024,1,,,,2024,text,
이효리,솔로,spillover,2007,1,,,,2007,text,
이효리,솔로,spillover,2023,1,,,,2023,text,
이효리,솔로,spillover,2008,1,,,,2008,text,
이효리,솔로,spillover,2009|2010,2,,,,2010,text,
이효리,솔로,spillover,2003,1,,,,2003,text,
이효리,솔로,spillover,2003,1,,,,2003,text,
이효리,솔로,spillover,2008|2009,2,,,,2009,text,
이효리,솔로,spillover,2023|2024,2,,,,2024,text,
이효리,솔로,spillover,2003,1,,,,2003,text,
이효리,솔로,spillover,2008|2009|2010,3,,,,2010,text,
이효리,솔로,spillover,2023,1,,,,2023,text,
이효리,솔로,spillover,2007|2023|2024,3,,,,2024,text,
이효리,솔로,spillover,2025,1,,,,2025,text,
이효리,솔로,spillover,2003,1,,,,2003,text,
이효리,솔로,spillover,,0,,,,,none,
이효리,솔로,spillover,2009|2011,2,,,,2011,text,
이효리,솔로,spillover,2018,1,,,,2018,text,
이효리,솔로,spillover,2026,1,2026-01-28,2026,,2026,text,0
이효리,솔로,spillover,2011|2026,2,,,,2026,text,
이효리,솔로,spillover,2002|2006|2026,3,,,,2026,text,
이효리,솔로,spillover,2003|2010,2,,,,2010,text,
이효리,솔로,spillover,2007|2009,2,,,,2009,text,
이효리,솔로,spillover,2009|2010,2,,,,2010,text,
이효리,솔로,spillover,2010,1,,,,2010,text,
이효리,솔로,spillover,2010,1,,,,2010,text,
이효리,솔로,spillover,,0,,,,,none,
이효리,솔로,spillover,,0,,,,,none,
이효리,솔로,spillover,,0,,,,,none,
이효리,솔로,spillover,,0,,,,,none,
이효리,솔로,spillover,,0,,,,,none,
이효리,솔로,spillover,,0,,,,,none,
이효리,솔로,spillover,,0,,,,,none,
이효리,솔로,spillover,,0,2023-12-26,2023,,2023,url,
이효리,솔로,spillover,,0,,,,,none,
이효리,솔로,spillover,,0,,,,,none,
이효리,솔로,spillover,,0,,,,,none,
이효리,솔로,spillover,,0,,,,,none,
이효리,솔로,spillover,,0,,,,,none,
이효리,솔로,spillover,2026,1,2026-09-09,2026,,2026,text,0
이효리,솔로,spillover,,0,2020-12-24,2020,,2020,url,
이효리,솔로,spillover,,0,2020-09-01,2020,,2020,url,
엄정화,솔로,loyalty,,0,,,,,none,
엄정화,솔로,loyalty,2023,1,,,,2023,text,
엄정화,솔로,loyalty,,0,,,,,none,
엄정화,솔로,loyalty,2023,1,,,,2023,text,
엄정화,솔로,loyalty,,0,,,,,none,
엄정화,솔로,loyalty,,0,,,,,none,
엄정화,솔로,loyalty,,0,,,,,none,
엄정화,솔로,loyalty,,0,,,,,none,
엄정화,솔로,loyalty,2020|2023|2025,3,,,,2025,text,
엄정화,솔로,loyalty,2020,1,,,,2020,text,
엄정화,솔로,loyalty,,0,,,,,none,
엄정화,솔로,loyalty,,0,,,0,,none,
엄정화,솔로,loyalty,,0,,,,,none,
엄정화,솔로,loyalty,,0,,,,,none,
엄정화,솔로,loyalty,,0,,,,,none,
엄정화,솔로,loyalty,2023,1,,,,2023,text,
엄정화,솔로,loyalty,2023,1,2023-12,2023,,2023,text,0
엄정화,솔로,loyalty,,0,2023-12,2023,,2023,url,
엄정화,솔로,loyalty,,0,,,,,none,
엄정화,솔로,loyalty,,0,,,,,none,
엄정화,솔로,spillover,2024,1,,,,2024,text,
엄정화,솔로,spillover,2023,1,,,0,2023,text,
엄정화,솔로,spillover,,0,,,,,none,
엄정화,솔로,spillover,2008,1,,,,2008,text,
엄정화,솔로,spillover,2020,1,,,,2020,text,
엄정화,솔로,spillover,,0,,,,,none,
엄정화,솔로,spillover,2002,1,,,,2002,text,
엄정화,솔로,spillover,2012,1,,,,2012,text,
엄정화,솔로,spillover,2007,1,,,,2007,text,
엄정화,솔로,spillover,2021,1,,,,2021,text,
엄정화,솔로,spillover,,0,,,,,none,
엄정화,솔로,spillover,2020,1,,,,2020,text,
엄정화,솔로,spillover,2000|2001,2,,,,2001,text,
엄정화,솔로,spillover,,0,,,,,none,
엄정화,솔로,spillover,2002|2012|2024,3,,,,2024,text,
엄정화,솔로,spillover,,0,,,,,none,
엄정화,솔로,spillover,,0,,,,,none,
엄정화,솔로,spillover,,0,,,,,none,
엄정화,솔로,spillover,,0,,,,,none,
엄정화,솔로,spillover,2000|2001,2,,,,2001,text,
엄정화,솔로,spillover,,0,,,,,none,
엄정화,솔로,spillover,2026,1,,,,2026,text,
엄정화,솔로,spillover,,0,,,,,none,
엄정화,솔로,spillover,,0,,,,,none,
엄정화,솔로,spillover,,0,,,,,none,
엄정화,솔로,spillover,,0,,,,,none,
엄정화,솔로,spillover,2025,1,2025-07-18,2025,,2025,text,0
엄정화,솔로,spillover,2002|2003|2005|2009,4,,,,2009,text,
엄정화,솔로,spillover,2002|2003|2004|2005|2006|2007|2009,7,,,,2009,text,
엄정화,솔로,spillover,,0,,,,,none,
엄정화,솔로,spillover,2020,1,,,,2020,text,
엄정화,솔로,spillover,2012|2020|2023|2026,4,,,,2026,text,
엄정화,솔로,spillover,2002|2003|2009|2012|2017,5,,,,2017,text,
엄정화,솔로,spillover,,0,,,,,none,
엄정화,솔로,spillover,2026,1,,,,2026,text,
엄정화,솔로,spillover,,0,,,,,none,
엄정화,솔로,spillover,,0,2026-08,2026,0,2026,relative,
엄정화,솔로,spillover,,0,,,,,none,
엄정화,솔로,spillover,2014,1,,,,2014,text,
엄정화,솔로,spillover,2006,1,,,,2006,text,
엄정화,솔로,spillover,2023,1,,,,2023,text,
엄정화,솔로,spillover,2001,1,,,,2001,text,
엄정화,솔로,spillover,2003,1,,,,2003,text,
엄정화,솔로,spillover,2024,1,,,,2024,text,
엄정화,솔로,spillover,2023,1,,,,2023,text,
엄정화,솔로,spillover,,0,,,,,none,
엄정화,솔로,spillover,2013,1,,,,2013,text,
엄정화,솔로,spillover,2007,1,,,,2007,text,
엄정화,솔로,spillover,2026,1,,,,2026,text,
엄정화,솔로,spillover,,0,2020-12,2020,,2020,url,
엄정화,솔로,spillover,,0,2020-12-15,2020,,2020,url,
볼빨간사춘기,솔로,loyalty,,0,,,,,none,
볼빨간사춘기,솔로,loyalty,,0,,,,,none,
볼빨간사춘기,솔로,loyalty,,0,,,,,none,
볼빨간사춘기,솔로,loyalty,,0,,,,,none,
볼빨간사춘기,솔로,loyalty,,0,,,,,none,
볼빨간사춘기,솔로,loyalty,2016|2024|2025,3,,,,2025,text,
볼빨간사춘기,솔로,loyalty,,0,,,,,none,
볼빨간사춘기,솔로,loyalty,,0,,,,,none,
볼빨간사춘기,솔로,loyalty,2019|2023,2,,,,2023,text,
볼빨간사춘기,솔로,loyalty,,0,,,,,none,
볼빨간사춘기,솔로,loyalty,2016|2025,2,,,,2025,text,
볼빨간사춘기,솔로,loyalty,2025,1,,,,2025,text,
볼빨간사춘기,솔로,loyalty,,0,,,,,none,
볼빨간사춘기,솔로,loyalty,2016,1,,,,2016,text,
볼빨간사춘기,솔로,loyalty,2016|2025,2,,,,2025,text,
볼빨간사춘기,솔로,loyalty,2025,1,,,,2025,text,
볼빨간사춘기,솔로,loyalty,2025,1,,,,2025,text,
볼빨간사춘기,솔로,loyalty,2024,1,,,,2024,text,
볼빨간사춘기,솔로,loyalty,2016|2026,2,,,0,2026,text,
볼빨간사춘기,솔로,loyalty,2025,1,,,,2025,text,
볼빨간사춘기,솔로,loyalty,2026,1,,,,2026,text,
볼빨간사춘기,솔로,loyalty,,0,,,,,none,
볼빨간사춘기,솔로,loyalty,,0,,,,,none,
볼빨간사춘기,솔로,loyalty,2022,1,2022-01-21,2022,,2022,text,0
볼빨간사춘기,솔로,loyalty,,0,,,,,none,
볼빨간사춘기,솔로,loyalty,,0,,,,,none,
볼빨간사춘기,솔로,loyalty,,0,,,,,none,
볼빨간사춘기,솔로,loyalty,2016,1,,,,2016,text,
볼빨간사춘기,솔로,loyalty,,0,,,,,none,
볼빨간사춘기,솔로,loyalty,,0,,,,,none,
볼빨간사춘기,솔로,loyalty,2015|2025,2,,,,2025,text,
볼빨간사춘기,솔로,loyalty,2025,1,,,,2025,text,
볼빨간사춘기,솔로,loyalty,,0,,,,,none,
볼빨간사춘기,솔로,loyalty,2026,1,,,,2026,text,
볼빨간사춘기,솔로,loyalty,2026,1,,,,2026,text,
볼빨간사춘기,솔로,loyalty,2023,1,,,,2023,text,
볼빨간사춘기,솔로,loyalty,,0,2020-05-14,2020,,2020,url,
볼빨간사춘기,솔로,loyalty,2026,1,,,,2026,text,
볼빨간사춘기,솔로,spillover,,0,,,,,none,
볼빨간사춘기,솔로,spillover,,0,,,,,none,
볼빨간사춘기,솔로,spillover,2019|2023,2,2019-04,2019,,2023,text,4
볼빨간사춘기,솔로,spillover,2020,1,,,,2020,text,
볼빨간사춘기,솔로,spillover,2019,1,,,,2019,text,
볼빨간사춘기,솔로,spillover,2018,1,,,,2018,text,
볼빨간사춘기,솔로,spillover,2017,1,,,0,2017,text,
볼빨간사춘기,솔로,spillover,2016,1,,,,2016,text,
볼빨간사춘기,솔로,spillover,2019,1,,,,2019,text,
볼빨간사춘기,솔로,spillover,2017,1,,,,2017,text,
볼빨간사춘기,솔로,spillover,2019|2020|2023,3,,,,2023,text,
볼빨간사춘기,솔로,spillover,2018|2019|2023,3,,,,2023,text,
볼빨간사춘기,솔로,spillover,,0,,,,,none,
볼빨간사춘기,솔로,spillover,2026,1,,,,2026,text,
볼빨간사춘기,솔로,spillover,2020,1,,,,2020,text,
볼빨간사춘기,솔로,spillover,,0,,,,,none,
볼빨간사춘기,솔로,spillover,2026,1,,,,2026,text,
볼빨간사춘기,솔로,spillover,2017|2022,2,2022-01-21,2022,,2022,text,0
볼빨간사춘기,솔로,spillover,2016|2017,2,,,,2017,text,
볼빨간사춘기,솔로,spillover,2026,1,,,,2026,text,
볼빨간사춘기,솔로,spillover,,0,,,,,none,
볼빨간사춘기,솔로,spillover,,0,,,0,,none,
볼빨간사춘기,솔로,spillover,,0,2024-12-13,2024,,2024,url,
볼빨간사춘기,솔로,spillover,2024,1,2024-12-13,2024,,2024,text,0
볼빨간사춘기,솔로,spillover,,0,,,,,none,
볼빨간사춘기,솔로,spillover,2026,1,,,,2026,text,
볼빨간사춘기,솔로,spillover,2026,1,,,,2026,text,
볼빨간사춘기,솔로,spillover,2024,1,2024-12-13,2024,,2024,text,0
볼빨간사춘기,솔로,spillover,,0,,,,,none,
볼빨간사춘기,솔로,spillover,2014,1,,,,2014,text,
볼빨간사춘기,솔로,spillover,2017,1,,,,2017,text,
볼빨간사춘기,솔로,spillover,,0,,,,,none,
볼빨간사춘기,솔로,spillover,2014|2016|2017|2018|2020,5,,,,2020,text,
볼빨간사춘기,솔로,spillover,2025,1,,,,2025,text,
볼빨간사춘기,솔로,spillover,2020,1,,,,2020,text,
볼빨간사춘기,솔로,spillover,,0,,,,,none,
볼빨간사춘기,솔로,spillover,2018,1,,,,2018,text,
볼빨간사춘기,솔로,spillover,2016,1,,,,2016,text,
볼빨간사춘기,솔로,spillover,2017,1,,,0,2017,text,
볼빨간사춘기,솔로,spillover,2020,1,,,,2020,text,
볼빨간사춘기,솔로,spillover,2026,1,,,,2026,text,
볼빨간사춘기,솔로,spillover,2026,1,,,,2026,text,
볼빨간사춘기,솔로,spillover,,0,,,,,none,
볼빨간사춘기,솔로,spillover,,0,,,,,none,
볼빨간사춘기,솔로,spillover,2025,1,,,,2025,text,
볼빨간사춘기,솔로,spillover,,0,,,,,none,
볼빨간사춘기,솔로,spillover,,0,,,,,none,
볼빨간사춘기,솔로,spillover,,0,2018-11-19,2018,,2018,url,
볼빨간사춘기,솔로,spillover,,0,2020-04,2020,,2020,url,
볼빨간사춘기,솔로,spillover,,0,2020-04,2020,,2020,url,
Crush,솔로,loyalty,2024,1,,,,2024,text,
Crush,솔로,loyalty,2025,1,2025-03-24,2025,,2025,text,0
Crush,솔로,loyalty,,0,,,,,none,
Crush,솔로,loyalty,2023|2024,2,,,-1,2024,text,
Crush,솔로,loyalty,,0,,,,,none,
Crush,솔로,loyalty,2025,1,,,,2025,text,
Crush,솔로,loyalty,2025,1,2025-03-24,2025,,2025,text,0
Crush,솔로,loyalty,2026,1,,,,2026,text,
Crush,솔로,loyalty,,0,,,,,none,
Crush,솔로,loyalty,2025,1,,,,2025,text,
Crush,솔로,loyalty,2024,1,,,,2024,text,
Crush,솔로,loyalty,2023,1,,,,2023,text,
Crush,솔로,loyalty,2026,1,,,,2026,text,
Crush,솔로,loyalty,2015,1,,,,2015,text,
Crush,솔로,loyalty,2024,1,,,,2024,text,
Crush,솔로,loyalty,2023,1,,,,2023,text,
Crush,솔로,loyalty,,0,,,,,none,
Crush,솔로,loyalty,2023,1,,,,2023,text,
Crush,솔로,loyalty,2025|2026,2,,,0,2026,text,
Crush,솔로,loyalty,,0,,,,,none,
Crush,솔로,loyalty,,0,,,,,none,
Crush,솔로,loyalty,,0,,,,,none,
Crush,솔로,loyalty,,0,2023-08-08,2023,,2023,url,
Crush,솔로,loyalty,,0,2023-08-09,2023,,2023,url,
Crush,솔로,loyalty,,0,,,,,none,
Crush,솔로,loyalty,2023,1,,,,2023,text,
Crush,솔로,loyalty,,0,,,,,none,
Crush,솔로,loyalty,2023,1,,,,2023,text,
Crush,솔로,loyalty,,0,,,,,none,
Crush,솔로,loyalty,,0,,,,,none,
Crush,솔로,loyalty,2019,1,,,,2019,text,
Crush,솔로,loyalty,2016,1,,,,2016,text,
Crush,솔로,loyalty,2023,1,,,,2023,text,
Crush,솔로,loyalty,2023,1,,,,2023,text,
Crush,솔로,loyalty,2026,1,,,,2026,text,
Crush,솔로,spillover,2026,1,,,,2026,text,
Crush,솔로,spillover,2023,1,,,,2023,text,
Crush,솔로,spillover,2025,1,,,,2025,text,
Crush,솔로,spillover,,0,,,,,none,
Crush,솔로,spillover,2015,1,,,,2015,text,
Crush,솔로,spillover,,0,,,,,none,
Crush,솔로,spillover,,0,,,,,none,
Crush,솔로,spillover,2019,1,,,,2019,text,
Crush,솔로,spillover,2022,1,,,,2022,text,
Crush,솔로,spillover,,0,,,,,none,
Crush,솔로,spillover,,0,,,,,none,
Crush,솔로,spillover,,0,,,,,none,
Crush,솔로,spillover,2026,1,,,,2026,text,
Crush,솔로,spillover,,0,,,,,none,
Crush,솔로,spillover,,0,,,,,none,
Crush,솔로,spillover,,0,,,,,none,
Crush,솔로,spillover,2026,1,,,,2026,text,
Crush,솔로,spillover,2022,1,,,,2022,text,
Crush,솔로,spillover,,0,,,,,none,
Crush,솔로,spillover,,0,,,,,none,
Crush,솔로,spillover,,0,,,,,none,
Crush,솔로,spillover,,0,,,,,none,
Crush,솔로,spillover,2026,1,,,,2026,text,
Crush,솔로,spillover,2025,1,,,,2025,text,
Crush,솔로,spillover,2026,1,,,,2026,text,
Crush,솔로,spillover,2015,1,,,,2015,text,
Crush,솔로,spillover,2016,1,,,,2016,text,
Crush,솔로,spillover,,0,,,,,none,
Crush,솔로,spillover,2024,1,,,,2024,text,
Crush,솔로,spillover,2015|2016,2,,,,2016,text,
Crush,솔로,spillover,,0,,,,,none,
Crush,솔로,spillover,,0,,,,,none,
Crush,솔로,spillover,2024,1,,,,2024,text,
Crush,솔로,spillover,,0,,,,,none,
Crush,솔로,spillover,,0,,,,,none,
Crush,솔로,spillover,,0,,,,,none,
Crush,솔로,spillover,2026,1,,,,2026,text,
Crush,솔로,spillover,2026,1,,,,2026,text,
Crush,솔로,spillover,2016|2024,2,,,,2024,text,
Crush,솔로,spillover,2016,1,,,,2016,text,
Crush,솔로,spillover,,0,,,,,none,
Crush,솔로,spillover,2016,1,,,,2016,text,
Crush,솔로,spillover,2014,1,,,,2014,text,
Crush,솔로,spillover,2020,1,,,,2020,text,
Crush,솔로,spillover,2024,1,,,,2024,text,
Crush,솔로,spillover,2025,1,,,,2025,text,
Crush,솔로,spillover,,0,,,,,none,
Crush,솔로,spillover,2019,1,,,,2019,text,
Crush,솔로,spillover,2026,1,,,,2026,text,
Crush,솔로,spillover,2016|2017|2020|2022,4,,,,2022,text,
Crush,솔로,spillover,2026,1,,,,2026,text,
Crush,솔로,spillover,2026,1,,,,2026,text,
Crush,솔로,spillover,2023,1,,,,2023,text,
Crush,솔로,spillover,2026,1,,,,2026,text,
Crush,솔로,spillover,2020,1,,,,2020,text,
Crush,솔로,spillover,2026,1,,,,2026,text,
Crush,솔로,spillover,2018,1,,,,2018,text,
Crush,솔로,spillover,2016|2025,2,,,,2025,text,
Crush,솔로,spillover,,0,,,,,none,
Crush,솔로,spillover,,0,,,,,none,
Crush,솔로,spillover,,0,,,,,none,
Crush,솔로,spillover,2015,1,,,,2015,text,
Crush,솔로,spillover,2022,1,,,,2022,text,
Crush,솔로,spillover,2018,1,2021-01-16,2021,,2018,text,-3
성시경,발라드,loyalty,2021,1,2021-10-31,2021,,2021,text,0
성시경,발라드,loyalty,2025,1,,,,2025,text,
성시경,발라드,loyalty,,0,,,,,none,
성시경,발라드,loyalty,2023,1,2023-11-11,2023,,2023,text,0
성시경,발라드,loyalty,2026,1,,,,2026,text,
성시경,발라드,loyalty,2012|2026,2,,,,2026,text,
성시경,발라드,loyalty,,0,2026-03,2026,,2026,url,
성시경,발라드,loyalty,,0,2026-03,2026,,2026,url,
성시경,발라드,loyalty,2025,1,,,,2025,text,
성시경,발라드,loyalty,,0,,,,,none,
성시경,발라드,loyalty,2023,1,2023-11-11,2023,,2023,text,0
성시경,발라드,loyalty,2012,1,,,,2012,text,
성시경,발라드,loyalty,,0,2026-03,2026,,2026,url,
성시경,발라드,loyalty,,0,2026-03,2026,,2026,url,
성시경,발라드,loyalty,2025,1,2025-11-20,2025,,2025,text,0
성시경,발라드,loyalty,2025,1,,,,2025,text,
성시경,발라드,loyalty,2025,1,,,,2025,text,
성시경,발라드,loyalty,,0,,,,,none,
성시경,발라드,loyalty,2026,1,2026-03-07,2026,,2026,text,0
성시경,발라드,loyalty,2026,1,,,,2026,text,
성시경,발라드,loyalty,2023,1,2023-11-11,2023,,2023,text,0
성시경,발라드,loyalty,2012|2026,2,,,,2026,text,
성시경,발라드,loyalty,,0,,,,,none,
성시경,발라드,loyalty,,0,2025-03-27,2025,,2025,url,
성시경,발라드,loyalty,2025,1,,,,2025,text,
성시경,발라드,loyalty,2012,1,,,,2012,text,
성시경,발라드,loyalty,,0,,,,,none,
성시경,발라드,loyalty,,0,,,,,none,
성시경,발라드,loyalty,,0,,,,,none,
성시경,발라드,loyalty,,0,,,,,none,
성시경,발라드,loyalty,2026,1,2026-08-18,2026,,2026,text,0
성시경,발라드,loyalty,2021,1,,,,2021,text,
성시경,발라드,loyalty,2026,1,,,,2026,text,
성시경,발라드,loyalty,2026,1,,,,2026,text,
성시경,발라드,loyalty,,0,,,,,none,
성시경,발라드,loyalty,2026,1,,,,2026,text,
성시경,발라드,loyalty,2026,1,,,,2026,text,
성시경,발라드,spillover,2015|2016,2,,,,2016,text,
성시경,발라드,spillover,,0,,,,,none,
성시경,발라드,spillover,,0,,,,,none,
성시경,발라드,spillover,,0,2025-11-20,2025,,2025,url,
성시경,발라드,spillover,,0,2026-03,2026,,2026,url,
성시경,발라드,spillover,,0,,,,,none,
성시경,발라드,spillover,,0,,,,,none,
성시경,발라드,spillover,,0,,,,,none,
성시경,발라드,spillover,,0,,,,,none,
성시경,발라드,spillover,,0,,,,,none,
성시경,발라드,spillover,,0,,,,,none,
성시경,발라드,spillover,2019,1,,,,2019,text,
성시경,발라드,spillover,2021|2024,2,,,,2024,text,
성시경,발라드,spillover,2023,1,,,,2023,text,
성시경,발라드,spillover,2026,1,,,,2026,text,
성시경,발라드,spillover,2019,1,,,,2019,text,
성시경,발라드,spillover,,0,,,,,none,
성시경,발라드,spillover,,0,,,,,none,
성시경,발라드,spillover,,0,,,,,none,
성시경,발라드,spillover,,0,2026-04-22,2026,,2026,url,
성시경,발라드,spillover,,0,,,,,none,
성시경,발라드,spillover,,0,,,,,none,
성시경,발라드,spillover,,0,,,,,none,
성시경,발라드,spillover,,0,,,,,none,
성시경,발라드,spillover,2010,1,,,,2010,text,
성시경,발라드,spillover,2014,1,,,,2014,text,
성시경,발라드,spillover,2025,1,2025-12-01,2025,,2025,text,0
성시경,발라드,spillover,2012|2013,2,,,,2013,text,
성시경,발라드,spillover,2014|2015|2017,3,,,,2017,text,
성시경,발라드,spillover,2016|2018|2022,3,,,,2022,text,
성시경,발라드,spillover,2016|2021|2022,3,,,,2022,text,
성시경,발라드,spillover,2023,1,,,,2023,text,
성시경,발라드,spillover,2019|2020,2,,,,2020,text,
성시경,발라드,spillover,,0,2022-05-05,2022,,2022,url,
성시경,발라드,spillover,2025,1,,,,2025,text,
성시경,발라드,spillover,2024,1,,,,2024,text,
성시경,발라드,spillover,2024,1,,,,2024,text,
성시경,발라드,spillover,2026,1,,,,2026,text,
성시경,발라드,spillover,2026,1,,,,2026,text,
성시경,발라드,spillover,2022,1,2022-05-05,2022,,2022,text,0
성시경,발라드,spillover,2026,1,,,,2026,text,
성시경,발라드,spillover,2026,1,,,,2026,text,
성시경,발라드,spillover,,0,,,,,none,
케이윌,발라드,loyalty,2025,1,2025-07-28,2025,,2025,text,0
케이윌,발라드,loyalty,,0,,,,,none,
케이윌,발라드,loyalty,,0,,,,,none,
케이윌,발라드,loyalty,2025,1,,,,2025,text,
케이윌,발라드,loyalty,2024,1,,,,2024,text,
케이윌,발라드,loyalty,,0,,,,,none,
케이윌,발라드,loyalty,2025,1,2025-07-28,2025,,2025,text,0
케이윌,발라드,loyalty,,0,,,,,none,
케이윌,발라드,loyalty,2023,1,2023-03-06,2023,,2023,text,0
케이윌,발라드,loyalty,2025,1,,,,2025,text,
케이윌,발라드,loyalty,2026,1,,,,2026,text,
케이윌,발라드,loyalty,,0,,,,,none,
케이윌,발라드,loyalty,,0,,,,,none,
케이윌,발라드,loyalty,2025,1,,,,2025,text,
케이윌,발라드,loyalty,2025,1,2025-07-28,2025,,2025,text,0
케이윌,발라드,loyalty,2010|2011,2,,,,2011,text,
케이윌,발라드,loyalty,2012|2014|2018|2019|2022,5,,,,2022,text,
케이윌,발라드,loyalty,2025,1,,,,2025,text,
케이윌,발라드,loyalty,2025,1,,,,2025,text,
케이윌,발라드,loyalty,2013|2024,2,,,,2024,text,
케이윌,발라드,loyalty,2025,1,2025-07-28,2025,,2025,text,0
케이윌,발라드,loyalty,2025,1,,,,2025,text,
케이윌,발라드,loyalty,,0,,,,,none,
케이윌,발라드,loyalty,,0,,,,,none,
케이윌,발라드,loyalty,,0,,,,,none,
케이윌,발라드,loyalty,,0,,,,,none,
케이윌,발라드,loyalty,2023,1,,,,2023,text,
케이윌,발라드,loyalty,,0,,,,,none,
케이윌,발라드,loyalty,,0,,,,,none,
케이윌,발라드,loyalty,,0,,,,,none,
케이윌,발라드,loyalty,2025,1,,,,2025,text,
케이윌,발라드,loyalty,2026,1,,,,2026,text,
케이윌,발라드,loyalty,2025,1,,,,2025,text,
케이윌,발라드,loyalty,2024|2025,2,,,,2025,text,
케이윌,발라드,loyalty,2013,1,,,,2013,text,
케이윌,발라드,loyalty,,0,,,,,none,
케이윌,발라드,spillover,,0,,,,,none,
케이윌,발라드,spillover,,0,,,,,none,
케이윌,발라드,spillover,,0,,,,,none,
케이윌,발라드,spillover,,0,,,,,none,
케이윌,발라드,spillover,,0,2025-07-28,2025,,2025,url,
케이윌,발라드,spillover,,0,,,,,none,
케이윌,발라드,spillover,,0,,,,,none,
케이윌,발라드,spillover,,0,,,,,none,
케이윌,발라드,spillover,2012|2021,2,,,,2021,text,
케이윌,발라드,spillover,2011,1,,,,2011,text,
케이윌,발라드,spillover,2016,1,,,,2016,text,
케이윌,발라드,spillover,2024,1,,,,2024,text,
케이윌,발라드,spillover,,0,,,,,none,
케이윌,발라드,spillover,,0,,,,,none,
케이윌,발라드,spillover,2013|2024,2,,,,2024,text,
케이윌,발라드,spillover,2014,1,,,,2014,text,
케이윌,발라드,spillover,,0,,,,,none,
케이윌,발라드,spillover,,0,,,,,none,
케이윌,발라드,spillover,,0,,,,,none,
케이윌,발라드,spillover,,0,,,,,none,
케이윌,발라드,spillover,2015,1,,,,2015,text,
케이윌,발라드,spillover,,0,,,,,none,
케이윌,발라드,spillover,2011|2012,2,,,,2012,text,
케이윌,발라드,spillover,2014|2015|2016|2017|2019,5,,,,2019,text,
케이윌,발라드,spillover,2021,1,,,,2021,text,
케이윌,발라드,spillover,,0,,,,,none,
케이윌,발라드,spillover,2007,1,,,,2007,text,
케이윌,발라드,spillover,2009|2011|2015,3,,,,2015,text,
케이윌,발라드,spillover,2016,1,,,,2016,text,
케이윌,발라드,spillover,,0,2017-08-13,2017,,2017,url,
케이윌,발라드,spillover,,0,,,,,none,
케이윌,발라드,spillover,,0,,,,,none,
케이윌,발라드,spillover,2026,1,,,,2026,text,
케이윌,발라드,spillover,2013,1,,,,2013,text,
케이윌,발라드,spillover,,0,2018-10,2018,,2018,url,
이승철,발라드,loyalty,,0,,,,,none,
이승철,발라드,loyalty,,0,,,,,none,
이승철,발라드,loyalty,2026,1,,,,2026,text,
이승철,발라드,loyalty,,0,,,,,none,
이승철,발라드,loyalty,,0,,,,,none,
이승철,발라드,loyalty,,0,,,,,none,
이승철,발라드,loyalty,2026,1,,,,2026,text,
이승철,발라드,loyalty,2025|2026,2,,,,2026,text,
이승철,발라드,loyalty,2026,1,,,,2026,text,
이승철,발라드,loyalty,2025,1,,,,2025,text,
이승철,발라드,loyalty,,0,,,,,none,
이승철,발라드,loyalty,,0,2026-05-19,2026,,2026,url,
이승철,발라드,loyalty,2026,1,,,,2026,text,
이승철,발라드,loyalty,2026,1,,,,2026,text,
이승철,발라드,loyalty,2010,1,,,,2010,text,
이승철,발라드,loyalty,2016,1,,,,2016,text,
이승철,발라드,loyalty,2026,1,,,,2026,text,
이승철,발라드,loyalty,2026,1,,,,2026,text,
이승철,발라드,loyalty,,0,,,,,none,
이승철,발라드,loyalty,2026,1,,,,2026,text,
이승철,발라드,loyalty,2025,1,,,,2025,text,
이승철,발라드,loyalty,2002,1,,,,2002,text,
이승철,발라드,loyalty,2025,1,,,,2025,text,
이승철,발라드,loyalty,,0,,,,,none,
이승철,발라드,spillover,2023|2026,2,,,,2026,text,
이승철,발라드,spillover,,0,,,,,none,
이승철,발라드,spillover,,0,,,,,none,
이승철,발라드,spillover,2004,1,,,,2004,text,
이승철,발라드,spillover,2004|2005|2009,3,,,,2009,text,
이승철,발라드,spillover,2006|2010,2,,,,2010,text,
이승철,발라드,spillover,2024,1,,,,2024,text,
이승철,발라드,spillover,2014,1,2014-10-07,2014,,2014,text,0
이승철,발라드,spillover,,0,2026-05-19,2026,,2026,url,
이승철,발라드,spillover,,0,,,,,none,
이승철,발라드,spillover,2004|2006|2007|2013|2015,5,,,,2015,text,
이승철,발라드,spillover,2013,1,,,,2013,text,
이승철,발라드,spillover,2025,1,,,,2025,text,
이승철,발라드,spillover,2024,1,,,,2024,text,
이승철,발라드,spillover,2025,1,,,,2025,text,
이승철,발라드,spillover,2026,1,,,,2026,text,
이승철,발라드,spillover,,0,,,,,none,
이승철,발라드,spillover,,0,,,,,none,
이승철,발라드,spillover,,0,,,,,none,
이승철,발라드,spillover,2009|2010|2016,3,,,,2016,text,
이승철,발라드,spillover,2004,1,,,,2004,text,
이승철,발라드,spillover,2019|2020,2,,,,2020,text,
이승철,발라드,spillover,2021|2022,2,,,,2022,text,
이승철,발라드,spillover,2006,1,,,,2006,text,
이승철,발라드,spillover,,0,,,,,none,
이승철,발라드,spillover,,0,,,,,none,
이승철,발라드,spillover,,0,,,,,none,
이승철,발라드,spillover,,0,,,,,none,
이승철,발라드,spillover,2026,1,2026-08-29,2026,,2026,text,0
이승철,발라드,spillover,2026,1,,,,2026,text,
이승철,발라드,spillover,2020,1,,,,2020,text,
이승철,발라드,spillover,2026,1,,,,2026,text,
이승철,발라드,spillover,2020,1,,,,2020,text,
이승철,발라드,spillover,2013|2026,2,,,,2026,text,
이승철,발라드,spillover,,0,,,,,none,
이승철,발라드,spillover,,0,,,,,none,
이승철,발라드,spillover,,0,,,,,none,
이승철,발라드,spillover,2006|2008,2,,,,2008,text,
이승철,발라드,spillover,,0,,,,,none,
이승철,발라드,spillover,2007,1,,,,2007,text,
이승철,발라드,spillover,2025,1,,,,2025,text,
이승철,발라드,spillover,,0,,,,,none,
이승철,발라드,spillover,2021,1,,,-1,2021,text,
이승철,발라드,spillover,2026,1,,,,2026,text,
이승철,발라드,spillover,2026,1,,,,2026,text,
이승철,발라드,spillover,,0,,,,,none,
이승철,발라드,spillover,2025,1,,,,2025,text,
이승철,발라드,spillover,2006,1,,,,2006,text,
이승철,발라드,spillover,2014,1,,,,2014,text,
이승철,발라드,spillover,,0,,,,,none,
이승철,발라드,spillover,,0,,,,,none,
이승철,발라드,spillover,,0,,,,,none,
이승철,발라드,spillover,2026,1,,,,2026,text,
이승철,발라드,spillover,2026,1,,,,2026,text,
거미,발라드,loyalty,,0,,,,,none,
거미,발라드,loyalty,,0,,,,,none,
거미,발라드,loyalty,,0,,,,,none,
거미,발라드,loyalty,,0,,,,,none,
거미,발라드,loyalty,2023,1,2023-01-02,2023,,2023,text,0
거미,발라드,loyalty,,0,,,,,none,
거미,발라드,loyalty,2017,1,,,,2017,text,
거미,발라드,loyalty,,0,,,,,none,
거미,발라드,loyalty,2016|2024,2,,,,2024,text,
거미,발라드,loyalty,,0,,,,,none,
거미,발라드,loyalty,2024,1,,,,2024,text,
거미,발라드,loyalty,,0,,,,,none,
거미,발라드,loyalty,,0,,,,,none,
거미,발라드,loyalty,2019,1,,,,2019,text,
거미,발라드,loyalty,,0,,,,,none,
거미,발라드,loyalty,2022|2025,2,,,,2025,text,
거미,발라드,loyalty,2011,1,,,,2011,text,
거미,발라드,loyalty,2019,1,,,,2019,text,
거미,발라드,loyalty,2019,1,,,,2019,text,
거미,발라드,loyalty,,0,,,,,none,
거미,발라드,loyalty,2025,1,,,,2025,text,
거미,발라드,loyalty,,0,,,,,none,
거미,발라드,loyalty,2019,1,,,,2019,text,
거미,발라드,loyalty,,0,,,,,none,
거미,발라드,loyalty,2022|2023,2,,,,2023,text,
거미,발라드,loyalty,,0,,,,,none,
거미,발라드,loyalty,2024,1,,,,2024,text,
거미,발라드,loyalty,,0,,,,,none,
거미,발라드,loyalty,,0,,,,,none,
거미,발라드,loyalty,,0,,,,,none,
거미,발라드,loyalty,,0,,,,,none,
거미,발라드,loyalty,,0,,,,,none,
거미,발라드,loyalty,2019,1,,,,2019,text,
거미,발라드,loyalty,2003,1,,,,2003,text,
거미,발라드,spillover,2019,1,,,,2019,text,
거미,발라드,spillover,2003,1,,,,2003,text,
거미,발라드,spillover,,0,,,,,none,
거미,발라드,spillover,,0,,,,,none,
거미,발라드,spillover,2016,1,,,,2016,text,
거미,발라드,spillover,2005|2017|2019,3,,,,2019,text,
거미,발라드,spillover,2008|2011|2014|2018,4,,,,2018,text,
거미,발라드,spillover,,0,,,,,none,
거미,발라드,spillover,,0,,,,,none,
거미,발라드,spillover,,0,,,,,none,
거미,발라드,spillover,,0,,,,,none,
거미,발라드,spillover,,0,,,,,none,
거미,발라드,spillover,2016,1,,,,2016,text,
거미,발라드,spillover,2011,1,,,,2011,text,
거미,발라드,spillover,2014|2016|2022,3,,,,2022,text,
거미,발라드,spillover,2015|2025,2,,,,2025,text,
거미,발라드,spillover,2013,1,,,,2013,text,
거미,발라드,spillover,2016,1,,,,2016,text,
거미,발라드,spillover,2016|2019,2,,,,2019,text,
거미,발라드,spillover,2019,1,,,,2019,text,
거미,발라드,spillover,,0,,,,,none,
거미,발라드,spillover,2016,1,,,,2016,text,
거미,발라드,spillover,2004,1,,,,2004,text,
거미,발라드,spillover,2008,1,,,,2008,text,
거미,발라드,spillover,2014,1,,,,2014,text,
거미,발라드,spillover,2015,1,,,,2015,text,
거미,발라드,spillover,2016,1,,,,2016,text,
거미,발라드,spillover,2019,1,,,,2019,text,
거미,발라드,spillover,2025,1,,,,2025,text,
거미,발라드,spillover,2025,1,,,,2025,text,
거미,발라드,spillover,2026,1,,,,2026,text,
거미,발라드,spillover,2026,1,,,,2026,text,
거미,발라드,spillover,2025,1,,,,2025,text,
거미,발라드,spillover,2026,1,,,,2026,text,
거미,발라드,spillover,2023,1,,,,2023,text,
거미,발라드,spillover,2026,1,2026-04-03,2026,,2026,text,0
거미,발라드,spillover,,0,,,,,none,
거미,발라드,spillover,,0,,,,,none,
거미,발라드,spillover,,0,2016-03-11,2016,,2016,url,
거미,발라드,spillover,2015,1,,,,2015,text,
거미,발라드,spillover,2016|2019,2,,,,2019,text,
거미,발라드,spillover,2010,1,,,,2010,text,
거미,발라드,spillover,2004,1,,,,2004,text,
거미,발라드,spillover,,0,,,,,none,
거미,발라드,spillover,,0,,,,,none,
거미,발라드,spillover,2010,1,,,,2010,text,
거미,발라드,spillover,2025,1,2025-10-05,2025,,2025,text,0
거미,발라드,spillover,2026,1,,,,2026,text,
거미,발라드,spillover,2016,1,,,,2016,text,
거미,발라드,spillover,,0,2016-04-05,2016,,2016,url,
거미,발라드,spillover,,0,,,,,none,
거미,발라드,spillover,2003,1,,,,2003,text,
거미,발라드,spillover,2020,1,2020-08-06,2020,,2020,text,0
린,발라드,loyalty,2024,1,,,,2024,text,
린,발라드,loyalty,2024,1,,,,2024,text,
린,발라드,loyalty,2025,1,,,,2025,text,
린,발라드,loyalty,2026,1,,,,2026,text,
린,발라드,loyalty,,0,,,,,none,
린,발라드,loyalty,,0,,,,,none,
린,발라드,loyalty,2014|2024,2,,,,2024,text,
린,발라드,loyalty,2024,1,,,,2024,text,
린,발라드,loyalty,2024,1,,,,2024,text,
린,발라드,loyalty,2024,1,,,,2024,text,
린,발라드,loyalty,2025|2026,2,,,,2026,text,
린,발라드,loyalty,2025,1,,,,2025,text,
린,발라드,loyalty,2026,1,,,,2026,text,
린,발라드,loyalty,2025,1,,,,2025,text,
린,발라드,loyalty,2026,1,,,,2026,text,
린,발라드,loyalty,2024,1,,,,2024,text,
린,발라드,loyalty,2024,1,,,,2024,text,
린,발라드,loyalty,2025,1,,,,2025,text,
린,발라드,loyalty,2026,1,,,,2026,text,
린,발라드,loyalty,,0,,,,,none,
린,발라드,loyalty,2024,1,2024-10-02,2024,,2024,text,0
린,발라드,loyalty,2024|2025,2,,,,2025,text,
린,발라드,loyalty,2026,1,,,,2026,text,
린,발라드,spillover,,0,,,,,none,
린,발라드,spillover,2014,1,,,,2014,text,
린,발라드,spillover,2024,1,,,,2024,text,
린,발라드,spillover,2012|2013|2014|2018,4,,,,2018,text,
린,발라드,spillover,2008|2009|2012|2013|2016,5,,,,2016,text,
린,발라드,spillover,2026,1,,,,2026,text,
린,발라드,spillover,,0,,,,,none,
린,발라드,spillover,,0,,,,,none,
린,발라드,spillover,2014,1,,,,2014,text,
린,발라드,spillover,,0,,,,,none,
린,발라드,spillover,2025,1,,,,2025,text,
린,발라드,spillover,2025,1,,,,2025,text,
린,발라드,spillover,2026,1,2026-04-24,2026,,2026,text,0
린,발라드,spillover,2026,1,,,,2026,text,
린,발라드,spillover,2023|2024,2,,,,2024,text,
린,발라드,spillover,2015|2018,2,,,,2018,text,
린,발라드,spillover,2026,1,,,,2026,text,
린,발라드,spillover,2020,1,,,,2020,text,
린,발라드,spillover,2022,1,,,,2022,text,
린,발라드,spillover,2023|2024,2,,,,2024,text,
린,발라드,spillover,2024|2025,2,,,,2025,text,
린,발라드,spillover,2024|2025,2,,,,2025,text,
린,발라드,spillover,2026,1,,,,2026,text,
린,발라드,spillover,,0,,,,,none,
린,발라드,spillover,2012|2014,2,,,,2014,text,
린,발라드,spillover,2016|2021,2,,,,2021,text,
린,발라드,spillover,2026,1,2026-08-23,2026,,2026,text,0
린,발라드,spillover,2026,1,2026-08-23,2026,,2026,text,0
린,발라드,spillover,2023|2024,2,,,,2024,text,
린,발라드,spillover,2024,1,,,,2024,text,
린,발라드,spillover,2024|2025,2,,,,2025,text,
린,발라드,spillover,2004,1,,,,2004,text,
린,발라드,spillover,2014,1,,,,2014,text,
린,발라드,spillover,2015,1,,,,2015,text,
린,발라드,spillover,2026,1,,,,2026,text,
린,발라드,spillover,2026,1,,,,2026,text,
린,발라드,spillover,2026,1,,,,2026,text,
린,발라드,spillover,2026,1,,,,2026,text,
린,발라드,spillover,2025,1,,,,2025,text,
린,발라드,spillover,2024,1,2024-10-02,2024,,2024,text,0
린,발라드,spillover,2026,1,,,,2026,text,
린,발라드,spillover,2026,1,,,,2026,text,
린,발라드,spillover,2012,1,,,,2012,text,
린,발라드,spillover,2014,1,,,,2014,text,
린,발라드,spillover,2012|2014,2,,,,2014,text,
린,발라드,spillover,,0,,,,,none,
린,발라드,spillover,2004,1,,,,2004,text,
린,발라드,spillover,2015|2024,2,,,,2024,text,
린,발라드,spillover,2024,1,2024-10-02,2024,,2024,text,0
린,발라드,spillover,2026,1,,,,2026,text,
린,발라드,spillover,2002|2018,2,,,,2018,text,
린,발라드,spillover,,0,2014-02-17,2014,,2014,url,
린,발라드,spillover,,0,,,0,,none,
린,발라드,spillover,,0,,,,,none,
린,발라드,spillover,2002|2013,2,,,,2013,text,
백지영,발라드,loyalty,,0,,,,,none,
백지영,발라드,loyalty,2000|2001,2,,,,2001,text,
백지영,발라드,loyalty,2013|2019|2020,3,,,,2020,text,
백지영,발라드,loyalty,2000,1,,,,2000,text,
백지영,발라드,loyalty,,0,2014-11,2014,,2014,url,
백지영,발라드,loyalty,,0,,,,,none,
백지영,발라드,loyalty,2013,1,,,,2013,text,
백지영,발라드,loyalty,2024,1,,,,2024,text,
백지영,발라드,loyalty,2025,1,2025-12-30,2025,,2025,text,0
백지영,발라드,loyalty,2025,1,,,,2025,text,
백지영,발라드,loyalty,2013|2014|2016|2017|2018|2019|2020,7,,,,2020,text,
백지영,발라드,loyalty,2000|2024,2,,,,2024,text,
백지영,발라드,loyalty,2025,1,,,,2025,text,
백지영,발라드,loyalty,,0,,,,,none,
백지영,발라드,loyalty,,0,,,,,none,
백지영,발라드,loyalty,2018,1,2018-02-12,2018,,2018,text,0
백지영,발라드,loyalty,,0,,,,,none,
백지영,발라드,loyalty,2014,1,,,,2014,text,
백지영,발라드,loyalty,2014|2016,2,2016-01-08,2016,,2016,text,0
백지영,발라드,loyalty,2018,1,,,,2018,text,
백지영,발라드,loyalty,2018,1,,,,2018,text,
백지영,발라드,loyalty,2020,1,,,,2020,text,
백지영,발라드,loyalty,2026,1,,,,2026,text,
백지영,발라드,loyalty,2018|2020,2,,,,2020,text,
백지영,발라드,spillover,2010,1,,,,2010,text,
백지영,발라드,spillover,,0,,,,,none,
백지영,발라드,spillover,,0,,,,,none,
백지영,발라드,spillover,2006,1,,,0,2006,text,
백지영,발라드,spillover,2000|2008,2,,,,2008,text,
백지영,발라드,spillover,2009|2011,2,,,,2011,text,
백지영,발라드,spillover,2009|2012|2022,3,,,,2022,text,
백지영,발라드,spillover,2025,1,,,,2025,text,
백지영,발라드,spillover,2025,1,,,,2025,text,
백지영,발라드,spillover,2026,1,2026-05-24,2026,,2026,text,0
백지영,발라드,spillover,2013,1,,,,2013,text,
백지영,발라드,spillover,,0,,,,,none,
백지영,발라드,spillover,2025,1,,,,2025,text,
백지영,발라드,spillover,2021,1,,,,2021,text,
백지영,발라드,spillover,2025,1,,,,2025,text,
백지영,발라드,spillover,2026,1,,,,2026,text,
백지영,발라드,spillover,,0,,,,,none,
백지영,발라드,spillover,,0,2016-10-17,2016,0,2016,relative,
백지영,발라드,spillover,,0,2026-05-09,2026,,2026,url,
백지영,발라드,spillover,,0,,,,,none,
백지영,발라드,spillover,2012|2021|2022|2023,4,,,,2023,text,
백지영,발라드,spillover,2020|2021|2022,3,,,,2022,text,
백지영,발라드,spillover,2016|2021|2022,3,,,,2022,text,
백지영,발라드,spillover,2010|2011,2,,,,2011,text,
백지영,발라드,spillover,2013,1,,,,2013,text,
백지영,발라드,spillover,2013,1,,,,2013,text,
백지영,발라드,spillover,2021,1,,,,2021,text,
백지영,발라드,spillover,,0,,,,,none,
백지영,발라드,spillover,2015,1,,,,2015,text,
백지영,발라드,spillover,,0,,,,,none,
백지영,발라드,spillover,2026,1,,,,2026,text,
백지영,발라드,spillover,2010,1,,,,2010,text,
백지영,발라드,spillover,2010,1,,,,2010,text,
백지영,발라드,spillover,,0,,,,,none,
백지영,발라드,spillover,,0,,,,,none,
백지영,발라드,spillover,,0,,,,,none,
백지영,발라드,spillover,2019,1,,,,2019,text,
백지영,발라드,spillover,2026,1,,,,2026,text,
백지영,발라드,spillover,2024,1,,,,2024,text,
백지영,발라드,spillover,2015,1,,,,2015,text,
백지영,발라드,spillover,,0,,,,,none,
백지영,발라드,spillover,2008,1,,,,2008,text,
백지영,발라드,spillover,2026,1,,,,2026,text,
백지영,발라드,spillover,,0,,,,,none,
백지영,발라드,spillover,,0,,,,,none,
백지영,발라드,spillover,,0,,,,,none,
백지영,발라드,spillover,2018,1,2018-03-21,2018,,2018,text,0
백지영,발라드,spillover,,0,2016-12-30,2016,,2016,url,
김동률,발라드,loyalty,2025,1,2025-09-05,2025,,2025,text,0
김동률,발라드,loyalty,2023,1,2025-09-05,2025,,2023,text,-2
김동률,발라드,loyalty,2018,1,,,,2018,text,
김동률,발라드,loyalty,2019,1,,,,2019,text,
김동률,발라드,loyalty,2008,1,,,,2008,text,
김동률,발라드,loyalty,2023|2025,2,,,,2025,text,
김동률,발라드,loyalty,,0,,,,,none,
김동률,발라드,loyalty,,0,,,,,none,
김동률,발라드,loyalty,2023|2025,2,,,,2025,text,
김동률,발라드,loyalty,2008,1,,,,2008,text,
김동률,발라드,loyalty,2025,1,,,,2025,text,
김동률,발라드,loyalty,2023|2025,2,,,,2025,text,
김동률,발라드,loyalty,,0,,,,,none,
김동률,발라드,loyalty,2025,1,,,,2025,text,
김동률,발라드,loyalty,,0,,,0,,none,
김동률,발라드,loyalty,2026,1,,,,2026,text,
김동률,발라드,loyalty,2001|2004|2007|2008|2014|2018,6,,,,2018,text,
김동률,발라드,loyalty,2018,1,2018-06-08,2018,,2018,text,0
김동률,발라드,loyalty,,0,,,,,none,
김동률,발라드,loyalty,2023|2024,2,2024-10-22,2024,,2024,text,0
김동률,발라드,loyalty,2025,1,,,,2025,text,
김동률,발라드,loyalty,,0,,,,,none,
김동률,발라드,loyalty,,0,,,,,none,
김동률,발라드,loyalty,,0,,,,,none,
김동률,발라드,loyalty,2025,1,2025-09-05,2025,,2025,text,0
김동률,발라드,loyalty,2023|2025,2,2025-09-05,2025,,2025,text,0
김동률,발라드,loyalty,2026,1,,,,2026,text,
김동률,발라드,loyalty,2009,1,,,,2009,text,
김동률,발라드,loyalty,2014|2015,2,,,,2015,text,
김동률,발라드,loyalty,2015,1,,,,2015,text,
김동률,발라드,loyalty,2018,1,,,,2018,text,
김동률,발라드,loyalty,2019,1,,,,2019,text,
김동률,발라드,loyalty,2008,1,,,,2008,text,
김동률,발라드,loyalty,2018,1,,,,2018,text,
김동률,발라드,loyalty,2025,1,,,,2025,text,
김동률,발라드,loyalty,,0,,,,,none,
김동률,발라드,loyalty,2026,1,,,,2026,text,
김동률,발라드,spillover,2014,1,,,,2014,text,
김동률,발라드,spillover,,0,2025-09-05,2025,,2025,url,
김동률,발라드,spillover,,0,,,,,none,
김동률,발라드,spillover,2001|2008,2,,,,2008,text,
김동률,발라드,spillover,2000,1,,,,2000,text,
김동률,발라드,spillover,2000|2001|2004|2008|2014,5,,,,2014,text,
김동률,발라드,spillover,2008,1,,,,2008,text,
김동률,발라드,spillover,2026,1,,,,2026,text,
김동률,발라드,spillover,2014,1,,,,2014,text,
김동률,발라드,spillover,2004,1,,,,2004,text,
김동률,발라드,spillover,2005|2007,2,,,,2007,text,
김동률,발라드,spillover,2012,1,,,,2012,text,
김동률,발라드,spillover,2005|2007,2,,,,2007,text,
김동률,발라드,spillover,2010,1,,,,2010,text,
김동률,발라드,spillover,2000,1,,,,2000,text,
김동률,발라드,spillover,2026,1,,,,2026,text,
김동률,발라드,spillover,,0,,,,,none,
김동률,발라드,spillover,,0,,,,,none,
김동률,발라드,spillover,,0,,,,,none,
김동률,발라드,spillover,2007,1,,,,2007,text,
김동률,발라드,spillover,2008|2009,2,,,,2009,text,
김동률,발라드,spillover,2015,1,,,0,2015,text,
김동률,발라드,spillover,2005|2007,2,,,,2007,text,
김동률,발라드,spillover,2024,1,,,,2024,text,
김동률,발라드,spillover,,0,,,,,none,
김동률,발라드,spillover,2025,1,,,,2025,text,
김동률,발라드,spillover,,0,,,,,none,
김동률,발라드,spillover,2019|2026,2,,,,2026,text,
김동률,발라드,spillover,2001,1,,,,2001,text,
김동률,발라드,spillover,2014,1,,,,2014,text,
김동률,발라드,spillover,2015,1,,,0,2015,text,
김동률,발라드,spillover,2008,1,,,,2008,text,
김동률,발라드,spillover,2009,1,,,,2009,text,
김동률,발라드,spillover,,0,,,,,none,
김동률,발라드,spillover,,0,,,,,none,
김동률,발라드,spillover,2005|2007,2,,,,2007,text,
김동률,발라드,spillover,,0,,,,,none,
김동률,발라드,spillover,2004|2007|2008|2009|2014|2018,6,,,,2018,text,
김동률,발라드,spillover,2025,1,,,,2025,text,
김동률,발라드,spillover,,0,,,,,none,
김동률,발라드,spillover,,0,,,,,none,
김동률,발라드,spillover,,0,,,,,none,
김동률,발라드,spillover,,0,,,,,none,
김동률,발라드,spillover,,0,2018-01,2018,,2018,url,
김동률,발라드,spillover,,0,,,,,none,
김동률,발라드,spillover,,0,,,,,none,
조용필,발라드,loyalty,2025,1,,,,2025,text,
조용필,발라드,loyalty,,0,,,,,none,
조용필,발라드,loyalty,,0,,,,,none,
조용필,발라드,loyalty,,0,,,,,none,
조용필,발라드,loyalty,2025|2026,2,,,,2026,text,
조용필,발라드,loyalty,,0,,,,,none,
조용필,발라드,loyalty,,0,,,,,none,
조용필,발라드,loyalty,,0,,,,,none,
조용필,발라드,loyalty,2024,1,,,,2024,text,
조용필,발라드,loyalty,2025,1,,,,2025,text,
조용필,발라드,loyalty,2013,1,,,,2013,text,
조용필,발라드,loyalty,2024|2026,2,,,,2026,text,
조용필,발라드,loyalty,2001|2026,2,,,,2026,text,
조용필,발라드,loyalty,2025,1,,,,2025,text,
조용필,발라드,loyalty,2025,1,,,,2025,text,
조용필,발라드,loyalty,2024,1,,,,2024,text,
조용필,발라드,loyalty,2025,1,,,,2025,text,
조용필,발라드,loyalty,2007,1,,,,2007,text,
조용필,발라드,loyalty,2009,1,,,,2009,text,
조용필,발라드,loyalty,,0,,,,,none,
조용필,발라드,loyalty,2021,1,,,,2021,text,
조용필,발라드,loyalty,,0,,,,,none,
조용필,발라드,loyalty,,0,2024-10-24,2024,,2024,url,
조용필,발라드,loyalty,,0,,,,,none,
조용필,발라드,loyalty,,0,,,,,none,
조용필,발라드,loyalty,2003,1,,,,2003,text,
조용필,발라드,loyalty,,0,,,,,none,
조용필,발라드,loyalty,,0,,,,,none,
조용필,발라드,spillover,,0,,,,,none,
조용필,발라드,spillover,,0,,,,,none,
조용필,발라드,spillover,,0,,,,,none,
조용필,발라드,spillover,,0,,,,,none,
조용필,발라드,spillover,2013,1,,,,2013,text,
조용필,발라드,spillover,,0,,,,,none,
조용필,발라드,spillover,2013,1,,,0,2013,text,
조용필,발라드,spillover,2005,1,,,,2005,text,
조용필,발라드,spillover,2013|2024,2,,,,2024,text,
조용필,발라드,spillover,2024,1,,,,2024,text,
조용필,발라드,spillover,2025,1,,,,2025,text,
조용필,발라드,spillover,,0,,,,,none,
조용필,발라드,spillover,2013,1,,,,2013,text,
조용필,발라드,spillover,,0,,,,,none,
조용필,발라드,spillover,,0,,,,,none,
조용필,발라드,spillover,,0,,,,,none,
조용필,발라드,spillover,,0,,,,,none,
조용필,발라드,spillover,,0,,,,,none,
조용필,발라드,spillover,2025,1,,,,2025,text,
조용필,발라드,spillover,,0,,,,,none,
조용필,발라드,spillover,,0,,,,,none,
조용필,발라드,spillover,2013,1,,,,2013,text,
조용필,발라드,spillover,,0,,,,,none,
조용필,발라드,spillover,,0,2025-10-08,2025,,2025,url,
조용필,발라드,spillover,2013,1,,,,2013,text,
조용필,발라드,spillover,,0,,,,,none,
조용필,발라드,spillover,2003,1,,,,2003,text,
조용필,발라드,spillover,2013,1,,,,2013,text,
조용필,발라드,spillover,,0,,,,,none,
조용필,발라드,spillover,,0,,,,,none,
조용필,발라드,spillover,,0,,,,,none,
조용필,발라드,spillover,2013,1,,,,2013,text,
조용필,발라드,spillover,,0,,,0,,none,
조용필,발라드,spillover,2026,1,,,,2026,text,
조용필,발라드,spillover,,0,,,,,none,
조용필,발라드,spillover,,0,,,,,none,
조용필,발라드,spillover,,0,,,,,none,
조용필,발라드,spillover,,0,,,,,none,
조용필,발라드,spillover,,0,,,,,none,
조용필,발라드,spillover,,0,,,,,none,
조용필,발라드,spillover,,0,,,,,none,
조용필,발라드,spillover,,0,,,,,none,
조용필,발라드,spillover,,0,,,,,none,
조용필,발라드,spillover,,0,,,,,none,
조용필,발라드,spillover,,0,,,,,none,
조용필,발라드,spillover,,0,,,,,none,
조용필,발라드,spillover,,0,,,,,none,
조용필,발라드,spillover,,0,,,,,none,
조용필,발라드,spillover,,0,,,,,none,
조용필,발라드,spillover,2026,1,,,,2026,text,
조용필,발라드,spillover,,0,,,,,none,
조용필,발라드,spillover,2018,1,2018-03-21,2018,,2018,text,0
조용필,발라드,spillover,,0,,,,,none,
박효신,발라드,loyalty,2025,1,,,,2025,text,
박효신,발라드,loyalty,2026,1,,,,2026,text,
박효신,발라드,loyalty,,0,,,,,none,
박효신,발라드,loyalty,,0,,,,,none,
박효신,발라드,loyalty,2004,1,,,,2004,text,
박효신,발라드,loyalty,2016,1,2018-01-13,2018,,2016,text,-2
박효신,발라드,loyalty,2014,1,2018-01-13,2018,,2014,text,-4
박효신,발라드,loyalty,2009,1,,,,2009,text,
박효신,발라드,loyalty,2025,1,2025-11-14,2025,,2025,text,0
박효신,발라드,loyalty,2026,1,,,,2026,text,
박효신,발라드,loyalty,2026,1,,,,2026,text,
박효신,발라드,loyalty,2026,1,,,,2026,text,
박효신,발라드,loyalty,,0,,,,,none,
박효신,발라드,loyalty,2026,1,,,,2026,text,
박효신,발라드,loyalty,2026,1,,,,2026,text,
박효신,발라드,loyalty,2010|2012,2,,,,2012,text,
박효신,발라드,loyalty,2023,1,,,,2023,text,
박효신,발라드,loyalty,,0,,,,,none,
박효신,발라드,loyalty,2019,1,,,,2019,text,
박효신,발라드,loyalty,,0,,,,,none,
박효신,발라드,loyalty,2016,1,,,,2016,text,
박효신,발라드,loyalty,2018,1,,,,2018,text,
박효신,발라드,loyalty,2016,1,,,,2016,text,
박효신,발라드,loyalty,,0,,,,,none,
박효신,발라드,loyalty,2020,1,2020-03-02,2020,,2020,text,0
박효신,발라드,loyalty,2025,1,,,,2025,text,
박효신,발라드,loyalty,2025,1,2025-11-14,2025,,2025,text,0
박효신,발라드,loyalty,2026,1,2026-04-13,2026,,2026,text,0
박효신,발라드,loyalty,2019,1,,,,2019,text,
박효신,발라드,loyalty,2019,1,,,,2019,text,
박효신,발라드,loyalty,2009|2014,2,,,,2014,text,
박효신,발라드,loyalty,2002,1,,,,2002,text,
박효신,발라드,loyalty,2015,1,,,,2015,text,
박효신,발라드,loyalty,2011|2019,2,,,,2019,text,
박효신,발라드,loyalty,2014|2015|2018,3,,,,2018,text,
박효신,발라드,loyalty,,0,,,,,none,
박효신,발라드,loyalty,2026,1,2026-06,2026,,2026,text,0
박효신,발라드,spillover,,0,,,,,none,
박효신,발라드,spillover,,0,,,,,none,
박효신,발라드,spillover,,0,,,,,none,
박효신,발라드,spillover,2009,1,,,,2009,text,
박효신,발라드,spillover,2000|2014,2,,,,2014,text,
박효신,발라드,spillover,2018|2019|2024,3,,,,2024,text,
박효신,발라드,spillover,2002|2004|2007,3,,,,2007,text,
박효신,발라드,spillover,2014,1,,,,2014,text,
박효신,발라드,spillover,,0,2024-12-26,2024,,2024,url,
박효신,발라드,spillover,,0,,,,,none,
박효신,발라드,spillover,,0,,,,,none,
박효신,발라드,spillover,2004,1,,,,2004,text,
박효신,발라드,spillover,2000,1,,,,2000,text,
박효신,발라드,spillover,2008,1,,,,2008,text,
박효신,발라드,spillover,2018,1,,,,2018,text,
박효신,발라드,spillover,,0,,,,,none,
박효신,발라드,spillover,,0,2017-08-13,2017,,2017,url,
박효신,발라드,spillover,2026,1,,,,2026,text,
박효신,발라드,spillover,2019,1,,,,2019,text,
박효신,발라드,spillover,2013|2019,2,,,,2019,text,
박효신,발라드,spillover,,0,,,,,none,
박효신,발라드,spillover,2022,1,,,,2022,text,
박효신,발라드,spillover,2016|2026,2,,,,2026,text,
박효신,발라드,spillover,,0,,,,,none,
박효신,발라드,spillover,2022,1,,,,2022,text,
박효신,발라드,spillover,2022,1,2022-11-16,2022,,2022,text,0
박효신,발라드,spillover,2026,1,,,,2026,text,
박효신,발라드,spillover,,0,,,,,none,
박효신,발라드,spillover,,0,,,,,none,
박효신,발라드,spillover,2024,1,,,1,2024,text,
박효신,발라드,spillover,2025,1,,,,2025,text,
박효신,발라드,spillover,,0,,,,,none,
박효신,발라드,spillover,,0,,,,,none,
박효신,발라드,spillover,2017,1,,,0,2017,text,
박효신,발라드,spillover,,0,,,,,none,
박효신,발라드,spillover,,0,,,,,none,
박효신,발라드,spillover,2010,1,,,,2010,text,
박효신,발라드,spillover,,0,,,,,none,
박효신,발라드,spillover,2009,1,,,,2009,text,
박효신,발라드,spillover,2017,1,,,,2017,text,
박효신,발라드,spillover,,0,2017-11-08,2017,,2017,url,
박효신,발라드,spillover,2026,1,,,,2026,text,
박효신,발라드,spillover,,0,,,,,none,
박효신,발라드,spillover,,0,,,,,none,
박효신,발라드,spillover,,0,,,,,none,
박효신,발라드,spillover,2026,1,2026-02-03,2026,,2026,text,0
박효신,발라드,spillover,2019,1,2019-05,2019,,2019,text,0
박효신,발라드,spillover,,0,,,,,none,
박효신,발라드,spillover,2022,1,2022-07,2022,,2022,text,0
박효신,발라드,spillover,2016,1,,,,2016,text,
박효신,발라드,spillover,2026,1,2026-04,2026,,2026,text,0
박효신,발라드,spillover,2019|2026,2,2026-01,2026,,2026,text,0
박효신,발라드,spillover,,0,2025-01,2025,,2025,url,
박효신,발라드,spillover,2009,1,,,,2009,text,
박정현,발라드,loyalty,,0,,,,,none,
박정현,발라드,loyalty,2011,1,,,,2011,text,
박정현,발라드,loyalty,,0,,,0,,none,
박정현,발라드,loyalty,,0,,,,,none,
박정현,발라드,loyalty,2022,1,,,,2022,text,
박정현,발라드,loyalty,,0,,,,,none,
박정현,발라드,loyalty,2000,1,,,,2000,text,
박정현,발라드,loyalty,2002,1,,,,2002,text,
박정현,발라드,loyalty,,0,,,,,none,
박정현,발라드,loyalty,2024,1,,,,2024,text,
박정현,발라드,loyalty,2017|2022,2,,,,2022,text,
박정현,발라드,loyalty,,0,,,,,none,
박정현,발라드,loyalty,,0,,,,,none,
박정현,발라드,loyalty,,0,,,,,none,
박정현,발라드,loyalty,2025,1,,,,2025,text,
박정현,발라드,loyalty,2025,1,,,,2025,text,
박정현,발라드,loyalty,,0,,,,,none,
박정현,발라드,loyalty,2002,1,,,,2002,text,
박정현,발라드,spillover,2002,1,,,,2002,text,
박정현,발라드,spillover,,0,,,,,none,
박정현,발라드,spillover,,0,,,,,none,
박정현,발라드,spillover,,0,,,,,none,
박정현,발라드,spillover,2013,1,,,,2013,text,
박정현,발라드,spillover,2002,1,,,,2002,text,
박정현,발라드,spillover,2011,1,,,,2011,text,
박정현,발라드,spillover,2011,1,2011-08-15,2011,,2011,text,0
박정현,발라드,spillover,2022,1,,,,2022,text,
박정현,발라드,spillover,,0,,,,,none,
박정현,발라드,spillover,2012|2013,2,,,,2013,text,
박정현,발라드,spillover,2002|2019,2,,,,2019,text,
박정현,발라드,spillover,,0,,,,,none,
박정현,발라드,spillover,,0,2011-08-15,2011,,2011,url,
박정현,발라드,spillover,,0,,,,,none,
박정현,발라드,spillover,,0,2019-02-15,2019,,2019,url,
박정현,발라드,spillover,2002,1,,,,2002,text,
박정현,발라드,spillover,,0,,,,,none,
박정현,발라드,spillover,,0,,,,,none,
박정현,발라드,spillover,2000|2002|2005|2007,4,,,,2007,text,
박정현,발라드,spillover,2026,1,,,,2026,text,
박정현,발라드,spillover,,0,2025-06-29,2025,,2025,url,
박정현,발라드,spillover,2025,1,,,,2025,text,
박정현,발라드,spillover,2011,1,,,,2011,text,
박정현,발라드,spillover,2009|2010,2,,,,2010,text,
박정현,발라드,spillover,2011,1,,,,2011,text,
박정현,발라드,spillover,2025,1,,,,2025,text,
박정현,발라드,spillover,2024,1,,,,2024,text,
박정현,발라드,spillover,,0,,,,,none,
박정현,발라드,spillover,2013,1,,,,2013,text,
박정현,발라드,spillover,2015,1,,,,2015,text,
박정현,발라드,spillover,2019,1,,,,2019,text,
박정현,발라드,spillover,2024,1,,,,2024,text,
박정현,발라드,spillover,2011,1,,,,2011,text,
박정현,발라드,spillover,2009,1,,,,2009,text,
박정현,발라드,spillover,2014,1,,,,2014,text,
박정현,발라드,spillover,2006,1,,,,2006,text,
박정현,발라드,spillover,2016,1,,,,2016,text,
박정현,발라드,spillover,2012,1,,,,2012,text,
박정현,발라드,spillover,2012,1,,,,2012,text,
박정현,발라드,spillover,2013,1,,,,2013,text,
박정현,발라드,spillover,,0,,,,,none,
박정현,발라드,spillover,,0,,,,,none,
박정현,발라드,spillover,2011,1,,,,2011,text,
박정현,발라드,spillover,2009,1,,,,2009,text,
박정현,발라드,spillover,2010,1,,,,2010,text,
박정현,발라드,spillover,2011,1,,,,2011,text,
박정현,발라드,spillover,2010,1,,,,2010,text,
박정현,발라드,spillover,2004|2005,2,,,,2005,text,
박정현,발라드,spillover,,0,,,,,none,
박정현,발라드,spillover,,0,,,,,none,
박정현,발라드,spillover,,0,2017-04-12,2017,,2017,url,
빅마마,발라드,loyalty,2003,1,,,,2003,text,
빅마마,발라드,loyalty,,0,,,,,none,
빅마마,발라드,loyalty,2022,1,,,,2022,text,
빅마마,발라드,loyalty,2023,1,,,,2023,text,
빅마마,발라드,loyalty,,0,,,,,none,
빅마마,발라드,loyalty,2003,1,,,,2003,text,
빅마마,발라드,loyalty,2012|2021,2,,,,2021,text,
빅마마,발라드,loyalty,2003,1,,,,2003,text,
빅마마,발라드,loyalty,2003,1,,,,2003,text,
빅마마,발라드,loyalty,2005,1,,,,2005,text,
빅마마,발라드,loyalty,2006,1,,,,2006,text,
빅마마,발라드,loyalty,2005,1,,,,2005,text,
빅마마,발라드,loyalty,2006,1,,,,2006,text,
빅마마,발라드,loyalty,2010,1,,,,2010,text,
빅마마,발라드,loyalty,2012|2021,2,,,,2021,text,
빅마마,발라드,loyalty,2022,1,,,,2022,text,
빅마마,발라드,loyalty,2003,1,,,,2003,text,
빅마마,발라드,loyalty,2022|2023,2,,,,2023,text,
빅마마,발라드,loyalty,,0,,,,,none,
빅마마,발라드,loyalty,,0,,,,,none,
빅마마,발라드,loyalty,2024,1,,,,2024,text,
빅마마,발라드,loyalty,2022,1,,,,2022,text,
빅마마,발라드,loyalty,2023,1,,,,2023,text,
빅마마,발라드,loyalty,2003,1,,,,2003,text,
빅마마,발라드,loyalty,,0,,,,,none,
빅마마,발라드,loyalty,,0,,,,,none,
빅마마,발라드,loyalty,,0,,,,,none,
빅마마,발라드,loyalty,2021,1,,,,2021,text,
빅마마,발라드,loyalty,2022,1,,,,2022,text,
빅마마,발라드,loyalty,2023,1,,,,2023,text,
빅마마,발라드,loyalty,,0,,,,,none,
빅마마,발라드,spillover,,0,,,,,none,
빅마마,발라드,spillover,,0,,,,,none,
빅마마,발라드,spillover,,0,,,,,none,
빅마마,발라드,spillover,,0,,,,,none,
빅마마,발라드,spillover,,0,,,,,none,
빅마마,발라드,spillover,2005,1,,,0,2005,text,
빅마마,발라드,spillover,2010,1,,,,2010,text,
빅마마,발라드,spillover,2004,1,,,0,2004,text,
빅마마,발라드,spillover,2010,1,,,,2010,text,
빅마마,발라드,spillover,2010,1,,,,2010,text,
빅마마,발라드,spillover,2011,1,,,,2011,text,
빅마마,발라드,spillover,2021,1,,,,2021,text,
빅마마,발라드,spillover,2022,1,,,,2022,text,
빅마마,발라드,spillover,,0,,,,,none,
빅마마,발라드,spillover,2003|2004,2,,,,2004,text,
빅마마,발라드,spillover,2024,1,,,,2024,text,
빅마마,발라드,spillover,,0,,,,,none,
빅마마,발라드,spillover,,0,,,,,none,
빅마마,발라드,spillover,,0,,,,,none,
빅마마,발라드,spillover,,0,,,,,none,
빅마마,발라드,spillover,2023,1,2023-04-03,2023,,2023,text,0
빅마마,발라드,spillover,,0,,,,,none,
빅마마,발라드,spillover,,0,,,,,none,
빅마마,발라드,spillover,2025,1,,,,2025,text,
빅마마,발라드,spillover,2021,1,,,,2021,text,
빅마마,발라드,spillover,2024,1,,,,2024,text,
빅마마,발라드,spillover,2021,1,,,,2021,text,
빅마마,발라드,spillover,2021,1,,,,2021,text,
빅마마,발라드,spillover,2020,1,,,,2020,text,
빅마마,발라드,spillover,2007|2011,2,,,,2011,text,
빅마마,발라드,spillover,,0,,,,,none,
빅마마,발라드,spillover,2004,1,,,0,2004,text,
빅마마,발라드,spillover,2021,1,,,,2021,text,
빅마마,발라드,spillover,2022,1,,,,2022,text,
빅마마,발라드,spillover,2021,1,,,,2021,text,
빅마마,발라드,spillover,2021,1,,,,2021,text,
빅마마,발라드,spillover,2003,1,,,,2003,text,
빅마마,발라드,spillover,2004,1,,,0,2004,text,
빅마마,발라드,spillover,2005,1,,,0,2005,text,
빅마마,발라드,spillover,,0,,,,,none,
빅마마,발라드,spillover,2021,1,,,,2021,text,
빅마마,발라드,spillover,,0,,,,,none,
다비치,발라드,loyalty,,0,,,,,none,
다비치,발라드,loyalty,2026,1,,,,2026,text,
다비치,발라드,loyalty,,0,,,,,none,
다비치,발라드,loyalty,,0,,,,,none,
다비치,발라드,loyalty,,0,,,,,none,
다비치,발라드,loyalty,2015,1,,,,2015,text,
다비치,발라드,loyalty,,0,,,,,none,
다비치,발라드,loyalty,,0,,,,,none,
다비치,발라드,loyalty,2008,1,,,,2008,text,
다비치,발라드,loyalty,2026,1,,,,2026,text,
다비치,발라드,loyalty,,0,,,,,none,
다비치,발라드,loyalty,2011,1,,,,2011,text,
다비치,발라드,loyalty,2013,1,,,,2013,text,
다비치,발라드,loyalty,2026,1,,,,2026,text,
다비치,발라드,loyalty,2013|2014|2016,3,,,,2016,text,
다비치,발라드,loyalty,2009,1,,,,2009,text,
다비치,발라드,loyalty,,0,,,,,none,
다비치,발라드,loyalty,,0,,,,,none,
다비치,발라드,loyalty,2026,1,,,,2026,text,
다비치,발라드,loyalty,2026,1,,,,2026,text,
다비치,발라드,loyalty,2025|2026,2,,,,2026,text,
다비치,발라드,loyalty,2026,1,,,,2026,text,
다비치,발라드,loyalty,,0,,,,,none,
다비치,발라드,loyalty,2009,1,,,,2009,text,
다비치,발라드,loyalty,2022,1,,,,2022,text,
다비치,발라드,loyalty,,0,2023-08-29,2023,,2023,url,
다비치,발라드,loyalty,,0,,,,,none,
다비치,발라드,loyalty,2018|2019,2,,,,2019,text,
다비치,발라드,loyalty,,0,,,,,none,
다비치,발라드,spillover,,0,,,,,none,
다비치,발라드,spillover,,0,,,,,none,
다비치,발라드,spillover,,0,,,,,none,
다비치,발라드,spillover,,0,,,,,none,
다비치,발라드,spillover,2016,1,,,,2016,text,
다비치,발라드,spillover,,0,,,,,none,
다비치,발라드,spillover,2013,1,,,,2013,text,
다비치,발라드,spillover,2008,1,,,0,2008,text,
다비치,발라드,spillover,2013,1,,,,2013,text,
다비치,발라드,spillover,2016,1,,,,2016,text,
다비치,발라드,spillover,2016,1,,,,2016,text,
다비치,발라드,spillover,2012|2013|2014,3,,,,2014,text,
다비치,발라드,spillover,2011|2013,2,,,,2013,text,
다비치,발라드,spillover,2012|2013|2014|2016|2026,5,,,,2026,text,
다비치,발라드,spillover,,0,,,,,none,
다비치,발라드,spillover,2018,1,,,,2018,text,
다비치,발라드,spillover,,0,,,,,none,
다비치,발라드,spillover,2019,1,,,,2019,text,
다비치,발라드,spillover,,0,,,,,none,
다비치,발라드,spillover,2026,1,,,,2026,text,
다비치,발라드,spillover,2023,1,,,,2023,text,
다비치,발라드,spillover,,0,,,,,none,
다비치,발라드,spillover,2026,1,,,,2026,text,
다비치,발라드,spillover,2025,1,,,,2025,text,
다비치,발라드,spillover,,0,,,,,none,
다비치,발라드,spillover,2024,1,,,,2024,text,
다비치,발라드,spillover,2026,1,,,,2026,text,
다비치,발라드,spillover,2022,1,,,,2022,text,
다비치,발라드,spillover,2016,1,,,,2016,text,
다비치,발라드,spillover,2014,1,,,,2014,text,
다비치,발라드,spillover,2013,1,,,,2013,text,
다비치,발라드,spillover,2012,1,,,,2012,text,
다비치,발라드,spillover,,0,,,,,none,
다비치,발라드,spillover,,0,,,,,none,
다비치,발라드,spillover,,0,,,,,none,
다비치,발라드,spillover,,0,,,,,none,
다비치,발라드,spillover,2008,1,,,,2008,text,
다비치,발라드,spillover,2025,1,2025-06-27,2025,,2025,text,0
다비치,발라드,spillover,2024,1,,,,2024,text,
다비치,발라드,spillover,2003,1,,,,2003,text,
다비치,발라드,spillover,,0,,,,,none,
다비치,발라드,spillover,,0,,,,,none,
다비치,발라드,spillover,2013,1,,,,2013,text,
다비치,발라드,spillover,2014,1,,,,2014,text,
다비치,발라드,spillover,2016,1,,,,2016,text,
다비치,발라드,spillover,2019,1,,,,2019,text,
다비치,발라드,spillover,,0,,,,,none,
다비치,발라드,spillover,2026,1,,,,2026,text,
다비치,발라드,spillover,2019,1,2019-11-30,2019,,2019,text,0
다비치,발라드,spillover,2018,1,2018-11,2018,,2018,text,0
다비치,발라드,spillover,2019,1,2019-11,2019,,2019,text,0
로이킴,발라드,loyalty,2026,1,,,,2026,text,
로이킴,발라드,loyalty,2013,1,,,,2013,text,
로이킴,발라드,loyalty,,0,,,,,none,
로이킴,발라드,loyalty,,0,,,,,none,
로이킴,발라드,loyalty,2015,1,,,,2015,text,
로이킴,발라드,loyalty,2022,1,,,,2022,text,
로이킴,발라드,loyalty,2012,1,,,,2012,text,
로이킴,발라드,loyalty,2026,1,,,,2026,text,
로이킴,발라드,loyalty,,0,,,,,none,
로이킴,발라드,loyalty,2018,1,,,,2018,text,
로이킴,발라드,loyalty,2013|2014|2015|2022,4,,,,2022,text,
로이킴,발라드,loyalty,2020|2021|2022,3,,,,2022,text,
로이킴,발라드,loyalty,,0,,,,,none,
로이킴,발라드,loyalty,2015|2022,2,,,,2022,text,
로이킴,발라드,loyalty,2026,1,,,,2026,text,
로이킴,발라드,loyalty,2026,1,,,,2026,text,
로이킴,발라드,loyalty,2024|2025,2,,,,2025,text,
로이킴,발라드,loyalty,2026,1,,,,2026,text,
로이킴,발라드,loyalty,2026,1,,,,2026,text,
로이킴,발라드,loyalty,,0,,,,,none,
로이킴,발라드,loyalty,2016,1,,,,2016,text,
로이킴,발라드,loyalty,2026,1,,,,2026,text,
로이킴,발라드,loyalty,,0,2024-10-20,2024,,2024,url,
로이킴,발라드,loyalty,,0,,,,,none,
로이킴,발라드,loyalty,,0,,,,,none,
로이킴,발라드,loyalty,,0,,,,,none,
로이킴,발라드,loyalty,2022,1,,,,2022,text,
로이킴,발라드,loyalty,2026,1,,,,2026,text,
로이킴,발라드,loyalty,2026,1,,,,2026,text,
로이킴,발라드,loyalty,2022|2025|2026,3,,,,2026,text,
로이킴,발라드,spillover,2016,1,,,,2016,text,
로이킴,발라드,spillover,2013,1,,,,2013,text,
로이킴,발라드,spillover,,0,,,,,none,
로이킴,발라드,spillover,2026,1,,,,2026,text,
로이킴,발라드,spillover,2018,1,,,,2018,text,
로이킴,발라드,spillover,,0,,,,,none,
로이킴,발라드,spillover,2012,1,,,,2012,text,
로이킴,발라드,spillover,2013,1,,,,2013,text,
로이킴,발라드,spillover,2014,1,,,,2014,text,
로이킴,발라드,spillover,2015,1,,,,2015,text,
로이킴,발라드,spillover,2018,1,,,,2018,text,
로이킴,발라드,spillover,2016,1,,,,2016,text,
로이킴,발라드,spillover,2013|2026,2,,,,2026,text,
로이킴,발라드,spillover,2013,1,,,,2013,text,
로이킴,발라드,spillover,2025,1,,,,2025,text,
로이킴,발라드,spillover,,0,,,,,none,
로이킴,발라드,spillover,2024,1,,,,2024,text,
로이킴,발라드,spillover,2013,1,,,,2013,text,
로이킴,발라드,spillover,2014,1,,,,2014,text,
로이킴,발라드,spillover,2018,1,,,,2018,text,
로이킴,발라드,spillover,2019,1,2019-04-19,2019,,2019,text,0
로이킴,발라드,spillover,,0,,,,,none,
로이킴,발라드,spillover,,0,2026-05-20,2026,,2026,url,
로이킴,발라드,spillover,,0,,,,,none,
로이킴,발라드,spillover,2025,1,,,,2025,text,
로이킴,발라드,spillover,2025,1,2025-07-22,2025,,2025,text,0
로이킴,발라드,spillover,2026,1,,,,2026,text,
로이킴,발라드,spillover,2025,1,,,,2025,text,
로이킴,발라드,spillover,2025,1,,,,2025,text,
로이킴,발라드,spillover,2026,1,,,,2026,text,
로이킴,발라드,spillover,2025,1,,,,2025,text,
로이킴,발라드,spillover,2026,1,,,,2026,text,
로이킴,발라드,spillover,2026,1,,,,2026,text,
로이킴,발라드,spillover,2018,1,,,,2018,text,
로이킴,발라드,spillover,2022,1,,,,2022,text,
로이킴,발라드,spillover,2012,1,,,,2012,text,
로이킴,발라드,spillover,2018,1,,,,2018,text,
로이킴,발라드,spillover,2022,1,,,,2022,text,
로이킴,발라드,spillover,2022,1,,,,2022,text,
로이킴,발라드,spillover,2022,1,,,,2022,text,
로이킴,발라드,spillover,2013,1,,,,2013,text,
로이킴,발라드,spillover,2015,1,,,,2015,text,
로이킴,발라드,spillover,2014,1,,,,2014,text,
로이킴,발라드,spillover,2014|2018,2,,,,2018,text,
로이킴,발라드,spillover,2026,1,,,,2026,text,
로이킴,발라드,spillover,2026,1,,,,2026,text,
로이킴,발라드,spillover,2026,1,,,,2026,text,
로이킴,발라드,spillover,2013,1,,,,2013,text,
로이킴,발라드,spillover,2013,1,,,,2013,text,
로이킴,발라드,spillover,2013,1,,,,2013,text,
로이킴,발라드,spillover,2013,1,,,,2013,text,
로이킴,발라드,spillover,2013,1,,,,2013,text,
로이킴,발라드,spillover,2024,1,,,,2024,text,
로이킴,발라드,spillover,2025,1,,,,2025,text,
로이킴,발라드,spillover,2022,1,,,,2022,text,
로이킴,발라드,spillover,,0,,,,,none,
로이킴,발라드,spillover,2025,1,,,,2025,text,
로이킴,발라드,spillover,,0,,,,,none,
로이킴,발라드,spillover,,0,2019-04,2019,,2019,url,
sg워너비,발라드,loyalty,,0,,,,,none,
sg워너비,발라드,loyalty,2005|2007,2,,,,2007,text,
sg워너비,발라드,loyalty,2006|2008|2009,3,,,,2009,text,
sg워너비,발라드,loyalty,2009,1,,,,2009,text,
sg워너비,발라드,loyalty,,0,,,,,none,
sg워너비,발라드,loyalty,2004|2016,2,,,,2016,text,
sg워너비,발라드,loyalty,2021,1,,,,2021,text,
sg워너비,발라드,loyalty,,0,,,,,none,
sg워너비,발라드,loyalty,2023|2024,2,,,,2024,text,
sg워너비,발라드,loyalty,2021,1,,,,2021,text,
sg워너비,발라드,loyalty,2006|2008,2,,,,2008,text,
sg워너비,발라드,loyalty,2009,1,,,,2009,text,
sg워너비,발라드,loyalty,,0,,,,,none,
sg워너비,발라드,loyalty,2024,1,,,,2024,text,
sg워너비,발라드,loyalty,2024,1,,,,2024,text,
sg워너비,발라드,loyalty,2023,1,,,,2023,text,
sg워너비,발라드,loyalty,,0,,,,,none,
sg워너비,발라드,loyalty,,0,,,,,none,
sg워너비,발라드,loyalty,,0,,,,,none,
sg워너비,발라드,loyalty,,0,,,,,none,
sg워너비,발라드,loyalty,,0,,,,,none,
sg워너비,발라드,loyalty,2023,1,,,,2023,text,
sg워너비,발라드,loyalty,2004,1,,,,2004,text,
sg워너비,발라드,loyalty,2005|2007,2,,,,2007,text,
sg워너비,발라드,loyalty,2009,1,,,,2009,text,
sg워너비,발라드,loyalty,2011,1,,,,2011,text,
sg워너비,발라드,loyalty,2022|2025,2,,,,2025,text,
sg워너비,발라드,loyalty,,0,,,,,none,
sg워너비,발라드,loyalty,,0,,,,,none,
sg워너비,발라드,loyalty,2026,1,,,,2026,text,
sg워너비,발라드,loyalty,2011|2026,2,2026-05-26,2026,,2026,text,0
sg워너비,발라드,loyalty,2016,1,,,0,2016,text,
sg워너비,발라드,loyalty,2017|2021,2,,,,2021,text,
sg워너비,발라드,loyalty,2012|2015,2,,,,2015,text,
sg워너비,발라드,loyalty,2007|2008|2011,3,,,,2011,text,
sg워너비,발라드,loyalty,2026,1,,,,2026,text,
sg워너비,발라드,spillover,,0,,,,,none,
sg워너비,발라드,spillover,,0,,,,,none,
sg워너비,발라드,spillover,2000,1,,,,2000,text,
sg워너비,발라드,spillover,,0,,,,,none,
sg워너비,발라드,spillover,2005,1,,,,2005,text,
sg워너비,발라드,spillover,,0,,,,,none,
sg워너비,발라드,spillover,2005|2007,2,,,,2007,text,
sg워너비,발라드,spillover,2004|2021,2,,,,2021,text,
sg워너비,발라드,spillover,2004,1,,,,2004,text,
sg워너비,발라드,spillover,2007|2015|2017,3,,,,2017,text,
sg워너비,발라드,spillover,,0,,,,,none,
sg워너비,발라드,spillover,2005,1,,,,2005,text,
sg워너비,발라드,spillover,2006,1,,,,2006,text,
sg워너비,발라드,spillover,2005,1,,,,2005,text,
sg워너비,발라드,spillover,,0,,,,,none,
sg워너비,발라드,spillover,,0,,,,,none,
sg워너비,발라드,spillover,,0,,,,,none,
sg워너비,발라드,spillover,2024,1,,,,2024,text,
sg워너비,발라드,spillover,2021,1,,,,2021,text,
sg워너비,발라드,spillover,2004,1,,,,2004,text,
sg워너비,발라드,spillover,2005,1,,,,2005,text,
sg워너비,발라드,spillover,2006,1,,,,2006,text,
sg워너비,발라드,spillover,2006,1,,,,2006,text,
sg워너비,발라드,spillover,2007,1,,,,2007,text,
sg워너비,발라드,spillover,2008,1,,,,2008,text,
sg워너비,발라드,spillover,2008,1,,,,2008,text,
sg워너비,발라드,spillover,2009|2024,2,,,,2024,text,
sg워너비,발라드,spillover,2005,1,,,,2005,text,
sg워너비,발라드,spillover,2024,1,2024-01-31,2024,,2024,text,0
sg워너비,발라드,spillover,2021,1,2021-05-27,2021,,2021,text,0
sg워너비,발라드,spillover,2025,1,,,,2025,text,
sg워너비,발라드,spillover,2021|2022,2,,,,2022,text,
sg워너비,발라드,spillover,2006,1,,,,2006,text,
sg워너비,발라드,spillover,2007|2008,2,,,,2008,text,
sg워너비,발라드,spillover,2018|2024,2,,,,2024,text,
sg워너비,발라드,spillover,,0,,,,,none,
sg워너비,발라드,spillover,2022,1,,,,2022,text,
sg워너비,발라드,spillover,,0,,,,,none,
sg워너비,발라드,spillover,2008,1,,,,2008,text,
브라운아이즈,발라드,loyalty,2001|2002,2,,,,2002,text,
브라운아이즈,발라드,loyalty,2002,1,,,,2002,text,
브라운아이즈,발라드,loyalty,,0,,,,,none,
브라운아이즈,발라드,loyalty,,0,,,,,none,
브라운아이즈,발라드,loyalty,2001|2003|2008,3,,,,2008,text,
브라운아이즈,발라드,loyalty,,0,,,,,none,
브라운아이즈,발라드,loyalty,2002|2010,2,,,,2010,text,
브라운아이즈,발라드,loyalty,2003,1,,,,2003,text,
브라운아이즈,발라드,loyalty,2003,1,,,,2003,text,
브라운아이즈,발라드,loyalty,,0,,,,,none,
브라운아이즈,발라드,loyalty,2001,1,,,,2001,text,
브라운아이즈,발라드,loyalty,,0,,,,,none,
브라운아이즈,발라드,loyalty,2015,1,,,,2015,text,
브라운아이즈,발라드,loyalty,2003|2025,2,2025-09-30,2025,,2025,text,0
브라운아이즈,발라드,loyalty,2025,1,2025-09-30,2025,,2025,text,0
브라운아이즈,발라드,loyalty,2025,1,,,,2025,text,
브라운아이즈,발라드,loyalty,,0,,,,,none,
브라운아이즈,발라드,loyalty,,0,2023-03-09,2023,,2023,url,
브라운아이즈,발라드,loyalty,2023,1,2023-03-09,2023,,2023,text,0
브라운아이즈,발라드,loyalty,2013,1,,,,2013,text,
브라운아이즈,발라드,loyalty,2001,1,,,,2001,text,
브라운아이즈,발라드,loyalty,2002,1,,,,2002,text,
브라운아이즈,발라드,loyalty,2015,1,,,,2015,text,
브라운아이즈,발라드,loyalty,2008,1,,,,2008,text,
브라운아이즈,발라드,loyalty,2009,1,,,,2009,text,
브라운아이즈,발라드,loyalty,2003|2008,2,,,,2008,text,
브라운아이즈,발라드,loyalty,2025,1,,,,2025,text,
브라운아이즈,발라드,loyalty,2014|2025,2,,,,2025,text,
브라운아이즈,발라드,loyalty,,0,,,,,none,
브라운아이즈,발라드,spillover,2002,1,,,,2002,text,
브라운아이즈,발라드,spillover,,0,,,,,none,
브라운아이즈,발라드,spillover,,0,,,,,none,
브라운아이즈,발라드,spillover,,0,,,,,none,
브라운아이즈,발라드,spillover,2015,1,,,,2015,text,
브라운아이즈,발라드,spillover,,0,,,,,none,
브라운아이즈,발라드,spillover,2001|2002,2,,,,2002,text,
브라운아이즈,발라드,spillover,2002,1,,,,2002,text,
브라운아이즈,발라드,spillover,,0,,,,,none,
브라운아이즈,발라드,spillover,2001|2002,2,,,,2002,text,
브라운아이즈,발라드,spillover,2008,1,,,,2008,text,
브라운아이즈,발라드,spillover,2025,1,,,,2025,text,
브라운아이즈,발라드,spillover,2002,1,,,,2002,text,
브라운아이즈,발라드,spillover,2006,1,,,,2006,text,
브라운아이즈,발라드,spillover,2007,1,,,,2007,text,
브라운아이즈,발라드,spillover,2021,1,,,,2021,text,
브라운아이즈,발라드,spillover,2011|2012|2013|2014,4,,,,2014,text,
브라운아이즈,발라드,spillover,2005|2012|2014|2015,4,,,,2015,text,
브라운아이즈,발라드,spillover,2012|2013|2015|2018,4,,,,2018,text,
브라운아이즈,발라드,spillover,2020,1,,,,2020,text,
브라운아이즈,발라드,spillover,,0,,,,,none,
브라운아이즈,발라드,spillover,2013,1,,,,2013,text,
브라운아이즈,발라드,spillover,2017,1,,,,2017,text,
브라운아이즈,발라드,spillover,2002,1,,,,2002,text,
브라운아이즈,발라드,spillover,2001,1,,,,2001,text,
브라운아이즈,발라드,spillover,2002,1,,,,2002,text,
브라운아이즈,발라드,spillover,2008,1,,,,2008,text,
브라운아이즈,발라드,spillover,2004|2015,2,,,,2015,text,
브라운아이즈,발라드,spillover,2007|2008,2,,,0,2008,text,
브라운아이즈,발라드,spillover,2012|2013,2,,,,2013,text,
브라운아이즈,발라드,spillover,,0,,,,,none,
브라운아이즈,발라드,spillover,2025,1,2025-07-23,2025,,2025,text,0
브라운아이즈,발라드,spillover,,0,,,,,none,
브라운아이즈,발라드,spillover,2003,1,,,,2003,text,
브라운아이즈,발라드,spillover,2025,1,,,,2025,text,
브라운아이즈,발라드,spillover,2003|2025,2,,,,2025,text,
브라운아이즈,발라드,spillover,2001,1,,,,2001,text,
브라운아이즈,발라드,spillover,2001,1,,,,2001,text,
브라운아이즈,발라드,spillover,2008,1,,,,2008,text,
브라운아이즈,발라드,spillover,2008,1,,,,2008,text,
브라운아이즈,발라드,spillover,,0,,,,,none,
브라운아이즈,발라드,spillover,,0,,,,,none,
브라운아이즈,발라드,spillover,,0,,,,,none,
브라운아이즈,발라드,spillover,2024,1,2024-10-08,2024,,2024,text,0
브라운아이즈,발라드,spillover,,0,,,,,none,
브라운아이즈,발라드,spillover,2013,1,,,,2013,text,
브라운아이즈,발라드,spillover,,0,,,,,none,
브라운아이즈,발라드,spillover,2001,1,,,,2001,text,
브라운아이즈,발라드,spillover,,0,,,,,none,
브라운아이즈,발라드,spillover,2008,1,,,,2008,text,
브라운아이즈,발라드,spillover,2017,1,,,,2017,text,
브라운아이즈,발라드,spillover,,0,,,,,none,
브라운아이즈,발라드,spillover,,0,,,,,none,
이문세,발라드,loyalty,,0,,,,,none,
이문세,발라드,loyalty,,0,,,,,none,
이문세,발라드,loyalty,,0,,,,,none,
이문세,발라드,loyalty,,0,,,,,none,
이문세,발라드,loyalty,,0,,,,,none,
이문세,발라드,loyalty,,0,,,,,none,
이문세,발라드,loyalty,2024,1,,,,2024,text,
이문세,발라드,loyalty,2018,1,2025-09-14,2025,,2018,text,-7
이문세,발라드,loyalty,2025,1,,,,2025,text,
이문세,발라드,loyalty,2025,1,,,,2025,text,
이문세,발라드,loyalty,,0,,,,,none,
이문세,발라드,loyalty,2019,1,,,,2019,text,
이문세,발라드,loyalty,2019,1,,,,2019,text,
이문세,발라드,loyalty,,0,,,,,none,
이문세,발라드,loyalty,2024|2025,2,,,,2025,text,
이문세,발라드,loyalty,2013,1,,,,2013,text,
이문세,발라드,loyalty,,0,,,,,none,
이문세,발라드,loyalty,2025,1,,,,2025,text,
이문세,발라드,loyalty,2025|2026,2,,,,2026,text,
이문세,발라드,loyalty,2019,1,,,,2019,text,
이문세,발라드,spillover,2002|2004|2021|2022,4,,,,2022,text,
이문세,발라드,spillover,,0,,,,,none,
이문세,발라드,spillover,,0,,,,,none,
이문세,발라드,spillover,,0,,,,,none,
이문세,발라드,spillover,,0,,,,,none,
이문세,발라드,spillover,,0,,,,,none,
이문세,발라드,spillover,,0,,,,,none,
이문세,발라드,spillover,2015|2018,2,,,,2018,text,
이문세,발라드,spillover,2011|2014,2,,,,2014,text,
이문세,발라드,spillover,,0,,,,,none,
이문세,발라드,spillover,,0,2025-09-14,2025,,2025,url,
이문세,발라드,spillover,2024,1,,,,2024,text,
이문세,발라드,spillover,,0,,,,,none,
이문세,발라드,spillover,2026,1,,,,2026,text,
이문세,발라드,spillover,2011,1,,,,2011,text,
이문세,발라드,spillover,2024,1,,,,2024,text,
이문세,발라드,spillover,,0,,,,,none,
이문세,발라드,spillover,2012,1,,,,2012,text,
이문세,발라드,spillover,2016|2017,2,,,,2017,text,
이문세,발라드,spillover,2010|2015|2018|2020|2024,5,,,,2024,text,
이문세,발라드,spillover,2012,1,,,,2012,text,
이문세,발라드,spillover,2015|2020,2,,,,2020,text,
이문세,발라드,spillover,2015,1,,,,2015,text,
이문세,발라드,spillover,2025,1,,,,2025,text,
이문세,발라드,spillover,2026,1,,,0,2026,text,
이문세,발라드,spillover,,0,,,,,none,
이문세,발라드,spillover,2007,1,,,,2007,text,
이문세,발라드,spillover,2021|2022,2,,,,2022,text,
이문세,발라드,spillover,,0,,,,,none,
이문세,발라드,spillover,2007,1,,,,2007,text,
이문세,발라드,spillover,2003,1,,,,2003,text,
이문세,발라드,spillover,,0,,,,,none,
이문세,발라드,spillover,2004,1,,,,2004,text,
이문세,발라드,spillover,2007,1,,,,2007,text,
이문세,발라드,spillover,2003,1,,,,2003,text,
이문세,발라드,spillover,2024,1,,,,2024,text,
이문세,발라드,spillover,2024|2025,2,,,,2025,text,
이문세,발라드,spillover,,0,,,0,,none,
이문세,발라드,spillover,2025,1,,,,2025,text,
이문세,발라드,spillover,2018|2025,2,2025-07-30,2025,,2025,text,0
이문세,발라드,spillover,2024|2025,2,,,,2025,text,
이문세,발라드,spillover,,0,,,,,none,
이문세,발라드,spillover,2024,1,,,,2024,text,
이문세,발라드,spillover,2018,1,,,,2018,text,
이문세,발라드,spillover,2017,1,,,,2017,text,
이문세,발라드,spillover,2018,1,2018-10,2018,,2018,text,0
이문세,발라드,spillover,2015,1,,,,2015,text,
이문세,발라드,spillover,2025,1,,,,2025,text,
이문세,발라드,spillover,2018|2025,2,,,,2025,text,
이문세,발라드,spillover,,0,,,,,none,
윤도현,록,loyalty,2002,1,,,,2002,text,
윤도현,록,loyalty,,0,,,,,none,
윤도현,록,loyalty,2015,1,,,1,2015,text,
윤도현,록,loyalty,2003|2004,2,,,,2004,text,
윤도현,록,loyalty,2000,1,,,,2000,text,
윤도현,록,loyalty,2026,1,,,,2026,text,
윤도현,록,loyalty,2006|2015,2,,,,2015,text,
윤도현,록,loyalty,2025,1,,,,2025,text,
윤도현,록,loyalty,,0,,,,,none,
윤도현,록,loyalty,2025,1,,,,2025,text,
윤도현,록,loyalty,2025,1,,,,2025,text,
윤도현,록,loyalty,,0,,,,,none,
윤도현,록,loyalty,2025,1,,,,2025,text,
윤도현,록,loyalty,2025,1,,,,2025,text,
윤도현,록,loyalty,2018,1,,,,2018,text,
윤도현,록,loyalty,,0,,,,,none,
윤도현,록,loyalty,2001,1,,,,2001,text,
윤도현,록,loyalty,2006,1,,,,2006,text,
윤도현,록,loyalty,2007,1,,,,2007,text,
윤도현,록,loyalty,2008,1,,,,2008,text,
윤도현,록,loyalty,2010,1,,,,2010,text,
윤도현,록,loyalty,2010,1,,,,2010,text,
윤도현,록,loyalty,2025,1,,,,2025,text,
윤도현,록,loyalty,2025,1,,,,2025,text,
윤도현,록,loyalty,2020,1,,,,2020,text,
윤도현,록,loyalty,2026,1,,,,2026,text,
윤도현,록,loyalty,2020,1,,,,2020,text,
윤도현,록,loyalty,2026,1,,,,2026,text,
윤도현,록,loyalty,2025,1,,,,2025,text,
윤도현,록,spillover,,0,,,,,none,
윤도현,록,spillover,2022,1,2022-01-12,2022,,2022,text,0
윤도현,록,spillover,,0,,,,,none,
윤도현,록,spillover,2003,1,,,,2003,text,
윤도현,록,spillover,,0,,,,,none,
윤도현,록,spillover,2003,1,,,,2003,text,
윤도현,록,spillover,2002|2005|2008,3,,,,2008,text,
윤도현,록,spillover,2025,1,,,,2025,text,
윤도현,록,spillover,,0,,,,,none,
윤도현,록,spillover,,0,,,,,none,
윤도현,록,spillover,2025,1,,,,2025,text,
윤도현,록,spillover,,0,,,,,none,
윤도현,록,spillover,2024,1,,,,2024,text,
윤도현,록,spillover,,0,2018-01-02,2018,,2018,url,
윤도현,록,spillover,2011|2012,2,,,,2012,text,
윤도현,록,spillover,2011|2014|2020,3,,,,2020,text,
윤도현,록,spillover,,0,,,,,none,
윤도현,록,spillover,2011|2013|2021|2022,4,,,,2022,text,
윤도현,록,spillover,2016|2017|2018|2020|2024,5,,,,2024,text,
윤도현,록,spillover,2020|2024|2025,3,,,,2025,text,
윤도현,록,spillover,2013|2015|2021,3,,,,2021,text,
윤도현,록,spillover,,0,,,,,none,
윤도현,록,spillover,2020,1,2020-06-23,2020,,2020,text,0
윤도현,록,spillover,2020,1,,,,2020,text,
윤도현,록,spillover,2026,1,,,,2026,text,
윤도현,록,spillover,2022,1,,,,2022,text,
윤도현,록,spillover,2002,1,,,,2002,text,
윤도현,록,spillover,2022,1,2022-01-12,2022,,2022,text,0
윤도현,록,spillover,2026,1,2026-04-14,2026,,2026,text,0
윤도현,록,spillover,2026,1,,,,2026,text,
윤도현,록,spillover,2021,1,,,,2021,text,
윤도현,록,spillover,,0,2026-04-12,2026,,2026,url,
윤도현,록,spillover,2026,1,,,,2026,text,
윤도현,록,spillover,2020,1,,,,2020,text,
윤도현,록,spillover,,0,,,,,none,
윤도현,록,spillover,,0,,,,,none,
윤도현,록,spillover,2018,1,,,,2018,text,
윤도현,록,spillover,2015,1,,,,2015,text,
윤도현,록,spillover,2016,1,,,,2016,text,
윤도현,록,spillover,2012,1,,,,2012,text,
윤도현,록,spillover,2005|2025,2,,,,2025,text,
윤도현,록,spillover,2005|2018,2,,,,2018,text,
잔나비,록,loyalty,2015,1,,,,2015,text,
잔나비,록,loyalty,2019,1,,,,2019,text,
잔나비,록,loyalty,2020|2024|2025,3,,,,2025,text,
잔나비,록,loyalty,2019|2020,2,,,,2020,text,
잔나비,록,loyalty,2025|2026,2,2025-11-21,2025,,2026,text,1
잔나비,록,loyalty,2019|2022,2,,,,2022,text,
잔나비,록,loyalty,2025|2026,2,,,,2026,text,
잔나비,록,loyalty,2025,1,,,,2025,text,
잔나비,록,loyalty,2025,1,,,,2025,text,
잔나비,록,loyalty,,0,,,,,none,
잔나비,록,loyalty,,0,,,,,none,
잔나비,록,loyalty,,0,,,,,none,
잔나비,록,loyalty,,0,,,,,none,
잔나비,록,loyalty,2026,1,,,,2026,text,
잔나비,록,loyalty,,0,,,,,none,
잔나비,록,loyalty,,0,,,,,none,
잔나비,록,loyalty,2025,1,,,,2025,text,
잔나비,록,loyalty,2019,1,,,,2019,text,
잔나비,록,loyalty,2020,1,,,,2020,text,
잔나비,록,loyalty,2021,1,,,,2021,text,
잔나비,록,spillover,2022,1,,,,2022,text,
잔나비,록,spillover,,0,,,,,none,
잔나비,록,spillover,2022,1,,,,2022,text,
잔나비,록,spillover,,0,,,,,none,
잔나비,록,spillover,,0,,,,,none,
잔나비,록,spillover,2023|2025,2,,,,2025,text,
잔나비,록,spillover,2018|2020|2021,3,,,,2021,text,
잔나비,록,spillover,2022,1,,,,2022,text,
잔나비,록,spillover,,0,,,,,none,
잔나비,록,spillover,2026,1,,,,2026,text,
잔나비,록,spillover,,0,2026-08,2026,,2026,url,
잔나비,록,spillover,,0,,,,,none,
잔나비,록,spillover,2022,1,,,,2022,text,
잔나비,록,spillover,2019,1,,,,2019,text,
잔나비,록,spillover,,0,2026-06-13,2026,,2026,url,
잔나비,록,spillover,,0,,,,,none,
잔나비,록,spillover,2025,1,,,,2025,text,
잔나비,록,spillover,2025,1,2025-12-14,2025,,2025,text,0
잔나비,록,spillover,,0,,,,,none,
잔나비,록,spillover,2019,1,,,,2019,text,
잔나비,록,spillover,2023,1,,,,2023,text,
잔나비,록,spillover,2022,1,,,,2022,text,
잔나비,록,spillover,2018|2022,2,,,,2022,text,
잔나비,록,spillover,2017|2019|2022,3,,,,2022,text,
잔나비,록,spillover,2023,1,,,,2023,text,
잔나비,록,spillover,2018,1,,,,2018,text,
잔나비,록,spillover,2023,1,,,,2023,text,
잔나비,록,spillover,,0,,,,,none,
잔나비,록,spillover,2025,1,,,,2025,text,
잔나비,록,spillover,2026,1,,,,2026,text,
잔나비,록,spillover,2024,1,,,,2024,text,
잔나비,록,spillover,2023,1,,,,2023,text,
잔나비,록,spillover,2025,1,,,,2025,text,
잔나비,록,spillover,2023,1,,,,2023,text,
잔나비,록,spillover,2025,1,,,,2025,text,
잔나비,록,spillover,2023,1,,,,2023,text,
잔나비,록,spillover,2019,1,,,,2019,text,
잔나비,록,spillover,2020,1,,,0,2020,text,
잔나비,록,spillover,2022|2023,2,,,0,2023,text,
잔나비,록,spillover,2022,1,,,,2022,text,
잔나비,록,spillover,2026,1,,,,2026,text,
잔나비,록,spillover,2025|2026,2,,,,2026,text,
잔나비,록,spillover,2024,1,,,,2024,text,
잔나비,록,spillover,,0,,,,,none,
잔나비,록,spillover,2019|2026,2,,,0,2026,text,
잔나비,록,spillover,2026,1,,,,2026,text,
잔나비,록,spillover,,0,,,,,none,
잔나비,록,spillover,,0,,,0,,none,
잔나비,록,spillover,,0,2020-08,2020,,2020,url,
CNBLUE,K-pop 보이그룹 /록,loyalty,2012,1,,,,2012,text,
CNBLUE,K-pop 보이그룹 /록,loyalty,2013,1,,,,2013,text,
CNBLUE,K-pop 보이그룹 /록,loyalty,2015,1,,,,2015,text,
CNBLUE,K-pop 보이그룹 /록,loyalty,,0,,,,,none,
CNBLUE,K-pop 보이그룹 /록,loyalty,2010,1,,,,2010,text,
CNBLUE,K-pop 보이그룹 /록,loyalty,2010,1,2010-04,2010,,2010,text,0
CNBLUE,K-pop 보이그룹 /록,loyalty,2016,1,,,,2016,text,
CNBLUE,K-pop 보이그룹 /록,loyalty,,0,,,,,none,
CNBLUE,K-pop 보이그룹 /록,loyalty,,0,,,,,none,
CNBLUE,K-pop 보이그룹 /록,loyalty,2022,1,,,,2022,text,
CNBLUE,K-pop 보이그룹 /록,loyalty,,0,,,,,none,
CNBLUE,K-pop 보이그룹 /록,loyalty,,0,,,,,none,
CNBLUE,K-pop 보이그룹 /록,loyalty,,0,2017-04-24,2017,,2017,url,
CNBLUE,K-pop 보이그룹 /록,loyalty,2026,1,,,,2026,text,
CNBLUE,K-pop 보이그룹 /록,loyalty,2026,1,,,,2026,text,
CNBLUE,K-pop 보이그룹 /록,loyalty,2024,1,,,,2024,text,
CNBLUE,K-pop 보이그룹 /록,loyalty,2026,1,2025-11-15,2025,,2026,text,1
CNBLUE,K-pop 보이그룹 /록,loyalty,2026,1,2026-04-19,2026,,2026,text,0
CNBLUE,K-pop 보이그룹 /록,loyalty,2026,1,2025-11,2025,,2026,text,1
CNBLUE,K-pop 보이그룹 /록,loyalty,2026,1,,,,2026,text,
CNBLUE,K-pop 보이그룹 /록,loyalty,,0,,,,,none,
CNBLUE,K-pop 보이그룹 /록,loyalty,,0,,,,,none,
CNBLUE,K-pop 보이그룹 /록,loyalty,,0,,,,,none,
CNBLUE,K-pop 보이그룹 /록,loyalty,,0,,,,,none,
CNBLUE,K-pop 보이그룹 /록,loyalty,,0,,,,,none,
CNBLUE,K-pop 보이그룹 /록,loyalty,,0,,,,,none,
CNBLUE,K-pop 보이그룹 /록,loyalty,2014,1,,,,2014,text,
CNBLUE,K-pop 보이그룹 /록,loyalty,,0,,,,,none,
CNBLUE,K-pop 보이그룹 /록,loyalty,2010,1,,,,2010,text,
CNBLUE,K-pop 보이그룹 /록,loyalty,2012,1,,,,2012,text,
CNBLUE,K-pop 보이그룹 /록,loyalty,2026,1,,,,2026,text,
CNBLUE,K-pop 보이그룹 /록,loyalty,,0,,,,,none,
CNBLUE,K-pop 보이그룹 /록,loyalty,,0,,,,,none,
CNBLUE,K-pop 보이그룹 /록,spillover,2013,1,,,,2013,text,
CNBLUE,K-pop 보이그룹 /록,spillover,2016,1,,,,2016,text,
CNBLUE,K-pop 보이그룹 /록,spillover,2012,1,,,,2012,text,
CNBLUE,K-pop 보이그룹 /록,spillover,2012,1,,,,2012,text,
CNBLUE,K-pop 보이그룹 /록,spillover,2012,1,,,,2012,text,
CNBLUE,K-pop 보이그룹 /록,spillover,2012|2014|2025|2026,4,2025-11-26,2025,,2026,text,1
CNBLUE,K-pop 보이그룹 /록,spillover,2026,1,,,,2026,text,
CNBLUE,K-pop 보이그룹 /록,spillover,2026,1,,,,2026,text,
CNBLUE,K-pop 보이그룹 /록,spillover,,0,,,,,none,
CNBLUE,K-pop 보이그룹 /록,spillover,,0,,,,,none,
CNBLUE,K-pop 보이그룹 /록,spillover,,0,,,,,none,
CNBLUE,K-pop 보이그룹 /록,spillover,,0,,,,,none,
CNBLUE,K-pop 보이그룹 /록,spillover,,0,,,,,none,
CNBLUE,K-pop 보이그룹 /록,spillover,,0,,,,,none,
CNBLUE,K-pop 보이그룹 /록,spillover,2025,1,,,,2025,text,
CNBLUE,K-pop 보이그룹 /록,spillover,,0,,,,,none,
CNBLUE,K-pop 보이그룹 /록,spillover,2024,1,,,,2024,text,
CNBLUE,K-pop 보이그룹 /록,spillover,2012,1,,,,2012,text,
CNBLUE,K-pop 보이그룹 /록,spillover,2012,1,,,,2012,text,
CNBLUE,K-pop 보이그룹 /록,spillover,2015,1,,,,2015,text,
CNBLUE,K-pop 보이그룹 /록,spillover,2013,1,,,,2013,text,
CNBLUE,K-pop 보이그룹 /록,spillover,2011,1,,,,2011,text,
CNBLUE,K-pop 보이그룹 /록,spillover,2015|2026,2,2025-11,2025,,2026,text,1
CNBLUE,K-pop 보이그룹 /록,spillover,,0,,,,,none,
CNBLUE,K-pop 보이그룹 /록,spillover,,0,,,0,,none,
CNBLUE,K-pop 보이그룹 /록,spillover,2025,1,,,,2025,text,
CNBLUE,K-pop 보이그룹 /록,spillover,2025,1,,,,2025,text,
CNBLUE,K-pop 보이그룹 /록,spillover,2016|2025,2,,,,2025,text,
CNBLUE,K-pop 보이그룹 /록,spillover,2024,1,,,,2024,text,
CNBLUE,K-pop 보이그룹 /록,spillover,2020,1,,,,2020,text,
CNBLUE,K-pop 보이그룹 /록,spillover,,0,,,,,none,
CNBLUE,K-pop 보이그룹 /록,spillover,,0,,,,,none,
CNBLUE,K-pop 보이그룹 /록,spillover,2012,1,,,,2012,text,
CNBLUE,K-pop 보이그룹 /록,spillover,2009|2011|2014|2021|2023,5,,,,2023,text,
CNBLUE,K-pop 보이그룹 /록,spillover,2013|2017|2021|2023|2024,5,,,,2024,text,
CNBLUE,K-pop 보이그룹 /록,spillover,2010|2017|2018|2023,4,,,,2023,text,
CNBLUE,K-pop 보이그룹 /록,spillover,2010|2011|2015|2020|2023|2024,6,,,,2024,text,
CNBLUE,K-pop 보이그룹 /록,spillover,,0,,,,,none,
CNBLUE,K-pop 보이그룹 /록,spillover,2024|2025,2,,,,2025,text,
CNBLUE,K-pop 보이그룹 /록,spillover,,0,,,,,none,
CNBLUE,K-pop 보이그룹 /록,spillover,2024,1,2024-12-05,2024,,2024,text,0
CNBLUE,K-pop 보이그룹 /록,spillover,2015,1,,,,2015,text,
CNBLUE,K-pop 보이그룹 /록,spillover,2012,1,,,,2012,text,
CNBLUE,K-pop 보이그룹 /록,spillover,2013,1,,,,2013,text,
CNBLUE,K-pop 보이그룹 /록,spillover,2013,1,,,,2013,text,
CNBLUE,K-pop 보이그룹 /록,spillover,,0,,,,,none,
CNBLUE,K-pop 보이그룹 /록,spillover,2026,1,,,,2026,text,
CNBLUE,K-pop 보이그룹 /록,spillover,,0,,,0,,none,
CNBLUE,K-pop 보이그룹 /록,spillover,2026,1,,,,2026,text,
CNBLUE,K-pop 보이그룹 /록,spillover,2009|2019,2,,,,2019,text,
CNBLUE,K-pop 보이그룹 /록,spillover,2026,1,,,,2026,text,
BTS,K-pop 보이그룹,loyalty,2026,1,,,0,2026,text,
BTS,K-pop 보이그룹,loyalty,,0,,,,,none,
BTS,K-pop 보이그룹,loyalty,2019,1,,,-1,2019,text,
BTS,K-pop 보이그룹,loyalty,,0,,,,,none,
BTS,K-pop 보이그룹,loyalty,2025,1,,,,2025,text,
BTS,K-pop 보이그룹,loyalty,2017,1,,,,2017,text,
BTS,K-pop 보이그룹,loyalty,2021|2022,2,,,,2022,text,
BTS,K-pop 보이그룹,loyalty,2020,1,,,,2020,text,
BTS,K-pop 보이그룹,loyalty,2017|2022,2,,,,2022,text,
BTS,K-pop 보이그룹,loyalty,2026,1,,,,2026,text,
BTS,K-pop 보이그룹,loyalty,2026,1,2026-01-26,2026,,2026,text,0
BTS,K-pop 보이그룹,loyalty,2026,1,,,,2026,text,
BTS,K-pop 보이그룹,loyalty,,0,,,,,none,
BTS,K-pop 보이그룹,loyalty,,0,2026-04-11,2026,,2026,url,
BTS,K-pop 보이그룹,loyalty,2026,1,2026-06-12,2026,,2026,text,0
BTS,K-pop 보이그룹,loyalty,,0,2026-06-02,2026,,2026,url,
BTS,K-pop 보이그룹,loyalty,,0,2025-11-13,2025,,2025,url,
BTS,K-pop 보이그룹,loyalty,,0,,,,,none,
BTS,K-pop 보이그룹,loyalty,2014|2017,2,,,,2017,text,
BTS,K-pop 보이그룹,loyalty,2019,1,,,,2019,text,
BTS,K-pop 보이그룹,loyalty,2020,1,,,,2020,text,
BTS,K-pop 보이그룹,loyalty,2019,1,,,,2019,text,
BTS,K-pop 보이그룹,loyalty,2017|2021,2,,,,2021,text,
BTS,K-pop 보이그룹,loyalty,2026,1,,,,2026,text,
BTS,K-pop 보이그룹,loyalty,2026,1,2026-01-23,2026,,2026,text,0
BTS,K-pop 보이그룹,loyalty,,0,,,,,none,
BTS,K-pop 보이그룹,loyalty,,0,,,,,none,
BTS,K-pop 보이그룹,loyalty,,0,,,,,none,
BTS,K-pop 보이그룹,loyalty,,0,,,,,none,
BTS,K-pop 보이그룹,loyalty,,0,,,,,none,
BTS,K-pop 보이그룹,loyalty,,0,,,,,none,
BTS,K-pop 보이그룹,loyalty,,0,,,,,none,
BTS,K-pop 보이그룹,loyalty,2026,1,,,,2026,text,
BTS,K-pop 보이그룹,loyalty,,0,,,,,none,
BTS,K-pop 보이그룹,loyalty,,0,,,,,none,
BTS,K-pop 보이그룹,loyalty,2020,1,,,,2020,text,
BTS,K-pop 보이그룹,loyalty,2018,1,,,,2018,text,
BTS,K-pop 보이그룹,loyalty,,0,,,,,none,
BTS,K-pop 보이그룹,loyalty,2019,1,,,,2019,text,
BTS,K-pop 보이그룹,loyalty,,0,,,,,none,
BTS,K-pop 보이그룹,loyalty,,0,,,,,none,
BTS,K-pop 보이그룹,loyalty,,0,,,,,none,
BTS,K-pop 보이그룹,loyalty,,0,2026-03-27,2026,,2026,url,
BTS,K-pop 보이그룹,loyalty,,0,,,,,none,
BTS,K-pop 보이그룹,loyalty,,0,,,,,none,
BTS,K-pop 보이그룹,loyalty,,0,,,,,none,
BTS,K-pop 보이그룹,loyalty,,0,2026-06,2026,,2026,url,
BTS,K-pop 보이그룹,loyalty,,0,2026-03-25,2026,,2026,url,
BTS,K-pop 보이그룹,loyalty,,0,2020-06-18,2020,,2020,url,
BTS,K-pop 보이그룹,loyalty,,0,,,,,none,
BTS,K-pop 보이그룹,loyalty,,0,2025-12-23,2025,,2025,url,
BTS,K-pop 보이그룹,loyalty,2025,1,2025-12-29,2025,,2025,text,0
BTS,K-pop 보이그룹,loyalty,2002,1,,,,2002,text,
BTS,K-pop 보이그룹,loyalty,,0,,,,,none,
BTS,K-pop 보이그룹,loyalty,,0,,,,,none,
BTS,K-pop 보이그룹,loyalty,,0,,,,,none,
BTS,K-pop 보이그룹,loyalty,2024,1,2024-05-17,2024,,2024,text,0
BTS,K-pop 보이그룹,loyalty,,0,,,,,none,
BTS,K-pop 보이그룹,loyalty,2026,1,,,,2026,text,
BTS,K-pop 보이그룹,loyalty,2018,1,,,,2018,text,
BTS,K-pop 보이그룹,loyalty,,0,,,,,none,
BTS,K-pop 보이그룹,loyalty,,0,,,,,none,
BTS,K-pop 보이그룹,loyalty,2017,1,,,,2017,text,
BTS,K-pop 보이그룹,loyalty,2020,1,,,,2020,text,
BTS,K-pop 보이그룹,loyalty,,0,,,,,none,
BTS,K-pop 보이그룹,loyalty,2021,1,,,,2021,text,
BTS,K-pop 보이그룹,loyalty,,0,,,,,none,
BTS,K-pop 보이그룹,loyalty,,0,,,,,none,
BTS,K-pop 보이그룹,loyalty,,0,,,,,none,
BTS,K-pop 보이그룹,loyalty,,0,,,,,none,
BTS,K-pop 보이그룹,loyalty,2026,1,2026-09,2026,,2026,text,0
BTS,K-pop 보이그룹,loyalty,,0,,,,,none,
BTS,K-pop 보이그룹,loyalty,,0,,,,,none,
BTS,K-pop 보이그룹,loyalty,,0,,,,,none,
BTS,K-pop 보이그룹,spillover,,0,,,,,none,
BTS,K-pop 보이그룹,spillover,,0,,,,,none,
BTS,K-pop 보이그룹,spillover,2026,1,,,,2026,text,
BTS,K-pop 보이그룹,spillover,,0,,,,,none,
BTS,K-pop 보이그룹,spillover,2026,1,,,,2026,text,
BTS,K-pop 보이그룹,spillover,,0,,,,,none,
BTS,K-pop 보이그룹,spillover,2018,1,,,0,2018,text,
BTS,K-pop 보이그룹,spillover,2018,1,,,,2018,text,
BTS,K-pop 보이그룹,spillover,,0,,,,,none,
BTS,K-pop 보이그룹,spillover,,0,,,,,none,
BTS,K-pop 보이그룹,spillover,,0,,,,,none,
BTS,K-pop 보이그룹,spillover,,0,2025-03-12,2025,,2025,url,
BTS,K-pop 보이그룹,spillover,,0,2026-04-01,2026,,2026,url,
BTS,K-pop 보이그룹,spillover,,0,,,,,none,
BTS,K-pop 보이그룹,spillover,2026,1,2025-07-02,2025,,2026,text,1
BTS,K-pop 보이그룹,spillover,,0,2026-06-29,2026,,2026,url,
BTS,K-pop 보이그룹,spillover,,0,2026-06-29,2026,,2026,url,
BTS,K-pop 보이그룹,spillover,2026,1,2026-06-29,2026,,2026,text,0
BTS,K-pop 보이그룹,spillover,2021,1,,,,2021,text,
BTS,K-pop 보이그룹,spillover,2018,1,,,,2018,text,
BTS,K-pop 보이그룹,spillover,2020,1,,,,2020,text,
BTS,K-pop 보이그룹,spillover,2018,1,,,,2018,text,
BTS,K-pop 보이그룹,spillover,2022,1,,,,2022,text,
BTS,K-pop 보이그룹,spillover,2026,1,,,,2026,text,
BTS,K-pop 보이그룹,spillover,2026,1,2026-04-04,2026,,2026,text,0
BTS,K-pop 보이그룹,spillover,2026,1,2026-07,2026,,2026,text,0
BTS,K-pop 보이그룹,spillover,2026,1,2026-08-10,2026,,2026,text,0
BTS,K-pop 보이그룹,spillover,2026,1,,,,2026,text,
BTS,K-pop 보이그룹,spillover,,0,,,,,none,
BTS,K-pop 보이그룹,spillover,,0,,,,,none,
BTS,K-pop 보이그룹,spillover,,0,2026-07-27,2026,,2026,url,
BTS,K-pop 보이그룹,spillover,,0,,,,,none,
BTS,K-pop 보이그룹,spillover,,0,,,,,none,
BTS,K-pop 보이그룹,spillover,,0,,,,,none,
BTS,K-pop 보이그룹,spillover,,0,,,,,none,
BTS,K-pop 보이그룹,spillover,,0,,,,,none,
BTS,K-pop 보이그룹,spillover,,0,,,,,none,
BTS,K-pop 보이그룹,spillover,,0,,,,,none,
BTS,K-pop 보이그룹,spillover,2026,1,,,,2026,text,
BTS,K-pop 보이그룹,spillover,,0,2018-10-24,2018,,2018,url,
BTS,K-pop 보이그룹,spillover,,0,2022-06-15,2022,,2022,url,
BTS,K-pop 보이그룹,spillover,,0,2018-05-31,2018,,2018,url,
BTS,K-pop 보이그룹,spillover,,0,2026-06-13,2026,,2026,url,
BTS,K-pop 보이그룹,spillover,,0,2026-08-20,2026,,2026,url,
BTS,K-pop 보이그룹,spillover,,0,,,,,none,
BTS,K-pop 보이그룹,spillover,,0,,,,,none,
BTS,K-pop 보이그룹,spillover,,0,,,,,none,
BTS,K-pop 보이그룹,spillover,,0,,,,,none,
BTS,K-pop 보이그룹,spillover,,0,,,,,none,
BTS,K-pop 보이그룹,spillover,,0,,,,,none,
BTS,K-pop 보이그룹,spillover,2026,1,,,,2026,text,
BTS,K-pop 보이그룹,spillover,,0,,,,,none,
BTS,K-pop 보이그룹,spillover,,0,,,,,none,
BTS,K-pop 보이그룹,spillover,2020|2021,2,,,,2021,text,
BTS,K-pop 보이그룹,spillover,2026,1,,,,2026,text,
BTS,K-pop 보이그룹,spillover,2023,1,,,,2023,text,
BTS,K-pop 보이그룹,spillover,2026,1,,,,2026,text,
BTS,K-pop 보이그룹,spillover,2026,1,,,,2026,text,
BTS,K-pop 보이그룹,spillover,2026,1,,,,2026,text,
BTS,K-pop 보이그룹,spillover,,0,,,,,none,
BTS,K-pop 보이그룹,spillover,,0,,,,,none,
BTS,K-pop 보이그룹,spillover,,0,2026-05-17,2026,,2026,url,
BTS,K-pop 보이그룹,spillover,,0,,,,,none,
BTS,K-pop 보이그룹,spillover,,0,,,,,none,
BTS,K-pop 보이그룹,spillover,,0,,,,,none,
BTS,K-pop 보이그룹,spillover,,0,2026-05-06,2026,,2026,url,
BTS,K-pop 보이그룹,spillover,,0,2026-05-27,2026,,2026,url,
BTS,K-pop 보이그룹,spillover,,0,2026-03-25,2026,,2026,url,
BTS,K-pop 보이그룹,spillover,,0,2020-06-18,2020,,2020,url,
BTS,K-pop 보이그룹,spillover,,0,2026-03,2026,,2026,url,
BTS,K-pop 보이그룹,spillover,2025,1,2025-08-29,2025,0,2025,text,0
BTS,K-pop 보이그룹,spillover,,0,,,,,none,
BTS,K-pop 보이그룹,spillover,,0,2022-05-21,2022,,2022,url,
BTS,K-pop 보이그룹,spillover,,0,,,,,none,
BTS,K-pop 보이그룹,spillover,2023,1,,,,2023,text,
BTS,K-pop 보이그룹,spillover,2019,1,,,,2019,text,
BTS,K-pop 보이그룹,spillover,2024,1,,,,2024,text,
BTS,K-pop 보이그룹,spillover,2025,1,2025-03-31,2025,,2025,text,0
BTS,K-pop 보이그룹,spillover,2023,1,,,,2023,text,
BTS,K-pop 보이그룹,spillover,2020,1,,,,2020,text,
BTS,K-pop 보이그룹,spillover,2015|2017|2023,3,,,,2023,text,
BTS,K-pop 보이그룹,spillover,2026,1,,,,2026,text,
BTS,K-pop 보이그룹,spillover,2019|2025,2,,,,2025,text,
BTS,K-pop 보이그룹,spillover,2024,1,2024-08-20,2024,,2024,text,0
BTS,K-pop 보이그룹,spillover,2017,1,,,,2017,text,
BTS,K-pop 보이그룹,spillover,2021,1,,,,2021,text,
BTS,K-pop 보이그룹,spillover,2019|2020,2,,,,2020,text,
BTS,K-pop 보이그룹,spillover,,0,,,-1,,none,
BTS,K-pop 보이그룹,spillover,,0,,,,,none,
BTS,K-pop 보이그룹,spillover,,0,,,,,none,
BTS,K-pop 보이그룹,spillover,,0,,,,,none,
BTS,K-pop 보이그룹,spillover,2020,1,,,,2020,text,
BTS,K-pop 보이그룹,spillover,2014|2023,2,,,,2023,text,
BTS,K-pop 보이그룹,spillover,,0,,,,,none,
BTS,K-pop 보이그룹,spillover,2026,1,,,,2026,text,
BTS,K-pop 보이그룹,spillover,,0,,,,,none,
BTS,K-pop 보이그룹,spillover,,0,,,,,none,
BTS,K-pop 보이그룹,spillover,,0,2022-06-02,2022,,2022,url,
BTS,K-pop 보이그룹,spillover,2026,1,,,,2026,text,
BTS,K-pop 보이그룹,spillover,2024,1,,,,2024,text,
BTS,K-pop 보이그룹,spillover,2024,1,2024-10-07,2024,,2024,text,0
BTS,K-pop 보이그룹,spillover,2023,1,,,,2023,text,
BTS,K-pop 보이그룹,spillover,,0,,,,,none,
BTS,K-pop 보이그룹,spillover,,0,,,,,none,
BTS,K-pop 보이그룹,spillover,2018|2020,2,,,,2020,text,
BTS,K-pop 보이그룹,spillover,2018|2020,2,,,,2020,text,
BTS,K-pop 보이그룹,spillover,2017|2021,2,,,,2021,text,
BTS,K-pop 보이그룹,spillover,2015|2018|2019,3,,,,2019,text,
BTS,K-pop 보이그룹,spillover,2018|2020,2,,,,2020,text,
BTS,K-pop 보이그룹,spillover,2018|2020,2,,,,2020,text,
BTS,K-pop 보이그룹,spillover,2019,1,,,,2019,text,
BTS,K-pop 보이그룹,spillover,,0,,,,,none,
BTS,K-pop 보이그룹,spillover,,0,,,,,none,
BTS,K-pop 보이그룹,spillover,2021|2022,2,,,,2022,text,
BTS,K-pop 보이그룹,spillover,2019,1,,,,2019,text,
BTS,K-pop 보이그룹,spillover,,0,,,,,none,
BTS,K-pop 보이그룹,spillover,2018|2020,2,,,,2020,text,
BTS,K-pop 보이그룹,spillover,2017|2021,2,,,,2021,text,
BTS,K-pop 보이그룹,spillover,2017,1,,,,2017,text,
BTS,K-pop 보이그룹,spillover,2020,1,,,,2020,text,
BTS,K-pop 보이그룹,spillover,,0,,,,,none,
BTS,K-pop 보이그룹,spillover,2026,1,,,,2026,text,
BTS,K-pop 보이그룹,spillover,2024,1,,,,2024,text,
BTS,K-pop 보이그룹,spillover,2026,1,,,,2026,text,
BTS,K-pop 보이그룹,spillover,2025,1,,,,2025,text,
BTS,K-pop 보이그룹,spillover,2025,1,,,,2025,text,
BTS,K-pop 보이그룹,spillover,2026,1,2026-05-12,2026,,2026,text,0
BTS,K-pop 보이그룹,spillover,2026,1,2026-03,2026,,2026,text,0
BTS,K-pop 보이그룹,spillover,2026,1,2026-07-03,2026,,2026,text,0
BTS,K-pop 보이그룹,spillover,2019,1,,,,2019,text,
BTS,K-pop 보이그룹,spillover,,0,,,,,none,
BTS,K-pop 보이그룹,spillover,,0,,,,,none,
BTS,K-pop 보이그룹,spillover,2026,1,,,,2026,text,
BTS,K-pop 보이그룹,spillover,,0,,,,,none,
BTS,K-pop 보이그룹,spillover,2021,1,,,,2021,text,
BTS,K-pop 보이그룹,spillover,2024,1,,,,2024,text,
BTS,K-pop 보이그룹,spillover,2025,1,,,,2025,text,
BTS,K-pop 보이그룹,spillover,2025,1,,,,2025,text,
BTS,K-pop 보이그룹,spillover,2026,1,,,,2026,text,
BTS,K-pop 보이그룹,spillover,,0,,,,,none,
BTS,K-pop 보이그룹,spillover,,0,,,,,none,
BTS,K-pop 보이그룹,spillover,,0,,,,,none,
BTS,K-pop 보이그룹,spillover,,0,2022-12-16,2022,,2022,url,
BTS,K-pop 보이그룹,spillover,,0,2018-12-19,2018,,2018,url,
BTS,K-pop 보이그룹,spillover,,0,,,,,none,
BTS,K-pop 보이그룹,spillover,2021|2026,2,2026-05-26,2026,0,2026,text,0
BTS,K-pop 보이그룹,spillover,2026,1,2026-09,2026,,2026,text,0
BTS,K-pop 보이그룹,spillover,2017|2019,2,,,,2019,text,
BTS,K-pop 보이그룹,spillover,,0,,,,,none,
BTS,K-pop 보이그룹,spillover,,0,,,,,none,
BTS,K-pop 보이그룹,spillover,2026,1,,,,2026,text,
BTS,K-pop 보이그룹,spillover,,0,,,,,none,
BTS,K-pop 보이그룹,spillover,,0,,,,,none,
SEVENTEEN,K-pop 보이그룹,loyalty,2016,1,,,,2016,text,
SEVENTEEN,K-pop 보이그룹,loyalty,2023,1,,,,2023,text,
SEVENTEEN,K-pop 보이그룹,loyalty,2023|2024,2,,,,2024,text,
SEVENTEEN,K-pop 보이그룹,loyalty,2020|2021,2,,,,2021,text,
SEVENTEEN,K-pop 보이그룹,loyalty,2025,1,,,,2025,text,
SEVENTEEN,K-pop 보이그룹,loyalty,2016,1,,,,2016,text,
SEVENTEEN,K-pop 보이그룹,loyalty,2023,1,,,,2023,text,
SEVENTEEN,K-pop 보이그룹,loyalty,,0,,,,,none,
SEVENTEEN,K-pop 보이그룹,loyalty,2023,1,,,,2023,text,
SEVENTEEN,K-pop 보이그룹,loyalty,,0,,,,,none,
SEVENTEEN,K-pop 보이그룹,loyalty,,0,,,,,none,
SEVENTEEN,K-pop 보이그룹,loyalty,,0,,,,,none,
SEVENTEEN,K-pop 보이그룹,loyalty,,0,,,,,none,
SEVENTEEN,K-pop 보이그룹,loyalty,2025,1,,,,2025,text,
SEVENTEEN,K-pop 보이그룹,loyalty,2026,1,,,,2026,text,
SEVENTEEN,K-pop 보이그룹,loyalty,,0,,,,,none,
SEVENTEEN,K-pop 보이그룹,loyalty,2016,1,,,,2016,text,
SEVENTEEN,K-pop 보이그룹,loyalty,2023,1,,,,2023,text,
SEVENTEEN,K-pop 보이그룹,loyalty,2015|2025,2,,,,2025,text,
SEVENTEEN,K-pop 보이그룹,loyalty,2026,1,2026-05-16,2026,,2026,text,0
SEVENTEEN,K-pop 보이그룹,loyalty,,0,,,,,none,
SEVENTEEN,K-pop 보이그룹,loyalty,,0,2024-11-08,2024,,2024,url,
SEVENTEEN,K-pop 보이그룹,loyalty,,0,2023-12-05,2023,,2023,url,
SEVENTEEN,K-pop 보이그룹,loyalty,2024,1,,,,2024,text,
SEVENTEEN,K-pop 보이그룹,loyalty,,0,,,,,none,
SEVENTEEN,K-pop 보이그룹,loyalty,2025,1,,,,2025,text,
SEVENTEEN,K-pop 보이그룹,loyalty,2025,1,,,,2025,text,
SEVENTEEN,K-pop 보이그룹,loyalty,2019,1,,,,2019,text,
SEVENTEEN,K-pop 보이그룹,loyalty,2022,1,,,,2022,text,
SEVENTEEN,K-pop 보이그룹,loyalty,2024,1,,,,2024,text,
SEVENTEEN,K-pop 보이그룹,loyalty,2024,1,,,,2024,text,
SEVENTEEN,K-pop 보이그룹,loyalty,2024,1,,,,2024,text,
SEVENTEEN,K-pop 보이그룹,loyalty,2018,1,,,,2018,text,
SEVENTEEN,K-pop 보이그룹,loyalty,2023,1,,,0,2023,text,
SEVENTEEN,K-pop 보이그룹,loyalty,2026,1,,,,2026,text,
SEVENTEEN,K-pop 보이그룹,loyalty,2023,1,,,,2023,text,
SEVENTEEN,K-pop 보이그룹,loyalty,2025,1,,,,2025,text,
SEVENTEEN,K-pop 보이그룹,loyalty,2024,1,,,,2024,text,
SEVENTEEN,K-pop 보이그룹,loyalty,2024,1,,,,2024,text,
SEVENTEEN,K-pop 보이그룹,loyalty,2026,1,,,,2026,text,
SEVENTEEN,K-pop 보이그룹,loyalty,2025,1,,,,2025,text,
SEVENTEEN,K-pop 보이그룹,loyalty,2019,1,,,,2019,text,
SEVENTEEN,K-pop 보이그룹,loyalty,2025,1,,,,2025,text,
SEVENTEEN,K-pop 보이그룹,loyalty,,0,,,,,none,
SEVENTEEN,K-pop 보이그룹,loyalty,2023,1,,,,2023,text,
SEVENTEEN,K-pop 보이그룹,loyalty,2023,1,,,,2023,text,
SEVENTEEN,K-pop 보이그룹,loyalty,,0,,,,,none,
SEVENTEEN,K-pop 보이그룹,loyalty,2026,1,,,,2026,text,
SEVENTEEN,K-pop 보이그룹,loyalty,2023,1,,,,2023,text,
SEVENTEEN,K-pop 보이그룹,loyalty,2023,1,,,,2023,text,
SEVENTEEN,K-pop 보이그룹,loyalty,,0,,,,,none,
SEVENTEEN,K-pop 보이그룹,loyalty,2023,1,,,,2023,text,
SEVENTEEN,K-pop 보이그룹,loyalty,2022,1,,,,2022,text,
SEVENTEEN,K-pop 보이그룹,loyalty,2023,1,,,,2023,text,
SEVENTEEN,K-pop 보이그룹,loyalty,,0,,,,,none,
SEVENTEEN,K-pop 보이그룹,loyalty,,0,,,,,none,
SEVENTEEN,K-pop 보이그룹,loyalty,,0,,,,,none,
SEVENTEEN,K-pop 보이그룹,loyalty,,0,,,,,none,
SEVENTEEN,K-pop 보이그룹,loyalty,,0,,,,,none,
SEVENTEEN,K-pop 보이그룹,loyalty,,0,,,,,none,
SEVENTEEN,K-pop 보이그룹,loyalty,,0,,,,,none,
SEVENTEEN,K-pop 보이그룹,loyalty,,0,,,,,none,
SEVENTEEN,K-pop 보이그룹,loyalty,2025,1,,,,2025,text,
SEVENTEEN,K-pop 보이그룹,loyalty,2026,1,,,,2026,text,
SEVENTEEN,K-pop 보이그룹,loyalty,,0,,,,,none,
SEVENTEEN,K-pop 보이그룹,loyalty,,0,,,,,none,
SEVENTEEN,K-pop 보이그룹,loyalty,2016,1,,,,2016,text,
SEVENTEEN,K-pop 보이그룹,loyalty,2019,1,2019-05-25,2019,,2019,text,0
SEVENTEEN,K-pop 보이그룹,loyalty,2024,1,,,,2024,text,
SEVENTEEN,K-pop 보이그룹,loyalty,2026,1,,,,2026,text,
SEVENTEEN,K-pop 보이그룹,loyalty,,0,,,,,none,
SEVENTEEN,K-pop 보이그룹,spillover,2022,1,,,,2022,text,
SEVENTEEN,K-pop 보이그룹,spillover,2025,1,,,,2025,text,
SEVENTEEN,K-pop 보이그룹,spillover,2024,1,,,,2024,text,
SEVENTEEN,K-pop 보이그룹,spillover,2024,1,,,,2024,text,
SEVENTEEN,K-pop 보이그룹,spillover,2024,1,,,,2024,text,
SEVENTEEN,K-pop 보이그룹,spillover,,0,,,,,none,
SEVENTEEN,K-pop 보이그룹,spillover,2023|2024,2,,,0,2024,text,
SEVENTEEN,K-pop 보이그룹,spillover,2024,1,,,,2024,text,
SEVENTEEN,K-pop 보이그룹,spillover,2024,1,,,,2024,text,
SEVENTEEN,K-pop 보이그룹,spillover,,0,,,,,none,
SEVENTEEN,K-pop 보이그룹,spillover,2025,1,,,,2025,text,
SEVENTEEN,K-pop 보이그룹,spillover,2024,1,,,,2024,text,
SEVENTEEN,K-pop 보이그룹,spillover,2025,1,,,,2025,text,
SEVENTEEN,K-pop 보이그룹,spillover,,0,,,,,none,
SEVENTEEN,K-pop 보이그룹,spillover,,0,,,0,,none,
SEVENTEEN,K-pop 보이그룹,spillover,2023|2024,2,,,,2024,text,
SEVENTEEN,K-pop 보이그룹,spillover,2025,1,2025-05,2025,,2025,text,0
SEVENTEEN,K-pop 보이그룹,spillover,2024,1,,,,2024,text,
SEVENTEEN,K-pop 보이그룹,spillover,2024,1,,,,2024,text,
SEVENTEEN,K-pop 보이그룹,spillover,2024,1,,,,2024,text,
SEVENTEEN,K-pop 보이그룹,spillover,2024|2025,2,,,,2025,text,
SEVENTEEN,K-pop 보이그룹,spillover,2026,1,,,,2026,text,
SEVENTEEN,K-pop 보이그룹,spillover,2025,1,,,,2025,text,
SEVENTEEN,K-pop 보이그룹,spillover,2026,1,2026-06,2026,,2026,text,0
SEVENTEEN,K-pop 보이그룹,spillover,,0,2024-10,2024,,2024,url,
SEVENTEEN,K-pop 보이그룹,spillover,,0,,,,,none,
SEVENTEEN,K-pop 보이그룹,spillover,,0,,,,,none,
SEVENTEEN,K-pop 보이그룹,spillover,,0,,,,,none,
SEVENTEEN,K-pop 보이그룹,spillover,,0,,,,,none,
SEVENTEEN,K-pop 보이그룹,spillover,,0,,,,,none,
SEVENTEEN,K-pop 보이그룹,spillover,,0,,,,,none,
SEVENTEEN,K-pop 보이그룹,spillover,,0,2024-11-04,2024,,2024,url,
SEVENTEEN,K-pop 보이그룹,spillover,,0,,,-1,,none,
SEVENTEEN,K-pop 보이그룹,spillover,,0,,,,,none,
SEVENTEEN,K-pop 보이그룹,spillover,,0,,,,,none,
SEVENTEEN,K-pop 보이그룹,spillover,,0,,,,,none,
SEVENTEEN,K-pop 보이그룹,spillover,2015,1,,,,2015,text,
SEVENTEEN,K-pop 보이그룹,spillover,,0,,,,,none,
SEVENTEEN,K-pop 보이그룹,spillover,2023,1,,,,2023,text,
SEVENTEEN,K-pop 보이그룹,spillover,,0,,,0,,none,
SEVENTEEN,K-pop 보이그룹,spillover,2023,1,,,,2023,text,
SEVENTEEN,K-pop 보이그룹,spillover,2020,1,,,,2020,text,
SEVENTEEN,K-pop 보이그룹,spillover,2022,1,,,,2022,text,
SEVENTEEN,K-pop 보이그룹,spillover,2026,1,,,,2026,text,
SEVENTEEN,K-pop 보이그룹,spillover,,0,,,,,none,
SEVENTEEN,K-pop 보이그룹,spillover,,0,,,,,none,
SEVENTEEN,K-pop 보이그룹,spillover,,0,,,,,none,
SEVENTEEN,K-pop 보이그룹,spillover,,0,,,,,none,
SEVENTEEN,K-pop 보이그룹,spillover,,0,2024-11-04,2024,,2024,url,
SEVENTEEN,K-pop 보이그룹,spillover,,0,,,,,none,
SEVENTEEN,K-pop 보이그룹,spillover,,0,,,,,none,
SEVENTEEN,K-pop 보이그룹,spillover,,0,2024-03-31,2024,,2024,url,
SEVENTEEN,K-pop 보이그룹,spillover,2015|2019,2,,,,2019,text,
SEVENTEEN,K-pop 보이그룹,spillover,2022|2024,2,,,,2024,text,
SEVENTEEN,K-pop 보이그룹,spillover,2026,1,,,,2026,text,
SEVENTEEN,K-pop 보이그룹,spillover,,0,,,,,none,
SEVENTEEN,K-pop 보이그룹,spillover,2017,1,,,0,2017,text,
SEVENTEEN,K-pop 보이그룹,spillover,2022,1,,,,2022,text,
SEVENTEEN,K-pop 보이그룹,spillover,2025,1,,,,2025,text,
SEVENTEEN,K-pop 보이그룹,spillover,,0,,,,,none,
SEVENTEEN,K-pop 보이그룹,spillover,2017,1,,,,2017,text,
SEVENTEEN,K-pop 보이그룹,spillover,2024,1,,,,2024,text,
SEVENTEEN,K-pop 보이그룹,spillover,2025,1,2025-07-17,2025,,2025,text,0
SEVENTEEN,K-pop 보이그룹,spillover,2024,1,,,,2024,text,
SEVENTEEN,K-pop 보이그룹,spillover,2019,1,,,,2019,text,
SEVENTEEN,K-pop 보이그룹,spillover,2024,1,,,,2024,text,
SEVENTEEN,K-pop 보이그룹,spillover,2025,1,,,,2025,text,
SEVENTEEN,K-pop 보이그룹,spillover,2024,1,,,,2024,text,
SEVENTEEN,K-pop 보이그룹,spillover,2026,1,,,,2026,text,
SEVENTEEN,K-pop 보이그룹,spillover,2026,1,,,,2026,text,
SEVENTEEN,K-pop 보이그룹,spillover,2026,1,,,,2026,text,
SEVENTEEN,K-pop 보이그룹,spillover,2026,1,,,-1,2026,text,
SEVENTEEN,K-pop 보이그룹,spillover,2026,1,,,,2026,text,
SEVENTEEN,K-pop 보이그룹,spillover,2026,1,,,,2026,text,
SEVENTEEN,K-pop 보이그룹,spillover,2026,1,,,,2026,text,
SEVENTEEN,K-pop 보이그룹,spillover,2026,1,,,,2026,text,
SEVENTEEN,K-pop 보이그룹,spillover,2026,1,,,,2026,text,
SEVENTEEN,K-pop 보이그룹,spillover,2024,1,,,,2024,text,
SEVENTEEN,K-pop 보이그룹,spillover,,0,,,,,none,
SEVENTEEN,K-pop 보이그룹,spillover,2024,1,,,,2024,text,
SEVENTEEN,K-pop 보이그룹,spillover,,0,,,,,none,
SEVENTEEN,K-pop 보이그룹,spillover,,0,,,,,none,
SEVENTEEN,K-pop 보이그룹,spillover,2024,1,,,,2024,text,
SEVENTEEN,K-pop 보이그룹,spillover,2023,1,,,,2023,text,
SEVENTEEN,K-pop 보이그룹,spillover,2020,1,,,,2020,text,
SEVENTEEN,K-pop 보이그룹,spillover,,0,,,,,none,
Stray Kids,K-pop 보이그룹,loyalty,,0,,,,,none,
Stray Kids,K-pop 보이그룹,loyalty,2023,1,,,,2023,text,
Stray Kids,K-pop 보이그룹,loyalty,2026,1,,,,2026,text,
Stray Kids,K-pop 보이그룹,loyalty,,0,,,,,none,
Stray Kids,K-pop 보이그룹,loyalty,2025,1,,,,2025,text,
Stray Kids,K-pop 보이그룹,loyalty,2018|2022,2,,,,2022,text,
Stray Kids,K-pop 보이그룹,loyalty,,0,,,,,none,
Stray Kids,K-pop 보이그룹,loyalty,,0,,,,,none,
Stray Kids,K-pop 보이그룹,loyalty,,0,,,,,none,
Stray Kids,K-pop 보이그룹,loyalty,,0,,,,,none,
Stray Kids,K-pop 보이그룹,loyalty,2026,1,,,,2026,text,
Stray Kids,K-pop 보이그룹,loyalty,2023,1,,,,2023,text,
Stray Kids,K-pop 보이그룹,loyalty,,0,,,,,none,
Stray Kids,K-pop 보이그룹,loyalty,2025,1,,,,2025,text,
Stray Kids,K-pop 보이그룹,loyalty,,0,,,,,none,
Stray Kids,K-pop 보이그룹,loyalty,2024|2026,2,,,,2026,text,
Stray Kids,K-pop 보이그룹,loyalty,2018|2025,2,2025-10,2025,,2025,text,0
Stray Kids,K-pop 보이그룹,loyalty,2025,1,,,,2025,text,
Stray Kids,K-pop 보이그룹,loyalty,2026,1,,,,2026,text,
Stray Kids,K-pop 보이그룹,loyalty,,0,2024-11-30,2024,,2024,url,
Stray Kids,K-pop 보이그룹,loyalty,,0,,,,,none,
Stray Kids,K-pop 보이그룹,loyalty,2024,1,,,,2024,text,
Stray Kids,K-pop 보이그룹,loyalty,2026,1,2026-07-01,2026,,2026,text,0
Stray Kids,K-pop 보이그룹,loyalty,2024,1,,,,2024,text,
Stray Kids,K-pop 보이그룹,loyalty,2024,1,,,,2024,text,
Stray Kids,K-pop 보이그룹,loyalty,2024,1,2024-11-14,2024,,2024,text,0
Stray Kids,K-pop 보이그룹,loyalty,2022,1,,,,2022,text,
Stray Kids,K-pop 보이그룹,loyalty,2026,1,,,,2026,text,
Stray Kids,K-pop 보이그룹,loyalty,,0,2026-05-27,2026,,2026,url,
Stray Kids,K-pop 보이그룹,loyalty,,0,,,,,none,
Stray Kids,K-pop 보이그룹,loyalty,,0,,,,,none,
Stray Kids,K-pop 보이그룹,loyalty,,0,,,,,none,
Stray Kids,K-pop 보이그룹,loyalty,,0,,,,,none,
Stray Kids,K-pop 보이그룹,loyalty,,0,,,,,none,
Stray Kids,K-pop 보이그룹,loyalty,,0,,,,,none,
Stray Kids,K-pop 보이그룹,loyalty,,0,,,,,none,
Stray Kids,K-pop 보이그룹,loyalty,,0,,,,,none,
Stray Kids,K-pop 보이그룹,loyalty,,0,,,,,none,
Stray Kids,K-pop 보이그룹,loyalty,,0,,,,,none,
Stray Kids,K-pop 보이그룹,loyalty,,0,2025-09-02,2025,,2025,url,
Stray Kids,K-pop 보이그룹,loyalty,,0,,,,,none,
Stray Kids,K-pop 보이그룹,loyalty,,0,,,,,none,
Stray Kids,K-pop 보이그룹,loyalty,,0,,,,,none,
Stray Kids,K-pop 보이그룹,loyalty,,0,,,,,none,
Stray Kids,K-pop 보이그룹,loyalty,2000,1,,,,2000,text,
Stray Kids,K-pop 보이그룹,loyalty,,0,2025-09-17,2025,,2025,url,
Stray Kids,K-pop 보이그룹,loyalty,,0,,,,,none,
Stray Kids,K-pop 보이그룹,loyalty,2024,1,2024-11-27,2024,,2024,text,0
Stray Kids,K-pop 보이그룹,loyalty,2023,1,,,,2023,text,
Stray Kids,K-pop 보이그룹,loyalty,2026,1,,,,2026,text,
Stray Kids,K-pop 보이그룹,loyalty,,0,,,,,none,
Stray Kids,K-pop 보이그룹,loyalty,,0,,,,,none,
Stray Kids,K-pop 보이그룹,loyalty,2025,1,,,,2025,text,
Stray Kids,K-pop 보이그룹,loyalty,2024,1,,,,2024,text,
Stray Kids,K-pop 보이그룹,loyalty,2025,1,,,,2025,text,
Stray Kids,K-pop 보이그룹,loyalty,,0,,,,,none,
Stray Kids,K-pop 보이그룹,loyalty,2025,1,2025-04-16,2025,,2025,text,0
Stray Kids,K-pop 보이그룹,loyalty,2025,1,,,,2025,text,
Stray Kids,K-pop 보이그룹,spillover,2024,1,,,,2024,text,
Stray Kids,K-pop 보이그룹,spillover,,0,,,,,none,
Stray Kids,K-pop 보이그룹,spillover,2025,1,,,,2025,text,
Stray Kids,K-pop 보이그룹,spillover,2024|2025,2,,,,2025,text,
Stray Kids,K-pop 보이그룹,spillover,,0,,,,,none,
Stray Kids,K-pop 보이그룹,spillover,2026,1,,,,2026,text,
Stray Kids,K-pop 보이그룹,spillover,,0,,,,,none,
Stray Kids,K-pop 보이그룹,spillover,2023|2024,2,,,,2024,text,
Stray Kids,K-pop 보이그룹,spillover,2025,1,,,,2025,text,
Stray Kids,K-pop 보이그룹,spillover,2025,1,,,,2025,text,
Stray Kids,K-pop 보이그룹,spillover,2025,1,,,,2025,text,
Stray Kids,K-pop 보이그룹,spillover,2023|2024|2026,3,,,,2026,text,
Stray Kids,K-pop 보이그룹,spillover,2023,1,,,,2023,text,
Stray Kids,K-pop 보이그룹,spillover,2023|2024,2,,,,2024,text,
Stray Kids,K-pop 보이그룹,spillover,,0,,,,,none,
Stray Kids,K-pop 보이그룹,spillover,2025,1,,,,2025,text,
Stray Kids,K-pop 보이그룹,spillover,,0,2025-10,2025,,2025,url,
Stray Kids,K-pop 보이그룹,spillover,2022|2025,2,,,,2025,text,
Stray Kids,K-pop 보이그룹,spillover,2022,1,,,,2022,text,
Stray Kids,K-pop 보이그룹,spillover,2020|2026,2,2026-08-17,2026,,2026,text,0
Stray Kids,K-pop 보이그룹,spillover,2024|2025,2,,,,2025,text,
Stray Kids,K-pop 보이그룹,spillover,,0,,,,,none,
Stray Kids,K-pop 보이그룹,spillover,,0,,,,,none,
Stray Kids,K-pop 보이그룹,spillover,,0,,,,,none,
Stray Kids,K-pop 보이그룹,spillover,,0,,,,,none,
Stray Kids,K-pop 보이그룹,spillover,,0,2024-11-27,2024,,2024,url,
Stray Kids,K-pop 보이그룹,spillover,,0,2024-07-09,2024,,2024,url,
Stray Kids,K-pop 보이그룹,spillover,,0,,,,,none,
Stray Kids,K-pop 보이그룹,spillover,,0,,,,,none,
Stray Kids,K-pop 보이그룹,spillover,,0,,,,,none,
Stray Kids,K-pop 보이그룹,spillover,,0,,,,,none,
Stray Kids,K-pop 보이그룹,spillover,,0,,,,,none,
Stray Kids,K-pop 보이그룹,spillover,,0,,,,,none,
Stray Kids,K-pop 보이그룹,spillover,,0,2024-11-18,2024,,2024,url,
Stray Kids,K-pop 보이그룹,spillover,2026,1,2026-05-22,2026,,2026,text,0
Stray Kids,K-pop 보이그룹,spillover,,0,2025-07-06,2025,,2025,url,
Stray Kids,K-pop 보이그룹,spillover,2026,1,2026-07-01,2026,,2026,text,0
Stray Kids,K-pop 보이그룹,spillover,,0,,,,,none,
Stray Kids,K-pop 보이그룹,spillover,2022|2024,2,2022-09-29,2022,,2024,text,2
Stray Kids,K-pop 보이그룹,spillover,,0,,,,,none,
Stray Kids,K-pop 보이그룹,spillover,,0,2024-11-15,2024,,2024,url,
Stray Kids,K-pop 보이그룹,spillover,,0,,,,,none,
Stray Kids,K-pop 보이그룹,spillover,2020|2021|2023|2026,4,,,,2026,text,
Stray Kids,K-pop 보이그룹,spillover,2023,1,,,,2023,text,
Stray Kids,K-pop 보이그룹,spillover,2026,1,,,,2026,text,
Stray Kids,K-pop 보이그룹,spillover,,0,2025-09-02,2025,,2025,url,
Stray Kids,K-pop 보이그룹,spillover,2026,1,2025-11-29,2025,,2026,text,1
Stray Kids,K-pop 보이그룹,spillover,,0,,,,,none,
Stray Kids,K-pop 보이그룹,spillover,,0,2026-05-22,2026,,2026,url,
Stray Kids,K-pop 보이그룹,spillover,2025,1,2025-11,2025,,2025,text,0
Stray Kids,K-pop 보이그룹,spillover,,0,,,,,none,
Stray Kids,K-pop 보이그룹,spillover,,0,,,,,none,
Stray Kids,K-pop 보이그룹,spillover,,0,,,,,none,
Stray Kids,K-pop 보이그룹,spillover,,0,2026-03,2026,,2026,url,
Stray Kids,K-pop 보이그룹,spillover,,0,,,,,none,
Stray Kids,K-pop 보이그룹,spillover,,0,,,,,none,
Stray Kids,K-pop 보이그룹,spillover,,0,,,,,none,
Stray Kids,K-pop 보이그룹,spillover,,0,2025-11,2025,,2025,url,
Stray Kids,K-pop 보이그룹,spillover,,0,,,,,none,
Stray Kids,K-pop 보이그룹,spillover,,0,,,,,none,
Stray Kids,K-pop 보이그룹,spillover,,0,,,,,none,
Stray Kids,K-pop 보이그룹,spillover,2020,1,,,,2020,text,
Stray Kids,K-pop 보이그룹,spillover,,0,2025-11-29,2025,,2025,url,
Stray Kids,K-pop 보이그룹,spillover,,0,,,,,none,
Stray Kids,K-pop 보이그룹,spillover,,0,,,,,none,
Stray Kids,K-pop 보이그룹,spillover,2025,1,,,,2025,text,
Stray Kids,K-pop 보이그룹,spillover,2021,1,,,,2021,text,
Stray Kids,K-pop 보이그룹,spillover,2026,1,,,,2026,text,
Stray Kids,K-pop 보이그룹,spillover,2026,1,,,,2026,text,
Stray Kids,K-pop 보이그룹,spillover,2024,1,,,,2024,text,
Stray Kids,K-pop 보이그룹,spillover,2024,1,,,,2024,text,
Stray Kids,K-pop 보이그룹,spillover,,0,,,,,none,
Stray Kids,K-pop 보이그룹,spillover,,0,2025-04-08,2025,,2025,url,
Stray Kids,K-pop 보이그룹,spillover,2026,1,,,,2026,text,
Stray Kids,K-pop 보이그룹,spillover,2026,1,,,,2026,text,
Stray Kids,K-pop 보이그룹,spillover,2026,1,,,,2026,text,
Stray Kids,K-pop 보이그룹,spillover,2023,1,,,,2023,text,
Stray Kids,K-pop 보이그룹,spillover,2024,1,,,,2024,text,
Stray Kids,K-pop 보이그룹,spillover,2023|2024,2,,,,2024,text,
Stray Kids,K-pop 보이그룹,spillover,2025,1,,,,2025,text,
Stray Kids,K-pop 보이그룹,spillover,2025,1,,,,2025,text,
Stray Kids,K-pop 보이그룹,spillover,2023,1,,,,2023,text,
Stray Kids,K-pop 보이그룹,spillover,2024,1,,,,2024,text,
Stray Kids,K-pop 보이그룹,spillover,2020,1,,,,2020,text,
Stray Kids,K-pop 보이그룹,spillover,2019,1,,,,2019,text,
Stray Kids,K-pop 보이그룹,spillover,2026,1,2026-09-09,2026,,2026,text,0
Stray Kids,K-pop 보이그룹,spillover,2025,1,,,,2025,text,
Stray Kids,K-pop 보이그룹,spillover,2026,1,2026-04,2026,-1,2026,text,0
Stray Kids,K-pop 보이그룹,spillover,2025,1,2025-01,2025,-1,2025,text,0
Stray Kids,K-pop 보이그룹,spillover,2022,1,,,,2022,text,
Stray Kids,K-pop 보이그룹,spillover,2025,1,,,,2025,text,
Stray Kids,K-pop 보이그룹,spillover,2018,1,,,,2018,text,
Stray Kids,K-pop 보이그룹,spillover,2024,1,,,,2024,text,
Stray Kids,K-pop 보이그룹,spillover,,0,,,,,none,
Stray Kids,K-pop 보이그룹,spillover,,0,,,,,none,
Stray Kids,K-pop 보이그룹,spillover,,0,,,,,none,
Stray Kids,K-pop 보이그룹,spillover,,0,,,,,none,
Stray Kids,K-pop 보이그룹,spillover,,0,,,,,none,
Stray Kids,K-pop 보이그룹,spillover,,0,,,,,none,
Stray Kids,K-pop 보이그룹,spillover,2024,1,,,,2024,text,
Stray Kids,K-pop 보이그룹,spillover,,0,,,,,none,
Stray Kids,K-pop 보이그룹,spillover,2026,1,,,,2026,text,
Stray Kids,K-pop 보이그룹,spillover,2018,1,,,,2018,text,
Stray Kids,K-pop 보이그룹,spillover,2025,1,,,,2025,text,
Stray Kids,K-pop 보이그룹,spillover,2026,1,,,,2026,text,
RIIZE,K-pop 보이그룹,loyalty,,0,,,,,none,
RIIZE,K-pop 보이그룹,loyalty,2024,1,,,,2024,text,
RIIZE,K-pop 보이그룹,loyalty,2025|2026,2,,,,2026,text,
RIIZE,K-pop 보이그룹,loyalty,2025,1,,,,2025,text,
RIIZE,K-pop 보이그룹,loyalty,,0,,,,,none,
RIIZE,K-pop 보이그룹,loyalty,,0,,,,,none,
RIIZE,K-pop 보이그룹,loyalty,,0,,,,,none,
RIIZE,K-pop 보이그룹,loyalty,2024,1,,,,2024,text,
RIIZE,K-pop 보이그룹,loyalty,,0,,,,,none,
RIIZE,K-pop 보이그룹,loyalty,2025,1,,,,2025,text,
RIIZE,K-pop 보이그룹,loyalty,2025,1,,,,2025,text,
RIIZE,K-pop 보이그룹,loyalty,2024,1,,,,2024,text,
RIIZE,K-pop 보이그룹,loyalty,2025,1,,,,2025,text,
RIIZE,K-pop 보이그룹,loyalty,2023,1,,,,2023,text,
RIIZE,K-pop 보이그룹,loyalty,2024|2025|2026,3,,,,2026,text,
RIIZE,K-pop 보이그룹,loyalty,2026,1,2026-08-27,2026,,2026,text,0
RIIZE,K-pop 보이그룹,loyalty,2026,1,,,,2026,text,
RIIZE,K-pop 보이그룹,loyalty,,0,,,0,,none,
RIIZE,K-pop 보이그룹,loyalty,2026,1,,,,2026,text,
RIIZE,K-pop 보이그룹,loyalty,2026,1,,,,2026,text,
RIIZE,K-pop 보이그룹,loyalty,,0,,,,,none,
RIIZE,K-pop 보이그룹,loyalty,2000,1,,,,2000,text,
RIIZE,K-pop 보이그룹,loyalty,2025,1,2025-11-25,2025,,2025,text,0
RIIZE,K-pop 보이그룹,loyalty,,0,,,,,none,
RIIZE,K-pop 보이그룹,loyalty,,0,,,,,none,
RIIZE,K-pop 보이그룹,loyalty,2024|2025,2,2025-07-18,2025,,2025,text,0
RIIZE,K-pop 보이그룹,loyalty,,0,,,,,none,
RIIZE,K-pop 보이그룹,loyalty,,0,,,,,none,
RIIZE,K-pop 보이그룹,loyalty,,0,,,,,none,
RIIZE,K-pop 보이그룹,loyalty,,0,,,,,none,
RIIZE,K-pop 보이그룹,loyalty,2025,1,,,,2025,text,
RIIZE,K-pop 보이그룹,loyalty,2024,1,2024-12-31,2024,,2024,text,0
RIIZE,K-pop 보이그룹,loyalty,,0,,,,,none,
RIIZE,K-pop 보이그룹,loyalty,,0,,,,,none,
RIIZE,K-pop 보이그룹,loyalty,2026,1,,,,2026,text,
RIIZE,K-pop 보이그룹,loyalty,2023,1,,,,2023,text,
RIIZE,K-pop 보이그룹,loyalty,,0,,,,,none,
RIIZE,K-pop 보이그룹,loyalty,,0,,,,,none,
RIIZE,K-pop 보이그룹,loyalty,,0,,,,,none,
RIIZE,K-pop 보이그룹,loyalty,2026,1,,,,2026,text,
RIIZE,K-pop 보이그룹,loyalty,2025,1,,,,2025,text,
RIIZE,K-pop 보이그룹,loyalty,2025,1,,,,2025,text,
RIIZE,K-pop 보이그룹,loyalty,2023,1,,,,2023,text,
RIIZE,K-pop 보이그룹,loyalty,2026,1,,,,2026,text,
RIIZE,K-pop 보이그룹,loyalty,,0,,,,,none,
RIIZE,K-pop 보이그룹,spillover,2023,1,,,,2023,text,
RIIZE,K-pop 보이그룹,spillover,2023,1,,,,2023,text,
RIIZE,K-pop 보이그룹,spillover,2023,1,,,,2023,text,
RIIZE,K-pop 보이그룹,spillover,2024,1,,,,2024,text,
RIIZE,K-pop 보이그룹,spillover,2025,1,,,,2025,text,
RIIZE,K-pop 보이그룹,spillover,2025,1,,,,2025,text,
RIIZE,K-pop 보이그룹,spillover,,0,,,,,none,
RIIZE,K-pop 보이그룹,spillover,2023|2024|2025,3,,,,2025,text,
RIIZE,K-pop 보이그룹,spillover,2024,1,,,,2024,text,
RIIZE,K-pop 보이그룹,spillover,2024,1,,,,2024,text,
RIIZE,K-pop 보이그룹,spillover,2023,1,,,,2023,text,
RIIZE,K-pop 보이그룹,spillover,2024,1,,,,2024,text,
RIIZE,K-pop 보이그룹,spillover,2025,1,,,,2025,text,
RIIZE,K-pop 보이그룹,spillover,2023,1,2023-12,2023,,2023,text,0
RIIZE,K-pop 보이그룹,spillover,2023|2024|2025,3,,,,2025,text,
RIIZE,K-pop 보이그룹,spillover,2023|2024,2,,,,2024,text,
RIIZE,K-pop 보이그룹,spillover,2026,1,2026-07-14,2026,,2026,text,0
RIIZE,K-pop 보이그룹,spillover,2026,1,,,,2026,text,
RIIZE,K-pop 보이그룹,spillover,,0,2023-12-11,2023,,2023,url,
RIIZE,K-pop 보이그룹,spillover,2026,1,,,,2026,text,
RIIZE,K-pop 보이그룹,spillover,,0,2025-03,2025,,2025,url,
RIIZE,K-pop 보이그룹,spillover,,0,2026-08,2026,,2026,url,
RIIZE,K-pop 보이그룹,spillover,,0,,,,,none,
RIIZE,K-pop 보이그룹,spillover,,0,,,,,none,
RIIZE,K-pop 보이그룹,spillover,,0,,,,,none,
RIIZE,K-pop 보이그룹,spillover,,0,,,,,none,
RIIZE,K-pop 보이그룹,spillover,,0,,,,,none,
RIIZE,K-pop 보이그룹,spillover,,0,,,,,none,
RIIZE,K-pop 보이그룹,spillover,,0,,,,,none,
RIIZE,K-pop 보이그룹,spillover,2024,1,,,,2024,text,
RIIZE,K-pop 보이그룹,spillover,,0,,,,,none,
RIIZE,K-pop 보이그룹,spillover,,0,,,,,none,
RIIZE,K-pop 보이그룹,spillover,,0,,,,,none,
RIIZE,K-pop 보이그룹,spillover,,0,,,,,none,
RIIZE,K-pop 보이그룹,spillover,2026,1,,,,2026,text,
RIIZE,K-pop 보이그룹,spillover,2025|2026,2,,,,2026,text,
RIIZE,K-pop 보이그룹,spillover,,0,,,,,none,
RIIZE,K-pop 보이그룹,spillover,,0,2023-11-28,2023,,2023,url,
RIIZE,K-pop 보이그룹,spillover,,0,,,,,none,
RIIZE,K-pop 보이그룹,spillover,,0,,,,,none,
RIIZE,K-pop 보이그룹,spillover,,0,,,,,none,
RIIZE,K-pop 보이그룹,spillover,,0,,,,,none,
RIIZE,K-pop 보이그룹,spillover,,0,,,,,none,
RIIZE,K-pop 보이그룹,spillover,,0,,,,,none,
RIIZE,K-pop 보이그룹,spillover,,0,,,,,none,
RIIZE,K-pop 보이그룹,spillover,,0,2025-03-18,2025,,2025,url,
RIIZE,K-pop 보이그룹,spillover,,0,,,,,none,
RIIZE,K-pop 보이그룹,spillover,,0,,,,,none,
RIIZE,K-pop 보이그룹,spillover,,0,,,,,none,
RIIZE,K-pop 보이그룹,spillover,,0,,,,,none,
RIIZE,K-pop 보이그룹,spillover,2022,1,,,,2022,text,
RIIZE,K-pop 보이그룹,spillover,2023,1,,,,2023,text,
RIIZE,K-pop 보이그룹,spillover,2023,1,,,,2023,text,
RIIZE,K-pop 보이그룹,spillover,,0,2023-11-22,2023,,2023,url,
RIIZE,K-pop 보이그룹,spillover,2026,1,2026-08-08,2026,,2026,text,0
RIIZE,K-pop 보이그룹,spillover,2026,1,,,,2026,text,
RIIZE,K-pop 보이그룹,spillover,2025,1,,,,2025,text,
RIIZE,K-pop 보이그룹,spillover,2023,1,,,,2023,text,
RIIZE,K-pop 보이그룹,spillover,2025,1,,,,2025,text,
RIIZE,K-pop 보이그룹,spillover,2024,1,,,,2024,text,
RIIZE,K-pop 보이그룹,spillover,2024,1,,,,2024,text,
RIIZE,K-pop 보이그룹,spillover,2024,1,,,,2024,text,
RIIZE,K-pop 보이그룹,spillover,2026,1,,,,2026,text,
RIIZE,K-pop 보이그룹,spillover,2026,1,,,,2026,text,
RIIZE,K-pop 보이그룹,spillover,2026,1,,,,2026,text,
RIIZE,K-pop 보이그룹,spillover,2026,1,,,,2026,text,
RIIZE,K-pop 보이그룹,spillover,2026,1,2026-07,2026,,2026,text,0
RIIZE,K-pop 보이그룹,spillover,2026,1,2026-03-08,2026,,2026,text,0
RIIZE,K-pop 보이그룹,spillover,,0,,,,,none,
RIIZE,K-pop 보이그룹,spillover,,0,,,,,none,
RIIZE,K-pop 보이그룹,spillover,,0,,,,,none,
RIIZE,K-pop 보이그룹,spillover,,0,,,,,none,
RIIZE,K-pop 보이그룹,spillover,,0,,,,,none,
RIIZE,K-pop 보이그룹,spillover,2023,1,,,,2023,text,
RIIZE,K-pop 보이그룹,spillover,,0,,,,,none,
RIIZE,K-pop 보이그룹,spillover,,0,2026-03-24,2026,,2026,url,
NCT,K-pop 보이그룹,loyalty,2024,1,,,,2024,text,
NCT,K-pop 보이그룹,loyalty,2020,1,,,,2020,text,
NCT,K-pop 보이그룹,loyalty,2021,1,,,,2021,text,
NCT,K-pop 보이그룹,loyalty,2020,1,,,,2020,text,
NCT,K-pop 보이그룹,loyalty,2020,1,,,,2020,text,
NCT,K-pop 보이그룹,loyalty,2023,1,,,,2023,text,
NCT,K-pop 보이그룹,loyalty,2021,1,,,,2021,text,
NCT,K-pop 보이그룹,loyalty,,0,,,,,none,
NCT,K-pop 보이그룹,loyalty,2024,1,,,,2024,text,
NCT,K-pop 보이그룹,loyalty,2020,1,,,,2020,text,
NCT,K-pop 보이그룹,loyalty,2021,1,,,,2021,text,
NCT,K-pop 보이그룹,loyalty,2020,1,,,,2020,text,
NCT,K-pop 보이그룹,loyalty,2020,1,,,,2020,text,
NCT,K-pop 보이그룹,loyalty,2023,1,,,,2023,text,
NCT,K-pop 보이그룹,loyalty,2016|2020,2,,,,2020,text,
NCT,K-pop 보이그룹,loyalty,2016,1,,,,2016,text,
NCT,K-pop 보이그룹,loyalty,2025,1,2025-07-13,2025,,2025,text,0
NCT,K-pop 보이그룹,loyalty,2024,1,,,,2024,text,
NCT,K-pop 보이그룹,loyalty,2021,1,,,,2021,text,
NCT,K-pop 보이그룹,loyalty,2025,1,2025-10,2025,,2025,text,0
NCT,K-pop 보이그룹,loyalty,2025,1,2025-05,2025,,2025,text,0
NCT,K-pop 보이그룹,loyalty,,0,2024-12-24,2024,,2024,url,
NCT,K-pop 보이그룹,loyalty,,0,,,,,none,
NCT,K-pop 보이그룹,loyalty,,0,,,,,none,
NCT,K-pop 보이그룹,loyalty,2024,1,,,,2024,text,
NCT,K-pop 보이그룹,loyalty,2025,1,2025-09-28,2025,,2025,text,0
NCT,K-pop 보이그룹,loyalty,2025,1,,,,2025,text,
NCT,K-pop 보이그룹,loyalty,2022,1,,,,2022,text,
NCT,K-pop 보이그룹,loyalty,2023|2025,2,2025-05-13,2025,,2025,text,0
NCT,K-pop 보이그룹,loyalty,2025,1,,,,2025,text,
NCT,K-pop 보이그룹,loyalty,2026,1,,,,2026,text,
NCT,K-pop 보이그룹,loyalty,2026,1,,,,2026,text,
NCT,K-pop 보이그룹,loyalty,,0,,,,,none,
NCT,K-pop 보이그룹,loyalty,,0,2026-04-08,2026,,2026,url,
NCT,K-pop 보이그룹,loyalty,,0,,,,,none,
NCT,K-pop 보이그룹,loyalty,,0,2025-04-21,2025,,2025,url,
NCT,K-pop 보이그룹,loyalty,2026,1,,,,2026,text,
NCT,K-pop 보이그룹,loyalty,2022,1,,,,2022,text,
NCT,K-pop 보이그룹,loyalty,,0,,,,,none,
NCT,K-pop 보이그룹,loyalty,,0,,,,,none,
NCT,K-pop 보이그룹,loyalty,,0,,,,,none,
NCT,K-pop 보이그룹,loyalty,2026,1,,,,2026,text,
NCT,K-pop 보이그룹,loyalty,,0,,,,,none,
NCT,K-pop 보이그룹,loyalty,2026,1,2026-07-31,2026,,2026,text,0
NCT,K-pop 보이그룹,loyalty,2024,1,,,,2024,text,
NCT,K-pop 보이그룹,loyalty,,0,2023-07-01,2023,,2023,url,
NCT,K-pop 보이그룹,loyalty,,0,,,,,none,
NCT,K-pop 보이그룹,loyalty,,0,,,,,none,
NCT,K-pop 보이그룹,loyalty,,0,,,,,none,
NCT,K-pop 보이그룹,loyalty,,0,,,,,none,
NCT,K-pop 보이그룹,loyalty,2024,1,,,,2024,text,
NCT,K-pop 보이그룹,loyalty,2026,1,,,,2026,text,
NCT,K-pop 보이그룹,loyalty,2025,1,,,,2025,text,
NCT,K-pop 보이그룹,loyalty,2025,1,,,,2025,text,
NCT,K-pop 보이그룹,loyalty,,0,,,,,none,
NCT,K-pop 보이그룹,loyalty,2026,1,,,,2026,text,
NCT,K-pop 보이그룹,loyalty,,0,,,,,none,
NCT,K-pop 보이그룹,loyalty,,0,,,,,none,
NCT,K-pop 보이그룹,loyalty,,0,,,,,none,
NCT,K-pop 보이그룹,loyalty,,0,,,,,none,
NCT,K-pop 보이그룹,loyalty,2020,1,,,,2020,text,
NCT,K-pop 보이그룹,loyalty,,0,,,,,none,
NCT,K-pop 보이그룹,loyalty,,0,,,,,none,
NCT,K-pop 보이그룹,loyalty,,0,,,,,none,
NCT,K-pop 보이그룹,loyalty,,0,,,,,none,
NCT,K-pop 보이그룹,loyalty,2026,1,,,,2026,text,
NCT,K-pop 보이그룹,loyalty,2024,1,,,,2024,text,
NCT,K-pop 보이그룹,spillover,2023,1,,,,2023,text,
NCT,K-pop 보이그룹,spillover,2024,1,,,,2024,text,
NCT,K-pop 보이그룹,spillover,2020,1,,,,2020,text,
NCT,K-pop 보이그룹,spillover,,0,,,,,none,
NCT,K-pop 보이그룹,spillover,2024,1,,,,2024,text,
NCT,K-pop 보이그룹,spillover,2019,1,,,,2019,text,
NCT,K-pop 보이그룹,spillover,2018,1,,,,2018,text,
NCT,K-pop 보이그룹,spillover,2023,1,,,,2023,text,
NCT,K-pop 보이그룹,spillover,2025,1,2025-07-13,2025,,2025,text,0
NCT,K-pop 보이그룹,spillover,2025,1,,,,2025,text,
NCT,K-pop 보이그룹,spillover,2025,1,2025-04,2025,,2025,text,0
NCT,K-pop 보이그룹,spillover,2024,1,,,,2024,text,
NCT,K-pop 보이그룹,spillover,,0,,,,,none,
NCT,K-pop 보이그룹,spillover,2025,1,,,,2025,text,
NCT,K-pop 보이그룹,spillover,,0,2024-04-09,2024,,2024,url,
NCT,K-pop 보이그룹,spillover,,0,,,,,none,
NCT,K-pop 보이그룹,spillover,,0,,,,,none,
NCT,K-pop 보이그룹,spillover,,0,,,,,none,
NCT,K-pop 보이그룹,spillover,,0,,,,,none,
NCT,K-pop 보이그룹,spillover,,0,,,,,none,
NCT,K-pop 보이그룹,spillover,2025,1,,,,2025,text,
NCT,K-pop 보이그룹,spillover,2022,1,,,,2022,text,
NCT,K-pop 보이그룹,spillover,2022,1,,,,2022,text,
NCT,K-pop 보이그룹,spillover,2025,1,,,,2025,text,
NCT,K-pop 보이그룹,spillover,2025,1,,,,2025,text,
NCT,K-pop 보이그룹,spillover,,0,2024-11,2024,,2024,url,
NCT,K-pop 보이그룹,spillover,2024,1,2024-05-08,2024,,2024,text,0
NCT,K-pop 보이그룹,spillover,,0,2022-07-15,2022,,2022,url,
NCT,K-pop 보이그룹,spillover,,0,,,,,none,
NCT,K-pop 보이그룹,spillover,,0,,,,,none,
NCT,K-pop 보이그룹,spillover,,0,2026-01-30,2026,,2026,url,
NCT,K-pop 보이그룹,spillover,,0,,,,,none,
NCT,K-pop 보이그룹,spillover,2026,1,,,,2026,text,
NCT,K-pop 보이그룹,spillover,2026,1,,,,2026,text,
NCT,K-pop 보이그룹,spillover,2026,1,,,,2026,text,
NCT,K-pop 보이그룹,spillover,,0,2026-02-26,2026,,2026,url,
NCT,K-pop 보이그룹,spillover,2025,1,2026-02-26,2026,,2025,text,-1
NCT,K-pop 보이그룹,spillover,2026,1,,,,2026,text,
NCT,K-pop 보이그룹,spillover,,0,,,,,none,
NCT,K-pop 보이그룹,spillover,,0,,,,,none,
NCT,K-pop 보이그룹,spillover,,0,2026-05-25,2026,,2026,url,
NCT,K-pop 보이그룹,spillover,,0,,,,,none,
NCT,K-pop 보이그룹,spillover,,0,,,,,none,
NCT,K-pop 보이그룹,spillover,,0,,,,,none,
NCT,K-pop 보이그룹,spillover,,0,,,,,none,
NCT,K-pop 보이그룹,spillover,,0,,,,,none,
NCT,K-pop 보이그룹,spillover,2026,1,,,,2026,text,
NCT,K-pop 보이그룹,spillover,2026,1,,,,2026,text,
NCT,K-pop 보이그룹,spillover,2021,1,,,,2021,text,
NCT,K-pop 보이그룹,spillover,2017|2018|2019|2021|2022|2023|2024|2025,8,,,,2025,text,
NCT,K-pop 보이그룹,spillover,2025|2026,2,,,,2026,text,
NCT,K-pop 보이그룹,spillover,2022,1,,,,2022,text,
NCT,K-pop 보이그룹,spillover,2025,1,,,,2025,text,
NCT,K-pop 보이그룹,spillover,2019|2020,2,,,,2020,text,
NCT,K-pop 보이그룹,spillover,2024,1,,,,2024,text,
NCT,K-pop 보이그룹,spillover,2021|2022,2,,,,2022,text,
NCT,K-pop 보이그룹,spillover,2024,1,2024-10-01,2024,,2024,text,0
NCT,K-pop 보이그룹,spillover,2026,1,2026-08-08,2026,,2026,text,0
NCT,K-pop 보이그룹,spillover,,0,,,,,none,
NCT,K-pop 보이그룹,spillover,,0,,,,,none,
NCT,K-pop 보이그룹,spillover,,0,,,,,none,
NCT,K-pop 보이그룹,spillover,2025,1,,,,2025,text,
NCT,K-pop 보이그룹,spillover,2023,1,,,,2023,text,
NCT,K-pop 보이그룹,spillover,,0,,,,,none,
NCT,K-pop 보이그룹,spillover,2022,1,,,,2022,text,
NCT,K-pop 보이그룹,spillover,2023,1,,,,2023,text,
NCT,K-pop 보이그룹,spillover,2021,1,,,,2021,text,
NCT,K-pop 보이그룹,spillover,,0,,,,,none,
NCT,K-pop 보이그룹,spillover,2022|2024,2,,,,2024,text,
NCT,K-pop 보이그룹,spillover,,0,,,,,none,
NCT,K-pop 보이그룹,spillover,2022,1,,,,2022,text,
NCT,K-pop 보이그룹,spillover,2016|2018|2023,3,,,,2023,text,
NCT,K-pop 보이그룹,spillover,2021,1,,,,2021,text,
NCT,K-pop 보이그룹,spillover,2017,1,,,,2017,text,
NCT,K-pop 보이그룹,spillover,2025,1,,,,2025,text,
NCT,K-pop 보이그룹,spillover,2025|2026,2,,,,2026,text,
NCT,K-pop 보이그룹,spillover,2024|2026,2,2026-05,2026,,2026,text,0
NCT,K-pop 보이그룹,spillover,2025|2026,2,,,,2026,text,
NCT,K-pop 보이그룹,spillover,2026,1,,,,2026,text,
NCT,K-pop 보이그룹,spillover,2025,1,,,,2025,text,
NCT,K-pop 보이그룹,spillover,2026,1,,,,2026,text,
NCT,K-pop 보이그룹,spillover,2024,1,,,,2024,text,
NCT,K-pop 보이그룹,spillover,2026,1,,,,2026,text,
NCT,K-pop 보이그룹,spillover,2026,1,,,,2026,text,
NCT,K-pop 보이그룹,spillover,,0,,,,,none,
NCT,K-pop 보이그룹,spillover,,0,,,,,none,
NCT,K-pop 보이그룹,spillover,,0,,,,,none,
NCT,K-pop 보이그룹,spillover,,0,,,,,none,
NCT,K-pop 보이그룹,spillover,,0,,,,,none,
NCT,K-pop 보이그룹,spillover,,0,,,,,none,
NCT,K-pop 보이그룹,spillover,,0,,,,,none,
NCT,K-pop 보이그룹,spillover,,0,,,,,none,
NCT,K-pop 보이그룹,spillover,,0,,,,,none,
NCT,K-pop 보이그룹,spillover,2023,1,,,,2023,text,
NCT,K-pop 보이그룹,spillover,2016,1,,,,2016,text,
NCT,K-pop 보이그룹,spillover,2024,1,,,,2024,text,
NCT,K-pop 보이그룹,spillover,,0,2023-01-22,2023,,2023,url,
동방신기,K-pop 보이그룹,loyalty,2008,1,2019-01-10,2019,,2008,text,-11
동방신기,K-pop 보이그룹,loyalty,2025,1,2025-04-28,2025,,2025,text,0
동방신기,K-pop 보이그룹,loyalty,2013|2017|2026,3,,,,2026,text,
동방신기,K-pop 보이그룹,loyalty,2003|2025,2,2025-04-02,2025,,2025,text,0
동방신기,K-pop 보이그룹,loyalty,2008,1,,,,2008,text,
동방신기,K-pop 보이그룹,loyalty,2017|2018,2,,,,2018,text,
동방신기,K-pop 보이그룹,loyalty,2013,1,,,,2013,text,
동방신기,K-pop 보이그룹,loyalty,2012,1,,,,2012,text,
동방신기,K-pop 보이그룹,loyalty,2008,1,,,,2008,text,
동방신기,K-pop 보이그룹,loyalty,2010,1,,,,2010,text,
동방신기,K-pop 보이그룹,loyalty,2017|2018,2,,,,2018,text,
동방신기,K-pop 보이그룹,loyalty,2013,1,,,,2013,text,
동방신기,K-pop 보이그룹,loyalty,2023,1,2023-11-02,2023,,2023,text,0
동방신기,K-pop 보이그룹,loyalty,,0,,,,,none,
동방신기,K-pop 보이그룹,loyalty,,0,,,,,none,
동방신기,K-pop 보이그룹,loyalty,2024,1,2024-04-20,2024,,2024,text,0
동방신기,K-pop 보이그룹,loyalty,2020,1,,,,2020,text,
동방신기,K-pop 보이그룹,loyalty,2020,1,2020-12-27,2020,,2020,text,0
동방신기,K-pop 보이그룹,loyalty,,0,,,,,none,
동방신기,K-pop 보이그룹,loyalty,,0,,,,,none,
동방신기,K-pop 보이그룹,loyalty,,0,,,,,none,
동방신기,K-pop 보이그룹,loyalty,,0,,,,,none,
동방신기,K-pop 보이그룹,loyalty,2013,1,,,,2013,text,
동방신기,K-pop 보이그룹,loyalty,,0,,,,,none,
동방신기,K-pop 보이그룹,loyalty,,0,,,,,none,
동방신기,K-pop 보이그룹,loyalty,,0,,,,,none,
동방신기,K-pop 보이그룹,loyalty,2020,1,2020-12-27,2020,,2020,text,0
동방신기,K-pop 보이그룹,loyalty,,0,,,,,none,
동방신기,K-pop 보이그룹,loyalty,2025,1,2025-07-21,2025,,2025,text,0
동방신기,K-pop 보이그룹,loyalty,2019|2020|2022|2023,4,2025-07-21,2025,,2023,text,-2
동방신기,K-pop 보이그룹,loyalty,,0,,,,,none,
동방신기,K-pop 보이그룹,spillover,,0,,,,,none,
동방신기,K-pop 보이그룹,spillover,,0,,,,,none,
동방신기,K-pop 보이그룹,spillover,2010,1,,,,2010,text,
동방신기,K-pop 보이그룹,spillover,2010,1,,,,2010,text,
동방신기,K-pop 보이그룹,spillover,,0,,,,,none,
동방신기,K-pop 보이그룹,spillover,2014,1,,,,2014,text,
동방신기,K-pop 보이그룹,spillover,2012,1,,,,2012,text,
동방신기,K-pop 보이그룹,spillover,2009,1,,,,2009,text,
동방신기,K-pop 보이그룹,spillover,2024,1,2024-04-30,2024,,2024,text,0
동방신기,K-pop 보이그룹,spillover,,0,,,,,none,
동방신기,K-pop 보이그룹,spillover,,0,,,,,none,
동방신기,K-pop 보이그룹,spillover,2026,1,,,,2026,text,
동방신기,K-pop 보이그룹,spillover,,0,,,,,none,
동방신기,K-pop 보이그룹,spillover,,0,,,,,none,
동방신기,K-pop 보이그룹,spillover,,0,,,,,none,
동방신기,K-pop 보이그룹,spillover,2026,1,,,,2026,text,
동방신기,K-pop 보이그룹,spillover,2026,1,,,,2026,text,
동방신기,K-pop 보이그룹,spillover,2025,1,,,,2025,text,
동방신기,K-pop 보이그룹,spillover,2018,1,,,,2018,text,
동방신기,K-pop 보이그룹,spillover,2008|2012,2,,,,2012,text,
동방신기,K-pop 보이그룹,spillover,2011|2014,2,,,,2014,text,
동방신기,K-pop 보이그룹,spillover,,0,,,,,none,
동방신기,K-pop 보이그룹,spillover,,0,,,,,none,
동방신기,K-pop 보이그룹,spillover,,0,,,,,none,
동방신기,K-pop 보이그룹,spillover,,0,,,,,none,
동방신기,K-pop 보이그룹,spillover,,0,,,,,none,
동방신기,K-pop 보이그룹,spillover,,0,,,,,none,
동방신기,K-pop 보이그룹,spillover,,0,2024-04-30,2024,,2024,url,
동방신기,K-pop 보이그룹,spillover,,0,,,,,none,
동방신기,K-pop 보이그룹,spillover,,0,,,,,none,
동방신기,K-pop 보이그룹,spillover,2025,1,,,,2025,text,
동방신기,K-pop 보이그룹,spillover,2018|2024,2,,,,2024,text,
동방신기,K-pop 보이그룹,spillover,2012|2017,2,,,,2017,text,
동방신기,K-pop 보이그룹,spillover,,0,,,,,none,
동방신기,K-pop 보이그룹,spillover,2005,1,,,,2005,text,
동방신기,K-pop 보이그룹,spillover,2008|2011,2,,,,2011,text,
동방신기,K-pop 보이그룹,spillover,2018,1,,,,2018,text,
동방신기,K-pop 보이그룹,spillover,2012|2015|2016,3,,,,2016,text,
동방신기,K-pop 보이그룹,spillover,2007,1,,,,2007,text,
동방신기,K-pop 보이그룹,spillover,2007,1,,,,2007,text,
동방신기,K-pop 보이그룹,spillover,,0,2017-08-22,2017,,2017,url,
동방신기,K-pop 보이그룹,spillover,2026,1,2026-08-08,2026,,2026,text,0
동방신기,K-pop 보이그룹,spillover,,0,,,,,none,
동방신기,K-pop 보이그룹,spillover,2011,1,2011-05-12,2011,,2011,text,0
동방신기,K-pop 보이그룹,spillover,2025,1,,,,2025,text,
동방신기,K-pop 보이그룹,spillover,2026,1,,,,2026,text,
동방신기,K-pop 보이그룹,spillover,2025,1,,,,2025,text,
동방신기,K-pop 보이그룹,spillover,,0,,,,,none,
동방신기,K-pop 보이그룹,spillover,2004,1,,,,2004,text,
동방신기,K-pop 보이그룹,spillover,,0,2019-09-30,2019,,2019,url,
동방신기,K-pop 보이그룹,spillover,,0,2018-04,2018,,2018,url,
빅뱅,K-pop 보이그룹,loyalty,2026,1,,,,2026,text,
빅뱅,K-pop 보이그룹,loyalty,2026,1,,,,2026,text,
빅뱅,K-pop 보이그룹,loyalty,,0,,,,,none,
빅뱅,K-pop 보이그룹,loyalty,2015,1,,,,2015,text,
빅뱅,K-pop 보이그룹,loyalty,2012,1,,,,2012,text,
빅뱅,K-pop 보이그룹,loyalty,2011,1,,,,2011,text,
빅뱅,K-pop 보이그룹,loyalty,,0,,,,,none,
빅뱅,K-pop 보이그룹,loyalty,2015|2016|2017,3,,,,2017,text,
빅뱅,K-pop 보이그룹,loyalty,2026,1,,,,2026,text,
빅뱅,K-pop 보이그룹,loyalty,2026,1,2026-06-25,2026,,2026,text,0
빅뱅,K-pop 보이그룹,loyalty,2026,1,,,,2026,text,
빅뱅,K-pop 보이그룹,loyalty,,0,,,,,none,
빅뱅,K-pop 보이그룹,loyalty,2015|2026,2,,,,2026,text,
빅뱅,K-pop 보이그룹,loyalty,2026,1,,,,2026,text,
빅뱅,K-pop 보이그룹,loyalty,2026,1,,,,2026,text,
빅뱅,K-pop 보이그룹,loyalty,,0,,,,,none,
빅뱅,K-pop 보이그룹,loyalty,,0,,,,,none,
빅뱅,K-pop 보이그룹,loyalty,,0,,,,,none,
빅뱅,K-pop 보이그룹,loyalty,2026,1,,,,2026,text,
빅뱅,K-pop 보이그룹,loyalty,,0,,,,,none,
빅뱅,K-pop 보이그룹,loyalty,2026,1,,,,2026,text,
빅뱅,K-pop 보이그룹,loyalty,,0,,,,,none,
빅뱅,K-pop 보이그룹,loyalty,2015,1,,,,2015,text,
빅뱅,K-pop 보이그룹,loyalty,,0,,,,,none,
빅뱅,K-pop 보이그룹,loyalty,,0,,,,,none,
빅뱅,K-pop 보이그룹,loyalty,2026,1,,,,2026,text,
빅뱅,K-pop 보이그룹,loyalty,2017,1,,,,2017,text,
빅뱅,K-pop 보이그룹,loyalty,2025,1,2025-03-28,2025,,2025,text,0
빅뱅,K-pop 보이그룹,loyalty,2020,1,2020-02-24,2020,,2020,text,0
빅뱅,K-pop 보이그룹,loyalty,2026,1,,,,2026,text,
빅뱅,K-pop 보이그룹,loyalty,2023,1,,,,2023,text,
빅뱅,K-pop 보이그룹,spillover,2023,1,,,,2023,text,
빅뱅,K-pop 보이그룹,spillover,,0,,,,,none,
빅뱅,K-pop 보이그룹,spillover,2016,1,,,,2016,text,
빅뱅,K-pop 보이그룹,spillover,2016,1,,,,2016,text,
빅뱅,K-pop 보이그룹,spillover,2012,1,,,,2012,text,
빅뱅,K-pop 보이그룹,spillover,2016,1,,,,2016,text,
빅뱅,K-pop 보이그룹,spillover,2011,1,,,,2011,text,
빅뱅,K-pop 보이그룹,spillover,2007|2015|2016,3,,,,2016,text,
빅뱅,K-pop 보이그룹,spillover,2026,1,,,,2026,text,
빅뱅,K-pop 보이그룹,spillover,2025,1,2025-12-23,2025,,2025,text,0
빅뱅,K-pop 보이그룹,spillover,,0,2026-06-12,2026,,2026,url,
빅뱅,K-pop 보이그룹,spillover,,0,,,,,none,
빅뱅,K-pop 보이그룹,spillover,2026,1,,,,2026,text,
빅뱅,K-pop 보이그룹,spillover,,0,,,,,none,
빅뱅,K-pop 보이그룹,spillover,,0,,,,,none,
빅뱅,K-pop 보이그룹,spillover,,0,,,,,none,
빅뱅,K-pop 보이그룹,spillover,,0,,,,,none,
빅뱅,K-pop 보이그룹,spillover,2026,1,,,,2026,text,
빅뱅,K-pop 보이그룹,spillover,2023,1,,,,2023,text,
빅뱅,K-pop 보이그룹,spillover,,0,,,,,none,
빅뱅,K-pop 보이그룹,spillover,2012,1,,,,2012,text,
빅뱅,K-pop 보이그룹,spillover,2026,1,,,,2026,text,
빅뱅,K-pop 보이그룹,spillover,,0,,,,,none,
빅뱅,K-pop 보이그룹,spillover,,0,,,,,none,
빅뱅,K-pop 보이그룹,spillover,,0,,,,,none,
빅뱅,K-pop 보이그룹,spillover,2026,1,,,,2026,text,
빅뱅,K-pop 보이그룹,spillover,,0,,,,,none,
빅뱅,K-pop 보이그룹,spillover,2024,1,,,,2024,text,
빅뱅,K-pop 보이그룹,spillover,2025,1,2025-12-15,2025,,2025,text,0
빅뱅,K-pop 보이그룹,spillover,2026,1,,,,2026,text,
빅뱅,K-pop 보이그룹,spillover,2025,1,,,,2025,text,
빅뱅,K-pop 보이그룹,spillover,,0,2026-04-20,2026,,2026,url,
빅뱅,K-pop 보이그룹,spillover,2011,1,,,,2011,text,
빅뱅,K-pop 보이그룹,spillover,2013|2015,2,,,,2015,text,
빅뱅,K-pop 보이그룹,spillover,2016,1,,,,2016,text,
빅뱅,K-pop 보이그룹,spillover,2025,1,,,,2025,text,
빅뱅,K-pop 보이그룹,spillover,2018,1,,,,2018,text,
빅뱅,K-pop 보이그룹,spillover,2026,1,,,,2026,text,
빅뱅,K-pop 보이그룹,spillover,,0,2018-04-11,2018,,2018,url,
빅뱅,K-pop 보이그룹,spillover,2026,1,2026-08-08,2026,,2026,text,0
빅뱅,K-pop 보이그룹,spillover,,0,2026-08,2026,,2026,url,
빅뱅,K-pop 보이그룹,spillover,2026,1,,,,2026,text,
빅뱅,K-pop 보이그룹,spillover,,0,2026-08,2026,,2026,url,
빅뱅,K-pop 보이그룹,spillover,2015,1,2025-06-05,2025,,2015,text,-10
빅뱅,K-pop 보이그룹,spillover,2010,1,,,,2010,text,
빅뱅,K-pop 보이그룹,spillover,2014,1,,,,2014,text,
빅뱅,K-pop 보이그룹,spillover,2016|2017,2,,,,2017,text,
빅뱅,K-pop 보이그룹,spillover,2010,1,,,,2010,text,
빅뱅,K-pop 보이그룹,spillover,2012,1,,,,2012,text,
빅뱅,K-pop 보이그룹,spillover,2012|2013,2,,,,2013,text,
빅뱅,K-pop 보이그룹,spillover,2009|2010,2,,,,2010,text,
빅뱅,K-pop 보이그룹,spillover,2009|2013,2,,,,2013,text,
빅뱅,K-pop 보이그룹,spillover,2012,1,,,,2012,text,
빅뱅,K-pop 보이그룹,spillover,2012,1,,,,2012,text,
빅뱅,K-pop 보이그룹,spillover,2010,1,,,,2010,text,
빅뱅,K-pop 보이그룹,spillover,2010,1,,,,2010,text,
빅뱅,K-pop 보이그룹,spillover,,0,,,,,none,
빅뱅,K-pop 보이그룹,spillover,2026,1,2026-06,2026,,2026,text,0
빅뱅,K-pop 보이그룹,spillover,2026,1,2026-05-18,2026,,2026,text,0
빅뱅,K-pop 보이그룹,spillover,2026,1,,,,2026,text,
빅뱅,K-pop 보이그룹,spillover,2017|2023|2026,3,,,,2026,text,
빅뱅,K-pop 보이그룹,spillover,2026,1,,,,2026,text,
빅뱅,K-pop 보이그룹,spillover,2024,1,,,,2024,text,
빅뱅,K-pop 보이그룹,spillover,2026,1,,,,2026,text,
빅뱅,K-pop 보이그룹,spillover,2026,1,,,,2026,text,
빅뱅,K-pop 보이그룹,spillover,2026,1,2026-04-10,2026,,2026,text,0
EXO,K-pop 보이그룹,loyalty,2014,1,,,,2014,text,
EXO,K-pop 보이그룹,loyalty,2023,1,,,,2023,text,
EXO,K-pop 보이그룹,loyalty,,0,2020-06-22,2020,,2020,url,
EXO,K-pop 보이그룹,loyalty,2014,1,,,,2014,text,
EXO,K-pop 보이그룹,loyalty,2013|2020,2,,,,2020,text,
EXO,K-pop 보이그룹,loyalty,2023,1,,,,2023,text,
EXO,K-pop 보이그룹,loyalty,2014|2017,2,,,,2017,text,
EXO,K-pop 보이그룹,loyalty,2018|2023,2,,,,2023,text,
EXO,K-pop 보이그룹,loyalty,2015|2016,2,,,,2016,text,
EXO,K-pop 보이그룹,loyalty,,0,,,,,none,
EXO,K-pop 보이그룹,loyalty,2025,1,2025-11-03,2025,,2025,text,0
EXO,K-pop 보이그룹,loyalty,2025,1,,,,2025,text,
EXO,K-pop 보이그룹,loyalty,,0,,,,,none,
EXO,K-pop 보이그룹,loyalty,,0,,,,,none,
EXO,K-pop 보이그룹,loyalty,2025,1,,,,2025,text,
EXO,K-pop 보이그룹,loyalty,2026,1,,,,2026,text,
EXO,K-pop 보이그룹,loyalty,2020,1,,,,2020,text,
EXO,K-pop 보이그룹,loyalty,,0,,,,,none,
EXO,K-pop 보이그룹,loyalty,,0,,,,,none,
EXO,K-pop 보이그룹,loyalty,2026,1,,,,2026,text,
EXO,K-pop 보이그룹,loyalty,,0,,,,,none,
EXO,K-pop 보이그룹,loyalty,,0,,,,,none,
EXO,K-pop 보이그룹,loyalty,2026,1,,,0,2026,text,
EXO,K-pop 보이그룹,loyalty,2025,1,,,0,2025,text,
EXO,K-pop 보이그룹,loyalty,,0,,,,,none,
EXO,K-pop 보이그룹,loyalty,,0,,,,,none,
EXO,K-pop 보이그룹,loyalty,,0,,,,,none,
EXO,K-pop 보이그룹,loyalty,,0,,,,,none,
EXO,K-pop 보이그룹,loyalty,,0,,,,,none,
EXO,K-pop 보이그룹,loyalty,,0,,,,,none,
EXO,K-pop 보이그룹,loyalty,,0,,,,,none,
EXO,K-pop 보이그룹,loyalty,2026,1,2026-07-06,2026,,2026,text,0
EXO,K-pop 보이그룹,loyalty,,0,2024-08-30,2024,,2024,url,
EXO,K-pop 보이그룹,loyalty,2025,1,,,,2025,text,
EXO,K-pop 보이그룹,loyalty,,0,,,,,none,
EXO,K-pop 보이그룹,loyalty,,0,,,,,none,
EXO,K-pop 보이그룹,loyalty,2020,1,,,,2020,text,
EXO,K-pop 보이그룹,loyalty,2013|2020,2,,,,2020,text,
EXO,K-pop 보이그룹,loyalty,2020,1,,,,2020,text,
EXO,K-pop 보이그룹,loyalty,2000|2020,2,,,,2020,text,
EXO,K-pop 보이그룹,loyalty,,0,,,,,none,
EXO,K-pop 보이그룹,loyalty,,0,,,,,none,
EXO,K-pop 보이그룹,loyalty,2000,1,,,,2000,text,
EXO,K-pop 보이그룹,loyalty,,0,,,,,none,
EXO,K-pop 보이그룹,loyalty,2024,1,,,,2024,text,
EXO,K-pop 보이그룹,loyalty,2026,1,,,,2026,text,
EXO,K-pop 보이그룹,loyalty,2011,1,,,,2011,text,
EXO,K-pop 보이그룹,spillover,2018|2019,2,,,,2019,text,
EXO,K-pop 보이그룹,spillover,2026,1,,,,2026,text,
EXO,K-pop 보이그룹,spillover,2018,1,,,,2018,text,
EXO,K-pop 보이그룹,spillover,,0,,,,,none,
EXO,K-pop 보이그룹,spillover,2015,1,,,,2015,text,
EXO,K-pop 보이그룹,spillover,2018,1,,,,2018,text,
EXO,K-pop 보이그룹,spillover,,0,,,,,none,
EXO,K-pop 보이그룹,spillover,2014|2018,2,,,,2018,text,
EXO,K-pop 보이그룹,spillover,2025|2026,2,,,,2026,text,
EXO,K-pop 보이그룹,spillover,2025|2026,2,2025-10-27,2025,,2026,text,1
EXO,K-pop 보이그룹,spillover,,0,,,,,none,
EXO,K-pop 보이그룹,spillover,,0,2017-07,2017,,2017,url,
EXO,K-pop 보이그룹,spillover,,0,,,,,none,
EXO,K-pop 보이그룹,spillover,,0,,,,,none,
EXO,K-pop 보이그룹,spillover,,0,,,,,none,
EXO,K-pop 보이그룹,spillover,,0,,,,,none,
EXO,K-pop 보이그룹,spillover,2000|2018,2,,,,2018,text,
EXO,K-pop 보이그룹,spillover,2018,1,,,,2018,text,
EXO,K-pop 보이그룹,spillover,,0,2023-03-14,2023,,2023,url,
EXO,K-pop 보이그룹,spillover,,0,,,,,none,
EXO,K-pop 보이그룹,spillover,2025,1,2025-05-13,2025,,2025,text,0
EXO,K-pop 보이그룹,spillover,2024,1,,,,2024,text,
EXO,K-pop 보이그룹,spillover,2026,1,,,,2026,text,
EXO,K-pop 보이그룹,spillover,,0,,,,,none,
EXO,K-pop 보이그룹,spillover,,0,,,,,none,
EXO,K-pop 보이그룹,spillover,,0,,,,,none,
EXO,K-pop 보이그룹,spillover,,0,,,,,none,
EXO,K-pop 보이그룹,spillover,,0,,,,,none,
EXO,K-pop 보이그룹,spillover,2022,1,,,,2022,text,
EXO,K-pop 보이그룹,spillover,2014|2017|2018|2023,4,,,,2023,text,
EXO,K-pop 보이그룹,spillover,2014|2018,2,,,,2018,text,
EXO,K-pop 보이그룹,spillover,,0,,,,,none,
EXO,K-pop 보이그룹,spillover,2013,1,2013-11,2013,,2013,text,0
EXO,K-pop 보이그룹,spillover,2016,1,,,,2016,text,
EXO,K-pop 보이그룹,spillover,2021,1,,,,2021,text,
EXO,K-pop 보이그룹,spillover,2013|2014|2015,3,,,,2015,text,
EXO,K-pop 보이그룹,spillover,2016|2018|2021|2023,4,,,,2023,text,
EXO,K-pop 보이그룹,spillover,2018|2019|2021,3,,,,2021,text,
EXO,K-pop 보이그룹,spillover,2016|2020,2,,,,2020,text,
EXO,K-pop 보이그룹,spillover,2015|2016|2017|2018|2021|2024,6,,,,2024,text,
EXO,K-pop 보이그룹,spillover,2014,1,,,,2014,text,
EXO,K-pop 보이그룹,spillover,2015|2022,2,,,,2022,text,
EXO,K-pop 보이그룹,spillover,2018|2019|2020,3,,,,2020,text,
EXO,K-pop 보이그룹,spillover,2026,1,,,,2026,text,
EXO,K-pop 보이그룹,spillover,2012,1,,,,2012,text,
EXO,K-pop 보이그룹,spillover,2014,1,,,,2014,text,
EXO,K-pop 보이그룹,spillover,2018,1,,,,2018,text,
EXO,K-pop 보이그룹,spillover,,0,,,-1,,none,
EXO,K-pop 보이그룹,spillover,,0,,,,,none,
EXO,K-pop 보이그룹,spillover,,0,2019-07-22,2019,,2019,url,
EXO,K-pop 보이그룹,spillover,2026,1,2026-08-08,2026,,2026,text,0
EXO,K-pop 보이그룹,spillover,2025,1,,,,2025,text,
EXO,K-pop 보이그룹,spillover,2018,1,,,,2018,text,
EXO,K-pop 보이그룹,spillover,2014,1,,,,2014,text,
EXO,K-pop 보이그룹,spillover,2020,1,,,,2020,text,
EXO,K-pop 보이그룹,spillover,2026,1,,,0,2026,text,
EXO,K-pop 보이그룹,spillover,2024,1,,,,2024,text,
EXO,K-pop 보이그룹,spillover,2021|2024,2,,,,2024,text,
EXO,K-pop 보이그룹,spillover,2022|2025,2,,,,2025,text,
EXO,K-pop 보이그룹,spillover,2026,1,,,,2026,text,
EXO,K-pop 보이그룹,spillover,2026,1,,,,2026,text,
EXO,K-pop 보이그룹,spillover,2026,1,,,,2026,text,
EXO,K-pop 보이그룹,spillover,2025,1,,,,2025,text,
EXO,K-pop 보이그룹,spillover,2018,1,,,,2018,text,
EXO,K-pop 보이그룹,spillover,2022,1,,,,2022,text,
EXO,K-pop 보이그룹,spillover,2026,1,,,,2026,text,
EXO,K-pop 보이그룹,spillover,,0,,,,,none,
EXO,K-pop 보이그룹,spillover,,0,,,,,none,
EXO,K-pop 보이그룹,spillover,,0,2023-04-04,2023,,2023,url,
EXO,K-pop 보이그룹,spillover,,0,,,,,none,
EXO,K-pop 보이그룹,spillover,2024,1,,,,2024,text,
EXO,K-pop 보이그룹,spillover,2000|2012|2015|2018,4,,,,2018,text,
EXO,K-pop 보이그룹,spillover,,0,,,,,none,
EXO,K-pop 보이그룹,spillover,,0,2025-10-28,2025,1,2026,relative,
슈퍼주니어,K-pop 보이그룹,loyalty,2025,1,,,,2025,text,
슈퍼주니어,K-pop 보이그룹,loyalty,2026,1,2026-01-31,2026,,2026,text,0
슈퍼주니어,K-pop 보이그룹,loyalty,2025,1,,,,2025,text,
슈퍼주니어,K-pop 보이그룹,loyalty,2008,1,,,,2008,text,
슈퍼주니어,K-pop 보이그룹,loyalty,,0,,,,,none,
슈퍼주니어,K-pop 보이그룹,loyalty,2014,1,,,,2014,text,
슈퍼주니어,K-pop 보이그룹,loyalty,2008,1,,,,2008,text,
슈퍼주니어,K-pop 보이그룹,loyalty,,0,,,,,none,
슈퍼주니어,K-pop 보이그룹,loyalty,,0,,,,,none,
슈퍼주니어,K-pop 보이그룹,loyalty,2025,1,,,,2025,text,
슈퍼주니어,K-pop 보이그룹,loyalty,,0,,,,,none,
슈퍼주니어,K-pop 보이그룹,loyalty,,0,,,,,none,
슈퍼주니어,K-pop 보이그룹,loyalty,2011|2019|2023,3,,,,2023,text,
슈퍼주니어,K-pop 보이그룹,loyalty,2025,1,2025-07-22,2025,,2025,text,0
슈퍼주니어,K-pop 보이그룹,loyalty,2007,1,,,,2007,text,
슈퍼주니어,K-pop 보이그룹,loyalty,,0,,,,,none,
슈퍼주니어,K-pop 보이그룹,loyalty,,0,,,,,none,
슈퍼주니어,K-pop 보이그룹,loyalty,,0,,,,,none,
슈퍼주니어,K-pop 보이그룹,loyalty,,0,,,,,none,
슈퍼주니어,K-pop 보이그룹,loyalty,2000,1,,,,2000,text,
슈퍼주니어,K-pop 보이그룹,loyalty,2025,1,2025-10-05,2025,,2025,text,0
슈퍼주니어,K-pop 보이그룹,loyalty,2023,1,,,,2023,text,
슈퍼주니어,K-pop 보이그룹,loyalty,,0,,,,,none,
슈퍼주니어,K-pop 보이그룹,loyalty,,0,,,,,none,
슈퍼주니어,K-pop 보이그룹,loyalty,2005|2021|2025,3,,,,2025,text,
슈퍼주니어,K-pop 보이그룹,loyalty,2024,1,,,,2024,text,
슈퍼주니어,K-pop 보이그룹,loyalty,,0,,,,,none,
슈퍼주니어,K-pop 보이그룹,loyalty,2012,1,,,-1,2012,text,
슈퍼주니어,K-pop 보이그룹,loyalty,2024,1,,,,2024,text,
슈퍼주니어,K-pop 보이그룹,loyalty,,0,,,,,none,
슈퍼주니어,K-pop 보이그룹,loyalty,2005|2014,2,,,,2014,text,
슈퍼주니어,K-pop 보이그룹,spillover,2019|2023,2,,,,2023,text,
슈퍼주니어,K-pop 보이그룹,spillover,2011,1,,,,2011,text,
슈퍼주니어,K-pop 보이그룹,spillover,2017|2020,2,,,,2020,text,
슈퍼주니어,K-pop 보이그룹,spillover,2010|2023,2,,,,2023,text,
슈퍼주니어,K-pop 보이그룹,spillover,2017|2020,2,,,,2020,text,
슈퍼주니어,K-pop 보이그룹,spillover,2020,1,,,,2020,text,
슈퍼주니어,K-pop 보이그룹,spillover,,0,,,,,none,
슈퍼주니어,K-pop 보이그룹,spillover,2025,1,,,,2025,text,
슈퍼주니어,K-pop 보이그룹,spillover,,0,,,,,none,
슈퍼주니어,K-pop 보이그룹,spillover,,0,,,,,none,
슈퍼주니어,K-pop 보이그룹,spillover,,0,2018-07-15,2018,,2018,url,
슈퍼주니어,K-pop 보이그룹,spillover,,0,,,,,none,
슈퍼주니어,K-pop 보이그룹,spillover,,0,,,,,none,
슈퍼주니어,K-pop 보이그룹,spillover,2026,1,2025-06-12,2025,,2026,text,1
슈퍼주니어,K-pop 보이그룹,spillover,2009,1,,,,2009,text,
슈퍼주니어,K-pop 보이그룹,spillover,2011,1,,,,2011,text,
슈퍼주니어,K-pop 보이그룹,spillover,2012,1,,,,2012,text,
슈퍼주니어,K-pop 보이그룹,spillover,2017|2020,2,,,,2020,text,
슈퍼주니어,K-pop 보이그룹,spillover,,0,,,,,none,
슈퍼주니어,K-pop 보이그룹,spillover,,0,,,,,none,
슈퍼주니어,K-pop 보이그룹,spillover,,0,,,,,none,
슈퍼주니어,K-pop 보이그룹,spillover,2021,1,,,,2021,text,
슈퍼주니어,K-pop 보이그룹,spillover,,0,,,,,none,
슈퍼주니어,K-pop 보이그룹,spillover,,0,,,,,none,
슈퍼주니어,K-pop 보이그룹,spillover,2007,1,,,,2007,text,
슈퍼주니어,K-pop 보이그룹,spillover,2007|2008|2012,3,,,,2012,text,
슈퍼주니어,K-pop 보이그룹,spillover,2010|2014|2015|2017,4,,,,2017,text,
슈퍼주니어,K-pop 보이그룹,spillover,,0,,,,,none,
슈퍼주니어,K-pop 보이그룹,spillover,2025|2026,2,,,,2026,text,
슈퍼주니어,K-pop 보이그룹,spillover,2025,1,,,,2025,text,
슈퍼주니어,K-pop 보이그룹,spillover,2011,1,,,,2011,text,
슈퍼주니어,K-pop 보이그룹,spillover,2011,1,,,,2011,text,
슈퍼주니어,K-pop 보이그룹,spillover,2021,1,2021-09-02,2021,,2021,text,0
슈퍼주니어,K-pop 보이그룹,spillover,2023,1,,,,2023,text,
슈퍼주니어,K-pop 보이그룹,spillover,,0,,,,,none,
슈퍼주니어,K-pop 보이그룹,spillover,2026,1,2026-08-08,2026,,2026,text,0
슈퍼주니어,K-pop 보이그룹,spillover,,0,,,,,none,
슈퍼주니어,K-pop 보이그룹,spillover,2017,1,,,,2017,text,
슈퍼주니어,K-pop 보이그룹,spillover,2021,1,,,,2021,text,
슈퍼주니어,K-pop 보이그룹,spillover,2013,1,,,,2013,text,
슈퍼주니어,K-pop 보이그룹,spillover,2007,1,,,,2007,text,
슈퍼주니어,K-pop 보이그룹,spillover,2009,1,,,,2009,text,
슈퍼주니어,K-pop 보이그룹,spillover,2012,1,,,,2012,text,
슈퍼주니어,K-pop 보이그룹,spillover,2008|2010,2,,,,2010,text,
슈퍼주니어,K-pop 보이그룹,spillover,2026,1,2026-05-15,2026,,2026,text,0
슈퍼주니어,K-pop 보이그룹,spillover,2026,1,,,,2026,text,
슈퍼주니어,K-pop 보이그룹,spillover,2026,1,2026-08-12,2026,,2026,text,0
슈퍼주니어,K-pop 보이그룹,spillover,2025,1,2025-09-04,2025,,2025,text,0
슈퍼주니어,K-pop 보이그룹,spillover,2024,1,,,0,2024,text,
슈퍼주니어,K-pop 보이그룹,spillover,2026,1,,,,2026,text,
슈퍼주니어,K-pop 보이그룹,spillover,2007|2025,2,,,,2025,text,
슈퍼주니어,K-pop 보이그룹,spillover,,0,,,,,none,
슈퍼주니어,K-pop 보이그룹,spillover,2026,1,2026-08-27,2026,,2026,text,0
슈퍼주니어,K-pop 보이그룹,spillover,2006|2008,2,2026-08-28,2026,,2008,text,-18
슈퍼주니어,K-pop 보이그룹,spillover,2025,1,,,,2025,text,
슈퍼주니어,K-pop 보이그룹,spillover,2009|2011,2,,,,2011,text,
슈퍼주니어,K-pop 보이그룹,spillover,,0,,,,,none,
슈퍼주니어,K-pop 보이그룹,spillover,,0,,,,,none,
샤이니,K-pop 보이그룹,loyalty,2024,1,,,,2024,text,
샤이니,K-pop 보이그룹,loyalty,2009,1,,,0,2009,text,
샤이니,K-pop 보이그룹,loyalty,2012,1,,,,2012,text,
샤이니,K-pop 보이그룹,loyalty,2016,1,,,,2016,text,
샤이니,K-pop 보이그룹,loyalty,2014|2023,2,,,,2023,text,
샤이니,K-pop 보이그룹,loyalty,2021,1,,,,2021,text,
샤이니,K-pop 보이그룹,loyalty,2025,1,2025-03,2025,,2025,text,0
샤이니,K-pop 보이그룹,loyalty,2021,1,,,,2021,text,
샤이니,K-pop 보이그룹,loyalty,2026,1,,,,2026,text,
샤이니,K-pop 보이그룹,loyalty,,0,,,,,none,
샤이니,K-pop 보이그룹,loyalty,2020|2024,2,,,,2024,text,
샤이니,K-pop 보이그룹,loyalty,,0,,,,,none,
샤이니,K-pop 보이그룹,loyalty,,0,,,,,none,
샤이니,K-pop 보이그룹,loyalty,,0,2025-05-25,2025,,2025,url,
샤이니,K-pop 보이그룹,loyalty,,0,,,,,none,
샤이니,K-pop 보이그룹,loyalty,2014,1,2014-04-05,2014,,2014,text,0
샤이니,K-pop 보이그룹,loyalty,,0,,,,,none,
샤이니,K-pop 보이그룹,loyalty,,0,,,,,none,
샤이니,K-pop 보이그룹,loyalty,,0,,,,,none,
샤이니,K-pop 보이그룹,loyalty,,0,,,,,none,
샤이니,K-pop 보이그룹,loyalty,,0,2024-08-02,2024,,2024,url,
샤이니,K-pop 보이그룹,loyalty,,0,,,,,none,
샤이니,K-pop 보이그룹,loyalty,2025,1,,,,2025,text,
샤이니,K-pop 보이그룹,loyalty,,0,,,,,none,
샤이니,K-pop 보이그룹,loyalty,2025,1,2025-03-24,2025,,2025,text,0
샤이니,K-pop 보이그룹,loyalty,,0,,,,,none,
샤이니,K-pop 보이그룹,loyalty,,0,,,,,none,
샤이니,K-pop 보이그룹,loyalty,,0,,,,,none,
샤이니,K-pop 보이그룹,loyalty,2025,1,,,,2025,text,
샤이니,K-pop 보이그룹,loyalty,2017|2025,2,,,,2025,text,
샤이니,K-pop 보이그룹,loyalty,2015,1,,,,2015,text,
샤이니,K-pop 보이그룹,loyalty,2025,1,,,,2025,text,
샤이니,K-pop 보이그룹,loyalty,2021,1,2021-05-30,2021,,2021,text,0
샤이니,K-pop 보이그룹,loyalty,2026,1,,,,2026,text,
샤이니,K-pop 보이그룹,loyalty,2008|2017,2,,,,2017,text,
샤이니,K-pop 보이그룹,loyalty,,0,,,,,none,
샤이니,K-pop 보이그룹,spillover,,0,,,,,none,
샤이니,K-pop 보이그룹,spillover,2025|2026,2,,,,2026,text,
샤이니,K-pop 보이그룹,spillover,,0,,,,,none,
샤이니,K-pop 보이그룹,spillover,2016,1,,,,2016,text,
샤이니,K-pop 보이그룹,spillover,,0,,,,,none,
샤이니,K-pop 보이그룹,spillover,2021,1,,,,2021,text,
샤이니,K-pop 보이그룹,spillover,,0,,,,,none,
샤이니,K-pop 보이그룹,spillover,2016|2021,2,,,,2021,text,
샤이니,K-pop 보이그룹,spillover,2018,1,,,,2018,text,
샤이니,K-pop 보이그룹,spillover,2018,1,,,,2018,text,
샤이니,K-pop 보이그룹,spillover,2015|2026,2,,,,2026,text,
샤이니,K-pop 보이그룹,spillover,2017,1,,,,2017,text,
샤이니,K-pop 보이그룹,spillover,2010|2012|2021,3,,,,2021,text,
샤이니,K-pop 보이그룹,spillover,2011|2016|2021,3,,,,2021,text,
샤이니,K-pop 보이그룹,spillover,2015|2016,2,,,,2016,text,
샤이니,K-pop 보이그룹,spillover,,0,2024-02-26,2024,,2024,url,
샤이니,K-pop 보이그룹,spillover,,0,,,,,none,
샤이니,K-pop 보이그룹,spillover,,0,,,,,none,
샤이니,K-pop 보이그룹,spillover,,0,,,,,none,
샤이니,K-pop 보이그룹,spillover,,0,2016-02-22,2016,,2016,url,
샤이니,K-pop 보이그룹,spillover,,0,2026-05-16,2026,,2026,url,
샤이니,K-pop 보이그룹,spillover,2016|2019,2,,,,2019,text,
샤이니,K-pop 보이그룹,spillover,2016|2017,2,,,,2017,text,
샤이니,K-pop 보이그룹,spillover,2013,1,,,,2013,text,
샤이니,K-pop 보이그룹,spillover,2015,1,,,,2015,text,
샤이니,K-pop 보이그룹,spillover,2021,1,,,,2021,text,
샤이니,K-pop 보이그룹,spillover,2021,1,,,,2021,text,
샤이니,K-pop 보이그룹,spillover,2023,1,,,,2023,text,
샤이니,K-pop 보이그룹,spillover,2023,1,,,,2023,text,
샤이니,K-pop 보이그룹,spillover,2026,1,,,,2026,text,
샤이니,K-pop 보이그룹,spillover,2026,1,,,,2026,text,
샤이니,K-pop 보이그룹,spillover,2008,1,,,0,2008,text,
샤이니,K-pop 보이그룹,spillover,2026,1,2026-08-08,2026,,2026,text,0
샤이니,K-pop 보이그룹,spillover,2026,1,,,,2026,text,
샤이니,K-pop 보이그룹,spillover,,0,,,,,none,
샤이니,K-pop 보이그룹,spillover,,0,,,,,none,
샤이니,K-pop 보이그룹,spillover,2026,1,2026-06-11,2026,,2026,text,0
샤이니,K-pop 보이그룹,spillover,2015,1,,,,2015,text,
샤이니,K-pop 보이그룹,spillover,2026,1,,,,2026,text,
샤이니,K-pop 보이그룹,spillover,2026,1,,,,2026,text,
샤이니,K-pop 보이그룹,spillover,2024,1,,,,2024,text,
ATEEZ,K-pop 보이그룹,loyalty,,0,,,,,none,
ATEEZ,K-pop 보이그룹,loyalty,2020,1,,,,2020,text,
ATEEZ,K-pop 보이그룹,loyalty,2026,1,2026-07-03,2026,,2026,text,0
ATEEZ,K-pop 보이그룹,loyalty,2025,1,2025-07,2025,,2025,text,0
ATEEZ,K-pop 보이그룹,loyalty,2025,1,2025-03-29,2025,,2025,text,0
ATEEZ,K-pop 보이그룹,loyalty,2022,1,,,,2022,text,
ATEEZ,K-pop 보이그룹,loyalty,2024,1,,,,2024,text,
ATEEZ,K-pop 보이그룹,loyalty,2026,1,,,,2026,text,
ATEEZ,K-pop 보이그룹,loyalty,2025,1,,,,2025,text,
ATEEZ,K-pop 보이그룹,loyalty,2020,1,,,,2020,text,
ATEEZ,K-pop 보이그룹,loyalty,2020|2022|2025,3,,,,2025,text,
ATEEZ,K-pop 보이그룹,loyalty,2020|2025,2,,,,2025,text,
ATEEZ,K-pop 보이그룹,loyalty,,0,,,,,none,
ATEEZ,K-pop 보이그룹,loyalty,2020,1,2020-05,2020,,2020,text,0
ATEEZ,K-pop 보이그룹,loyalty,2025|2026,2,,,,2026,text,
ATEEZ,K-pop 보이그룹,loyalty,2026,1,2026-02-10,2026,,2026,text,0
ATEEZ,K-pop 보이그룹,loyalty,,0,2026-02-06,2026,,2026,url,
ATEEZ,K-pop 보이그룹,loyalty,2025,1,2025-08-21,2025,,2025,text,0
ATEEZ,K-pop 보이그룹,loyalty,2026,1,,,,2026,text,
ATEEZ,K-pop 보이그룹,loyalty,2025|2026,2,,,,2026,text,
ATEEZ,K-pop 보이그룹,loyalty,2026,1,,,,2026,text,
ATEEZ,K-pop 보이그룹,loyalty,2023,1,,,,2023,text,
ATEEZ,K-pop 보이그룹,loyalty,2026,1,,,,2026,text,
ATEEZ,K-pop 보이그룹,loyalty,2022,1,,,,2022,text,
ATEEZ,K-pop 보이그룹,loyalty,2019|2020|2021,3,,,,2021,text,
ATEEZ,K-pop 보이그룹,loyalty,,0,,,,,none,
ATEEZ,K-pop 보이그룹,loyalty,2025,1,,,,2025,text,
ATEEZ,K-pop 보이그룹,loyalty,2026,1,,,,2026,text,
ATEEZ,K-pop 보이그룹,loyalty,,0,,,,,none,
ATEEZ,K-pop 보이그룹,loyalty,,0,,,,,none,
ATEEZ,K-pop 보이그룹,loyalty,2023,1,,,,2023,text,
ATEEZ,K-pop 보이그룹,loyalty,2026,1,2026-03-20,2026,,2026,text,0
ATEEZ,K-pop 보이그룹,loyalty,2024,1,,,,2024,text,
ATEEZ,K-pop 보이그룹,loyalty,,0,,,,,none,
ATEEZ,K-pop 보이그룹,loyalty,2024|2025,2,,,,2025,text,
ATEEZ,K-pop 보이그룹,loyalty,2025,1,,,,2025,text,
ATEEZ,K-pop 보이그룹,loyalty,2025,1,2025-11-18,2025,,2025,text,0
ATEEZ,K-pop 보이그룹,loyalty,2020|2021,2,,,,2021,text,
ATEEZ,K-pop 보이그룹,loyalty,,0,2022-08,2022,,2022,url,
ATEEZ,K-pop 보이그룹,loyalty,,0,,,,,none,
ATEEZ,K-pop 보이그룹,loyalty,2026,1,,,,2026,text,
ATEEZ,K-pop 보이그룹,loyalty,,0,,,,,none,
ATEEZ,K-pop 보이그룹,spillover,2025,1,,,,2025,text,
ATEEZ,K-pop 보이그룹,spillover,2025,1,2025-02-05,2025,,2025,text,0
ATEEZ,K-pop 보이그룹,spillover,,0,,,,,none,
ATEEZ,K-pop 보이그룹,spillover,2025,1,2025-03-29,2025,,2025,text,0
ATEEZ,K-pop 보이그룹,spillover,2023,1,,,,2023,text,
ATEEZ,K-pop 보이그룹,spillover,2024,1,,,,2024,text,
ATEEZ,K-pop 보이그룹,spillover,2024,1,,,,2024,text,
ATEEZ,K-pop 보이그룹,spillover,2024,1,,,,2024,text,
ATEEZ,K-pop 보이그룹,spillover,2025,1,,,,2025,text,
ATEEZ,K-pop 보이그룹,spillover,2025,1,,,0,2025,text,
ATEEZ,K-pop 보이그룹,spillover,2023,1,,,,2023,text,
ATEEZ,K-pop 보이그룹,spillover,2021|2024|2025,3,,,,2025,text,
ATEEZ,K-pop 보이그룹,spillover,,0,,,,,none,
ATEEZ,K-pop 보이그룹,spillover,,0,,,,,none,
ATEEZ,K-pop 보이그룹,spillover,,0,2025-11-14,2025,,2025,url,
ATEEZ,K-pop 보이그룹,spillover,2025,1,2025-03-31,2025,,2025,text,0
ATEEZ,K-pop 보이그룹,spillover,,0,2025-07-27,2025,,2025,url,
ATEEZ,K-pop 보이그룹,spillover,,0,2025-06-15,2025,,2025,url,
ATEEZ,K-pop 보이그룹,spillover,,0,2025-06-15,2025,,2025,url,
ATEEZ,K-pop 보이그룹,spillover,,0,,,,,none,
ATEEZ,K-pop 보이그룹,spillover,,0,2026-07-06,2026,,2026,url,
ATEEZ,K-pop 보이그룹,spillover,2025|2026,2,2025-11-10,2025,,2026,text,1
ATEEZ,K-pop 보이그룹,spillover,2024|2025,2,2025-05-24,2025,,2025,text,0
ATEEZ,K-pop 보이그룹,spillover,2026,1,,,,2026,text,
ATEEZ,K-pop 보이그룹,spillover,,0,,,,,none,
ATEEZ,K-pop 보이그룹,spillover,2022|2023|2024|2025|2026,5,,,,2026,text,
ATEEZ,K-pop 보이그룹,spillover,2020|2026,2,,,,2026,text,
ATEEZ,K-pop 보이그룹,spillover,2026,1,,,,2026,text,
ATEEZ,K-pop 보이그룹,spillover,,0,,,,,none,
ATEEZ,K-pop 보이그룹,spillover,,0,,,,,none,
ATEEZ,K-pop 보이그룹,spillover,,0,,,,,none,
ATEEZ,K-pop 보이그룹,spillover,,0,,,,,none,
ATEEZ,K-pop 보이그룹,spillover,2020,1,,,,2020,text,
ATEEZ,K-pop 보이그룹,spillover,2020|2021,2,,,,2021,text,
ATEEZ,K-pop 보이그룹,spillover,,0,2023-08-29,2023,,2023,url,
ATEEZ,K-pop 보이그룹,spillover,,0,,,,,none,
ATEEZ,K-pop 보이그룹,spillover,2024|2025,2,,,,2025,text,
ATEEZ,K-pop 보이그룹,spillover,,0,,,,,none,
ATEEZ,K-pop 보이그룹,spillover,2026,1,2026-06-25,2026,,2026,text,0
ATEEZ,K-pop 보이그룹,spillover,,0,2026-07,2026,,2026,url,
ATEEZ,K-pop 보이그룹,spillover,2021,1,,,,2021,text,
ATEEZ,K-pop 보이그룹,spillover,2021|2022|2023|2024,4,,,,2024,text,
ATEEZ,K-pop 보이그룹,spillover,2018|2019|2021|2022,4,,,,2022,text,
ATEEZ,K-pop 보이그룹,spillover,2018|2019,2,,,,2019,text,
ATEEZ,K-pop 보이그룹,spillover,,0,,,,,none,
ATEEZ,K-pop 보이그룹,spillover,2024,1,2025-04-23,2025,,2024,text,-1
ATEEZ,K-pop 보이그룹,spillover,,0,,,,,none,
ATEEZ,K-pop 보이그룹,spillover,2026,1,,,,2026,text,
ATEEZ,K-pop 보이그룹,spillover,2026,1,2026-08-08,2026,,2026,text,0
ATEEZ,K-pop 보이그룹,spillover,2026,1,,,,2026,text,
ATEEZ,K-pop 보이그룹,spillover,2026,1,,,,2026,text,
ATEEZ,K-pop 보이그룹,spillover,2025,1,2025-10,2025,,2025,text,0
ATEEZ,K-pop 보이그룹,spillover,2025,1,,,,2025,text,
ATEEZ,K-pop 보이그룹,spillover,2025,1,,,,2025,text,
ATEEZ,K-pop 보이그룹,spillover,2025,1,,,,2025,text,
ATEEZ,K-pop 보이그룹,spillover,2025,1,,,,2025,text,
ATEEZ,K-pop 보이그룹,spillover,2026,1,,,,2026,text,
ATEEZ,K-pop 보이그룹,spillover,,0,,,,,none,
ATEEZ,K-pop 보이그룹,spillover,,0,,,,,none,
ATEEZ,K-pop 보이그룹,spillover,,0,,,,,none,
ATEEZ,K-pop 보이그룹,spillover,,0,,,,,none,
ATEEZ,K-pop 보이그룹,spillover,2025,1,,,,2025,text,
ATEEZ,K-pop 보이그룹,spillover,2025,1,,,,2025,text,
ATEEZ,K-pop 보이그룹,spillover,,0,,,,,none,
ATEEZ,K-pop 보이그룹,spillover,2019|2026,2,,,,2026,text,
ATEEZ,K-pop 보이그룹,spillover,2026,1,,,,2026,text,
ATEEZ,K-pop 보이그룹,spillover,,0,2022-12-16,2022,,2022,url,
ATEEZ,K-pop 보이그룹,spillover,2026,1,,,,2026,text,
ATEEZ,K-pop 보이그룹,spillover,2022|2023,2,,,,2023,text,
ATEEZ,K-pop 보이그룹,spillover,2025,1,2025-04-14,2025,,2025,text,0
ATEEZ,K-pop 보이그룹,spillover,2025,1,,,,2025,text,
DAY6,K-pop 보이그룹 /록,loyalty,2017,1,,,,2017,text,
DAY6,K-pop 보이그룹 /록,loyalty,2024,1,,,,2024,text,
DAY6,K-pop 보이그룹 /록,loyalty,2025,1,,,,2025,text,
DAY6,K-pop 보이그룹 /록,loyalty,2024,1,,,,2024,text,
DAY6,K-pop 보이그룹 /록,loyalty,2018,1,,,,2018,text,
DAY6,K-pop 보이그룹 /록,loyalty,2024,1,,,,2024,text,
DAY6,K-pop 보이그룹 /록,loyalty,2025,1,,,,2025,text,
DAY6,K-pop 보이그룹 /록,loyalty,2025,1,,,,2025,text,
DAY6,K-pop 보이그룹 /록,loyalty,2024,1,,,,2024,text,
DAY6,K-pop 보이그룹 /록,loyalty,2025,1,,,,2025,text,
DAY6,K-pop 보이그룹 /록,loyalty,2025,1,,,,2025,text,
DAY6,K-pop 보이그룹 /록,loyalty,2024|2025|2026,3,,,,2026,text,
DAY6,K-pop 보이그룹 /록,loyalty,2026,1,,,,2026,text,
DAY6,K-pop 보이그룹 /록,loyalty,2025,1,2025-11-19,2025,,2025,text,0
DAY6,K-pop 보이그룹 /록,loyalty,,0,,,,,none,
DAY6,K-pop 보이그룹 /록,loyalty,,0,,,,,none,
DAY6,K-pop 보이그룹 /록,loyalty,2024,1,,,,2024,text,
DAY6,K-pop 보이그룹 /록,loyalty,2026,1,,,,2026,text,
DAY6,K-pop 보이그룹 /록,loyalty,,0,,,,,none,
DAY6,K-pop 보이그룹 /록,loyalty,2026,1,,,,2026,text,
DAY6,K-pop 보이그룹 /록,loyalty,2025,1,,,,2025,text,
DAY6,K-pop 보이그룹 /록,loyalty,,0,,,,,none,
DAY6,K-pop 보이그룹 /록,loyalty,,0,2025-01-07,2025,,2025,url,
DAY6,K-pop 보이그룹 /록,loyalty,,0,,,,,none,
DAY6,K-pop 보이그룹 /록,loyalty,,0,,,,,none,
DAY6,K-pop 보이그룹 /록,loyalty,,0,,,,,none,
DAY6,K-pop 보이그룹 /록,loyalty,,0,,,,,none,
DAY6,K-pop 보이그룹 /록,loyalty,,0,,,,,none,
DAY6,K-pop 보이그룹 /록,loyalty,,0,,,,,none,
DAY6,K-pop 보이그룹 /록,loyalty,,0,,,,,none,
DAY6,K-pop 보이그룹 /록,loyalty,,0,,,,,none,
DAY6,K-pop 보이그룹 /록,loyalty,,0,,,,,none,
DAY6,K-pop 보이그룹 /록,loyalty,,0,,,,,none,
DAY6,K-pop 보이그룹 /록,loyalty,2020,1,,,,2020,text,
DAY6,K-pop 보이그룹 /록,loyalty,,0,,,,,none,
DAY6,K-pop 보이그룹 /록,loyalty,,0,,,,,none,
DAY6,K-pop 보이그룹 /록,loyalty,,0,,,,,none,
DAY6,K-pop 보이그룹 /록,loyalty,,0,,,,,none,
DAY6,K-pop 보이그룹 /록,loyalty,2025,1,,,,2025,text,
DAY6,K-pop 보이그룹 /록,loyalty,2026,1,2026-01-28,2026,,2026,text,0
DAY6,K-pop 보이그룹 /록,loyalty,,0,,,,,none,
DAY6,K-pop 보이그룹 /록,loyalty,2025,1,,,,2025,text,
DAY6,K-pop 보이그룹 /록,loyalty,,0,,,,,none,
DAY6,K-pop 보이그룹 /록,loyalty,,0,,,,,none,
DAY6,K-pop 보이그룹 /록,loyalty,2025,1,,,,2025,text,
DAY6,K-pop 보이그룹 /록,loyalty,,0,,,,,none,
DAY6,K-pop 보이그룹 /록,loyalty,2025,1,,,,2025,text,
DAY6,K-pop 보이그룹 /록,loyalty,2025,1,,,,2025,text,
DAY6,K-pop 보이그룹 /록,loyalty,2025,1,,,,2025,text,
DAY6,K-pop 보이그룹 /록,loyalty,2026,1,2026-07-21,2026,,2026,text,0
DAY6,K-pop 보이그룹 /록,loyalty,2022|2026,2,,,,2026,text,
DAY6,K-pop 보이그룹 /록,loyalty,2026,1,,,,2026,text,
DAY6,K-pop 보이그룹 /록,loyalty,2022,1,,,,2022,text,
DAY6,K-pop 보이그룹 /록,loyalty,2019,1,,,,2019,text,
DAY6,K-pop 보이그룹 /록,spillover,2010,1,,,,2010,text,
DAY6,K-pop 보이그룹 /록,spillover,2024|2025,2,,,,2025,text,
DAY6,K-pop 보이그룹 /록,spillover,2025,1,,,,2025,text,
DAY6,K-pop 보이그룹 /록,spillover,2025,1,,,,2025,text,
DAY6,K-pop 보이그룹 /록,spillover,2024,1,,,,2024,text,
DAY6,K-pop 보이그룹 /록,spillover,2019|2025,2,2024-11,2024,,2025,text,1
DAY6,K-pop 보이그룹 /록,spillover,2025,1,2025-02,2025,,2025,text,0
DAY6,K-pop 보이그룹 /록,spillover,2025,1,2024-11,2024,,2025,text,1
DAY6,K-pop 보이그룹 /록,spillover,,0,2020-05-11,2020,,2020,url,
DAY6,K-pop 보이그룹 /록,spillover,2025,1,2025-11-19,2025,,2025,text,0
DAY6,K-pop 보이그룹 /록,spillover,2025,1,,,,2025,text,
DAY6,K-pop 보이그룹 /록,spillover,,0,2025-05-05,2025,,2025,url,
DAY6,K-pop 보이그룹 /록,spillover,2026,1,2026-02-21,2026,,2026,text,0
DAY6,K-pop 보이그룹 /록,spillover,2024,1,,,,2024,text,
DAY6,K-pop 보이그룹 /록,spillover,2025,1,,,,2025,text,
DAY6,K-pop 보이그룹 /록,spillover,2025,1,,,,2025,text,
DAY6,K-pop 보이그룹 /록,spillover,2025,1,,,,2025,text,
DAY6,K-pop 보이그룹 /록,spillover,,0,,,,,none,
DAY6,K-pop 보이그룹 /록,spillover,2026,1,2026-05-16,2026,,2026,text,0
DAY6,K-pop 보이그룹 /록,spillover,,0,,,,,none,
DAY6,K-pop 보이그룹 /록,spillover,,0,,,,,none,
DAY6,K-pop 보이그룹 /록,spillover,,0,,,,,none,
DAY6,K-pop 보이그룹 /록,spillover,,0,,,,,none,
DAY6,K-pop 보이그룹 /록,spillover,,0,,,,,none,
DAY6,K-pop 보이그룹 /록,spillover,2025,1,,,,2025,text,
DAY6,K-pop 보이그룹 /록,spillover,2025,1,,,,2025,text,
DAY6,K-pop 보이그룹 /록,spillover,2013|2018,2,,,,2018,text,
DAY6,K-pop 보이그룹 /록,spillover,,0,,,,,none,
DAY6,K-pop 보이그룹 /록,spillover,2024|2025,2,,,,2025,text,
DAY6,K-pop 보이그룹 /록,spillover,2015|2016|2018,3,,,,2018,text,
DAY6,K-pop 보이그룹 /록,spillover,2018,1,,,,2018,text,
DAY6,K-pop 보이그룹 /록,spillover,2013|2016,2,,,,2016,text,
DAY6,K-pop 보이그룹 /록,spillover,2018|2019,2,,,,2019,text,
DAY6,K-pop 보이그룹 /록,spillover,2020,1,,,,2020,text,
DAY6,K-pop 보이그룹 /록,spillover,,0,2021-02,2021,,2021,url,
DAY6,K-pop 보이그룹 /록,spillover,2025,1,,,,2025,text,
DAY6,K-pop 보이그룹 /록,spillover,,0,,,,,none,
DAY6,K-pop 보이그룹 /록,spillover,,0,,,,,none,
DAY6,K-pop 보이그룹 /록,spillover,2024|2025,2,,,,2025,text,
DAY6,K-pop 보이그룹 /록,spillover,2025,1,,,,2025,text,
DAY6,K-pop 보이그룹 /록,spillover,2025,1,,,,2025,text,
DAY6,K-pop 보이그룹 /록,spillover,,0,,,,,none,
DAY6,K-pop 보이그룹 /록,spillover,2024,1,,,,2024,text,
DAY6,K-pop 보이그룹 /록,spillover,2022,1,,,,2022,text,
DAY6,K-pop 보이그룹 /록,spillover,2026,1,,,,2026,text,
DAY6,K-pop 보이그룹 /록,spillover,2026,1,,,,2026,text,
DAY6,K-pop 보이그룹 /록,spillover,,0,,,,,none,
IKON,K-pop 보이그룹,loyalty,2015,1,,,,2015,text,
IKON,K-pop 보이그룹,loyalty,2015,1,,,,2015,text,
IKON,K-pop 보이그룹,loyalty,,0,,,,,none,
IKON,K-pop 보이그룹,loyalty,,0,,,,,none,
IKON,K-pop 보이그룹,loyalty,2014,1,,,,2014,text,
IKON,K-pop 보이그룹,loyalty,2015,1,,,,2015,text,
IKON,K-pop 보이그룹,loyalty,,0,,,,,none,
IKON,K-pop 보이그룹,loyalty,2016,1,,,,2016,text,
IKON,K-pop 보이그룹,loyalty,2015,1,,,,2015,text,
IKON,K-pop 보이그룹,loyalty,2014,1,,,,2014,text,
IKON,K-pop 보이그룹,loyalty,2022,1,,,,2022,text,
IKON,K-pop 보이그룹,loyalty,2024|2026,2,,,,2026,text,
IKON,K-pop 보이그룹,loyalty,,0,,,,,none,
IKON,K-pop 보이그룹,loyalty,2026,1,2026-08-05,2026,,2026,text,0
IKON,K-pop 보이그룹,loyalty,2015,1,,,,2015,text,
IKON,K-pop 보이그룹,loyalty,2026,1,2026-07,2026,,2026,text,0
IKON,K-pop 보이그룹,loyalty,2026,1,,,,2026,text,
IKON,K-pop 보이그룹,loyalty,2026,1,,,,2026,text,
IKON,K-pop 보이그룹,loyalty,2026,1,,,,2026,text,
IKON,K-pop 보이그룹,loyalty,,0,,,,,none,
IKON,K-pop 보이그룹,loyalty,2026,1,2026-03-19,2026,,2026,text,0
IKON,K-pop 보이그룹,loyalty,2025,1,,,,2025,text,
IKON,K-pop 보이그룹,loyalty,,0,,,,,none,
IKON,K-pop 보이그룹,loyalty,,0,,,,,none,
IKON,K-pop 보이그룹,loyalty,,0,,,,,none,
IKON,K-pop 보이그룹,loyalty,2026,1,,,,2026,text,
IKON,K-pop 보이그룹,loyalty,2023|2026,2,2026-04-02,2026,,2026,text,0
IKON,K-pop 보이그룹,loyalty,,0,2026-05-21,2026,,2026,url,
IKON,K-pop 보이그룹,loyalty,2026,1,,,,2026,text,
IKON,K-pop 보이그룹,loyalty,2026,1,,,,2026,text,
IKON,K-pop 보이그룹,loyalty,,0,,,,,none,
IKON,K-pop 보이그룹,loyalty,,0,,,,,none,
IKON,K-pop 보이그룹,loyalty,,0,,,,,none,
IKON,K-pop 보이그룹,loyalty,,0,,,,,none,
IKON,K-pop 보이그룹,loyalty,,0,,,,,none,
IKON,K-pop 보이그룹,loyalty,,0,,,,,none,
IKON,K-pop 보이그룹,loyalty,,0,,,,,none,
IKON,K-pop 보이그룹,loyalty,,0,,,,,none,
IKON,K-pop 보이그룹,loyalty,,0,,,,,none,
IKON,K-pop 보이그룹,loyalty,,0,,,,,none,
IKON,K-pop 보이그룹,loyalty,,0,,,,,none,
IKON,K-pop 보이그룹,loyalty,2026,1,,,,2026,text,
IKON,K-pop 보이그룹,loyalty,2023,1,,,,2023,text,
IKON,K-pop 보이그룹,loyalty,,0,,,,,none,
IKON,K-pop 보이그룹,loyalty,,0,,,,,none,
IKON,K-pop 보이그룹,loyalty,,0,,,,,none,
IKON,K-pop 보이그룹,loyalty,2015,1,,,,2015,text,
IKON,K-pop 보이그룹,loyalty,2015,1,,,,2015,text,
IKON,K-pop 보이그룹,loyalty,2016,1,,,,2016,text,
IKON,K-pop 보이그룹,loyalty,2022,1,,,,2022,text,
IKON,K-pop 보이그룹,loyalty,2026,1,,,,2026,text,
IKON,K-pop 보이그룹,loyalty,2026,1,,,,2026,text,
IKON,K-pop 보이그룹,loyalty,2026,1,,,,2026,text,
IKON,K-pop 보이그룹,loyalty,2015,1,,,,2015,text,
IKON,K-pop 보이그룹,spillover,,0,,,,,none,
IKON,K-pop 보이그룹,spillover,2016|2017,2,,,,2017,text,
IKON,K-pop 보이그룹,spillover,2015,1,,,,2015,text,
IKON,K-pop 보이그룹,spillover,2018,1,,,,2018,text,
IKON,K-pop 보이그룹,spillover,2018,1,,,,2018,text,
IKON,K-pop 보이그룹,spillover,2016|2018,2,,,,2018,text,
IKON,K-pop 보이그룹,spillover,2015,1,,,,2015,text,
IKON,K-pop 보이그룹,spillover,,0,,,,,none,
IKON,K-pop 보이그룹,spillover,2026,1,2026-08-05,2026,,2026,text,0
IKON,K-pop 보이그룹,spillover,2026,1,,,,2026,text,
IKON,K-pop 보이그룹,spillover,2026,1,2026-04,2026,,2026,text,0
IKON,K-pop 보이그룹,spillover,,0,,,,,none,
IKON,K-pop 보이그룹,spillover,,0,2021-08-20,2021,,2021,url,
IKON,K-pop 보이그룹,spillover,,0,2023-03-22,2023,,2023,url,
IKON,K-pop 보이그룹,spillover,,0,,,,,none,
IKON,K-pop 보이그룹,spillover,,0,,,,,none,
IKON,K-pop 보이그룹,spillover,,0,,,,,none,
IKON,K-pop 보이그룹,spillover,,0,,,,,none,
IKON,K-pop 보이그룹,spillover,,0,,,,,none,
IKON,K-pop 보이그룹,spillover,2026,1,,,,2026,text,
IKON,K-pop 보이그룹,spillover,2015,1,,,,2015,text,
IKON,K-pop 보이그룹,spillover,,0,,,,,none,
IKON,K-pop 보이그룹,spillover,,0,,,,,none,
IKON,K-pop 보이그룹,spillover,2014,1,,,,2014,text,
IKON,K-pop 보이그룹,spillover,,0,,,,,none,
IKON,K-pop 보이그룹,spillover,,0,,,,,none,
IKON,K-pop 보이그룹,spillover,,0,,,,,none,
IKON,K-pop 보이그룹,spillover,,0,,,,,none,
IKON,K-pop 보이그룹,spillover,,0,,,,,none,
IKON,K-pop 보이그룹,spillover,2016,1,,,,2016,text,
IKON,K-pop 보이그룹,spillover,2016,1,,,,2016,text,
IKON,K-pop 보이그룹,spillover,2022,1,,,,2022,text,
IKON,K-pop 보이그룹,spillover,2016|2017,2,,,,2017,text,
IKON,K-pop 보이그룹,spillover,2008|2009|2012|2013,4,,,,2013,text,
IKON,K-pop 보이그룹,spillover,2016|2018|2023,3,,,,2023,text,
IKON,K-pop 보이그룹,spillover,2015,1,,,,2015,text,
IKON,K-pop 보이그룹,spillover,2016,1,,,,2016,text,
IKON,K-pop 보이그룹,spillover,2015,1,,,,2015,text,
IKON,K-pop 보이그룹,spillover,2026,1,,,,2026,text,
IKON,K-pop 보이그룹,spillover,2025,1,,,,2025,text,
IKON,K-pop 보이그룹,spillover,,0,,,,,none,
IKON,K-pop 보이그룹,spillover,2026,1,2026-05,2026,,2026,text,0
CORTIS,K-pop 보이그룹,loyalty,,0,,,,,none,
CORTIS,K-pop 보이그룹,loyalty,2025,1,,,,2025,text,
CORTIS,K-pop 보이그룹,loyalty,,0,,,,,none,
CORTIS,K-pop 보이그룹,loyalty,,0,,,,,none,
CORTIS,K-pop 보이그룹,loyalty,,0,,,,,none,
CORTIS,K-pop 보이그룹,loyalty,2025,1,2026-04-10,2026,,2025,text,-1
CORTIS,K-pop 보이그룹,loyalty,2026,1,2026-04-10,2026,,2026,text,0
CORTIS,K-pop 보이그룹,loyalty,,0,2026-04-10,2026,,2026,url,
CORTIS,K-pop 보이그룹,loyalty,,0,,,,,none,
CORTIS,K-pop 보이그룹,loyalty,,0,,,,,none,
CORTIS,K-pop 보이그룹,loyalty,2025,1,,,,2025,text,
CORTIS,K-pop 보이그룹,loyalty,2026,1,,,,2026,text,
CORTIS,K-pop 보이그룹,loyalty,,0,,,0,,none,
CORTIS,K-pop 보이그룹,loyalty,,0,,,,,none,
CORTIS,K-pop 보이그룹,loyalty,,0,,,,,none,
CORTIS,K-pop 보이그룹,loyalty,,0,,,,,none,
CORTIS,K-pop 보이그룹,loyalty,2026,1,,,,2026,text,
CORTIS,K-pop 보이그룹,loyalty,,0,,,,,none,
CORTIS,K-pop 보이그룹,loyalty,,0,,,,,none,
CORTIS,K-pop 보이그룹,loyalty,,0,2026-07-19,2026,,2026,url,
CORTIS,K-pop 보이그룹,loyalty,2025,1,,,,2025,text,
CORTIS,K-pop 보이그룹,loyalty,,0,,,,,none,
CORTIS,K-pop 보이그룹,loyalty,2026,1,,,,2026,text,
CORTIS,K-pop 보이그룹,loyalty,,0,,,,,none,
CORTIS,K-pop 보이그룹,loyalty,,0,2026-04-22,2026,,2026,url,
CORTIS,K-pop 보이그룹,loyalty,,0,,,,,none,
CORTIS,K-pop 보이그룹,loyalty,2026,1,,,,2026,text,
CORTIS,K-pop 보이그룹,loyalty,,0,2026-06-20,2026,,2026,url,
CORTIS,K-pop 보이그룹,loyalty,,0,,,,,none,
CORTIS,K-pop 보이그룹,loyalty,,0,,,,,none,
CORTIS,K-pop 보이그룹,loyalty,,0,,,,,none,
CORTIS,K-pop 보이그룹,loyalty,,0,,,,,none,
CORTIS,K-pop 보이그룹,loyalty,,0,,,,,none,
CORTIS,K-pop 보이그룹,loyalty,,0,,,,,none,
CORTIS,K-pop 보이그룹,loyalty,,0,,,,,none,
CORTIS,K-pop 보이그룹,loyalty,,0,,,,,none,
CORTIS,K-pop 보이그룹,loyalty,,0,,,,,none,
CORTIS,K-pop 보이그룹,loyalty,2026,1,2026-07-26,2026,,2026,text,0
CORTIS,K-pop 보이그룹,loyalty,,0,,,,,none,
CORTIS,K-pop 보이그룹,loyalty,2025,1,,,,2025,text,
CORTIS,K-pop 보이그룹,loyalty,2026,1,,,,2026,text,
CORTIS,K-pop 보이그룹,loyalty,,0,,,,,none,
CORTIS,K-pop 보이그룹,loyalty,2025,1,,,,2025,text,
CORTIS,K-pop 보이그룹,loyalty,2026,1,2026-09-06,2026,,2026,text,0
CORTIS,K-pop 보이그룹,loyalty,,0,2025-09-29,2025,,2025,url,
CORTIS,K-pop 보이그룹,loyalty,,0,,,,,none,
CORTIS,K-pop 보이그룹,loyalty,,0,,,,,none,
CORTIS,K-pop 보이그룹,loyalty,,0,,,,,none,
CORTIS,K-pop 보이그룹,loyalty,2026,1,,,,2026,text,
CORTIS,K-pop 보이그룹,loyalty,2026,1,,,,2026,text,
CORTIS,K-pop 보이그룹,spillover,2026,1,,,,2026,text,
CORTIS,K-pop 보이그룹,spillover,,0,,,,,none,
CORTIS,K-pop 보이그룹,spillover,,0,,,,,none,
CORTIS,K-pop 보이그룹,spillover,2026,1,2026-07-29,2026,,2026,text,0
CORTIS,K-pop 보이그룹,spillover,2025|2026,2,,,,2026,text,
CORTIS,K-pop 보이그룹,spillover,2026,1,,,,2026,text,
CORTIS,K-pop 보이그룹,spillover,,0,2026-05-20,2026,,2026,url,
CORTIS,K-pop 보이그룹,spillover,,0,2026-05-20,2026,,2026,url,
CORTIS,K-pop 보이그룹,spillover,,0,,,,,none,
CORTIS,K-pop 보이그룹,spillover,,0,2025-08-18,2025,,2025,url,
CORTIS,K-pop 보이그룹,spillover,,0,,,,,none,
CORTIS,K-pop 보이그룹,spillover,,0,,,,,none,
CORTIS,K-pop 보이그룹,spillover,,0,,,,,none,
CORTIS,K-pop 보이그룹,spillover,2022,1,,,,2022,text,
CORTIS,K-pop 보이그룹,spillover,2025,1,,,,2025,text,
CORTIS,K-pop 보이그룹,spillover,2026,1,,,,2026,text,
CORTIS,K-pop 보이그룹,spillover,2026,1,,,,2026,text,
CORTIS,K-pop 보이그룹,spillover,2025,1,2025-12-30,2025,,2025,text,0
CORTIS,K-pop 보이그룹,spillover,2025,1,2025-12-30,2025,,2025,text,0
CORTIS,K-pop 보이그룹,spillover,,0,2025-12-30,2025,,2025,url,
CORTIS,K-pop 보이그룹,spillover,2021|2026,2,,,,2026,text,
CORTIS,K-pop 보이그룹,spillover,2026,1,,,,2026,text,
CORTIS,K-pop 보이그룹,spillover,2015|2026,2,,,,2026,text,
CORTIS,K-pop 보이그룹,spillover,,0,2025-09-29,2025,,2025,url,
CORTIS,K-pop 보이그룹,spillover,2025,1,,,,2025,text,
CORTIS,K-pop 보이그룹,spillover,,0,2025-08-18,2025,,2025,url,
CORTIS,K-pop 보이그룹,spillover,2025,1,,,,2025,text,
CORTIS,K-pop 보이그룹,spillover,,0,,,,,none,
CORTIS,K-pop 보이그룹,spillover,,0,,,,,none,
CORTIS,K-pop 보이그룹,spillover,,0,2025-08-27,2025,,2025,url,
CORTIS,K-pop 보이그룹,spillover,,0,,,,,none,
CORTIS,K-pop 보이그룹,spillover,,0,,,,,none,
CORTIS,K-pop 보이그룹,spillover,2013,1,,,,2013,text,
CORTIS,K-pop 보이그룹,spillover,,0,,,,,none,
CORTIS,K-pop 보이그룹,spillover,2026,1,,,,2026,text,
CORTIS,K-pop 보이그룹,spillover,,0,,,,,none,
CORTIS,K-pop 보이그룹,spillover,,0,,,,,none,
CORTIS,K-pop 보이그룹,spillover,2025,1,2025-09-09,2025,,2025,text,0
CORTIS,K-pop 보이그룹,spillover,,0,2025-09-15,2025,,2025,url,
CORTIS,K-pop 보이그룹,spillover,,0,,,,,none,
CORTIS,K-pop 보이그룹,spillover,,0,,,,,none,
CORTIS,K-pop 보이그룹,spillover,,0,,,,,none,
CORTIS,K-pop 보이그룹,spillover,,0,,,,,none,
CORTIS,K-pop 보이그룹,spillover,,0,,,,,none,
CORTIS,K-pop 보이그룹,spillover,,0,,,,,none,
CORTIS,K-pop 보이그룹,spillover,,0,,,,,none,
CORTIS,K-pop 보이그룹,spillover,,0,,,,,none,
CORTIS,K-pop 보이그룹,spillover,,0,,,,,none,
CORTIS,K-pop 보이그룹,spillover,,0,,,,,none,
CORTIS,K-pop 보이그룹,spillover,2026,1,,,,2026,text,
CORTIS,K-pop 보이그룹,spillover,,0,,,,,none,
CORTIS,K-pop 보이그룹,spillover,2025,1,,,,2025,text,
CORTIS,K-pop 보이그룹,spillover,2023|2024,2,,,,2024,text,
CORTIS,K-pop 보이그룹,spillover,2026,1,,,,2026,text,
CORTIS,K-pop 보이그룹,spillover,,0,,,,,none,
CORTIS,K-pop 보이그룹,spillover,,0,,,,,none,
CORTIS,K-pop 보이그룹,spillover,,0,,,,,none,
CORTIS,K-pop 보이그룹,spillover,,0,2026-04-02,2026,,2026,url,
CORTIS,K-pop 보이그룹,spillover,,0,2026-04-02,2026,,2026,url,
CORTIS,K-pop 보이그룹,spillover,2026,1,,,,2026,text,
CORTIS,K-pop 보이그룹,spillover,,0,,,,,none,
CORTIS,K-pop 보이그룹,spillover,,0,,,,,none,
CORTIS,K-pop 보이그룹,spillover,2026,1,,,,2026,text,
CORTIS,K-pop 보이그룹,spillover,2026,1,,,,2026,text,
CORTIS,K-pop 보이그룹,spillover,2025,1,,,,2025,text,
CORTIS,K-pop 보이그룹,spillover,2025|2026,2,2026-04-02,2026,,2026,text,0
CORTIS,K-pop 보이그룹,spillover,2025,1,2026-04-02,2026,,2025,text,-1
CORTIS,K-pop 보이그룹,spillover,2026,1,2026-04-02,2026,,2026,text,0
CORTIS,K-pop 보이그룹,spillover,,0,,,,,none,
CORTIS,K-pop 보이그룹,spillover,,0,,,,,none,
CORTIS,K-pop 보이그룹,spillover,,0,,,,,none,
CORTIS,K-pop 보이그룹,spillover,2026,1,2026-04-02,2026,,2026,text,0
CORTIS,K-pop 보이그룹,spillover,,0,2025-09-29,2025,,2025,url,
CORTIS,K-pop 보이그룹,spillover,2026,1,2026-05-31,2026,,2026,text,0
CORTIS,K-pop 보이그룹,spillover,2026,1,,,,2026,text,
CORTIS,K-pop 보이그룹,spillover,2026,1,2026-05-29,2026,,2026,text,0
CORTIS,K-pop 보이그룹,spillover,2026,1,2026-05-27,2026,0,2026,text,0
CORTIS,K-pop 보이그룹,spillover,2025,1,2026-05-27,2026,,2025,text,-1
CORTIS,K-pop 보이그룹,spillover,,0,,,,,none,
CORTIS,K-pop 보이그룹,spillover,,0,2025-12-11,2025,,2025,url,
CORTIS,K-pop 보이그룹,spillover,,0,,,,,none,
CORTIS,K-pop 보이그룹,spillover,,0,,,,,none,
CORTIS,K-pop 보이그룹,spillover,,0,,,,,none,
CORTIS,K-pop 보이그룹,spillover,2025,1,,,,2025,text,
CORTIS,K-pop 보이그룹,spillover,2025,1,2025-08-18,2025,,2025,text,0
BTOB,K-pop 보이그룹,loyalty,,0,,,,,none,
BTOB,K-pop 보이그룹,loyalty,2018|2022,2,,,,2022,text,
BTOB,K-pop 보이그룹,loyalty,2015,1,,,,2015,text,
BTOB,K-pop 보이그룹,loyalty,2016,1,,,,2016,text,
BTOB,K-pop 보이그룹,loyalty,2015,1,,,,2015,text,
BTOB,K-pop 보이그룹,loyalty,2016,1,,,,2016,text,
BTOB,K-pop 보이그룹,loyalty,2015,1,,,,2015,text,
BTOB,K-pop 보이그룹,loyalty,2017|2019|2020,3,,,,2020,text,
BTOB,K-pop 보이그룹,loyalty,2019|2020,2,,,,2020,text,
BTOB,K-pop 보이그룹,loyalty,2015,1,,,,2015,text,
BTOB,K-pop 보이그룹,loyalty,2013,1,,,,2013,text,
BTOB,K-pop 보이그룹,loyalty,2022|2023,2,,,,2023,text,
BTOB,K-pop 보이그룹,loyalty,,0,,,,,none,
BTOB,K-pop 보이그룹,loyalty,2026,1,,,,2026,text,
BTOB,K-pop 보이그룹,loyalty,2025,1,,,,2025,text,
BTOB,K-pop 보이그룹,loyalty,2026,1,,,,2026,text,
BTOB,K-pop 보이그룹,loyalty,2024,1,,,,2024,text,
BTOB,K-pop 보이그룹,loyalty,,0,,,,,none,
BTOB,K-pop 보이그룹,loyalty,2024|2025,2,,,,2025,text,
BTOB,K-pop 보이그룹,loyalty,2015,1,,,,2015,text,
BTOB,K-pop 보이그룹,loyalty,2017|2019|2020,3,,,,2020,text,
BTOB,K-pop 보이그룹,loyalty,2020,1,2020-08-24,2020,,2020,text,0
BTOB,K-pop 보이그룹,loyalty,,0,,,,,none,
BTOB,K-pop 보이그룹,loyalty,,0,,,,,none,
BTOB,K-pop 보이그룹,loyalty,,0,,,,,none,
BTOB,K-pop 보이그룹,loyalty,,0,,,,,none,
BTOB,K-pop 보이그룹,loyalty,,0,,,,,none,
BTOB,K-pop 보이그룹,loyalty,,0,,,,,none,
BTOB,K-pop 보이그룹,loyalty,,0,,,,,none,
BTOB,K-pop 보이그룹,loyalty,2015,1,,,,2015,text,
BTOB,K-pop 보이그룹,loyalty,,0,,,,,none,
BTOB,K-pop 보이그룹,loyalty,,0,,,,,none,
BTOB,K-pop 보이그룹,loyalty,2024,1,,,,2024,text,
BTOB,K-pop 보이그룹,loyalty,,0,,,,,none,
BTOB,K-pop 보이그룹,loyalty,,0,,,,,none,
BTOB,K-pop 보이그룹,loyalty,2020,1,2020-08-24,2020,,2020,text,0
BTOB,K-pop 보이그룹,loyalty,2020,1,,,,2020,text,
BTOB,K-pop 보이그룹,loyalty,2012,1,,,,2012,text,
BTOB,K-pop 보이그룹,loyalty,2018,1,2018-09-09,2018,,2018,text,0
BTOB,K-pop 보이그룹,loyalty,,0,,,,,none,
BTOB,K-pop 보이그룹,loyalty,,0,,,,,none,
BTOB,K-pop 보이그룹,spillover,2018,1,,,,2018,text,
BTOB,K-pop 보이그룹,spillover,2021,1,,,,2021,text,
BTOB,K-pop 보이그룹,spillover,2022,1,,,,2022,text,
BTOB,K-pop 보이그룹,spillover,2016,1,,,,2016,text,
BTOB,K-pop 보이그룹,spillover,,0,,,,,none,
BTOB,K-pop 보이그룹,spillover,2018,1,,,,2018,text,
BTOB,K-pop 보이그룹,spillover,2016,1,,,,2016,text,
BTOB,K-pop 보이그룹,spillover,2017|2018,2,,,,2018,text,
BTOB,K-pop 보이그룹,spillover,2025|2026,2,,,,2026,text,
BTOB,K-pop 보이그룹,spillover,2017|2026,2,2025-01-06,2025,,2026,text,1
BTOB,K-pop 보이그룹,spillover,2025,1,,,,2025,text,
BTOB,K-pop 보이그룹,spillover,,0,,,,,none,
BTOB,K-pop 보이그룹,spillover,2026,1,,,,2026,text,
BTOB,K-pop 보이그룹,spillover,2024,1,,,,2024,text,
BTOB,K-pop 보이그룹,spillover,2024,1,,,,2024,text,
BTOB,K-pop 보이그룹,spillover,,0,,,,,none,
BTOB,K-pop 보이그룹,spillover,2015|2022,2,,,,2022,text,
BTOB,K-pop 보이그룹,spillover,2018|2022,2,,,,2022,text,
BTOB,K-pop 보이그룹,spillover,,0,,,,,none,
BTOB,K-pop 보이그룹,spillover,2026,1,,,,2026,text,
BTOB,K-pop 보이그룹,spillover,,0,,,,,none,
BTOB,K-pop 보이그룹,spillover,2013|2014|2016|2020|2022|2025,6,,,,2025,text,
BTOB,K-pop 보이그룹,spillover,2015,1,,,,2015,text,
BTOB,K-pop 보이그룹,spillover,2016|2017|2022|2025,4,,,,2025,text,
BTOB,K-pop 보이그룹,spillover,2015|2020,2,,,,2020,text,
BTOB,K-pop 보이그룹,spillover,2015,1,,,,2015,text,
BTOB,K-pop 보이그룹,spillover,2015,1,,,,2015,text,
BTOB,K-pop 보이그룹,spillover,2012|2020,2,,,,2020,text,
BTOB,K-pop 보이그룹,spillover,,0,,,,,none,
BTOB,K-pop 보이그룹,spillover,2016,1,,,,2016,text,
BTOB,K-pop 보이그룹,spillover,2017,1,,,,2017,text,
BTOB,K-pop 보이그룹,spillover,2017,1,,,,2017,text,
BTOB,K-pop 보이그룹,spillover,2022,1,,,,2022,text,
BTOB,K-pop 보이그룹,spillover,2025|2026,2,,,,2026,text,
BTOB,K-pop 보이그룹,spillover,2026,1,,,,2026,text,
BTOB,K-pop 보이그룹,spillover,2026,1,2026-01-07,2026,,2026,text,0
BTOB,K-pop 보이그룹,spillover,,0,2026-01-07,2026,,2026,url,
BTOB,K-pop 보이그룹,spillover,,0,,,,,none,
BTOB,K-pop 보이그룹,spillover,,0,,,,,none,
BTOB,K-pop 보이그룹,spillover,2021,1,,,,2021,text,
BTOB,K-pop 보이그룹,spillover,,0,2022-02,2022,,2022,url,
FTISLAND,K-pop 보이그룹 /록,loyalty,,0,,,,,none,
FTISLAND,K-pop 보이그룹 /록,loyalty,2007,1,,,,2007,text,
FTISLAND,K-pop 보이그룹 /록,loyalty,,0,,,,,none,
FTISLAND,K-pop 보이그룹 /록,loyalty,2010,1,,,,2010,text,
FTISLAND,K-pop 보이그룹 /록,loyalty,2013,1,,,,2013,text,
FTISLAND,K-pop 보이그룹 /록,loyalty,2026,1,,,,2026,text,
FTISLAND,K-pop 보이그룹 /록,loyalty,,0,,,,,none,
FTISLAND,K-pop 보이그룹 /록,loyalty,2015,1,,,,2015,text,
FTISLAND,K-pop 보이그룹 /록,loyalty,2024,1,,,,2024,text,
FTISLAND,K-pop 보이그룹 /록,loyalty,2024,1,,,,2024,text,
FTISLAND,K-pop 보이그룹 /록,loyalty,2025,1,,,,2025,text,
FTISLAND,K-pop 보이그룹 /록,loyalty,2012,1,,,,2012,text,
FTISLAND,K-pop 보이그룹 /록,loyalty,2013,1,,,,2013,text,
FTISLAND,K-pop 보이그룹 /록,loyalty,2025,1,,,,2025,text,
FTISLAND,K-pop 보이그룹 /록,loyalty,2026,1,,,,2026,text,
FTISLAND,K-pop 보이그룹 /록,loyalty,2026,1,,,,2026,text,
FTISLAND,K-pop 보이그룹 /록,loyalty,2026,1,,,,2026,text,
FTISLAND,K-pop 보이그룹 /록,loyalty,,0,,,,,none,
FTISLAND,K-pop 보이그룹 /록,loyalty,,0,,,,,none,
FTISLAND,K-pop 보이그룹 /록,loyalty,2010,1,2010-02-08,2010,,2010,text,0
FTISLAND,K-pop 보이그룹 /록,loyalty,,0,,,,,none,
FTISLAND,K-pop 보이그룹 /록,loyalty,,0,2021-06-07,2021,,2021,url,
FTISLAND,K-pop 보이그룹 /록,loyalty,2012,1,,,,2012,text,
FTISLAND,K-pop 보이그룹 /록,loyalty,2025,1,,,,2025,text,
FTISLAND,K-pop 보이그룹 /록,loyalty,2010|2012,2,,,,2012,text,
FTISLAND,K-pop 보이그룹 /록,loyalty,2023,1,,,,2023,text,
FTISLAND,K-pop 보이그룹 /록,loyalty,2025,1,,,,2025,text,
FTISLAND,K-pop 보이그룹 /록,loyalty,2026,1,,,,2026,text,
FTISLAND,K-pop 보이그룹 /록,loyalty,2026,1,,,,2026,text,
FTISLAND,K-pop 보이그룹 /록,loyalty,,0,,,,,none,
FTISLAND,K-pop 보이그룹 /록,loyalty,,0,,,,,none,
FTISLAND,K-pop 보이그룹 /록,spillover,2014,1,,,,2014,text,
FTISLAND,K-pop 보이그룹 /록,spillover,2011,1,,,,2011,text,
FTISLAND,K-pop 보이그룹 /록,spillover,2014,1,,,,2014,text,
FTISLAND,K-pop 보이그룹 /록,spillover,2011,1,,,,2011,text,
FTISLAND,K-pop 보이그룹 /록,spillover,2011,1,,,,2011,text,
FTISLAND,K-pop 보이그룹 /록,spillover,2012,1,,,,2012,text,
FTISLAND,K-pop 보이그룹 /록,spillover,2015,1,,,,2015,text,
FTISLAND,K-pop 보이그룹 /록,spillover,2010,1,,,,2010,text,
FTISLAND,K-pop 보이그룹 /록,spillover,2014,1,,,,2014,text,
FTISLAND,K-pop 보이그룹 /록,spillover,2025,1,,,,2025,text,
FTISLAND,K-pop 보이그룹 /록,spillover,,0,,,,,none,
FTISLAND,K-pop 보이그룹 /록,spillover,2026,1,2026-05-30,2026,,2026,text,0
FTISLAND,K-pop 보이그룹 /록,spillover,2011,1,,,,2011,text,
FTISLAND,K-pop 보이그룹 /록,spillover,2007|2008|2012|2015,4,,,,2015,text,
FTISLAND,K-pop 보이그룹 /록,spillover,2012,1,,,,2012,text,
FTISLAND,K-pop 보이그룹 /록,spillover,2025|2026,2,2025-09,2025,,2026,text,1
FTISLAND,K-pop 보이그룹 /록,spillover,2025,1,,,,2025,text,
FTISLAND,K-pop 보이그룹 /록,spillover,,0,,,,,none,
FTISLAND,K-pop 보이그룹 /록,spillover,,0,,,1,,none,
FTISLAND,K-pop 보이그룹 /록,spillover,,0,,,0,,none,
FTISLAND,K-pop 보이그룹 /록,spillover,2019,1,2021-05-04,2021,,2019,text,-2
FTISLAND,K-pop 보이그룹 /록,spillover,2026,1,,,,2026,text,
FTISLAND,K-pop 보이그룹 /록,spillover,2026,1,,,,2026,text,
FTISLAND,K-pop 보이그룹 /록,spillover,2022,1,,,,2022,text,
FTISLAND,K-pop 보이그룹 /록,spillover,2013,1,,,,2013,text,
FTISLAND,K-pop 보이그룹 /록,spillover,,0,,,,,none,
FTISLAND,K-pop 보이그룹 /록,spillover,,0,,,,,none,
FTISLAND,K-pop 보이그룹 /록,spillover,2011|2013|2014|2016,4,,,,2016,text,
FTISLAND,K-pop 보이그룹 /록,spillover,2018|2022,2,,,,2022,text,
FTISLAND,K-pop 보이그룹 /록,spillover,2011|2012,2,,,,2012,text,
FTISLAND,K-pop 보이그룹 /록,spillover,2009,1,,,,2009,text,
FTISLAND,K-pop 보이그룹 /록,spillover,2009,1,,,,2009,text,
FTISLAND,K-pop 보이그룹 /록,spillover,2017,1,2017-08-04,2017,,2017,text,0
FTISLAND,K-pop 보이그룹 /록,spillover,2026,1,,,,2026,text,
FTISLAND,K-pop 보이그룹 /록,spillover,2026,1,,,,2026,text,
FTISLAND,K-pop 보이그룹 /록,spillover,2025,1,,,,2025,text,
FTISLAND,K-pop 보이그룹 /록,spillover,,0,,,,,none,
FTISLAND,K-pop 보이그룹 /록,spillover,2009,1,,,,2009,text,
FTISLAND,K-pop 보이그룹 /록,spillover,,0,,,,,none,
FTISLAND,K-pop 보이그룹 /록,spillover,2025,1,,,,2025,text,
FTISLAND,K-pop 보이그룹 /록,spillover,2007,1,,,,2007,text,
FTISLAND,K-pop 보이그룹 /록,spillover,2023,1,,,,2023,text,
NewJeans,K-pop 걸그룹,loyalty,,0,,,,,none,
NewJeans,K-pop 걸그룹,loyalty,,0,,,,,none,
NewJeans,K-pop 걸그룹,loyalty,,0,,,,,none,
NewJeans,K-pop 걸그룹,loyalty,2023,1,,,,2023,text,
NewJeans,K-pop 걸그룹,loyalty,,0,,,,,none,
NewJeans,K-pop 걸그룹,loyalty,2022,1,,,,2022,text,
NewJeans,K-pop 걸그룹,loyalty,2022,1,,,,2022,text,
NewJeans,K-pop 걸그룹,loyalty,2023,1,,,,2023,text,
NewJeans,K-pop 걸그룹,loyalty,2023,1,,,,2023,text,
NewJeans,K-pop 걸그룹,loyalty,,0,,,,,none,
NewJeans,K-pop 걸그룹,loyalty,,0,,,,,none,
NewJeans,K-pop 걸그룹,loyalty,2023|2024,2,,,,2024,text,
NewJeans,K-pop 걸그룹,loyalty,2023,1,,,,2023,text,
NewJeans,K-pop 걸그룹,loyalty,2023,1,,,,2023,text,
NewJeans,K-pop 걸그룹,loyalty,2024,1,,,,2024,text,
NewJeans,K-pop 걸그룹,loyalty,2024,1,,,,2024,text,
NewJeans,K-pop 걸그룹,loyalty,2026,1,2026-03,2026,,2026,text,0
NewJeans,K-pop 걸그룹,loyalty,2026,1,,,,2026,text,
NewJeans,K-pop 걸그룹,loyalty,2024,1,,,,2024,text,
NewJeans,K-pop 걸그룹,loyalty,2025,1,2025-07,2025,,2025,text,0
NewJeans,K-pop 걸그룹,loyalty,2024|2026,2,2026-08,2026,,2026,text,0
NewJeans,K-pop 걸그룹,loyalty,2026,1,,,,2026,text,
NewJeans,K-pop 걸그룹,loyalty,,0,2025-05-09,2025,,2025,url,
NewJeans,K-pop 걸그룹,loyalty,,0,2024-06-19,2024,,2024,url,
NewJeans,K-pop 걸그룹,loyalty,,0,2026-08-15,2026,,2026,url,
NewJeans,K-pop 걸그룹,loyalty,2026,1,,,,2026,text,
NewJeans,K-pop 걸그룹,loyalty,,0,,,,,none,
NewJeans,K-pop 걸그룹,loyalty,2024,1,,,,2024,text,
NewJeans,K-pop 걸그룹,loyalty,2024,1,2024-10-16,2024,,2024,text,0
NewJeans,K-pop 걸그룹,loyalty,,0,,,,,none,
NewJeans,K-pop 걸그룹,loyalty,,0,2025-08-09,2025,,2025,url,
NewJeans,K-pop 걸그룹,loyalty,,0,,,,,none,
NewJeans,K-pop 걸그룹,loyalty,2026,1,2026-07,2026,,2026,text,0
NewJeans,K-pop 걸그룹,loyalty,2024,1,,,,2024,text,
NewJeans,K-pop 걸그룹,loyalty,,0,,,,,none,
NewJeans,K-pop 걸그룹,loyalty,,0,,,,,none,
NewJeans,K-pop 걸그룹,loyalty,2024,1,,,,2024,text,
NewJeans,K-pop 걸그룹,loyalty,2022,1,2022-10-30,2022,,2022,text,0
NewJeans,K-pop 걸그룹,loyalty,2022,1,,,,2022,text,
NewJeans,K-pop 걸그룹,loyalty,,0,,,,,none,
NewJeans,K-pop 걸그룹,loyalty,,0,,,,,none,
NewJeans,K-pop 걸그룹,loyalty,,0,,,,,none,
NewJeans,K-pop 걸그룹,loyalty,,0,,,,,none,
NewJeans,K-pop 걸그룹,loyalty,2023,1,2022-10,2022,,2023,text,1
NewJeans,K-pop 걸그룹,spillover,,0,,,,,none,
NewJeans,K-pop 걸그룹,spillover,,0,,,,,none,
NewJeans,K-pop 걸그룹,spillover,2024,1,,,,2024,text,
NewJeans,K-pop 걸그룹,spillover,2024,1,,,,2024,text,
NewJeans,K-pop 걸그룹,spillover,2023|2024,2,,,,2024,text,
NewJeans,K-pop 걸그룹,spillover,,0,,,,,none,
NewJeans,K-pop 걸그룹,spillover,,0,,,,,none,
NewJeans,K-pop 걸그룹,spillover,,0,,,,,none,
NewJeans,K-pop 걸그룹,spillover,2023,1,,,,2023,text,
NewJeans,K-pop 걸그룹,spillover,,0,,,,,none,
NewJeans,K-pop 걸그룹,spillover,2024,1,,,,2024,text,
NewJeans,K-pop 걸그룹,spillover,2024,1,,,,2024,text,
NewJeans,K-pop 걸그룹,spillover,,0,,,,,none,
NewJeans,K-pop 걸그룹,spillover,,0,,,,,none,
NewJeans,K-pop 걸그룹,spillover,,0,,,,,none,
NewJeans,K-pop 걸그룹,spillover,2023|2024,2,,,,2024,text,
NewJeans,K-pop 걸그룹,spillover,2023,1,,,,2023,text,
NewJeans,K-pop 걸그룹,spillover,2022|2023,2,,,,2023,text,
NewJeans,K-pop 걸그룹,spillover,2023,1,2026-08,2026,,2023,text,-3
NewJeans,K-pop 걸그룹,spillover,,0,2026-08,2026,,2026,url,
NewJeans,K-pop 걸그룹,spillover,,0,2024-11,2024,,2024,url,
NewJeans,K-pop 걸그룹,spillover,2023,1,,,,2023,text,
NewJeans,K-pop 걸그룹,spillover,,0,2023-09-18,2023,,2023,url,
NewJeans,K-pop 걸그룹,spillover,,0,2024-11-28,2024,,2024,url,
NewJeans,K-pop 걸그룹,spillover,,0,2025-10-30,2025,,2025,url,
NewJeans,K-pop 걸그룹,spillover,,0,2026-01-28,2026,,2026,url,
NewJeans,K-pop 걸그룹,spillover,2024,1,2024-03-27,2024,,2024,text,0
NewJeans,K-pop 걸그룹,spillover,,0,2026-01-12,2026,,2026,url,
NewJeans,K-pop 걸그룹,spillover,,0,2024-11-28,2024,,2024,url,
NewJeans,K-pop 걸그룹,spillover,,0,2024-11-20,2024,,2024,url,
NewJeans,K-pop 걸그룹,spillover,,0,2024-10-15,2024,,2024,url,
NewJeans,K-pop 걸그룹,spillover,,0,2024-05-20,2024,,2024,url,
NewJeans,K-pop 걸그룹,spillover,,0,,,,,none,
NewJeans,K-pop 걸그룹,spillover,2024,1,2024-11-02,2024,,2024,text,0
NewJeans,K-pop 걸그룹,spillover,2023,1,,,,2023,text,
NewJeans,K-pop 걸그룹,spillover,,0,,,0,,none,
NewJeans,K-pop 걸그룹,spillover,2024,1,,,,2024,text,
NewJeans,K-pop 걸그룹,spillover,,0,2025-11-14,2025,,2025,url,
NewJeans,K-pop 걸그룹,spillover,,0,,,,,none,
NewJeans,K-pop 걸그룹,spillover,2023,1,,,,2023,text,
NewJeans,K-pop 걸그룹,spillover,,0,,,,,none,
NewJeans,K-pop 걸그룹,spillover,2022,1,,,,2022,text,
NewJeans,K-pop 걸그룹,spillover,,0,,,,,none,
NewJeans,K-pop 걸그룹,spillover,2026,1,2026-01,2026,,2026,text,0
NewJeans,K-pop 걸그룹,spillover,,0,,,,,none,
NewJeans,K-pop 걸그룹,spillover,2026,1,2026-01-01,2026,,2026,text,0
NewJeans,K-pop 걸그룹,spillover,,0,,,,,none,
NewJeans,K-pop 걸그룹,spillover,,0,,,,,none,
NewJeans,K-pop 걸그룹,spillover,,0,,,,,none,
NewJeans,K-pop 걸그룹,spillover,2025,1,,,,2025,text,
NewJeans,K-pop 걸그룹,spillover,2025,1,2025-03-21,2025,,2025,text,0
NewJeans,K-pop 걸그룹,spillover,2025,1,,,,2025,text,
NewJeans,K-pop 걸그룹,spillover,,0,2025-10-30,2025,,2025,url,
NewJeans,K-pop 걸그룹,spillover,2026,1,2026-07-04,2026,,2026,text,0
NewJeans,K-pop 걸그룹,spillover,,0,,,,,none,
NewJeans,K-pop 걸그룹,spillover,,0,,,,,none,
NewJeans,K-pop 걸그룹,spillover,,0,,,,,none,
NewJeans,K-pop 걸그룹,spillover,,0,,,,,none,
NewJeans,K-pop 걸그룹,spillover,,0,,,,,none,
NewJeans,K-pop 걸그룹,spillover,,0,,,,,none,
NewJeans,K-pop 걸그룹,spillover,,0,,,0,,none,
NewJeans,K-pop 걸그룹,spillover,,0,,,,,none,
NewJeans,K-pop 걸그룹,spillover,,0,2024-10-28,2024,,2024,url,
NewJeans,K-pop 걸그룹,spillover,2023,1,,,,2023,text,
NewJeans,K-pop 걸그룹,spillover,,0,,,,,none,
NewJeans,K-pop 걸그룹,spillover,2024,1,,,,2024,text,
NewJeans,K-pop 걸그룹,spillover,,0,,,-1,,none,
NewJeans,K-pop 걸그룹,spillover,,0,,,,,none,
NewJeans,K-pop 걸그룹,spillover,,0,,,,,none,
NewJeans,K-pop 걸그룹,spillover,,0,,,,,none,
NewJeans,K-pop 걸그룹,spillover,,0,,,,,none,
NewJeans,K-pop 걸그룹,spillover,,0,,,,,none,
NewJeans,K-pop 걸그룹,spillover,,0,,,,,none,
NewJeans,K-pop 걸그룹,spillover,2024,1,,,,2024,text,
NewJeans,K-pop 걸그룹,spillover,2022|2023|2024,3,,,,2024,text,
NewJeans,K-pop 걸그룹,spillover,2024,1,,,,2024,text,
NewJeans,K-pop 걸그룹,spillover,2025,1,2025-02-07,2025,,2025,text,0
NewJeans,K-pop 걸그룹,spillover,,0,,,,,none,
NewJeans,K-pop 걸그룹,spillover,2023,1,,,,2023,text,
NewJeans,K-pop 걸그룹,spillover,,0,,,,,none,
NewJeans,K-pop 걸그룹,spillover,,0,,,,,none,
NewJeans,K-pop 걸그룹,spillover,,0,,,,,none,
NewJeans,K-pop 걸그룹,spillover,,0,,,,,none,
NewJeans,K-pop 걸그룹,spillover,,0,,,,,none,
NewJeans,K-pop 걸그룹,spillover,,0,,,,,none,
NewJeans,K-pop 걸그룹,spillover,,0,,,,,none,
NewJeans,K-pop 걸그룹,spillover,2022,1,,,,2022,text,
NewJeans,K-pop 걸그룹,spillover,2022|2024,2,,,,2024,text,
NewJeans,K-pop 걸그룹,spillover,2023|2024,2,,,,2024,text,
NewJeans,K-pop 걸그룹,spillover,2024,1,,,,2024,text,
NewJeans,K-pop 걸그룹,spillover,,0,,,,,none,
NewJeans,K-pop 걸그룹,spillover,2026,1,2026-01,2026,,2026,text,0
NewJeans,K-pop 걸그룹,spillover,2025|2026,2,2026-08,2026,,2026,text,0
NewJeans,K-pop 걸그룹,spillover,2026,1,2026-09-07,2026,,2026,text,0
NewJeans,K-pop 걸그룹,spillover,2026,1,,,,2026,text,
NewJeans,K-pop 걸그룹,spillover,2024,1,,,,2024,text,
NewJeans,K-pop 걸그룹,spillover,2023,1,,,,2023,text,
NewJeans,K-pop 걸그룹,spillover,2023|2024,2,,,,2024,text,
NewJeans,K-pop 걸그룹,spillover,2023,1,,,,2023,text,
NewJeans,K-pop 걸그룹,spillover,2022,1,,,,2022,text,
NewJeans,K-pop 걸그룹,spillover,2023,1,,,,2023,text,
NewJeans,K-pop 걸그룹,spillover,,0,,,,,none,
NewJeans,K-pop 걸그룹,spillover,,0,,,,,none,
NewJeans,K-pop 걸그룹,spillover,,0,,,,,none,
NewJeans,K-pop 걸그룹,spillover,2023,1,,,,2023,text,
NewJeans,K-pop 걸그룹,spillover,2023,1,,,,2023,text,
NewJeans,K-pop 걸그룹,spillover,,0,,,,,none,
NewJeans,K-pop 걸그룹,spillover,2026,1,,,,2026,text,
NewJeans,K-pop 걸그룹,spillover,2023,1,,,,2023,text,
NewJeans,K-pop 걸그룹,spillover,2025,1,,,,2025,text,
BLACKPINK,K-pop 걸그룹,loyalty,2017,1,,,,2017,text,
BLACKPINK,K-pop 걸그룹,loyalty,2022,1,,,,2022,text,
BLACKPINK,K-pop 걸그룹,loyalty,2026,1,,,,2026,text,
BLACKPINK,K-pop 걸그룹,loyalty,,0,,,,,none,
BLACKPINK,K-pop 걸그룹,loyalty,,0,,,,,none,
BLACKPINK,K-pop 걸그룹,loyalty,2017,1,,,,2017,text,
BLACKPINK,K-pop 걸그룹,loyalty,2023,1,,,,2023,text,
BLACKPINK,K-pop 걸그룹,loyalty,2022,1,,,,2022,text,
BLACKPINK,K-pop 걸그룹,loyalty,2026,1,,,,2026,text,
BLACKPINK,K-pop 걸그룹,loyalty,2022|2023,2,,,,2023,text,
BLACKPINK,K-pop 걸그룹,loyalty,2017,1,,,,2017,text,
BLACKPINK,K-pop 걸그룹,loyalty,2022,1,,,,2022,text,
BLACKPINK,K-pop 걸그룹,loyalty,2018|2019|2022,3,,,,2022,text,
BLACKPINK,K-pop 걸그룹,loyalty,2020,1,,,,2020,text,
BLACKPINK,K-pop 걸그룹,loyalty,2025,1,2025-10-22,2025,,2025,text,0
BLACKPINK,K-pop 걸그룹,loyalty,,0,2026-03-13,2026,,2026,url,
BLACKPINK,K-pop 걸그룹,loyalty,2016|2026,2,2026-02,2026,,2026,text,0
BLACKPINK,K-pop 걸그룹,loyalty,2025,1,,,,2025,text,
BLACKPINK,K-pop 걸그룹,loyalty,,0,,,,,none,
BLACKPINK,K-pop 걸그룹,loyalty,,0,,,,,none,
BLACKPINK,K-pop 걸그룹,loyalty,,0,,,,,none,
BLACKPINK,K-pop 걸그룹,loyalty,,0,2023-06-13,2023,,2023,url,
BLACKPINK,K-pop 걸그룹,loyalty,2025,1,,,,2025,text,
BLACKPINK,K-pop 걸그룹,loyalty,,0,,,,,none,
BLACKPINK,K-pop 걸그룹,loyalty,2026,1,,,,2026,text,
BLACKPINK,K-pop 걸그룹,loyalty,,0,,,,,none,
BLACKPINK,K-pop 걸그룹,loyalty,2026,1,,,,2026,text,
BLACKPINK,K-pop 걸그룹,loyalty,2026,1,,,,2026,text,
BLACKPINK,K-pop 걸그룹,loyalty,2019|2023|2026,3,,,,2026,text,
BLACKPINK,K-pop 걸그룹,loyalty,2025,1,,,,2025,text,
BLACKPINK,K-pop 걸그룹,loyalty,2024,1,,,,2024,text,
BLACKPINK,K-pop 걸그룹,loyalty,,0,,,,,none,
BLACKPINK,K-pop 걸그룹,loyalty,,0,,,,,none,
BLACKPINK,K-pop 걸그룹,loyalty,,0,,,,,none,
BLACKPINK,K-pop 걸그룹,loyalty,,0,,,,,none,
BLACKPINK,K-pop 걸그룹,loyalty,,0,2026-01-10,2026,,2026,url,
BLACKPINK,K-pop 걸그룹,loyalty,,0,,,,,none,
BLACKPINK,K-pop 걸그룹,loyalty,,0,2023-09-29,2023,,2023,url,
BLACKPINK,K-pop 걸그룹,loyalty,,0,,,,,none,
BLACKPINK,K-pop 걸그룹,loyalty,,0,,,,,none,
BLACKPINK,K-pop 걸그룹,loyalty,,0,,,,,none,
BLACKPINK,K-pop 걸그룹,loyalty,,0,,,,,none,
BLACKPINK,K-pop 걸그룹,loyalty,,0,,,,,none,
BLACKPINK,K-pop 걸그룹,loyalty,,0,,,,,none,
BLACKPINK,K-pop 걸그룹,loyalty,,0,,,,,none,
BLACKPINK,K-pop 걸그룹,loyalty,2017,1,,,,2017,text,
BLACKPINK,K-pop 걸그룹,loyalty,2020|2021,2,,,,2021,text,
BLACKPINK,K-pop 걸그룹,loyalty,2025,1,2025-06-16,2025,,2025,text,0
BLACKPINK,K-pop 걸그룹,loyalty,2022,1,2022-11-17,2022,,2022,text,0
BLACKPINK,K-pop 걸그룹,loyalty,,0,,,,,none,
BLACKPINK,K-pop 걸그룹,loyalty,,0,,,,,none,
BLACKPINK,K-pop 걸그룹,loyalty,2024,1,2024-05-16,2024,,2024,text,0
BLACKPINK,K-pop 걸그룹,loyalty,,0,2024-05-17,2024,,2024,url,
BLACKPINK,K-pop 걸그룹,loyalty,,0,,,,,none,
BLACKPINK,K-pop 걸그룹,loyalty,,0,,,,,none,
BLACKPINK,K-pop 걸그룹,loyalty,,0,,,,,none,
BLACKPINK,K-pop 걸그룹,loyalty,,0,,,,,none,
BLACKPINK,K-pop 걸그룹,loyalty,2026,1,,,,2026,text,
BLACKPINK,K-pop 걸그룹,loyalty,2026,1,,,,2026,text,
BLACKPINK,K-pop 걸그룹,loyalty,2026,1,,,,2026,text,
BLACKPINK,K-pop 걸그룹,spillover,2022|2023,2,,,,2023,text,
BLACKPINK,K-pop 걸그룹,spillover,,0,,,,,none,
BLACKPINK,K-pop 걸그룹,spillover,,0,,,,,none,
BLACKPINK,K-pop 걸그룹,spillover,,0,,,,,none,
BLACKPINK,K-pop 걸그룹,spillover,2026,1,,,,2026,text,
BLACKPINK,K-pop 걸그룹,spillover,,0,,,,,none,
BLACKPINK,K-pop 걸그룹,spillover,2021|2023,2,,,,2023,text,
BLACKPINK,K-pop 걸그룹,spillover,2025,1,,,,2025,text,
BLACKPINK,K-pop 걸그룹,spillover,2020|2022,2,,,,2022,text,
BLACKPINK,K-pop 걸그룹,spillover,2018,1,,,,2018,text,
BLACKPINK,K-pop 걸그룹,spillover,2019|2023|2026,3,,,,2026,text,
BLACKPINK,K-pop 걸그룹,spillover,,0,,,,,none,
BLACKPINK,K-pop 걸그룹,spillover,2018|2020,2,,,,2020,text,
BLACKPINK,K-pop 걸그룹,spillover,2019|2020|2025,3,,,,2025,text,
BLACKPINK,K-pop 걸그룹,spillover,2017|2023,2,,,,2023,text,
BLACKPINK,K-pop 걸그룹,spillover,2019|2023,2,,,,2023,text,
BLACKPINK,K-pop 걸그룹,spillover,,0,,,,,none,
BLACKPINK,K-pop 걸그룹,spillover,2023,1,,,,2023,text,
BLACKPINK,K-pop 걸그룹,spillover,,0,,,,,none,
BLACKPINK,K-pop 걸그룹,spillover,2026,1,,,,2026,text,
BLACKPINK,K-pop 걸그룹,spillover,2026,1,,,,2026,text,
BLACKPINK,K-pop 걸그룹,spillover,2026,1,2026-03-13,2026,,2026,text,0
BLACKPINK,K-pop 걸그룹,spillover,2025|2026,2,,,,2026,text,
BLACKPINK,K-pop 걸그룹,spillover,,0,,,,,none,
BLACKPINK,K-pop 걸그룹,spillover,,0,,,,,none,
BLACKPINK,K-pop 걸그룹,spillover,,0,,,,,none,
BLACKPINK,K-pop 걸그룹,spillover,,0,,,,,none,
BLACKPINK,K-pop 걸그룹,spillover,,0,,,,,none,
BLACKPINK,K-pop 걸그룹,spillover,,0,,,,,none,
BLACKPINK,K-pop 걸그룹,spillover,,0,2026-03-03,2026,,2026,url,
BLACKPINK,K-pop 걸그룹,spillover,,0,2026-04-28,2026,,2026,url,
BLACKPINK,K-pop 걸그룹,spillover,,0,2026-07-26,2026,,2026,url,
BLACKPINK,K-pop 걸그룹,spillover,,0,2026-06-25,2026,,2026,url,
BLACKPINK,K-pop 걸그룹,spillover,,0,2026-06-13,2026,,2026,url,
BLACKPINK,K-pop 걸그룹,spillover,,0,2026-08-07,2026,,2026,url,
BLACKPINK,K-pop 걸그룹,spillover,,0,2026-04-15,2026,,2026,url,
BLACKPINK,K-pop 걸그룹,spillover,,0,2026-03-30,2026,,2026,url,
BLACKPINK,K-pop 걸그룹,spillover,,0,,,,,none,
BLACKPINK,K-pop 걸그룹,spillover,,0,,,,,none,
BLACKPINK,K-pop 걸그룹,spillover,,0,,,,,none,
BLACKPINK,K-pop 걸그룹,spillover,,0,,,,,none,
BLACKPINK,K-pop 걸그룹,spillover,,0,,,,,none,
BLACKPINK,K-pop 걸그룹,spillover,,0,,,,,none,
BLACKPINK,K-pop 걸그룹,spillover,,0,,,,,none,
BLACKPINK,K-pop 걸그룹,spillover,2025|2026,2,,,,2026,text,
BLACKPINK,K-pop 걸그룹,spillover,2026,1,,,,2026,text,
BLACKPINK,K-pop 걸그룹,spillover,,0,,,,,none,
BLACKPINK,K-pop 걸그룹,spillover,,0,,,,,none,
BLACKPINK,K-pop 걸그룹,spillover,2026,1,,,,2026,text,
BLACKPINK,K-pop 걸그룹,spillover,,0,,,,,none,
BLACKPINK,K-pop 걸그룹,spillover,2026,1,,,,2026,text,
BLACKPINK,K-pop 걸그룹,spillover,2022|2026,2,,,,2026,text,
BLACKPINK,K-pop 걸그룹,spillover,,0,,,,,none,
BLACKPINK,K-pop 걸그룹,spillover,2026,1,,,,2026,text,
BLACKPINK,K-pop 걸그룹,spillover,,0,,,,,none,
BLACKPINK,K-pop 걸그룹,spillover,2025,1,2025-12,2025,,2025,text,0
BLACKPINK,K-pop 걸그룹,spillover,2026,1,2026-01-26,2026,,2026,text,0
BLACKPINK,K-pop 걸그룹,spillover,2026,1,2026-01-29,2026,,2026,text,0
BLACKPINK,K-pop 걸그룹,spillover,2025,1,2025-10-16,2025,,2025,text,0
BLACKPINK,K-pop 걸그룹,spillover,2026,1,2026-01-29,2026,,2026,text,0
BLACKPINK,K-pop 걸그룹,spillover,,0,2026-01,2026,,2026,url,
BLACKPINK,K-pop 걸그룹,spillover,,0,,,,,none,
BLACKPINK,K-pop 걸그룹,spillover,,0,,,,,none,
BLACKPINK,K-pop 걸그룹,spillover,,0,,,,,none,
BLACKPINK,K-pop 걸그룹,spillover,,0,2025-07-05,2025,,2025,url,
BLACKPINK,K-pop 걸그룹,spillover,,0,2023-03-06,2023,,2023,url,
BLACKPINK,K-pop 걸그룹,spillover,,0,2023-03-06,2023,,2023,url,
BLACKPINK,K-pop 걸그룹,spillover,,0,,,,,none,
BLACKPINK,K-pop 걸그룹,spillover,,0,2020-08-12,2020,,2020,url,
BLACKPINK,K-pop 걸그룹,spillover,,0,,,,,none,
BLACKPINK,K-pop 걸그룹,spillover,,0,,,,,none,
BLACKPINK,K-pop 걸그룹,spillover,,0,,,,,none,
BLACKPINK,K-pop 걸그룹,spillover,,0,,,0,,none,
BLACKPINK,K-pop 걸그룹,spillover,2026,1,,,,2026,text,
BLACKPINK,K-pop 걸그룹,spillover,2026,1,2026-01-21,2026,,2026,text,0
BLACKPINK,K-pop 걸그룹,spillover,,0,,,,,none,
BLACKPINK,K-pop 걸그룹,spillover,2025,1,,,,2025,text,
BLACKPINK,K-pop 걸그룹,spillover,,0,,,,,none,
BLACKPINK,K-pop 걸그룹,spillover,,0,,,,,none,
BLACKPINK,K-pop 걸그룹,spillover,2022,1,,,,2022,text,
BLACKPINK,K-pop 걸그룹,spillover,2026,1,,,,2026,text,
BLACKPINK,K-pop 걸그룹,spillover,2026,1,,,,2026,text,
BLACKPINK,K-pop 걸그룹,spillover,2019|2020,2,,,,2020,text,
BLACKPINK,K-pop 걸그룹,spillover,,0,,,,,none,
BLACKPINK,K-pop 걸그룹,spillover,,0,,,,,none,
BLACKPINK,K-pop 걸그룹,spillover,2024,1,,,,2024,text,
BLACKPINK,K-pop 걸그룹,spillover,,0,,,,,none,
BLACKPINK,K-pop 걸그룹,spillover,,0,,,,,none,
BLACKPINK,K-pop 걸그룹,spillover,2023|2025,2,,,,2025,text,
BLACKPINK,K-pop 걸그룹,spillover,2026,1,,,,2026,text,
BLACKPINK,K-pop 걸그룹,spillover,,0,,,,,none,
BLACKPINK,K-pop 걸그룹,spillover,,0,,,,,none,
BLACKPINK,K-pop 걸그룹,spillover,,0,,,,,none,
BLACKPINK,K-pop 걸그룹,spillover,,0,,,,,none,
BLACKPINK,K-pop 걸그룹,spillover,2022,1,,,,2022,text,
BLACKPINK,K-pop 걸그룹,spillover,2022,1,,,,2022,text,
BLACKPINK,K-pop 걸그룹,spillover,2019,1,,,,2019,text,
BLACKPINK,K-pop 걸그룹,spillover,2019,1,,,,2019,text,
BLACKPINK,K-pop 걸그룹,spillover,2019|2021,2,,,,2021,text,
BLACKPINK,K-pop 걸그룹,spillover,2021|2022,2,,,,2022,text,
BLACKPINK,K-pop 걸그룹,spillover,2020|2022,2,,,,2022,text,
BLACKPINK,K-pop 걸그룹,spillover,2022,1,,,,2022,text,
BLACKPINK,K-pop 걸그룹,spillover,2021,1,,,,2021,text,
BLACKPINK,K-pop 걸그룹,spillover,2019,1,,,,2019,text,
BLACKPINK,K-pop 걸그룹,spillover,2026,1,,,,2026,text,
BLACKPINK,K-pop 걸그룹,spillover,,0,2025-10-03,2025,,2025,url,
BLACKPINK,K-pop 걸그룹,spillover,2026,1,2026-04-30,2026,,2026,text,0
BLACKPINK,K-pop 걸그룹,spillover,2026,1,,,,2026,text,
BLACKPINK,K-pop 걸그룹,spillover,2025,1,,,0,2025,text,
BLACKPINK,K-pop 걸그룹,spillover,2026,1,,,,2026,text,
BLACKPINK,K-pop 걸그룹,spillover,,0,,,,,none,
BLACKPINK,K-pop 걸그룹,spillover,,0,,,,,none,
BLACKPINK,K-pop 걸그룹,spillover,2026,1,,,,2026,text,
BLACKPINK,K-pop 걸그룹,spillover,,0,,,,,none,
BLACKPINK,K-pop 걸그룹,spillover,,0,,,,,none,
BLACKPINK,K-pop 걸그룹,spillover,,0,,,,,none,
BLACKPINK,K-pop 걸그룹,spillover,,0,,,,,none,
BLACKPINK,K-pop 걸그룹,spillover,,0,,,,,none,
BLACKPINK,K-pop 걸그룹,spillover,,0,,,,,none,
BLACKPINK,K-pop 걸그룹,spillover,2024,1,,,,2024,text,
BLACKPINK,K-pop 걸그룹,spillover,2023,1,,,,2023,text,
BLACKPINK,K-pop 걸그룹,spillover,2018,1,,,,2018,text,
BLACKPINK,K-pop 걸그룹,spillover,,0,,,,,none,
BLACKPINK,K-pop 걸그룹,spillover,2025,1,,,,2025,text,
BLACKPINK,K-pop 걸그룹,spillover,2025,1,,,,2025,text,
BLACKPINK,K-pop 걸그룹,spillover,2023,1,,,,2023,text,
BLACKPINK,K-pop 걸그룹,spillover,2024,1,,,,2024,text,
BLACKPINK,K-pop 걸그룹,spillover,,0,,,,,none,
BLACKPINK,K-pop 걸그룹,spillover,,0,,,,,none,
BLACKPINK,K-pop 걸그룹,spillover,,0,,,,,none,
BLACKPINK,K-pop 걸그룹,spillover,,0,2023-01,2023,,2023,url,
BLACKPINK,K-pop 걸그룹,spillover,2022,1,2022-08-19,2022,,2022,text,0
BLACKPINK,K-pop 걸그룹,spillover,,0,,,,,none,
BLACKPINK,K-pop 걸그룹,spillover,2023,1,2023-04-25,2023,,2023,text,0
BLACKPINK,K-pop 걸그룹,spillover,2025,1,,,,2025,text,
IVE,K-pop 걸그룹,loyalty,,0,,,,,none,
IVE,K-pop 걸그룹,loyalty,,0,,,,,none,
IVE,K-pop 걸그룹,loyalty,,0,,,,,none,
IVE,K-pop 걸그룹,loyalty,2023,1,,,,2023,text,
IVE,K-pop 걸그룹,loyalty,,0,,,,,none,
IVE,K-pop 걸그룹,loyalty,,0,,,,,none,
IVE,K-pop 걸그룹,loyalty,,0,,,,,none,
IVE,K-pop 걸그룹,loyalty,,0,,,,,none,
IVE,K-pop 걸그룹,loyalty,,0,,,,,none,
IVE,K-pop 걸그룹,loyalty,2023,1,,,,2023,text,
IVE,K-pop 걸그룹,loyalty,2023|2025,2,,,,2025,text,
IVE,K-pop 걸그룹,loyalty,,0,,,,,none,
IVE,K-pop 걸그룹,loyalty,2023,1,,,,2023,text,
IVE,K-pop 걸그룹,loyalty,2026,1,,,,2026,text,
IVE,K-pop 걸그룹,loyalty,2025,1,,,,2025,text,
IVE,K-pop 걸그룹,loyalty,2026,1,,,,2026,text,
IVE,K-pop 걸그룹,loyalty,2023,1,,,,2023,text,
IVE,K-pop 걸그룹,loyalty,2024,1,2024-08-24,2024,,2024,text,0
IVE,K-pop 걸그룹,loyalty,,0,,,,,none,
IVE,K-pop 걸그룹,loyalty,,0,,,,,none,
IVE,K-pop 걸그룹,loyalty,,0,,,,,none,
IVE,K-pop 걸그룹,loyalty,2023|2024|2026,3,,,,2026,text,
IVE,K-pop 걸그룹,loyalty,,0,,,,,none,
IVE,K-pop 걸그룹,loyalty,,0,,,,,none,
IVE,K-pop 걸그룹,loyalty,,0,,,,,none,
IVE,K-pop 걸그룹,loyalty,,0,,,,,none,
IVE,K-pop 걸그룹,loyalty,2026,1,,,,2026,text,
IVE,K-pop 걸그룹,loyalty,2025,1,,,,2025,text,
IVE,K-pop 걸그룹,loyalty,2025,1,,,,2025,text,
IVE,K-pop 걸그룹,loyalty,2025,1,,,,2025,text,
IVE,K-pop 걸그룹,loyalty,2026,1,,,,2026,text,
IVE,K-pop 걸그룹,loyalty,,0,,,,,none,
IVE,K-pop 걸그룹,loyalty,2024,1,,,,2024,text,
IVE,K-pop 걸그룹,loyalty,,0,,,,,none,
IVE,K-pop 걸그룹,loyalty,,0,,,,,none,
IVE,K-pop 걸그룹,loyalty,2026,1,,,,2026,text,
IVE,K-pop 걸그룹,loyalty,2023|2024,2,,,,2024,text,
IVE,K-pop 걸그룹,loyalty,2024,1,,,,2024,text,
IVE,K-pop 걸그룹,spillover,2023,1,,,,2023,text,
IVE,K-pop 걸그룹,spillover,2023,1,,,,2023,text,
IVE,K-pop 걸그룹,spillover,2024,1,,,,2024,text,
IVE,K-pop 걸그룹,spillover,2024|2025,2,,,,2025,text,
IVE,K-pop 걸그룹,spillover,,0,,,,,none,
IVE,K-pop 걸그룹,spillover,,0,,,,,none,
IVE,K-pop 걸그룹,spillover,2024|2025,2,,,,2025,text,
IVE,K-pop 걸그룹,spillover,2023,1,,,,2023,text,
IVE,K-pop 걸그룹,spillover,2025,1,,,,2025,text,
IVE,K-pop 걸그룹,spillover,2023,1,,,,2023,text,
IVE,K-pop 걸그룹,spillover,2022|2025|2026,3,,,,2026,text,
IVE,K-pop 걸그룹,spillover,2024,1,,,,2024,text,
IVE,K-pop 걸그룹,spillover,2022|2023,2,,,,2023,text,
IVE,K-pop 걸그룹,spillover,2024|2025,2,,,,2025,text,
IVE,K-pop 걸그룹,spillover,,0,,,,,none,
IVE,K-pop 걸그룹,spillover,,0,,,,,none,
IVE,K-pop 걸그룹,spillover,,0,,,,,none,
IVE,K-pop 걸그룹,spillover,,0,2025-02-03,2025,,2025,url,
IVE,K-pop 걸그룹,spillover,,0,,,,,none,
IVE,K-pop 걸그룹,spillover,,0,,,,,none,
IVE,K-pop 걸그룹,spillover,2026,1,2025-12-02,2025,,2026,text,1
IVE,K-pop 걸그룹,spillover,2023,1,,,,2023,text,
IVE,K-pop 걸그룹,spillover,,0,,,,,none,
IVE,K-pop 걸그룹,spillover,,0,,,,,none,
IVE,K-pop 걸그룹,spillover,2022,1,,,,2022,text,
IVE,K-pop 걸그룹,spillover,,0,,,,,none,
IVE,K-pop 걸그룹,spillover,,0,,,,,none,
IVE,K-pop 걸그룹,spillover,2025,1,,,,2025,text,
IVE,K-pop 걸그룹,spillover,,0,,,,,none,
IVE,K-pop 걸그룹,spillover,,0,,,,,none,
IVE,K-pop 걸그룹,spillover,,0,,,,,none,
IVE,K-pop 걸그룹,spillover,,0,,,,,none,
IVE,K-pop 걸그룹,spillover,,0,,,,,none,
IVE,K-pop 걸그룹,spillover,2022,1,,,,2022,text,
IVE,K-pop 걸그룹,spillover,2025,1,,,,2025,text,
IVE,K-pop 걸그룹,spillover,2024,1,,,,2024,text,
IVE,K-pop 걸그룹,spillover,2025,1,,,,2025,text,
IVE,K-pop 걸그룹,spillover,2021|2022|2025|2026,4,,,,2026,text,
IVE,K-pop 걸그룹,spillover,2021|2022|2023,3,,,,2023,text,
IVE,K-pop 걸그룹,spillover,2022,1,2022-09-19,2022,,2022,text,0
IVE,K-pop 걸그룹,spillover,,0,,,-1,,none,
IVE,K-pop 걸그룹,spillover,,0,2025-07-25,2025,,2025,url,
IVE,K-pop 걸그룹,spillover,2023,1,,,,2023,text,
IVE,K-pop 걸그룹,spillover,2026,1,,,,2026,text,
IVE,K-pop 걸그룹,spillover,2026,1,,,,2026,text,
IVE,K-pop 걸그룹,spillover,2026,1,,,,2026,text,
IVE,K-pop 걸그룹,spillover,2026,1,,,,2026,text,
IVE,K-pop 걸그룹,spillover,2026,1,,,,2026,text,
IVE,K-pop 걸그룹,spillover,2026,1,,,,2026,text,
IVE,K-pop 걸그룹,spillover,2025|2026,2,,,,2026,text,
IVE,K-pop 걸그룹,spillover,2026,1,2025-05-18,2025,,2026,text,1
IVE,K-pop 걸그룹,spillover,2026,1,,,,2026,text,
IVE,K-pop 걸그룹,spillover,,0,,,,,none,
IVE,K-pop 걸그룹,spillover,,0,,,,,none,
IVE,K-pop 걸그룹,spillover,,0,,,,,none,
IVE,K-pop 걸그룹,spillover,2025,1,,,,2025,text,
IVE,K-pop 걸그룹,spillover,2026,1,,,,2026,text,
IVE,K-pop 걸그룹,spillover,,0,,,,,none,
IVE,K-pop 걸그룹,spillover,,0,,,,,none,
IVE,K-pop 걸그룹,spillover,2026,1,,,,2026,text,
IVE,K-pop 걸그룹,spillover,,0,,,,,none,
IVE,K-pop 걸그룹,spillover,,0,,,,,none,
리센느(RESCENE),K-pop 걸그룹,loyalty,2025,1,2025-07-09,2025,,2025,text,0
리센느(RESCENE),K-pop 걸그룹,loyalty,2025,1,2025-07-09,2025,,2025,text,0
리센느(RESCENE),K-pop 걸그룹,loyalty,,0,,,,,none,
리센느(RESCENE),K-pop 걸그룹,loyalty,2025,1,,,,2025,text,
리센느(RESCENE),K-pop 걸그룹,loyalty,,0,,,,,none,
리센느(RESCENE),K-pop 걸그룹,loyalty,2024,1,,,,2024,text,
리센느(RESCENE),K-pop 걸그룹,loyalty,2026,1,,,,2026,text,
리센느(RESCENE),K-pop 걸그룹,loyalty,2024,1,,,,2024,text,
리센느(RESCENE),K-pop 걸그룹,loyalty,,0,,,,,none,
리센느(RESCENE),K-pop 걸그룹,loyalty,,0,2026-07,2026,,2026,url,
리센느(RESCENE),K-pop 걸그룹,loyalty,2026,1,,,,2026,text,
리센느(RESCENE),K-pop 걸그룹,loyalty,2026,1,,,,2026,text,
리센느(RESCENE),K-pop 걸그룹,loyalty,2026,1,,,,2026,text,
리센느(RESCENE),K-pop 걸그룹,loyalty,2025,1,,,,2025,text,
리센느(RESCENE),K-pop 걸그룹,loyalty,2025|2026,2,,,,2026,text,
리센느(RESCENE),K-pop 걸그룹,loyalty,2025,1,,,,2025,text,
리센느(RESCENE),K-pop 걸그룹,loyalty,,0,,,,,none,
리센느(RESCENE),K-pop 걸그룹,loyalty,2026,1,,,,2026,text,
리센느(RESCENE),K-pop 걸그룹,loyalty,2026,1,,,,2026,text,
리센느(RESCENE),K-pop 걸그룹,loyalty,,0,,,,,none,
리센느(RESCENE),K-pop 걸그룹,loyalty,,0,,,,,none,
리센느(RESCENE),K-pop 걸그룹,loyalty,,0,,,,,none,
리센느(RESCENE),K-pop 걸그룹,loyalty,2026,1,2026-03-25,2026,,2026,text,0
리센느(RESCENE),K-pop 걸그룹,loyalty,,0,,,,,none,
리센느(RESCENE),K-pop 걸그룹,loyalty,2024,1,,,,2024,text,
리센느(RESCENE),K-pop 걸그룹,loyalty,,0,,,,,none,
리센느(RESCENE),K-pop 걸그룹,loyalty,2026,1,,,,2026,text,
리센느(RESCENE),K-pop 걸그룹,loyalty,2026,1,,,,2026,text,
리센느(RESCENE),K-pop 걸그룹,loyalty,,0,,,,,none,
리센느(RESCENE),K-pop 걸그룹,loyalty,2026,1,,,,2026,text,
리센느(RESCENE),K-pop 걸그룹,loyalty,2026,1,,,,2026,text,
리센느(RESCENE),K-pop 걸그룹,spillover,,0,,,,,none,
리센느(RESCENE),K-pop 걸그룹,spillover,,0,,,,,none,
리센느(RESCENE),K-pop 걸그룹,spillover,,0,,,,,none,
리센느(RESCENE),K-pop 걸그룹,spillover,,0,,,,,none,
리센느(RESCENE),K-pop 걸그룹,spillover,,0,,,,,none,
리센느(RESCENE),K-pop 걸그룹,spillover,2026,1,2026-06,2026,,2026,text,0
리센느(RESCENE),K-pop 걸그룹,spillover,2026,1,2026-07,2026,,2026,text,0
리센느(RESCENE),K-pop 걸그룹,spillover,2024|2026,2,,,,2026,text,
리센느(RESCENE),K-pop 걸그룹,spillover,,0,2026-07,2026,,2026,url,
리센느(RESCENE),K-pop 걸그룹,spillover,2026,1,2026-07-29,2026,,2026,text,0
리센느(RESCENE),K-pop 걸그룹,spillover,2026,1,,,,2026,text,
리센느(RESCENE),K-pop 걸그룹,spillover,2026,1,,,,2026,text,
리센느(RESCENE),K-pop 걸그룹,spillover,2025|2026,2,,,,2026,text,
리센느(RESCENE),K-pop 걸그룹,spillover,2026,1,,,,2026,text,
리센느(RESCENE),K-pop 걸그룹,spillover,2025,1,,,,2025,text,
리센느(RESCENE),K-pop 걸그룹,spillover,2026,1,,,,2026,text,
리센느(RESCENE),K-pop 걸그룹,spillover,,0,2026-08-13,2026,,2026,url,
리센느(RESCENE),K-pop 걸그룹,spillover,2024,1,2024-10-18,2024,,2024,text,0
리센느(RESCENE),K-pop 걸그룹,spillover,2024,1,,,,2024,text,
리센느(RESCENE),K-pop 걸그룹,spillover,2026,1,,,,2026,text,
리센느(RESCENE),K-pop 걸그룹,spillover,2025,1,2026-03-25,2026,,2025,text,-1
리센느(RESCENE),K-pop 걸그룹,spillover,2025,1,,,,2025,text,
리센느(RESCENE),K-pop 걸그룹,spillover,2025,1,,,,2025,text,
리센느(RESCENE),K-pop 걸그룹,spillover,2026,1,2026-03-25,2026,,2026,text,0
리센느(RESCENE),K-pop 걸그룹,spillover,2026,1,,,,2026,text,
리센느(RESCENE),K-pop 걸그룹,spillover,2026,1,,,,2026,text,
리센느(RESCENE),K-pop 걸그룹,spillover,2026,1,,,,2026,text,
리센느(RESCENE),K-pop 걸그룹,spillover,,0,,,,,none,
리센느(RESCENE),K-pop 걸그룹,spillover,,0,,,,,none,
리센느(RESCENE),K-pop 걸그룹,spillover,,0,,,,,none,
리센느(RESCENE),K-pop 걸그룹,spillover,,0,,,0,,none,
리센느(RESCENE),K-pop 걸그룹,spillover,2026,1,,,,2026,text,
리센느(RESCENE),K-pop 걸그룹,spillover,,0,,,-1,,none,
리센느(RESCENE),K-pop 걸그룹,spillover,2026,1,,,,2026,text,
리센느(RESCENE),K-pop 걸그룹,spillover,2026,1,,,,2026,text,
리센느(RESCENE),K-pop 걸그룹,spillover,2026,1,,,,2026,text,
리센느(RESCENE),K-pop 걸그룹,spillover,,0,,,,,none,
리센느(RESCENE),K-pop 걸그룹,spillover,,0,,,,,none,
리센느(RESCENE),K-pop 걸그룹,spillover,,0,,,,,none,
리센느(RESCENE),K-pop 걸그룹,spillover,,0,,,,,none,
리센느(RESCENE),K-pop 걸그룹,spillover,2026,1,,,,2026,text,
리센느(RESCENE),K-pop 걸그룹,spillover,2026,1,,,,2026,text,
리센느(RESCENE),K-pop 걸그룹,spillover,2026,1,,,,2026,text,
리센느(RESCENE),K-pop 걸그룹,spillover,2026,1,,,,2026,text,
리센느(RESCENE),K-pop 걸그룹,spillover,2026,1,2026-08-05,2026,,2026,text,0
리센느(RESCENE),K-pop 걸그룹,spillover,,0,,,0,,none,
리센느(RESCENE),K-pop 걸그룹,spillover,2026,1,,,,2026,text,
리센느(RESCENE),K-pop 걸그룹,spillover,,0,2026-07-03,2026,,2026,url,
리센느(RESCENE),K-pop 걸그룹,spillover,,0,,,,,none,
리센느(RESCENE),K-pop 걸그룹,spillover,,0,,,,,none,
리센느(RESCENE),K-pop 걸그룹,spillover,,0,,,,,none,
리센느(RESCENE),K-pop 걸그룹,spillover,2023|2026,2,,,,2026,text,
리센느(RESCENE),K-pop 걸그룹,spillover,,0,,,,,none,
리센느(RESCENE),K-pop 걸그룹,spillover,2026,1,2026-07-15,2026,,2026,text,0
(여자)아이들,K-pop 걸그룹,loyalty,2023,1,,,,2023,text,
(여자)아이들,K-pop 걸그룹,loyalty,2022,1,,,,2022,text,
(여자)아이들,K-pop 걸그룹,loyalty,,0,,,,,none,
(여자)아이들,K-pop 걸그룹,loyalty,,0,,,,,none,
(여자)아이들,K-pop 걸그룹,loyalty,2020,1,,,,2020,text,
(여자)아이들,K-pop 걸그룹,loyalty,2019,1,,,,2019,text,
(여자)아이들,K-pop 걸그룹,loyalty,2020,1,,,,2020,text,
(여자)아이들,K-pop 걸그룹,loyalty,2022,1,,,,2022,text,
(여자)아이들,K-pop 걸그룹,loyalty,2026,1,2026-07,2026,,2026,text,0
(여자)아이들,K-pop 걸그룹,loyalty,2022,1,,,,2022,text,
(여자)아이들,K-pop 걸그룹,loyalty,,0,,,,,none,
(여자)아이들,K-pop 걸그룹,loyalty,2022,1,,,,2022,text,
(여자)아이들,K-pop 걸그룹,loyalty,,0,,,,,none,
(여자)아이들,K-pop 걸그룹,loyalty,,0,,,,,none,
(여자)아이들,K-pop 걸그룹,loyalty,,0,,,,,none,
(여자)아이들,K-pop 걸그룹,loyalty,,0,,,,,none,
(여자)아이들,K-pop 걸그룹,loyalty,,0,,,,,none,
(여자)아이들,K-pop 걸그룹,loyalty,2022,1,2022-08-20,2022,,2022,text,0
(여자)아이들,K-pop 걸그룹,loyalty,2020,1,,,,2020,text,
(여자)아이들,K-pop 걸그룹,loyalty,2024,1,2024-04-15,2024,,2024,text,0
(여자)아이들,K-pop 걸그룹,loyalty,,0,2026-01-30,2026,,2026,url,
(여자)아이들,K-pop 걸그룹,loyalty,2025,1,,,,2025,text,
(여자)아이들,K-pop 걸그룹,loyalty,2025,1,,,,2025,text,
(여자)아이들,K-pop 걸그룹,loyalty,2025,1,,,,2025,text,
(여자)아이들,K-pop 걸그룹,loyalty,,0,,,,,none,
(여자)아이들,K-pop 걸그룹,loyalty,,0,2023-06-01,2023,,2023,url,
(여자)아이들,K-pop 걸그룹,loyalty,2019,1,,,,2019,text,
(여자)아이들,K-pop 걸그룹,loyalty,2022,1,,,,2022,text,
(여자)아이들,K-pop 걸그룹,loyalty,,0,,,,,none,
(여자)아이들,K-pop 걸그룹,loyalty,2025,1,,,,2025,text,
(여자)아이들,K-pop 걸그룹,loyalty,2024,1,,,,2024,text,
(여자)아이들,K-pop 걸그룹,loyalty,2026,1,,,,2026,text,
(여자)아이들,K-pop 걸그룹,loyalty,,0,,,,,none,
(여자)아이들,K-pop 걸그룹,loyalty,,0,,,,,none,
(여자)아이들,K-pop 걸그룹,loyalty,2025,1,,,,2025,text,
(여자)아이들,K-pop 걸그룹,loyalty,,0,,,,,none,
(여자)아이들,K-pop 걸그룹,loyalty,,0,2025-10-08,2025,,2025,url,
(여자)아이들,K-pop 걸그룹,loyalty,,0,,,,,none,
(여자)아이들,K-pop 걸그룹,loyalty,,0,,,,,none,
(여자)아이들,K-pop 걸그룹,loyalty,2026,1,,,,2026,text,
(여자)아이들,K-pop 걸그룹,loyalty,,0,,,,,none,
(여자)아이들,K-pop 걸그룹,loyalty,2026,1,,,,2026,text,
(여자)아이들,K-pop 걸그룹,loyalty,,0,,,,,none,
(여자)아이들,K-pop 걸그룹,spillover,2019,1,,,,2019,text,
(여자)아이들,K-pop 걸그룹,spillover,2023,1,,,,2023,text,
(여자)아이들,K-pop 걸그룹,spillover,2023,1,,,,2023,text,
(여자)아이들,K-pop 걸그룹,spillover,2022,1,,,-1,2022,text,
(여자)아이들,K-pop 걸그룹,spillover,2022,1,,,,2022,text,
(여자)아이들,K-pop 걸그룹,spillover,2022,1,,,,2022,text,
(여자)아이들,K-pop 걸그룹,spillover,2024,1,2024-01-11,2024,,2024,text,0
(여자)아이들,K-pop 걸그룹,spillover,2024,1,,,,2024,text,
(여자)아이들,K-pop 걸그룹,spillover,2024,1,,,,2024,text,
(여자)아이들,K-pop 걸그룹,spillover,2018,1,,,,2018,text,
(여자)아이들,K-pop 걸그룹,spillover,2020|2022,2,,,-1,2022,text,
(여자)아이들,K-pop 걸그룹,spillover,2020|2022,2,,,,2022,text,
(여자)아이들,K-pop 걸그룹,spillover,2025,1,,,,2025,text,
(여자)아이들,K-pop 걸그룹,spillover,2025,1,,,,2025,text,
(여자)아이들,K-pop 걸그룹,spillover,,0,,,,,none,
(여자)아이들,K-pop 걸그룹,spillover,2021,1,,,,2021,text,
(여자)아이들,K-pop 걸그룹,spillover,2018,1,,,,2018,text,
(여자)아이들,K-pop 걸그룹,spillover,,0,,,,,none,
(여자)아이들,K-pop 걸그룹,spillover,,0,,,,,none,
(여자)아이들,K-pop 걸그룹,spillover,,0,,,,,none,
(여자)아이들,K-pop 걸그룹,spillover,,0,,,,,none,
(여자)아이들,K-pop 걸그룹,spillover,2022|2023|2025,3,2025-04-11,2025,,2025,text,0
(여자)아이들,K-pop 걸그룹,spillover,2022|2023|2024|2025,4,,,,2025,text,
(여자)아이들,K-pop 걸그룹,spillover,2020|2022|2023|2024,4,,,,2024,text,
(여자)아이들,K-pop 걸그룹,spillover,,0,,,,,none,
(여자)아이들,K-pop 걸그룹,spillover,2022,1,,,,2022,text,
(여자)아이들,K-pop 걸그룹,spillover,2019|2022,2,,,,2022,text,
(여자)아이들,K-pop 걸그룹,spillover,2024,1,,,,2024,text,
(여자)아이들,K-pop 걸그룹,spillover,2026,1,,,,2026,text,
(여자)아이들,K-pop 걸그룹,spillover,2026,1,,,,2026,text,
(여자)아이들,K-pop 걸그룹,spillover,2024,1,,,,2024,text,
(여자)아이들,K-pop 걸그룹,spillover,2026,1,2026-01-05,2026,,2026,text,0
(여자)아이들,K-pop 걸그룹,spillover,,0,,,,,none,
(여자)아이들,K-pop 걸그룹,spillover,2025,1,,,,2025,text,
(여자)아이들,K-pop 걸그룹,spillover,,0,,,,,none,
(여자)아이들,K-pop 걸그룹,spillover,2024,1,2024-05-31,2024,,2024,text,0
(여자)아이들,K-pop 걸그룹,spillover,,0,,,,,none,
(여자)아이들,K-pop 걸그룹,spillover,,0,,,,,none,
(여자)아이들,K-pop 걸그룹,spillover,2019,1,,,,2019,text,
(여자)아이들,K-pop 걸그룹,spillover,2024,1,,,,2024,text,
(여자)아이들,K-pop 걸그룹,spillover,,0,,,,,none,
(여자)아이들,K-pop 걸그룹,spillover,,0,,,,,none,
(여자)아이들,K-pop 걸그룹,spillover,2019,1,,,,2019,text,
(여자)아이들,K-pop 걸그룹,spillover,2018,1,,,,2018,text,
(여자)아이들,K-pop 걸그룹,spillover,2019,1,,,,2019,text,
(여자)아이들,K-pop 걸그룹,spillover,2019,1,,,,2019,text,
(여자)아이들,K-pop 걸그룹,spillover,,0,,,,,none,
(여자)아이들,K-pop 걸그룹,spillover,2022,1,,,,2022,text,
(여자)아이들,K-pop 걸그룹,spillover,2021,1,,,,2021,text,
(여자)아이들,K-pop 걸그룹,spillover,2023,1,,,,2023,text,
(여자)아이들,K-pop 걸그룹,spillover,2025,1,,,,2025,text,
(여자)아이들,K-pop 걸그룹,spillover,2025,1,,,,2025,text,
(여자)아이들,K-pop 걸그룹,spillover,,0,,,,,none,
(여자)아이들,K-pop 걸그룹,spillover,,0,2025-05-02,2025,,2025,url,
(여자)아이들,K-pop 걸그룹,spillover,,0,,,,,none,
(여자)아이들,K-pop 걸그룹,spillover,2025,1,,,,2025,text,
(여자)아이들,K-pop 걸그룹,spillover,2026,1,,,,2026,text,
(여자)아이들,K-pop 걸그룹,spillover,2025,1,,,,2025,text,
(여자)아이들,K-pop 걸그룹,spillover,2025,1,2025-12-22,2025,,2025,text,0
(여자)아이들,K-pop 걸그룹,spillover,2026,1,,,,2026,text,
(여자)아이들,K-pop 걸그룹,spillover,,0,,,,,none,
(여자)아이들,K-pop 걸그룹,spillover,,0,,,,,none,
(여자)아이들,K-pop 걸그룹,spillover,,0,,,,,none,
(여자)아이들,K-pop 걸그룹,spillover,,0,,,,,none,
(여자)아이들,K-pop 걸그룹,spillover,,0,2021-06-15,2021,,2021,url,
(여자)아이들,K-pop 걸그룹,spillover,,0,,,,,none,
(여자)아이들,K-pop 걸그룹,spillover,,0,,,,,none,
(여자)아이들,K-pop 걸그룹,spillover,,0,,,,,none,
(여자)아이들,K-pop 걸그룹,spillover,,0,,,,,none,
(여자)아이들,K-pop 걸그룹,spillover,,0,,,,,none,
(여자)아이들,K-pop 걸그룹,spillover,,0,,,,,none,
(여자)아이들,K-pop 걸그룹,spillover,2024,1,,,,2024,text,
(여자)아이들,K-pop 걸그룹,spillover,2018|2023,2,,,,2023,text,
(여자)아이들,K-pop 걸그룹,spillover,2022,1,,,,2022,text,
(여자)아이들,K-pop 걸그룹,spillover,,0,2021-01,2021,,2021,url,
TWICE,K-pop 걸그룹,loyalty,2022,1,,,,2022,text,
TWICE,K-pop 걸그룹,loyalty,2023,1,,,,2023,text,
TWICE,K-pop 걸그룹,loyalty,2019,1,,,,2019,text,
TWICE,K-pop 걸그룹,loyalty,,0,,,,,none,
TWICE,K-pop 걸그룹,loyalty,,0,,,,,none,
TWICE,K-pop 걸그룹,loyalty,2023,1,,,,2023,text,
TWICE,K-pop 걸그룹,loyalty,2023,1,,,,2023,text,
TWICE,K-pop 걸그룹,loyalty,,0,,,,,none,
TWICE,K-pop 걸그룹,loyalty,2019,1,,,,2019,text,
TWICE,K-pop 걸그룹,loyalty,2022,1,,,,2022,text,
TWICE,K-pop 걸그룹,loyalty,2017|2020,2,,,,2020,text,
TWICE,K-pop 걸그룹,loyalty,,0,,,,,none,
TWICE,K-pop 걸그룹,loyalty,2015|2025,2,2025-10,2025,,2025,text,0
TWICE,K-pop 걸그룹,loyalty,2024,1,,,,2024,text,
TWICE,K-pop 걸그룹,loyalty,2025,1,,,,2025,text,
TWICE,K-pop 걸그룹,loyalty,2025,1,,,,2025,text,
TWICE,K-pop 걸그룹,loyalty,,0,,,,,none,
TWICE,K-pop 걸그룹,loyalty,2025,1,2025-09-27,2025,,2025,text,0
TWICE,K-pop 걸그룹,loyalty,,0,,,,,none,
TWICE,K-pop 걸그룹,loyalty,,0,,,,,none,
TWICE,K-pop 걸그룹,loyalty,,0,,,,,none,
TWICE,K-pop 걸그룹,loyalty,,0,,,,,none,
TWICE,K-pop 걸그룹,loyalty,,0,,,,,none,
TWICE,K-pop 걸그룹,loyalty,,0,2025-10-22,2025,,2025,url,
TWICE,K-pop 걸그룹,loyalty,2017|2025,2,,,,2025,text,
TWICE,K-pop 걸그룹,loyalty,2023,1,,,,2023,text,
TWICE,K-pop 걸그룹,loyalty,,0,,,,,none,
TWICE,K-pop 걸그룹,loyalty,2023,1,2023-12-24,2023,,2023,text,0
TWICE,K-pop 걸그룹,loyalty,2021,1,,,,2021,text,
TWICE,K-pop 걸그룹,loyalty,2025,1,,,,2025,text,
TWICE,K-pop 걸그룹,loyalty,,0,,,,,none,
TWICE,K-pop 걸그룹,loyalty,2025,1,,,,2025,text,
TWICE,K-pop 걸그룹,loyalty,2020|2023|2025|2026,4,,,,2026,text,
TWICE,K-pop 걸그룹,loyalty,2018,1,,,,2018,text,
TWICE,K-pop 걸그룹,loyalty,2016,1,,,,2016,text,
TWICE,K-pop 걸그룹,loyalty,,0,,,,,none,
TWICE,K-pop 걸그룹,loyalty,2025,1,,,,2025,text,
TWICE,K-pop 걸그룹,loyalty,,0,2024-02-03,2024,,2024,url,
TWICE,K-pop 걸그룹,loyalty,,0,,,,,none,
TWICE,K-pop 걸그룹,loyalty,2026,1,2026-06,2026,,2026,text,0
TWICE,K-pop 걸그룹,loyalty,,0,,,,,none,
TWICE,K-pop 걸그룹,loyalty,2025,1,,,,2025,text,
TWICE,K-pop 걸그룹,loyalty,2024,1,,,,2024,text,
TWICE,K-pop 걸그룹,loyalty,2025,1,,,,2025,text,
TWICE,K-pop 걸그룹,loyalty,,0,,,,,none,
TWICE,K-pop 걸그룹,loyalty,,0,,,,,none,
TWICE,K-pop 걸그룹,loyalty,,0,,,,,none,
TWICE,K-pop 걸그룹,loyalty,,0,,,,,none,
TWICE,K-pop 걸그룹,loyalty,,0,2023-09-13,2023,,2023,url,
TWICE,K-pop 걸그룹,loyalty,,0,,,,,none,
TWICE,K-pop 걸그룹,loyalty,,0,,,,,none,
TWICE,K-pop 걸그룹,loyalty,,0,,,,,none,
TWICE,K-pop 걸그룹,loyalty,,0,,,,,none,
TWICE,K-pop 걸그룹,loyalty,2025,1,2025-10-05,2025,,2025,text,0
TWICE,K-pop 걸그룹,loyalty,2025,1,2025-08-06,2025,,2025,text,0
TWICE,K-pop 걸그룹,loyalty,,0,,,,,none,
TWICE,K-pop 걸그룹,loyalty,,0,,,,,none,
TWICE,K-pop 걸그룹,loyalty,,0,,,,,none,
TWICE,K-pop 걸그룹,loyalty,,0,,,,,none,
TWICE,K-pop 걸그룹,loyalty,2023,1,,,,2023,text,
TWICE,K-pop 걸그룹,loyalty,2025,1,,,,2025,text,
TWICE,K-pop 걸그룹,loyalty,,0,,,,,none,
TWICE,K-pop 걸그룹,loyalty,2024|2026,2,,,,2026,text,
TWICE,K-pop 걸그룹,loyalty,,0,,,,,none,
TWICE,K-pop 걸그룹,loyalty,,0,,,,,none,
TWICE,K-pop 걸그룹,loyalty,,0,,,,,none,
TWICE,K-pop 걸그룹,loyalty,2016,1,2016-01-18,2016,,2016,text,0
TWICE,K-pop 걸그룹,loyalty,,0,,,,,none,
TWICE,K-pop 걸그룹,loyalty,,0,,,,,none,
TWICE,K-pop 걸그룹,loyalty,,0,,,,,none,
TWICE,K-pop 걸그룹,loyalty,2015,1,,,,2015,text,
TWICE,K-pop 걸그룹,spillover,,0,,,,,none,
TWICE,K-pop 걸그룹,spillover,,0,,,,,none,
TWICE,K-pop 걸그룹,spillover,,0,,,,,none,
TWICE,K-pop 걸그룹,spillover,,0,,,,,none,
TWICE,K-pop 걸그룹,spillover,2021,1,,,,2021,text,
TWICE,K-pop 걸그룹,spillover,2024,1,,,,2024,text,
TWICE,K-pop 걸그룹,spillover,2017,1,,,,2017,text,
TWICE,K-pop 걸그룹,spillover,,0,,,,,none,
TWICE,K-pop 걸그룹,spillover,2015|2017,2,,,,2017,text,
TWICE,K-pop 걸그룹,spillover,,0,,,,,none,
TWICE,K-pop 걸그룹,spillover,2022|2024,2,,,,2024,text,
TWICE,K-pop 걸그룹,spillover,2017|2019|2021|2022,4,,,,2022,text,
TWICE,K-pop 걸그룹,spillover,,0,,,,,none,
TWICE,K-pop 걸그룹,spillover,,0,,,,,none,
TWICE,K-pop 걸그룹,spillover,,0,,,,,none,
TWICE,K-pop 걸그룹,spillover,2025,1,,,,2025,text,
TWICE,K-pop 걸그룹,spillover,2026,1,2026-08,2026,,2026,text,0
TWICE,K-pop 걸그룹,spillover,2024,1,,,,2024,text,
TWICE,K-pop 걸그룹,spillover,2025,1,2025-01,2025,,2025,text,0
TWICE,K-pop 걸그룹,spillover,2025,1,,,,2025,text,
TWICE,K-pop 걸그룹,spillover,2026,1,,,,2026,text,
TWICE,K-pop 걸그룹,spillover,,0,2025-10-01,2025,,2025,url,
TWICE,K-pop 걸그룹,spillover,,0,,,,,none,
TWICE,K-pop 걸그룹,spillover,,0,,,,,none,
TWICE,K-pop 걸그룹,spillover,2015|2025,2,,,,2025,text,
TWICE,K-pop 걸그룹,spillover,,0,,,,,none,
TWICE,K-pop 걸그룹,spillover,,0,,,,,none,
TWICE,K-pop 걸그룹,spillover,,0,,,,,none,
TWICE,K-pop 걸그룹,spillover,,0,2026-08-10,2026,,2026,url,
TWICE,K-pop 걸그룹,spillover,,0,2025-10-20,2025,,2025,url,
TWICE,K-pop 걸그룹,spillover,,0,2026-07-14,2026,,2026,url,
TWICE,K-pop 걸그룹,spillover,2025,1,,,,2025,text,
TWICE,K-pop 걸그룹,spillover,,0,,,,,none,
TWICE,K-pop 걸그룹,spillover,,0,,,,,none,
TWICE,K-pop 걸그룹,spillover,2023,1,,,,2023,text,
TWICE,K-pop 걸그룹,spillover,,0,,,,,none,
TWICE,K-pop 걸그룹,spillover,2025,1,,,,2025,text,
TWICE,K-pop 걸그룹,spillover,,0,,,,,none,
TWICE,K-pop 걸그룹,spillover,,0,,,,,none,
TWICE,K-pop 걸그룹,spillover,,0,,,,,none,
TWICE,K-pop 걸그룹,spillover,,0,,,,,none,
TWICE,K-pop 걸그룹,spillover,,0,2024-02-25,2024,,2024,url,
TWICE,K-pop 걸그룹,spillover,,0,2025-10-20,2025,,2025,url,
TWICE,K-pop 걸그룹,spillover,,0,,,,,none,
TWICE,K-pop 걸그룹,spillover,2022,1,,,,2022,text,
TWICE,K-pop 걸그룹,spillover,2025,1,,,,2025,text,
TWICE,K-pop 걸그룹,spillover,2026,1,2026-04-24,2026,,2026,text,0
TWICE,K-pop 걸그룹,spillover,2023,1,,,,2023,text,
TWICE,K-pop 걸그룹,spillover,2023,1,2023-12,2023,,2023,text,0
TWICE,K-pop 걸그룹,spillover,2025,1,,,,2025,text,
TWICE,K-pop 걸그룹,spillover,,0,,,,,none,
TWICE,K-pop 걸그룹,spillover,,0,,,,,none,
TWICE,K-pop 걸그룹,spillover,,0,,,,,none,
TWICE,K-pop 걸그룹,spillover,2024,1,,,,2024,text,
TWICE,K-pop 걸그룹,spillover,2023,1,,,,2023,text,
TWICE,K-pop 걸그룹,spillover,,0,,,,,none,
TWICE,K-pop 걸그룹,spillover,,0,,,0,,none,
TWICE,K-pop 걸그룹,spillover,,0,,,,,none,
TWICE,K-pop 걸그룹,spillover,2015,1,,,,2015,text,
TWICE,K-pop 걸그룹,spillover,2021,1,,,,2021,text,
TWICE,K-pop 걸그룹,spillover,2016,1,,,,2016,text,
TWICE,K-pop 걸그룹,spillover,,0,2024-06-01,2024,,2024,url,
TWICE,K-pop 걸그룹,spillover,2011|2017,2,,,,2017,text,
TWICE,K-pop 걸그룹,spillover,2018,1,,,,2018,text,
TWICE,K-pop 걸그룹,spillover,2019,1,,,,2019,text,
TWICE,K-pop 걸그룹,spillover,2018,1,,,,2018,text,
TWICE,K-pop 걸그룹,spillover,2019,1,,,,2019,text,
TWICE,K-pop 걸그룹,spillover,2019,1,,,,2019,text,
TWICE,K-pop 걸그룹,spillover,2023,1,,,,2023,text,
TWICE,K-pop 걸그룹,spillover,2024,1,,,,2024,text,
TWICE,K-pop 걸그룹,spillover,2024,1,,,,2024,text,
TWICE,K-pop 걸그룹,spillover,2025,1,,,,2025,text,
TWICE,K-pop 걸그룹,spillover,2025,1,,,,2025,text,
TWICE,K-pop 걸그룹,spillover,2025,1,,,,2025,text,
TWICE,K-pop 걸그룹,spillover,,0,,,,,none,
TWICE,K-pop 걸그룹,spillover,2021|2023|2024|2026,4,,,,2026,text,
TWICE,K-pop 걸그룹,spillover,2022,1,,,,2022,text,
TWICE,K-pop 걸그룹,spillover,2024,1,,,,2024,text,
TWICE,K-pop 걸그룹,spillover,2017,1,,,,2017,text,
TWICE,K-pop 걸그룹,spillover,2017,1,,,,2017,text,
TWICE,K-pop 걸그룹,spillover,2016|2021,2,,,,2021,text,
TWICE,K-pop 걸그룹,spillover,2026,1,,,-1,2026,text,
TWICE,K-pop 걸그룹,spillover,2022,1,,,,2022,text,
TWICE,K-pop 걸그룹,spillover,2000,1,,,,2000,text,
TWICE,K-pop 걸그룹,spillover,2015|2025,2,,,,2025,text,
TWICE,K-pop 걸그룹,spillover,2015,1,,,,2015,text,
TWICE,K-pop 걸그룹,spillover,2015|2016|2017|2018,4,,,,2018,text,
TWICE,K-pop 걸그룹,spillover,2016|2018,2,,,,2018,text,
TWICE,K-pop 걸그룹,spillover,2023,1,,,,2023,text,
TWICE,K-pop 걸그룹,spillover,2025,1,,,,2025,text,
TWICE,K-pop 걸그룹,spillover,2017,1,,,,2017,text,
TWICE,K-pop 걸그룹,spillover,2025|2026,2,2026-08,2026,,2026,text,0
TWICE,K-pop 걸그룹,spillover,2026,1,2026-06-22,2026,,2026,text,0
TWICE,K-pop 걸그룹,spillover,2025|2026,2,,,,2026,text,
TWICE,K-pop 걸그룹,spillover,2025,1,2025-02-20,2025,,2025,text,0
TWICE,K-pop 걸그룹,spillover,,0,,,,,none,
TWICE,K-pop 걸그룹,spillover,2026,1,,,,2026,text,
TWICE,K-pop 걸그룹,spillover,2016,1,,,,2016,text,
TWICE,K-pop 걸그룹,spillover,2022|2023,2,,,,2023,text,
TWICE,K-pop 걸그룹,spillover,2024,1,,,-1,2024,text,
TWICE,K-pop 걸그룹,spillover,2021,1,2021-03-29,2021,,2021,text,0
TWICE,K-pop 걸그룹,spillover,2026,1,2026-09-02,2026,,2026,text,0
TWICE,K-pop 걸그룹,spillover,,0,,,,,none,
TWICE,K-pop 걸그룹,spillover,,0,2025-11-21,2025,,2025,url,
TWICE,K-pop 걸그룹,spillover,,0,,,,,none,
TWICE,K-pop 걸그룹,spillover,2016,1,,,,2016,text,
TWICE,K-pop 걸그룹,spillover,,0,2026-09-08,2026,,2026,url,
TWICE,K-pop 걸그룹,spillover,2016,1,,,,2016,text,
TWICE,K-pop 걸그룹,spillover,,0,,,,,none,
TWICE,K-pop 걸그룹,spillover,,0,,,,,none,
TWICE,K-pop 걸그룹,spillover,,0,,,,,none,
TWICE,K-pop 걸그룹,spillover,,0,2022-07-15,2022,,2022,url,
TWICE,K-pop 걸그룹,spillover,2024,1,2024-08-28,2024,,2024,text,0
TWICE,K-pop 걸그룹,spillover,2024|2025,2,2025-01-08,2025,,2025,text,0
TWICE,K-pop 걸그룹,spillover,2026,1,,,,2026,text,
TWICE,K-pop 걸그룹,spillover,,0,,,,,none,
TWICE,K-pop 걸그룹,spillover,,0,,,,,none,
TWICE,K-pop 걸그룹,spillover,2025,1,,,,2025,text,
TWICE,K-pop 걸그룹,spillover,,0,,,,,none,
TWICE,K-pop 걸그룹,spillover,2026,1,,,,2026,text,
ITZY,K-pop 걸그룹,loyalty,2022,1,,,,2022,text,
ITZY,K-pop 걸그룹,loyalty,,0,,,,,none,
ITZY,K-pop 걸그룹,loyalty,2021,1,,,,2021,text,
ITZY,K-pop 걸그룹,loyalty,,0,,,,,none,
ITZY,K-pop 걸그룹,loyalty,2019,1,,,,2019,text,
ITZY,K-pop 걸그룹,loyalty,2022,1,,,,2022,text,
ITZY,K-pop 걸그룹,loyalty,,0,,,,,none,
ITZY,K-pop 걸그룹,loyalty,2021,1,,,,2021,text,
ITZY,K-pop 걸그룹,loyalty,2024,1,,,,2024,text,
ITZY,K-pop 걸그룹,loyalty,2022|2023,2,,,,2023,text,
ITZY,K-pop 걸그룹,loyalty,2019,1,,,,2019,text,
ITZY,K-pop 걸그룹,loyalty,,0,,,,,none,
ITZY,K-pop 걸그룹,loyalty,2024,1,,,,2024,text,
ITZY,K-pop 걸그룹,loyalty,2025,1,2026-07,2026,,2025,text,-1
ITZY,K-pop 걸그룹,loyalty,,0,,,,,none,
ITZY,K-pop 걸그룹,loyalty,,0,2024-04-11,2024,,2024,url,
ITZY,K-pop 걸그룹,loyalty,,0,,,,,none,
ITZY,K-pop 걸그룹,loyalty,2023,1,2023-02-05,2023,,2023,text,0
ITZY,K-pop 걸그룹,loyalty,2022|2023,2,,,,2023,text,
ITZY,K-pop 걸그룹,loyalty,,0,,,,,none,
ITZY,K-pop 걸그룹,loyalty,,0,,,,,none,
ITZY,K-pop 걸그룹,loyalty,,0,,,,,none,
ITZY,K-pop 걸그룹,loyalty,,0,,,,,none,
ITZY,K-pop 걸그룹,loyalty,,0,,,,,none,
ITZY,K-pop 걸그룹,loyalty,,0,,,,,none,
ITZY,K-pop 걸그룹,loyalty,,0,,,,,none,
ITZY,K-pop 걸그룹,loyalty,,0,,,,,none,
ITZY,K-pop 걸그룹,loyalty,2026,1,2026-07-15,2026,,2026,text,0
ITZY,K-pop 걸그룹,loyalty,2024,1,2024-08-06,2024,,2024,text,0
ITZY,K-pop 걸그룹,loyalty,2023,1,,,,2023,text,
ITZY,K-pop 걸그룹,loyalty,,0,,,,,none,
ITZY,K-pop 걸그룹,loyalty,2024,1,,,,2024,text,
ITZY,K-pop 걸그룹,loyalty,2022|2023,2,,,,2023,text,
ITZY,K-pop 걸그룹,loyalty,2024,1,,,,2024,text,
ITZY,K-pop 걸그룹,loyalty,2022|2023|2024|2025,4,,,,2025,text,
ITZY,K-pop 걸그룹,loyalty,2026,1,2026-05-11,2026,,2026,text,0
ITZY,K-pop 걸그룹,loyalty,,0,2026-06-11,2026,,2026,url,
ITZY,K-pop 걸그룹,loyalty,,0,,,,,none,
ITZY,K-pop 걸그룹,loyalty,2026,1,,,,2026,text,
ITZY,K-pop 걸그룹,loyalty,2026,1,,,,2026,text,
ITZY,K-pop 걸그룹,loyalty,,0,,,,,none,
ITZY,K-pop 걸그룹,spillover,,0,,,,,none,
ITZY,K-pop 걸그룹,spillover,,0,,,,,none,
ITZY,K-pop 걸그룹,spillover,2024,1,,,,2024,text,
ITZY,K-pop 걸그룹,spillover,2026,1,,,,2026,text,
ITZY,K-pop 걸그룹,spillover,2025,1,,,,2025,text,
ITZY,K-pop 걸그룹,spillover,,0,,,,,none,
ITZY,K-pop 걸그룹,spillover,,0,,,,,none,
ITZY,K-pop 걸그룹,spillover,,0,,,,,none,
ITZY,K-pop 걸그룹,spillover,,0,,,,,none,
ITZY,K-pop 걸그룹,spillover,2019,1,,,,2019,text,
ITZY,K-pop 걸그룹,spillover,2018,1,,,,2018,text,
ITZY,K-pop 걸그룹,spillover,2022,1,,,,2022,text,
ITZY,K-pop 걸그룹,spillover,,0,,,,,none,
ITZY,K-pop 걸그룹,spillover,,0,,,,,none,
ITZY,K-pop 걸그룹,spillover,2024,1,,,,2024,text,
ITZY,K-pop 걸그룹,spillover,2022,1,,,,2022,text,
ITZY,K-pop 걸그룹,spillover,2022,1,,,,2022,text,
ITZY,K-pop 걸그룹,spillover,,0,,,,,none,
ITZY,K-pop 걸그룹,spillover,,0,,,,,none,
ITZY,K-pop 걸그룹,spillover,,0,,,,,none,
ITZY,K-pop 걸그룹,spillover,,0,,,,,none,
ITZY,K-pop 걸그룹,spillover,,0,,,,,none,
ITZY,K-pop 걸그룹,spillover,,0,2024-01-26,2024,,2024,url,
ITZY,K-pop 걸그룹,spillover,,0,2024-01-25,2024,,2024,url,
ITZY,K-pop 걸그룹,spillover,,0,2022-11-07,2022,,2022,url,
ITZY,K-pop 걸그룹,spillover,2021|2022|2023|2024,4,,,,2024,text,
ITZY,K-pop 걸그룹,spillover,,0,2024-01-25,2024,,2024,url,
ITZY,K-pop 걸그룹,spillover,,0,,,,,none,
ITZY,K-pop 걸그룹,spillover,2023,1,,,,2023,text,
ITZY,K-pop 걸그룹,spillover,,0,,,,,none,
ITZY,K-pop 걸그룹,spillover,,0,,,,,none,
ITZY,K-pop 걸그룹,spillover,2009|2024,2,,,,2024,text,
ITZY,K-pop 걸그룹,spillover,,0,,,,,none,
ITZY,K-pop 걸그룹,spillover,,0,,,,,none,
ITZY,K-pop 걸그룹,spillover,2026,1,,,,2026,text,
ITZY,K-pop 걸그룹,spillover,,0,,,,,none,
ITZY,K-pop 걸그룹,spillover,,0,,,,,none,
ITZY,K-pop 걸그룹,spillover,2021,1,,,,2021,text,
ITZY,K-pop 걸그룹,spillover,2023,1,,,,2023,text,
ITZY,K-pop 걸그룹,spillover,2020|2022|2023,3,,,,2023,text,
ITZY,K-pop 걸그룹,spillover,,0,,,,,none,
ITZY,K-pop 걸그룹,spillover,2025,1,,,,2025,text,
ITZY,K-pop 걸그룹,spillover,2020,1,,,,2020,text,
ITZY,K-pop 걸그룹,spillover,2024,1,,,,2024,text,
ITZY,K-pop 걸그룹,spillover,,0,,,,,none,
ITZY,K-pop 걸그룹,spillover,2019,1,,,,2019,text,
ITZY,K-pop 걸그룹,spillover,2020|2022,2,,,,2022,text,
ITZY,K-pop 걸그룹,spillover,2023,1,,,,2023,text,
ITZY,K-pop 걸그룹,spillover,2025,1,,,,2025,text,
ITZY,K-pop 걸그룹,spillover,2025,1,,,,2025,text,
ITZY,K-pop 걸그룹,spillover,2024,1,,,,2024,text,
ITZY,K-pop 걸그룹,spillover,2023,1,2023-09-07,2023,,2023,text,0
ITZY,K-pop 걸그룹,spillover,,0,,,,,none,
ITZY,K-pop 걸그룹,spillover,2026,1,,,,2026,text,
ITZY,K-pop 걸그룹,spillover,2025,1,,,,2025,text,
ITZY,K-pop 걸그룹,spillover,2017|2026,2,,,,2026,text,
ITZY,K-pop 걸그룹,spillover,,0,,,,,none,
ITZY,K-pop 걸그룹,spillover,,0,,,,,none,
ITZY,K-pop 걸그룹,spillover,,0,,,,,none,
ITZY,K-pop 걸그룹,spillover,,0,,,,,none,
ITZY,K-pop 걸그룹,spillover,2024,1,,,,2024,text,
ITZY,K-pop 걸그룹,spillover,,0,,,,,none,
ITZY,K-pop 걸그룹,spillover,2026,1,,,,2026,text,
ITZY,K-pop 걸그룹,spillover,2024,1,2026-01-13,2026,,2024,text,-2
ITZY,K-pop 걸그룹,spillover,2024,1,,,,2024,text,
ITZY,K-pop 걸그룹,spillover,2024,1,,,,2024,text,
LE SSERAFIM,K-pop 걸그룹,loyalty,,0,,,,,none,
LE SSERAFIM,K-pop 걸그룹,loyalty,,0,,,,,none,
LE SSERAFIM,K-pop 걸그룹,loyalty,,0,,,,,none,
LE SSERAFIM,K-pop 걸그룹,loyalty,,0,,,,,none,
LE SSERAFIM,K-pop 걸그룹,loyalty,,0,,,,,none,
LE SSERAFIM,K-pop 걸그룹,loyalty,,0,,,,,none,
LE SSERAFIM,K-pop 걸그룹,loyalty,2022,1,,,,2022,text,
LE SSERAFIM,K-pop 걸그룹,loyalty,2026,1,,,,2026,text,
LE SSERAFIM,K-pop 걸그룹,loyalty,2023,1,,,,2023,text,
LE SSERAFIM,K-pop 걸그룹,loyalty,2023,1,,,,2023,text,
LE SSERAFIM,K-pop 걸그룹,loyalty,,0,,,,,none,
LE SSERAFIM,K-pop 걸그룹,loyalty,2025,1,,,,2025,text,
LE SSERAFIM,K-pop 걸그룹,loyalty,,0,,,,,none,
LE SSERAFIM,K-pop 걸그룹,loyalty,2026,1,,,,2026,text,
LE SSERAFIM,K-pop 걸그룹,loyalty,,0,2025-09-22,2025,,2025,url,
LE SSERAFIM,K-pop 걸그룹,loyalty,,0,2022-12-06,2022,,2022,url,
LE SSERAFIM,K-pop 걸그룹,loyalty,,0,,,,,none,
LE SSERAFIM,K-pop 걸그룹,loyalty,2026,1,2026-05-03,2026,,2026,text,0
LE SSERAFIM,K-pop 걸그룹,loyalty,2025,1,,,,2025,text,
LE SSERAFIM,K-pop 걸그룹,loyalty,,0,,,,,none,
LE SSERAFIM,K-pop 걸그룹,loyalty,2025,1,,,,2025,text,
LE SSERAFIM,K-pop 걸그룹,loyalty,,0,2025-06-12,2025,,2025,url,
LE SSERAFIM,K-pop 걸그룹,loyalty,,0,,,,,none,
LE SSERAFIM,K-pop 걸그룹,loyalty,,0,,,,,none,
LE SSERAFIM,K-pop 걸그룹,loyalty,,0,,,,,none,
LE SSERAFIM,K-pop 걸그룹,loyalty,,0,,,,,none,
LE SSERAFIM,K-pop 걸그룹,loyalty,,0,,,,,none,
LE SSERAFIM,K-pop 걸그룹,loyalty,,0,,,,,none,
LE SSERAFIM,K-pop 걸그룹,loyalty,,0,,,,,none,
LE SSERAFIM,K-pop 걸그룹,loyalty,2025,1,2025-08-07,2025,,2025,text,0
LE SSERAFIM,K-pop 걸그룹,loyalty,2026,1,,,,2026,text,
LE SSERAFIM,K-pop 걸그룹,loyalty,,0,,,,,none,
LE SSERAFIM,K-pop 걸그룹,loyalty,2025,1,,,,2025,text,
LE SSERAFIM,K-pop 걸그룹,loyalty,2026,1,,,,2026,text,
LE SSERAFIM,K-pop 걸그룹,loyalty,2024,1,2024-05-01,2024,,2024,text,0
LE SSERAFIM,K-pop 걸그룹,loyalty,2024,1,,,,2024,text,
LE SSERAFIM,K-pop 걸그룹,loyalty,2026,1,,,,2026,text,
LE SSERAFIM,K-pop 걸그룹,loyalty,2024,1,,,,2024,text,
LE SSERAFIM,K-pop 걸그룹,loyalty,,0,,,,,none,
LE SSERAFIM,K-pop 걸그룹,loyalty,,0,,,,,none,
LE SSERAFIM,K-pop 걸그룹,loyalty,,0,,,,,none,
LE SSERAFIM,K-pop 걸그룹,loyalty,,0,,,,,none,
LE SSERAFIM,K-pop 걸그룹,loyalty,2026,1,,,,2026,text,
LE SSERAFIM,K-pop 걸그룹,loyalty,,0,,,,,none,
LE SSERAFIM,K-pop 걸그룹,spillover,,0,,,,,none,
LE SSERAFIM,K-pop 걸그룹,spillover,,0,,,,,none,
LE SSERAFIM,K-pop 걸그룹,spillover,,0,,,,,none,
LE SSERAFIM,K-pop 걸그룹,spillover,2025,1,,,,2025,text,
LE SSERAFIM,K-pop 걸그룹,spillover,2026,1,,,,2026,text,
LE SSERAFIM,K-pop 걸그룹,spillover,,0,,,,,none,
LE SSERAFIM,K-pop 걸그룹,spillover,2023,1,,,,2023,text,
LE SSERAFIM,K-pop 걸그룹,spillover,2023,1,,,,2023,text,
LE SSERAFIM,K-pop 걸그룹,spillover,2024,1,,,,2024,text,
LE SSERAFIM,K-pop 걸그룹,spillover,2024,1,,,,2024,text,
LE SSERAFIM,K-pop 걸그룹,spillover,2023,1,,,,2023,text,
LE SSERAFIM,K-pop 걸그룹,spillover,2023|2024|2025,3,,,,2025,text,
LE SSERAFIM,K-pop 걸그룹,spillover,2024,1,,,,2024,text,
LE SSERAFIM,K-pop 걸그룹,spillover,2025,1,,,,2025,text,
LE SSERAFIM,K-pop 걸그룹,spillover,2023,1,,,,2023,text,
LE SSERAFIM,K-pop 걸그룹,spillover,2024,1,,,,2024,text,
LE SSERAFIM,K-pop 걸그룹,spillover,2024,1,,,,2024,text,
LE SSERAFIM,K-pop 걸그룹,spillover,2024,1,,,,2024,text,
LE SSERAFIM,K-pop 걸그룹,spillover,2024,1,,,,2024,text,
LE SSERAFIM,K-pop 걸그룹,spillover,2025,1,,,,2025,text,
LE SSERAFIM,K-pop 걸그룹,spillover,,0,,,,,none,
LE SSERAFIM,K-pop 걸그룹,spillover,,0,,,,,none,
LE SSERAFIM,K-pop 걸그룹,spillover,,0,2025-05,2025,,2025,url,
LE SSERAFIM,K-pop 걸그룹,spillover,,0,,,,,none,
LE SSERAFIM,K-pop 걸그룹,spillover,,0,,,,,none,
LE SSERAFIM,K-pop 걸그룹,spillover,2023,1,,,,2023,text,
LE SSERAFIM,K-pop 걸그룹,spillover,2023,1,,,,2023,text,
LE SSERAFIM,K-pop 걸그룹,spillover,,0,2025-06-12,2025,,2025,url,
LE SSERAFIM,K-pop 걸그룹,spillover,,0,2025-03-11,2025,,2025,url,
LE SSERAFIM,K-pop 걸그룹,spillover,,0,2024-03-14,2024,,2024,url,
LE SSERAFIM,K-pop 걸그룹,spillover,2026,1,,,,2026,text,
LE SSERAFIM,K-pop 걸그룹,spillover,,0,,,,,none,
LE SSERAFIM,K-pop 걸그룹,spillover,2023,1,,,,2023,text,
LE SSERAFIM,K-pop 걸그룹,spillover,,0,2023-10-19,2023,,2023,url,
LE SSERAFIM,K-pop 걸그룹,spillover,2024,1,2024-04-16,2024,,2024,text,0
LE SSERAFIM,K-pop 걸그룹,spillover,,0,,,,,none,
LE SSERAFIM,K-pop 걸그룹,spillover,,0,,,,,none,
LE SSERAFIM,K-pop 걸그룹,spillover,,0,,,,,none,
LE SSERAFIM,K-pop 걸그룹,spillover,,0,,,,,none,
LE SSERAFIM,K-pop 걸그룹,spillover,,0,,,,,none,
LE SSERAFIM,K-pop 걸그룹,spillover,,0,,,,,none,
LE SSERAFIM,K-pop 걸그룹,spillover,,0,,,,,none,
LE SSERAFIM,K-pop 걸그룹,spillover,2026,1,,,,2026,text,
LE SSERAFIM,K-pop 걸그룹,spillover,,0,,,,,none,
LE SSERAFIM,K-pop 걸그룹,spillover,,0,,,,,none,
LE SSERAFIM,K-pop 걸그룹,spillover,,0,,,,,none,
LE SSERAFIM,K-pop 걸그룹,spillover,,0,,,,,none,
LE SSERAFIM,K-pop 걸그룹,spillover,,0,2023-01-27,2023,,2023,url,
LE SSERAFIM,K-pop 걸그룹,spillover,,0,2022-11,2022,,2022,url,
LE SSERAFIM,K-pop 걸그룹,spillover,,0,,,,,none,
LE SSERAFIM,K-pop 걸그룹,spillover,,0,,,,,none,
LE SSERAFIM,K-pop 걸그룹,spillover,2023,1,,,,2023,text,
LE SSERAFIM,K-pop 걸그룹,spillover,,0,,,,,none,
LE SSERAFIM,K-pop 걸그룹,spillover,,0,,,,,none,
LE SSERAFIM,K-pop 걸그룹,spillover,,0,2024-02-23,2024,,2024,url,
LE SSERAFIM,K-pop 걸그룹,spillover,,0,,,,,none,
LE SSERAFIM,K-pop 걸그룹,spillover,,0,2026-08-29,2026,,2026,url,
LE SSERAFIM,K-pop 걸그룹,spillover,,0,,,,,none,
LE SSERAFIM,K-pop 걸그룹,spillover,,0,,,,,none,
LE SSERAFIM,K-pop 걸그룹,spillover,2026,1,,,,2026,text,
LE SSERAFIM,K-pop 걸그룹,spillover,,0,,,,,none,
LE SSERAFIM,K-pop 걸그룹,spillover,,0,,,,,none,
LE SSERAFIM,K-pop 걸그룹,spillover,2022,1,,,,2022,text,
LE SSERAFIM,K-pop 걸그룹,spillover,2022|2023,2,,,,2023,text,
LE SSERAFIM,K-pop 걸그룹,spillover,2022,1,,,,2022,text,
LE SSERAFIM,K-pop 걸그룹,spillover,2025,1,,,,2025,text,
LE SSERAFIM,K-pop 걸그룹,spillover,2026,1,,,,2026,text,
LE SSERAFIM,K-pop 걸그룹,spillover,,0,,,,,none,
LE SSERAFIM,K-pop 걸그룹,spillover,2021|2022|2026,3,,,,2026,text,
LE SSERAFIM,K-pop 걸그룹,spillover,2026,1,2026-05-15,2026,,2026,text,0
LE SSERAFIM,K-pop 걸그룹,spillover,,0,,,,,none,
LE SSERAFIM,K-pop 걸그룹,spillover,,0,,,,,none,
LE SSERAFIM,K-pop 걸그룹,spillover,2022,1,,,,2022,text,
LE SSERAFIM,K-pop 걸그룹,spillover,2024,1,,,,2024,text,
LE SSERAFIM,K-pop 걸그룹,spillover,2024,1,2024-08-22,2024,,2024,text,0
LE SSERAFIM,K-pop 걸그룹,spillover,2026,1,,,,2026,text,
LE SSERAFIM,K-pop 걸그룹,spillover,2024,1,,,,2024,text,
LE SSERAFIM,K-pop 걸그룹,spillover,2025|2026,2,,,,2026,text,
LE SSERAFIM,K-pop 걸그룹,spillover,2026,1,,,,2026,text,
LE SSERAFIM,K-pop 걸그룹,spillover,2026,1,2026-06-18,2026,,2026,text,0
LE SSERAFIM,K-pop 걸그룹,spillover,2026,1,,,,2026,text,
LE SSERAFIM,K-pop 걸그룹,spillover,2026,1,,,,2026,text,
LE SSERAFIM,K-pop 걸그룹,spillover,2026,1,,,,2026,text,
LE SSERAFIM,K-pop 걸그룹,spillover,,0,,,,,none,
LE SSERAFIM,K-pop 걸그룹,spillover,,0,,,,,none,
LE SSERAFIM,K-pop 걸그룹,spillover,,0,,,,,none,
LE SSERAFIM,K-pop 걸그룹,spillover,,0,,,,,none,
LE SSERAFIM,K-pop 걸그룹,spillover,,0,,,,,none,
LE SSERAFIM,K-pop 걸그룹,spillover,,0,,,,,none,
LE SSERAFIM,K-pop 걸그룹,spillover,,0,,,,,none,
LE SSERAFIM,K-pop 걸그룹,spillover,2024,1,,,,2024,text,
LE SSERAFIM,K-pop 걸그룹,spillover,,0,,,,,none,
LE SSERAFIM,K-pop 걸그룹,spillover,,0,,,,,none,
LE SSERAFIM,K-pop 걸그룹,spillover,,0,,,,,none,
LE SSERAFIM,K-pop 걸그룹,spillover,2026,1,,,,2026,text,
LE SSERAFIM,K-pop 걸그룹,spillover,,0,,,,,none,
LE SSERAFIM,K-pop 걸그룹,spillover,2026,1,,,,2026,text,
LE SSERAFIM,K-pop 걸그룹,spillover,,0,,,,,none,
LE SSERAFIM,K-pop 걸그룹,spillover,,0,,,,,none,
aespa,K-pop 걸그룹,loyalty,2022,1,,,,2022,text,
aespa,K-pop 걸그룹,loyalty,2023,1,,,,2023,text,
aespa,K-pop 걸그룹,loyalty,2023,1,,,,2023,text,
aespa,K-pop 걸그룹,loyalty,2023,1,,,,2023,text,
aespa,K-pop 걸그룹,loyalty,,0,,,,,none,
aespa,K-pop 걸그룹,loyalty,2022,1,,,,2022,text,
aespa,K-pop 걸그룹,loyalty,2023,1,,,,2023,text,
aespa,K-pop 걸그룹,loyalty,2021|2023,2,,,,2023,text,
aespa,K-pop 걸그룹,loyalty,,0,,,,,none,
aespa,K-pop 걸그룹,loyalty,,0,,,,,none,
aespa,K-pop 걸그룹,loyalty,2025,1,,,,2025,text,
aespa,K-pop 걸그룹,loyalty,,0,,,,,none,
aespa,K-pop 걸그룹,loyalty,2022|2023,2,,,,2023,text,
aespa,K-pop 걸그룹,loyalty,2026,1,2026-06-12,2026,,2026,text,0
aespa,K-pop 걸그룹,loyalty,,0,2026-04-27,2026,,2026,url,
aespa,K-pop 걸그룹,loyalty,,0,,,,,none,
aespa,K-pop 걸그룹,loyalty,,0,,,,,none,
aespa,K-pop 걸그룹,loyalty,2026,1,2026-06-02,2026,,2026,text,0
aespa,K-pop 걸그룹,loyalty,2026,1,,,,2026,text,
aespa,K-pop 걸그룹,loyalty,2025,1,,,,2025,text,
aespa,K-pop 걸그룹,loyalty,,0,,,,,none,
aespa,K-pop 걸그룹,loyalty,2026,1,2026-04,2026,,2026,text,0
aespa,K-pop 걸그룹,loyalty,,0,,,,,none,
aespa,K-pop 걸그룹,loyalty,,0,,,,,none,
aespa,K-pop 걸그룹,loyalty,2023,1,2023-06,2023,,2023,text,0
aespa,K-pop 걸그룹,loyalty,,0,,,,,none,
aespa,K-pop 걸그룹,loyalty,,0,2024-03,2024,,2024,url,
aespa,K-pop 걸그룹,loyalty,2025,1,,,,2025,text,
aespa,K-pop 걸그룹,loyalty,,0,,,,,none,
aespa,K-pop 걸그룹,loyalty,2026,1,,,,2026,text,
aespa,K-pop 걸그룹,loyalty,,0,,,,,none,
aespa,K-pop 걸그룹,loyalty,,0,,,,,none,
aespa,K-pop 걸그룹,loyalty,,0,,,,,none,
aespa,K-pop 걸그룹,loyalty,,0,,,,,none,
aespa,K-pop 걸그룹,loyalty,,0,,,,,none,
aespa,K-pop 걸그룹,loyalty,,0,,,,,none,
aespa,K-pop 걸그룹,loyalty,,0,,,,,none,
aespa,K-pop 걸그룹,loyalty,,0,,,,,none,
aespa,K-pop 걸그룹,loyalty,,0,,,,,none,
aespa,K-pop 걸그룹,loyalty,2024,1,,,,2024,text,
aespa,K-pop 걸그룹,loyalty,2023,1,,,,2023,text,
aespa,K-pop 걸그룹,loyalty,,0,,,,,none,
aespa,K-pop 걸그룹,loyalty,,0,,,,,none,
aespa,K-pop 걸그룹,loyalty,,0,,,,,none,
aespa,K-pop 걸그룹,loyalty,2023,1,,,,2023,text,
aespa,K-pop 걸그룹,loyalty,2025,1,,,,2025,text,
aespa,K-pop 걸그룹,loyalty,,0,,,,,none,
aespa,K-pop 걸그룹,loyalty,,0,,,,,none,
aespa,K-pop 걸그룹,loyalty,,0,,,,,none,
aespa,K-pop 걸그룹,loyalty,,0,,,,,none,
aespa,K-pop 걸그룹,loyalty,,0,,,,,none,
aespa,K-pop 걸그룹,loyalty,2026,1,,,,2026,text,
aespa,K-pop 걸그룹,loyalty,2020,1,,,,2020,text,
aespa,K-pop 걸그룹,loyalty,2026,1,,,,2026,text,
aespa,K-pop 걸그룹,loyalty,2023,1,,,,2023,text,
aespa,K-pop 걸그룹,spillover,,0,,,,,none,
aespa,K-pop 걸그룹,spillover,,0,,,,,none,
aespa,K-pop 걸그룹,spillover,,0,,,,,none,
aespa,K-pop 걸그룹,spillover,2025,1,,,,2025,text,
aespa,K-pop 걸그룹,spillover,,0,,,,,none,
aespa,K-pop 걸그룹,spillover,2021,1,,,,2021,text,
aespa,K-pop 걸그룹,spillover,2022,1,,,,2022,text,
aespa,K-pop 걸그룹,spillover,2023,1,,,,2023,text,
aespa,K-pop 걸그룹,spillover,2024,1,,,,2024,text,
aespa,K-pop 걸그룹,spillover,2024,1,,,,2024,text,
aespa,K-pop 걸그룹,spillover,2021|2023,2,,,,2023,text,
aespa,K-pop 걸그룹,spillover,2021|2022|2024|2025,4,,,,2025,text,
aespa,K-pop 걸그룹,spillover,,0,,,,,none,
aespa,K-pop 걸그룹,spillover,,0,,,,,none,
aespa,K-pop 걸그룹,spillover,2025,1,,,,2025,text,
aespa,K-pop 걸그룹,spillover,,0,,,,,none,
aespa,K-pop 걸그룹,spillover,2025,1,,,,2025,text,
aespa,K-pop 걸그룹,spillover,,0,,,,,none,
aespa,K-pop 걸그룹,spillover,,0,2026-06-18,2026,,2026,url,
aespa,K-pop 걸그룹,spillover,2026,1,2026-06-10,2026,,2026,text,0
aespa,K-pop 걸그룹,spillover,,0,2026-04-29,2026,,2026,url,
aespa,K-pop 걸그룹,spillover,2025,1,2025-02-05,2025,,2025,text,0
aespa,K-pop 걸그룹,spillover,,0,2025-02-04,2025,,2025,url,
aespa,K-pop 걸그룹,spillover,,0,2024-08,2024,,2024,url,
aespa,K-pop 걸그룹,spillover,,0,,,,,none,
aespa,K-pop 걸그룹,spillover,,0,,,,,none,
aespa,K-pop 걸그룹,spillover,,0,,,,,none,
aespa,K-pop 걸그룹,spillover,2023,1,2023-05-23,2023,,2023,text,0
aespa,K-pop 걸그룹,spillover,2021|2022|2023,3,,,,2023,text,
aespa,K-pop 걸그룹,spillover,,0,2023-06-16,2023,,2023,url,
aespa,K-pop 걸그룹,spillover,,0,2022-05-13,2022,,2022,url,
aespa,K-pop 걸그룹,spillover,,0,,,,,none,
aespa,K-pop 걸그룹,spillover,,0,2026-07-27,2026,,2026,url,
aespa,K-pop 걸그룹,spillover,2025,1,,,0,2025,text,
aespa,K-pop 걸그룹,spillover,2026,1,,,,2026,text,
aespa,K-pop 걸그룹,spillover,2026,1,,,,2026,text,
aespa,K-pop 걸그룹,spillover,,0,,,,,none,
aespa,K-pop 걸그룹,spillover,,0,,,,,none,
aespa,K-pop 걸그룹,spillover,,0,2026-06-30,2026,,2026,url,
aespa,K-pop 걸그룹,spillover,,0,,,,,none,
aespa,K-pop 걸그룹,spillover,,0,2026-07-03,2026,,2026,url,
aespa,K-pop 걸그룹,spillover,,0,2026-05-30,2026,,2026,url,
aespa,K-pop 걸그룹,spillover,2021,1,,,,2021,text,
aespa,K-pop 걸그룹,spillover,2022|2023,2,,,,2023,text,
aespa,K-pop 걸그룹,spillover,2021|2024,2,,,,2024,text,
aespa,K-pop 걸그룹,spillover,,0,2024-05-06,2024,,2024,url,
aespa,K-pop 걸그룹,spillover,2023,1,,,,2023,text,
aespa,K-pop 걸그룹,spillover,2024,1,,,,2024,text,
aespa,K-pop 걸그룹,spillover,2023|2024,2,,,,2024,text,
aespa,K-pop 걸그룹,spillover,2023,1,,,,2023,text,
aespa,K-pop 걸그룹,spillover,2025,1,,,,2025,text,
aespa,K-pop 걸그룹,spillover,2026,1,,,,2026,text,
aespa,K-pop 걸그룹,spillover,2026,1,,,,2026,text,
aespa,K-pop 걸그룹,spillover,2026,1,,,,2026,text,
aespa,K-pop 걸그룹,spillover,2014|2026,2,,,,2026,text,
aespa,K-pop 걸그룹,spillover,2020|2026,2,,,,2026,text,
aespa,K-pop 걸그룹,spillover,2024,1,,,,2024,text,
aespa,K-pop 걸그룹,spillover,,0,,,,,none,
aespa,K-pop 걸그룹,spillover,,0,,,0,,none,
aespa,K-pop 걸그룹,spillover,,0,2025-06-02,2025,,2025,url,
aespa,K-pop 걸그룹,spillover,,0,,,,,none,
aespa,K-pop 걸그룹,spillover,2025,1,,,,2025,text,
aespa,K-pop 걸그룹,spillover,2021,1,,,,2021,text,
aespa,K-pop 걸그룹,spillover,2021,1,,,,2021,text,
aespa,K-pop 걸그룹,spillover,2022,1,,,,2022,text,
aespa,K-pop 걸그룹,spillover,2022,1,,,,2022,text,
aespa,K-pop 걸그룹,spillover,2022,1,,,,2022,text,
aespa,K-pop 걸그룹,spillover,2021,1,,,,2021,text,
aespa,K-pop 걸그룹,spillover,2022,1,,,,2022,text,
aespa,K-pop 걸그룹,spillover,2025,1,,,,2025,text,
aespa,K-pop 걸그룹,spillover,2021,1,,,,2021,text,
aespa,K-pop 걸그룹,spillover,2024,1,,,,2024,text,
aespa,K-pop 걸그룹,spillover,2021,1,,,,2021,text,
aespa,K-pop 걸그룹,spillover,2022,1,,,,2022,text,
aespa,K-pop 걸그룹,spillover,2022,1,,,,2022,text,
aespa,K-pop 걸그룹,spillover,2022,1,,,,2022,text,
aespa,K-pop 걸그룹,spillover,2021,1,,,,2021,text,
aespa,K-pop 걸그룹,spillover,2022,1,,,,2022,text,
aespa,K-pop 걸그룹,spillover,2024,1,,,,2024,text,
aespa,K-pop 걸그룹,spillover,2022,1,,,,2022,text,
aespa,K-pop 걸그룹,spillover,2024,1,,,,2024,text,
aespa,K-pop 걸그룹,spillover,2021,1,,,,2021,text,
aespa,K-pop 걸그룹,spillover,2022|2024|2026,3,,,,2026,text,
aespa,K-pop 걸그룹,spillover,2024|2025,2,,,,2025,text,
aespa,K-pop 걸그룹,spillover,2025|2026,2,,,,2026,text,
aespa,K-pop 걸그룹,spillover,2026,1,2026-02,2026,,2026,text,0
aespa,K-pop 걸그룹,spillover,2025,1,,,,2025,text,
aespa,K-pop 걸그룹,spillover,2023,1,,,,2023,text,
aespa,K-pop 걸그룹,spillover,2023,1,2024-04,2024,,2023,text,-1
aespa,K-pop 걸그룹,spillover,2023,1,,,,2023,text,
aespa,K-pop 걸그룹,spillover,2024,1,,,,2024,text,
aespa,K-pop 걸그룹,spillover,2026,1,,,,2026,text,
aespa,K-pop 걸그룹,spillover,2026,1,,,,2026,text,
aespa,K-pop 걸그룹,spillover,,0,,,,,none,
aespa,K-pop 걸그룹,spillover,,0,,,,,none,
aespa,K-pop 걸그룹,spillover,2026,1,,,,2026,text,
aespa,K-pop 걸그룹,spillover,,0,,,,,none,
aespa,K-pop 걸그룹,spillover,,0,,,,,none,
aespa,K-pop 걸그룹,spillover,,0,,,,,none,
aespa,K-pop 걸그룹,spillover,2024,1,,,,2024,text,
aespa,K-pop 걸그룹,spillover,,0,,,,,none,
aespa,K-pop 걸그룹,spillover,2024,1,,,,2024,text,
aespa,K-pop 걸그룹,spillover,2026,1,2026-04-27,2026,,2026,text,0
프로미스나인,K-pop 걸그룹,loyalty,2025,1,,,,2025,text,
프로미스나인,K-pop 걸그룹,loyalty,2025,1,,,,2025,text,
프로미스나인,K-pop 걸그룹,loyalty,2021,1,,,,2021,text,
프로미스나인,K-pop 걸그룹,loyalty,2025,1,,,,2025,text,
프로미스나인,K-pop 걸그룹,loyalty,2025,1,,,,2025,text,
프로미스나인,K-pop 걸그룹,loyalty,2017,1,,,,2017,text,
프로미스나인,K-pop 걸그룹,loyalty,2022,1,,,,2022,text,
프로미스나인,K-pop 걸그룹,loyalty,2025,1,,,,2025,text,
프로미스나인,K-pop 걸그룹,loyalty,2025,1,,,,2025,text,
프로미스나인,K-pop 걸그룹,loyalty,,0,,,,,none,
프로미스나인,K-pop 걸그룹,loyalty,2025,1,2025-07,2025,,2025,text,0
프로미스나인,K-pop 걸그룹,loyalty,2022,1,,,,2022,text,
프로미스나인,K-pop 걸그룹,loyalty,,0,,,,,none,
프로미스나인,K-pop 걸그룹,loyalty,,0,,,0,,none,
프로미스나인,K-pop 걸그룹,loyalty,,0,,,,,none,
프로미스나인,K-pop 걸그룹,loyalty,2025,1,2025-01,2025,,2025,text,0
프로미스나인,K-pop 걸그룹,loyalty,,0,,,,,none,
프로미스나인,K-pop 걸그룹,loyalty,2025,1,,,,2025,text,
프로미스나인,K-pop 걸그룹,loyalty,,0,,,,,none,
프로미스나인,K-pop 걸그룹,loyalty,,0,,,,,none,
프로미스나인,K-pop 걸그룹,loyalty,2025,1,2025-01,2025,,2025,text,0
프로미스나인,K-pop 걸그룹,loyalty,,0,,,,,none,
프로미스나인,K-pop 걸그룹,loyalty,,0,,,,,none,
프로미스나인,K-pop 걸그룹,loyalty,2022,1,2022-07-04,2022,,2022,text,0
프로미스나인,K-pop 걸그룹,loyalty,2022,1,,,,2022,text,
프로미스나인,K-pop 걸그룹,loyalty,2022,1,,,,2022,text,
프로미스나인,K-pop 걸그룹,loyalty,2025|2026,2,,,,2026,text,
프로미스나인,K-pop 걸그룹,loyalty,2026,1,,,,2026,text,
프로미스나인,K-pop 걸그룹,loyalty,2026,1,,,,2026,text,
프로미스나인,K-pop 걸그룹,loyalty,,0,,,,,none,
프로미스나인,K-pop 걸그룹,loyalty,,0,,,,,none,
프로미스나인,K-pop 걸그룹,loyalty,2018,1,,,,2018,text,
프로미스나인,K-pop 걸그룹,loyalty,,0,,,,,none,
프로미스나인,K-pop 걸그룹,loyalty,,0,,,,,none,
프로미스나인,K-pop 걸그룹,spillover,2009|2017,2,,,,2017,text,
프로미스나인,K-pop 걸그룹,spillover,2022,1,,,,2022,text,
프로미스나인,K-pop 걸그룹,spillover,,0,,,,,none,
프로미스나인,K-pop 걸그룹,spillover,,0,,,,,none,
프로미스나인,K-pop 걸그룹,spillover,,0,,,,,none,
프로미스나인,K-pop 걸그룹,spillover,2018,1,,,,2018,text,
프로미스나인,K-pop 걸그룹,spillover,2019,1,,,,2019,text,
프로미스나인,K-pop 걸그룹,spillover,2020,1,,,,2020,text,
프로미스나인,K-pop 걸그룹,spillover,2018,1,,,,2018,text,
프로미스나인,K-pop 걸그룹,spillover,2024,1,,,,2024,text,
프로미스나인,K-pop 걸그룹,spillover,2025,1,,,,2025,text,
프로미스나인,K-pop 걸그룹,spillover,2009|2017|2021|2022,4,,,,2022,text,
프로미스나인,K-pop 걸그룹,spillover,2019|2024,2,,,,2024,text,
프로미스나인,K-pop 걸그룹,spillover,2022,1,,,,2022,text,
프로미스나인,K-pop 걸그룹,spillover,2025,1,2025-06-12,2025,,2025,text,0
프로미스나인,K-pop 걸그룹,spillover,,0,2026-02,2026,,2026,url,
프로미스나인,K-pop 걸그룹,spillover,2022,1,,,,2022,text,
프로미스나인,K-pop 걸그룹,spillover,,0,2025-03-30,2025,,2025,url,
프로미스나인,K-pop 걸그룹,spillover,2026,1,,,,2026,text,
프로미스나인,K-pop 걸그룹,spillover,2021|2022,2,,,,2022,text,
프로미스나인,K-pop 걸그룹,spillover,2021|2025,2,,,,2025,text,
프로미스나인,K-pop 걸그룹,spillover,2022,1,,,,2022,text,
프로미스나인,K-pop 걸그룹,spillover,2025,1,2025-03-30,2025,,2025,text,0
프로미스나인,K-pop 걸그룹,spillover,,0,,,,,none,
프로미스나인,K-pop 걸그룹,spillover,2022,1,2024-04-24,2024,,2022,text,-2
프로미스나인,K-pop 걸그룹,spillover,,0,,,,,none,
프로미스나인,K-pop 걸그룹,spillover,2023,1,,,,2023,text,
프로미스나인,K-pop 걸그룹,spillover,2023,1,,,,2023,text,
프로미스나인,K-pop 걸그룹,spillover,2023,1,,,,2023,text,
프로미스나인,K-pop 걸그룹,spillover,,0,2026-01-08,2026,,2026,url,
프로미스나인,K-pop 걸그룹,spillover,,0,,,,,none,
프로미스나인,K-pop 걸그룹,spillover,,0,,,,,none,
프로미스나인,K-pop 걸그룹,spillover,2026,1,,,,2026,text,
프로미스나인,K-pop 걸그룹,spillover,2026,1,,,,2026,text,
프로미스나인,K-pop 걸그룹,spillover,2024,1,2024-12-31,2024,,2024,text,0
프로미스나인,K-pop 걸그룹,spillover,2025,1,,,,2025,text,
프로미스나인,K-pop 걸그룹,spillover,2025,1,,,,2025,text,
프로미스나인,K-pop 걸그룹,spillover,2025,1,,,,2025,text,
프로미스나인,K-pop 걸그룹,spillover,2026,1,,,,2026,text,
프로미스나인,K-pop 걸그룹,spillover,,0,2026-04-28,2026,,2026,url,
프로미스나인,K-pop 걸그룹,spillover,,0,,,,,none,
프로미스나인,K-pop 걸그룹,spillover,,0,,,,,none,
프로미스나인,K-pop 걸그룹,spillover,,0,2026-08,2026,0,2026,relative,
프로미스나인,K-pop 걸그룹,spillover,2026,1,,,,2026,text,
프로미스나인,K-pop 걸그룹,spillover,2024,1,,,,2024,text,
프로미스나인,K-pop 걸그룹,spillover,2024,1,,,,2024,text,
프로미스나인,K-pop 걸그룹,spillover,2024,1,,,,2024,text,
프로미스나인,K-pop 걸그룹,spillover,2022|2025,2,,,,2025,text,
프로미스나인,K-pop 걸그룹,spillover,,0,,,,,none,
프로미스나인,K-pop 걸그룹,spillover,2026,1,,,,2026,text,
프로미스나인,K-pop 걸그룹,spillover,,0,,,,,none,
프로미스나인,K-pop 걸그룹,spillover,,0,,,,,none,
프로미스나인,K-pop 걸그룹,spillover,,0,,,,,none,
프로미스나인,K-pop 걸그룹,spillover,2024,1,,,,2024,text,
프로미스나인,K-pop 걸그룹,spillover,2022,1,2022-06-26,2022,,2022,text,0
A-pink,K-pop 걸그룹,loyalty,2014,1,,,,2014,text,
A-pink,K-pop 걸그룹,loyalty,,0,,,,,none,
A-pink,K-pop 걸그룹,loyalty,2018,1,,,,2018,text,
A-pink,K-pop 걸그룹,loyalty,2014,1,,,,2014,text,
A-pink,K-pop 걸그룹,loyalty,2017,1,,,,2017,text,
A-pink,K-pop 걸그룹,loyalty,2014,1,,,,2014,text,
A-pink,K-pop 걸그룹,loyalty,2015,1,,,,2015,text,
A-pink,K-pop 걸그룹,loyalty,2016,1,,,,2016,text,
A-pink,K-pop 걸그룹,loyalty,2014,1,,,,2014,text,
A-pink,K-pop 걸그룹,loyalty,2015,1,,,,2015,text,
A-pink,K-pop 걸그룹,loyalty,2014,1,,,,2014,text,
A-pink,K-pop 걸그룹,loyalty,2015|2016|2019,3,,,,2019,text,
A-pink,K-pop 걸그룹,loyalty,2014|2015|2016,3,,,,2016,text,
A-pink,K-pop 걸그룹,loyalty,2014,1,,,,2014,text,
A-pink,K-pop 걸그룹,loyalty,,0,2026-02,2026,,2026,url,
A-pink,K-pop 걸그룹,loyalty,,0,,,,,none,
A-pink,K-pop 걸그룹,loyalty,,0,2026-05,2026,,2026,url,
A-pink,K-pop 걸그룹,loyalty,,0,,,,,none,
A-pink,K-pop 걸그룹,loyalty,,0,,,,,none,
A-pink,K-pop 걸그룹,loyalty,,0,,,,,none,
A-pink,K-pop 걸그룹,loyalty,2026,1,,,,2026,text,
A-pink,K-pop 걸그룹,loyalty,,0,,,,,none,
A-pink,K-pop 걸그룹,loyalty,2018,1,2018-07-25,2018,,2018,text,0
A-pink,K-pop 걸그룹,loyalty,,0,,,,,none,
A-pink,K-pop 걸그룹,loyalty,,0,,,,,none,
A-pink,K-pop 걸그룹,loyalty,,0,,,,,none,
A-pink,K-pop 걸그룹,loyalty,,0,,,,,none,
A-pink,K-pop 걸그룹,loyalty,,0,,,,,none,
A-pink,K-pop 걸그룹,loyalty,2017,1,,,,2017,text,
A-pink,K-pop 걸그룹,loyalty,2017,1,,,,2017,text,
A-pink,K-pop 걸그룹,loyalty,2022,1,,,,2022,text,
A-pink,K-pop 걸그룹,loyalty,,0,,,,,none,
A-pink,K-pop 걸그룹,loyalty,2018,1,,,,2018,text,
A-pink,K-pop 걸그룹,loyalty,,0,,,,,none,
A-pink,K-pop 걸그룹,loyalty,,0,,,,,none,
A-pink,K-pop 걸그룹,spillover,2014,1,,,,2014,text,
A-pink,K-pop 걸그룹,spillover,,0,,,,,none,
A-pink,K-pop 걸그룹,spillover,,0,,,,,none,
A-pink,K-pop 걸그룹,spillover,2020,1,,,,2020,text,
A-pink,K-pop 걸그룹,spillover,2018,1,,,,2018,text,
A-pink,K-pop 걸그룹,spillover,2014|2015,2,,,,2015,text,
A-pink,K-pop 걸그룹,spillover,2013|2014,2,,,,2014,text,
A-pink,K-pop 걸그룹,spillover,2014,1,,,,2014,text,
A-pink,K-pop 걸그룹,spillover,2025|2026,2,,,,2026,text,
A-pink,K-pop 걸그룹,spillover,2011,1,,,,2011,text,
A-pink,K-pop 걸그룹,spillover,2026,1,,,,2026,text,
A-pink,K-pop 걸그룹,spillover,2014,1,2014-11-03,2014,,2014,text,0
A-pink,K-pop 걸그룹,spillover,,0,2026-05,2026,,2026,url,
A-pink,K-pop 걸그룹,spillover,,0,2026-05,2026,,2026,url,
A-pink,K-pop 걸그룹,spillover,,0,,,,,none,
A-pink,K-pop 걸그룹,spillover,2023,1,,,,2023,text,
A-pink,K-pop 걸그룹,spillover,,0,,,,,none,
A-pink,K-pop 걸그룹,spillover,2012|2026,2,,,,2026,text,
A-pink,K-pop 걸그룹,spillover,2011,1,,,,2011,text,
A-pink,K-pop 걸그룹,spillover,2026,1,,,,2026,text,
A-pink,K-pop 걸그룹,spillover,2023,1,,,,2023,text,
A-pink,K-pop 걸그룹,spillover,,0,,,,,none,
A-pink,K-pop 걸그룹,spillover,,0,,,,,none,
A-pink,K-pop 걸그룹,spillover,2025,1,,,,2025,text,
A-pink,K-pop 걸그룹,spillover,2017|2018|2024,3,,,,2024,text,
A-pink,K-pop 걸그룹,spillover,2016,1,,,,2016,text,
A-pink,K-pop 걸그룹,spillover,2011|2012|2017|2018|2020|2024,6,,,,2024,text,
A-pink,K-pop 걸그룹,spillover,,0,,,,,none,
A-pink,K-pop 걸그룹,spillover,2026,1,,,,2026,text,
A-pink,K-pop 걸그룹,spillover,,0,,,,,none,
A-pink,K-pop 걸그룹,spillover,2014|2015|2018,3,,,,2018,text,
A-pink,K-pop 걸그룹,spillover,,0,,,,,none,
A-pink,K-pop 걸그룹,spillover,2017|2018,2,,,,2018,text,
A-pink,K-pop 걸그룹,spillover,2017|2018,2,,,,2018,text,
A-pink,K-pop 걸그룹,spillover,2018,1,,,,2018,text,
A-pink,K-pop 걸그룹,spillover,2024,1,,,,2024,text,
A-pink,K-pop 걸그룹,spillover,2025,1,2025-03-26,2025,,2025,text,0
A-pink,K-pop 걸그룹,spillover,2022,1,2022-02-28,2022,,2022,text,0
A-pink,K-pop 걸그룹,spillover,2012,1,,,,2012,text,
A-pink,K-pop 걸그룹,spillover,2012|2015,2,,,,2015,text,
A-pink,K-pop 걸그룹,spillover,2014,1,,,,2014,text,
A-pink,K-pop 걸그룹,spillover,2014,1,,,,2014,text,
A-pink,K-pop 걸그룹,spillover,2011,1,,,,2011,text,
A-pink,K-pop 걸그룹,spillover,2012,1,,,,2012,text,
A-pink,K-pop 걸그룹,spillover,2012,1,,,,2012,text,
A-pink,K-pop 걸그룹,spillover,2011,1,,,,2011,text,
A-pink,K-pop 걸그룹,spillover,2014,1,,,,2014,text,
A-pink,K-pop 걸그룹,spillover,2016,1,,,,2016,text,
A-pink,K-pop 걸그룹,spillover,2026,1,,,,2026,text,
A-pink,K-pop 걸그룹,spillover,2026,1,,,,2026,text,
A-pink,K-pop 걸그룹,spillover,2026,1,,,,2026,text,
A-pink,K-pop 걸그룹,spillover,2026,1,,,,2026,text,
A-pink,K-pop 걸그룹,spillover,,0,,,,,none,
A-pink,K-pop 걸그룹,spillover,2026,1,,,,2026,text,
A-pink,K-pop 걸그룹,spillover,,0,,,,,none,
A-pink,K-pop 걸그룹,spillover,,0,,,,,none,
A-pink,K-pop 걸그룹,spillover,,0,,,,,none,
A-pink,K-pop 걸그룹,spillover,2011,1,,,,2011,text,
A-pink,K-pop 걸그룹,spillover,2024,1,,,,2024,text,
A-pink,K-pop 걸그룹,spillover,,0,2021-04,2021,,2021,url,
QWER,K-pop 걸그룹,loyalty,2024,1,,,,2024,text,
QWER,K-pop 걸그룹,loyalty,2024,1,2024-09-25,2024,,2024,text,0
QWER,K-pop 걸그룹,loyalty,2026,1,,,,2026,text,
QWER,K-pop 걸그룹,loyalty,,0,2025-09-06,2025,,2025,url,
QWER,K-pop 걸그룹,loyalty,,0,,,,,none,
QWER,K-pop 걸그룹,loyalty,2023|2024,2,,,,2024,text,
QWER,K-pop 걸그룹,loyalty,2025,1,,,,2025,text,
QWER,K-pop 걸그룹,loyalty,2026,1,,,,2026,text,
QWER,K-pop 걸그룹,loyalty,2024,1,,,,2024,text,
QWER,K-pop 걸그룹,loyalty,2025,1,,,,2025,text,
QWER,K-pop 걸그룹,loyalty,,0,,,,,none,
QWER,K-pop 걸그룹,loyalty,2023|2024|2025|2026,4,,,,2026,text,
QWER,K-pop 걸그룹,loyalty,2025|2026,2,,,,2026,text,
QWER,K-pop 걸그룹,loyalty,,0,,,,,none,
QWER,K-pop 걸그룹,loyalty,2025,1,,,,2025,text,
QWER,K-pop 걸그룹,loyalty,2025,1,,,,2025,text,
QWER,K-pop 걸그룹,loyalty,2025,1,,,,2025,text,
QWER,K-pop 걸그룹,loyalty,,0,,,,,none,
QWER,K-pop 걸그룹,loyalty,2026,1,,,,2026,text,
QWER,K-pop 걸그룹,loyalty,,0,2023-08-10,2023,,2023,url,
QWER,K-pop 걸그룹,loyalty,,0,,,,,none,
QWER,K-pop 걸그룹,loyalty,2025,1,,,,2025,text,
QWER,K-pop 걸그룹,loyalty,,0,,,,,none,
QWER,K-pop 걸그룹,loyalty,,0,2026-08-25,2026,,2026,url,
QWER,K-pop 걸그룹,loyalty,,0,,,,,none,
QWER,K-pop 걸그룹,loyalty,2025|2026,2,2026-01,2026,,2026,text,0
QWER,K-pop 걸그룹,loyalty,,0,2025-10-27,2025,,2025,url,
QWER,K-pop 걸그룹,loyalty,,0,,,,,none,
QWER,K-pop 걸그룹,loyalty,,0,,,,,none,
QWER,K-pop 걸그룹,loyalty,,0,,,,,none,
QWER,K-pop 걸그룹,loyalty,2026,1,,,,2026,text,
QWER,K-pop 걸그룹,loyalty,2025,1,,,,2025,text,
QWER,K-pop 걸그룹,loyalty,,0,,,,,none,
QWER,K-pop 걸그룹,loyalty,2025,1,,,,2025,text,
QWER,K-pop 걸그룹,loyalty,2025,1,,,,2025,text,
QWER,K-pop 걸그룹,loyalty,2026,1,,,,2026,text,
QWER,K-pop 걸그룹,loyalty,,0,,,,,none,
QWER,K-pop 걸그룹,loyalty,,0,,,,,none,
QWER,K-pop 걸그룹,loyalty,2026,1,,,,2026,text,
QWER,K-pop 걸그룹,spillover,,0,,,,,none,
QWER,K-pop 걸그룹,spillover,,0,,,,,none,
QWER,K-pop 걸그룹,spillover,,0,,,,,none,
QWER,K-pop 걸그룹,spillover,,0,,,,,none,
QWER,K-pop 걸그룹,spillover,2025,1,,,,2025,text,
QWER,K-pop 걸그룹,spillover,2024,1,,,,2024,text,
QWER,K-pop 걸그룹,spillover,,0,,,,,none,
QWER,K-pop 걸그룹,spillover,2025,1,2025-07-04,2025,,2025,text,0
QWER,K-pop 걸그룹,spillover,,0,,,,,none,
QWER,K-pop 걸그룹,spillover,,0,,,,,none,
QWER,K-pop 걸그룹,spillover,2026,1,,,,2026,text,
QWER,K-pop 걸그룹,spillover,2025,1,,,,2025,text,
QWER,K-pop 걸그룹,spillover,,0,,,,,none,
QWER,K-pop 걸그룹,spillover,,0,2026-08,2026,,2026,url,
QWER,K-pop 걸그룹,spillover,2024|2025,2,,,,2025,text,
QWER,K-pop 걸그룹,spillover,,0,,,,,none,
QWER,K-pop 걸그룹,spillover,2026,1,,,,2026,text,
QWER,K-pop 걸그룹,spillover,2026,1,,,,2026,text,
QWER,K-pop 걸그룹,spillover,2024,1,,,,2024,text,
QWER,K-pop 걸그룹,spillover,2023|2024|2025|2026,4,,,,2026,text,
QWER,K-pop 걸그룹,spillover,,0,,,,,none,
QWER,K-pop 걸그룹,spillover,,0,,,,,none,
QWER,K-pop 걸그룹,spillover,2024,1,,,,2024,text,
QWER,K-pop 걸그룹,spillover,,0,,,,,none,
QWER,K-pop 걸그룹,spillover,2024,1,,,,2024,text,
QWER,K-pop 걸그룹,spillover,,0,,,,,none,
QWER,K-pop 걸그룹,spillover,,0,,,,,none,
QWER,K-pop 걸그룹,spillover,,0,,,,,none,
QWER,K-pop 걸그룹,spillover,,0,,,,,none,
QWER,K-pop 걸그룹,spillover,2023,1,,,,2023,text,
QWER,K-pop 걸그룹,spillover,,0,,,,,none,
QWER,K-pop 걸그룹,spillover,2026,1,,,,2026,text,
QWER,K-pop 걸그룹,spillover,,0,,,,,none,
QWER,K-pop 걸그룹,spillover,2022|2026,2,,,,2026,text,
QWER,K-pop 걸그룹,spillover,2024,1,,,,2024,text,
QWER,K-pop 걸그룹,spillover,2026,1,,,,2026,text,
QWER,K-pop 걸그룹,spillover,2026,1,,,,2026,text,
QWER,K-pop 걸그룹,spillover,2025,1,,,,2025,text,
QWER,K-pop 걸그룹,spillover,2025,1,2025-07-10,2025,,2025,text,0
QWER,K-pop 걸그룹,spillover,2023,1,,,,2023,text,
QWER,K-pop 걸그룹,spillover,2023|2024,2,,,,2024,text,
QWER,K-pop 걸그룹,spillover,2024,1,,,,2024,text,
QWER,K-pop 걸그룹,spillover,2024,1,,,,2024,text,
QWER,K-pop 걸그룹,spillover,2024,1,,,,2024,text,
QWER,K-pop 걸그룹,spillover,2025,1,,,,2025,text,
QWER,K-pop 걸그룹,spillover,2025,1,,,,2025,text,
QWER,K-pop 걸그룹,spillover,2025,1,,,,2025,text,
QWER,K-pop 걸그룹,spillover,2024|2026,2,,,,2026,text,
QWER,K-pop 걸그룹,spillover,2023,1,,,,2023,text,
QWER,K-pop 걸그룹,spillover,2026,1,,,,2026,text,
QWER,K-pop 걸그룹,spillover,2026,1,,,,2026,text,
QWER,K-pop 걸그룹,spillover,2026,1,,,,2026,text,
QWER,K-pop 걸그룹,spillover,2026,1,,,,2026,text,
QWER,K-pop 걸그룹,spillover,2026,1,,,,2026,text,
QWER,K-pop 걸그룹,spillover,2026,1,,,,2026,text,
QWER,K-pop 걸그룹,spillover,,0,,,,,none,
QWER,K-pop 걸그룹,spillover,2025,1,,,,2025,text,
QWER,K-pop 걸그룹,spillover,2023,1,,,,2023,text,
QWER,K-pop 걸그룹,spillover,2026,1,,,,2026,text,
QWER,K-pop 걸그룹,spillover,2025,1,,,,2025,text,
QWER,K-pop 걸그룹,spillover,,0,,,,,none,
QWER,K-pop 걸그룹,spillover,2023,1,,,,2023,text,
QWER,K-pop 걸그룹,spillover,2023,1,,,,2023,text,
QWER,K-pop 걸그룹,spillover,,0,,,,,none,
BABYMONSTER,K-pop 걸그룹,loyalty,,0,,,,,none,
BABYMONSTER,K-pop 걸그룹,loyalty,,0,,,,,none,
BABYMONSTER,K-pop 걸그룹,loyalty,,0,,,,,none,
BABYMONSTER,K-pop 걸그룹,loyalty,,0,,,,,none,
BABYMONSTER,K-pop 걸그룹,loyalty,2024,1,,,,2024,text,
BABYMONSTER,K-pop 걸그룹,loyalty,2024,1,,,,2024,text,
BABYMONSTER,K-pop 걸그룹,loyalty,,0,,,,,none,
BABYMONSTER,K-pop 걸그룹,loyalty,,0,,,,,none,
BABYMONSTER,K-pop 걸그룹,loyalty,,0,,,,,none,
BABYMONSTER,K-pop 걸그룹,loyalty,,0,,,,,none,
BABYMONSTER,K-pop 걸그룹,loyalty,,0,,,,,none,
BABYMONSTER,K-pop 걸그룹,loyalty,2024,1,,,,2024,text,
BABYMONSTER,K-pop 걸그룹,loyalty,2025,1,,,,2025,text,
BABYMONSTER,K-pop 걸그룹,loyalty,,0,,,,,none,
BABYMONSTER,K-pop 걸그룹,loyalty,,0,,,,,none,
BABYMONSTER,K-pop 걸그룹,loyalty,,0,,,,,none,
BABYMONSTER,K-pop 걸그룹,loyalty,,0,,,,,none,
BABYMONSTER,K-pop 걸그룹,loyalty,2024,1,,,,2024,text,
BABYMONSTER,K-pop 걸그룹,loyalty,2025,1,,,,2025,text,
BABYMONSTER,K-pop 걸그룹,loyalty,2025,1,,,,2025,text,
BABYMONSTER,K-pop 걸그룹,loyalty,,0,,,,,none,
BABYMONSTER,K-pop 걸그룹,loyalty,,0,,,,,none,
BABYMONSTER,K-pop 걸그룹,loyalty,,0,,,,,none,
BABYMONSTER,K-pop 걸그룹,loyalty,,0,,,,,none,
BABYMONSTER,K-pop 걸그룹,loyalty,2024,1,,,,2024,text,
BABYMONSTER,K-pop 걸그룹,loyalty,,0,,,,,none,
BABYMONSTER,K-pop 걸그룹,loyalty,2023,1,,,,2023,text,
BABYMONSTER,K-pop 걸그룹,loyalty,2024,1,,,,2024,text,
BABYMONSTER,K-pop 걸그룹,loyalty,2023,1,,,,2023,text,
BABYMONSTER,K-pop 걸그룹,loyalty,,0,,,,,none,
BABYMONSTER,K-pop 걸그룹,loyalty,2023,1,,,,2023,text,
BABYMONSTER,K-pop 걸그룹,loyalty,2023,1,,,,2023,text,
BABYMONSTER,K-pop 걸그룹,loyalty,,0,,,,,none,
BABYMONSTER,K-pop 걸그룹,loyalty,,0,,,,,none,
BABYMONSTER,K-pop 걸그룹,loyalty,,0,,,,,none,
BABYMONSTER,K-pop 걸그룹,loyalty,,0,,,,,none,
BABYMONSTER,K-pop 걸그룹,loyalty,,0,,,,,none,
BABYMONSTER,K-pop 걸그룹,loyalty,,0,,,,,none,
BABYMONSTER,K-pop 걸그룹,loyalty,,0,,,,,none,
BABYMONSTER,K-pop 걸그룹,loyalty,,0,,,,,none,
BABYMONSTER,K-pop 걸그룹,loyalty,,0,,,,,none,
BABYMONSTER,K-pop 걸그룹,loyalty,2026,1,2026-05-11,2026,,2026,text,0
BABYMONSTER,K-pop 걸그룹,loyalty,,0,,,,,none,
BABYMONSTER,K-pop 걸그룹,loyalty,,0,,,,,none,
BABYMONSTER,K-pop 걸그룹,loyalty,2026,1,,,,2026,text,
BABYMONSTER,K-pop 걸그룹,loyalty,2025,1,,,,2025,text,
BABYMONSTER,K-pop 걸그룹,loyalty,2024,1,,,,2024,text,
BABYMONSTER,K-pop 걸그룹,loyalty,,0,,,,,none,
BABYMONSTER,K-pop 걸그룹,loyalty,2026,1,,,,2026,text,
BABYMONSTER,K-pop 걸그룹,loyalty,2025,1,,,,2025,text,
BABYMONSTER,K-pop 걸그룹,loyalty,2025,1,,,,2025,text,
BABYMONSTER,K-pop 걸그룹,loyalty,,0,,,,,none,
BABYMONSTER,K-pop 걸그룹,loyalty,,0,,,,,none,
BABYMONSTER,K-pop 걸그룹,loyalty,,0,,,,,none,
BABYMONSTER,K-pop 걸그룹,loyalty,,0,,,,,none,
BABYMONSTER,K-pop 걸그룹,spillover,,0,,,,,none,
BABYMONSTER,K-pop 걸그룹,spillover,,0,,,,,none,
BABYMONSTER,K-pop 걸그룹,spillover,,0,,,,,none,
BABYMONSTER,K-pop 걸그룹,spillover,,0,,,,,none,
BABYMONSTER,K-pop 걸그룹,spillover,,0,,,,,none,
BABYMONSTER,K-pop 걸그룹,spillover,,0,,,,,none,
BABYMONSTER,K-pop 걸그룹,spillover,,0,,,,,none,
BABYMONSTER,K-pop 걸그룹,spillover,,0,,,,,none,
BABYMONSTER,K-pop 걸그룹,spillover,,0,,,,,none,
BABYMONSTER,K-pop 걸그룹,spillover,,0,,,,,none,
BABYMONSTER,K-pop 걸그룹,spillover,2026,1,2026-03-16,2026,,2026,text,0
BABYMONSTER,K-pop 걸그룹,spillover,,0,,,,,none,
BABYMONSTER,K-pop 걸그룹,spillover,,0,2023-12-15,2023,,2023,url,
BABYMONSTER,K-pop 걸그룹,spillover,,0,,,,,none,
BABYMONSTER,K-pop 걸그룹,spillover,,0,,,,,none,
BABYMONSTER,K-pop 걸그룹,spillover,,0,,,,,none,
BABYMONSTER,K-pop 걸그룹,spillover,,0,2026-04-01,2026,,2026,url,
BABYMONSTER,K-pop 걸그룹,spillover,,0,,,,,none,
BABYMONSTER,K-pop 걸그룹,spillover,,0,,,,,none,
BABYMONSTER,K-pop 걸그룹,spillover,2025,1,,,,2025,text,
BABYMONSTER,K-pop 걸그룹,spillover,,0,,,,,none,
BABYMONSTER,K-pop 걸그룹,spillover,,0,,,,,none,
BABYMONSTER,K-pop 걸그룹,spillover,,0,,,,,none,
BABYMONSTER,K-pop 걸그룹,spillover,2024,1,2024-08-02,2024,,2024,text,0
BABYMONSTER,K-pop 걸그룹,spillover,,0,2024-11-12,2024,,2024,url,
BABYMONSTER,K-pop 걸그룹,spillover,,0,,,,,none,
BABYMONSTER,K-pop 걸그룹,spillover,,0,2023-11-26,2023,,2023,url,
BABYMONSTER,K-pop 걸그룹,spillover,,0,,,,,none,
BABYMONSTER,K-pop 걸그룹,spillover,2025,1,,,,2025,text,
BABYMONSTER,K-pop 걸그룹,spillover,,0,,,,,none,
BABYMONSTER,K-pop 걸그룹,spillover,,0,,,,,none,
BABYMONSTER,K-pop 걸그룹,spillover,2025,1,2025-03-28,2025,,2025,text,0
BABYMONSTER,K-pop 걸그룹,spillover,2026,1,,,,2026,text,
BABYMONSTER,K-pop 걸그룹,spillover,2026,1,,,,2026,text,
BABYMONSTER,K-pop 걸그룹,spillover,2025,1,,,,2025,text,
BABYMONSTER,K-pop 걸그룹,spillover,,0,,,,,none,
BABYMONSTER,K-pop 걸그룹,spillover,,0,,,,,none,
BABYMONSTER,K-pop 걸그룹,spillover,,0,,,,,none,
BABYMONSTER,K-pop 걸그룹,spillover,,0,,,,,none,
BABYMONSTER,K-pop 걸그룹,spillover,2024,1,,,,2024,text,
BABYMONSTER,K-pop 걸그룹,spillover,2024|2025,2,,,,2025,text,
BABYMONSTER,K-pop 걸그룹,spillover,2024,1,,,,2024,text,
BABYMONSTER,K-pop 걸그룹,spillover,,0,,,,,none,
BABYMONSTER,K-pop 걸그룹,spillover,2025,1,,,,2025,text,
BABYMONSTER,K-pop 걸그룹,spillover,2025,1,,,0,2025,text,
BABYMONSTER,K-pop 걸그룹,spillover,2026,1,,,,2026,text,
BABYMONSTER,K-pop 걸그룹,spillover,2025,1,,,,2025,text,
BABYMONSTER,K-pop 걸그룹,spillover,,0,,,,,none,
BABYMONSTER,K-pop 걸그룹,spillover,2026,1,,,,2026,text,
BABYMONSTER,K-pop 걸그룹,spillover,,0,,,,,none,
BABYMONSTER,K-pop 걸그룹,spillover,2025,1,,,,2025,text,
BABYMONSTER,K-pop 걸그룹,spillover,2025,1,,,,2025,text,
BABYMONSTER,K-pop 걸그룹,spillover,2025,1,,,,2025,text,
BABYMONSTER,K-pop 걸그룹,spillover,2025,1,,,,2025,text,
BABYMONSTER,K-pop 걸그룹,spillover,2024,1,,,,2024,text,
BABYMONSTER,K-pop 걸그룹,spillover,2024,1,,,,2024,text,
BABYMONSTER,K-pop 걸그룹,spillover,2025,1,,,,2025,text,
BABYMONSTER,K-pop 걸그룹,spillover,2025,1,,,,2025,text,
BABYMONSTER,K-pop 걸그룹,spillover,2026,1,2026-07-30,2026,,2026,text,0
BABYMONSTER,K-pop 걸그룹,spillover,,0,2026-07-30,2026,,2026,url,
BABYMONSTER,K-pop 걸그룹,spillover,,0,,,1,,none,
BABYMONSTER,K-pop 걸그룹,spillover,,0,,,,,none,
BABYMONSTER,K-pop 걸그룹,spillover,,0,,,,,none,
BABYMONSTER,K-pop 걸그룹,spillover,,0,,,,,none,
BABYMONSTER,K-pop 걸그룹,spillover,,0,,,,,none,
BABYMONSTER,K-pop 걸그룹,spillover,,0,,,,,none,
BABYMONSTER,K-pop 걸그룹,spillover,,0,,,,,none,
BABYMONSTER,K-pop 걸그룹,spillover,,0,,,,,none,
BABYMONSTER,K-pop 걸그룹,spillover,,0,2025-10-13,2025,,2025,url,
BABYMONSTER,K-pop 걸그룹,spillover,,0,,,,,none,
BABYMONSTER,K-pop 걸그룹,spillover,,0,2025-03-28,2025,,2025,url,
BABYMONSTER,K-pop 걸그룹,spillover,,0,,,,,none,
BABYMONSTER,K-pop 걸그룹,spillover,2025,1,,,,2025,text,
BABYMONSTER,K-pop 걸그룹,spillover,2026,1,,,,2026,text,
BABYMONSTER,K-pop 걸그룹,spillover,2023,1,,,,2023,text,
BABYMONSTER,K-pop 걸그룹,spillover,,0,,,,,none,
BABYMONSTER,K-pop 걸그룹,spillover,2026,1,2026-04-30,2026,,2026,text,0
소녀시대,K-pop 걸그룹,loyalty,2011,1,,,,2011,text,
소녀시대,K-pop 걸그룹,loyalty,2012,1,,,,2012,text,
소녀시대,K-pop 걸그룹,loyalty,2014,1,,,,2014,text,
소녀시대,K-pop 걸그룹,loyalty,2022,1,,,,2022,text,
소녀시대,K-pop 걸그룹,loyalty,2009|2010,2,,,,2010,text,
소녀시대,K-pop 걸그룹,loyalty,,0,,,,,none,
소녀시대,K-pop 걸그룹,loyalty,2015,1,,,,2015,text,
소녀시대,K-pop 걸그룹,loyalty,2024,1,,,,2024,text,
소녀시대,K-pop 걸그룹,loyalty,2009|2014,2,,,,2014,text,
소녀시대,K-pop 걸그룹,loyalty,2011,1,,,,2011,text,
소녀시대,K-pop 걸그룹,loyalty,2024,1,,,,2024,text,
소녀시대,K-pop 걸그룹,loyalty,2025,1,2025-08,2025,,2025,text,0
소녀시대,K-pop 걸그룹,loyalty,,0,,,,,none,
소녀시대,K-pop 걸그룹,loyalty,,0,,,,,none,
소녀시대,K-pop 걸그룹,loyalty,,0,,,,,none,
소녀시대,K-pop 걸그룹,loyalty,2022,1,,,,2022,text,
소녀시대,K-pop 걸그룹,loyalty,2023,1,,,,2023,text,
소녀시대,K-pop 걸그룹,loyalty,,0,,,,,none,
소녀시대,K-pop 걸그룹,loyalty,,0,,,,,none,
소녀시대,K-pop 걸그룹,loyalty,,0,,,,,none,
소녀시대,K-pop 걸그룹,loyalty,,0,,,,,none,
소녀시대,K-pop 걸그룹,loyalty,2022,1,,,,2022,text,
소녀시대,K-pop 걸그룹,loyalty,,0,,,,,none,
소녀시대,K-pop 걸그룹,loyalty,2024,1,,,,2024,text,
소녀시대,K-pop 걸그룹,loyalty,,0,,,,,none,
소녀시대,K-pop 걸그룹,loyalty,2010,1,,,,2010,text,
소녀시대,K-pop 걸그룹,loyalty,2020,1,,,,2020,text,
소녀시대,K-pop 걸그룹,loyalty,2009,1,,,,2009,text,
소녀시대,K-pop 걸그룹,loyalty,2011,1,,,,2011,text,
소녀시대,K-pop 걸그룹,loyalty,2022,1,,,,2022,text,
소녀시대,K-pop 걸그룹,loyalty,2025,1,,,,2025,text,
소녀시대,K-pop 걸그룹,loyalty,2025,1,2025-06-02,2025,,2025,text,0
소녀시대,K-pop 걸그룹,loyalty,2026,1,2026-09,2026,,2026,text,0
소녀시대,K-pop 걸그룹,spillover,2013,1,,,,2013,text,
소녀시대,K-pop 걸그룹,spillover,2009|2011|2012,3,,,,2012,text,
소녀시대,K-pop 걸그룹,spillover,,0,,,,,none,
소녀시대,K-pop 걸그룹,spillover,,0,,,,,none,
소녀시대,K-pop 걸그룹,spillover,2009|2011,2,,,,2011,text,
소녀시대,K-pop 걸그룹,spillover,,0,,,,,none,
소녀시대,K-pop 걸그룹,spillover,2011,1,,,,2011,text,
소녀시대,K-pop 걸그룹,spillover,2012,1,,,,2012,text,
소녀시대,K-pop 걸그룹,spillover,2009|2015,2,,,,2015,text,
소녀시대,K-pop 걸그룹,spillover,2009|2011,2,,,,2011,text,
소녀시대,K-pop 걸그룹,spillover,2012,1,,,,2012,text,
소녀시대,K-pop 걸그룹,spillover,2018,1,,,,2018,text,
소녀시대,K-pop 걸그룹,spillover,,0,,,,,none,
소녀시대,K-pop 걸그룹,spillover,,0,,,,,none,
소녀시대,K-pop 걸그룹,spillover,,0,,,,,none,
소녀시대,K-pop 걸그룹,spillover,,0,,,,,none,
소녀시대,K-pop 걸그룹,spillover,,0,,,,,none,
소녀시대,K-pop 걸그룹,spillover,,0,,,,,none,
소녀시대,K-pop 걸그룹,spillover,2007,1,,,,2007,text,
소녀시대,K-pop 걸그룹,spillover,2011,1,,,,2011,text,
소녀시대,K-pop 걸그룹,spillover,,0,,,,,none,
소녀시대,K-pop 걸그룹,spillover,2024,1,,,,2024,text,
소녀시대,K-pop 걸그룹,spillover,2025|2026,2,,,,2026,text,
소녀시대,K-pop 걸그룹,spillover,2012|2014,2,,,,2014,text,
소녀시대,K-pop 걸그룹,spillover,,0,2022-08-07,2022,,2022,url,
소녀시대,K-pop 걸그룹,spillover,,0,,,,,none,
소녀시대,K-pop 걸그룹,spillover,,0,,,,,none,
소녀시대,K-pop 걸그룹,spillover,,0,,,,,none,
소녀시대,K-pop 걸그룹,spillover,,0,,,,,none,
소녀시대,K-pop 걸그룹,spillover,,0,,,,,none,
소녀시대,K-pop 걸그룹,spillover,2012,1,,,,2012,text,
소녀시대,K-pop 걸그룹,spillover,2023,1,,,,2023,text,
소녀시대,K-pop 걸그룹,spillover,2011|2012,2,,,,2012,text,
소녀시대,K-pop 걸그룹,spillover,2014,1,,,,2014,text,
소녀시대,K-pop 걸그룹,spillover,2011,1,2010-12-16,2010,,2011,text,1
소녀시대,K-pop 걸그룹,spillover,2011,1,,,,2011,text,
소녀시대,K-pop 걸그룹,spillover,2012,1,,,,2012,text,
소녀시대,K-pop 걸그룹,spillover,2012,1,,,,2012,text,
소녀시대,K-pop 걸그룹,spillover,2026,1,,,,2026,text,
소녀시대,K-pop 걸그룹,spillover,2026,1,2026-06-19,2026,,2026,text,0
소녀시대,K-pop 걸그룹,spillover,2026,1,,,,2026,text,
소녀시대,K-pop 걸그룹,spillover,2008,1,,,,2008,text,
소녀시대,K-pop 걸그룹,spillover,2010,1,2010-04-08,2010,,2010,text,0
소녀시대,K-pop 걸그룹,spillover,2008,1,,,,2008,text,
소녀시대,K-pop 걸그룹,spillover,2012,1,,,,2012,text,
소녀시대,K-pop 걸그룹,spillover,2010,1,,,,2010,text,
소녀시대,K-pop 걸그룹,spillover,2009,1,,,,2009,text,
소녀시대,K-pop 걸그룹,spillover,2010,1,,,,2010,text,
소녀시대,K-pop 걸그룹,spillover,2010|2011|2012,3,,,,2012,text,
소녀시대,K-pop 걸그룹,spillover,2017,1,2017-10,2017,,2017,text,0
소녀시대,K-pop 걸그룹,spillover,2024,1,2024-12-16,2024,,2024,text,0
소녀시대,K-pop 걸그룹,spillover,2008|2009,2,,,,2009,text,
소녀시대,K-pop 걸그룹,spillover,2011|2013,2,,,,2013,text,
소녀시대,K-pop 걸그룹,spillover,2009,1,,,,2009,text,
소녀시대,K-pop 걸그룹,spillover,2010,1,,,,2010,text,
소녀시대,K-pop 걸그룹,spillover,2011,1,,,,2011,text,
소녀시대,K-pop 걸그룹,spillover,2011,1,,,,2011,text,
소녀시대,K-pop 걸그룹,spillover,2012|2013,2,,,,2013,text,
소녀시대,K-pop 걸그룹,spillover,2010,1,,,,2010,text,
소녀시대,K-pop 걸그룹,spillover,2012,1,,,,2012,text,
소녀시대,K-pop 걸그룹,spillover,2010,1,,,,2010,text,
소녀시대,K-pop 걸그룹,spillover,2008|2009,2,,,,2009,text,
소녀시대,K-pop 걸그룹,spillover,2011|2013,2,,,,2013,text,
소녀시대,K-pop 걸그룹,spillover,2010,1,,,,2010,text,
소녀시대,K-pop 걸그룹,spillover,2011,1,,,,2011,text,
소녀시대,K-pop 걸그룹,spillover,2009,1,,,,2009,text,
소녀시대,K-pop 걸그룹,spillover,2010|2012|2013,3,,,,2013,text,
소녀시대,K-pop 걸그룹,spillover,2010|2012,2,,,,2012,text,
소녀시대,K-pop 걸그룹,spillover,2025,1,,,,2025,text,
소녀시대,K-pop 걸그룹,spillover,2025|2026,2,,,0,2026,text,
소녀시대,K-pop 걸그룹,spillover,2026,1,2026-06-13,2026,,2026,text,0
소녀시대,K-pop 걸그룹,spillover,2026,1,,,,2026,text,
소녀시대,K-pop 걸그룹,spillover,2026,1,,,,2026,text,
소녀시대,K-pop 걸그룹,spillover,2026,1,,,,2026,text,
소녀시대,K-pop 걸그룹,spillover,2011,1,,,,2011,text,
소녀시대,K-pop 걸그룹,spillover,2009,1,,,,2009,text,
소녀시대,K-pop 걸그룹,spillover,2008,1,,,,2008,text,
소녀시대,K-pop 걸그룹,spillover,2010,1,,,,2010,text,
소녀시대,K-pop 걸그룹,spillover,2022,1,2022-04-19,2022,,2022,text,0
소녀시대,K-pop 걸그룹,spillover,2024,1,,,,2024,text,
소녀시대,K-pop 걸그룹,spillover,2021,1,,,,2021,text,
소녀시대,K-pop 걸그룹,spillover,,0,,,,,none,
소녀시대,K-pop 걸그룹,spillover,,0,,,,,none,
소녀시대,K-pop 걸그룹,spillover,,0,,,,,none,
소녀시대,K-pop 걸그룹,spillover,,0,,,,,none,
소녀시대,K-pop 걸그룹,spillover,2026,1,,,,2026,text,
소녀시대,K-pop 걸그룹,spillover,2007|2014|2017,3,,,,2017,text,
소녀시대,K-pop 걸그룹,spillover,2024,1,,,,2024,text,
소녀시대,K-pop 걸그룹,spillover,2007|2022,2,,,0,2022,text,
오마이걸,K-pop 걸그룹,loyalty,2016,1,,,,2016,text,
오마이걸,K-pop 걸그룹,loyalty,2016,1,,,,2016,text,
오마이걸,K-pop 걸그룹,loyalty,2018,1,,,,2018,text,
오마이걸,K-pop 걸그룹,loyalty,2021,1,,,,2021,text,
오마이걸,K-pop 걸그룹,loyalty,2020,1,,,,2020,text,
오마이걸,K-pop 걸그룹,loyalty,,0,,,,,none,
오마이걸,K-pop 걸그룹,loyalty,2017|2018,2,,,,2018,text,
오마이걸,K-pop 걸그룹,loyalty,2025,1,,,,2025,text,
오마이걸,K-pop 걸그룹,loyalty,2016,1,,,,2016,text,
오마이걸,K-pop 걸그룹,loyalty,2018,1,,,,2018,text,
오마이걸,K-pop 걸그룹,loyalty,2019,1,,,,2019,text,
오마이걸,K-pop 걸그룹,loyalty,2017,1,,,,2017,text,
오마이걸,K-pop 걸그룹,loyalty,,0,,,,,none,
오마이걸,K-pop 걸그룹,loyalty,2026,1,,,,2026,text,
오마이걸,K-pop 걸그룹,loyalty,,0,,,,,none,
오마이걸,K-pop 걸그룹,loyalty,2024,1,2024-12-08,2024,,2024,text,0
오마이걸,K-pop 걸그룹,loyalty,,0,,,,,none,
오마이걸,K-pop 걸그룹,loyalty,2017,1,,,,2017,text,
오마이걸,K-pop 걸그룹,loyalty,2026,1,,,,2026,text,
오마이걸,K-pop 걸그룹,loyalty,,0,,,,,none,
오마이걸,K-pop 걸그룹,loyalty,2026,1,,,,2026,text,
오마이걸,K-pop 걸그룹,loyalty,,0,,,,,none,
오마이걸,K-pop 걸그룹,loyalty,,0,,,,,none,
오마이걸,K-pop 걸그룹,loyalty,,0,,,,,none,
오마이걸,K-pop 걸그룹,loyalty,,0,,,,,none,
오마이걸,K-pop 걸그룹,loyalty,,0,,,,,none,
오마이걸,K-pop 걸그룹,loyalty,2025,1,,,,2025,text,
오마이걸,K-pop 걸그룹,loyalty,2019,1,2019-02,2019,,2019,text,0
오마이걸,K-pop 걸그룹,loyalty,2019,1,2018-11,2018,,2019,text,1
오마이걸,K-pop 걸그룹,loyalty,2017,1,,,,2017,text,
오마이걸,K-pop 걸그룹,loyalty,2018,1,,,,2018,text,
오마이걸,K-pop 걸그룹,loyalty,2023,1,,,,2023,text,
오마이걸,K-pop 걸그룹,loyalty,,0,,,,,none,
오마이걸,K-pop 걸그룹,loyalty,2017,1,2017-10-30,2017,,2017,text,0
오마이걸,K-pop 걸그룹,spillover,2019,1,,,,2019,text,
오마이걸,K-pop 걸그룹,spillover,,0,,,,,none,
오마이걸,K-pop 걸그룹,spillover,,0,,,,,none,
오마이걸,K-pop 걸그룹,spillover,,0,,,,,none,
오마이걸,K-pop 걸그룹,spillover,2019,1,,,,2019,text,
오마이걸,K-pop 걸그룹,spillover,,0,2021-04-20,2021,,2021,url,
오마이걸,K-pop 걸그룹,spillover,2023,1,,,,2023,text,
오마이걸,K-pop 걸그룹,spillover,2021,1,,,,2021,text,
오마이걸,K-pop 걸그룹,spillover,,0,,,,,none,
오마이걸,K-pop 걸그룹,spillover,2020|2021,2,,,,2021,text,
오마이걸,K-pop 걸그룹,spillover,,0,,,,,none,
오마이걸,K-pop 걸그룹,spillover,2019,1,,,,2019,text,
오마이걸,K-pop 걸그룹,spillover,2020|2021,2,,,,2021,text,
오마이걸,K-pop 걸그룹,spillover,2025,1,,,,2025,text,
오마이걸,K-pop 걸그룹,spillover,2019,1,2019-01-08,2019,,2019,text,0
오마이걸,K-pop 걸그룹,spillover,2026,1,,,,2026,text,
오마이걸,K-pop 걸그룹,spillover,,0,2024-12-12,2024,,2024,url,
오마이걸,K-pop 걸그룹,spillover,,0,,,,,none,
오마이걸,K-pop 걸그룹,spillover,,0,,,0,,none,
오마이걸,K-pop 걸그룹,spillover,,0,,,,,none,
오마이걸,K-pop 걸그룹,spillover,,0,,,,,none,
오마이걸,K-pop 걸그룹,spillover,2026,1,,,,2026,text,
오마이걸,K-pop 걸그룹,spillover,2026,1,2025-12-16,2025,,2026,text,1
오마이걸,K-pop 걸그룹,spillover,,0,,,-1,,none,
오마이걸,K-pop 걸그룹,spillover,,0,,,,,none,
오마이걸,K-pop 걸그룹,spillover,,0,,,,,none,
오마이걸,K-pop 걸그룹,spillover,,0,,,,,none,
오마이걸,K-pop 걸그룹,spillover,,0,,,,,none,
오마이걸,K-pop 걸그룹,spillover,2018,1,,,,2018,text,
오마이걸,K-pop 걸그룹,spillover,,0,,,,,none,
오마이걸,K-pop 걸그룹,spillover,2024,1,,,,2024,text,
오마이걸,K-pop 걸그룹,spillover,,0,,,,,none,
오마이걸,K-pop 걸그룹,spillover,2015|2026,2,,,,2026,text,
오마이걸,K-pop 걸그룹,spillover,2019|2026,2,,,,2026,text,
오마이걸,K-pop 걸그룹,spillover,2017,1,,,,2017,text,
오마이걸,K-pop 걸그룹,spillover,2016|2017,2,,,,2017,text,
오마이걸,K-pop 걸그룹,spillover,2020,1,,,,2020,text,
오마이걸,K-pop 걸그룹,spillover,2015|2020|2023|2024,4,,,,2024,text,
오마이걸,K-pop 걸그룹,spillover,2016|2018|2019|2020,4,,,,2020,text,
오마이걸,K-pop 걸그룹,spillover,2021|2022,2,,,,2022,text,
오마이걸,K-pop 걸그룹,spillover,2018,1,,,,2018,text,
오마이걸,K-pop 걸그룹,spillover,,0,,,,,none,
오마이걸,K-pop 걸그룹,spillover,2026,1,,,,2026,text,
오마이걸,K-pop 걸그룹,spillover,2025,1,2025-07-21,2025,,2025,text,0
오마이걸,K-pop 걸그룹,spillover,,0,,,,,none,
오마이걸,K-pop 걸그룹,spillover,2026,1,,,,2026,text,
오마이걸,K-pop 걸그룹,spillover,2015|2020,2,,,,2020,text,
오마이걸,K-pop 걸그룹,spillover,2018|2020|2021,3,,,,2021,text,
오마이걸,K-pop 걸그룹,spillover,2019,1,,,,2019,text,
오마이걸,K-pop 걸그룹,spillover,2020,1,,,,2020,text,
오마이걸,K-pop 걸그룹,spillover,2022,1,,,,2022,text,
오마이걸,K-pop 걸그룹,spillover,2019|2020,2,,,,2020,text,
오마이걸,K-pop 걸그룹,spillover,,0,,,,,none,
오마이걸,K-pop 걸그룹,spillover,2024|2026,2,,,,2026,text,
오마이걸,K-pop 걸그룹,spillover,2026,1,,,,2026,text,
오마이걸,K-pop 걸그룹,spillover,2025,1,,,,2025,text,
오마이걸,K-pop 걸그룹,spillover,2025,1,,,,2025,text,
오마이걸,K-pop 걸그룹,spillover,2025,1,,,0,2025,text,
오마이걸,K-pop 걸그룹,spillover,,0,2024-07-03,2024,,2024,url,
오마이걸,K-pop 걸그룹,spillover,,0,,,,,none,
오마이걸,K-pop 걸그룹,spillover,,0,,,,,none,
오마이걸,K-pop 걸그룹,spillover,2015,1,,,,2015,text,
오마이걸,K-pop 걸그룹,spillover,2024,1,,,,2024,text,
오마이걸,K-pop 걸그룹,spillover,,0,2019-04,2019,,2019,url,
여자친구,K-pop 걸그룹,loyalty,,0,,,,,none,
여자친구,K-pop 걸그룹,loyalty,,0,,,,,none,
여자친구,K-pop 걸그룹,loyalty,2019,1,,,,2019,text,
여자친구,K-pop 걸그룹,loyalty,,0,,,,,none,
여자친구,K-pop 걸그룹,loyalty,2018,1,,,,2018,text,
여자친구,K-pop 걸그룹,loyalty,2019,1,,,,2019,text,
여자친구,K-pop 걸그룹,loyalty,2019,1,,,,2019,text,
여자친구,K-pop 걸그룹,loyalty,2024|2025,2,,,,2025,text,
여자친구,K-pop 걸그룹,loyalty,2018,1,,,,2018,text,
여자친구,K-pop 걸그룹,loyalty,2024|2025,2,,,,2025,text,
여자친구,K-pop 걸그룹,loyalty,2019,1,,,,2019,text,
여자친구,K-pop 걸그룹,loyalty,2025,1,,,,2025,text,
여자친구,K-pop 걸그룹,loyalty,2025,1,,,,2025,text,
여자친구,K-pop 걸그룹,loyalty,,0,,,,,none,
여자친구,K-pop 걸그룹,loyalty,2025,1,,,,2025,text,
여자친구,K-pop 걸그룹,loyalty,2025,1,,,,2025,text,
여자친구,K-pop 걸그룹,loyalty,,0,,,,,none,
여자친구,K-pop 걸그룹,loyalty,,0,,,,,none,
여자친구,K-pop 걸그룹,loyalty,2015|2025,2,,,,2025,text,
여자친구,K-pop 걸그룹,loyalty,,0,,,,,none,
여자친구,K-pop 걸그룹,loyalty,,0,,,,,none,
여자친구,K-pop 걸그룹,loyalty,,0,,,,,none,
여자친구,K-pop 걸그룹,loyalty,,0,,,,,none,
여자친구,K-pop 걸그룹,loyalty,,0,,,1,,none,
여자친구,K-pop 걸그룹,loyalty,2015|2021|2026,3,,,,2026,text,
여자친구,K-pop 걸그룹,loyalty,,0,,,,,none,
여자친구,K-pop 걸그룹,loyalty,,0,,,,,none,
여자친구,K-pop 걸그룹,loyalty,,0,,,,,none,
여자친구,K-pop 걸그룹,loyalty,,0,,,,,none,
여자친구,K-pop 걸그룹,loyalty,,0,,,,,none,
여자친구,K-pop 걸그룹,loyalty,,0,,,,,none,
여자친구,K-pop 걸그룹,loyalty,,0,,,,,none,
여자친구,K-pop 걸그룹,loyalty,,0,,,,,none,
여자친구,K-pop 걸그룹,loyalty,,0,,,,,none,
여자친구,K-pop 걸그룹,loyalty,,0,,,,,none,
여자친구,K-pop 걸그룹,loyalty,,0,,,,,none,
여자친구,K-pop 걸그룹,loyalty,2019,1,,,,2019,text,
여자친구,K-pop 걸그룹,loyalty,2017,1,,,,2017,text,
여자친구,K-pop 걸그룹,loyalty,2019,1,,,,2019,text,
여자친구,K-pop 걸그룹,loyalty,2020,1,,,,2020,text,
여자친구,K-pop 걸그룹,loyalty,2018,1,,,,2018,text,
여자친구,K-pop 걸그룹,loyalty,2024,1,,,,2024,text,
여자친구,K-pop 걸그룹,loyalty,2025,1,,,,2025,text,
여자친구,K-pop 걸그룹,loyalty,,0,,,,,none,
여자친구,K-pop 걸그룹,spillover,2019,1,,,,2019,text,
여자친구,K-pop 걸그룹,spillover,,0,,,,,none,
여자친구,K-pop 걸그룹,spillover,2018,1,,,,2018,text,
여자친구,K-pop 걸그룹,spillover,2016,1,,,,2016,text,
여자친구,K-pop 걸그룹,spillover,2019,1,,,,2019,text,
여자친구,K-pop 걸그룹,spillover,2016,1,,,,2016,text,
여자친구,K-pop 걸그룹,spillover,2015|2020,2,,,,2020,text,
여자친구,K-pop 걸그룹,spillover,2025,1,,,,2025,text,
여자친구,K-pop 걸그룹,spillover,,0,,,,,none,
여자친구,K-pop 걸그룹,spillover,2018,1,2018-06-04,2018,,2018,text,0
여자친구,K-pop 걸그룹,spillover,2018,1,2018-10-22,2018,,2018,text,0
여자친구,K-pop 걸그룹,spillover,,0,,,,,none,
여자친구,K-pop 걸그룹,spillover,,0,,,,,none,
여자친구,K-pop 걸그룹,spillover,2010|2016,2,,,,2016,text,
여자친구,K-pop 걸그룹,spillover,2018|2019,2,,,,2019,text,
여자친구,K-pop 걸그룹,spillover,2019,1,,,,2019,text,
여자친구,K-pop 걸그룹,spillover,2025,1,2025-01-14,2025,,2025,text,0
여자친구,K-pop 걸그룹,spillover,,0,,,,,none,
여자친구,K-pop 걸그룹,spillover,,0,2025-09-29,2025,0,2025,relative,
여자친구,K-pop 걸그룹,spillover,2015|2021,2,,,,2021,text,
여자친구,K-pop 걸그룹,spillover,,0,,,,,none,
여자친구,K-pop 걸그룹,spillover,2015,1,,,,2015,text,
여자친구,K-pop 걸그룹,spillover,2015,1,,,,2015,text,
여자친구,K-pop 걸그룹,spillover,2016,1,,,,2016,text,
여자친구,K-pop 걸그룹,spillover,2015|2016|2017|2018|2019|2020,6,,,,2020,text,
여자친구,K-pop 걸그룹,spillover,,0,,,,,none,
여자친구,K-pop 걸그룹,spillover,,0,,,,,none,
여자친구,K-pop 걸그룹,spillover,2016,1,,,,2016,text,
여자친구,K-pop 걸그룹,spillover,2021,1,,,,2021,text,
여자친구,K-pop 걸그룹,spillover,2025,1,,,,2025,text,
여자친구,K-pop 걸그룹,spillover,,0,,,,,none,
여자친구,K-pop 걸그룹,spillover,2024,1,2024-09-24,2024,,2024,text,0
여자친구,K-pop 걸그룹,spillover,2015,1,,,,2015,text,
여자친구,K-pop 걸그룹,spillover,2015,1,,,,2015,text,
여자친구,K-pop 걸그룹,spillover,2016,1,,,,2016,text,
여자친구,K-pop 걸그룹,spillover,2016,1,,,,2016,text,
여자친구,K-pop 걸그룹,spillover,2016,1,,,,2016,text,
여자친구,K-pop 걸그룹,spillover,2019,1,,,,2019,text,
여자친구,K-pop 걸그룹,spillover,,0,,,,,none,
여자친구,K-pop 걸그룹,spillover,2021|2022,2,,,,2022,text,
여자친구,K-pop 걸그룹,spillover,2022,1,,,,2022,text,
여자친구,K-pop 걸그룹,spillover,2022|2026,2,,,,2026,text,
여자친구,K-pop 걸그룹,spillover,2022|2023|2025,3,,,,2025,text,
여자친구,K-pop 걸그룹,spillover,,0,,,,,none,
여자친구,K-pop 걸그룹,spillover,,0,,,,,none,
여자친구,K-pop 걸그룹,spillover,,0,,,,,none,
여자친구,K-pop 걸그룹,spillover,2015,1,,,,2015,text,
여자친구,K-pop 걸그룹,spillover,2025,1,,,,2025,text,
여자친구,K-pop 걸그룹,spillover,,0,2020-05,2020,,2020,url,
STAYC,K-pop 걸그룹,loyalty,,0,,,,,none,
STAYC,K-pop 걸그룹,loyalty,2020,1,,,,2020,text,
STAYC,K-pop 걸그룹,loyalty,,0,,,,,none,
STAYC,K-pop 걸그룹,loyalty,,0,,,,,none,
STAYC,K-pop 걸그룹,loyalty,,0,,,,,none,
STAYC,K-pop 걸그룹,loyalty,2020,1,,,,2020,text,
STAYC,K-pop 걸그룹,loyalty,2020,1,,,,2020,text,
STAYC,K-pop 걸그룹,loyalty,2021,1,,,,2021,text,
STAYC,K-pop 걸그룹,loyalty,2023,1,,,,2023,text,
STAYC,K-pop 걸그룹,loyalty,2023|2024|2025,3,,,,2025,text,
STAYC,K-pop 걸그룹,loyalty,2025,1,,,,2025,text,
STAYC,K-pop 걸그룹,loyalty,2021,1,,,,2021,text,
STAYC,K-pop 걸그룹,loyalty,2025,1,,,,2025,text,
STAYC,K-pop 걸그룹,loyalty,2026,1,,,,2026,text,
STAYC,K-pop 걸그룹,loyalty,2025,1,,,,2025,text,
STAYC,K-pop 걸그룹,loyalty,2025,1,,,,2025,text,
STAYC,K-pop 걸그룹,loyalty,,0,,,,,none,
STAYC,K-pop 걸그룹,loyalty,2025,1,2025-06-29,2025,,2025,text,0
STAYC,K-pop 걸그룹,loyalty,,0,2025-06-29,2025,,2025,url,
STAYC,K-pop 걸그룹,loyalty,2025,1,,,,2025,text,
STAYC,K-pop 걸그룹,loyalty,2026,1,,,,2026,text,
STAYC,K-pop 걸그룹,loyalty,2025,1,,,,2025,text,
STAYC,K-pop 걸그룹,loyalty,,0,,,,,none,
STAYC,K-pop 걸그룹,loyalty,,0,,,,,none,
STAYC,K-pop 걸그룹,loyalty,,0,,,,,none,
STAYC,K-pop 걸그룹,loyalty,,0,,,,,none,
STAYC,K-pop 걸그룹,loyalty,,0,,,,,none,
STAYC,K-pop 걸그룹,loyalty,,0,,,,,none,
STAYC,K-pop 걸그룹,loyalty,,0,,,,,none,
STAYC,K-pop 걸그룹,loyalty,,0,,,,,none,
STAYC,K-pop 걸그룹,loyalty,2025,1,,,,2025,text,
STAYC,K-pop 걸그룹,loyalty,,0,,,,,none,
STAYC,K-pop 걸그룹,loyalty,2022,1,2022-12-29,2022,,2022,text,0
STAYC,K-pop 걸그룹,loyalty,2026,1,,,,2026,text,
STAYC,K-pop 걸그룹,loyalty,2025,1,,,,2025,text,
STAYC,K-pop 걸그룹,loyalty,2025,1,,,,2025,text,
STAYC,K-pop 걸그룹,loyalty,2023|2024,2,,,,2024,text,
STAYC,K-pop 걸그룹,loyalty,2022,1,,,,2022,text,
STAYC,K-pop 걸그룹,loyalty,2023,1,,,,2023,text,
STAYC,K-pop 걸그룹,loyalty,2024,1,,,,2024,text,
STAYC,K-pop 걸그룹,loyalty,2024|2025,2,,,,2025,text,
STAYC,K-pop 걸그룹,loyalty,,0,,,,,none,
STAYC,K-pop 걸그룹,spillover,,0,,,,,none,
STAYC,K-pop 걸그룹,spillover,,0,,,,,none,
STAYC,K-pop 걸그룹,spillover,,0,,,,,none,
STAYC,K-pop 걸그룹,spillover,2022|2023,2,,,,2023,text,
STAYC,K-pop 걸그룹,spillover,2024,1,,,,2024,text,
STAYC,K-pop 걸그룹,spillover,2023,1,,,,2023,text,
STAYC,K-pop 걸그룹,spillover,2023,1,,,,2023,text,
STAYC,K-pop 걸그룹,spillover,,0,,,,,none,
STAYC,K-pop 걸그룹,spillover,2021,1,,,,2021,text,
STAYC,K-pop 걸그룹,spillover,2020,1,,,,2020,text,
STAYC,K-pop 걸그룹,spillover,2023|2024,2,,,,2024,text,
STAYC,K-pop 걸그룹,spillover,2024,1,,,,2024,text,
STAYC,K-pop 걸그룹,spillover,,0,,,,,none,
STAYC,K-pop 걸그룹,spillover,2021,1,2021-09-20,2021,,2021,text,0
STAYC,K-pop 걸그룹,spillover,2024,1,,,,2024,text,
STAYC,K-pop 걸그룹,spillover,2025,1,2025-09-22,2025,,2025,text,0
STAYC,K-pop 걸그룹,spillover,2023,1,,,,2023,text,
STAYC,K-pop 걸그룹,spillover,2023,1,,,,2023,text,
STAYC,K-pop 걸그룹,spillover,,0,,,,,none,
STAYC,K-pop 걸그룹,spillover,2024,1,,,,2024,text,
STAYC,K-pop 걸그룹,spillover,,0,2023-07-06,2023,,2023,url,
STAYC,K-pop 걸그룹,spillover,2024,1,,,,2024,text,
STAYC,K-pop 걸그룹,spillover,2025,1,,,,2025,text,
STAYC,K-pop 걸그룹,spillover,2026,1,,,,2026,text,
STAYC,K-pop 걸그룹,spillover,,0,,,,,none,
STAYC,K-pop 걸그룹,spillover,,0,,,,,none,
STAYC,K-pop 걸그룹,spillover,2023,1,,,,2023,text,
STAYC,K-pop 걸그룹,spillover,2023,1,,,,2023,text,
STAYC,K-pop 걸그룹,spillover,2021|2022,2,,,,2022,text,
STAYC,K-pop 걸그룹,spillover,,0,,,,,none,
STAYC,K-pop 걸그룹,spillover,2023,1,,,,2023,text,
STAYC,K-pop 걸그룹,spillover,2023|2026,2,,,,2026,text,
STAYC,K-pop 걸그룹,spillover,,0,,,,,none,
STAYC,K-pop 걸그룹,spillover,2022|2025,2,,,,2025,text,
STAYC,K-pop 걸그룹,spillover,2025|2026,2,,,,2026,text,
STAYC,K-pop 걸그룹,spillover,,0,,,,,none,
STAYC,K-pop 걸그룹,spillover,2024|2025,2,2024-10-30,2024,,2025,text,1
STAYC,K-pop 걸그룹,spillover,,0,,,,,none,
STAYC,K-pop 걸그룹,spillover,2023,1,,,,2023,text,
STAYC,K-pop 걸그룹,spillover,2021|2023,2,,,,2023,text,
STAYC,K-pop 걸그룹,spillover,2022,1,,,,2022,text,
STAYC,K-pop 걸그룹,spillover,2023,1,,,,2023,text,
STAYC,K-pop 걸그룹,spillover,2025,1,,,,2025,text,
STAYC,K-pop 걸그룹,spillover,2026,1,,,,2026,text,
STAYC,K-pop 걸그룹,spillover,2026,1,,,,2026,text,
STAYC,K-pop 걸그룹,spillover,,0,,,,,none,
STAYC,K-pop 걸그룹,spillover,,0,,,,,none,
STAYC,K-pop 걸그룹,spillover,2020,1,,,,2020,text,
STAYC,K-pop 걸그룹,spillover,2020,1,,,,2020,text,
STAYC,K-pop 걸그룹,spillover,2020|2021,2,,,,2021,text,
레드벨벳,K-pop 걸그룹,loyalty,,0,,,,,none,
레드벨벳,K-pop 걸그룹,loyalty,2022,1,,,,2022,text,
레드벨벳,K-pop 걸그룹,loyalty,2020,1,,,,2020,text,
레드벨벳,K-pop 걸그룹,loyalty,2024,1,,,,2024,text,
레드벨벳,K-pop 걸그룹,loyalty,2017,1,,,,2017,text,
레드벨벳,K-pop 걸그룹,loyalty,2018,1,,,,2018,text,
레드벨벳,K-pop 걸그룹,loyalty,2018,1,,,,2018,text,
레드벨벳,K-pop 걸그룹,loyalty,2024,1,,,,2024,text,
레드벨벳,K-pop 걸그룹,loyalty,,0,,,,,none,
레드벨벳,K-pop 걸그룹,loyalty,2024,1,,,,2024,text,
레드벨벳,K-pop 걸그룹,loyalty,2026,1,,,,2026,text,
레드벨벳,K-pop 걸그룹,loyalty,,0,,,,,none,
레드벨벳,K-pop 걸그룹,loyalty,2017|2020|2023,3,2023-05-03,2023,,2023,text,0
레드벨벳,K-pop 걸그룹,loyalty,,0,,,,,none,
레드벨벳,K-pop 걸그룹,loyalty,,0,,,,,none,
레드벨벳,K-pop 걸그룹,loyalty,,0,,,,,none,
레드벨벳,K-pop 걸그룹,loyalty,2025,1,,,,2025,text,
레드벨벳,K-pop 걸그룹,loyalty,2022,1,,,,2022,text,
레드벨벳,K-pop 걸그룹,loyalty,2021,1,,,,2021,text,
레드벨벳,K-pop 걸그룹,loyalty,2021,1,,,,2021,text,
레드벨벳,K-pop 걸그룹,loyalty,2026,1,,,,2026,text,
레드벨벳,K-pop 걸그룹,loyalty,,0,,,,,none,
레드벨벳,K-pop 걸그룹,loyalty,,0,,,,,none,
레드벨벳,K-pop 걸그룹,loyalty,,0,,,,,none,
레드벨벳,K-pop 걸그룹,loyalty,,0,,,,,none,
레드벨벳,K-pop 걸그룹,loyalty,2025,1,2025-02-05,2025,,2025,text,0
레드벨벳,K-pop 걸그룹,loyalty,,0,,,,,none,
레드벨벳,K-pop 걸그룹,loyalty,,0,,,,,none,
레드벨벳,K-pop 걸그룹,loyalty,,0,,,,,none,
레드벨벳,K-pop 걸그룹,loyalty,,0,,,,,none,
레드벨벳,K-pop 걸그룹,loyalty,,0,,,,,none,
레드벨벳,K-pop 걸그룹,loyalty,,0,,,,,none,
레드벨벳,K-pop 걸그룹,loyalty,,0,,,,,none,
레드벨벳,K-pop 걸그룹,loyalty,,0,,,,,none,
레드벨벳,K-pop 걸그룹,loyalty,,0,,,,,none,
레드벨벳,K-pop 걸그룹,loyalty,,0,,,,,none,
레드벨벳,K-pop 걸그룹,loyalty,,0,,,,,none,
레드벨벳,K-pop 걸그룹,loyalty,,0,,,,,none,
레드벨벳,K-pop 걸그룹,loyalty,,0,,,,,none,
레드벨벳,K-pop 걸그룹,loyalty,,0,,,,,none,
레드벨벳,K-pop 걸그룹,loyalty,,0,,,,,none,
레드벨벳,K-pop 걸그룹,loyalty,2023,1,,,,2023,text,
레드벨벳,K-pop 걸그룹,loyalty,,0,,,,,none,
레드벨벳,K-pop 걸그룹,loyalty,,0,,,,,none,
레드벨벳,K-pop 걸그룹,loyalty,2024,1,,,,2024,text,
레드벨벳,K-pop 걸그룹,loyalty,,0,,,,,none,
레드벨벳,K-pop 걸그룹,loyalty,2023,1,,,,2023,text,
레드벨벳,K-pop 걸그룹,loyalty,2016,1,,,,2016,text,
레드벨벳,K-pop 걸그룹,loyalty,,0,,,,,none,
레드벨벳,K-pop 걸그룹,loyalty,2018,1,2018-07-23,2018,,2018,text,0
레드벨벳,K-pop 걸그룹,loyalty,2026,1,2026-06-22,2026,,2026,text,0
레드벨벳,K-pop 걸그룹,loyalty,,0,,,,,none,
레드벨벳,K-pop 걸그룹,loyalty,,0,2022-03-28,2022,,2022,url,
레드벨벳,K-pop 걸그룹,spillover,2017,1,,,,2017,text,
레드벨벳,K-pop 걸그룹,spillover,2024,1,,,,2024,text,
레드벨벳,K-pop 걸그룹,spillover,2018,1,,,,2018,text,
레드벨벳,K-pop 걸그룹,spillover,,0,,,,,none,
레드벨벳,K-pop 걸그룹,spillover,2025,1,,,,2025,text,
레드벨벳,K-pop 걸그룹,spillover,2022,1,,,,2022,text,
레드벨벳,K-pop 걸그룹,spillover,2018|2020,2,,,,2020,text,
레드벨벳,K-pop 걸그룹,spillover,2026,1,,,,2026,text,
레드벨벳,K-pop 걸그룹,spillover,,0,,,,,none,
레드벨벳,K-pop 걸그룹,spillover,2023,1,,,,2023,text,
레드벨벳,K-pop 걸그룹,spillover,,0,,,,,none,
레드벨벳,K-pop 걸그룹,spillover,2022,1,2022-04,2022,,2022,text,0
레드벨벳,K-pop 걸그룹,spillover,2023,1,2023-11-27,2023,,2023,text,0
레드벨벳,K-pop 걸그룹,spillover,2025,1,2025-02-05,2025,,2025,text,0
레드벨벳,K-pop 걸그룹,spillover,,0,2021-08-23,2021,,2021,url,
레드벨벳,K-pop 걸그룹,spillover,,0,2020-10-28,2020,,2020,url,
레드벨벳,K-pop 걸그룹,spillover,2025,1,,,,2025,text,
레드벨벳,K-pop 걸그룹,spillover,,0,,,,,none,
레드벨벳,K-pop 걸그룹,spillover,2024,1,2024-08,2024,,2024,text,0
레드벨벳,K-pop 걸그룹,spillover,2015|2017|2022,3,,,,2022,text,
레드벨벳,K-pop 걸그룹,spillover,2015|2022,2,,,,2022,text,
레드벨벳,K-pop 걸그룹,spillover,2026,1,,,,2026,text,
레드벨벳,K-pop 걸그룹,spillover,,0,2025-08-06,2025,,2025,url,
레드벨벳,K-pop 걸그룹,spillover,2025,1,,,,2025,text,
레드벨벳,K-pop 걸그룹,spillover,,0,,,,,none,
레드벨벳,K-pop 걸그룹,spillover,2015|2016,2,,,,2016,text,
레드벨벳,K-pop 걸그룹,spillover,2015|2016,2,,,,2016,text,
레드벨벳,K-pop 걸그룹,spillover,2018,1,,,,2018,text,
레드벨벳,K-pop 걸그룹,spillover,2019,1,,,,2019,text,
레드벨벳,K-pop 걸그룹,spillover,,0,2025-03,2025,,2025,url,
레드벨벳,K-pop 걸그룹,spillover,2017|2026,2,,,,2026,text,
레드벨벳,K-pop 걸그룹,spillover,2023,1,,,,2023,text,
레드벨벳,K-pop 걸그룹,spillover,,0,,,,,none,
레드벨벳,K-pop 걸그룹,spillover,2025,1,,,,2025,text,
레드벨벳,K-pop 걸그룹,spillover,2016,1,,,,2016,text,
레드벨벳,K-pop 걸그룹,spillover,2003|2018,2,,,,2018,text,
레드벨벳,K-pop 걸그룹,spillover,2018,1,,,,2018,text,
레드벨벳,K-pop 걸그룹,spillover,,0,,,,,none,
레드벨벳,K-pop 걸그룹,spillover,2026,1,2026-03-30,2026,,2026,text,0
레드벨벳,K-pop 걸그룹,spillover,2026,1,,,,2026,text,
레드벨벳,K-pop 걸그룹,spillover,,0,,,,,none,
레드벨벳,K-pop 걸그룹,spillover,2026,1,,,,2026,text,
레드벨벳,K-pop 걸그룹,spillover,2021,1,,,,2021,text,
레드벨벳,K-pop 걸그룹,spillover,2023,1,2023-07-03,2023,,2023,text,0
레드벨벳,K-pop 걸그룹,spillover,2025,1,,,,2025,text,
레드벨벳,K-pop 걸그룹,spillover,,0,,,,,none,
레드벨벳,K-pop 걸그룹,spillover,2017,1,,,,2017,text,
레드벨벳,K-pop 걸그룹,spillover,2021,1,,,,2021,text,
레드벨벳,K-pop 걸그룹,spillover,2018,1,,,,2018,text,
레드벨벳,K-pop 걸그룹,spillover,2017,1,,,,2017,text,
레드벨벳,K-pop 걸그룹,spillover,2015,1,,,,2015,text,
레드벨벳,K-pop 걸그룹,spillover,2017,1,,,,2017,text,
레드벨벳,K-pop 걸그룹,spillover,2019,1,,,,2019,text,
레드벨벳,K-pop 걸그룹,spillover,2021,1,,,,2021,text,
레드벨벳,K-pop 걸그룹,spillover,2026,1,,,,2026,text,
레드벨벳,K-pop 걸그룹,spillover,,0,,,,,none,
레드벨벳,K-pop 걸그룹,spillover,2026,1,,,,2026,text,
레드벨벳,K-pop 걸그룹,spillover,,0,2018-07-23,2018,,2018,url,
레드벨벳,K-pop 걸그룹,spillover,2025,1,,,,2025,text,
레드벨벳,K-pop 걸그룹,spillover,2025,1,,,,2025,text,
레드벨벳,K-pop 걸그룹,spillover,,0,,,,,none,
레드벨벳,K-pop 걸그룹,spillover,,0,,,,,none,
레드벨벳,K-pop 걸그룹,spillover,2023,1,,,,2023,text,
레드벨벳,K-pop 걸그룹,spillover,2014,1,,,,2014,text,
레드벨벳,K-pop 걸그룹,spillover,,0,,,0,,none,
엔믹스,K-pop 걸그룹,loyalty,,0,,,,,none,
엔믹스,K-pop 걸그룹,loyalty,,0,,,,,none,
엔믹스,K-pop 걸그룹,loyalty,,0,,,,,none,
엔믹스,K-pop 걸그룹,loyalty,2021|2022,2,,,,2022,text,
엔믹스,K-pop 걸그룹,loyalty,2023,1,,,,2023,text,
엔믹스,K-pop 걸그룹,loyalty,2025,1,,,,2025,text,
엔믹스,K-pop 걸그룹,loyalty,,0,,,,,none,
엔믹스,K-pop 걸그룹,loyalty,2026,1,2026-07-13,2026,,2026,text,0
엔믹스,K-pop 걸그룹,loyalty,2025,1,,,,2025,text,
엔믹스,K-pop 걸그룹,loyalty,2025,1,,,,2025,text,
엔믹스,K-pop 걸그룹,loyalty,2025,1,2025-02-06,2025,,2025,text,0
엔믹스,K-pop 걸그룹,loyalty,,0,2024-12-24,2024,,2024,url,
엔믹스,K-pop 걸그룹,loyalty,2025,1,2024-12-11,2024,,2025,text,1
엔믹스,K-pop 걸그룹,loyalty,2025,1,,,,2025,text,
엔믹스,K-pop 걸그룹,loyalty,,0,,,,,none,
엔믹스,K-pop 걸그룹,loyalty,,0,,,,,none,
엔믹스,K-pop 걸그룹,loyalty,,0,2026-07-25,2026,,2026,url,
엔믹스,K-pop 걸그룹,loyalty,2023,1,,,,2023,text,
엔믹스,K-pop 걸그룹,loyalty,2025,1,,,,2025,text,
엔믹스,K-pop 걸그룹,loyalty,,0,,,,,none,
엔믹스,K-pop 걸그룹,loyalty,,0,,,,,none,
엔믹스,K-pop 걸그룹,loyalty,2025,1,,,,2025,text,
엔믹스,K-pop 걸그룹,loyalty,,0,,,,,none,
엔믹스,K-pop 걸그룹,loyalty,,0,,,,,none,
엔믹스,K-pop 걸그룹,loyalty,,0,,,,,none,
엔믹스,K-pop 걸그룹,loyalty,,0,,,,,none,
엔믹스,K-pop 걸그룹,loyalty,2025,1,2024-12-24,2024,,2025,text,1
엔믹스,K-pop 걸그룹,loyalty,,0,2022-07-17,2022,,2022,url,
엔믹스,K-pop 걸그룹,loyalty,,0,,,,,none,
엔믹스,K-pop 걸그룹,loyalty,,0,,,,,none,
엔믹스,K-pop 걸그룹,loyalty,,0,,,,,none,
엔믹스,K-pop 걸그룹,loyalty,,0,,,,,none,
엔믹스,K-pop 걸그룹,loyalty,,0,,,,,none,
엔믹스,K-pop 걸그룹,loyalty,,0,,,,,none,
엔믹스,K-pop 걸그룹,loyalty,,0,,,,,none,
엔믹스,K-pop 걸그룹,loyalty,,0,,,,,none,
엔믹스,K-pop 걸그룹,loyalty,,0,,,,,none,
엔믹스,K-pop 걸그룹,loyalty,,0,,,,,none,
엔믹스,K-pop 걸그룹,loyalty,,0,,,,,none,
엔믹스,K-pop 걸그룹,loyalty,,0,,,,,none,
엔믹스,K-pop 걸그룹,loyalty,,0,,,,,none,
엔믹스,K-pop 걸그룹,loyalty,2023,1,2023-12-13,2023,,2023,text,0
엔믹스,K-pop 걸그룹,loyalty,2023,1,,,,2023,text,
엔믹스,K-pop 걸그룹,loyalty,2025,1,2025-05-07,2025,,2025,text,0
엔믹스,K-pop 걸그룹,loyalty,,0,,,,,none,
엔믹스,K-pop 걸그룹,loyalty,2026,1,,,,2026,text,
엔믹스,K-pop 걸그룹,loyalty,2026,1,,,,2026,text,
엔믹스,K-pop 걸그룹,spillover,2022,1,,,,2022,text,
엔믹스,K-pop 걸그룹,spillover,2023,1,,,,2023,text,
엔믹스,K-pop 걸그룹,spillover,2025,1,,,,2025,text,
엔믹스,K-pop 걸그룹,spillover,,0,,,,,none,
엔믹스,K-pop 걸그룹,spillover,2022,1,,,,2022,text,
엔믹스,K-pop 걸그룹,spillover,2025,1,,,,2025,text,
엔믹스,K-pop 걸그룹,spillover,2026,1,,,,2026,text,
엔믹스,K-pop 걸그룹,spillover,2025,1,,,,2025,text,
엔믹스,K-pop 걸그룹,spillover,2022|2023,2,,,,2023,text,
엔믹스,K-pop 걸그룹,spillover,2025|2026,2,,,,2026,text,
엔믹스,K-pop 걸그룹,spillover,2025,1,,,,2025,text,
엔믹스,K-pop 걸그룹,spillover,2025,1,,,,2025,text,
엔믹스,K-pop 걸그룹,spillover,2025,1,,,,2025,text,
엔믹스,K-pop 걸그룹,spillover,,0,,,,,none,
엔믹스,K-pop 걸그룹,spillover,,0,,,,,none,
엔믹스,K-pop 걸그룹,spillover,2026,1,2026-02-25,2026,,2026,text,0
엔믹스,K-pop 걸그룹,spillover,,0,2025-02-25,2025,,2025,url,
엔믹스,K-pop 걸그룹,spillover,2025,1,2025-03,2025,,2025,text,0
엔믹스,K-pop 걸그룹,spillover,2026,1,,,,2026,text,
엔믹스,K-pop 걸그룹,spillover,2026,1,,,,2026,text,
엔믹스,K-pop 걸그룹,spillover,2026,1,,,,2026,text,
엔믹스,K-pop 걸그룹,spillover,2023|2025,2,,,,2025,text,
엔믹스,K-pop 걸그룹,spillover,,0,,,,,none,
엔믹스,K-pop 걸그룹,spillover,,0,2015-03-10,2015,,2015,url,
엔믹스,K-pop 걸그룹,spillover,,0,,,,,none,
엔믹스,K-pop 걸그룹,spillover,,0,,,,,none,
엔믹스,K-pop 걸그룹,spillover,,0,,,,,none,
엔믹스,K-pop 걸그룹,spillover,,0,,,,,none,
엔믹스,K-pop 걸그룹,spillover,2023|2025,2,,,,2025,text,
엔믹스,K-pop 걸그룹,spillover,,0,,,,,none,
엔믹스,K-pop 걸그룹,spillover,,0,,,,,none,
엔믹스,K-pop 걸그룹,spillover,,0,,,,,none,
엔믹스,K-pop 걸그룹,spillover,2025,1,,,,2025,text,
엔믹스,K-pop 걸그룹,spillover,,0,,,,,none,
엔믹스,K-pop 걸그룹,spillover,2022,1,,,,2022,text,
엔믹스,K-pop 걸그룹,spillover,,0,,,,,none,
엔믹스,K-pop 걸그룹,spillover,2026,1,,,,2026,text,
엔믹스,K-pop 걸그룹,spillover,2025,1,,,,2025,text,
엔믹스,K-pop 걸그룹,spillover,,0,,,,,none,
엔믹스,K-pop 걸그룹,spillover,2026,1,,,,2026,text,
엔믹스,K-pop 걸그룹,spillover,2026,1,,,,2026,text,
엔믹스,K-pop 걸그룹,spillover,2026,1,,,,2026,text,
엔믹스,K-pop 걸그룹,spillover,,0,,,,,none,
엔믹스,K-pop 걸그룹,spillover,2024,1,,,,2024,text,
엔믹스,K-pop 걸그룹,spillover,2024,1,,,,2024,text,
엔믹스,K-pop 걸그룹,spillover,,0,,,,,none,
엔믹스,K-pop 걸그룹,spillover,2025,1,,,,2025,text,
엔믹스,K-pop 걸그룹,spillover,2026,1,,,,2026,text,
엔믹스,K-pop 걸그룹,spillover,2023|2024,2,,,,2024,text,
엔믹스,K-pop 걸그룹,spillover,2024,1,,,,2024,text,
엔믹스,K-pop 걸그룹,spillover,2023|2024,2,,,,2024,text,
엔믹스,K-pop 걸그룹,spillover,2025,1,,,,2025,text,
엔믹스,K-pop 걸그룹,spillover,2025,1,,,,2025,text,
엔믹스,K-pop 걸그룹,spillover,2024,1,,,,2024,text,
엔믹스,K-pop 걸그룹,spillover,2023,1,,,,2023,text,
엔믹스,K-pop 걸그룹,spillover,2026,1,,,,2026,text,
엔믹스,K-pop 걸그룹,spillover,2025|2026,2,,,,2026,text,
엔믹스,K-pop 걸그룹,spillover,2025,1,,,,2025,text,
엔믹스,K-pop 걸그룹,spillover,2025,1,2025-05,2025,,2025,text,0
엔믹스,K-pop 걸그룹,spillover,2024|2025|2026,3,,,,2026,text,
엔믹스,K-pop 걸그룹,spillover,2021,1,,,,2021,text,
엔믹스,K-pop 걸그룹,spillover,2022,1,,,,2022,text,
엔믹스,K-pop 걸그룹,spillover,,0,,,,,none,
마마무,K-pop 걸그룹,loyalty,,0,,,,,none,
마마무,K-pop 걸그룹,loyalty,2016,1,,,,2016,text,
마마무,K-pop 걸그룹,loyalty,2018,1,,,,2018,text,
마마무,K-pop 걸그룹,loyalty,2020,1,,,,2020,text,
마마무,K-pop 걸그룹,loyalty,2020,1,,,,2020,text,
마마무,K-pop 걸그룹,loyalty,2015,1,,,,2015,text,
마마무,K-pop 걸그룹,loyalty,2016,1,,,,2016,text,
마마무,K-pop 걸그룹,loyalty,2018,1,,,,2018,text,
마마무,K-pop 걸그룹,loyalty,2020,1,,,,2020,text,
마마무,K-pop 걸그룹,loyalty,2021,1,,,,2021,text,
마마무,K-pop 걸그룹,loyalty,2015,1,,,,2015,text,
마마무,K-pop 걸그룹,loyalty,2016|2018,2,,,,2018,text,
마마무,K-pop 걸그룹,loyalty,2017,1,,,,2017,text,
마마무,K-pop 걸그룹,loyalty,2026,1,,,,2026,text,
마마무,K-pop 걸그룹,loyalty,2023,1,2023-11-19,2023,,2023,text,0
마마무,K-pop 걸그룹,loyalty,,0,,,,,none,
마마무,K-pop 걸그룹,loyalty,2026,1,,,,2026,text,
마마무,K-pop 걸그룹,loyalty,,0,,,,,none,
마마무,K-pop 걸그룹,loyalty,,0,2021-04-27,2021,,2021,url,
마마무,K-pop 걸그룹,loyalty,,0,,,,,none,
마마무,K-pop 걸그룹,loyalty,,0,,,,,none,
마마무,K-pop 걸그룹,loyalty,,0,,,,,none,
마마무,K-pop 걸그룹,loyalty,,0,2026-06-22,2026,,2026,url,
마마무,K-pop 걸그룹,loyalty,,0,,,,,none,
마마무,K-pop 걸그룹,loyalty,,0,2019-10-25,2019,,2019,url,
마마무,K-pop 걸그룹,loyalty,,0,,,,,none,
마마무,K-pop 걸그룹,loyalty,2026,1,2026-08-09,2026,,2026,text,0
마마무,K-pop 걸그룹,loyalty,,0,,,,,none,
마마무,K-pop 걸그룹,loyalty,2023,1,2023-02-16,2023,,2023,text,0
마마무,K-pop 걸그룹,loyalty,2018,1,,,,2018,text,
마마무,K-pop 걸그룹,loyalty,,0,,,,,none,
마마무,K-pop 걸그룹,loyalty,2023,1,,,,2023,text,
마마무,K-pop 걸그룹,loyalty,,0,,,,,none,
마마무,K-pop 걸그룹,loyalty,,0,,,,,none,
마마무,K-pop 걸그룹,loyalty,,0,,,,,none,
마마무,K-pop 걸그룹,spillover,2018,1,,,,2018,text,
마마무,K-pop 걸그룹,spillover,,0,,,,,none,
마마무,K-pop 걸그룹,spillover,,0,,,,,none,
마마무,K-pop 걸그룹,spillover,2017,1,,,,2017,text,
마마무,K-pop 걸그룹,spillover,2019|2020,2,,,,2020,text,
마마무,K-pop 걸그룹,spillover,,0,,,,,none,
마마무,K-pop 걸그룹,spillover,2020,1,,,,2020,text,
마마무,K-pop 걸그룹,spillover,,0,,,,,none,
마마무,K-pop 걸그룹,spillover,2022|2023,2,,,,2023,text,
마마무,K-pop 걸그룹,spillover,2026,1,2026-04,2026,,2026,text,0
마마무,K-pop 걸그룹,spillover,2025,1,2025-12,2025,,2025,text,0
마마무,K-pop 걸그룹,spillover,2023,1,,,,2023,text,
마마무,K-pop 걸그룹,spillover,2023,1,2021-06-11,2021,,2023,text,2
마마무,K-pop 걸그룹,spillover,,0,,,,,none,
마마무,K-pop 걸그룹,spillover,,0,,,,,none,
마마무,K-pop 걸그룹,spillover,2016|2018,2,,,,2018,text,
마마무,K-pop 걸그룹,spillover,,0,,,,,none,
마마무,K-pop 걸그룹,spillover,2019|2020,2,,,,2020,text,
마마무,K-pop 걸그룹,spillover,2020,1,,,,2020,text,
마마무,K-pop 걸그룹,spillover,,0,,,,,none,
마마무,K-pop 걸그룹,spillover,,0,,,,,none,
마마무,K-pop 걸그룹,spillover,,0,,,,,none,
마마무,K-pop 걸그룹,spillover,2016,1,,,,2016,text,
마마무,K-pop 걸그룹,spillover,2015,1,,,,2015,text,
마마무,K-pop 걸그룹,spillover,,0,,,,,none,
마마무,K-pop 걸그룹,spillover,,0,,,,,none,
마마무,K-pop 걸그룹,spillover,2016,1,,,,2016,text,
마마무,K-pop 걸그룹,spillover,,0,,,,,none,
마마무,K-pop 걸그룹,spillover,2021,1,,,,2021,text,
마마무,K-pop 걸그룹,spillover,2026,1,,,,2026,text,
마마무,K-pop 걸그룹,spillover,2023,1,,,,2023,text,
마마무,K-pop 걸그룹,spillover,2019,1,,,,2019,text,
마마무,K-pop 걸그룹,spillover,,0,,,,,none,
마마무,K-pop 걸그룹,spillover,2026,1,,,,2026,text,
마마무,K-pop 걸그룹,spillover,,0,,,,,none,
마마무,K-pop 걸그룹,spillover,,0,,,,,none,
마마무,K-pop 걸그룹,spillover,,0,,,,,none,
마마무,K-pop 걸그룹,spillover,2018,1,,,,2018,text,
마마무,K-pop 걸그룹,spillover,2016,1,,,,2016,text,
마마무,K-pop 걸그룹,spillover,2026,1,,,,2026,text,
마마무,K-pop 걸그룹,spillover,2026,1,,,,2026,text,
마마무,K-pop 걸그룹,spillover,2025,1,,,,2025,text,
마마무,K-pop 걸그룹,spillover,2016,1,,,,2016,text,
마마무,K-pop 걸그룹,spillover,2018,1,,,,2018,text,
마마무,K-pop 걸그룹,spillover,2016,1,,,,2016,text,
마마무,K-pop 걸그룹,spillover,2015|2016|2018,3,,,,2018,text,
마마무,K-pop 걸그룹,spillover,2016,1,,,,2016,text,
마마무,K-pop 걸그룹,spillover,2019,1,,,,2019,text,
마마무,K-pop 걸그룹,spillover,,0,,,,,none,
마마무,K-pop 걸그룹,spillover,2024|2025,2,,,,2025,text,
마마무,K-pop 걸그룹,spillover,,0,,,,,none,
마마무,K-pop 걸그룹,spillover,,0,2021-03-31,2021,,2021,url,
마마무,K-pop 걸그룹,spillover,2025,1,,,,2025,text,
마마무,K-pop 걸그룹,spillover,2026,1,,,,2026,text,
마마무,K-pop 걸그룹,spillover,,0,2026-07-09,2026,,2026,url,
마마무,K-pop 걸그룹,spillover,2014,1,,,,2014,text,
마마무,K-pop 걸그룹,spillover,2024,1,,,,2024,text,
마마무,K-pop 걸그룹,spillover,2014,1,,,,2014,text,
마마무,K-pop 걸그룹,spillover,2026,1,,,,2026,text,
아이오아이,K-pop 걸그룹,loyalty,2016|2021|2026,3,,,,2026,text,
아이오아이,K-pop 걸그룹,loyalty,2017|2026,2,,,,2026,text,
아이오아이,K-pop 걸그룹,loyalty,2026,1,2026-05-29,2026,,2026,text,0
아이오아이,K-pop 걸그룹,loyalty,2026,1,2026-07-06,2026,,2026,text,0
아이오아이,K-pop 걸그룹,loyalty,,0,2026-05-01,2026,,2026,url,
아이오아이,K-pop 걸그룹,loyalty,2016,1,,,,2016,text,
아이오아이,K-pop 걸그룹,loyalty,2016,1,,,,2016,text,
아이오아이,K-pop 걸그룹,loyalty,2026,1,,,,2026,text,
아이오아이,K-pop 걸그룹,loyalty,2017,1,,,,2017,text,
아이오아이,K-pop 걸그룹,loyalty,2026,1,,,,2026,text,
아이오아이,K-pop 걸그룹,loyalty,2021|2026,2,,,,2026,text,
아이오아이,K-pop 걸그룹,loyalty,2017|2019|2021,3,,,,2021,text,
아이오아이,K-pop 걸그룹,loyalty,2026,1,2026-05-31,2026,,2026,text,0
아이오아이,K-pop 걸그룹,loyalty,2026,1,,,,2026,text,
아이오아이,K-pop 걸그룹,loyalty,2026,1,,,,2026,text,
아이오아이,K-pop 걸그룹,loyalty,2026,1,,,,2026,text,
아이오아이,K-pop 걸그룹,loyalty,,0,2026-05-31,2026,,2026,url,
아이오아이,K-pop 걸그룹,loyalty,,0,2026-02-23,2026,,2026,url,
아이오아이,K-pop 걸그룹,loyalty,2016|2017,2,2026-02-23,2026,,2017,text,-9
아이오아이,K-pop 걸그룹,loyalty,,0,,,,,none,
아이오아이,K-pop 걸그룹,loyalty,,0,,,,,none,
아이오아이,K-pop 걸그룹,loyalty,2026,1,,,,2026,text,
아이오아이,K-pop 걸그룹,loyalty,,0,,,,,none,
아이오아이,K-pop 걸그룹,loyalty,2026,1,,,,2026,text,
아이오아이,K-pop 걸그룹,loyalty,,0,,,,,none,
아이오아이,K-pop 걸그룹,loyalty,2026,1,,,,2026,text,
아이오아이,K-pop 걸그룹,loyalty,,0,,,,,none,
아이오아이,K-pop 걸그룹,loyalty,,0,,,,,none,
아이오아이,K-pop 걸그룹,loyalty,,0,,,,,none,
아이오아이,K-pop 걸그룹,loyalty,2026,1,,,,2026,text,
아이오아이,K-pop 걸그룹,loyalty,2026,1,,,,2026,text,
아이오아이,K-pop 걸그룹,loyalty,,0,,,,,none,
아이오아이,K-pop 걸그룹,loyalty,,0,,,,,none,
아이오아이,K-pop 걸그룹,loyalty,,0,,,,,none,
아이오아이,K-pop 걸그룹,loyalty,,0,,,,,none,
아이오아이,K-pop 걸그룹,loyalty,,0,2021-03-31,2021,,2021,url,
아이오아이,K-pop 걸그룹,loyalty,2026,1,2026-02-23,2026,,2026,text,0
아이오아이,K-pop 걸그룹,loyalty,2026,1,,,,2026,text,
아이오아이,K-pop 걸그룹,loyalty,2026,1,,,,2026,text,
아이오아이,K-pop 걸그룹,loyalty,2026,1,,,,2026,text,
아이오아이,K-pop 걸그룹,loyalty,2026,1,,,,2026,text,
아이오아이,K-pop 걸그룹,loyalty,,0,,,,,none,
아이오아이,K-pop 걸그룹,loyalty,,0,,,,,none,
아이오아이,K-pop 걸그룹,loyalty,,0,,,0,,none,
아이오아이,K-pop 걸그룹,loyalty,2026,1,,,,2026,text,
아이오아이,K-pop 걸그룹,spillover,,0,,,,,none,
아이오아이,K-pop 걸그룹,spillover,2026,1,2026-05-01,2026,,2026,text,0
아이오아이,K-pop 걸그룹,spillover,,0,2026-05-01,2026,,2026,url,
아이오아이,K-pop 걸그룹,spillover,,0,,,,,none,
아이오아이,K-pop 걸그룹,spillover,2026,1,,,,2026,text,
아이오아이,K-pop 걸그룹,spillover,,0,,,,,none,
아이오아이,K-pop 걸그룹,spillover,2016,1,,,,2016,text,
아이오아이,K-pop 걸그룹,spillover,,0,,,,,none,
아이오아이,K-pop 걸그룹,spillover,2026,1,,,,2026,text,
아이오아이,K-pop 걸그룹,spillover,2026,1,2026-04-21,2026,,2026,text,0
아이오아이,K-pop 걸그룹,spillover,,0,,,,,none,
아이오아이,K-pop 걸그룹,spillover,2016|2026,2,,,,2026,text,
아이오아이,K-pop 걸그룹,spillover,,0,,,,,none,
아이오아이,K-pop 걸그룹,spillover,,0,,,,,none,
아이오아이,K-pop 걸그룹,spillover,2026,1,,,,2026,text,
아이오아이,K-pop 걸그룹,spillover,2016,1,,,,2016,text,
아이오아이,K-pop 걸그룹,spillover,,0,,,0,,none,
아이오아이,K-pop 걸그룹,spillover,,0,,,,,none,
아이오아이,K-pop 걸그룹,spillover,,0,2026-04-29,2026,,2026,url,
아이오아이,K-pop 걸그룹,spillover,,0,,,,,none,
아이오아이,K-pop 걸그룹,spillover,,0,,,,,none,
아이오아이,K-pop 걸그룹,spillover,,0,,,,,none,
아이오아이,K-pop 걸그룹,spillover,2026,1,,,,2026,text,
아이오아이,K-pop 걸그룹,spillover,2017,1,,,,2017,text,
아이오아이,K-pop 걸그룹,spillover,,0,,,,,none,
아이오아이,K-pop 걸그룹,spillover,2016,1,,,,2016,text,
아이오아이,K-pop 걸그룹,spillover,2026,1,2026-06-02,2026,,2026,text,0
아이오아이,K-pop 걸그룹,spillover,,0,,,,,none,
아이오아이,K-pop 걸그룹,spillover,2026,1,,,,2026,text,
아이오아이,K-pop 걸그룹,spillover,2016,1,,,,2016,text,
아이오아이,K-pop 걸그룹,spillover,2026,1,,,,2026,text,
아이오아이,K-pop 걸그룹,spillover,2016,1,,,,2016,text,
아이오아이,K-pop 걸그룹,spillover,2016,1,,,,2016,text,
아이오아이,K-pop 걸그룹,spillover,2016,1,,,,2016,text,
아이오아이,K-pop 걸그룹,spillover,2016,1,,,,2016,text,
아이오아이,K-pop 걸그룹,spillover,2016,1,,,,2016,text,
아이오아이,K-pop 걸그룹,spillover,2016,1,,,,2016,text,
아이오아이,K-pop 걸그룹,spillover,2016,1,,,,2016,text,
아이오아이,K-pop 걸그룹,spillover,,0,,,,,none,
아이오아이,K-pop 걸그룹,spillover,2023,1,,,,2023,text,
아이오아이,K-pop 걸그룹,spillover,2024,1,,,,2024,text,
아이오아이,K-pop 걸그룹,spillover,2021,1,,,,2021,text,
아이오아이,K-pop 걸그룹,spillover,2025,1,2025-12-16,2025,,2025,text,0
아이오아이,K-pop 걸그룹,spillover,,0,,,,,none,
아이오아이,K-pop 걸그룹,spillover,,0,,,,,none,
아이오아이,K-pop 걸그룹,spillover,2025,1,2025-06,2025,,2025,text,0
아이오아이,K-pop 걸그룹,spillover,2026,1,,,,2026,text,
아이오아이,K-pop 걸그룹,spillover,,0,,,,,none,
아이오아이,K-pop 걸그룹,spillover,2026,1,,,,2026,text,
아이오아이,K-pop 걸그룹,spillover,2021,1,2021-04,2021,,2021,text,0
Hearts2Hearts,K-pop 걸그룹,loyalty,2024|2025,2,,,,2025,text,
Hearts2Hearts,K-pop 걸그룹,loyalty,,0,,,,,none,
Hearts2Hearts,K-pop 걸그룹,loyalty,2026,1,2026-02-23,2026,,2026,text,0
Hearts2Hearts,K-pop 걸그룹,loyalty,2026,1,,,,2026,text,
Hearts2Hearts,K-pop 걸그룹,loyalty,2026,1,,,,2026,text,
Hearts2Hearts,K-pop 걸그룹,loyalty,2026,1,,,,2026,text,
Hearts2Hearts,K-pop 걸그룹,loyalty,2026,1,,,,2026,text,
Hearts2Hearts,K-pop 걸그룹,loyalty,2026,1,,,,2026,text,
Hearts2Hearts,K-pop 걸그룹,loyalty,2026,1,,,,2026,text,
Hearts2Hearts,K-pop 걸그룹,loyalty,2026,1,,,,2026,text,
Hearts2Hearts,K-pop 걸그룹,loyalty,2025,1,,,,2025,text,
Hearts2Hearts,K-pop 걸그룹,loyalty,2026,1,2026-02,2026,,2026,text,0
Hearts2Hearts,K-pop 걸그룹,loyalty,2026,1,,,,2026,text,
Hearts2Hearts,K-pop 걸그룹,loyalty,,0,,,,,none,
Hearts2Hearts,K-pop 걸그룹,loyalty,,0,,,,,none,
Hearts2Hearts,K-pop 걸그룹,loyalty,,0,,,,,none,
Hearts2Hearts,K-pop 걸그룹,loyalty,2026,1,,,,2026,text,
Hearts2Hearts,K-pop 걸그룹,loyalty,,0,,,,,none,
Hearts2Hearts,K-pop 걸그룹,loyalty,2026,1,,,,2026,text,
Hearts2Hearts,K-pop 걸그룹,loyalty,2026,1,,,,2026,text,
Hearts2Hearts,K-pop 걸그룹,loyalty,,0,,,,,none,
Hearts2Hearts,K-pop 걸그룹,loyalty,2025,1,2025-01-13,2025,,2025,text,0
Hearts2Hearts,K-pop 걸그룹,loyalty,2026,1,,,,2026,text,
Hearts2Hearts,K-pop 걸그룹,loyalty,2025,1,,,,2025,text,
Hearts2Hearts,K-pop 걸그룹,loyalty,,0,,,,,none,
Hearts2Hearts,K-pop 걸그룹,loyalty,2026,1,,,,2026,text,
Hearts2Hearts,K-pop 걸그룹,loyalty,2025,1,,,,2025,text,
Hearts2Hearts,K-pop 걸그룹,spillover,2025,1,2025-06,2025,,2025,text,0
Hearts2Hearts,K-pop 걸그룹,spillover,,0,,,,,none,
Hearts2Hearts,K-pop 걸그룹,spillover,2026,1,2026-08-19,2026,,2026,text,0
Hearts2Hearts,K-pop 걸그룹,spillover,2020,1,,,,2020,text,
Hearts2Hearts,K-pop 걸그룹,spillover,,0,,,,,none,
Hearts2Hearts,K-pop 걸그룹,spillover,2025,1,,,,2025,text,
Hearts2Hearts,K-pop 걸그룹,spillover,2025,1,,,,2025,text,
Hearts2Hearts,K-pop 걸그룹,spillover,2025|2026,2,,,,2026,text,
Hearts2Hearts,K-pop 걸그룹,spillover,2025,1,,,,2025,text,
Hearts2Hearts,K-pop 걸그룹,spillover,2026,1,,,,2026,text,
Hearts2Hearts,K-pop 걸그룹,spillover,,0,,,,,none,
Hearts2Hearts,K-pop 걸그룹,spillover,,0,,,,,none,
Hearts2Hearts,K-pop 걸그룹,spillover,2025,1,,,,2025,text,
Hearts2Hearts,K-pop 걸그룹,spillover,2025,1,2025-06-17,2025,,2025,text,0
Hearts2Hearts,K-pop 걸그룹,spillover,2025|2026,2,2026-03,2026,,2026,text,0
Hearts2Hearts,K-pop 걸그룹,spillover,2025,1,,,,2025,text,
Hearts2Hearts,K-pop 걸그룹,spillover,2026,1,,,0,2026,text,
Hearts2Hearts,K-pop 걸그룹,spillover,2025,1,2025-12-01,2025,,2025,text,0
Hearts2Hearts,K-pop 걸그룹,spillover,2025,1,2025-11,2025,,2025,text,0
Hearts2Hearts,K-pop 걸그룹,spillover,,0,,,,,none,
Hearts2Hearts,K-pop 걸그룹,spillover,,0,,,,,none,
Hearts2Hearts,K-pop 걸그룹,spillover,2025|2026,2,,,,2026,text,
Hearts2Hearts,K-pop 걸그룹,spillover,,0,,,,,none,
Hearts2Hearts,K-pop 걸그룹,spillover,2025|2026,2,,,,2026,text,
Hearts2Hearts,K-pop 걸그룹,spillover,,0,,,,,none,
Hearts2Hearts,K-pop 걸그룹,spillover,,0,,,,,none,
Hearts2Hearts,K-pop 걸그룹,spillover,2026,1,,,,2026,text,
Hearts2Hearts,K-pop 걸그룹,spillover,,0,,,,,none,
Hearts2Hearts,K-pop 걸그룹,spillover,2025,1,,,,2025,text,
Hearts2Hearts,K-pop 걸그룹,spillover,2026,1,,,,2026,text,
Hearts2Hearts,K-pop 걸그룹,spillover,,0,,,,,none,
Hearts2Hearts,K-pop 걸그룹,spillover,,0,,,,,none,
Hearts2Hearts,K-pop 걸그룹,spillover,2025,1,,,,2025,text,
Hearts2Hearts,K-pop 걸그룹,spillover,,0,,,,,none,
Hearts2Hearts,K-pop 걸그룹,spillover,2026,1,,,,2026,text,
Hearts2Hearts,K-pop 걸그룹,spillover,2026,1,,,,2026,text,
Hearts2Hearts,K-pop 걸그룹,spillover,2025|2026,2,,,,2026,text,
Hearts2Hearts,K-pop 걸그룹,spillover,2025,1,,,,2025,text,
Hearts2Hearts,K-pop 걸그룹,spillover,2026,1,,,,2026,text,
Hearts2Hearts,K-pop 걸그룹,spillover,2026,1,,,,2026,text,
Hearts2Hearts,K-pop 걸그룹,spillover,,0,,,,,none,
Hearts2Hearts,K-pop 걸그룹,spillover,2026,1,,,,2026,text,
Hearts2Hearts,K-pop 걸그룹,spillover,2025,1,2025-03-08,2025,,2025,text,0
Hearts2Hearts,K-pop 걸그룹,spillover,2026,1,,,,2026,text,
Hearts2Hearts,K-pop 걸그룹,spillover,2026,1,,,,2026,text,
Hearts2Hearts,K-pop 걸그룹,spillover,2026,1,,,,2026,text,
Hearts2Hearts,K-pop 걸그룹,spillover,2025,1,2025-08-11,2025,,2025,text,0
Hearts2Hearts,K-pop 걸그룹,spillover,2025,1,,,,2025,text,
Hearts2Hearts,K-pop 걸그룹,spillover,2025,1,,,,2025,text,
Hearts2Hearts,K-pop 걸그룹,spillover,2025,1,2025-06-17,2025,,2025,text,0
Hearts2Hearts,K-pop 걸그룹,spillover,2026,1,,,,2026,text,
Hearts2Hearts,K-pop 걸그룹,spillover,2025,1,,,,2025,text,
Hearts2Hearts,K-pop 걸그룹,spillover,2025,1,,,,2025,text,
Hearts2Hearts,K-pop 걸그룹,spillover,2025|2026,2,,,,2026,text,
Hearts2Hearts,K-pop 걸그룹,spillover,2026,1,,,,2026,text,
Hearts2Hearts,K-pop 걸그룹,spillover,2026,1,,,,2026,text,
Hearts2Hearts,K-pop 걸그룹,spillover,2025,1,,,,2025,text,
Hearts2Hearts,K-pop 걸그룹,spillover,2025,1,,,,2025,text,
Hearts2Hearts,K-pop 걸그룹,spillover,2026,1,,,,2026,text,
Hearts2Hearts,K-pop 걸그룹,spillover,2026,1,,,,2026,text,
Hearts2Hearts,K-pop 걸그룹,spillover,2025,1,2025-06-10,2025,,2025,text,0
Hearts2Hearts,K-pop 걸그룹,spillover,2025|2026,2,,,,2026,text,
Hearts2Hearts,K-pop 걸그룹,spillover,2025,1,2025-06-10,2025,,2025,text,0
Hearts2Hearts,K-pop 걸그룹,spillover,2026,1,,,,2026,text,
Hearts2Hearts,K-pop 걸그룹,spillover,,0,,,,,none,
Hearts2Hearts,K-pop 걸그룹,spillover,,0,,,,,none,
Hearts2Hearts,K-pop 걸그룹,spillover,2006,1,,,,2006,text,
Hearts2Hearts,K-pop 걸그룹,spillover,2026,1,,,,2026,text,
Hearts2Hearts,K-pop 걸그룹,spillover,,0,,,,,none,
Hearts2Hearts,K-pop 걸그룹,spillover,,0,,,,,none,
Hearts2Hearts,K-pop 걸그룹,spillover,,0,,,,,none,
Hearts2Hearts,K-pop 걸그룹,spillover,2026,1,,,,2026,text,
Hearts2Hearts,K-pop 걸그룹,spillover,2026,1,,,,2026,text,
Hearts2Hearts,K-pop 걸그룹,spillover,2025,1,,,,2025,text,
Hearts2Hearts,K-pop 걸그룹,spillover,,0,,,,,none,
워너원,K-pop 보이그룹,loyalty,2017|2019,2,,,,2019,text,
워너원,K-pop 보이그룹,loyalty,,0,,,,,none,
워너원,K-pop 보이그룹,loyalty,,0,,,,,none,
워너원,K-pop 보이그룹,loyalty,2026,1,2026-02,2026,,2026,text,0
워너원,K-pop 보이그룹,loyalty,,0,,,,,none,
워너원,K-pop 보이그룹,loyalty,,0,,,,,none,
워너원,K-pop 보이그룹,loyalty,,0,,,,,none,
워너원,K-pop 보이그룹,loyalty,2017|2018|2019,3,,,,2019,text,
워너원,K-pop 보이그룹,loyalty,2021,1,,,,2021,text,
워너원,K-pop 보이그룹,loyalty,2022,1,,,,2022,text,
워너원,K-pop 보이그룹,loyalty,,0,,,,,none,
워너원,K-pop 보이그룹,loyalty,,0,,,,,none,
워너원,K-pop 보이그룹,loyalty,2019,1,,,,2019,text,
워너원,K-pop 보이그룹,loyalty,,0,,,,,none,
워너원,K-pop 보이그룹,loyalty,,0,,,,,none,
워너원,K-pop 보이그룹,loyalty,,0,,,,,none,
워너원,K-pop 보이그룹,loyalty,,0,,,,,none,
워너원,K-pop 보이그룹,loyalty,2018,1,,,,2018,text,
워너원,K-pop 보이그룹,loyalty,,0,,,,,none,
워너원,K-pop 보이그룹,loyalty,2018,1,,,,2018,text,
워너원,K-pop 보이그룹,loyalty,2018,1,,,,2018,text,
워너원,K-pop 보이그룹,loyalty,,0,,,,,none,
워너원,K-pop 보이그룹,loyalty,,0,,,,,none,
워너원,K-pop 보이그룹,loyalty,,0,,,,,none,
워너원,K-pop 보이그룹,loyalty,,0,,,,,none,
워너원,K-pop 보이그룹,loyalty,,0,,,,,none,
워너원,K-pop 보이그룹,loyalty,,0,,,,,none,
워너원,K-pop 보이그룹,loyalty,,0,,,,,none,
워너원,K-pop 보이그룹,loyalty,,0,,,,,none,
워너원,K-pop 보이그룹,loyalty,,0,,,,,none,
워너원,K-pop 보이그룹,loyalty,,0,,,,,none,
워너원,K-pop 보이그룹,loyalty,,0,,,,,none,
워너원,K-pop 보이그룹,loyalty,,0,,,,,none,
워너원,K-pop 보이그룹,loyalty,,0,,,,,none,
워너원,K-pop 보이그룹,loyalty,,0,,,,,none,
워너원,K-pop 보이그룹,loyalty,,0,,,,,none,
워너원,K-pop 보이그룹,loyalty,,0,,,,,none,
워너원,K-pop 보이그룹,loyalty,,0,,,,,none,
워너원,K-pop 보이그룹,loyalty,,0,,,,,none,
워너원,K-pop 보이그룹,loyalty,,0,,,,,none,
워너원,K-pop 보이그룹,loyalty,2018,1,,,,2018,text,
워너원,K-pop 보이그룹,loyalty,,0,2018-09-03,2018,,2018,url,
워너원,K-pop 보이그룹,loyalty,2017|2026,2,,,,2026,text,
워너원,K-pop 보이그룹,loyalty,,0,,,,,none,
워너원,K-pop 보이그룹,loyalty,2025,1,,,,2025,text,
워너원,K-pop 보이그룹,loyalty,,0,,,,,none,
워너원,K-pop 보이그룹,loyalty,2021,1,,,,2021,text,
워너원,K-pop 보이그룹,loyalty,2017,1,,,,2017,text,
워너원,K-pop 보이그룹,spillover,,0,,,,,none,
워너원,K-pop 보이그룹,spillover,,0,,,,,none,
워너원,K-pop 보이그룹,spillover,,0,,,,,none,
워너원,K-pop 보이그룹,spillover,,0,,,,,none,
워너원,K-pop 보이그룹,spillover,,0,,,,,none,
워너원,K-pop 보이그룹,spillover,2017,1,,,,2017,text,
워너원,K-pop 보이그룹,spillover,2018,1,,,,2018,text,
워너원,K-pop 보이그룹,spillover,2017,1,,,,2017,text,
워너원,K-pop 보이그룹,spillover,2017,1,,,,2017,text,
워너원,K-pop 보이그룹,spillover,2018,1,,,,2018,text,
워너원,K-pop 보이그룹,spillover,2018,1,,,,2018,text,
워너원,K-pop 보이그룹,spillover,2026,1,2026-04-29,2026,,2026,text,0
워너원,K-pop 보이그룹,spillover,2019|2026,2,2026-06,2026,,2026,text,0
워너원,K-pop 보이그룹,spillover,2018,1,2018-06-04,2018,,2018,text,0
워너원,K-pop 보이그룹,spillover,,0,2017-10-09,2017,,2017,url,
워너원,K-pop 보이그룹,spillover,,0,2017-11-27,2017,,2017,url,
워너원,K-pop 보이그룹,spillover,,0,2018-04-09,2018,,2018,url,
워너원,K-pop 보이그룹,spillover,,0,2018-07-09,2018,,2018,url,
워너원,K-pop 보이그룹,spillover,,0,2018-12-24,2018,,2018,url,
워너원,K-pop 보이그룹,spillover,,0,,,,,none,
워너원,K-pop 보이그룹,spillover,,0,,,,,none,
워너원,K-pop 보이그룹,spillover,,0,,,,,none,
워너원,K-pop 보이그룹,spillover,2017,1,,,,2017,text,
워너원,K-pop 보이그룹,spillover,2018,1,,,,2018,text,
워너원,K-pop 보이그룹,spillover,2018,1,,,,2018,text,
워너원,K-pop 보이그룹,spillover,2018,1,,,,2018,text,
워너원,K-pop 보이그룹,spillover,,0,,,,,none,
워너원,K-pop 보이그룹,spillover,,0,,,,,none,
워너원,K-pop 보이그룹,spillover,2021,1,,,,2021,text,
워너원,K-pop 보이그룹,spillover,,0,2019-01-28,2019,,2019,url,
워너원,K-pop 보이그룹,spillover,,0,,,,,none,
워너원,K-pop 보이그룹,spillover,2019,1,,,,2019,text,
워너원,K-pop 보이그룹,spillover,,0,,,,,none,
워너원,K-pop 보이그룹,spillover,,0,,,,,none,
워너원,K-pop 보이그룹,spillover,,0,,,,,none,
워너원,K-pop 보이그룹,spillover,,0,2026-04-22,2026,,2026,url,
워너원,K-pop 보이그룹,spillover,,0,2026-04-29,2026,,2026,url,
워너원,K-pop 보이그룹,spillover,,0,,,,,none,
워너원,K-pop 보이그룹,spillover,2021|2022,2,,,,2022,text,
워너원,K-pop 보이그룹,spillover,2022,1,,,,2022,text,
워너원,K-pop 보이그룹,spillover,2017,1,,,,2017,text,
워너원,K-pop 보이그룹,spillover,2017|2026,2,,,,2026,text,
워너원,K-pop 보이그룹,spillover,,0,,,,,none,
워너원,K-pop 보이그룹,spillover,,0,,,,,none,
워너원,K-pop 보이그룹,spillover,2020|2021,2,,,,2021,text,
워너원,K-pop 보이그룹,spillover,,0,,,,,none,
워너원,K-pop 보이그룹,spillover,2017,1,2017-08-17,2017,,2017,text,0
워너원,K-pop 보이그룹,spillover,2026,1,,,,2026,text,
워너원,K-pop 보이그룹,spillover,,0,,,,,none,
워너원,K-pop 보이그룹,spillover,2017,1,,,,2017,text,
워너원,K-pop 보이그룹,spillover,2018,1,,,,2018,text,
워너원,K-pop 보이그룹,spillover,2017,1,,,,2017,text,
워너원,K-pop 보이그룹,spillover,2018,1,2018-06-20,2018,,2018,text,0
워너원,K-pop 보이그룹,spillover,2017,1,,,,2017,text,
워너원,K-pop 보이그룹,spillover,2017,1,,,,2017,text,
워너원,K-pop 보이그룹,spillover,2018,1,,,,2018,text,
워너원,K-pop 보이그룹,spillover,2017,1,,,,2017,text,
워너원,K-pop 보이그룹,spillover,2018,1,,,,2018,text,
워너원,K-pop 보이그룹,spillover,2019|2026,2,,,,2026,text,
워너원,K-pop 보이그룹,spillover,2025,1,,,,2025,text,
워너원,K-pop 보이그룹,spillover,2025,1,,,,2025,text,
워너원,K-pop 보이그룹,spillover,2024,1,,,,2024,text,
워너원,K-pop 보이그룹,spillover,2022|2026,2,,,,2026,text,
워너원,K-pop 보이그룹,spillover,2026,1,,,,2026,text,
워너원,K-pop 보이그룹,spillover,2024|2025,2,,,,2025,text,
워너원,K-pop 보이그룹,spillover,2017|2019|2021|2026,4,,,0,2026,text,
워너원,K-pop 보이그룹,spillover,2018,1,,,,2018,text,
워너원,K-pop 보이그룹,spillover,2017,1,,,,2017,text,
워너원,K-pop 보이그룹,spillover,2017,1,,,,2017,text,
워너원,K-pop 보이그룹,spillover,2018,1,,,,2018,text,
워너원,K-pop 보이그룹,spillover,,0,,,,,none,
워너원,K-pop 보이그룹,spillover,,0,,,,,none,
워너원,K-pop 보이그룹,spillover,,0,2026-08-16,2026,,2026,url,
워너원,K-pop 보이그룹,spillover,2018,1,,,,2018,text,
워너원,K-pop 보이그룹,spillover,2018,1,2018-12,2018,1,2018,text,0
아일릿,K-pop 걸그룹,loyalty,2024,1,,,,2024,text,
아일릿,K-pop 걸그룹,loyalty,2024,1,2024-04-03,2024,,2024,text,0
아일릿,K-pop 걸그룹,loyalty,2024,1,,,,2024,text,
아일릿,K-pop 걸그룹,loyalty,,0,,,,,none,
아일릿,K-pop 걸그룹,loyalty,2024,1,2024-03-29,2024,,2024,text,0
아일릿,K-pop 걸그룹,loyalty,,0,,,,,none,
아일릿,K-pop 걸그룹,loyalty,,0,,,,,none,
아일릿,K-pop 걸그룹,loyalty,2024,1,,,,2024,text,
아일릿,K-pop 걸그룹,loyalty,2023,1,,,,2023,text,
아일릿,K-pop 걸그룹,loyalty,2024,1,,,,2024,text,
아일릿,K-pop 걸그룹,loyalty,2025,1,,,,2025,text,
아일릿,K-pop 걸그룹,loyalty,2025,1,2025-07-08,2025,,2025,text,0
아일릿,K-pop 걸그룹,loyalty,,0,,,,,none,
아일릿,K-pop 걸그룹,loyalty,2026,1,,,,2026,text,
아일릿,K-pop 걸그룹,loyalty,2025|2026,2,,,,2026,text,
아일릿,K-pop 걸그룹,loyalty,2025|2026,2,,,,2026,text,
아일릿,K-pop 걸그룹,loyalty,,0,,,,,none,
아일릿,K-pop 걸그룹,loyalty,,0,,,,,none,
아일릿,K-pop 걸그룹,loyalty,,0,,,,,none,
아일릿,K-pop 걸그룹,loyalty,,0,,,,,none,
아일릿,K-pop 걸그룹,loyalty,2025,1,,,,2025,text,
아일릿,K-pop 걸그룹,loyalty,,0,,,,,none,
아일릿,K-pop 걸그룹,loyalty,,0,,,,,none,
아일릿,K-pop 걸그룹,loyalty,,0,,,,,none,
아일릿,K-pop 걸그룹,loyalty,,0,2025-10-20,2025,,2025,url,
아일릿,K-pop 걸그룹,loyalty,,0,,,,,none,
아일릿,K-pop 걸그룹,loyalty,2026,1,,,,2026,text,
아일릿,K-pop 걸그룹,loyalty,,0,,,,,none,
아일릿,K-pop 걸그룹,loyalty,,0,,,,,none,
아일릿,K-pop 걸그룹,loyalty,2026,1,,,,2026,text,
아일릿,K-pop 걸그룹,loyalty,2024,1,,,,2024,text,
아일릿,K-pop 걸그룹,spillover,2025|2026,2,,,,2026,text,
아일릿,K-pop 걸그룹,spillover,2026,1,,,,2026,text,
아일릿,K-pop 걸그룹,spillover,2026,1,,,,2026,text,
아일릿,K-pop 걸그룹,spillover,,0,,,,,none,
아일릿,K-pop 걸그룹,spillover,2024,1,,,,2024,text,
아일릿,K-pop 걸그룹,spillover,,0,,,,,none,
아일릿,K-pop 걸그룹,spillover,2024,1,,,0,2024,text,
아일릿,K-pop 걸그룹,spillover,2024,1,,,,2024,text,
아일릿,K-pop 걸그룹,spillover,,0,,,,,none,
아일릿,K-pop 걸그룹,spillover,,0,,,,,none,
아일릿,K-pop 걸그룹,spillover,2024,1,,,,2024,text,
아일릿,K-pop 걸그룹,spillover,2024,1,,,,2024,text,
아일릿,K-pop 걸그룹,spillover,2025,1,,,,2025,text,
아일릿,K-pop 걸그룹,spillover,2024,1,,,,2024,text,
아일릿,K-pop 걸그룹,spillover,,0,,,,,none,
아일릿,K-pop 걸그룹,spillover,,0,,,,,none,
아일릿,K-pop 걸그룹,spillover,,0,,,,,none,
아일릿,K-pop 걸그룹,spillover,2024,1,,,,2024,text,
아일릿,K-pop 걸그룹,spillover,2025,1,2025-12-05,2025,,2025,text,0
아일릿,K-pop 걸그룹,spillover,2026,1,,,,2026,text,
아일릿,K-pop 걸그룹,spillover,2025,1,,,,2025,text,
아일릿,K-pop 걸그룹,spillover,,0,,,0,,none,
아일릿,K-pop 걸그룹,spillover,2024,1,,,,2024,text,
아일릿,K-pop 걸그룹,spillover,,0,,,,,none,
아일릿,K-pop 걸그룹,spillover,,0,,,,,none,
아일릿,K-pop 걸그룹,spillover,,0,,,,,none,
아일릿,K-pop 걸그룹,spillover,2025,1,,,,2025,text,
아일릿,K-pop 걸그룹,spillover,2024,1,,,,2024,text,
아일릿,K-pop 걸그룹,spillover,,0,,,,,none,
아일릿,K-pop 걸그룹,spillover,,0,,,,,none,
아일릿,K-pop 걸그룹,spillover,,0,2025-09,2025,,2025,url,
아일릿,K-pop 걸그룹,spillover,,0,,,,,none,
아일릿,K-pop 걸그룹,spillover,,0,,,,,none,
아일릿,K-pop 걸그룹,spillover,2025,1,,,,2025,text,
아일릿,K-pop 걸그룹,spillover,,0,,,,,none,
아일릿,K-pop 걸그룹,spillover,,0,2026-05-13,2026,,2026,url,
아일릿,K-pop 걸그룹,spillover,,0,,,,,none,
아일릿,K-pop 걸그룹,spillover,,0,,,,,none,
아일릿,K-pop 걸그룹,spillover,,0,,,,,none,
아일릿,K-pop 걸그룹,spillover,,0,,,,,none,
아일릿,K-pop 걸그룹,spillover,,0,,,,,none,
아일릿,K-pop 걸그룹,spillover,,0,,,,,none,
아일릿,K-pop 걸그룹,spillover,,0,,,,,none,
아일릿,K-pop 걸그룹,spillover,,0,,,,,none,
아일릿,K-pop 걸그룹,spillover,,0,,,,,none,
아일릿,K-pop 걸그룹,spillover,,0,,,,,none,
아일릿,K-pop 걸그룹,spillover,,0,,,,,none,
아일릿,K-pop 걸그룹,spillover,2026,1,,,,2026,text,
아일릿,K-pop 걸그룹,spillover,,0,,,,,none,
아일릿,K-pop 걸그룹,spillover,,0,,,,,none,
아일릿,K-pop 걸그룹,spillover,2025,1,,,,2025,text,
아일릿,K-pop 걸그룹,spillover,2026,1,,,,2026,text,
아일릿,K-pop 걸그룹,spillover,2026,1,,,,2026,text,
아일릿,K-pop 걸그룹,spillover,2024,1,2024-10-18,2024,,2024,text,0
아일릿,K-pop 걸그룹,spillover,2026,1,,,,2026,text,
아일릿,K-pop 걸그룹,spillover,,0,,,,,none,
아일릿,K-pop 걸그룹,spillover,2025,1,2025-08-07,2025,,2025,text,0
아일릿,K-pop 걸그룹,spillover,2026,1,,,,2026,text,
아일릿,K-pop 걸그룹,spillover,2024|2025,2,,,,2025,text,
아일릿,K-pop 걸그룹,spillover,2024,1,,,,2024,text,
아일릿,K-pop 걸그룹,spillover,2025,1,,,,2025,text,
아일릿,K-pop 걸그룹,spillover,2024,1,,,,2024,text,
아일릿,K-pop 걸그룹,spillover,2024,1,,,,2024,text,
아일릿,K-pop 걸그룹,spillover,2025,1,,,,2025,text,
아일릿,K-pop 걸그룹,spillover,2025,1,,,,2025,text,
아일릿,K-pop 걸그룹,spillover,2024,1,,,,2024,text,
아일릿,K-pop 걸그룹,spillover,2026,1,,,,2026,text,
아일릿,K-pop 걸그룹,spillover,2025,1,,,,2025,text,
아일릿,K-pop 걸그룹,spillover,2025,1,2025-10-21,2025,,2025,text,0
아일릿,K-pop 걸그룹,spillover,2024|2025|2026,3,,,,2026,text,
아일릿,K-pop 걸그룹,spillover,2026,1,,,,2026,text,
아일릿,K-pop 걸그룹,spillover,,0,,,,,none,
아일릿,K-pop 걸그룹,spillover,,0,,,,,none,
아일릿,K-pop 걸그룹,spillover,,0,,,,,none,
아일릿,K-pop 걸그룹,spillover,,0,,,,,none,
아일릿,K-pop 걸그룹,spillover,2024,1,,,,2024,text,
GOT7,K-pop 보이그룹,loyalty,2022,1,,,,2022,text,
GOT7,K-pop 보이그룹,loyalty,,0,2022-05,2022,,2022,url,
GOT7,K-pop 보이그룹,loyalty,2019|2020,2,,,,2020,text,
GOT7,K-pop 보이그룹,loyalty,2026,1,,,,2026,text,
GOT7,K-pop 보이그룹,loyalty,,0,,,,,none,
GOT7,K-pop 보이그룹,loyalty,2021,1,,,,2021,text,
GOT7,K-pop 보이그룹,loyalty,2017,1,,,,2017,text,
GOT7,K-pop 보이그룹,loyalty,2015,1,,,,2015,text,
GOT7,K-pop 보이그룹,loyalty,2015,1,,,,2015,text,
GOT7,K-pop 보이그룹,loyalty,2022,1,,,,2022,text,
GOT7,K-pop 보이그룹,loyalty,2025,1,2025-02,2025,,2025,text,0
GOT7,K-pop 보이그룹,loyalty,2025,1,,,,2025,text,
GOT7,K-pop 보이그룹,loyalty,2018,1,,,,2018,text,
GOT7,K-pop 보이그룹,loyalty,2018,1,,,,2018,text,
GOT7,K-pop 보이그룹,loyalty,,0,2018-07-18,2018,,2018,url,
GOT7,K-pop 보이그룹,loyalty,,0,,,,,none,
GOT7,K-pop 보이그룹,loyalty,,0,,,,,none,
GOT7,K-pop 보이그룹,loyalty,,0,,,,,none,
GOT7,K-pop 보이그룹,loyalty,,0,,,,,none,
GOT7,K-pop 보이그룹,loyalty,,0,,,,,none,
GOT7,K-pop 보이그룹,loyalty,2022,1,,,,2022,text,
GOT7,K-pop 보이그룹,loyalty,2019|2022,2,,,,2022,text,
GOT7,K-pop 보이그룹,loyalty,2019,1,,,,2019,text,
GOT7,K-pop 보이그룹,loyalty,2024,1,,,,2024,text,
GOT7,K-pop 보이그룹,loyalty,2025,1,,,,2025,text,
GOT7,K-pop 보이그룹,loyalty,2019,1,,,,2019,text,
GOT7,K-pop 보이그룹,loyalty,2019,1,,,,2019,text,
GOT7,K-pop 보이그룹,loyalty,2025,1,,,,2025,text,
GOT7,K-pop 보이그룹,loyalty,,0,,,,,none,
GOT7,K-pop 보이그룹,loyalty,2014,1,,,,2014,text,
GOT7,K-pop 보이그룹,loyalty,2025,1,2025-03-21,2025,,2025,text,0
GOT7,K-pop 보이그룹,loyalty,,0,,,,,none,
GOT7,K-pop 보이그룹,loyalty,,0,,,,,none,
GOT7,K-pop 보이그룹,loyalty,,0,,,,,none,
GOT7,K-pop 보이그룹,loyalty,,0,,,,,none,
GOT7,K-pop 보이그룹,loyalty,,0,,,,,none,
GOT7,K-pop 보이그룹,loyalty,2024,1,,,,2024,text,
GOT7,K-pop 보이그룹,loyalty,2014,1,,,,2014,text,
GOT7,K-pop 보이그룹,spillover,2018,1,2018-07,2018,,2018,text,0
GOT7,K-pop 보이그룹,spillover,,0,2018-07,2018,,2018,url,
GOT7,K-pop 보이그룹,spillover,2019,1,,,,2019,text,
GOT7,K-pop 보이그룹,spillover,2019,1,,,,2019,text,
GOT7,K-pop 보이그룹,spillover,2016,1,2016-09,2016,,2016,text,0
GOT7,K-pop 보이그룹,spillover,2016,1,2016-11-08,2016,,2016,text,0
GOT7,K-pop 보이그룹,spillover,2019,1,,,,2019,text,
GOT7,K-pop 보이그룹,spillover,2018,1,,,,2018,text,
GOT7,K-pop 보이그룹,spillover,2018|2019|2021,3,,,0,2021,text,
GOT7,K-pop 보이그룹,spillover,2017,1,,,,2017,text,
GOT7,K-pop 보이그룹,spillover,,0,,,,,none,
GOT7,K-pop 보이그룹,spillover,2019,1,,,,2019,text,
GOT7,K-pop 보이그룹,spillover,2015,1,,,,2015,text,
GOT7,K-pop 보이그룹,spillover,2022,1,2022-05-25,2022,,2022,text,0
GOT7,K-pop 보이그룹,spillover,2020,1,,,,2020,text,
GOT7,K-pop 보이그룹,spillover,2000|2020,2,,,,2020,text,
GOT7,K-pop 보이그룹,spillover,2015,1,,,,2015,text,
GOT7,K-pop 보이그룹,spillover,2017|2019,2,,,,2019,text,
GOT7,K-pop 보이그룹,spillover,2019,1,,,,2019,text,
GOT7,K-pop 보이그룹,spillover,,0,,,,,none,
GOT7,K-pop 보이그룹,spillover,2023,1,,,,2023,text,
GOT7,K-pop 보이그룹,spillover,,0,,,,,none,
GOT7,K-pop 보이그룹,spillover,,0,,,,,none,
GOT7,K-pop 보이그룹,spillover,2021,1,,,,2021,text,
GOT7,K-pop 보이그룹,spillover,2021,1,,,,2021,text,
GOT7,K-pop 보이그룹,spillover,2019,1,,,,2019,text,
GOT7,K-pop 보이그룹,spillover,2025,1,,,,2025,text,
GOT7,K-pop 보이그룹,spillover,,0,,,,,none,
GOT7,K-pop 보이그룹,spillover,,0,2021-09-02,2021,,2021,url,
GOT7,K-pop 보이그룹,spillover,,0,2021-09-02,2021,,2021,url,
GOT7,K-pop 보이그룹,spillover,,0,2021-09-02,2021,,2021,url,
GOT7,K-pop 보이그룹,spillover,2021,1,,,,2021,text,
GOT7,K-pop 보이그룹,spillover,2017,1,,,,2017,text,
GOT7,K-pop 보이그룹,spillover,,0,,,,,none,
GOT7,K-pop 보이그룹,spillover,2019,1,,,,2019,text,
GOT7,K-pop 보이그룹,spillover,2025,1,,,,2025,text,
GOT7,K-pop 보이그룹,spillover,,0,,,,,none,
GOT7,K-pop 보이그룹,spillover,2023,1,,,,2023,text,
GOT7,K-pop 보이그룹,spillover,2022,1,,,,2022,text,
GOT7,K-pop 보이그룹,spillover,,0,,,,,none,
GOT7,K-pop 보이그룹,spillover,,0,,,,,none,
GOT7,K-pop 보이그룹,spillover,2025,1,2025-01-30,2025,,2025,text,0
GOT7,K-pop 보이그룹,spillover,2025,1,,,,2025,text,
GOT7,K-pop 보이그룹,spillover,2019,1,,,,2019,text,
GOT7,K-pop 보이그룹,spillover,2015,1,,,,2015,text,
GOT7,K-pop 보이그룹,spillover,2019,1,,,,2019,text,
GOT7,K-pop 보이그룹,spillover,2017,1,,,,2017,text,
GOT7,K-pop 보이그룹,spillover,2018,1,,,,2018,text,
GOT7,K-pop 보이그룹,spillover,2021|2024,2,2024-11-30,2024,,2024,text,0
GOT7,K-pop 보이그룹,spillover,2018,1,2018-02-13,2018,,2018,text,0
GOT7,K-pop 보이그룹,spillover,,0,,,,,none,
GOT7,K-pop 보이그룹,spillover,,0,,,,,none,
GOT7,K-pop 보이그룹,spillover,2025,1,,,,2025,text,
GOT7,K-pop 보이그룹,spillover,2025,1,,,,2025,text,
GOT7,K-pop 보이그룹,spillover,2020,1,,,,2020,text,
GOT7,K-pop 보이그룹,spillover,2021,1,,,,2021,text,
GOT7,K-pop 보이그룹,spillover,2021|2025,2,,,,2025,text,
GOT7,K-pop 보이그룹,spillover,2025,1,,,,2025,text,
GOT7,K-pop 보이그룹,spillover,2026,1,,,,2026,text,
GOT7,K-pop 보이그룹,spillover,2025,1,,,,2025,text,
GOT7,K-pop 보이그룹,spillover,2020,1,,,,2020,text,
GOT7,K-pop 보이그룹,spillover,,0,,,,,none,
GOT7,K-pop 보이그룹,spillover,,0,,,,,none,
GOT7,K-pop 보이그룹,spillover,2025,1,,,,2025,text,
GOT7,K-pop 보이그룹,spillover,,0,,,,,none,
GOT7,K-pop 보이그룹,spillover,2019,1,2019-05-13,2019,,2019,text,0
GOT7,K-pop 보이그룹,spillover,2018,1,2018-06-28,2018,,2018,text,0
GOT7,K-pop 보이그룹,spillover,2023,1,2023-10-14,2023,,2023,text,0
GOT7,K-pop 보이그룹,spillover,2018,1,,,,2018,text,
김재중,솔로,loyalty,2023,1,,,,2023,text,
김재중,솔로,loyalty,,0,,,,,none,
김재중,솔로,loyalty,,0,,,,,none,
김재중,솔로,loyalty,2023,1,,,,2023,text,
김재중,솔로,loyalty,,0,,,,,none,
김재중,솔로,loyalty,2025,1,,,,2025,text,
김재중,솔로,loyalty,2025,1,,,,2025,text,
김재중,솔로,loyalty,,0,,,,,none,
김재중,솔로,loyalty,,0,,,,,none,
김재중,솔로,loyalty,2011,1,,,,2011,text,
김재중,솔로,loyalty,2025,1,,,,2025,text,
김재중,솔로,loyalty,2016,1,,,,2016,text,
김재중,솔로,loyalty,2024|2025,2,,,,2025,text,
김재중,솔로,loyalty,2024,1,,,,2024,text,
김재중,솔로,loyalty,2024|2026,2,,,,2026,text,
김재중,솔로,loyalty,2026,1,2026-01-03,2026,,2026,text,0
김재중,솔로,loyalty,2026,1,,,,2026,text,
김재중,솔로,loyalty,2023,1,,,0,2023,text,
김재중,솔로,loyalty,,0,,,,,none,
김재중,솔로,loyalty,,0,,,,,none,
김재중,솔로,loyalty,,0,,,,,none,
김재중,솔로,loyalty,2006|2026,2,,,,2026,text,
김재중,솔로,loyalty,2018|2025,2,,,,2025,text,
김재중,솔로,loyalty,2017,1,,,,2017,text,
김재중,솔로,loyalty,,0,,,,,none,
김재중,솔로,loyalty,,0,,,,,none,
김재중,솔로,loyalty,2023,1,,,,2023,text,
김재중,솔로,loyalty,2017,1,,,,2017,text,
김재중,솔로,loyalty,2011,1,,,,2011,text,
김재중,솔로,loyalty,2017,1,,,,2017,text,
김재중,솔로,loyalty,2018,1,,,,2018,text,
김재중,솔로,loyalty,2019,1,,,,2019,text,
김재중,솔로,loyalty,,0,,,,,none,
김재중,솔로,loyalty,,0,,,,,none,
김재중,솔로,loyalty,,0,,,,,none,
김재중,솔로,loyalty,,0,,,,,none,
김재중,솔로,loyalty,2023,1,,,,2023,text,
김재중,솔로,loyalty,2026,1,,,,2026,text,
김재중,솔로,loyalty,2003|2009,2,,,,2009,text,
김재중,솔로,spillover,2019,1,,,,2019,text,
김재중,솔로,spillover,,0,2019-10,2019,,2019,url,
김재중,솔로,spillover,2024,1,,,,2024,text,
김재중,솔로,spillover,2025,1,,,,2025,text,
김재중,솔로,spillover,2021,1,,,,2021,text,
김재중,솔로,spillover,,0,,,,,none,
김재중,솔로,spillover,2015|2016,2,,,,2016,text,
김재중,솔로,spillover,2025,1,,,,2025,text,
김재중,솔로,spillover,,0,2026-08-26,2026,,2026,url,
김재중,솔로,spillover,,0,,,,,none,
김재중,솔로,spillover,2025,1,,,,2025,text,
김재중,솔로,spillover,2025,1,,,,2025,text,
김재중,솔로,spillover,2025,1,,,,2025,text,
김재중,솔로,spillover,2026,1,,,,2026,text,
김재중,솔로,spillover,2025|2026,2,,,,2026,text,
김재중,솔로,spillover,2026,1,,,,2026,text,
김재중,솔로,spillover,2026,1,,,,2026,text,
김재중,솔로,spillover,2024|2026,2,,,,2026,text,
김재중,솔로,spillover,2026,1,,,,2026,text,
김재중,솔로,spillover,2024|2025,2,,,0,2025,text,
김재중,솔로,spillover,2009|2012|2015,3,,,,2015,text,
김재중,솔로,spillover,2025,1,,,,2025,text,
김재중,솔로,spillover,2020,1,,,,2020,text,
김재중,솔로,spillover,2026,1,,,,2026,text,
김재중,솔로,spillover,2023|2025,2,,,,2025,text,
김재중,솔로,spillover,2018|2020|2024,3,,,,2024,text,
김재중,솔로,spillover,2025,1,,,,2025,text,
김재중,솔로,spillover,2025,1,2025-10-14,2025,,2025,text,0
김재중,솔로,spillover,,0,,,,,none,
김재중,솔로,spillover,2010,1,,,,2010,text,
김재중,솔로,spillover,2018|2019|2020,3,,,,2020,text,
김재중,솔로,spillover,,0,,,,,none,
김재중,솔로,spillover,,0,,,,,none,
김재중,솔로,spillover,2020,1,,,,2020,text,
김재중,솔로,spillover,2020,1,,,0,2020,text,
김재중,솔로,spillover,2023,1,,,,2023,text,
김재중,솔로,spillover,2019,1,2020-02-08,2020,,2019,text,-1
김재중,솔로,spillover,2012,1,,,,2012,text,
박서진,트로트,loyalty,,0,,,,,none,
박서진,트로트,loyalty,,0,,,,,none,
박서진,트로트,loyalty,,0,2024-08-27,2024,,2024,url,
박서진,트로트,loyalty,2020,1,2024-08-27,2024,,2020,text,-4
박서진,트로트,loyalty,2025,1,,,,2025,text,
박서진,트로트,loyalty,,0,,,,,none,
박서진,트로트,loyalty,2024,1,,,,2024,text,
박서진,트로트,loyalty,2021,1,,,,2021,text,
박서진,트로트,loyalty,2022,1,,,,2022,text,
박서진,트로트,loyalty,2022,1,,,,2022,text,
박서진,트로트,loyalty,2022,1,,,,2022,text,
박서진,트로트,loyalty,,0,,,,,none,
박서진,트로트,loyalty,,0,,,,,none,
박서진,트로트,loyalty,,0,2024-08-27,2024,,2024,url,
박서진,트로트,loyalty,,0,,,,,none,
박서진,트로트,loyalty,,0,,,,,none,
박서진,트로트,loyalty,,0,,,,,none,
박서진,트로트,loyalty,2026,1,,,,2026,text,
박서진,트로트,loyalty,2000|2021,2,,,,2021,text,
박서진,트로트,loyalty,2025,1,,,,2025,text,
박서진,트로트,loyalty,2023,1,,,,2023,text,
박서진,트로트,loyalty,2023,1,,,,2023,text,
박서진,트로트,loyalty,,0,2025-11-16,2025,0,2025,relative,
박서진,트로트,loyalty,,0,,,,,none,
박서진,트로트,loyalty,,0,,,,,none,
박서진,트로트,loyalty,2025,1,,,,2025,text,
박서진,트로트,loyalty,2020,1,,,,2020,text,
박서진,트로트,loyalty,2025,1,,,,2025,text,
박서진,트로트,loyalty,,0,,,,,none,
박서진,트로트,loyalty,2025,1,,,,2025,text,
박서진,트로트,loyalty,2023,1,,,,2023,text,
박서진,트로트,loyalty,,0,,,,,none,
박서진,트로트,loyalty,2024,1,,,,2024,text,
박서진,트로트,spillover,,0,,,,,none,
박서진,트로트,spillover,,0,,,,,none,
박서진,트로트,spillover,,0,,,,,none,
박서진,트로트,spillover,2024|2025,2,,,,2025,text,
박서진,트로트,spillover,,0,,,,,none,
박서진,트로트,spillover,,0,2025-03-16,2025,,2025,url,
박서진,트로트,spillover,,0,,,,,none,
박서진,트로트,spillover,2025,1,,,,2025,text,
박서진,트로트,spillover,2025,1,2025-12-25,2025,1,2025,text,0
박서진,트로트,spillover,2025,1,2025-12-25,2025,,2025,text,0
박서진,트로트,spillover,2020|2026,2,,,,2026,text,
박서진,트로트,spillover,,0,,,,,none,
박서진,트로트,spillover,2026,1,,,,2026,text,
박서진,트로트,spillover,,0,,,,,none,
박서진,트로트,spillover,2026,1,,,,2026,text,
박서진,트로트,spillover,2023,1,,,,2023,text,
박서진,트로트,spillover,2026,1,,,,2026,text,
박서진,트로트,spillover,,0,,,,,none,
박서진,트로트,spillover,2025,1,,,,2025,text,
박서진,트로트,spillover,,0,2025-08-18,2025,,2025,url,
박서진,트로트,spillover,2026,1,,,,2026,text,
박서진,트로트,spillover,2025|2026,2,,,,2026,text,
박서진,트로트,spillover,,0,,,,,none,
박서진,트로트,spillover,2024,1,,,,2024,text,
박서진,트로트,spillover,2025,1,,,,2025,text,
박서진,트로트,spillover,2025|2026,2,,,,2026,text,
박서진,트로트,spillover,2026,1,,,,2026,text,
박서진,트로트,spillover,2025,1,,,,2025,text,
박서진,트로트,spillover,2026,1,2026-06-17,2026,,2026,text,0
박서진,트로트,spillover,2026,1,,,,2026,text,
박서진,트로트,spillover,2025,1,2025-01-23,2025,,2025,text,0
박서진,트로트,spillover,2024,1,,,,2024,text,
박서진,트로트,spillover,2018|2024,2,,,0,2024,text,
박서진,트로트,spillover,2025,1,,,,2025,text,
박서진,트로트,spillover,2008|2011|2018,3,,,,2018,text,
박서진,트로트,spillover,2024|2026,2,,,,2026,text,
박서진,트로트,spillover,2025,1,,,,2025,text,
박서진,트로트,spillover,2024,1,,,,2024,text,
박서진,트로트,spillover,,0,,,,,none,
박서진,트로트,spillover,,0,,,,,none,
박서진,트로트,spillover,2024,1,,,,2024,text,
박서진,트로트,spillover,2011,1,,,,2011,text,
박서진,트로트,spillover,2015,1,,,,2015,text,
박서진,트로트,spillover,,0,,,,,none,
박서진,트로트,spillover,,0,,,,,none,
박서진,트로트,spillover,2023|2026,2,,,,2026,text,
박서진,트로트,spillover,,0,,,,,none,
박서진,트로트,spillover,,0,,,,,none,
박서진,트로트,spillover,2023,1,,,,2023,text,
박서진,트로트,spillover,,0,,,,,none,
박서진,트로트,spillover,2026,1,2026-07-23,2026,,2026,text,0
박서진,트로트,spillover,,0,,,,,none,
박서진,트로트,spillover,,0,,,,,none,
박서진,트로트,spillover,,0,,,,,none,
박서진,트로트,spillover,2026,1,,,,2026,text,
박서진,트로트,spillover,2025|2026,2,,,,2026,text,
박서진,트로트,spillover,2025,1,,,,2025,text,
박서진,트로트,spillover,2026,1,,,,2026,text,
박서진,트로트,spillover,2025,1,,,,2025,text,
박서진,트로트,spillover,,0,,,,,none,
박서진,트로트,spillover,,0,,,,,none,
박서진,트로트,spillover,2018,1,2018-09,2018,,2018,text,0
박서진,트로트,spillover,2026,1,2026-07,2026,,2026,text,0
박서진,트로트,spillover,,0,2024-11,2024,,2024,url,
박서진,트로트,spillover,2026,1,2026-04-13,2026,,2026,text,0
박서진,트로트,spillover,2025,1,,,,2025,text,
빈지노,힙합,loyalty,,0,,,0,,none,
빈지노,힙합,loyalty,,0,,,,,none,
빈지노,힙합,loyalty,2024,1,2024-08-19,2024,,2024,text,0
빈지노,힙합,loyalty,,0,2024-08-19,2024,,2024,url,
빈지노,힙합,loyalty,,0,,,,,none,
빈지노,힙합,loyalty,2024,1,2024-09-23,2024,,2024,text,0
빈지노,힙합,loyalty,2014|2016|2023,3,,,,2023,text,
빈지노,힙합,loyalty,2014,1,,,,2014,text,
빈지노,힙합,loyalty,2016,1,,,,2016,text,
빈지노,힙합,loyalty,,0,2024-02-29,2024,0,2024,relative,
빈지노,힙합,loyalty,2024,1,2024-02-27,2024,0,2024,text,0
빈지노,힙합,loyalty,2010|2011,2,,,0,2011,text,
빈지노,힙합,loyalty,2024,1,,,0,2024,text,
빈지노,힙합,loyalty,2017,1,,,,2017,text,
빈지노,힙합,loyalty,2025,1,,,,2025,text,
빈지노,힙합,loyalty,2010|2017|2022,3,,,,2022,text,
빈지노,힙합,loyalty,2023,1,,,,2023,text,
빈지노,힙합,loyalty,2020,1,,,,2020,text,
빈지노,힙합,loyalty,,0,,,0,,none,
빈지노,힙합,loyalty,2024,1,,,,2024,text,
빈지노,힙합,loyalty,2021,1,,,,2021,text,
빈지노,힙합,loyalty,,0,,,,,none,
빈지노,힙합,loyalty,2020,1,,,,2020,text,
빈지노,힙합,loyalty,,0,,,,,none,
빈지노,힙합,loyalty,,0,,,,,none,
빈지노,힙합,loyalty,,0,2023-05-23,2023,,2023,url,
빈지노,힙합,loyalty,2012,1,,,,2012,text,
빈지노,힙합,spillover,2014,1,,,,2014,text,
빈지노,힙합,spillover,2013,1,,,,2013,text,
빈지노,힙합,spillover,2021,1,,,,2021,text,
빈지노,힙합,spillover,2014,1,,,,2014,text,
빈지노,힙합,spillover,2016,1,,,,2016,text,
빈지노,힙합,spillover,,0,2024-09,2024,,2024,url,
빈지노,힙합,spillover,2025,1,,,,2025,text,
빈지노,힙합,spillover,2024,1,2024-09-23,2024,,2024,text,0
빈지노,힙합,spillover,,0,,,,,none,
빈지노,힙합,spillover,2016,1,,,,2016,text,
빈지노,힙합,spillover,2014,1,,,,2014,text,
빈지노,힙합,spillover,2015,1,,,,2015,text,
빈지노,힙합,spillover,2016,1,,,,2016,text,
빈지노,힙합,spillover,,0,2024-08,2024,,2024,url,
빈지노,힙합,spillover,2025,1,,,,2025,text,
빈지노,힙합,spillover,2015,1,,,,2015,text,
빈지노,힙합,spillover,2015,1,,,,2015,text,
빈지노,힙합,spillover,2015,1,,,,2015,text,
빈지노,힙합,spillover,2014|2016,2,,,,2016,text,
빈지노,힙합,spillover,2010,1,,,,2010,text,
빈지노,힙합,spillover,2021|2023,2,,,,2023,text,
빈지노,힙합,spillover,2013,1,,,,2013,text,
빈지노,힙합,spillover,2022,1,,,,2022,text,
빈지노,힙합,spillover,2015,1,2015-10-28,2015,,2015,text,0
빈지노,힙합,spillover,2014,1,2014-07,2014,,2014,text,0
빈지노,힙합,spillover,2011|2020,2,,,,2020,text,
빈지노,힙합,spillover,,0,,,,,none,
빈지노,힙합,spillover,2015|2022,2,,,,2022,text,
빈지노,힙합,spillover,2024,1,,,,2024,text,
빈지노,힙합,spillover,2025,1,,,,2025,text,
빈지노,힙합,spillover,2019,1,,,,2019,text,
빈지노,힙합,spillover,2022,1,,,,2022,text,
빈지노,힙합,spillover,,0,2023-06-07,2023,,2023,url,
빈지노,힙합,spillover,,0,2023-06-07,2023,,2023,url,
빈지노,힙합,spillover,,0,,,,,none,
빈지노,힙합,spillover,,0,,,,,none,
빈지노,힙합,spillover,,0,,,,,none,
빈지노,힙합,spillover,,0,,,,,none,
빈지노,힙합,spillover,,0,,,,,none,
빈지노,힙합,spillover,2015,1,,,,2015,text,
빈지노,힙합,spillover,2010,1,,,,2010,text,
빈지노,힙합,spillover,2013,1,,,,2013,text,
빈지노,힙합,spillover,2023,1,,,,2023,text,
빈지노,힙합,spillover,,0,,,,,none,
빈지노,힙합,spillover,,0,,,,,none,
빈지노,힙합,spillover,,0,,,,,none,
빈지노,힙합,spillover,,0,,,,,none,
빈지노,힙합,spillover,2023,1,2023-03-07,2023,,2023,text,0
빈지노,힙합,spillover,,0,,,,,none,
빈지노,힙합,spillover,2012,1,,,,2012,text,
빈지노,힙합,spillover,,0,,,,,none,
빈지노,힙합,spillover,2015|2021,2,2021-01,2021,,2021,text,0
몬스타엑스,K-pop 보이그룹,loyalty,2015|2020|2023|2025,4,,,,2025,text,
몬스타엑스,K-pop 보이그룹,loyalty,2025,1,,,,2025,text,
몬스타엑스,K-pop 보이그룹,loyalty,,0,,,,,none,
몬스타엑스,K-pop 보이그룹,loyalty,2023,1,,,,2023,text,
몬스타엑스,K-pop 보이그룹,loyalty,2020,1,2020-07-22,2020,,2020,text,0
몬스타엑스,K-pop 보이그룹,loyalty,2020,1,2020-07-22,2020,,2020,text,0
몬스타엑스,K-pop 보이그룹,loyalty,2025,1,,,,2025,text,
몬스타엑스,K-pop 보이그룹,loyalty,2025,1,,,,2025,text,
몬스타엑스,K-pop 보이그룹,loyalty,,0,,,,,none,
몬스타엑스,K-pop 보이그룹,loyalty,2025,1,2025-09-16,2025,,2025,text,0
몬스타엑스,K-pop 보이그룹,loyalty,2026,1,2026-04-16,2026,,2026,text,0
몬스타엑스,K-pop 보이그룹,loyalty,2025,1,2025-05-16,2025,,2025,text,0
몬스타엑스,K-pop 보이그룹,loyalty,2026,1,,,,2026,text,
몬스타엑스,K-pop 보이그룹,loyalty,,0,,,,,none,
몬스타엑스,K-pop 보이그룹,loyalty,,0,,,,,none,
몬스타엑스,K-pop 보이그룹,loyalty,2025,1,,,,2025,text,
몬스타엑스,K-pop 보이그룹,loyalty,2026,1,,,,2026,text,
몬스타엑스,K-pop 보이그룹,loyalty,2026,1,,,,2026,text,
몬스타엑스,K-pop 보이그룹,loyalty,2026,1,,,,2026,text,
몬스타엑스,K-pop 보이그룹,loyalty,2026,1,2026-02-01,2026,,2026,text,0
몬스타엑스,K-pop 보이그룹,loyalty,,0,2026-02-01,2026,0,2026,relative,
몬스타엑스,K-pop 보이그룹,loyalty,2022,1,,,,2022,text,
몬스타엑스,K-pop 보이그룹,loyalty,2026,1,2026-06-04,2026,,2026,text,0
몬스타엑스,K-pop 보이그룹,loyalty,2021,1,,,,2021,text,
몬스타엑스,K-pop 보이그룹,loyalty,2025,1,,,,2025,text,
몬스타엑스,K-pop 보이그룹,loyalty,,0,,,,,none,
몬스타엑스,K-pop 보이그룹,loyalty,,0,,,,,none,
몬스타엑스,K-pop 보이그룹,loyalty,2025,1,,,,2025,text,
몬스타엑스,K-pop 보이그룹,loyalty,2026,1,,,,2026,text,
몬스타엑스,K-pop 보이그룹,loyalty,2018,1,,,,2018,text,
몬스타엑스,K-pop 보이그룹,loyalty,2019,1,2026-06-10,2026,,2019,text,-7
몬스타엑스,K-pop 보이그룹,loyalty,,0,2026-06,2026,,2026,url,
몬스타엑스,K-pop 보이그룹,loyalty,,0,,,,,none,
몬스타엑스,K-pop 보이그룹,loyalty,2019,1,,,,2019,text,
몬스타엑스,K-pop 보이그룹,loyalty,,0,2026-04-05,2026,,2026,url,
몬스타엑스,K-pop 보이그룹,loyalty,2019,1,,,,2019,text,
몬스타엑스,K-pop 보이그룹,loyalty,2015|2019,2,2026-05,2026,,2019,text,-7
몬스타엑스,K-pop 보이그룹,loyalty,,0,,,,,none,
몬스타엑스,K-pop 보이그룹,loyalty,,0,,,,,none,
몬스타엑스,K-pop 보이그룹,loyalty,,0,2025-12-24,2025,,2025,url,
몬스타엑스,K-pop 보이그룹,loyalty,2015|2019,2,,,0,2019,text,
몬스타엑스,K-pop 보이그룹,spillover,2024,1,,,,2024,text,
몬스타엑스,K-pop 보이그룹,spillover,2023,1,,,,2023,text,
몬스타엑스,K-pop 보이그룹,spillover,2023,1,,,,2023,text,
몬스타엑스,K-pop 보이그룹,spillover,2022,1,,,,2022,text,
몬스타엑스,K-pop 보이그룹,spillover,2022,1,,,,2022,text,
몬스타엑스,K-pop 보이그룹,spillover,2025,1,,,,2025,text,
몬스타엑스,K-pop 보이그룹,spillover,2021,1,,,,2021,text,
몬스타엑스,K-pop 보이그룹,spillover,2019,1,,,,2019,text,
몬스타엑스,K-pop 보이그룹,spillover,2026,1,,,,2026,text,
몬스타엑스,K-pop 보이그룹,spillover,2026,1,2026-04-16,2026,,2026,text,0
몬스타엑스,K-pop 보이그룹,spillover,2026,1,,,,2026,text,
몬스타엑스,K-pop 보이그룹,spillover,2025,1,2025-12-06,2025,,2025,text,0
몬스타엑스,K-pop 보이그룹,spillover,2016,1,,,,2016,text,
몬스타엑스,K-pop 보이그룹,spillover,2025,1,,,,2025,text,
몬스타엑스,K-pop 보이그룹,spillover,2025,1,,,,2025,text,
몬스타엑스,K-pop 보이그룹,spillover,2016,1,,,,2016,text,
몬스타엑스,K-pop 보이그룹,spillover,2021,1,,,,2021,text,
몬스타엑스,K-pop 보이그룹,spillover,2025,1,,,,2025,text,
몬스타엑스,K-pop 보이그룹,spillover,2025,1,,,,2025,text,
몬스타엑스,K-pop 보이그룹,spillover,2025,1,,,,2025,text,
몬스타엑스,K-pop 보이그룹,spillover,2018,1,2018-07,2018,,2018,text,0
몬스타엑스,K-pop 보이그룹,spillover,2019,1,2019-08,2019,,2019,text,0
몬스타엑스,K-pop 보이그룹,spillover,2017,1,2017-05-19,2017,,2017,text,0
몬스타엑스,K-pop 보이그룹,spillover,,0,,,,,none,
몬스타엑스,K-pop 보이그룹,spillover,2017,1,,,,2017,text,
몬스타엑스,K-pop 보이그룹,spillover,2018,1,,,,2018,text,
몬스타엑스,K-pop 보이그룹,spillover,,0,,,,,none,
몬스타엑스,K-pop 보이그룹,spillover,2018,1,2018-06-15,2018,,2018,text,0
몬스타엑스,K-pop 보이그룹,spillover,,0,,,,,none,
몬스타엑스,K-pop 보이그룹,spillover,2019,1,2019-09-05,2019,,2019,text,0
몬스타엑스,K-pop 보이그룹,spillover,2020,1,,,,2020,text,
몬스타엑스,K-pop 보이그룹,spillover,2020,1,,,,2020,text,
몬스타엑스,K-pop 보이그룹,spillover,2025,1,,,,2025,text,
몬스타엑스,K-pop 보이그룹,spillover,,0,,,,,none,
몬스타엑스,K-pop 보이그룹,spillover,2025,1,,,,2025,text,
몬스타엑스,K-pop 보이그룹,spillover,2025,1,,,,2025,text,
몬스타엑스,K-pop 보이그룹,spillover,2026,1,,,,2026,text,
몬스타엑스,K-pop 보이그룹,spillover,,0,,,,,none,
몬스타엑스,K-pop 보이그룹,spillover,,0,,,,,none,
몬스타엑스,K-pop 보이그룹,spillover,,0,,,,,none,
몬스타엑스,K-pop 보이그룹,spillover,,0,,,,,none,
몬스타엑스,K-pop 보이그룹,spillover,,0,,,,,none,
몬스타엑스,K-pop 보이그룹,spillover,,0,,,,,none,
몬스타엑스,K-pop 보이그룹,spillover,,0,,,,,none,
몬스타엑스,K-pop 보이그룹,spillover,,0,,,,,none,
몬스타엑스,K-pop 보이그룹,spillover,,0,2026-04-05,2026,,2026,url,
몬스타엑스,K-pop 보이그룹,spillover,2025,1,,,,2025,text,
몬스타엑스,K-pop 보이그룹,spillover,2021,1,,,,2021,text,
몬스타엑스,K-pop 보이그룹,spillover,,0,2026-06,2026,,2026,url,
몬스타엑스,K-pop 보이그룹,spillover,,0,2026-06-03,2026,,2026,url,
몬스타엑스,K-pop 보이그룹,spillover,2025,1,,,,2025,text,
몬스타엑스,K-pop 보이그룹,spillover,2019,1,,,,2019,text,
몬스타엑스,K-pop 보이그룹,spillover,2019,1,,,,2019,text,
몬스타엑스,K-pop 보이그룹,spillover,2019,1,,,,2019,text,
몬스타엑스,K-pop 보이그룹,spillover,2022,1,2022-03-28,2022,,2022,text,0
투어스(TWS),K-pop 보이그룹,loyalty,2024,1,,,,2024,text,
투어스(TWS),K-pop 보이그룹,loyalty,,0,2024-04-02,2024,,2024,url,
투어스(TWS),K-pop 보이그룹,loyalty,2024|2025|2026,3,,,,2026,text,
투어스(TWS),K-pop 보이그룹,loyalty,,0,,,,,none,
투어스(TWS),K-pop 보이그룹,loyalty,2024,1,,,,2024,text,
투어스(TWS),K-pop 보이그룹,loyalty,2025,1,,,,2025,text,
투어스(TWS),K-pop 보이그룹,loyalty,,0,,,,,none,
투어스(TWS),K-pop 보이그룹,loyalty,2025,1,2025-01-17,2025,,2025,text,0
투어스(TWS),K-pop 보이그룹,loyalty,2025,1,2025-01-17,2025,,2025,text,0
투어스(TWS),K-pop 보이그룹,loyalty,2025,1,,,,2025,text,
투어스(TWS),K-pop 보이그룹,loyalty,2024,1,,,,2024,text,
투어스(TWS),K-pop 보이그룹,loyalty,2026,1,,,,2026,text,
투어스(TWS),K-pop 보이그룹,loyalty,2025,1,,,,2025,text,
투어스(TWS),K-pop 보이그룹,loyalty,2024|2025,2,,,,2025,text,
투어스(TWS),K-pop 보이그룹,loyalty,2025,1,,,,2025,text,
투어스(TWS),K-pop 보이그룹,loyalty,2026,1,,,,2026,text,
투어스(TWS),K-pop 보이그룹,loyalty,2025,1,,,,2025,text,
투어스(TWS),K-pop 보이그룹,loyalty,,0,,,,,none,
투어스(TWS),K-pop 보이그룹,loyalty,2026,1,2026-05-04,2026,,2026,text,0
투어스(TWS),K-pop 보이그룹,loyalty,,0,,,,,none,
투어스(TWS),K-pop 보이그룹,loyalty,,0,,,,,none,
투어스(TWS),K-pop 보이그룹,loyalty,2024,1,,,,2024,text,
투어스(TWS),K-pop 보이그룹,loyalty,2025,1,,,,2025,text,
투어스(TWS),K-pop 보이그룹,loyalty,,0,,,,,none,
투어스(TWS),K-pop 보이그룹,loyalty,,0,,,,,none,
투어스(TWS),K-pop 보이그룹,loyalty,2026,1,,,,2026,text,
투어스(TWS),K-pop 보이그룹,loyalty,2025,1,,,,2025,text,
투어스(TWS),K-pop 보이그룹,loyalty,2026,1,,,,2026,text,
투어스(TWS),K-pop 보이그룹,loyalty,,0,,,,,none,
투어스(TWS),K-pop 보이그룹,loyalty,,0,,,,,none,
투어스(TWS),K-pop 보이그룹,loyalty,2026,1,,,,2026,text,
투어스(TWS),K-pop 보이그룹,loyalty,,0,,,,,none,
투어스(TWS),K-pop 보이그룹,spillover,,0,,,,,none,
투어스(TWS),K-pop 보이그룹,spillover,,0,,,,,none,
투어스(TWS),K-pop 보이그룹,spillover,,0,2026-05,2026,,2026,url,
투어스(TWS),K-pop 보이그룹,spillover,2026,1,2026-07,2026,,2026,text,0
투어스(TWS),K-pop 보이그룹,spillover,2024|2025|2026,3,,,,2026,text,
투어스(TWS),K-pop 보이그룹,spillover,2026,1,,,,2026,text,
투어스(TWS),K-pop 보이그룹,spillover,2026,1,,,,2026,text,
투어스(TWS),K-pop 보이그룹,spillover,,0,,,,,none,
투어스(TWS),K-pop 보이그룹,spillover,,0,,,,,none,
투어스(TWS),K-pop 보이그룹,spillover,2026,1,2026-03-27,2026,,2026,text,0
투어스(TWS),K-pop 보이그룹,spillover,2025,1,2025-06,2025,,2025,text,0
투어스(TWS),K-pop 보이그룹,spillover,2025,1,2025-06,2025,,2025,text,0
투어스(TWS),K-pop 보이그룹,spillover,,0,,,,,none,
투어스(TWS),K-pop 보이그룹,spillover,,0,2025-04,2025,,2025,url,
투어스(TWS),K-pop 보이그룹,spillover,,0,,,,,none,
투어스(TWS),K-pop 보이그룹,spillover,2024,1,2024-11-22,2024,,2024,text,0
투어스(TWS),K-pop 보이그룹,spillover,2025,1,,,,2025,text,
투어스(TWS),K-pop 보이그룹,spillover,2024,1,,,,2024,text,
투어스(TWS),K-pop 보이그룹,spillover,2024,1,,,,2024,text,
투어스(TWS),K-pop 보이그룹,spillover,2025,1,2026-03-12,2026,,2025,text,-1
투어스(TWS),K-pop 보이그룹,spillover,2025,1,2026-03-12,2026,,2025,text,-1
투어스(TWS),K-pop 보이그룹,spillover,2024,1,,,,2024,text,
투어스(TWS),K-pop 보이그룹,spillover,2024,1,2026-07,2026,,2024,text,-2
투어스(TWS),K-pop 보이그룹,spillover,,0,2026-05,2026,,2026,url,
투어스(TWS),K-pop 보이그룹,spillover,,0,2026-05,2026,,2026,url,
투어스(TWS),K-pop 보이그룹,spillover,2024,1,2024-03-26,2024,,2024,text,0
투어스(TWS),K-pop 보이그룹,spillover,2025,1,,,,2025,text,
투어스(TWS),K-pop 보이그룹,spillover,,0,,,,,none,
투어스(TWS),K-pop 보이그룹,spillover,2025,1,,,,2025,text,
투어스(TWS),K-pop 보이그룹,spillover,,0,,,,,none,
투어스(TWS),K-pop 보이그룹,spillover,2026,1,,,,2026,text,
투어스(TWS),K-pop 보이그룹,spillover,2024,1,,,,2024,text,
투어스(TWS),K-pop 보이그룹,spillover,,0,,,,,none,
투어스(TWS),K-pop 보이그룹,spillover,2024,1,,,,2024,text,
투어스(TWS),K-pop 보이그룹,spillover,2025,1,,,,2025,text,
투어스(TWS),K-pop 보이그룹,spillover,,0,2026-06,2026,,2026,url,
투어스(TWS),K-pop 보이그룹,spillover,,0,,,,,none,
투어스(TWS),K-pop 보이그룹,spillover,2026,1,2026-08-05,2026,,2026,text,0
투어스(TWS),K-pop 보이그룹,spillover,2025,1,2025-06-30,2025,,2025,text,0
투어스(TWS),K-pop 보이그룹,spillover,2024,1,,,,2024,text,
투어스(TWS),K-pop 보이그룹,spillover,2025,1,2025-09-17,2025,,2025,text,0
투어스(TWS),K-pop 보이그룹,spillover,2025,1,,,,2025,text,
투어스(TWS),K-pop 보이그룹,spillover,2026,1,,,,2026,text,
투어스(TWS),K-pop 보이그룹,spillover,,0,,,,,none,
투어스(TWS),K-pop 보이그룹,spillover,2026,1,,,,2026,text,
투어스(TWS),K-pop 보이그룹,spillover,,0,,,,,none,
투어스(TWS),K-pop 보이그룹,spillover,2026,1,,,,2026,text,
투어스(TWS),K-pop 보이그룹,spillover,,0,,,,,none,
투어스(TWS),K-pop 보이그룹,spillover,2026,1,,,,2026,text,
투어스(TWS),K-pop 보이그룹,spillover,2026,1,,,,2026,text,
투어스(TWS),K-pop 보이그룹,spillover,2026,1,,,,2026,text,
투어스(TWS),K-pop 보이그룹,spillover,2026,1,,,,2026,text,
투어스(TWS),K-pop 보이그룹,spillover,2026,1,,,,2026,text,
투어스(TWS),K-pop 보이그룹,spillover,2026,1,2026-04,2026,,2026,text,0
투어스(TWS),K-pop 보이그룹,spillover,,0,,,,,none,
투어스(TWS),K-pop 보이그룹,spillover,2026,1,,,,2026,text,
투어스(TWS),K-pop 보이그룹,spillover,2024,1,,,,2024,text,
투어스(TWS),K-pop 보이그룹,spillover,2024,1,,,,2024,text,
