fandom,bullet_type,idx,n_numeric,n_bonus_kw,bonus_kw_hit,evidence_score,years_in_text
이영지,loyalty,0,1,0,,1.5,2026
이영지,loyalty,1,0,0,,1.0,
이영지,loyalty,2,0,1,팬카페,1.3,
이영지,loyalty,3,3,0,,2.5,2024
이영지,loyalty,4,2,1,기부,2.3,2026
이영지,loyalty,5,0,0,,1.0,2023|2024
이영지,loyalty,6,1,1,최초,1.8,
이영지,loyalty,7,1,0,,1.5,2023
이영지,loyalty,8,1,0,,1.5,2026
이영지,loyalty,9,4,1,돌파,3.3,2022
이영지,loyalty,10,1,0,,1.5,
이영지,loyalty,11,1,0,,1.5,
이영지,loyalty,12,2,1,기부,2.3,
이영지,loyalty,13,0,0,,1.0,2026
이영지,loyalty,14,0,0,,1.0,
이영지,loyalty,15,0,0,,1.0,
이영지,loyalty,16,2,2,역사|최초,2.6,2022
이영지,loyalty,17,8,1,기부,5.3,2026
이영지,loyalty,18,0,0,,1.0,2025
이영지,loyalty,19,1,1,기부,1.8,2025
이영지,loyalty,20,1,1,기부,1.8,2026
이영지,loyalty,21,4,1,1위,3.3,
이영지,loyalty,22,1,1,돌파,1.8,
이영지,loyalty,23,0,0,,1.0,
이영지,loyalty,24,0,0,,1.0,
이영지,loyalty,25,0,0,,1.0,
이영지,loyalty,26,1,0,,1.5,2026
이영지,loyalty,27,1,0,,1.5,2025
이영지,loyalty,28,0,0,,1.0,
이영지,loyalty,29,0,0,,1.0,
이영지,loyalty,30,0,0,,1.0,
이영지,loyalty,31,0,0,,1.0,2024|2025
이영지,loyalty,32,1,0,,1.5,2023
이영지,loyalty,33,2,0,,2.0,2026
이영지,loyalty,34,0,1,기부,1.3,
이영지,loyalty,35,4,1,기부,3.3,2026
이영지,loyalty,36,2,1,기부,2.3,2026
이영지,loyalty,37,1,0,,1.5,2026
이영지,loyalty,38,1,2,매진|세대,2.1,2023
이영지,spillover,0,1,1,앰버서더,1.8,2025
이영지,spillover,1,0,2,앰버서더|브랜드,1.6,
이영지,spillover,2,0,2,앰버서더|브랜드,1.6,
이영지,spillover,3,0,0,,1.0,
이영지,spillover,4,2,4,앰버서더|모델|브랜드|소비,3.2,2025
이영지,spillover,5,0,0,,1.0,
이영지,spillover,6,1,2,앰버서더|브랜드,2.1,2023
이영지,spillover,7,1,0,,1.5,
이영지,spillover,8,4,0,,3.0,2024
이영지,spillover,9,1,0,,1.5,
이영지,spillover,10,1,0,,1.5,
이영지,spillover,11,2,2,앰버서더|브랜드,2.6,2025
이영지,spillover,12,0,2,앰버서더|브랜드,1.6,
이영지,spillover,13,0,2,앰버서더|브랜드,1.6,
이영지,spillover,14,2,0,,2.0,2024
이영지,spillover,15,0,1,투어,1.3,
이영지,spillover,16,0,1,앰버서더,1.3,2025
이영지,spillover,17,0,1,모델,1.3,
이영지,spillover,18,0,1,모델,1.3,
이영지,spillover,19,0,1,모델,1.3,
이영지,spillover,20,0,1,모델,1.3,
이영지,spillover,21,2,1,수익,2.3,
이영지,spillover,22,1,0,,1.5,
이영지,spillover,23,1,1,투어,1.8,2024
이영지,spillover,24,0,1,투어,1.3,
이영지,spillover,25,0,1,방문,1.3,
이영지,spillover,26,0,0,,1.0,
이영지,spillover,27,0,0,,1.0,
이영지,spillover,28,0,0,,1.0,
이영지,spillover,29,2,1,모델,2.3,2025
이영지,spillover,30,0,2,모델|브랜드,1.6,
이영지,spillover,31,0,3,앰버서더|브랜드|소비,1.9,
이영지,spillover,32,4,0,,3.0,2024
이영지,spillover,33,0,0,,1.0,2026
이영지,spillover,34,0,1,모델,1.3,2025
이영지,spillover,35,0,2,앰버서더|브랜드,1.6,2025
이영지,spillover,36,1,2,관광|지역,2.1,2026
이영지,spillover,37,0,0,,1.0,2026
이영지,spillover,38,1,0,,1.5,2025
이영지,spillover,39,0,0,,1.0,
이영지,spillover,40,1,0,,1.5,
이영지,spillover,41,0,0,,1.0,
이영지,spillover,42,0,0,,1.0,
이영지,spillover,43,0,0,,1.0,
이영지,spillover,44,0,0,,1.0,
이영지,spillover,45,0,0,,1.0,
이영지,spillover,46,0,0,,1.0,
이영지,spillover,47,0,0,,1.0,
이영지,spillover,48,0,0,,1.0,2022
이영지,spillover,49,1,1,방문,1.8,2023
이영지,spillover,50,0,1,투어,1.3,
이영지,spillover,51,0,0,,1.0,2020
이영지,spillover,52,1,0,,1.5,2026
이영지,spillover,53,1,1,홍보대사,1.8,2020
이영지,spillover,54,1,1,모델,1.8,2022
이영지,spillover,55,1,0,,1.5,2026
이영지,spillover,56,2,1,앰버서더,2.3,2025
이영지,spillover,57,1,2,앰버서더|브랜드,2.1,2025
이영지,spillover,58,1,1,홍보대사,1.8,2021
이영지,spillover,59,1,1,모델,1.8,2022
이영지,spillover,60,1,1,앰버서더,1.8,2025
이영지,spillover,61,1,2,앰버서더|브랜드,2.1,2025
이영지,spillover,62,0,2,앰버서더|브랜드,1.6,
이영지,spillover,63,0,1,모델,1.3,
이영지,spillover,64,0,2,투어|콘서트,1.6,
이영지,spillover,65,0,0,,1.0,
이영지,spillover,66,0,0,,1.0,
이영지,spillover,67,0,0,,1.0,
지드래곤 (G-Dragon),loyalty,0,2,1,매진,2.3,2025
지드래곤 (G-Dragon),loyalty,1,1,0,,1.5,
지드래곤 (G-Dragon),loyalty,2,0,2,매진|팬클럽,1.6,
지드래곤 (G-Dragon),loyalty,3,1,2,팬클럽|결속,2.1,
지드래곤 (G-Dragon),loyalty,4,2,0,,2.0,
지드래곤 (G-Dragon),loyalty,5,0,0,,1.0,
지드래곤 (G-Dragon),loyalty,6,2,1,매진,2.3,2025
지드래곤 (G-Dragon),loyalty,7,1,0,,1.5,2025
지드래곤 (G-Dragon),loyalty,8,1,1,매진,1.8,2025
지드래곤 (G-Dragon),loyalty,9,3,1,매진,2.8,2025
지드래곤 (G-Dragon),loyalty,10,1,0,,1.5,
지드래곤 (G-Dragon),loyalty,11,0,1,매진,1.3,
지드래곤 (G-Dragon),loyalty,12,6,0,,4.0,
지드래곤 (G-Dragon),loyalty,13,1,0,,1.5,2025
지드래곤 (G-Dragon),loyalty,14,1,0,,1.5,2025
지드래곤 (G-Dragon),loyalty,15,3,1,팬클럽,2.8,2015|2016
지드래곤 (G-Dragon),loyalty,16,5,1,기부,3.8,2017
지드래곤 (G-Dragon),loyalty,17,2,1,매진,2.3,
지드래곤 (G-Dragon),loyalty,18,0,0,,1.0,2025
지드래곤 (G-Dragon),loyalty,19,0,0,,1.0,
지드래곤 (G-Dragon),loyalty,20,2,2,확장|팬클럽,2.6,2026
지드래곤 (G-Dragon),loyalty,21,1,1,팬클럽,1.8,2026
지드래곤 (G-Dragon),loyalty,22,1,0,,1.5,2025
지드래곤 (G-Dragon),loyalty,23,2,0,,2.0,2025
지드래곤 (G-Dragon),loyalty,24,3,0,,2.5,2025
지드래곤 (G-Dragon),loyalty,25,1,1,매진,1.8,2025
지드래곤 (G-Dragon),loyalty,26,2,0,,2.0,
지드래곤 (G-Dragon),loyalty,27,0,0,,1.0,
지드래곤 (G-Dragon),loyalty,28,0,0,,1.0,
지드래곤 (G-Dragon),loyalty,29,0,0,,1.0,2025
지드래곤 (G-Dragon),loyalty,30,0,0,,1.0,
지드래곤 (G-Dragon),loyalty,31,0,0,,1.0,
지드래곤 (G-Dragon),loyalty,32,1,0,,1.5,2025
지드래곤 (G-Dragon),loyalty,33,0,0,,1.0,
지드래곤 (G-Dragon),loyalty,34,1,0,,1.5,2017
지드래곤 (G-Dragon),loyalty,35,2,2,기부|팬클럽,2.6,2016
지드래곤 (G-Dragon),loyalty,36,2,2,기부|팬클럽,2.6,2016
지드래곤 (G-Dragon),loyalty,37,2,1,기부,2.3,2015
지드래곤 (G-Dragon),loyalty,38,2,1,기부,2.3,2025
지드래곤 (G-Dragon),loyalty,39,1,0,,1.5,2025
지드래곤 (G-Dragon),loyalty,40,0,1,지속,1.3,2023
지드래곤 (G-Dragon),loyalty,41,1,0,,1.5,2026
지드래곤 (G-Dragon),loyalty,42,1,0,,1.5,2026
지드래곤 (G-Dragon),loyalty,43,1,0,,1.5,2024|2025
지드래곤 (G-Dragon),loyalty,44,1,0,,1.5,2026
지드래곤 (G-Dragon),loyalty,45,0,0,,1.0,
지드래곤 (G-Dragon),loyalty,46,2,0,,2.0,
지드래곤 (G-Dragon),spillover,0,1,1,모델,1.8,2025
지드래곤 (G-Dragon),spillover,1,0,2,협업|콘서트,1.6,
지드래곤 (G-Dragon),spillover,2,3,3,모델|브랜드|수익,3.4,2025
지드래곤 (G-Dragon),spillover,3,1,1,앰버서더,1.8,2016
지드래곤 (G-Dragon),spillover,4,0,3,앰버서더|브랜드|소비,1.9,
지드래곤 (G-Dragon),spillover,5,0,1,투어,1.3,
지드래곤 (G-Dragon),spillover,6,1,1,홍보대사,1.8,2025
지드래곤 (G-Dragon),spillover,7,2,1,홍보대사,2.3,2025
지드래곤 (G-Dragon),spillover,8,1,5,경제효과|매출|관광|수익|콘서트,3.0,
지드래곤 (G-Dragon),spillover,9,1,2,매출|콘서트,2.1,
지드래곤 (G-Dragon),spillover,10,1,1,홍보대사,1.8,2026
지드래곤 (G-Dragon),spillover,11,0,1,콘서트,1.3,
지드래곤 (G-Dragon),spillover,12,2,1,앰버서더,2.3,2016|2017
지드래곤 (G-Dragon),spillover,13,6,0,,4.0,2017
지드래곤 (G-Dragon),spillover,14,1,1,지역,1.8,
지드래곤 (G-Dragon),spillover,15,4,1,투어,3.3,2025
지드래곤 (G-Dragon),spillover,16,1,1,홍보대사,1.8,2026
지드래곤 (G-Dragon),spillover,17,1,1,홍보대사,1.8,2025
지드래곤 (G-Dragon),spillover,18,6,0,,4.0,2024
지드래곤 (G-Dragon),spillover,19,4,0,,3.0,2020|2026
지드래곤 (G-Dragon),spillover,20,0,2,경제효과|콘서트,1.6,
지드래곤 (G-Dragon),spillover,21,0,1,앰버서더,1.3,2026
지드래곤 (G-Dragon),spillover,22,1,0,,1.5,
지드래곤 (G-Dragon),spillover,23,0,1,브랜드,1.3,
지드래곤 (G-Dragon),spillover,24,1,0,,1.5,
지드래곤 (G-Dragon),spillover,25,0,0,,1.0,
지드래곤 (G-Dragon),spillover,26,1,1,투어,1.8,2025
지드래곤 (G-Dragon),spillover,27,0,3,앰버서더|브랜드|콘서트,1.9,
지드래곤 (G-Dragon),spillover,28,0,1,앰버서더,1.3,
지드래곤 (G-Dragon),spillover,29,0,0,,1.0,
지드래곤 (G-Dragon),spillover,30,0,1,투어,1.3,2025
지드래곤 (G-Dragon),spillover,31,0,0,,1.0,
지드래곤 (G-Dragon),spillover,32,1,0,,1.5,
지드래곤 (G-Dragon),spillover,33,1,0,,1.5,
지드래곤 (G-Dragon),spillover,34,0,0,,1.0,
지드래곤 (G-Dragon),spillover,35,0,1,앰버서더,1.3,2026
지드래곤 (G-Dragon),spillover,36,1,1,브랜드,1.8,
지드래곤 (G-Dragon),spillover,37,1,2,투어|콘서트,2.1,2025
지드래곤 (G-Dragon),spillover,38,0,3,관광|브랜드|콘서트,1.9,
지드래곤 (G-Dragon),spillover,39,9,0,,5.5,2024|2025
지드래곤 (G-Dragon),spillover,40,6,0,,4.0,2017
지드래곤 (G-Dragon),spillover,41,3,0,,2.5,2024|2025
지드래곤 (G-Dragon),spillover,42,3,1,투어,2.8,2017
지드래곤 (G-Dragon),spillover,43,0,0,,1.0,
지드래곤 (G-Dragon),spillover,44,1,1,투어,1.8,2025
지드래곤 (G-Dragon),spillover,45,3,1,지역,2.8,2025
지드래곤 (G-Dragon),spillover,46,0,0,,1.0,
지드래곤 (G-Dragon),spillover,47,0,0,,1.0,
지드래곤 (G-Dragon),spillover,48,0,0,,1.0,
지드래곤 (G-Dragon),spillover,49,0,0,,1.0,
지드래곤 (G-Dragon),spillover,50,0,0,,1.0,
지드래곤 (G-Dragon),spillover,51,0,0,,1.0,
지드래곤 (G-Dragon),spillover,52,0,0,,1.0,
지드래곤 (G-Dragon),spillover,53,0,1,콘서트,1.3,
지드래곤 (G-Dragon),spillover,54,1,2,투어|콘서트,2.1,2025
지드래곤 (G-Dragon),spillover,55,0,0,,1.0,2025
지드래곤 (G-Dragon),spillover,56,0,1,콘서트,1.3,
지드래곤 (G-Dragon),spillover,57,0,0,,1.0,
지드래곤 (G-Dragon),spillover,58,1,0,,1.5,2025
지드래곤 (G-Dragon),spillover,59,0,0,,1.0,
지드래곤 (G-Dragon),spillover,60,2,0,,2.0,2024
지드래곤 (G-Dragon),spillover,61,1,2,투어|콘서트,2.1,2025
지드래곤 (G-Dragon),spillover,62,2,1,홍보대사,2.3,2026
지드래곤 (G-Dragon),spillover,63,2,2,매출|협업,2.6,
지드래곤 (G-Dragon),spillover,64,5,2,매출|모델,4.1,2025
지드래곤 (G-Dragon),spillover,65,1,1,협업,1.8,
지드래곤 (G-Dragon),spillover,66,1,0,,1.5,2016
지드래곤 (G-Dragon),spillover,67,2,0,,2.0,2026
지드래곤 (G-Dragon),spillover,68,2,0,,2.0,2026
지드래곤 (G-Dragon),spillover,69,2,0,,2.0,2026
지드래곤 (G-Dragon),spillover,70,3,1,투어,2.8,2026
지드래곤 (G-Dragon),spillover,71,1,1,모델,1.8,2025
지드래곤 (G-Dragon),spillover,72,1,1,모델,1.8,2025
지드래곤 (G-Dragon),spillover,73,1,1,앰버서더,1.8,2025|2026
지드래곤 (G-Dragon),spillover,74,1,2,브랜드|협업,2.1,2026
지드래곤 (G-Dragon),spillover,75,1,1,모델,1.8,2025
지드래곤 (G-Dragon),spillover,76,2,2,앰버서더|브랜드,2.6,2026
지드래곤 (G-Dragon),spillover,77,2,2,앰버서더|브랜드,2.6,2016
지드래곤 (G-Dragon),spillover,78,2,1,콘서트,2.3,2025
지드래곤 (G-Dragon),spillover,79,0,0,,1.0,
지드래곤 (G-Dragon),spillover,80,1,0,,1.5,
지드래곤 (G-Dragon),spillover,81,1,2,브랜드|협업,2.1,2016
지드래곤 (G-Dragon),spillover,82,0,0,,1.0,
지드래곤 (G-Dragon),spillover,83,1,1,투어,1.8,2017
지드래곤 (G-Dragon),spillover,84,1,1,협업,1.8,2026
지드래곤 (G-Dragon),spillover,85,1,0,,1.5,2025
지코,loyalty,0,1,1,팬클럽,1.8,2019
지코,loyalty,1,2,0,,2.0,2015
지코,loyalty,2,2,1,매진,2.3,2026
지코,loyalty,3,1,0,,1.5,2026
지코,loyalty,4,1,1,팬클럽,1.8,2019
지코,loyalty,5,1,0,,1.5,
지코,loyalty,6,2,0,,2.0,2024
지코,loyalty,7,1,1,팬클럽,1.8,2019
지코,loyalty,8,1,0,,1.5,
지코,loyalty,9,0,0,,1.0,
지코,loyalty,10,4,2,돌파|1위,3.6,
지코,loyalty,11,3,1,1위,2.8,2026
지코,loyalty,12,1,0,,1.5,2026
지코,loyalty,13,1,1,세대,1.8,2022
지코,loyalty,14,1,1,돌파,1.8,
지코,loyalty,15,1,0,,1.5,
지코,loyalty,16,1,0,,1.5,
지코,loyalty,17,0,0,,1.0,
지코,loyalty,18,0,0,,1.0,
지코,loyalty,19,0,0,,1.0,
지코,loyalty,20,0,0,,1.0,2023
지코,loyalty,21,1,0,,1.5,2018
지코,loyalty,22,1,0,,1.5,2015
지코,loyalty,23,1,1,팬클럽,1.8,2019
지코,loyalty,24,1,0,,1.5,2020
지코,loyalty,25,2,1,매진,2.3,2026
지코,loyalty,26,0,0,,1.0,
지코,loyalty,27,0,0,,1.0,
지코,spillover,0,1,1,브랜드,1.8,2024
지코,spillover,1,0,0,,1.0,
지코,spillover,2,1,0,,1.5,2018
지코,spillover,3,2,0,,2.0,2020
지코,spillover,4,1,1,지역,1.8,2024
지코,spillover,5,3,0,,2.5,2019|2020|2023
지코,spillover,6,0,1,협업,1.3,
지코,spillover,7,3,0,,2.5,
지코,spillover,8,5,0,,3.5,
지코,spillover,9,4,0,,3.0,
지코,spillover,10,4,0,,3.0,
지코,spillover,11,2,0,,2.0,
지코,spillover,12,3,0,,2.5,
지코,spillover,13,4,1,협업,3.3,2024
지코,spillover,14,0,1,협업,1.3,2024
지코,spillover,15,0,0,,1.0,2016
지코,spillover,16,1,2,앰버서더|홍보대사,2.1,2019
지코,spillover,17,2,0,,2.0,2019|2020
지코,spillover,18,0,1,협업,1.3,2016|2018|2020|2024
지코,spillover,19,2,0,,2.0,
지코,spillover,20,1,0,,1.5,
지코,spillover,21,0,2,모델|브랜드,1.6,
지코,spillover,22,1,1,모델,1.8,
지코,spillover,23,2,1,콘서트,2.3,2026
지코,spillover,24,1,2,협업|콘서트,2.1,
지코,spillover,25,0,0,,1.0,
지코,spillover,26,0,0,,1.0,
지코,spillover,27,3,0,,2.5,
지코,spillover,28,1,2,모델|브랜드,2.1,
지코,spillover,29,1,2,모델|브랜드,2.1,
지코,spillover,30,5,0,,3.5,
지코,spillover,31,6,0,,4.0,
지코,spillover,32,3,0,,2.5,2024
지코,spillover,33,3,0,,2.5,
지코,spillover,34,0,1,소비,1.3,2025
지코,spillover,35,0,0,,1.0,2025
지코,spillover,36,0,0,,1.0,
지코,spillover,37,0,0,,1.0,
지코,spillover,38,0,0,,1.0,
지코,spillover,39,0,0,,1.0,
지코,spillover,40,0,0,,1.0,
지코,spillover,41,1,0,,1.5,
지코,spillover,42,0,1,콘서트,1.3,
지코,spillover,43,0,0,,1.0,
지코,spillover,44,1,0,,1.5,2026
지코,spillover,45,0,0,,1.0,
지코,spillover,46,2,0,,2.0,2020
지코,spillover,47,1,0,,1.5,2025
지코,spillover,48,1,1,홍보대사,1.8,2019
지코,spillover,49,1,0,,1.5,2020
지코,spillover,50,1,0,,1.5,2026
지코,spillover,51,1,0,,1.5,2026
지코,spillover,52,1,2,앰버서더|브랜드,2.1,2024
지코,spillover,53,1,2,앰버서더|브랜드,2.1,2022
지코,spillover,54,0,2,모델|브랜드,1.6,
지코,spillover,55,1,1,모델,1.8,2016
지코,spillover,56,2,2,브랜드|협업,2.6,2016|2020
지코,spillover,57,1,1,모델,1.8,2016
지코,spillover,58,1,0,,1.5,2016
지코,spillover,59,1,0,,1.5,2016
지코,spillover,60,1,1,모델,1.8,2016
지코,spillover,61,1,2,앰버서더|브랜드,2.1,2022
지코,spillover,62,0,1,협업,1.3,
지코,spillover,63,1,0,,1.5,2026
지코,spillover,64,0,0,,1.0,2026
지코,spillover,65,3,0,,2.5,2018|2026
지코,spillover,66,1,0,,1.5,
지코,spillover,67,0,0,,1.0,
지코,spillover,68,0,1,콘서트,1.3,
지코,spillover,69,1,0,,1.5,2026
지코,spillover,70,1,0,,1.5,
지코,spillover,71,1,1,협업,1.8,
지코,spillover,72,1,0,,1.5,
박재범,loyalty,0,2,2,출범|팬클럽,2.6,2024|2025
박재범,loyalty,1,0,1,팬클럽,1.3,
박재범,loyalty,2,0,0,,1.0,
박재범,loyalty,3,0,0,,1.0,
박재범,loyalty,4,0,0,,1.0,
박재범,loyalty,5,0,0,,1.0,2017|2018
박재범,loyalty,6,0,0,,1.0,
박재범,loyalty,7,0,0,,1.0,
박재범,loyalty,8,0,0,,1.0,
박재범,loyalty,9,0,0,,1.0,
박재범,loyalty,10,1,0,,1.5,
박재범,loyalty,11,2,0,,2.0,2025
박재범,loyalty,12,0,0,,1.0,
박재범,loyalty,13,1,0,,1.5,2023
박재범,loyalty,14,2,0,,2.0,2025
박재범,loyalty,15,0,2,기부|팬클럽,1.6,
박재범,loyalty,16,0,1,팬클럽,1.3,2025
박재범,loyalty,17,1,0,,1.5,2025
박재범,loyalty,18,0,0,,1.0,2026
박재범,loyalty,19,0,0,,1.0,
박재범,loyalty,20,1,1,기부,1.8,
박재범,loyalty,21,0,0,,1.0,
박재범,loyalty,22,1,0,,1.5,
박재범,loyalty,23,0,0,,1.0,
박재범,loyalty,24,1,0,,1.5,2026
박재범,loyalty,25,0,0,,1.0,
박재범,loyalty,26,1,0,,1.5,
박재범,loyalty,27,0,0,,1.0,2025
박재범,loyalty,28,0,0,,1.0,2025
박재범,loyalty,29,0,0,,1.0,
박재범,loyalty,30,0,0,,1.0,
박재범,loyalty,31,1,0,,1.5,
박재범,loyalty,32,1,0,,1.5,
박재범,loyalty,33,0,0,,1.0,
박재범,loyalty,34,0,0,,1.0,2026
박재범,loyalty,35,0,0,,1.0,2026
박재범,loyalty,36,0,0,,1.0,
박재범,loyalty,37,3,1,지속,2.8,2019|2024
박재범,loyalty,38,1,0,,1.5,2026
박재범,loyalty,39,1,0,,1.5,2026
박재범,loyalty,40,2,1,기부,2.3,2016
박재범,loyalty,41,2,1,기부,2.3,2017
박재범,loyalty,42,0,1,팬클럽,1.3,
박재범,loyalty,43,0,1,지속,1.3,
박재범,loyalty,44,1,0,,1.5,2026
박재범,loyalty,45,0,0,,1.0,2026
박재범,loyalty,46,1,0,,1.5,
박재범,loyalty,47,2,0,,2.0,2026
박재범,loyalty,48,0,0,,1.0,
박재범,spillover,0,1,1,브랜드,1.8,
박재범,spillover,1,0,1,팝업,1.3,
박재범,spillover,2,4,0,,3.0,2016|2021
박재범,spillover,3,1,1,브랜드,1.8,2025
박재범,spillover,4,0,0,,1.0,
박재범,spillover,5,2,1,앰버서더,2.3,2023|2024
박재범,spillover,6,1,1,브랜드,1.8,2022
박재범,spillover,7,0,0,,1.0,
박재범,spillover,8,0,0,,1.0,2023|2024
박재범,spillover,9,0,0,,1.0,
박재범,spillover,10,0,0,,1.0,2022
박재범,spillover,11,0,0,,1.0,2016
박재범,spillover,12,0,0,,1.0,
박재범,spillover,13,0,1,매출,1.3,
박재범,spillover,14,0,2,앰버서더|브랜드,1.6,
박재범,spillover,15,0,0,,1.0,
박재범,spillover,16,0,0,,1.0,
박재범,spillover,17,0,0,,1.0,
박재범,spillover,18,0,0,,1.0,
박재범,spillover,19,0,1,투어,1.3,
박재범,spillover,20,6,1,팝업,4.3,2025
박재범,spillover,21,0,2,브랜드|협업,1.6,
박재범,spillover,22,1,1,방문,1.8,2023
박재범,spillover,23,2,0,,2.0,2016
박재범,spillover,24,1,0,,1.5,
박재범,spillover,25,0,0,,1.0,2026
박재범,spillover,26,0,0,,1.0,2026
박재범,spillover,27,0,2,브랜드|지역,1.6,
박재범,spillover,28,0,0,,1.0,
박재범,spillover,29,0,0,,1.0,
박재범,spillover,30,1,0,,1.5,2026
박재범,spillover,31,1,0,,1.5,2026
박재범,spillover,32,0,0,,1.0,
박재범,spillover,33,1,0,,1.5,
박재범,spillover,34,1,1,투어,1.8,2025
박재범,spillover,35,0,0,,1.0,
박재범,spillover,36,0,0,,1.0,
박재범,spillover,37,0,0,,1.0,2026
박재범,spillover,38,0,0,,1.0,
박재범,spillover,39,1,1,홍보대사,1.8,
박재범,spillover,40,1,1,홍보대사,1.8,
박재범,spillover,41,1,1,홍보대사,1.8,
박재범,spillover,42,1,2,관광|홍보대사,2.1,
박재범,spillover,43,5,1,팝업,3.8,2022
박재범,spillover,44,7,0,,4.5,2022
박재범,spillover,45,1,1,콘서트,1.8,2015
박재범,spillover,46,1,0,,1.5,2026
박재범,spillover,47,1,2,앰버서더|브랜드,2.1,2023
박재범,spillover,48,1,2,모델|브랜드,2.1,2022
박재범,spillover,49,1,1,모델,1.8,2023
박재범,spillover,50,1,1,모델,1.8,2023
박재범,spillover,51,1,0,,1.5,2022
박재범,spillover,52,1,1,투어,1.8,2023
박재범,spillover,53,0,0,,1.0,
박재범,spillover,54,2,0,,2.0,
박재범,spillover,55,1,0,,1.5,2026
박재범,spillover,56,1,0,,1.5,2025
박재범,spillover,57,0,1,협업,1.3,
박재범,spillover,58,1,0,,1.5,
박재범,spillover,59,1,0,,1.5,2026
박재범,spillover,60,0,0,,1.0,
다이나믹듀오,loyalty,0,5,1,1위,3.8,2017
다이나믹듀오,loyalty,1,2,1,매진,2.3,2023
다이나믹듀오,loyalty,2,3,0,,2.5,2024|2025
다이나믹듀오,loyalty,3,0,1,결속,1.3,
다이나믹듀오,loyalty,4,1,0,,1.5,
다이나믹듀오,loyalty,5,4,1,지속,3.3,2024
다이나믹듀오,loyalty,6,0,1,세대,1.3,2025
다이나믹듀오,loyalty,7,0,0,,1.0,2026
다이나믹듀오,loyalty,8,1,1,매진,1.8,2025
다이나믹듀오,loyalty,9,0,0,,1.0,
다이나믹듀오,loyalty,10,0,0,,1.0,
다이나믹듀오,loyalty,11,3,1,매진,2.8,2023|2024|2025
다이나믹듀오,loyalty,12,2,1,세대,2.3,2025
다이나믹듀오,loyalty,13,4,1,세대,3.3,2025|2026
다이나믹듀오,loyalty,14,1,1,매진,1.8,2025
다이나믹듀오,loyalty,15,0,1,확장,1.3,2025|2026
다이나믹듀오,loyalty,16,0,0,,1.0,
다이나믹듀오,loyalty,17,0,0,,1.0,
다이나믹듀오,loyalty,18,0,0,,1.0,
다이나믹듀오,loyalty,19,0,0,,1.0,
다이나믹듀오,loyalty,20,1,0,,1.5,2025
다이나믹듀오,loyalty,21,1,1,매진,1.8,2025
다이나믹듀오,loyalty,22,4,1,1위,3.3,
다이나믹듀오,loyalty,23,2,0,,2.0,2025
다이나믹듀오,loyalty,24,3,0,,2.5,2026
다이나믹듀오,loyalty,25,1,1,매진,1.8,
다이나믹듀오,spillover,0,1,0,,1.5,
다이나믹듀오,spillover,1,0,1,콘서트,1.3,
다이나믹듀오,spillover,2,2,0,,2.0,2024
다이나믹듀오,spillover,3,0,0,,1.0,
다이나믹듀오,spillover,4,0,0,,1.0,
다이나믹듀오,spillover,5,1,1,협업,1.8,
다이나믹듀오,spillover,6,0,0,,1.0,
다이나믹듀오,spillover,7,0,0,,1.0,2017|2024
다이나믹듀오,spillover,8,1,0,,1.5,
다이나믹듀오,spillover,9,0,2,상권|지역,1.6,
다이나믹듀오,spillover,10,0,1,투어,1.3,
다이나믹듀오,spillover,11,0,1,투어,1.3,
다이나믹듀오,spillover,12,1,0,,1.5,2026
다이나믹듀오,spillover,13,1,3,브랜드|협업|소비,2.4,
다이나믹듀오,spillover,14,3,0,,2.5,2026
다이나믹듀오,spillover,15,3,0,,2.5,
다이나믹듀오,spillover,16,2,0,,2.0,2017
다이나믹듀오,spillover,17,1,3,지역|투어|콘서트,2.4,2025
다이나믹듀오,spillover,18,1,1,지역,1.8,
다이나믹듀오,spillover,19,1,1,지역,1.8,
다이나믹듀오,spillover,20,0,0,,1.0,
다이나믹듀오,spillover,21,1,0,,1.5,2022
다이나믹듀오,spillover,22,0,0,,1.0,
다이나믹듀오,spillover,23,0,0,,1.0,
다이나믹듀오,spillover,24,0,1,협업,1.3,
다이나믹듀오,spillover,25,1,0,,1.5,2022
다이나믹듀오,spillover,26,0,0,,1.0,
다이나믹듀오,spillover,27,1,0,,1.5,
다이나믹듀오,spillover,28,1,0,,1.5,2017
다이나믹듀오,spillover,29,1,0,,1.5,2020
다이나믹듀오,spillover,30,1,0,,1.5,
다이나믹듀오,spillover,31,2,1,협업,2.3,2017
다이나믹듀오,spillover,32,2,1,콘서트,2.3,2026
다이나믹듀오,spillover,33,2,0,,2.0,2025
다이나믹듀오,spillover,34,2,0,,2.0,2025
다이나믹듀오,spillover,35,1,1,협업,1.8,2025
다이나믹듀오,spillover,36,1,0,,1.5,2025
다이나믹듀오,spillover,37,3,0,,2.5,2019|2023
다이나믹듀오,spillover,38,3,0,,2.5,2018
다이나믹듀오,spillover,39,0,0,,1.0,
다이나믹듀오,spillover,40,3,0,,2.5,2015|2018
다이나믹듀오,spillover,41,0,0,,1.0,
에픽하이,loyalty,0,2,0,,2.0,2026
에픽하이,loyalty,1,1,1,매진,1.8,2026
에픽하이,loyalty,2,3,0,,2.5,2023
에픽하이,loyalty,3,0,1,매진,1.3,
에픽하이,loyalty,4,0,1,팬클럽,1.3,
에픽하이,loyalty,5,2,0,,2.0,
에픽하이,loyalty,6,1,0,,1.5,2026
에픽하이,loyalty,7,0,0,,1.0,2025
에픽하이,loyalty,8,1,0,,1.5,2026
에픽하이,loyalty,9,0,0,,1.0,
에픽하이,loyalty,10,0,0,,1.0,
에픽하이,loyalty,11,0,0,,1.0,
에픽하이,loyalty,12,0,0,,1.0,
에픽하이,loyalty,13,1,0,,1.5,2025
에픽하이,loyalty,14,0,0,,1.0,2025
에픽하이,loyalty,15,1,0,,1.5,2022
에픽하이,loyalty,16,1,0,,1.5,2026
에픽하이,loyalty,17,0,0,,1.0,
에픽하이,loyalty,18,0,0,,1.0,
에픽하이,loyalty,19,1,0,,1.5,2023
에픽하이,loyalty,20,0,0,,1.0,
에픽하이,loyalty,21,0,0,,1.0,
에픽하이,loyalty,22,0,0,,1.0,
에픽하이,loyalty,23,0,0,,1.0,2025
에픽하이,loyalty,24,0,0,,1.0,
에픽하이,loyalty,25,0,0,,1.0,
에픽하이,loyalty,26,0,0,,1.0,
에픽하이,loyalty,27,0,0,,1.0,
에픽하이,loyalty,28,0,0,,1.0,
에픽하이,loyalty,29,0,0,,1.0,
에픽하이,loyalty,30,1,0,,1.5,2019
에픽하이,loyalty,31,0,0,,1.0,
에픽하이,loyalty,32,0,0,,1.0,
에픽하이,loyalty,33,0,0,,1.0,
에픽하이,loyalty,34,1,0,,1.5,2019
에픽하이,loyalty,35,1,0,,1.5,2022
에픽하이,loyalty,36,0,0,,1.0,
에픽하이,loyalty,37,2,1,1위,2.3,2026
에픽하이,loyalty,38,1,0,,1.5,2026
에픽하이,loyalty,39,1,1,매진,1.8,2025
에픽하이,loyalty,40,2,1,매진,2.3,2025
에픽하이,loyalty,41,0,1,팬클럽,1.3,
에픽하이,loyalty,42,2,0,,2.0,
에픽하이,loyalty,43,0,0,,1.0,
에픽하이,loyalty,44,1,0,,1.5,2019
에픽하이,loyalty,45,0,0,,1.0,
에픽하이,spillover,0,0,2,협업|콘서트,1.6,
에픽하이,spillover,1,1,0,,1.5,2016
에픽하이,spillover,2,0,1,협업,1.3,
에픽하이,spillover,3,2,1,투어,2.3,2026
에픽하이,spillover,4,0,0,,1.0,2016|2022
에픽하이,spillover,5,0,0,,1.0,
에픽하이,spillover,6,0,0,,1.0,2024
에픽하이,spillover,7,0,2,방문|투어,1.6,
에픽하이,spillover,8,0,1,투어,1.3,
에픽하이,spillover,9,0,0,,1.0,
에픽하이,spillover,10,0,0,,1.0,
에픽하이,spillover,11,0,0,,1.0,
에픽하이,spillover,12,0,1,콘서트,1.3,
에픽하이,spillover,13,1,0,,1.5,
에픽하이,spillover,14,1,0,,1.5,
에픽하이,spillover,15,0,1,협업,1.3,2025
에픽하이,spillover,16,1,0,,1.5,2025
에픽하이,spillover,17,0,1,소비,1.3,
에픽하이,spillover,18,0,0,,1.0,
에픽하이,spillover,19,0,0,,1.0,
에픽하이,spillover,20,0,0,,1.0,2026
에픽하이,spillover,21,0,1,협업,1.3,
에픽하이,spillover,22,0,0,,1.0,
에픽하이,spillover,23,0,0,,1.0,
에픽하이,spillover,24,1,0,,1.5,2024
에픽하이,spillover,25,1,1,홍보대사,1.8,
에픽하이,spillover,26,2,0,,2.0,2019
에픽하이,spillover,27,2,0,,2.0,2026
에픽하이,spillover,28,1,2,모델|브랜드,2.1,
에픽하이,spillover,29,1,1,모델,1.8,
에픽하이,spillover,30,1,0,,1.5,2025
에픽하이,spillover,31,1,0,,1.5,2022
에픽하이,spillover,32,1,0,,1.5,
에픽하이,spillover,33,1,1,모델,1.8,2019
에픽하이,spillover,34,1,0,,1.5,2022
에픽하이,spillover,35,0,1,협업,1.3,
에픽하이,spillover,36,1,0,,1.5,2025
에픽하이,spillover,37,1,1,콘서트,1.8,2025
에픽하이,spillover,38,1,0,,1.5,2025
에픽하이,spillover,39,1,0,,1.5,2021
에픽하이,spillover,40,2,1,협업,2.3,2020
악동뮤지션,loyalty,0,2,0,,2.0,2024
악동뮤지션,loyalty,1,1,1,매진,1.8,2026
악동뮤지션,loyalty,2,4,1,돌파,3.3,2026
악동뮤지션,loyalty,3,2,0,,2.0,2024
악동뮤지션,loyalty,4,2,1,매진,2.3,2017
악동뮤지션,loyalty,5,4,0,,3.0,2026
악동뮤지션,loyalty,6,1,1,매진,1.8,2017
악동뮤지션,loyalty,7,1,1,매진,1.8,2019
악동뮤지션,loyalty,8,1,1,팬클럽,1.8,
악동뮤지션,loyalty,9,0,0,,1.0,2017|2019
악동뮤지션,loyalty,10,0,0,,1.0,2016
악동뮤지션,loyalty,11,0,0,,1.0,2024
악동뮤지션,loyalty,12,0,0,,1.0,
악동뮤지션,loyalty,13,0,1,매진,1.3,2023|2024
악동뮤지션,loyalty,14,2,1,1위,2.3,2026
악동뮤지션,loyalty,15,3,0,,2.5,2024
악동뮤지션,loyalty,16,1,0,,1.5,2023|2024
악동뮤지션,loyalty,17,0,1,매진,1.3,
악동뮤지션,loyalty,18,1,0,,1.5,2022
악동뮤지션,loyalty,19,2,1,팬클럽,2.3,2026
악동뮤지션,loyalty,20,0,0,,1.0,
악동뮤지션,loyalty,21,0,0,,1.0,
악동뮤지션,loyalty,22,0,0,,1.0,
악동뮤지션,spillover,0,1,2,앰버서더|브랜드,2.1,2025
악동뮤지션,spillover,1,3,2,지역|투어,3.1,2017|2023|2024
악동뮤지션,spillover,2,2,1,소비,2.3,
악동뮤지션,spillover,3,6,1,소비,4.3,2019
악동뮤지션,spillover,4,4,0,,3.0,2026
악동뮤지션,spillover,5,3,0,,2.5,2026
악동뮤지션,spillover,6,1,0,,1.5,
악동뮤지션,spillover,7,2,0,,2.0,2019
악동뮤지션,spillover,8,0,0,,1.0,
악동뮤지션,spillover,9,3,0,,2.5,2026
악동뮤지션,spillover,10,0,0,,1.0,
악동뮤지션,spillover,11,2,0,,2.0,
악동뮤지션,spillover,12,0,0,,1.0,2023
악동뮤지션,spillover,13,0,0,,1.0,2026
악동뮤지션,spillover,14,0,0,,1.0,2025
악동뮤지션,spillover,15,0,0,,1.0,
악동뮤지션,spillover,16,0,2,지역|투어,1.6,
악동뮤지션,spillover,17,3,0,,2.5,2025
악동뮤지션,spillover,18,3,0,,2.5,
악동뮤지션,spillover,19,3,0,,2.5,
악동뮤지션,spillover,20,2,0,,2.0,
악동뮤지션,spillover,21,2,0,,2.0,2026
악동뮤지션,spillover,22,1,0,,1.5,2025
악동뮤지션,spillover,23,0,0,,1.0,
악동뮤지션,spillover,24,0,0,,1.0,
악동뮤지션,spillover,25,1,0,,1.5,
악동뮤지션,spillover,26,0,0,,1.0,
악동뮤지션,spillover,27,0,0,,1.0,
악동뮤지션,spillover,28,0,0,,1.0,
악동뮤지션,spillover,29,2,0,,2.0,2026
악동뮤지션,spillover,30,0,0,,1.0,
악동뮤지션,spillover,31,0,0,,1.0,
악동뮤지션,spillover,32,0,0,,1.0,
악동뮤지션,spillover,33,1,0,,1.5,2021
악동뮤지션,spillover,34,2,0,,2.0,
악동뮤지션,spillover,35,1,0,,1.5,2016
악동뮤지션,spillover,36,1,0,,1.5,
악동뮤지션,spillover,37,1,0,,1.5,2016
악동뮤지션,spillover,38,0,0,,1.0,2018|2019|2020|2023
악동뮤지션,spillover,39,0,0,,1.0,
악동뮤지션,spillover,40,4,0,,3.0,2022|2026
악동뮤지션,spillover,41,1,0,,1.5,
악동뮤지션,spillover,42,1,1,홍보대사,1.8,
악동뮤지션,spillover,43,2,0,,2.0,2019
악동뮤지션,spillover,44,1,2,앰버서더|브랜드,2.1,2025
악동뮤지션,spillover,45,1,1,앰버서더,1.8,2025
악동뮤지션,spillover,46,2,0,,2.0,
악동뮤지션,spillover,47,0,0,,1.0,
악동뮤지션,spillover,48,4,2,방문|투어,3.6,2016|2024
악동뮤지션,spillover,49,4,0,,3.0,2018
악동뮤지션,spillover,50,1,0,,1.5,
임영웅,loyalty,0,3,1,팬카페,2.8,2026
임영웅,loyalty,1,1,1,매진,1.8,2025|2026
임영웅,loyalty,2,4,2,돌파|1위,3.6,
임영웅,loyalty,3,1,1,밀리언셀러,1.8,
임영웅,loyalty,4,1,2,기부|팬클럽,2.1,
임영웅,loyalty,5,2,2,팬클럽|결속,2.6,
임영웅,loyalty,6,4,4,지속|1위|팬클럽|결속,4.2,2026
임영웅,loyalty,7,1,0,,1.5,
임영웅,loyalty,8,2,0,,2.0,
임영웅,loyalty,9,3,1,팬카페,2.8,2023
임영웅,loyalty,10,1,1,팬카페,1.8,
임영웅,loyalty,11,2,1,매진,2.3,2025
임영웅,loyalty,12,0,1,매진,1.3,
임영웅,loyalty,13,0,1,매진,1.3,
임영웅,loyalty,14,1,1,팬클럽,1.8,2024
임영웅,loyalty,15,4,1,매진,3.3,
임영웅,loyalty,16,1,2,기부|돌파,2.1,
임영웅,loyalty,17,2,1,기부,2.3,2026
임영웅,loyalty,18,0,0,,1.0,2022
임영웅,loyalty,19,0,0,,1.0,2026
임영웅,loyalty,20,0,0,,1.0,2020
임영웅,loyalty,21,1,0,,1.5,
임영웅,loyalty,22,0,0,,1.0,
임영웅,loyalty,23,0,0,,1.0,
임영웅,loyalty,24,0,0,,1.0,
임영웅,loyalty,25,0,0,,1.0,
임영웅,loyalty,26,0,0,,1.0,2026
임영웅,loyalty,27,1,2,기부|팬클럽,2.1,
임영웅,loyalty,28,0,2,기부|팬클럽,1.6,
임영웅,loyalty,29,1,2,기부|지속,2.1,
임영웅,loyalty,30,1,1,팬클럽,1.8,
임영웅,loyalty,31,1,0,,1.5,2026
임영웅,loyalty,32,2,1,기부,2.3,
임영웅,loyalty,33,3,2,기부|팬클럽,3.1,2026
임영웅,loyalty,34,1,1,팬클럽,1.8,
임영웅,loyalty,35,0,2,지속|팬클럽,1.6,
임영웅,loyalty,36,1,0,,1.5,
임영웅,loyalty,37,0,0,,1.0,2026
임영웅,loyalty,38,1,0,,1.5,
임영웅,loyalty,39,0,0,,1.0,
임영웅,loyalty,40,1,0,,1.5,2025
임영웅,loyalty,41,3,0,,2.5,
임영웅,loyalty,42,0,0,,1.0,
임영웅,loyalty,43,1,0,,1.5,
임영웅,loyalty,44,1,0,,1.5,
임영웅,loyalty,45,1,0,,1.5,
임영웅,loyalty,46,0,0,,1.0,
임영웅,loyalty,47,1,0,,1.5,2023
임영웅,loyalty,48,1,0,,1.5,2022
임영웅,loyalty,49,7,1,1위,4.8,2026
임영웅,loyalty,50,2,2,기부|팬클럽,2.6,2025
임영웅,loyalty,51,4,2,기부|팬클럽,3.6,2026
임영웅,loyalty,52,3,2,기부|팬클럽,3.1,2026
임영웅,loyalty,53,1,3,기부|지속|팬클럽,2.4,2025
임영웅,loyalty,54,0,2,기부|팬클럽,1.6,
임영웅,loyalty,55,0,0,,1.0,
임영웅,loyalty,56,4,0,,3.0,2026
임영웅,loyalty,57,5,1,돌파,3.8,2022|2026
임영웅,loyalty,58,4,1,1위,3.3,2026
임영웅,spillover,0,6,2,매출|콘서트,4.6,
임영웅,spillover,1,3,1,모델,2.8,
임영웅,spillover,2,1,2,모델|브랜드,2.1,2024
임영웅,spillover,3,3,2,모델|브랜드,3.1,2026
임영웅,spillover,4,2,2,수익|콘서트,2.6,
임영웅,spillover,5,8,2,모델|브랜드,5.6,2021|2023|2024
임영웅,spillover,6,2,2,모델|브랜드,2.6,2026
임영웅,spillover,7,6,3,매출|콘서트|소비,4.9,2025
임영웅,spillover,8,2,2,관광|지역,2.6,
임영웅,spillover,9,1,2,모델|브랜드,2.1,2025
임영웅,spillover,10,6,2,모델|브랜드,4.6,2025|2026
임영웅,spillover,11,1,0,,1.5,
임영웅,spillover,12,1,0,,1.5,
임영웅,spillover,13,2,0,,2.0,
임영웅,spillover,14,1,1,콘서트,1.8,2024
임영웅,spillover,15,1,0,,1.5,
임영웅,spillover,16,1,1,모델,1.8,2024
임영웅,spillover,17,0,0,,1.0,
임영웅,spillover,18,1,0,,1.5,2025|2026
임영웅,spillover,19,0,0,,1.0,2024|2026
임영웅,spillover,20,0,0,,1.0,2019|2020
임영웅,spillover,21,0,0,,1.0,2026
임영웅,spillover,22,0,0,,1.0,2026
임영웅,spillover,23,0,0,,1.0,
임영웅,spillover,24,0,0,,1.0,
임영웅,spillover,25,0,0,,1.0,
임영웅,spillover,26,4,3,매출|지역|투어,3.9,2026
임영웅,spillover,27,2,0,,2.0,2025
임영웅,spillover,28,0,0,,1.0,
임영웅,spillover,29,6,0,,4.0,2022
임영웅,spillover,30,0,0,,1.0,2025
임영웅,spillover,31,1,1,홍보대사,1.8,2024
임영웅,spillover,32,0,0,,1.0,
임영웅,spillover,33,0,0,,1.0,
임영웅,spillover,34,0,0,,1.0,
임영웅,spillover,35,0,1,콘서트,1.3,
임영웅,spillover,36,0,0,,1.0,
임영웅,spillover,37,2,1,콘서트,2.3,2025|2026
임영웅,spillover,38,3,2,매출|콘서트,3.1,
임영웅,spillover,39,1,1,콘서트,1.8,
임영웅,spillover,40,0,0,,1.0,
임영웅,spillover,41,1,0,,1.5,
임영웅,spillover,42,2,0,,2.0,2026
임영웅,spillover,43,2,0,,2.0,
임영웅,spillover,44,2,0,,2.0,2021
임영웅,spillover,45,1,0,,1.5,2025
임영웅,spillover,46,0,0,,1.0,
임영웅,spillover,47,2,0,,2.0,2026
임영웅,spillover,48,1,0,,1.5,2020
임영웅,spillover,49,1,1,홍보대사,1.8,2024
임영웅,spillover,50,4,2,모델|수익,3.6,
임영웅,spillover,51,8,2,매출|수익,5.6,
임영웅,spillover,52,11,1,수익,6.8,2025
임영웅,spillover,53,2,1,브랜드,2.3,2024
임영웅,spillover,54,6,0,,4.0,2026
임영웅,spillover,55,4,0,,3.0,2026
임영웅,spillover,56,3,1,콘서트,2.8,2026
임영웅,spillover,57,0,1,모델,1.3,
임영웅,spillover,58,1,2,모델|브랜드,2.1,2024
임영웅,spillover,59,1,2,모델|브랜드,2.1,2022
임영웅,spillover,60,2,2,모델|브랜드,2.6,2021
임영웅,spillover,61,2,1,모델,2.3,2020
임영웅,spillover,62,1,1,모델,1.8,2020
임영웅,spillover,63,1,1,모델,1.8,2022
임영웅,spillover,64,1,1,모델,1.8,2025
임영웅,spillover,65,0,1,모델,1.3,
임영웅,spillover,66,1,0,,1.5,2020
임영웅,spillover,67,2,2,모델|브랜드,2.6,2020|2023
임영웅,spillover,68,1,1,모델,1.8,2020
임영웅,spillover,69,4,2,매출|콘서트,3.6,
임영웅,spillover,70,1,2,모델|브랜드,2.1,2021
임영웅,spillover,71,1,2,모델|브랜드,2.1,2020
송가인,loyalty,0,3,1,팬클럽,2.8,2020
송가인,loyalty,1,1,1,매진,1.8,2019
송가인,loyalty,2,0,2,팬클럽|결속,1.6,
송가인,loyalty,3,2,1,지속,2.3,2019|2025
송가인,loyalty,4,1,1,최초,1.8,2026
송가인,loyalty,5,0,2,팬클럽|팬카페,1.6,
송가인,loyalty,6,3,1,팬카페,2.8,2020
송가인,loyalty,7,1,0,,1.5,2019
송가인,loyalty,8,1,1,매진,1.8,2024
송가인,loyalty,9,2,0,,2.0,2020
송가인,loyalty,10,1,0,,1.5,2021
송가인,loyalty,11,0,0,,1.0,
송가인,loyalty,12,0,0,,1.0,
송가인,loyalty,13,1,0,,1.5,2026
송가인,loyalty,14,3,2,기부|팬클럽,3.1,2025
송가인,loyalty,15,3,0,,2.5,2026
송가인,loyalty,16,1,1,돌파,1.8,2025
송가인,loyalty,17,1,0,,1.5,2025
송가인,loyalty,18,0,0,,1.0,
송가인,loyalty,19,0,0,,1.0,
송가인,loyalty,20,0,0,,1.0,
송가인,loyalty,21,1,1,돌파,1.8,
송가인,loyalty,22,1,1,돌파,1.8,
송가인,loyalty,23,1,0,,1.5,2024
송가인,loyalty,24,1,0,,1.5,2025
송가인,loyalty,25,0,0,,1.0,
송가인,loyalty,26,0,0,,1.0,
송가인,loyalty,27,0,0,,1.0,
송가인,loyalty,28,3,2,기부|팬클럽,3.1,2025
송가인,loyalty,29,0,4,기부|지속|팬클럽|팬카페,2.2,
송가인,loyalty,30,3,2,기부|팬클럽,3.1,2025
송가인,loyalty,31,2,1,팬카페,2.3,2021
송가인,loyalty,32,0,2,기부|팬클럽,1.6,
송가인,loyalty,33,2,2,기부|팬클럽,2.6,2020
송가인,spillover,0,1,3,관광|지역|홍보대사,2.4,2019
송가인,spillover,1,1,3,관광|방문|지역,2.4,
송가인,spillover,2,1,2,모델|브랜드,2.1,2025
송가인,spillover,3,1,1,홍보대사,1.8,2026
송가인,spillover,4,1,1,지역,1.8,2026
송가인,spillover,5,2,0,,2.0,2019
송가인,spillover,6,6,0,,4.0,2019|2020
송가인,spillover,7,1,3,관광|모델|지역,2.4,2026
송가인,spillover,8,1,1,콘서트,1.8,2026
송가인,spillover,9,1,0,,1.5,2020
송가인,spillover,10,0,0,,1.0,2019|2022|2025
송가인,spillover,11,0,0,,1.0,2019|2020|2021|2022|2023
송가인,spillover,12,0,0,,1.0,2026
송가인,spillover,13,0,0,,1.0,
송가인,spillover,14,0,1,콘서트,1.3,
송가인,spillover,15,0,2,지역|콘서트,1.6,
송가인,spillover,16,0,4,관광|모델|지역|소비,2.2,
송가인,spillover,17,0,2,지자체|홍보대사,1.6,2025
송가인,spillover,18,3,0,,2.5,2025
송가인,spillover,19,1,1,콘서트,1.8,
송가인,spillover,20,3,1,콘서트,2.8,2021
송가인,spillover,21,2,2,관광|지역,2.6,2026
송가인,spillover,22,2,0,,2.0,2025
송가인,spillover,23,1,2,투어|콘서트,2.1,2022
송가인,spillover,24,0,0,,1.0,2022
송가인,spillover,25,0,1,콘서트,1.3,2021
송가인,spillover,26,1,0,,1.5,2020
송가인,spillover,27,1,1,콘서트,1.8,2021
송가인,spillover,28,1,0,,1.5,2022
송가인,spillover,29,1,0,,1.5,2019
송가인,spillover,30,0,0,,1.0,
송가인,spillover,31,3,0,,2.5,2019
송가인,spillover,32,5,0,,3.5,2025
송가인,spillover,33,1,1,모델,1.8,2026
송가인,spillover,34,1,1,홍보대사,1.8,2025
송가인,spillover,35,2,4,매출|모델|브랜드|지역,3.2,
송가인,spillover,36,8,1,방문,5.3,2018|2019
송가인,spillover,37,2,0,,2.0,2026
송가인,spillover,38,2,1,브랜드,2.3,2026
송가인,spillover,39,1,0,,1.5,2026
송가인,spillover,40,2,2,모델|브랜드,2.6,2024|2025
송가인,spillover,41,1,1,모델,1.8,2026
송가인,spillover,42,1,1,홍보대사,1.8,2025
송가인,spillover,43,1,1,모델,1.8,2021
송가인,spillover,44,1,1,홍보대사,1.8,2019
송가인,spillover,45,1,1,모델,1.8,2025
송가인,spillover,46,1,0,,1.5,2019
송가인,spillover,47,1,0,,1.5,2020
송가인,spillover,48,1,0,,1.5,2020
송가인,spillover,49,1,1,브랜드,1.8,2020
송가인,spillover,50,1,0,,1.5,2020
송가인,spillover,51,3,0,,2.5,2025
송가인,spillover,52,1,0,,1.5,2019
송가인,spillover,53,2,0,,2.0,2026
송가인,spillover,54,1,0,,1.5,2020
송가인,spillover,55,2,0,,2.0,2019
송가인,spillover,56,4,0,,3.0,2026
송가인,spillover,57,1,1,콘서트,1.8,2019
영탁,loyalty,0,3,2,돌파|팬카페,3.1,2020|2023
영탁,loyalty,1,2,3,기부|팬카페|결속,2.9,2022|2023
영탁,loyalty,2,2,3,기부|창단|팬클럽,2.9,2024
영탁,loyalty,3,3,3,기부|지속|팬클럽,3.4,2025
영탁,loyalty,4,3,1,매진,2.8,2022|2026
영탁,loyalty,5,5,0,,3.5,2020
영탁,loyalty,6,1,1,지속,1.8,2020|2022
영탁,loyalty,7,0,1,팬클럽,1.3,
영탁,loyalty,8,1,1,팬클럽,1.8,2024
영탁,loyalty,9,2,0,,2.0,2025
영탁,loyalty,10,1,1,지속,1.8,2022|2025
영탁,loyalty,11,1,0,,1.5,2026
영탁,loyalty,12,2,0,,2.0,2024
영탁,loyalty,13,0,0,,1.0,
영탁,loyalty,14,0,0,,1.0,2022
영탁,loyalty,15,0,0,,1.0,
영탁,loyalty,16,0,0,,1.0,
영탁,loyalty,17,0,0,,1.0,
영탁,loyalty,18,0,0,,1.0,
영탁,loyalty,19,0,0,,1.0,
영탁,loyalty,20,0,0,,1.0,2022
영탁,loyalty,21,0,0,,1.0,2026
영탁,loyalty,22,1,2,매진|팬클럽,2.1,2026
영탁,loyalty,23,1,0,,1.5,2026
영탁,loyalty,24,1,1,팬클럽,1.8,2026
영탁,loyalty,25,2,0,,2.0,2023|2026
영탁,loyalty,26,4,2,기부|팬클럽,3.6,2025
영탁,loyalty,27,2,1,기부,2.3,
영탁,loyalty,28,3,2,기부|팬클럽,3.1,2025
영탁,loyalty,29,1,0,,1.5,2026
영탁,loyalty,30,0,0,,1.0,
영탁,loyalty,31,0,0,,1.0,
영탁,loyalty,32,1,0,,1.5,2023
영탁,loyalty,33,2,2,기부|팬클럽,2.6,2024
영탁,loyalty,34,3,2,기부|팬클럽,3.1,2025
영탁,loyalty,35,2,2,기부|팬카페,2.6,2026
영탁,loyalty,36,1,1,팬클럽,1.8,
영탁,loyalty,37,0,0,,1.0,
영탁,loyalty,38,1,0,,1.5,2026
영탁,spillover,0,1,2,모델|브랜드,2.1,2021
영탁,spillover,1,1,2,지역|콘서트,2.1,
영탁,spillover,2,1,1,콘서트,1.8,2023
영탁,spillover,3,0,0,,1.0,
영탁,spillover,4,6,1,브랜드,4.3,2024
영탁,spillover,5,2,1,홍보대사,2.3,
영탁,spillover,6,0,2,관광|홍보대사,1.6,
영탁,spillover,7,1,2,모델|브랜드,2.1,2020|2025
영탁,spillover,8,0,0,,1.0,2022|2023|2024
영탁,spillover,9,0,0,,1.0,2022|2024
영탁,spillover,10,0,0,,1.0,
영탁,spillover,11,0,0,,1.0,
영탁,spillover,12,0,0,,1.0,2022
영탁,spillover,13,0,0,,1.0,2022|2023
영탁,spillover,14,0,0,,1.0,
영탁,spillover,15,1,1,투어,1.8,2023
영탁,spillover,16,0,1,투어,1.3,
영탁,spillover,17,0,0,,1.0,
영탁,spillover,18,0,1,지역,1.3,
영탁,spillover,19,1,0,,1.5,
영탁,spillover,20,0,0,,1.0,2025
영탁,spillover,21,0,0,,1.0,
영탁,spillover,22,0,1,지역,1.3,
영탁,spillover,23,1,0,,1.5,
영탁,spillover,24,0,0,,1.0,
영탁,spillover,25,0,0,,1.0,
영탁,spillover,26,0,0,,1.0,
영탁,spillover,27,0,1,협업,1.3,
영탁,spillover,28,1,0,,1.5,2020
영탁,spillover,29,1,0,,1.5,2020
영탁,spillover,30,1,0,,1.5,2022
영탁,spillover,31,1,0,,1.5,2023
영탁,spillover,32,1,0,,1.5,2025
영탁,spillover,33,1,0,,1.5,2020
영탁,spillover,34,2,0,,2.0,2021
영탁,spillover,35,1,0,,1.5,
영탁,spillover,36,0,0,,1.0,2020
영탁,spillover,37,1,1,홍보대사,1.8,
영탁,spillover,38,1,1,홍보대사,1.8,2024
영탁,spillover,39,3,2,매출|모델,3.1,2020|2023
영탁,spillover,40,1,1,브랜드,1.8,2024
영탁,spillover,41,1,0,,1.5,2026
영탁,spillover,42,1,0,,1.5,2026
영탁,spillover,43,2,1,브랜드,2.3,2026
영탁,spillover,44,0,2,투어|콘서트,1.6,
영탁,spillover,45,0,1,콘서트,1.3,
영탁,spillover,46,2,1,홍보대사,2.3,2024
영탁,spillover,47,1,1,홍보대사,1.8,2024
영탁,spillover,48,1,2,관광|홍보대사,2.1,2024
영탁,spillover,49,2,1,모델,2.3,2025
영탁,spillover,50,1,1,모델,1.8,2020
영탁,spillover,51,1,2,모델|브랜드,2.1,2020
영탁,spillover,52,1,1,모델,1.8,2020
영탁,spillover,53,1,1,홍보대사,1.8,2024
영탁,spillover,54,3,1,홍보대사,2.8,2024
영탁,spillover,55,1,0,,1.5,2020
영탁,spillover,56,1,0,,1.5,2020
영탁,spillover,57,1,0,,1.5,2020
영탁,spillover,58,1,1,홍보대사,1.8,2024
영탁,spillover,59,0,0,,1.0,
영탁,spillover,60,2,0,,2.0,2024
영탁,spillover,61,4,0,,3.0,2024
영탁,spillover,62,2,0,,2.0,2023
영탁,spillover,63,2,1,브랜드,2.3,2023
영탁,spillover,64,0,0,,1.0,
김호중,loyalty,0,3,2,돌파|팬카페,3.1,2020
김호중,loyalty,1,7,1,팬카페,4.8,2024
김호중,loyalty,2,0,2,팬카페|결속,1.6,
김호중,loyalty,3,4,1,1위,3.3,2025
김호중,loyalty,4,2,1,팬카페,2.3,2021
김호중,loyalty,5,3,0,,2.5,
김호중,loyalty,6,2,1,돌파,2.3,
김호중,loyalty,7,1,0,,1.5,
김호중,loyalty,8,2,2,돌파|팬카페,2.6,2020
김호중,loyalty,9,0,1,팬클럽,1.3,
김호중,loyalty,10,1,1,기부,1.8,2023
김호중,loyalty,11,2,1,기부,2.3,2023
김호중,loyalty,12,1,0,,1.5,2022
김호중,loyalty,13,1,1,매진,1.8,2024
김호중,loyalty,14,1,1,팬카페,1.8,2026
김호중,loyalty,15,1,2,기부|지속,2.1,
김호중,loyalty,16,0,0,,1.0,
김호중,loyalty,17,0,0,,1.0,2024
김호중,loyalty,18,0,0,,1.0,
김호중,loyalty,19,0,0,,1.0,2020
김호중,loyalty,20,0,0,,1.0,
김호중,loyalty,21,0,0,,1.0,2024
김호중,loyalty,22,0,0,,1.0,2022
김호중,loyalty,23,2,3,기부|팬클럽|결속,2.9,
김호중,loyalty,24,1,3,기부|지속|팬클럽,2.4,
김호중,loyalty,25,1,0,,1.5,
김호중,loyalty,26,2,2,돌파|팬카페,2.6,2020
김호중,loyalty,27,1,1,팬카페,1.8,2023
김호중,loyalty,28,0,1,팬클럽,1.3,
김호중,loyalty,29,0,2,역사|팬카페,1.6,
김호중,loyalty,30,0,1,팬클럽,1.3,
김호중,loyalty,31,0,0,,1.0,
김호중,loyalty,32,0,0,,1.0,
김호중,loyalty,33,3,1,팬카페,2.8,2025
김호중,loyalty,34,1,2,역사|팬카페,2.1,2021
김호중,loyalty,35,1,1,팬카페,1.8,
김호중,loyalty,36,0,3,기부|지속|팬클럽,1.9,
김호중,loyalty,37,0,1,팬카페,1.3,
김호중,loyalty,38,1,0,,1.5,2026
김호중,spillover,0,1,2,모델|브랜드,2.1,
김호중,spillover,1,1,0,,1.5,
김호중,spillover,2,1,2,투어|콘서트,2.1,2024
김호중,spillover,3,0,0,,1.0,
김호중,spillover,4,1,0,,1.5,
김호중,spillover,5,0,0,,1.0,
김호중,spillover,6,5,0,,3.5,2020
김호중,spillover,7,1,0,,1.5,2021
김호중,spillover,8,1,0,,1.5,2023
김호중,spillover,9,1,0,,1.5,2024
김호중,spillover,10,1,0,,1.5,
김호중,spillover,11,2,0,,2.0,2020
김호중,spillover,12,0,0,,1.0,2020|2022|2024
김호중,spillover,13,0,0,,1.0,2022
김호중,spillover,14,0,0,,1.0,2022|2023
김호중,spillover,15,0,0,,1.0,2021
김호중,spillover,16,0,0,,1.0,2023
김호중,spillover,17,2,0,,2.0,
김호중,spillover,18,0,0,,1.0,
김호중,spillover,19,0,0,,1.0,
김호중,spillover,20,0,1,지역,1.3,
김호중,spillover,21,0,2,협업|지역,1.6,
김호중,spillover,22,1,1,지자체,1.8,
김호중,spillover,23,0,0,,1.0,
김호중,spillover,24,0,0,,1.0,
김호중,spillover,25,3,0,,2.5,2020
김호중,spillover,26,4,0,,3.0,2020
김호중,spillover,27,0,0,,1.0,2025
김호중,spillover,28,0,0,,1.0,2026
김호중,spillover,29,0,0,,1.0,
김호중,spillover,30,0,0,,1.0,
김호중,spillover,31,1,0,,1.5,2025
김호중,spillover,32,0,0,,1.0,
김호중,spillover,33,0,0,,1.0,
김호중,spillover,34,4,1,모델,3.3,
김호중,spillover,35,1,0,,1.5,
김호중,spillover,36,0,0,,1.0,
김호중,spillover,37,2,0,,2.0,2020
김호중,spillover,38,1,2,모델|브랜드,2.1,2022
김호중,spillover,39,1,2,모델|브랜드,2.1,2024
김호중,spillover,40,1,0,,1.5,2026
김호중,spillover,41,1,0,,1.5,2025
김호중,spillover,42,1,0,,1.5,2024
김호중,spillover,43,1,2,모델|브랜드,2.1,2022
김호중,spillover,44,0,2,모델|브랜드,1.6,
김호중,spillover,45,0,0,,1.0,
김호중,spillover,46,0,0,,1.0,
김호중,spillover,47,0,0,,1.0,
김호중,spillover,48,0,0,,1.0,
김호중,spillover,49,1,0,,1.5,
김호중,spillover,50,1,0,,1.5,
김호중,spillover,51,0,0,,1.0,
이찬원,loyalty,0,4,2,출범|팬카페,3.6,2020|2026
이찬원,loyalty,1,1,2,돌파|팬카페,2.1,
이찬원,loyalty,2,0,1,기부,1.3,
이찬원,loyalty,3,0,1,충성,1.3,
이찬원,loyalty,4,3,2,출범|팬카페,3.1,
이찬원,loyalty,5,3,2,1위|충성,3.1,2026
이찬원,loyalty,6,1,2,기부|팬클럽,2.1,
이찬원,loyalty,7,2,2,돌파|팬카페,2.6,2021
이찬원,loyalty,8,1,2,돌파|팬카페,2.1,
이찬원,loyalty,9,4,2,출범|팬카페,3.6,2026
이찬원,loyalty,10,0,1,결속,1.3,
이찬원,loyalty,11,0,2,기부|팬카페,1.6,
이찬원,loyalty,12,1,0,,1.5,
이찬원,loyalty,13,0,1,충성,1.3,
이찬원,loyalty,14,0,0,,1.0,
이찬원,loyalty,15,0,0,,1.0,
이찬원,loyalty,16,0,0,,1.0,
이찬원,loyalty,17,0,0,,1.0,
이찬원,loyalty,18,0,0,,1.0,
이찬원,loyalty,19,0,0,,1.0,2024
이찬원,loyalty,20,1,1,지속,1.8,2025|2026
이찬원,loyalty,21,1,0,,1.5,
이찬원,loyalty,22,0,0,,1.0,
이찬원,loyalty,23,0,0,,1.0,
이찬원,loyalty,24,1,1,돌파,1.8,
이찬원,loyalty,25,2,1,돌파,2.3,
이찬원,loyalty,26,0,0,,1.0,
이찬원,loyalty,27,3,2,기부|팬클럽,3.1,2026
이찬원,loyalty,28,2,2,기부|팬클럽,2.6,
이찬원,loyalty,29,1,2,기부|팬클럽,2.1,
이찬원,loyalty,30,1,2,기부|팬클럽,2.1,
이찬원,loyalty,31,0,1,기부,1.3,
이찬원,loyalty,32,2,1,매진,2.3,2022
이찬원,loyalty,33,1,0,,1.5,2025|2026
이찬원,loyalty,34,3,1,돌파,2.8,2025|2026
이찬원,loyalty,35,2,0,,2.0,2026
이찬원,loyalty,36,1,0,,1.5,2026
이찬원,spillover,0,0,2,모델|브랜드,1.6,
이찬원,spillover,1,0,2,모델|브랜드,1.6,
이찬원,spillover,2,2,1,지자체,2.3,2025
이찬원,spillover,3,0,0,,1.0,
이찬원,spillover,4,0,0,,1.0,
이찬원,spillover,5,1,2,투어|콘서트,2.1,2026
이찬원,spillover,6,2,0,,2.0,2020
이찬원,spillover,7,1,0,,1.5,2021
이찬원,spillover,8,2,0,,2.0,2024
이찬원,spillover,9,0,1,모델,1.3,
이찬원,spillover,10,2,1,브랜드,2.3,2026
이찬원,spillover,11,1,2,모델|브랜드,2.1,
이찬원,spillover,12,0,0,,1.0,2021|2023|2024|2025
이찬원,spillover,13,0,0,,1.0,2024|2025
이찬원,spillover,14,0,0,,1.0,2023|2024|2025
이찬원,spillover,15,0,0,,1.0,2020
이찬원,spillover,16,0,0,,1.0,2025
이찬원,spillover,17,0,0,,1.0,2022
이찬원,spillover,18,0,1,모델,1.3,2023
이찬원,spillover,19,0,0,,1.0,
이찬원,spillover,20,0,0,,1.0,
이찬원,spillover,21,1,0,,1.5,2026
이찬원,spillover,22,2,1,지역,2.3,2025
이찬원,spillover,23,2,0,,2.0,2026
이찬원,spillover,24,2,0,,2.0,2021
이찬원,spillover,25,1,2,투어|콘서트,2.1,
이찬원,spillover,26,1,0,,1.5,2022
이찬원,spillover,27,0,0,,1.0,2026
이찬원,spillover,28,0,0,,1.0,
이찬원,spillover,29,0,0,,1.0,
이찬원,spillover,30,0,0,,1.0,2025
이찬원,spillover,31,0,0,,1.0,
이찬원,spillover,32,0,0,,1.0,
이찬원,spillover,33,0,0,,1.0,
이찬원,spillover,34,6,0,,4.0,2020|2021
이찬원,spillover,35,3,0,,2.5,2025
이찬원,spillover,36,2,0,,2.0,2026
이찬원,spillover,37,0,1,콘서트,1.3,
이찬원,spillover,38,3,0,,2.5,2020|2024|2025
이찬원,spillover,39,0,0,,1.0,
이찬원,spillover,40,0,0,,1.0,
이찬원,spillover,41,1,1,브랜드,1.8,2024
이찬원,spillover,42,3,0,,2.5,2026
이찬원,spillover,43,2,0,,2.0,2026
이찬원,spillover,44,2,1,브랜드,2.3,2026
이찬원,spillover,45,3,0,,2.5,2026
이찬원,spillover,46,0,1,콘서트,1.3,
이찬원,spillover,47,1,1,모델,1.8,2025
이찬원,spillover,48,1,2,모델|브랜드,2.1,2026
이찬원,spillover,49,1,2,모델|브랜드,2.1,2024
이찬원,spillover,50,2,2,모델|브랜드,2.6,2026
이찬원,spillover,51,1,1,브랜드,1.8,2026
이찬원,spillover,52,1,0,,1.5,2026
이찬원,spillover,53,0,0,,1.0,2026
이찬원,spillover,54,2,0,,2.0,2026
이찬원,spillover,55,1,0,,1.5,2022
이찬원,spillover,56,3,1,모델,2.8,2024|2025
이찬원,spillover,57,1,2,모델|브랜드,2.1,2022
이찬원,spillover,58,0,2,모델|브랜드,1.6,
이찬원,spillover,59,0,1,브랜드,1.3,
이찬원,spillover,60,1,2,모델|브랜드,2.1,2020
이찬원,spillover,61,1,2,모델|브랜드,2.1,2023
이찬원,spillover,62,2,2,모델|브랜드,2.6,2024
이찬원,spillover,63,2,0,,2.0,2020
이찬원,spillover,64,2,0,,2.0,2025
이찬원,spillover,65,1,0,,1.5,
이찬원,spillover,66,0,0,,1.0,
이찬원,spillover,67,0,0,,1.0,2024
이찬원,spillover,68,3,0,,2.5,2024
장윤정,loyalty,0,0,1,팬카페,1.3,
장윤정,loyalty,1,1,1,매진,1.8,2022|2023
장윤정,loyalty,2,1,0,,1.5,2024
장윤정,loyalty,3,1,0,,1.5,2017
장윤정,loyalty,4,1,0,,1.5,
장윤정,loyalty,5,4,0,,3.0,
장윤정,loyalty,6,0,1,팬클럽,1.3,
장윤정,loyalty,7,0,2,지속|팬카페,1.6,
장윤정,loyalty,8,2,1,지속,2.3,2025|2026
장윤정,loyalty,9,0,0,,1.0,
장윤정,loyalty,10,0,0,,1.0,2025
장윤정,loyalty,11,1,2,기부|팬카페,2.1,
장윤정,loyalty,12,1,1,팬카페,1.8,2025
장윤정,loyalty,13,0,0,,1.0,
장윤정,loyalty,14,2,1,기부,2.3,2023
장윤정,loyalty,15,0,1,기부,1.3,
장윤정,loyalty,16,1,2,기부|팬카페,2.1,
장윤정,loyalty,17,0,1,팬클럽,1.3,
장윤정,loyalty,18,0,1,팬클럽,1.3,
장윤정,loyalty,19,1,0,,1.5,2025
장윤정,loyalty,20,0,0,,1.0,
장윤정,loyalty,21,0,0,,1.0,
장윤정,loyalty,22,1,0,,1.5,2024
장윤정,loyalty,23,3,0,,2.5,2024
장윤정,loyalty,24,0,0,,1.0,
장윤정,loyalty,25,2,0,,2.0,2026
장윤정,loyalty,26,1,0,,1.5,2026
장윤정,spillover,0,2,1,지역,2.3,2025
장윤정,spillover,1,1,1,지자체,1.8,2025
장윤정,spillover,2,1,0,,1.5,
장윤정,spillover,3,0,0,,1.0,
장윤정,spillover,4,0,0,,1.0,
장윤정,spillover,5,4,0,,3.0,2026
장윤정,spillover,6,4,1,브랜드,3.3,2021
장윤정,spillover,7,1,0,,1.5,
장윤정,spillover,8,2,0,,2.0,2020
장윤정,spillover,9,0,2,모델|브랜드,1.6,
장윤정,spillover,10,0,0,,1.0,
장윤정,spillover,11,0,0,,1.0,2024
장윤정,spillover,12,0,0,,1.0,2025
장윤정,spillover,13,0,0,,1.0,
장윤정,spillover,14,0,0,,1.0,2026
장윤정,spillover,15,0,0,,1.0,2025
장윤정,spillover,16,1,2,지역|콘서트,2.1,2024
장윤정,spillover,17,0,0,,1.0,
장윤정,spillover,18,1,0,,1.5,2025
장윤정,spillover,19,2,0,,2.0,
장윤정,spillover,20,2,0,,2.0,
장윤정,spillover,21,0,0,,1.0,2026
장윤정,spillover,22,0,0,,1.0,
장윤정,spillover,23,0,0,,1.0,
장윤정,spillover,24,0,0,,1.0,
장윤정,spillover,25,1,0,,1.5,
장윤정,spillover,26,1,0,,1.5,
장윤정,spillover,27,0,1,콘서트,1.3,
장윤정,spillover,28,0,0,,1.0,
장윤정,spillover,29,0,0,,1.0,
장윤정,spillover,30,0,0,,1.0,
장윤정,spillover,31,1,0,,1.5,
장윤정,spillover,32,1,0,,1.5,
장윤정,spillover,33,0,0,,1.0,
장윤정,spillover,34,1,0,,1.5,
장윤정,spillover,35,1,0,,1.5,
장윤정,spillover,36,2,1,브랜드,2.3,2026
장윤정,spillover,37,1,0,,1.5,
장윤정,spillover,38,1,2,모델|브랜드,2.1,2022
장윤정,spillover,39,1,2,모델|브랜드,2.1,2026
장윤정,spillover,40,1,1,모델,1.8,
장윤정,spillover,41,0,0,,1.0,
장윤정,spillover,42,0,2,모델|브랜드,1.6,
장윤정,spillover,43,0,0,,1.0,
장윤정,spillover,44,1,0,,1.5,
장윤정,spillover,45,2,0,,2.0,
장윤정,spillover,46,1,0,,1.5,2019
장윤정,spillover,47,0,0,,1.0,
장윤정,spillover,48,0,0,,1.0,
장윤정,spillover,49,2,1,콘서트,2.3,2024
장윤정,spillover,50,1,0,,1.5,
장윤정,spillover,51,3,0,,2.5,
장윤정,spillover,52,3,0,,2.5,2023|2026
장윤정,spillover,53,1,0,,1.5,
장윤정,spillover,54,1,1,콘서트,1.8,
장윤정,spillover,55,1,0,,1.5,
장윤정,spillover,56,1,2,투어|콘서트,2.1,
장윤정,spillover,57,0,0,,1.0,
장윤정,spillover,58,1,0,,1.5,2026
장윤정,spillover,59,1,0,,1.5,
장윤정,spillover,60,2,0,,2.0,
장윤정,spillover,61,1,0,,1.5,
장윤정,spillover,62,1,0,,1.5,
장윤정,spillover,63,1,0,,1.5,2024
장윤정,spillover,64,0,0,,1.0,
정동원,loyalty,0,4,1,팬카페,3.3,2020|2022
정동원,loyalty,1,5,2,기부|팬클럽,4.1,2020|2021
정동원,loyalty,2,1,1,기부,1.8,
정동원,loyalty,3,0,1,팬클럽,1.3,
정동원,loyalty,4,1,1,매진,1.8,2026
정동원,loyalty,5,0,2,기부|팬클럽,1.6,
정동원,loyalty,6,0,3,역사|지속|팬클럽,1.9,
정동원,loyalty,7,0,1,팬클럽,1.3,
정동원,loyalty,8,1,1,매진,1.8,2026
정동원,loyalty,9,0,2,기부|팬클럽,1.6,
정동원,loyalty,10,0,0,,1.0,
정동원,loyalty,11,1,0,,1.5,2020
정동원,loyalty,12,0,0,,1.0,
정동원,loyalty,13,0,0,,1.0,
정동원,loyalty,14,0,0,,1.0,
정동원,loyalty,15,0,0,,1.0,2025
정동원,loyalty,16,1,3,기부|팬클럽|팬카페,2.4,2026
정동원,loyalty,17,0,1,팬클럽,1.3,
정동원,loyalty,18,1,2,기부|팬카페,2.1,
정동원,loyalty,19,0,2,기부|팬클럽,1.6,
정동원,loyalty,20,0,2,기부|팬클럽,1.6,
정동원,loyalty,21,0,1,팬클럽,1.3,
정동원,loyalty,22,0,0,,1.0,2026
정동원,loyalty,23,0,0,,1.0,
정동원,loyalty,24,0,0,,1.0,
정동원,loyalty,25,0,1,기부,1.3,
정동원,loyalty,26,0,0,,1.0,
정동원,loyalty,27,1,1,1위,1.8,
정동원,loyalty,28,1,0,,1.5,2020
정동원,loyalty,29,1,1,기부,1.8,2023
정동원,loyalty,30,0,0,,1.0,
정동원,loyalty,31,0,1,기부,1.3,
정동원,loyalty,32,0,0,,1.0,2019
정동원,loyalty,33,1,2,기부|팬클럽,2.1,2026
정동원,loyalty,34,1,2,기부|팬클럽,2.1,2026
정동원,loyalty,35,0,2,기부|팬클럽,1.6,
정동원,loyalty,36,0,2,기부|팬클럽,1.6,
정동원,loyalty,37,2,2,기부|팬카페,2.6,2026
정동원,loyalty,38,1,0,,1.5,2026
정동원,loyalty,39,0,1,팬클럽,1.3,
정동원,loyalty,40,2,0,,2.0,2026
정동원,loyalty,41,0,1,팬클럽,1.3,
정동원,loyalty,42,1,2,기부|팬클럽,2.1,2026
정동원,loyalty,43,2,0,,2.0,
정동원,loyalty,44,0,0,,1.0,
정동원,loyalty,45,0,0,,1.0,
정동원,loyalty,46,0,0,,1.0,
정동원,loyalty,47,1,0,,1.5,2026
정동원,spillover,0,0,1,모델,1.3,
정동원,spillover,1,0,2,모델|브랜드,1.6,
정동원,spillover,2,1,1,모델,1.8,
정동원,spillover,3,0,1,콘서트,1.3,
정동원,spillover,4,0,1,콘서트,1.3,
정동원,spillover,5,1,0,,1.5,2026
정동원,spillover,6,1,0,,1.5,2020
정동원,spillover,7,1,0,,1.5,2024
정동원,spillover,8,1,2,모델|브랜드,2.1,2026
정동원,spillover,9,1,0,,1.5,2019
정동원,spillover,10,1,0,,1.5,2021
정동원,spillover,11,1,0,,1.5,
정동원,spillover,12,0,0,,1.0,2025
정동원,spillover,13,0,0,,1.0,2024
정동원,spillover,14,0,0,,1.0,
정동원,spillover,15,0,0,,1.0,2023|2024
정동원,spillover,16,0,0,,1.0,2020
정동원,spillover,17,0,0,,1.0,
정동원,spillover,18,1,1,지자체,1.8,2020
정동원,spillover,19,2,2,모델|브랜드,2.6,2020|2026
정동원,spillover,20,3,0,,2.5,2025
정동원,spillover,21,1,0,,1.5,
정동원,spillover,22,1,0,,1.5,
정동원,spillover,23,1,0,,1.5,
정동원,spillover,24,0,0,,1.0,2026
정동원,spillover,25,0,0,,1.0,
정동원,spillover,26,0,0,,1.0,
정동원,spillover,27,0,0,,1.0,
정동원,spillover,28,0,2,투어|콘서트,1.6,
정동원,spillover,29,0,2,투어|콘서트,1.6,
정동원,spillover,30,0,1,콘서트,1.3,
정동원,spillover,31,0,0,,1.0,2021
정동원,spillover,32,1,0,,1.5,2021
정동원,spillover,33,0,0,,1.0,2021|2022
정동원,spillover,34,0,0,,1.0,2020|2021|2023|2026
정동원,spillover,35,1,0,,1.5,2019
정동원,spillover,36,1,0,,1.5,2020
정동원,spillover,37,1,0,,1.5,2021
정동원,spillover,38,1,2,관광|홍보대사,2.1,2024
정동원,spillover,39,1,1,모델,1.8,2020
정동원,spillover,40,1,1,모델,1.8,2020
정동원,spillover,41,1,1,모델,1.8,2026
정동원,spillover,42,1,2,관광|홍보대사,2.1,2024
정동원,spillover,43,1,2,모델|브랜드,2.1,2025
정동원,spillover,44,2,1,콘서트,2.3,2026
정동원,spillover,45,1,0,,1.5,2021
정동원,spillover,46,1,0,,1.5,2026
정동원,spillover,47,1,0,,1.5,2026
정동원,spillover,48,1,0,,1.5,2025
정동원,spillover,49,1,0,,1.5,2025
정동원,spillover,50,0,0,,1.0,
정동원,spillover,51,4,1,모델,3.3,2026
정동원,spillover,52,1,1,브랜드,1.8,
정동원,spillover,53,0,0,,1.0,
정동원,spillover,54,1,0,,1.5,
정동원,spillover,55,1,0,,1.5,
정동원,spillover,56,1,0,,1.5,
정동원,spillover,57,1,1,방문,1.8,2026
정동원,spillover,58,1,0,,1.5,2022
김연자,loyalty,0,1,2,기부|팬클럽,2.1,2026
김연자,loyalty,1,1,2,팬클럽|세대,2.1,2018
김연자,loyalty,2,2,0,,2.0,2024
김연자,loyalty,3,2,0,,2.0,
김연자,loyalty,4,2,0,,2.0,
김연자,loyalty,5,1,0,,1.5,2026
김연자,loyalty,6,2,2,지속|세대,2.6,
김연자,loyalty,7,2,0,,2.0,2015
김연자,loyalty,8,1,0,,1.5,2024
김연자,loyalty,9,1,1,세대,1.8,2023|2025|2026
김연자,loyalty,10,0,0,,1.0,
김연자,loyalty,11,1,1,기부,1.8,
김연자,loyalty,12,0,0,,1.0,
김연자,loyalty,13,0,0,,1.0,
김연자,loyalty,14,0,0,,1.0,
김연자,loyalty,15,0,0,,1.0,
김연자,loyalty,16,1,2,기부|팬클럽,2.1,2026
김연자,loyalty,17,2,1,기부,2.3,2025
김연자,loyalty,18,1,0,,1.5,
김연자,loyalty,19,1,1,기부,1.8,
김연자,loyalty,20,5,0,,3.5,
김연자,spillover,0,0,1,지역,1.3,
김연자,spillover,1,0,1,지역,1.3,
김연자,spillover,2,2,0,,2.0,2017|2018
김연자,spillover,3,1,0,,1.5,2024
김연자,spillover,4,1,1,협업,1.8,2024
김연자,spillover,5,1,0,,1.5,
김연자,spillover,6,1,0,,1.5,
김연자,spillover,7,1,0,,1.5,
김연자,spillover,8,0,1,콘서트,1.3,
김연자,spillover,9,1,0,,1.5,
김연자,spillover,10,0,0,,1.0,2016
김연자,spillover,11,0,0,,1.0,
김연자,spillover,12,0,0,,1.0,2021
김연자,spillover,13,0,0,,1.0,
김연자,spillover,14,0,0,,1.0,2024
김연자,spillover,15,0,0,,1.0,2025
김연자,spillover,16,0,0,,1.0,
김연자,spillover,17,0,0,,1.0,
김연자,spillover,18,0,0,,1.0,2026
김연자,spillover,19,0,2,지자체|지역,1.6,
김연자,spillover,20,1,2,지역|홍보대사,2.1,2021
김연자,spillover,21,1,0,,1.5,
김연자,spillover,22,3,0,,2.5,2016|2017
김연자,spillover,23,1,1,콘서트,1.8,
김연자,spillover,24,1,0,,1.5,
김연자,spillover,25,0,0,,1.0,2025
김연자,spillover,26,0,0,,1.0,
김연자,spillover,27,1,0,,1.5,2018
김연자,spillover,28,0,0,,1.0,
김연자,spillover,29,0,0,,1.0,
김연자,spillover,30,0,0,,1.0,
김연자,spillover,31,6,0,,4.0,
김연자,spillover,32,7,0,,4.5,
김연자,spillover,33,2,0,,2.0,
김연자,spillover,34,2,0,,2.0,2021|2022
김연자,spillover,35,1,0,,1.5,2020
김연자,spillover,36,0,0,,1.0,
김연자,spillover,37,1,3,관광|방문|홍보대사,2.4,
김연자,spillover,38,1,2,지자체|홍보대사,2.1,2021
김연자,spillover,39,2,1,브랜드,2.3,2026
김연자,spillover,40,1,0,,1.5,
김연자,spillover,41,1,2,모델|브랜드,2.1,2022
김연자,spillover,42,1,2,모델|브랜드,2.1,2022
김연자,spillover,43,1,2,모델|브랜드,2.1,2022
김연자,spillover,44,2,0,,2.0,
김연자,spillover,45,0,0,,1.0,
김연자,spillover,46,1,0,,1.5,
김연자,spillover,47,1,1,콘서트,1.8,2020
김연자,spillover,48,1,1,콘서트,1.8,
김연자,spillover,49,2,1,콘서트,2.3,
김연자,spillover,50,1,1,콘서트,1.8,2020
김연자,spillover,51,1,1,콘서트,1.8,2023
나훈아,loyalty,0,2,1,매진,2.3,2019
나훈아,loyalty,1,1,1,매진,1.8,2020
나훈아,loyalty,2,3,1,매진,2.8,2025
나훈아,loyalty,3,2,1,매진,2.3,
나훈아,loyalty,4,1,1,세대,1.8,
나훈아,loyalty,5,1,1,매진,1.8,
나훈아,loyalty,6,1,2,매진|팬클럽,2.1,
나훈아,loyalty,7,1,0,,1.5,
나훈아,loyalty,8,1,0,,1.5,2017
나훈아,loyalty,9,1,1,매진,1.8,2020
나훈아,loyalty,10,0,0,,1.0,
나훈아,loyalty,11,1,1,매진,1.8,2024|2025
나훈아,loyalty,12,2,1,매진,2.3,2025
나훈아,loyalty,13,2,0,,2.0,
나훈아,loyalty,14,2,0,,2.0,2017
나훈아,loyalty,15,7,0,,4.5,2019|2024
나훈아,loyalty,16,0,0,,1.0,2020
나훈아,loyalty,17,0,0,,1.0,2019
나훈아,loyalty,18,0,0,,1.0,
나훈아,loyalty,19,0,0,,1.0,2024
나훈아,loyalty,20,0,0,,1.0,2019|2024
나훈아,loyalty,21,0,0,,1.0,2017
나훈아,loyalty,22,2,1,매진,2.3,2019
나훈아,loyalty,23,4,1,매진,3.3,2024
나훈아,loyalty,24,6,2,지속|세대,4.6,2019|2024
나훈아,loyalty,25,4,1,매진,3.3,2024
나훈아,loyalty,26,1,0,,1.5,2024
나훈아,loyalty,27,3,1,매진,2.8,2024|2025
나훈아,loyalty,28,1,1,매진,1.8,2020
나훈아,loyalty,29,2,1,기부,2.3,2020
나훈아,loyalty,30,1,1,매진,1.8,2017
나훈아,loyalty,31,2,1,매진,2.3,2019
나훈아,loyalty,32,2,0,,2.0,
나훈아,spillover,0,2,3,지역|투어|콘서트,2.9,2024|2025
나훈아,spillover,1,0,0,,1.0,
나훈아,spillover,2,1,1,콘서트,1.8,
나훈아,spillover,3,0,1,투어,1.3,
나훈아,spillover,4,1,0,,1.5,
나훈아,spillover,5,0,0,,1.0,
나훈아,spillover,6,1,0,,1.5,
나훈아,spillover,7,1,0,,1.5,2025
나훈아,spillover,8,0,0,,1.0,
나훈아,spillover,9,0,0,,1.0,2017
나훈아,spillover,10,0,0,,1.0,2023|2025
나훈아,spillover,11,0,0,,1.0,2024|2025
나훈아,spillover,12,1,0,,1.5,
나훈아,spillover,13,1,1,콘서트,1.8,
나훈아,spillover,14,1,0,,1.5,
나훈아,spillover,15,0,0,,1.0,
나훈아,spillover,16,0,0,,1.0,
나훈아,spillover,17,0,0,,1.0,
나훈아,spillover,18,2,0,,2.0,
나훈아,spillover,19,0,0,,1.0,
나훈아,spillover,20,1,0,,1.5,2026
나훈아,spillover,21,1,2,투어|콘서트,2.1,2025
나훈아,spillover,22,1,0,,1.5,
나훈아,spillover,23,2,0,,2.0,
나훈아,spillover,24,1,0,,1.5,2020
나훈아,spillover,25,4,0,,3.0,2020
나훈아,spillover,26,2,1,콘서트,2.3,
나훈아,spillover,27,1,0,,1.5,
나훈아,spillover,28,1,0,,1.5,
나훈아,spillover,29,1,0,,1.5,
나훈아,spillover,30,1,0,,1.5,
나훈아,spillover,31,2,1,브랜드,2.3,2026
나훈아,spillover,32,4,1,콘서트,3.3,2020
나훈아,spillover,33,1,1,투어,1.8,2024
나훈아,spillover,34,1,0,,1.5,
나훈아,spillover,35,0,0,,1.0,
나훈아,spillover,36,0,0,,1.0,
god,loyalty,0,2,1,팬클럽,2.3,2025
god,loyalty,1,5,1,매진,3.8,2025
god,loyalty,2,3,1,매진,2.8,2022
god,loyalty,3,13,0,,7.5,2022|2023|2024|2025
god,loyalty,4,0,0,,1.0,
god,loyalty,5,3,1,매진,2.8,2024
god,loyalty,6,1,1,매진,1.8,
god,loyalty,7,1,0,,1.5,2026
god,loyalty,8,2,2,결성|팬클럽,2.6,2023
god,loyalty,9,2,1,매진,2.3,2023
god,loyalty,10,1,1,매진,1.8,2025
god,loyalty,11,3,1,매진,2.8,2025
god,loyalty,12,2,1,매진,2.3,2024
god,loyalty,13,1,1,매진,1.8,2023
god,loyalty,14,1,1,팬클럽,1.8,2025
god,loyalty,15,2,2,창단|팬클럽,2.6,2022
god,loyalty,16,0,1,팬클럽,1.3,
god,loyalty,17,0,0,,1.0,2024|2025
god,loyalty,18,0,0,,1.0,2022|2023|2024|2025
god,loyalty,19,2,1,매진,2.3,
god,loyalty,20,2,2,기부|팬클럽,2.6,2019
god,loyalty,21,1,1,팬클럽,1.8,2026
god,loyalty,22,3,0,,2.5,2018|2022
god,loyalty,23,1,2,기부|최초,2.1,2026
god,loyalty,24,1,1,매진,1.8,2025
god,loyalty,25,1,1,세대,1.8,
god,loyalty,26,2,0,,2.0,
god,loyalty,27,0,0,,1.0,
god,loyalty,28,4,3,1위|팬클럽|결속,3.9,
god,loyalty,29,3,2,기부|팬클럽,3.1,2019
god,loyalty,30,3,1,매진,2.8,2025
god,loyalty,31,1,1,매진,1.8,2023
god,loyalty,32,2,1,매진,2.3,2022
god,loyalty,33,2,1,매진,2.3,2025
god,loyalty,34,1,3,출범|창단|팬클럽,2.4,
god,loyalty,35,2,0,,2.0,
god,loyalty,36,5,1,밀리언셀러,3.8,
god,loyalty,37,2,1,매진,2.3,
god,loyalty,38,3,1,매진,2.8,2023
god,loyalty,39,3,1,매진,2.8,2022
god,loyalty,40,3,1,매진,2.8,2022|2025
god,loyalty,41,5,1,매진,3.8,2025
god,loyalty,42,3,1,팬클럽,2.8,2023
god,loyalty,43,3,2,1위|팬클럽,3.1,2026
god,loyalty,44,2,0,,2.0,2026
god,loyalty,45,1,1,세대,1.8,
god,loyalty,46,2,1,세대,2.3,2023
god,loyalty,47,3,1,1위,2.8,
god,loyalty,48,0,0,,1.0,
god,loyalty,49,1,1,세대,1.8,2026
god,loyalty,50,1,1,세대,1.8,2025|2026
god,spillover,0,1,3,협업|수익|콘서트,2.4,
god,spillover,1,6,2,매출|콘서트,4.6,2024
god,spillover,2,0,0,,1.0,
god,spillover,3,0,0,,1.0,
god,spillover,4,1,0,,1.5,
god,spillover,5,2,0,,2.0,
god,spillover,6,2,1,콘서트,2.3,
god,spillover,7,0,0,,1.0,
god,spillover,8,0,0,,1.0,2024
god,spillover,9,0,0,,1.0,
god,spillover,10,1,0,,1.5,
god,spillover,11,1,2,팝업|콘서트,2.1,2026
god,spillover,12,5,0,,3.5,
god,spillover,13,1,0,,1.5,
god,spillover,14,1,2,지역|콘서트,2.1,2023
god,spillover,15,0,0,,1.0,
god,spillover,16,0,0,,1.0,
god,spillover,17,2,0,,2.0,
god,spillover,18,1,0,,1.5,
god,spillover,19,2,0,,2.0,
god,spillover,20,1,0,,1.5,
god,spillover,21,1,0,,1.5,
god,spillover,22,1,0,,1.5,2020
god,spillover,23,0,0,,1.0,
god,spillover,24,0,0,,1.0,
god,spillover,25,0,0,,1.0,
god,spillover,26,1,0,,1.5,
god,spillover,27,2,0,,2.0,2026
god,spillover,28,1,0,,1.5,2023
god,spillover,29,1,0,,1.5,
god,spillover,30,1,0,,1.5,
god,spillover,31,1,1,콘서트,1.8,
god,spillover,32,2,1,콘서트,2.3,
god,spillover,33,3,1,콘서트,2.8,2023
god,spillover,34,2,0,,2.0,2024
god,spillover,35,2,2,수익|콘서트,2.6,
god,spillover,36,1,1,콘서트,1.8,
god,spillover,37,1,0,,1.5,2025
god,spillover,38,1,0,,1.5,2025
god,spillover,39,2,0,,2.0,2025
god,spillover,40,1,0,,1.5,2025
god,spillover,41,0,0,,1.0,
god,spillover,42,0,0,,1.0,
god,spillover,43,2,0,,2.0,
god,spillover,44,2,1,콘서트,2.3,2019
god,spillover,45,2,1,콘서트,2.3,
god,spillover,46,1,1,콘서트,1.8,2023
god,spillover,47,1,0,,1.5,2018
HOT,loyalty,0,3,1,매진,2.8,
HOT,loyalty,1,2,1,매진,2.3,
HOT,loyalty,2,5,0,,3.5,2018
HOT,loyalty,3,3,1,매진,2.8,2019
HOT,loyalty,4,3,1,세대,2.8,
HOT,loyalty,5,1,0,,1.5,
HOT,loyalty,6,5,0,,3.5,2025|2026
HOT,loyalty,7,2,1,팬클럽,2.3,
HOT,loyalty,8,3,1,매진,2.8,2019
HOT,loyalty,9,3,0,,2.5,2018
HOT,loyalty,10,2,0,,2.0,2018
HOT,loyalty,11,0,0,,1.0,
HOT,loyalty,12,2,0,,2.0,2025
HOT,loyalty,13,0,0,,1.0,
HOT,loyalty,14,0,0,,1.0,
HOT,loyalty,15,0,0,,1.0,2018
HOT,loyalty,16,4,2,매진|팬클럽,3.6,2018
HOT,loyalty,17,0,0,,1.0,
HOT,loyalty,18,1,0,,1.5,2025
HOT,loyalty,19,0,0,,1.0,
HOT,loyalty,20,2,1,팬클럽,2.3,
HOT,loyalty,21,2,1,매진,2.3,
HOT,loyalty,22,2,1,매진,2.3,
HOT,loyalty,23,5,1,1위,3.8,2019
HOT,loyalty,24,4,1,매진,3.3,2018
HOT,loyalty,25,2,1,매진,2.3,
HOT,loyalty,26,3,0,,2.5,
HOT,loyalty,27,2,0,,2.0,
HOT,loyalty,28,4,1,팬클럽,3.3,
HOT,loyalty,29,0,0,,1.0,
HOT,loyalty,30,0,0,,1.0,
HOT,loyalty,31,3,0,,2.5,2018
HOT,loyalty,32,3,0,,2.5,2019|2025
HOT,loyalty,33,2,0,,2.0,2026
HOT,loyalty,34,2,1,팬클럽,2.3,2024
HOT,loyalty,35,1,0,,1.5,
HOT,loyalty,36,1,0,,1.5,
HOT,spillover,0,2,0,,2.0,
HOT,spillover,1,3,0,,2.5,
HOT,spillover,2,0,0,,1.0,
HOT,spillover,3,2,0,,2.0,
HOT,spillover,4,1,1,콘서트,1.8,
HOT,spillover,5,1,1,콘서트,1.8,
HOT,spillover,6,0,0,,1.0,
HOT,spillover,7,0,0,,1.0,
HOT,spillover,8,0,0,,1.0,
HOT,spillover,9,0,0,,1.0,
HOT,spillover,10,0,0,,1.0,2019
HOT,spillover,11,4,0,,3.0,2019|2025
HOT,spillover,12,0,0,,1.0,
HOT,spillover,13,0,0,,1.0,
HOT,spillover,14,5,1,매출,3.8,
HOT,spillover,15,1,1,콘서트,1.8,2018
HOT,spillover,16,8,0,,5.0,2019
HOT,spillover,17,4,0,,3.0,
HOT,spillover,18,1,1,콘서트,1.8,
HOT,spillover,19,0,0,,1.0,
HOT,spillover,20,1,0,,1.5,
HOT,spillover,21,1,0,,1.5,
HOT,spillover,22,1,0,,1.5,
HOT,spillover,23,0,0,,1.0,2019|2020
HOT,spillover,24,2,0,,2.0,
HOT,spillover,25,1,0,,1.5,
HOT,spillover,26,2,0,,2.0,
HOT,spillover,27,1,0,,1.5,
HOT,spillover,28,2,0,,2.0,2016
HOT,spillover,29,1,0,,1.5,2018
HOT,spillover,30,8,0,,5.0,2026
HOT,spillover,31,3,0,,2.5,
HOT,spillover,32,1,0,,1.5,
HOT,spillover,33,4,0,,3.0,2025|2026
HOT,spillover,34,2,0,,2.0,2026
HOT,spillover,35,1,0,,1.5,
HOT,spillover,36,1,0,,1.5,
HOT,spillover,37,6,0,,4.0,2019
HOT,spillover,38,4,1,매출,3.3,
HOT,spillover,39,1,1,콘서트,1.8,
HOT,spillover,40,2,0,,2.0,
HOT,spillover,41,2,0,,2.0,2025
HOT,spillover,42,1,0,,1.5,2025
HOT,spillover,43,1,0,,1.5,
HOT,spillover,44,0,0,,1.0,
HOT,spillover,45,0,0,,1.0,
HOT,spillover,46,2,1,모델,2.3,2026
HOT,spillover,47,0,0,,1.0,
HOT,spillover,48,1,0,,1.5,
HOT,spillover,49,1,0,,1.5,2025
HOT,spillover,50,1,0,,1.5,2025
HOT,spillover,51,2,0,,2.0,2026
HOT,spillover,52,3,0,,2.5,2026
HOT,spillover,53,0,0,,1.0,
HOT,spillover,54,5,1,수익,3.8,2026
HOT,spillover,55,0,0,,1.0,
HOT,spillover,56,1,1,콘서트,1.8,
HOT,spillover,57,1,0,,1.5,
HOT,spillover,58,1,1,콘서트,1.8,2018
HOT,spillover,59,1,1,협업,1.8,
잭스키스,loyalty,0,2,1,매진,2.3,2016
잭스키스,loyalty,1,2,0,,2.0,2016
잭스키스,loyalty,2,2,0,,2.0,2017
잭스키스,loyalty,3,0,1,팬클럽,1.3,2017
잭스키스,loyalty,4,1,0,,1.5,2018
잭스키스,loyalty,5,0,0,,1.0,
잭스키스,loyalty,6,0,1,팬클럽,1.3,
잭스키스,loyalty,7,1,2,창단|팬클럽,2.1,
잭스키스,loyalty,8,4,0,,3.0,
잭스키스,loyalty,9,2,0,,2.0,2016
잭스키스,loyalty,10,2,1,최초,2.3,
잭스키스,loyalty,11,1,0,,1.5,
잭스키스,loyalty,12,0,0,,1.0,2017
잭스키스,loyalty,13,0,0,,1.0,2016|2017
잭스키스,loyalty,14,0,0,,1.0,
잭스키스,loyalty,15,0,0,,1.0,
잭스키스,loyalty,16,1,1,매진,1.8,
잭스키스,loyalty,17,1,3,출범|팬클럽|세대,2.4,2016
잭스키스,loyalty,18,0,1,팬클럽,1.3,
잭스키스,loyalty,19,4,2,기부|팬카페,3.6,2016|2017
잭스키스,loyalty,20,2,2,기부|팬클럽,2.6,2016
잭스키스,loyalty,21,0,1,팬클럽,1.3,
잭스키스,loyalty,22,0,1,팬클럽,1.3,
잭스키스,loyalty,23,1,0,,1.5,
잭스키스,loyalty,24,0,0,,1.0,
잭스키스,loyalty,25,0,0,,1.0,
잭스키스,loyalty,26,1,2,출범|팬클럽,2.1,2016
잭스키스,loyalty,27,2,1,팬클럽,2.3,2016
잭스키스,loyalty,28,2,1,기부,2.3,2017
잭스키스,loyalty,29,2,2,기부|팬클럽,2.6,2017
잭스키스,loyalty,30,3,0,,2.5,2016
잭스키스,loyalty,31,1,1,팬클럽,1.8,2016
잭스키스,loyalty,32,1,3,출범|1위|팬클럽,2.4,
잭스키스,loyalty,33,2,0,,2.0,2016
잭스키스,loyalty,34,5,0,,3.5,
잭스키스,loyalty,35,2,0,,2.0,2017
잭스키스,loyalty,36,0,0,,1.0,
잭스키스,loyalty,37,2,0,,2.0,2016
잭스키스,loyalty,38,0,0,,1.0,
잭스키스,loyalty,39,3,0,,2.5,
잭스키스,loyalty,40,1,0,,1.5,2017
잭스키스,spillover,0,1,0,,1.5,2016
잭스키스,spillover,1,1,2,투어|콘서트,2.1,
잭스키스,spillover,2,2,0,,2.0,
잭스키스,spillover,3,2,0,,2.0,2016|2017
잭스키스,spillover,4,0,0,,1.0,2016|2017
잭스키스,spillover,5,0,0,,1.0,
잭스키스,spillover,6,1,0,,1.5,2018
잭스키스,spillover,7,0,0,,1.0,2016
잭스키스,spillover,8,0,0,,1.0,
잭스키스,spillover,9,0,0,,1.0,
잭스키스,spillover,10,0,0,,1.0,
잭스키스,spillover,11,2,0,,2.0,
잭스키스,spillover,12,5,0,,3.5,
잭스키스,spillover,13,0,1,콘서트,1.3,
잭스키스,spillover,14,0,1,콘서트,1.3,
잭스키스,spillover,15,0,0,,1.0,
잭스키스,spillover,16,1,0,,1.5,
잭스키스,spillover,17,1,0,,1.5,
잭스키스,spillover,18,0,0,,1.0,
잭스키스,spillover,19,1,0,,1.5,2016
잭스키스,spillover,20,5,1,투어,3.8,2017
잭스키스,spillover,21,2,0,,2.0,2016
잭스키스,spillover,22,0,0,,1.0,
잭스키스,spillover,23,1,0,,1.5,
잭스키스,spillover,24,0,0,,1.0,
잭스키스,spillover,25,0,0,,1.0,
잭스키스,spillover,26,0,1,홍보대사,1.3,
잭스키스,spillover,27,0,1,홍보대사,1.3,
잭스키스,spillover,28,2,0,,2.0,2015|2016
잭스키스,spillover,29,3,0,,2.5,2016
잭스키스,spillover,30,1,1,콘서트,1.8,2016
잭스키스,spillover,31,1,0,,1.5,
잭스키스,spillover,32,2,0,,2.0,2016
잭스키스,spillover,33,1,0,,1.5,2017
잭스키스,spillover,34,3,0,,2.5,2016
잭스키스,spillover,35,1,0,,1.5,
잭스키스,spillover,36,2,0,,2.0,2016
잭스키스,spillover,37,0,0,,1.0,
잭스키스,spillover,38,1,0,,1.5,2025
잭스키스,spillover,39,1,0,,1.5,2025
잭스키스,spillover,40,1,0,,1.5,2025
잭스키스,spillover,41,0,0,,1.0,
잭스키스,spillover,42,0,0,,1.0,
잭스키스,spillover,43,0,0,,1.0,
보아,loyalty,0,0,1,팬클럽,1.3,
보아,loyalty,1,1,0,,1.5,
보아,loyalty,2,4,1,팬클럽,3.3,
보아,loyalty,3,2,1,매진,2.3,
보아,loyalty,4,1,1,팬클럽,1.8,
보아,loyalty,5,4,1,밀리언셀러,3.3,2021
보아,loyalty,6,1,0,,1.5,
보아,loyalty,7,2,1,1위,2.3,
보아,loyalty,8,0,0,,1.0,2026
보아,loyalty,9,2,1,팬클럽,2.3,2025
보아,loyalty,10,3,1,팬클럽,2.8,2025|2026
보아,loyalty,11,2,0,,2.0,2026
보아,loyalty,12,1,2,역사|팬클럽,2.1,
보아,loyalty,13,0,0,,1.0,
보아,loyalty,14,2,1,지속,2.3,2025
보아,loyalty,15,3,0,,2.5,
보아,loyalty,16,1,0,,1.5,
보아,loyalty,17,1,0,,1.5,
보아,loyalty,18,1,0,,1.5,
보아,loyalty,19,1,0,,1.5,
보아,loyalty,20,1,0,,1.5,
보아,loyalty,21,0,0,,1.0,
보아,loyalty,22,1,0,,1.5,
보아,loyalty,23,1,0,,1.5,
보아,loyalty,24,0,0,,1.0,
보아,loyalty,25,1,1,팬클럽,1.8,2026
보아,loyalty,26,2,1,팬클럽,2.3,2025
보아,loyalty,27,3,1,팬클럽,2.8,2025
보아,loyalty,28,0,1,팬클럽,1.3,2025
보아,loyalty,29,1,0,,1.5,
보아,spillover,0,1,0,,1.5,2025
보아,spillover,1,1,0,,1.5,
보아,spillover,2,2,0,,2.0,2016
보아,spillover,3,3,0,,2.5,
보아,spillover,4,2,0,,2.0,
보아,spillover,5,2,3,관광|모델|브랜드,2.9,2016
보아,spillover,6,0,0,,1.0,
보아,spillover,7,0,0,,1.0,
보아,spillover,8,2,0,,2.0,2025
보아,spillover,9,0,0,,1.0,
보아,spillover,10,0,0,,1.0,
보아,spillover,11,0,0,,1.0,
보아,spillover,12,0,0,,1.0,
보아,spillover,13,0,0,,1.0,
보아,spillover,14,0,0,,1.0,
보아,spillover,15,2,0,,2.0,
보아,spillover,16,2,0,,2.0,2018
보아,spillover,17,1,0,,1.5,
보아,spillover,18,0,0,,1.0,
보아,spillover,19,0,0,,1.0,
보아,spillover,20,0,0,,1.0,
보아,spillover,21,0,0,,1.0,
보아,spillover,22,1,0,,1.5,
보아,spillover,23,0,0,,1.0,
보아,spillover,24,0,0,,1.0,
보아,spillover,25,0,0,,1.0,
보아,spillover,26,2,0,,2.0,
보아,spillover,27,3,0,,2.5,
보아,spillover,28,2,0,,2.0,
보아,spillover,29,1,0,,1.5,
보아,spillover,30,1,0,,1.5,
보아,spillover,31,1,0,,1.5,2016
보아,spillover,32,1,0,,1.5,
보아,spillover,33,2,0,,2.0,2024
보아,spillover,34,2,1,홍보대사,2.3,
보아,spillover,35,0,1,협업,1.3,
보아,spillover,36,2,0,,2.0,2024|2025
보아,spillover,37,0,0,,1.0,
보아,spillover,38,0,0,,1.0,
보아,spillover,39,3,1,투어,2.8,2026
보아,spillover,40,0,0,,1.0,
보아,spillover,41,0,0,,1.0,
보아,spillover,42,0,0,,1.0,
보아,spillover,43,0,1,협업,1.3,
보아,spillover,44,1,0,,1.5,
보아,spillover,45,1,0,,1.5,
싸이,loyalty,0,0,0,,1.0,
싸이,loyalty,1,4,1,1위,3.3,
싸이,loyalty,2,3,0,,2.5,
싸이,loyalty,3,3,2,1위|최초,3.1,
싸이,loyalty,4,2,1,매진,2.3,2025
싸이,loyalty,5,0,0,,1.0,
싸이,loyalty,6,2,0,,2.0,
싸이,loyalty,7,4,1,1위,3.3,
싸이,loyalty,8,2,2,돌파|최초,2.6,2017
싸이,loyalty,9,2,0,,2.0,
싸이,loyalty,10,3,1,1위,2.8,
싸이,loyalty,11,3,0,,2.5,2018|2019|2026
싸이,loyalty,12,0,0,,1.0,2022
싸이,loyalty,13,2,0,,2.0,2025
싸이,loyalty,14,1,0,,1.5,2026
싸이,loyalty,15,6,1,충성,4.3,2025
싸이,loyalty,16,0,0,,1.0,
싸이,loyalty,17,0,0,,1.0,
싸이,loyalty,18,2,1,기부,2.3,2023
싸이,loyalty,19,2,1,지속,2.3,2025|2026
싸이,loyalty,20,1,0,,1.5,2025
싸이,loyalty,21,3,0,,2.5,
싸이,loyalty,22,1,1,돌파,1.8,
싸이,loyalty,23,1,2,돌파|최초,2.1,
싸이,loyalty,24,1,0,,1.5,
싸이,loyalty,25,1,0,,1.5,2024
싸이,loyalty,26,2,1,기부,2.3,2023
싸이,loyalty,27,3,1,매진,2.8,2018
싸이,loyalty,28,0,1,지속,1.3,
싸이,loyalty,29,0,1,지속,1.3,
싸이,spillover,0,3,1,지역,2.8,2025
싸이,spillover,1,6,2,방문|소비,4.6,2025
싸이,spillover,2,0,3,지자체|지역|소비,1.9,
싸이,spillover,3,0,0,,1.0,
싸이,spillover,4,2,0,,2.0,
싸이,spillover,5,2,1,경제효과,2.3,
싸이,spillover,6,2,0,,2.0,
싸이,spillover,7,3,0,,2.5,
싸이,spillover,8,2,0,,2.0,
싸이,spillover,9,0,1,홍보대사,1.3,
싸이,spillover,10,0,0,,1.0,2025
싸이,spillover,11,0,0,,1.0,2017
싸이,spillover,12,5,0,,3.5,2023|2026
싸이,spillover,13,7,2,콘서트|소비,5.1,2025
싸이,spillover,14,5,3,경제효과|지역|소비,4.4,2025
싸이,spillover,15,0,0,,1.0,
싸이,spillover,16,0,0,,1.0,
싸이,spillover,17,0,0,,1.0,
싸이,spillover,18,0,0,,1.0,
싸이,spillover,19,0,0,,1.0,
싸이,spillover,20,0,0,,1.0,
싸이,spillover,21,5,4,경제효과|지역|콘서트|소비,4.7,2025
싸이,spillover,22,4,3,상권|지역|소비,3.9,2025
싸이,spillover,23,2,1,지역,2.3,2024
싸이,spillover,24,2,0,,2.0,2024
싸이,spillover,25,0,0,,1.0,2024
싸이,spillover,26,1,1,협업,1.8,2024
싸이,spillover,27,2,1,콘서트,2.3,2022|2023
싸이,spillover,28,1,0,,1.5,2026
싸이,spillover,29,4,0,,3.0,2017
싸이,spillover,30,0,0,,1.0,2025
싸이,spillover,31,0,0,,1.0,
싸이,spillover,32,1,0,,1.5,2025
싸이,spillover,33,1,0,,1.5,
싸이,spillover,34,0,0,,1.0,2025
싸이,spillover,35,0,0,,1.0,
싸이,spillover,36,0,0,,1.0,
싸이,spillover,37,0,0,,1.0,
싸이,spillover,38,0,0,,1.0,
싸이,spillover,39,2,0,,2.0,2017
싸이,spillover,40,0,0,,1.0,
싸이,spillover,41,9,0,,5.5,2017|2021|2023
싸이,spillover,42,1,0,,1.5,
싸이,spillover,43,0,0,,1.0,
싸이,spillover,44,1,0,,1.5,
싸이,spillover,45,0,0,,1.0,
싸이,spillover,46,0,0,,1.0,
싸이,spillover,47,1,0,,1.5,
싸이,spillover,48,0,0,,1.0,
싸이,spillover,49,1,1,홍보대사,1.8,2015
싸이,spillover,50,1,1,홍보대사,1.8,2025
싸이,spillover,51,7,3,매출|모델|수익,5.4,
싸이,spillover,52,2,1,브랜드,2.3,
싸이,spillover,53,0,0,,1.0,
싸이,spillover,54,0,0,,1.0,
싸이,spillover,55,1,0,,1.5,2026
싸이,spillover,56,1,1,모델,1.8,2023
싸이,spillover,57,2,1,모델,2.3,2025
싸이,spillover,58,1,1,모델,1.8,2025
싸이,spillover,59,1,0,,1.5,2025
싸이,spillover,60,2,1,모델,2.3,2025
싸이,spillover,61,2,0,,2.0,
싸이,spillover,62,1,0,,1.5,
싸이,spillover,63,1,1,모델,1.8,
싸이,spillover,64,1,1,브랜드,1.8,
싸이,spillover,65,1,1,모델,1.8,2023
싸이,spillover,66,1,1,모델,1.8,
싸이,spillover,67,1,1,모델,1.8,
싸이,spillover,68,2,1,모델,2.3,
싸이,spillover,69,1,1,모델,1.8,
싸이,spillover,70,1,1,모델,1.8,
싸이,spillover,71,0,0,,1.0,
싸이,spillover,72,0,0,,1.0,
싸이,spillover,73,1,0,,1.5,
싸이,spillover,74,1,1,방문,1.8,2017
싸이,spillover,75,5,0,,3.5,
싸이,spillover,76,1,0,,1.5,
싸이,spillover,77,0,0,,1.0,
싸이,spillover,78,0,0,,1.0,
싸이,spillover,79,0,0,,1.0,
싸이,spillover,80,0,0,,1.0,
싸이,spillover,81,3,1,방문,2.8,
싸이,spillover,82,2,0,,2.0,
싸이,spillover,83,0,0,,1.0,
싸이,spillover,84,0,0,,1.0,
싸이,spillover,85,1,0,,1.5,
싸이,spillover,86,2,0,,2.0,
싸이,spillover,87,1,0,,1.5,
싸이,spillover,88,1,0,,1.5,
싸이,spillover,89,0,0,,1.0,
싸이,spillover,90,1,0,,1.5,2025
싸이,spillover,91,0,1,협업,1.3,
아이유,loyalty,0,2,0,,2.0,2024
아이유,loyalty,1,3,1,1위,2.8,
아이유,loyalty,2,2,0,,2.0,
아이유,loyalty,3,5,2,기부|팬클럽,4.1,2019|2020|2026
아이유,loyalty,4,0,0,,1.0,
아이유,loyalty,5,1,2,매진|팬클럽,2.1,2025
아이유,loyalty,6,3,1,매진,2.8,2023
아이유,loyalty,7,0,2,팬클럽|팬카페,1.6,
아이유,loyalty,8,2,1,매진,2.3,
아이유,loyalty,9,2,1,최초,2.3,2024
아이유,loyalty,10,1,1,최초,1.8,2022
아이유,loyalty,11,2,0,,2.0,
아이유,loyalty,12,2,0,,2.0,
아이유,loyalty,13,1,2,역사|1위,2.1,
아이유,loyalty,14,0,0,,1.0,2017|2024
아이유,loyalty,15,0,0,,1.0,2024
아이유,loyalty,16,1,1,최초,1.8,2024
아이유,loyalty,17,0,0,,1.0,
아이유,loyalty,18,0,0,,1.0,
아이유,loyalty,19,0,0,,1.0,
아이유,loyalty,20,5,1,매진,3.8,2019|2022|2023
아이유,loyalty,21,3,1,매진,2.8,2024
아이유,loyalty,22,3,2,기부|팬클럽,3.1,2026
아이유,loyalty,23,1,0,,1.5,2024
아이유,loyalty,24,0,0,,1.0,
아이유,loyalty,25,2,2,기부|팬클럽,2.6,2026
아이유,loyalty,26,1,1,기부,1.8,
아이유,loyalty,27,1,1,기부,1.8,
아이유,loyalty,28,0,0,,1.0,
아이유,loyalty,29,2,1,기부,2.3,2024
아이유,loyalty,30,1,1,세대,1.8,
아이유,loyalty,31,2,0,,2.0,2024
아이유,loyalty,32,2,0,,2.0,2024
아이유,loyalty,33,2,2,기부|팬클럽,2.6,
아이유,loyalty,34,0,0,,1.0,
아이유,loyalty,35,0,0,,1.0,
아이유,loyalty,36,4,2,기부|팬클럽,3.6,2018
아이유,loyalty,37,2,2,기부|팬클럽,2.6,2024
아이유,loyalty,38,2,2,기부|팬클럽,2.6,2026
아이유,loyalty,39,1,0,,1.5,2018
아이유,loyalty,40,0,0,,1.0,
아이유,loyalty,41,3,1,1위,2.8,2026
아이유,spillover,0,0,1,앰버서더,1.3,
아이유,spillover,1,0,3,앰버서더|모델|브랜드,1.9,
아이유,spillover,2,0,1,콘서트,1.3,
아이유,spillover,3,3,0,,2.5,2025
아이유,spillover,4,3,0,,2.5,2017|2025
아이유,spillover,5,2,0,,2.0,2024|2025
아이유,spillover,6,0,0,,1.0,2017|2025
아이유,spillover,7,0,0,,1.0,2025
아이유,spillover,8,0,0,,1.0,
아이유,spillover,9,0,0,,1.0,2017|2018|2019
아이유,spillover,10,0,0,,1.0,2024
아이유,spillover,11,0,0,,1.0,2026
아이유,spillover,12,0,0,,1.0,
아이유,spillover,13,0,0,,1.0,
아이유,spillover,14,0,0,,1.0,
아이유,spillover,15,0,0,,1.0,
아이유,spillover,16,3,1,투어,2.8,2024
아이유,spillover,17,3,1,콘서트,2.8,2024
아이유,spillover,18,1,1,콘서트,1.8,2024
아이유,spillover,19,3,0,,2.5,
아이유,spillover,20,1,1,콘서트,1.8,
아이유,spillover,21,0,0,,1.0,
아이유,spillover,22,0,0,,1.0,
아이유,spillover,23,0,0,,1.0,
아이유,spillover,24,0,0,,1.0,
아이유,spillover,25,0,0,,1.0,
아이유,spillover,26,1,0,,1.5,
아이유,spillover,27,0,0,,1.0,
아이유,spillover,28,0,0,,1.0,2018|2019|2025|2026
아이유,spillover,29,0,0,,1.0,2019|2022|2023
아이유,spillover,30,3,0,,2.5,
아이유,spillover,31,4,0,,3.0,2015|2016|2018|2019
아이유,spillover,32,2,0,,2.0,2025|2026
아이유,spillover,33,4,0,,3.0,2019|2021|2022|2023
아이유,spillover,34,2,1,콘서트,2.3,2023|2025
아이유,spillover,35,1,1,홍보대사,1.8,2025
아이유,spillover,36,11,2,매출|브랜드,7.1,2021|2023|2024
아이유,spillover,37,10,3,매출|모델|브랜드,6.9,2023|2024
아이유,spillover,38,0,0,,1.0,
아이유,spillover,39,1,0,,1.5,2026
아이유,spillover,40,4,1,모델,3.3,2024
아이유,spillover,41,1,0,,1.5,2024
아이유,spillover,42,1,1,앰버서더,1.8,2021
아이유,spillover,43,1,2,앰버서더|브랜드,2.1,2024
아이유,spillover,44,2,1,모델,2.3,2024
아이유,spillover,45,3,1,모델,2.8,2022|2024
아이유,spillover,46,3,2,모델|브랜드,3.1,2023|2024
아이유,spillover,47,1,2,모델|브랜드,2.1,2023
아이유,spillover,48,5,2,모델|브랜드,4.1,2020|2023
아이유,spillover,49,1,2,앰버서더|브랜드,2.1,2026
아이유,spillover,50,3,2,모델|브랜드,3.1,2025
아이유,spillover,51,1,2,모델|브랜드,2.1,2019
아이유,spillover,52,1,2,모델|브랜드,2.1,2025
아이유,spillover,53,3,1,모델,2.8,2022|2024
아이유,spillover,54,3,2,앰버서더|모델,3.1,2022|2024
아이유,spillover,55,5,1,모델,3.8,2020|2023|2024
아이유,spillover,56,2,1,앰버서더,2.3,2024
아이유,spillover,57,2,1,모델,2.3,2024
아이유,spillover,58,2,1,모델,2.3,2024
아이유,spillover,59,0,0,,1.0,
아이유,spillover,60,2,0,,2.0,
아이유,spillover,61,0,0,,1.0,
아이유,spillover,62,0,1,모델,1.3,
아이유,spillover,63,1,1,투어,1.8,2024
아이유,spillover,64,4,0,,3.0,2017
아이유,spillover,65,0,1,투어,1.3,
아이유,spillover,66,1,0,,1.5,2022
아이유,spillover,67,2,0,,2.0,2026
비비,loyalty,0,1,1,팬클럽,1.8,2026
비비,loyalty,1,3,1,팬클럽,2.8,2025
비비,loyalty,2,2,1,1위,2.3,2024
비비,loyalty,3,1,0,,1.5,2025
비비,loyalty,4,0,0,,1.0,
비비,loyalty,5,0,1,팬클럽,1.3,
비비,loyalty,6,1,0,,1.5,2025
비비,loyalty,7,1,0,,1.5,2022
비비,loyalty,8,4,0,,3.0,2022|2025
비비,loyalty,9,0,0,,1.0,
비비,loyalty,10,0,0,,1.0,2026
비비,loyalty,11,0,0,,1.0,
비비,loyalty,12,0,0,,1.0,2025
비비,loyalty,13,0,1,기부,1.3,
비비,loyalty,14,0,0,,1.0,2025
비비,loyalty,15,0,0,,1.0,
비비,loyalty,16,0,0,,1.0,
비비,loyalty,17,0,0,,1.0,
비비,loyalty,18,0,0,,1.0,
비비,loyalty,19,0,0,,1.0,
비비,loyalty,20,0,0,,1.0,
비비,loyalty,21,0,0,,1.0,
비비,loyalty,22,0,0,,1.0,
비비,loyalty,23,1,1,매진,1.8,2022
비비,loyalty,24,1,1,팬클럽,1.8,2026
비비,loyalty,25,0,0,,1.0,
비비,spillover,0,1,2,매출|소비,2.1,
비비,spillover,1,0,1,앰버서더,1.3,
비비,spillover,2,0,1,모델,1.3,
비비,spillover,3,1,0,,1.5,2024
비비,spillover,4,1,1,소비,1.8,
비비,spillover,5,2,0,,2.0,2024
비비,spillover,6,1,0,,1.5,2021
비비,spillover,7,2,0,,2.0,2024
비비,spillover,8,0,0,,1.0,
비비,spillover,9,2,0,,2.0,2023
비비,spillover,10,1,0,,1.5,2021|2024
비비,spillover,11,0,0,,1.0,2024|2025
비비,spillover,12,1,0,,1.5,2024
비비,spillover,13,0,0,,1.0,
비비,spillover,14,0,0,,1.0,2025
비비,spillover,15,5,2,매출|모델,4.1,2019|2025
비비,spillover,16,1,0,,1.5,2025
비비,spillover,17,1,0,,1.5,2024
비비,spillover,18,1,0,,1.5,
비비,spillover,19,0,0,,1.0,
비비,spillover,20,0,0,,1.0,
비비,spillover,21,0,0,,1.0,
비비,spillover,22,0,0,,1.0,
비비,spillover,23,1,0,,1.5,2026
비비,spillover,24,0,0,,1.0,
비비,spillover,25,0,0,,1.0,2020
비비,spillover,26,0,0,,1.0,2020|2021|2022
비비,spillover,27,3,0,,2.5,2023|2024
비비,spillover,28,4,0,,3.0,2018|2023
비비,spillover,29,0,1,지역,1.3,
비비,spillover,30,1,2,앰버서더|브랜드,2.1,2021
비비,spillover,31,1,2,앰버서더|모델,2.1,2025
비비,spillover,32,1,1,모델,1.8,2024
비비,spillover,33,1,1,모델,1.8,2025
비비,spillover,34,1,2,모델|브랜드,2.1,2021
비비,spillover,35,2,2,모델|브랜드,2.6,2025|2026
비비,spillover,36,1,1,모델,1.8,2024
비비,spillover,37,1,2,모델|브랜드,2.1,2022
비비,spillover,38,2,1,투어,2.3,2025
비비,spillover,39,1,0,,1.5,
비비,spillover,40,1,0,,1.5,2026
비비,spillover,41,0,1,콘서트,1.3,2025
비비,spillover,42,0,1,투어,1.3,
비비,spillover,43,0,0,,1.0,
비비,spillover,44,1,0,,1.5,2026
비비,spillover,45,2,0,,2.0,2019
비비,spillover,46,1,0,,1.5,
비비,spillover,47,0,0,,1.0,
윤하,loyalty,0,1,2,지속|팬클럽,2.1,2025
윤하,loyalty,1,2,1,매진,2.3,2023
윤하,loyalty,2,1,1,매진,1.8,
윤하,loyalty,3,2,2,기부|팬클럽,2.6,
윤하,loyalty,4,1,1,팬클럽,1.8,2023
윤하,loyalty,5,3,2,팬클럽|충성,3.1,2015|2016|2019|2024
윤하,loyalty,6,3,2,지속|1위,3.1,2022
윤하,loyalty,7,1,2,결성|팬클럽,2.1,
윤하,loyalty,8,3,1,1위,2.8,
윤하,loyalty,9,4,0,,3.0,2024|2025
윤하,loyalty,10,2,0,,2.0,2023
윤하,loyalty,11,1,0,,1.5,
윤하,loyalty,12,1,1,1위,1.8,
윤하,loyalty,13,2,0,,2.0,
윤하,loyalty,14,1,0,,1.5,2024
윤하,loyalty,15,2,0,,2.0,2025
윤하,loyalty,16,0,0,,1.0,
윤하,loyalty,17,1,0,,1.5,
윤하,loyalty,18,1,0,,1.5,
윤하,loyalty,19,2,1,1위,2.3,
윤하,loyalty,20,2,2,기부|팬클럽,2.6,2025
윤하,loyalty,21,3,2,기부|팬클럽,3.1,2024
윤하,loyalty,22,4,2,매진|팬클럽,3.6,2024
윤하,loyalty,23,2,1,매진,2.3,2023
윤하,loyalty,24,2,0,,2.0,2024
윤하,loyalty,25,1,2,지속|팬클럽,2.1,2024
윤하,loyalty,26,1,0,,1.5,2019
윤하,loyalty,27,1,1,매진,1.8,2015
윤하,loyalty,28,3,0,,2.5,2024
윤하,loyalty,29,2,2,1위|팬클럽,2.6,
윤하,loyalty,30,3,0,,2.5,2024
윤하,loyalty,31,2,1,매진,2.3,2026
윤하,loyalty,32,2,0,,2.0,
윤하,spillover,0,1,0,,1.5,
윤하,spillover,1,0,0,,1.0,
윤하,spillover,2,3,0,,2.5,2021
윤하,spillover,3,2,1,콘서트,2.3,
윤하,spillover,4,1,0,,1.5,
윤하,spillover,5,2,0,,2.0,
윤하,spillover,6,0,1,협업,1.3,
윤하,spillover,7,0,0,,1.0,2022|2023
윤하,spillover,8,0,0,,1.0,2020
윤하,spillover,9,0,0,,1.0,2022|2023
윤하,spillover,10,0,0,,1.0,
윤하,spillover,11,0,0,,1.0,
윤하,spillover,12,1,0,,1.5,2025
윤하,spillover,13,3,0,,2.5,
윤하,spillover,14,1,0,,1.5,2022
윤하,spillover,15,2,0,,2.0,
윤하,spillover,16,0,0,,1.0,2025
윤하,spillover,17,1,2,투어|콘서트,2.1,
윤하,spillover,18,0,0,,1.0,
윤하,spillover,19,1,0,,1.5,
윤하,spillover,20,0,0,,1.0,
윤하,spillover,21,1,0,,1.5,
윤하,spillover,22,1,0,,1.5,
윤하,spillover,23,0,0,,1.0,
윤하,spillover,24,1,0,,1.5,
윤하,spillover,25,1,0,,1.5,
윤하,spillover,26,2,0,,2.0,
윤하,spillover,27,0,0,,1.0,
윤하,spillover,28,1,2,홍보대사|콘서트,2.1,
윤하,spillover,29,2,1,홍보대사,2.3,2023
윤하,spillover,30,1,1,협업,1.8,
윤하,spillover,31,2,1,홍보대사,2.3,2026
윤하,spillover,32,2,1,홍보대사,2.3,2023
윤하,spillover,33,2,1,홍보대사,2.3,2023
윤하,spillover,34,1,1,브랜드,1.8,
윤하,spillover,35,1,0,,1.5,
윤하,spillover,36,2,0,,2.0,
윤하,spillover,37,2,0,,2.0,
윤하,spillover,38,1,1,모델,1.8,
윤하,spillover,39,0,0,,1.0,
윤하,spillover,40,1,0,,1.5,2023
윤하,spillover,41,4,0,,3.0,2022
윤하,spillover,42,1,0,,1.5,
윤하,spillover,43,3,0,,2.5,
윤하,spillover,44,0,0,,1.0,
윤하,spillover,45,0,0,,1.0,2022
윤하,spillover,46,1,0,,1.5,
윤하,spillover,47,3,0,,2.5,
윤하,spillover,48,1,0,,1.5,
윤하,spillover,49,0,1,협업,1.3,
청하,loyalty,0,2,0,,2.0,2018|2024
청하,loyalty,1,2,1,기부,2.3,2023
청하,loyalty,2,2,1,기부,2.3,2021
청하,loyalty,3,2,1,기부,2.3,2020
청하,loyalty,4,2,2,최초|팬클럽,2.6,2018|2024
청하,loyalty,5,1,0,,1.5,2026
청하,loyalty,6,0,0,,1.0,
청하,loyalty,7,2,0,,2.0,2026
청하,loyalty,8,0,0,,1.0,2018|2024
청하,loyalty,9,0,0,,1.0,2020|2021|2023
청하,loyalty,10,0,0,,1.0,2026
청하,loyalty,11,2,1,기부,2.3,2020
청하,loyalty,12,4,1,기부,3.3,2021|2023
청하,loyalty,13,0,0,,1.0,2026
청하,loyalty,14,1,0,,1.5,2019
청하,loyalty,15,0,0,,1.0,2017
청하,loyalty,16,0,0,,1.0,
청하,loyalty,17,2,2,기부|팬클럽,2.6,2025
청하,loyalty,18,2,2,기부|팬클럽,2.6,2023
청하,loyalty,19,2,0,,2.0,2025
청하,spillover,0,1,2,앰버서더|브랜드,2.1,2019
청하,spillover,1,1,1,모델,1.8,2019
청하,spillover,2,1,0,,1.5,2020
청하,spillover,3,1,0,,1.5,2017
청하,spillover,4,1,1,협업,1.8,2020
청하,spillover,5,1,0,,1.5,2020
청하,spillover,6,2,0,,2.0,2019
청하,spillover,7,1,0,,1.5,2019
청하,spillover,8,0,0,,1.0,2017|2019|2020
청하,spillover,9,0,0,,1.0,2019|2020
청하,spillover,10,0,0,,1.0,
청하,spillover,11,0,0,,1.0,
청하,spillover,12,0,0,,1.0,2026
청하,spillover,13,1,0,,1.5,2020
청하,spillover,14,0,1,협업,1.3,2019|2020
청하,spillover,15,0,0,,1.0,
청하,spillover,16,2,2,앰버서더|브랜드,2.6,2017|2024
청하,spillover,17,3,0,,2.5,2019
청하,spillover,18,6,0,,4.0,2019|2020
청하,spillover,19,1,0,,1.5,2019
청하,spillover,20,0,0,,1.0,2025
청하,spillover,21,0,1,협업,1.3,2024
청하,spillover,22,0,0,,1.0,2026
청하,spillover,23,0,0,,1.0,2026
청하,spillover,24,0,0,,1.0,2025
청하,spillover,25,0,0,,1.0,
청하,spillover,26,0,0,,1.0,
청하,spillover,27,0,0,,1.0,
청하,spillover,28,0,0,,1.0,
청하,spillover,29,0,0,,1.0,
청하,spillover,30,0,0,,1.0,2026
청하,spillover,31,1,1,협업,1.8,2021
청하,spillover,32,0,0,,1.0,2024
청하,spillover,33,1,0,,1.5,2025
청하,spillover,34,1,1,콘서트,1.8,2019
청하,spillover,35,0,0,,1.0,2016
청하,spillover,36,0,1,콘서트,1.3,
청하,spillover,37,1,0,,1.5,2025
청하,spillover,38,6,0,,4.0,2019|2023
청하,spillover,39,1,0,,1.5,2019
청하,spillover,40,0,0,,1.0,2016|2017|2018|2019|2020|2022
청하,spillover,41,1,0,,1.5,2020
청하,spillover,42,0,0,,1.0,
청하,spillover,43,1,1,홍보대사,1.8,2017
청하,spillover,44,0,0,,1.0,
청하,spillover,45,1,0,,1.5,2026
청하,spillover,46,1,0,,1.5,2026
청하,spillover,47,0,0,,1.0,
청하,spillover,48,0,0,,1.0,
청하,spillover,49,1,1,브랜드,1.8,2024
청하,spillover,50,1,2,모델|브랜드,2.1,2021
청하,spillover,51,1,2,모델|브랜드,2.1,2020
청하,spillover,52,1,0,,1.5,2019
청하,spillover,53,2,0,,2.0,2017|2019
청하,spillover,54,1,0,,1.5,2019
청하,spillover,55,1,0,,1.5,2020|2024
청하,spillover,56,8,0,,5.0,2017|2019|2020
청하,spillover,57,1,0,,1.5,2017
청하,spillover,58,1,0,,1.5,2020
최예나,loyalty,0,1,0,,1.5,
최예나,loyalty,1,1,0,,1.5,
최예나,loyalty,2,0,1,매진,1.3,
최예나,loyalty,3,0,1,매진,1.3,
최예나,loyalty,4,1,1,팬클럽,1.8,2022
최예나,loyalty,5,0,1,팬클럽,1.3,
최예나,loyalty,6,0,1,팬클럽,1.3,
최예나,loyalty,7,0,0,,1.0,
최예나,loyalty,8,1,0,,1.5,2024
최예나,loyalty,9,1,0,,1.5,2025
최예나,loyalty,10,1,0,,1.5,2023
최예나,loyalty,11,3,0,,2.5,2022
최예나,loyalty,12,3,0,,2.5,2022
최예나,loyalty,13,3,0,,2.5,2026
최예나,loyalty,14,0,0,,1.0,
최예나,loyalty,15,1,0,,1.5,
최예나,loyalty,16,0,0,,1.0,
최예나,loyalty,17,0,0,,1.0,
최예나,loyalty,18,0,0,,1.0,
최예나,loyalty,19,1,1,팬클럽,1.8,2023
최예나,loyalty,20,2,0,,2.0,2024|2026
최예나,loyalty,21,4,1,지속,3.3,2023|2024|2025|2026
최예나,loyalty,22,1,2,기부|팬클럽,2.1,
최예나,loyalty,23,2,0,,2.0,2023
최예나,loyalty,24,0,0,,1.0,
최예나,loyalty,25,0,1,세대,1.3,
최예나,loyalty,26,0,0,,1.0,
최예나,loyalty,27,1,0,,1.5,2026
최예나,loyalty,28,0,0,,1.0,
최예나,loyalty,29,0,0,,1.0,2021|2022|2024
최예나,loyalty,30,1,2,기부|팬클럽,2.1,
최예나,loyalty,31,1,2,기부|팬클럽,2.1,
최예나,loyalty,32,1,1,매진,1.8,2026
최예나,loyalty,33,1,0,,1.5,2026
최예나,loyalty,34,0,0,,1.0,2026
최예나,loyalty,35,1,0,,1.5,
최예나,loyalty,36,1,1,매진,1.8,2025
최예나,loyalty,37,0,0,,1.0,2025
최예나,loyalty,38,1,0,,1.5,2025
최예나,spillover,0,0,1,모델,1.3,
최예나,spillover,1,0,2,모델|협업,1.6,
최예나,spillover,2,0,2,앰버서더|브랜드,1.6,
최예나,spillover,3,1,1,브랜드,1.8,2026
최예나,spillover,4,0,2,지역|홍보대사,1.6,
최예나,spillover,5,1,0,,1.5,2026
최예나,spillover,6,0,1,협업,1.3,
최예나,spillover,7,1,1,브랜드,1.8,2022
최예나,spillover,8,2,1,모델,2.3,2022|2024
최예나,spillover,9,2,0,,2.0,2022
최예나,spillover,10,2,0,,2.0,2023
최예나,spillover,11,0,0,,1.0,2022|2023
최예나,spillover,12,0,0,,1.0,2022|2026
최예나,spillover,13,0,0,,1.0,
최예나,spillover,14,0,0,,1.0,2026
최예나,spillover,15,0,0,,1.0,
최예나,spillover,16,0,1,브랜드,1.3,
최예나,spillover,17,0,0,,1.0,2025
최예나,spillover,18,1,1,콘서트,1.8,2024
최예나,spillover,19,1,1,투어,1.8,2026
최예나,spillover,20,0,0,,1.0,
최예나,spillover,21,1,2,모델|브랜드,2.1,2025
최예나,spillover,22,2,1,협업,2.3,2026
최예나,spillover,23,4,2,앰버서더|브랜드,3.6,2022|2023|2025|2026
최예나,spillover,24,4,0,,3.0,2022
최예나,spillover,25,4,1,협업,3.3,2023|2024|2025|2026
최예나,spillover,26,0,0,,1.0,
최예나,spillover,27,0,0,,1.0,
최예나,spillover,28,0,0,,1.0,
최예나,spillover,29,0,0,,1.0,2025
최예나,spillover,30,0,0,,1.0,2021
최예나,spillover,31,0,0,,1.0,
최예나,spillover,32,0,0,,1.0,
최예나,spillover,33,1,0,,1.5,2026
최예나,spillover,34,0,0,,1.0,2020|2021|2025
최예나,spillover,35,0,1,모델,1.3,
최예나,spillover,36,0,2,모델|브랜드,1.6,
최예나,spillover,37,1,0,,1.5,2022
최예나,spillover,38,2,0,,2.0,2021|2024|2026
최예나,spillover,39,1,0,,1.5,2021
최예나,spillover,40,2,0,,2.0,2026
최예나,spillover,41,1,0,,1.5,2020
최예나,spillover,42,0,0,,1.0,
최예나,spillover,43,0,0,,1.0,
최예나,spillover,44,2,1,홍보대사,2.3,2023
최예나,spillover,45,1,0,,1.5,2026
최예나,spillover,46,0,1,브랜드,1.3,2026
최예나,spillover,47,0,1,콘서트,1.3,
최예나,spillover,48,0,0,,1.0,
최예나,spillover,49,1,1,모델,1.8,2023
최예나,spillover,50,1,2,앰버서더|브랜드,2.1,2023
최예나,spillover,51,1,1,브랜드,1.8,2026
최예나,spillover,52,1,1,모델,1.8,2023
최예나,spillover,53,1,1,브랜드,1.8,2026
최예나,spillover,54,1,0,,1.5,2023
최예나,spillover,55,0,0,,1.0,
최예나,spillover,56,0,1,협업,1.3,
권은비,loyalty,0,3,0,,2.5,2023
권은비,loyalty,1,0,3,지속|팬클럽|결속,1.9,
권은비,loyalty,2,1,0,,1.5,
권은비,loyalty,3,0,1,확장,1.3,
권은비,loyalty,4,2,0,,2.0,2026
권은비,loyalty,5,1,1,팬클럽,1.8,2026
권은비,loyalty,6,0,0,,1.0,
권은비,loyalty,7,3,0,,2.5,2022
권은비,loyalty,8,3,0,,2.5,2022
권은비,loyalty,9,3,0,,2.5,2023
권은비,loyalty,10,3,0,,2.5,2023
권은비,loyalty,11,2,1,1위,2.3,2023
권은비,loyalty,12,0,0,,1.0,2022
권은비,loyalty,13,0,0,,1.0,2022
권은비,loyalty,14,0,0,,1.0,2023|2025
권은비,loyalty,15,1,0,,1.5,2022
권은비,loyalty,16,0,0,,1.0,
권은비,loyalty,17,1,2,지속|확장,2.1,2026
권은비,loyalty,18,0,0,,1.0,2025
권은비,loyalty,19,1,0,,1.5,2025
권은비,loyalty,20,0,0,,1.0,2023|2024
권은비,loyalty,21,2,2,매진|팬클럽,2.6,2022
권은비,loyalty,22,2,1,기부,2.3,2023
권은비,loyalty,23,2,0,,2.0,2026
권은비,loyalty,24,1,0,,1.5,2024
권은비,spillover,0,0,0,,1.0,
권은비,spillover,1,0,2,앰버서더|브랜드,1.6,
권은비,spillover,2,0,2,모델|브랜드,1.6,
권은비,spillover,3,2,0,,2.0,2025
권은비,spillover,4,0,0,,1.0,
권은비,spillover,5,0,0,,1.0,
권은비,spillover,6,2,0,,2.0,
권은비,spillover,7,1,0,,1.5,2021
권은비,spillover,8,2,0,,2.0,2023|2024
권은비,spillover,9,1,0,,1.5,2023
권은비,spillover,10,0,2,모델|브랜드,1.6,
권은비,spillover,11,3,0,,2.5,2021
권은비,spillover,12,0,0,,1.0,2022
권은비,spillover,13,0,0,,1.0,2021|2023
권은비,spillover,14,0,0,,1.0,2026
권은비,spillover,15,0,0,,1.0,2026
권은비,spillover,16,0,0,,1.0,2025
권은비,spillover,17,0,0,,1.0,
권은비,spillover,18,0,0,,1.0,
권은비,spillover,19,0,0,,1.0,
권은비,spillover,20,0,0,,1.0,
권은비,spillover,21,0,0,,1.0,
권은비,spillover,22,0,0,,1.0,
권은비,spillover,23,0,0,,1.0,
권은비,spillover,24,0,0,,1.0,
권은비,spillover,25,0,2,앰버서더|브랜드,1.6,
권은비,spillover,26,1,2,앰버서더|브랜드,2.1,2026
권은비,spillover,27,4,0,,3.0,2022|2023|2024
권은비,spillover,28,2,0,,2.0,2023
권은비,spillover,29,1,0,,1.5,2023
권은비,spillover,30,1,0,,1.5,2025
권은비,spillover,31,0,2,모델|브랜드,1.6,2025
권은비,spillover,32,0,2,모델|브랜드,1.6,2025
권은비,spillover,33,0,0,,1.0,
권은비,spillover,34,0,1,지역,1.3,
권은비,spillover,35,0,0,,1.0,
권은비,spillover,36,0,0,,1.0,
권은비,spillover,37,0,0,,1.0,
권은비,spillover,38,0,0,,1.0,
권은비,spillover,39,0,0,,1.0,2023
권은비,spillover,40,0,0,,1.0,2025
권은비,spillover,41,1,0,,1.5,2026
권은비,spillover,42,0,0,,1.0,2024
권은비,spillover,43,0,2,앰버서더|브랜드,1.6,
권은비,spillover,44,0,2,앰버서더|브랜드,1.6,
권은비,spillover,45,2,1,콘서트,2.3,2019|2023|2024|2025
권은비,spillover,46,1,1,협업,1.8,2021
권은비,spillover,47,1,0,,1.5,2024
권은비,spillover,48,0,0,,1.0,
권은비,spillover,49,0,0,,1.0,
권은비,spillover,50,0,0,,1.0,
권은비,spillover,51,1,2,모델|브랜드,2.1,
권은비,spillover,52,1,0,,1.5,2026
권은비,spillover,53,1,0,,1.5,2026
권은비,spillover,54,1,0,,1.5,2026
권은비,spillover,55,1,0,,1.5,
권은비,spillover,56,0,1,브랜드,1.3,
권은비,spillover,57,1,2,앰버서더|브랜드,2.1,2026
권은비,spillover,58,1,2,모델|브랜드,2.1,2025
권은비,spillover,59,1,1,모델,1.8,2023
권은비,spillover,60,1,2,모델|브랜드,2.1,2023
권은비,spillover,61,0,0,,1.0,
권은비,spillover,62,0,0,,1.0,
권은비,spillover,63,0,0,,1.0,
권은비,spillover,64,0,0,,1.0,
츄,loyalty,0,3,1,1위,2.8,
츄,loyalty,1,1,1,돌파,1.8,
츄,loyalty,2,1,0,,1.5,2025
츄,loyalty,3,0,1,팬클럽,1.3,
츄,loyalty,4,1,1,팬클럽,1.8,2025
츄,loyalty,5,0,1,팬클럽,1.3,
츄,loyalty,6,0,0,,1.0,
츄,loyalty,7,1,0,,1.5,
츄,loyalty,8,1,0,,1.5,
츄,loyalty,9,4,0,,3.0,2023
츄,loyalty,10,3,0,,2.5,2024
츄,loyalty,11,4,0,,3.0,2026
츄,loyalty,12,0,0,,1.0,2023|2024
츄,loyalty,13,1,0,,1.5,
츄,loyalty,14,0,0,,1.0,2023|2025
츄,loyalty,15,0,0,,1.0,2022
츄,loyalty,16,0,0,,1.0,
츄,loyalty,17,1,1,팬클럽,1.8,2025
츄,loyalty,18,0,1,팬클럽,1.3,
츄,loyalty,19,1,1,기부,1.8,2022
츄,loyalty,20,1,0,,1.5,2024
츄,loyalty,21,0,0,,1.0,
츄,loyalty,22,0,1,세대,1.3,
츄,loyalty,23,0,0,,1.0,
츄,loyalty,24,0,0,,1.0,
츄,loyalty,25,0,0,,1.0,
츄,loyalty,26,0,0,,1.0,
츄,loyalty,27,0,0,,1.0,
츄,loyalty,28,1,0,,1.5,2024
츄,loyalty,29,0,0,,1.0,
츄,loyalty,30,1,1,기부,1.8,2022
츄,loyalty,31,1,1,팬클럽,1.8,2024
츄,loyalty,32,1,1,팬클럽,1.8,2025
츄,loyalty,33,0,0,,1.0,
츄,spillover,0,0,0,,1.0,
츄,spillover,1,0,2,모델|브랜드,1.6,
츄,spillover,2,0,3,관광|지역|홍보대사,1.9,
츄,spillover,3,0,0,,1.0,
츄,spillover,4,0,0,,1.0,
츄,spillover,5,0,0,,1.0,
츄,spillover,6,1,0,,1.5,2021
츄,spillover,7,1,2,관광|모델,2.1,2021
츄,spillover,8,1,1,홍보대사,1.8,2024
츄,spillover,9,1,1,모델,1.8,2022|2023
츄,spillover,10,1,1,협업,1.8,2024|2025
츄,spillover,11,1,0,,1.5,2025|2026
츄,spillover,12,0,0,,1.0,2023|2024|2025|2026
츄,spillover,13,0,0,,1.0,
츄,spillover,14,0,0,,1.0,2023|2024
츄,spillover,15,0,0,,1.0,2026
츄,spillover,16,0,0,,1.0,
츄,spillover,17,1,1,투어,1.8,2023
츄,spillover,18,0,1,투어,1.3,
츄,spillover,19,12,0,,7.0,2023|2024|2025|2026
츄,spillover,20,0,0,,1.0,
츄,spillover,21,0,0,,1.0,
츄,spillover,22,0,0,,1.0,
츄,spillover,23,0,0,,1.0,
츄,spillover,24,0,0,,1.0,
츄,spillover,25,0,0,,1.0,2024
츄,spillover,26,0,0,,1.0,2025
츄,spillover,27,1,0,,1.5,2023
츄,spillover,28,0,0,,1.0,2019|2025
츄,spillover,29,3,0,,2.5,2019|2020|2021
츄,spillover,30,2,0,,2.0,2022|2023|2025
츄,spillover,31,1,0,,1.5,2021
츄,spillover,32,3,0,,2.5,2020|2021
츄,spillover,33,3,0,,2.5,2019|2025|2026
츄,spillover,34,1,0,,1.5,2015
츄,spillover,35,0,1,홍보대사,1.3,
츄,spillover,36,2,1,모델,2.3,2025
츄,spillover,37,1,1,앰버서더,1.8,2025
츄,spillover,38,2,1,모델,2.3,2023|2024
츄,spillover,39,1,1,모델,1.8,2023
츄,spillover,40,1,1,모델,1.8,2024
츄,spillover,41,2,2,모델|브랜드,2.6,2023|2024
츄,spillover,42,1,1,모델,1.8,2023
츄,spillover,43,1,1,모델,1.8,2021
츄,spillover,44,0,1,모델,1.3,
츄,spillover,45,2,0,,2.0,2021|2022
츄,spillover,46,2,0,,2.0,2021|2025
츄,spillover,47,2,0,,2.0,2021|2023|2024
츄,spillover,48,1,0,,1.5,2023
츄,spillover,49,1,1,브랜드,1.8,2021|2022
츄,spillover,50,1,1,홍보대사,1.8,2025|2026
츄,spillover,51,0,0,,1.0,
츄,spillover,52,1,0,,1.5,2020
츄,spillover,53,3,0,,2.5,2018|2022|2023
츄,spillover,54,1,0,,1.5,2022
츄,spillover,55,0,0,,1.0,
츄,spillover,56,1,0,,1.5,2023
츄,spillover,57,1,0,,1.5,2024
츄,spillover,58,1,0,,1.5,2023
10CM,loyalty,0,1,1,팬클럽,1.8,2024
10CM,loyalty,1,2,1,매진,2.3,
10CM,loyalty,2,1,1,최초,1.8,2020
10CM,loyalty,3,2,1,1위,2.3,2016
10CM,loyalty,4,0,1,팬클럽,1.3,
10CM,loyalty,5,2,1,충성,2.3,2020
10CM,loyalty,6,1,1,최초,1.8,2020
10CM,loyalty,7,1,0,,1.5,2024
10CM,loyalty,8,3,0,,2.5,
10CM,loyalty,9,2,0,,2.0,
10CM,loyalty,10,1,1,최초,1.8,
10CM,loyalty,11,1,1,최초,1.8,2020
10CM,loyalty,12,3,0,,2.5,2025
10CM,loyalty,13,2,0,,2.0,
10CM,loyalty,14,0,0,,1.0,
10CM,loyalty,15,0,0,,1.0,2020
10CM,loyalty,16,0,0,,1.0,2020
10CM,loyalty,17,0,0,,1.0,2022
10CM,loyalty,18,1,0,,1.5,2026
10CM,loyalty,19,2,1,1위,2.3,2025
10CM,loyalty,20,2,0,,2.0,2024|2025
10CM,loyalty,21,0,0,,1.0,2026
10CM,loyalty,22,1,0,,1.5,2026
10CM,loyalty,23,0,0,,1.0,
10CM,loyalty,24,0,0,,1.0,
10CM,loyalty,25,1,0,,1.5,
10CM,loyalty,26,1,0,,1.5,
10CM,loyalty,27,0,0,,1.0,
10CM,loyalty,28,0,0,,1.0,
10CM,loyalty,29,0,0,,1.0,
10CM,loyalty,30,1,0,,1.5,2024
10CM,loyalty,31,1,1,최초,1.8,
10CM,loyalty,32,2,1,돌파,2.3,
10CM,loyalty,33,1,0,,1.5,2026
10CM,loyalty,34,1,1,매진,1.8,2024
10CM,loyalty,35,1,1,매진,1.8,2024
10CM,loyalty,36,1,1,지속,1.8,2026
10CM,spillover,0,1,1,투어,1.8,2026
10CM,spillover,1,1,1,협업,1.8,2025
10CM,spillover,2,1,0,,1.5,2025
10CM,spillover,3,5,0,,3.5,2025
10CM,spillover,4,1,0,,1.5,
10CM,spillover,5,2,0,,2.0,2016
10CM,spillover,6,2,0,,2.0,2016
10CM,spillover,7,2,0,,2.0,2016
10CM,spillover,8,1,0,,1.5,
10CM,spillover,9,1,0,,1.5,2016
10CM,spillover,10,0,0,,1.0,
10CM,spillover,11,1,0,,1.5,2025
10CM,spillover,12,0,0,,1.0,2016|2018|2019|2021
10CM,spillover,13,0,0,,1.0,2026
10CM,spillover,14,0,0,,1.0,2025
10CM,spillover,15,0,0,,1.0,2019
10CM,spillover,16,0,0,,1.0,
10CM,spillover,17,2,0,,2.0,2016
10CM,spillover,18,1,0,,1.5,
10CM,spillover,19,2,0,,2.0,
10CM,spillover,20,1,0,,1.5,2025
10CM,spillover,21,1,0,,1.5,
10CM,spillover,22,0,0,,1.0,
10CM,spillover,23,0,0,,1.0,2025
10CM,spillover,24,0,0,,1.0,2025
10CM,spillover,25,0,0,,1.0,
10CM,spillover,26,0,0,,1.0,2026
10CM,spillover,27,0,0,,1.0,
10CM,spillover,28,0,0,,1.0,2026
10CM,spillover,29,0,0,,1.0,2018|2019|2024
10CM,spillover,30,0,1,협업,1.3,
10CM,spillover,31,2,0,,2.0,2025
10CM,spillover,32,0,0,,1.0,
10CM,spillover,33,1,1,콘서트,1.8,2020
10CM,spillover,34,2,2,관광|홍보대사,2.6,2025
10CM,spillover,35,0,1,콘서트,1.3,
10CM,spillover,36,0,2,모델|브랜드,1.6,
10CM,spillover,37,0,1,홍보대사,1.3,
10CM,spillover,38,2,0,,2.0,2026
10CM,spillover,39,1,0,,1.5,2026
10CM,spillover,40,1,1,투어,1.8,2026
10CM,spillover,41,2,0,,2.0,2026
10CM,spillover,42,0,0,,1.0,
10CM,spillover,43,1,1,투어,1.8,2024
10CM,spillover,44,1,0,,1.5,2023
10CM,spillover,45,0,0,,1.0,
10CM,spillover,46,0,0,,1.0,
10CM,spillover,47,1,0,,1.5,2025
카더가든,loyalty,0,1,0,,1.5,
카더가든,loyalty,1,1,0,,1.5,2019
카더가든,loyalty,2,4,2,지속|1위,3.6,2021|2026
카더가든,loyalty,3,2,0,,2.0,2024
카더가든,loyalty,4,0,1,팬카페,1.3,
카더가든,loyalty,5,0,0,,1.0,
카더가든,loyalty,6,1,1,팬카페,1.8,2025
카더가든,loyalty,7,1,0,,1.5,
카더가든,loyalty,8,2,0,,2.0,2025
카더가든,loyalty,9,0,0,,1.0,
카더가든,loyalty,10,0,0,,1.0,
카더가든,loyalty,11,0,0,,1.0,2026
카더가든,loyalty,12,0,0,,1.0,2019
카더가든,loyalty,13,0,0,,1.0,2026
카더가든,loyalty,14,0,1,팬클럽,1.3,
카더가든,loyalty,15,1,0,,1.5,2026
카더가든,loyalty,16,0,0,,1.0,
카더가든,loyalty,17,0,0,,1.0,
카더가든,loyalty,18,0,0,,1.0,
카더가든,loyalty,19,0,0,,1.0,
카더가든,loyalty,20,2,0,,2.0,2021
카더가든,loyalty,21,1,0,,1.5,2025
카더가든,loyalty,22,1,0,,1.5,
카더가든,loyalty,23,5,1,1위,3.8,2025
카더가든,loyalty,24,0,0,,1.0,
카더가든,loyalty,25,0,0,,1.0,
카더가든,spillover,0,0,1,브랜드,1.3,
카더가든,spillover,1,2,1,매출,2.3,
카더가든,spillover,2,1,0,,1.5,2025
카더가든,spillover,3,3,0,,2.5,2021|2023|2025
카더가든,spillover,4,0,0,,1.0,
카더가든,spillover,5,3,1,소비,2.8,2023|2025
카더가든,spillover,6,1,0,,1.5,2019
카더가든,spillover,7,1,0,,1.5,2019
카더가든,spillover,8,3,0,,2.5,2021|2026
카더가든,spillover,9,1,0,,1.5,2023
카더가든,spillover,10,1,0,,1.5,2017
카더가든,spillover,11,1,0,,1.5,2025
카더가든,spillover,12,0,0,,1.0,2021|2026
카더가든,spillover,13,0,0,,1.0,2026
카더가든,spillover,14,0,0,,1.0,2023
카더가든,spillover,15,0,0,,1.0,2017|2019
카더가든,spillover,16,0,0,,1.0,2026
카더가든,spillover,17,0,0,,1.0,
카더가든,spillover,18,1,1,브랜드,1.8,
카더가든,spillover,19,3,0,,2.5,2021|2026
카더가든,spillover,20,1,0,,1.5,2025
카더가든,spillover,21,3,0,,2.5,2021|2026
카더가든,spillover,22,0,1,콘서트,1.3,
카더가든,spillover,23,0,0,,1.0,
카더가든,spillover,24,1,0,,1.5,
카더가든,spillover,25,0,0,,1.0,
카더가든,spillover,26,0,0,,1.0,2025
카더가든,spillover,27,0,0,,1.0,2024
카더가든,spillover,28,0,0,,1.0,
카더가든,spillover,29,0,0,,1.0,2025
카더가든,spillover,30,0,0,,1.0,2026
카더가든,spillover,31,0,0,,1.0,2018|2025
카더가든,spillover,32,3,0,,2.5,2018|2019|2024
카더가든,spillover,33,2,0,,2.0,2018|2019
카더가든,spillover,34,2,0,,2.0,2025|2026
카더가든,spillover,35,2,0,,2.0,2021|2025
카더가든,spillover,36,0,0,,1.0,
카더가든,spillover,37,1,1,모델,1.8,2026
카더가든,spillover,38,1,1,모델,1.8,2026
카더가든,spillover,39,1,1,모델,1.8,2026
카더가든,spillover,40,1,1,모델,1.8,2026
카더가든,spillover,41,1,0,,1.5,2026
카더가든,spillover,42,1,1,콘서트,1.8,
카더가든,spillover,43,0,0,,1.0,
카더가든,spillover,44,0,1,협업,1.3,
카더가든,spillover,45,0,0,,1.0,
카더가든,spillover,46,4,0,,3.0,2021|2026
카더가든,spillover,47,1,2,투어|콘서트,2.1,2024
Zion.T,loyalty,0,1,1,매진,1.8,2015
Zion.T,loyalty,1,1,1,돌파,1.8,2015
Zion.T,loyalty,2,1,0,,1.5,2016
Zion.T,loyalty,3,1,1,지속,1.8,2017
Zion.T,loyalty,4,1,0,,1.5,2024
Zion.T,loyalty,5,2,0,,2.0,2015
Zion.T,loyalty,6,2,0,,2.0,2015
Zion.T,loyalty,7,0,2,매진|지속,1.6,2024
Zion.T,loyalty,8,0,0,,1.0,
Zion.T,loyalty,9,0,0,,1.0,
Zion.T,loyalty,10,0,0,,1.0,
Zion.T,loyalty,11,0,0,,1.0,2022
Zion.T,loyalty,12,0,0,,1.0,
Zion.T,loyalty,13,2,1,돌파,2.3,
Zion.T,loyalty,14,2,1,돌파,2.3,2015
Zion.T,loyalty,15,1,0,,1.5,2017
Zion.T,loyalty,16,3,0,,2.5,2023
Zion.T,loyalty,17,3,0,,2.5,2025
Zion.T,loyalty,18,1,0,,1.5,2017
Zion.T,loyalty,19,1,0,,1.5,2019
Zion.T,loyalty,20,0,0,,1.0,
Zion.T,loyalty,21,1,0,,1.5,
Zion.T,loyalty,22,1,1,최초,1.8,2026
Zion.T,loyalty,23,1,0,,1.5,2024
Zion.T,spillover,0,1,1,협업,1.8,
Zion.T,spillover,1,0,1,협업,1.3,2017
Zion.T,spillover,2,2,0,,2.0,2016
Zion.T,spillover,3,1,0,,1.5,
Zion.T,spillover,4,1,1,소비,1.8,
Zion.T,spillover,5,2,0,,2.0,
Zion.T,spillover,6,2,0,,2.0,2015
Zion.T,spillover,7,2,0,,2.0,2016
Zion.T,spillover,8,2,0,,2.0,2016
Zion.T,spillover,9,1,0,,1.5,2022
Zion.T,spillover,10,0,0,,1.0,2015
Zion.T,spillover,11,0,0,,1.0,2015
Zion.T,spillover,12,0,0,,1.0,2017
Zion.T,spillover,13,0,0,,1.0,2016
Zion.T,spillover,14,0,0,,1.0,2022
Zion.T,spillover,15,0,0,,1.0,2017|2025
Zion.T,spillover,16,1,1,투어,1.8,2018
Zion.T,spillover,17,0,0,,1.0,
Zion.T,spillover,18,0,0,,1.0,
Zion.T,spillover,19,1,0,,1.5,
Zion.T,spillover,20,2,0,,2.0,
Zion.T,spillover,21,0,0,,1.0,2019
Zion.T,spillover,22,0,0,,1.0,2018
Zion.T,spillover,23,0,0,,1.0,
Zion.T,spillover,24,0,0,,1.0,2015
Zion.T,spillover,25,0,0,,1.0,
Zion.T,spillover,26,0,0,,1.0,2021
Zion.T,spillover,27,0,0,,1.0,
Zion.T,spillover,28,1,0,,1.5,2016|2017|2018|2020|2021
Zion.T,spillover,29,5,0,,3.5,2018|2019|2020
Zion.T,spillover,30,1,0,,1.5,2015
Zion.T,spillover,31,1,0,,1.5,2019
Zion.T,spillover,32,1,0,,1.5,
Zion.T,spillover,33,1,1,브랜드,1.8,2021
Zion.T,spillover,34,1,0,,1.5,
Zion.T,spillover,35,1,0,,1.5,2015
Zion.T,spillover,36,1,0,,1.5,2019
Zion.T,spillover,37,1,0,,1.5,2021
Zion.T,spillover,38,1,2,지자체|콘서트,2.1,2025
Zion.T,spillover,39,1,1,협업,1.8,2023
Zion.T,spillover,40,1,0,,1.5,
Zion.T,spillover,41,1,0,,1.5,2025
Zion.T,spillover,42,1,0,,1.5,2017
Zion.T,spillover,43,1,0,,1.5,2024
Zion.T,spillover,44,2,0,,2.0,2026
Zion.T,spillover,45,2,1,상권,2.3,2026
Zion.T,spillover,46,2,0,,2.0,2025
Zion.T,spillover,47,1,1,콘서트,1.8,2019
Zion.T,spillover,48,0,0,,1.0,
Zion.T,spillover,49,2,0,,2.0,2017|2021
Zion.T,spillover,50,1,1,협업,1.8,2021
Zion.T,spillover,51,0,1,협업,1.3,
Zion.T,spillover,52,0,0,,1.0,
Zion.T,spillover,53,0,0,,1.0,
Zion.T,spillover,54,1,0,,1.5,2021
이효리,loyalty,0,0,1,팬카페,1.3,
이효리,loyalty,1,2,0,,2.0,2025
이효리,loyalty,2,2,0,,2.0,2025|2026
이효리,loyalty,3,1,0,,1.5,
이효리,loyalty,4,3,0,,2.5,
이효리,loyalty,5,3,0,,2.5,
이효리,loyalty,6,0,0,,1.0,
이효리,loyalty,7,0,0,,1.0,
이효리,loyalty,8,0,0,,1.0,2020
이효리,loyalty,9,2,1,기부,2.3,
이효리,loyalty,10,1,0,,1.5,
이효리,loyalty,11,1,1,기부,1.8,
이효리,loyalty,12,2,1,기부,2.3,
이효리,loyalty,13,2,1,기부,2.3,2025
이효리,loyalty,14,2,1,팬카페,2.3,
이효리,loyalty,15,1,0,,1.5,
이효리,loyalty,16,2,0,,2.0,
이효리,spillover,0,2,1,수익,2.3,
이효리,spillover,1,2,2,모델|브랜드,2.6,
이효리,spillover,2,1,2,모델|브랜드,2.1,2024|2025
이효리,spillover,3,0,1,모델,1.3,
이효리,spillover,4,3,2,모델|브랜드,3.1,
이효리,spillover,5,1,2,모델|브랜드,2.1,2024
이효리,spillover,6,2,2,브랜드|소비,2.6,2023
이효리,spillover,7,2,1,모델,2.3,
이효리,spillover,8,4,0,,3.0,
이효리,spillover,9,4,2,모델|브랜드,3.6,
이효리,spillover,10,1,0,,1.5,2021
이효리,spillover,11,2,0,,2.0,2020
이효리,spillover,12,2,0,,2.0,2020
이효리,spillover,13,1,0,,1.5,
이효리,spillover,14,0,0,,1.0,
이효리,spillover,15,2,0,,2.0,
이효리,spillover,16,0,0,,1.0,2025
이효리,spillover,17,0,0,,1.0,2024
이효리,spillover,18,0,0,,1.0,
이효리,spillover,19,0,0,,1.0,2025
이효리,spillover,20,0,0,,1.0,2025
이효리,spillover,21,1,2,모델|브랜드,2.1,
이효리,spillover,22,2,0,,2.0,
이효리,spillover,23,2,0,,2.0,2025
이효리,spillover,24,1,0,,1.5,2025
이효리,spillover,25,1,0,,1.5,
이효리,spillover,26,0,0,,1.0,2026
이효리,spillover,27,0,0,,1.0,2026
이효리,spillover,28,0,1,관광,1.3,
이효리,spillover,29,0,1,관광,1.3,
이효리,spillover,30,0,0,,1.0,
이효리,spillover,31,0,0,,1.0,
이효리,spillover,32,0,0,,1.0,
이효리,spillover,33,0,0,,1.0,
이효리,spillover,34,0,0,,1.0,2026
이효리,spillover,35,1,0,,1.5,2026
이효리,spillover,36,0,0,,1.0,
이효리,spillover,37,1,0,,1.5,
이효리,spillover,38,0,0,,1.0,
이효리,spillover,39,0,0,,1.0,
이효리,spillover,40,2,0,,2.0,2018
이효리,spillover,41,2,2,관광|지역,2.6,
이효리,spillover,42,0,0,,1.0,
이효리,spillover,43,2,2,앰버서더|브랜드,2.6,2023
이효리,spillover,44,3,1,모델,2.8,2024
이효리,spillover,45,0,0,,1.0,
이효리,spillover,46,0,0,,1.0,
이효리,spillover,47,2,0,,2.0,
이효리,spillover,48,4,0,,3.0,2017|2018|2020|2023|2024
이효리,spillover,49,2,0,,2.0,
이효리,spillover,50,1,1,브랜드,1.8,
이효리,spillover,51,2,2,매출|모델,2.6,
이효리,spillover,52,3,2,매출|모델,3.1,
이효리,spillover,53,2,1,매출,2.3,
이효리,spillover,54,1,0,,1.5,
이효리,spillover,55,1,1,수익,1.8,
이효리,spillover,56,3,0,,2.5,2026
이효리,spillover,57,1,0,,1.5,2026
이효리,spillover,58,2,1,모델,2.3,2024
이효리,spillover,59,2,1,모델,2.3,2025
이효리,spillover,60,1,1,모델,1.8,2023
이효리,spillover,61,1,2,모델|브랜드,2.1,2024
이효리,spillover,62,1,1,모델,1.8,
이효리,spillover,63,1,1,모델,1.8,2023
이효리,spillover,64,1,1,모델,1.8,
이효리,spillover,65,1,0,,1.5,
이효리,spillover,66,1,1,모델,1.8,
이효리,spillover,67,1,2,모델|브랜드,2.1,
이효리,spillover,68,1,0,,1.5,
이효리,spillover,69,1,0,,1.5,2023|2024
이효리,spillover,70,1,0,,1.5,
이효리,spillover,71,2,0,,2.0,
이효리,spillover,72,1,1,모델,1.8,2023
이효리,spillover,73,2,0,,2.0,2023|2024
이효리,spillover,74,2,0,,2.0,2025
이효리,spillover,75,2,2,매출|모델,2.6,
이효리,spillover,76,2,2,매출|모델,2.6,
이효리,spillover,77,4,2,모델|브랜드,3.6,
이효리,spillover,78,1,2,모델|브랜드,2.1,2018
이효리,spillover,79,2,0,,2.0,2026
이효리,spillover,80,2,0,,2.0,2026
이효리,spillover,81,3,0,,2.5,2026
이효리,spillover,82,4,0,,3.0,
이효리,spillover,83,3,2,모델|브랜드,3.1,
이효리,spillover,84,3,1,모델,2.8,
이효리,spillover,85,5,0,,3.5,
이효리,spillover,86,1,2,모델|브랜드,2.1,
이효리,spillover,87,0,0,,1.0,
이효리,spillover,88,0,0,,1.0,
이효리,spillover,89,0,0,,1.0,
이효리,spillover,90,1,0,,1.5,
이효리,spillover,91,0,0,,1.0,
이효리,spillover,92,0,2,모델|브랜드,1.6,
이효리,spillover,93,1,1,모델,1.8,
이효리,spillover,94,0,2,모델|브랜드,1.6,
이효리,spillover,95,1,2,모델|브랜드,2.1,
이효리,spillover,96,0,2,모델|브랜드,1.6,
이효리,spillover,97,0,1,모델,1.3,
이효리,spillover,98,0,1,모델,1.3,
이효리,spillover,99,0,2,모델|브랜드,1.6,
이효리,spillover,100,2,0,,2.0,2026
이효리,spillover,101,1,0,,1.5,
이효리,spillover,102,0,1,방문,1.3,
엄정화,loyalty,0,0,1,팬클럽,1.3,
엄정화,loyalty,1,2,0,,2.0,2023
엄정화,loyalty,2,0,0,,1.0,
엄정화,loyalty,3,2,0,,2.0,2023
엄정화,loyalty,4,0,0,,1.0,
엄정화,loyalty,5,0,1,세대,1.3,
엄정화,loyalty,6,3,0,,2.5,
엄정화,loyalty,7,3,0,,2.5,
엄정화,loyalty,8,0,0,,1.0,2020|2023|2025
엄정화,loyalty,9,0,0,,1.0,2020
엄정화,loyalty,10,0,0,,1.0,
엄정화,loyalty,11,0,1,팬클럽,1.3,
엄정화,loyalty,12,2,0,,2.0,
엄정화,loyalty,13,0,0,,1.0,
엄정화,loyalty,14,0,0,,1.0,
엄정화,loyalty,15,0,0,,1.0,2023
엄정화,loyalty,16,2,0,,2.0,2023
엄정화,loyalty,17,0,1,세대,1.3,
엄정화,loyalty,18,1,1,팬클럽,1.8,
엄정화,loyalty,19,2,1,확장,2.3,
엄정화,spillover,0,1,1,모델,1.8,2024
엄정화,spillover,1,2,1,소비,2.3,2023
엄정화,spillover,2,0,1,모델,1.3,
엄정화,spillover,3,2,0,,2.0,
엄정화,spillover,4,2,0,,2.0,2020
엄정화,spillover,5,0,2,매출|브랜드,1.6,
엄정화,spillover,6,1,0,,1.5,
엄정화,spillover,7,2,0,,2.0,
엄정화,spillover,8,1,0,,1.5,
엄정화,spillover,9,2,0,,2.0,2021
엄정화,spillover,10,1,2,매출|브랜드,2.1,
엄정화,spillover,11,2,0,,2.0,2020
엄정화,spillover,12,0,0,,1.0,
엄정화,spillover,13,0,0,,1.0,
엄정화,spillover,14,0,0,,1.0,2024
엄정화,spillover,15,0,0,,1.0,
엄정화,spillover,16,1,2,지역|콘서트,2.1,
엄정화,spillover,17,3,0,,2.5,
엄정화,spillover,18,3,0,,2.5,
엄정화,spillover,19,4,0,,3.0,
엄정화,spillover,20,1,0,,1.5,
엄정화,spillover,21,0,0,,1.0,2026
엄정화,spillover,22,0,0,,1.0,
엄정화,spillover,23,1,0,,1.5,
엄정화,spillover,24,0,0,,1.0,
엄정화,spillover,25,0,0,,1.0,
엄정화,spillover,26,0,0,,1.0,2025
엄정화,spillover,27,0,0,,1.0,
엄정화,spillover,28,0,0,,1.0,
엄정화,spillover,29,0,0,,1.0,
엄정화,spillover,30,2,0,,2.0,2020
엄정화,spillover,31,0,0,,1.0,2020|2023|2026
엄정화,spillover,32,6,1,협업,4.3,2017
엄정화,spillover,33,2,2,매출|브랜드,2.6,
엄정화,spillover,34,1,0,,1.5,2026
엄정화,spillover,35,1,0,,1.5,
엄정화,spillover,36,1,0,,1.5,
엄정화,spillover,37,1,0,,1.5,
엄정화,spillover,38,1,1,모델,1.8,
엄정화,spillover,39,1,1,모델,1.8,
엄정화,spillover,40,1,1,모델,1.8,2023
엄정화,spillover,41,1,3,관광|방문|홍보대사,2.4,
엄정화,spillover,42,1,1,홍보대사,1.8,
엄정화,spillover,43,1,1,모델,1.8,2024
엄정화,spillover,44,1,0,,1.5,2023
엄정화,spillover,45,0,1,모델,1.3,
엄정화,spillover,46,1,0,,1.5,
엄정화,spillover,47,1,1,브랜드,1.8,
엄정화,spillover,48,3,1,브랜드,2.8,2026
엄정화,spillover,49,1,0,,1.5,
엄정화,spillover,50,0,0,,1.0,
볼빨간사춘기,loyalty,0,0,1,팬클럽,1.3,
볼빨간사춘기,loyalty,1,0,1,매진,1.3,
볼빨간사춘기,loyalty,2,1,1,돌파,1.8,
볼빨간사춘기,loyalty,3,0,0,,1.0,
볼빨간사춘기,loyalty,4,0,2,팬클럽|팬카페,1.6,
볼빨간사춘기,loyalty,5,3,2,팬클럽|세대,3.1,2016|2024|2025
볼빨간사춘기,loyalty,6,0,0,,1.0,
볼빨간사춘기,loyalty,7,1,0,,1.5,
볼빨간사춘기,loyalty,8,4,1,돌파,3.3,2019|2023
볼빨간사춘기,loyalty,9,2,0,,2.0,
볼빨간사춘기,loyalty,10,2,1,매진,2.3,2016|2025
볼빨간사춘기,loyalty,11,3,0,,2.5,2025
볼빨간사춘기,loyalty,12,0,0,,1.0,
볼빨간사춘기,loyalty,13,0,0,,1.0,2016
볼빨간사춘기,loyalty,14,0,0,,1.0,2016|2025
볼빨간사춘기,loyalty,15,0,0,,1.0,2025
볼빨간사춘기,loyalty,16,1,1,결속,1.8,2025
볼빨간사춘기,loyalty,17,1,0,,1.5,2024
볼빨간사춘기,loyalty,18,1,0,,1.5,2016|2026
볼빨간사춘기,loyalty,19,0,0,,1.0,2025
볼빨간사춘기,loyalty,20,1,0,,1.5,2026
볼빨간사춘기,loyalty,21,0,0,,1.0,
볼빨간사춘기,loyalty,22,0,0,,1.0,
볼빨간사춘기,loyalty,23,1,1,돌파,1.8,2022
볼빨간사춘기,loyalty,24,0,0,,1.0,
볼빨간사춘기,loyalty,25,0,1,팬클럽,1.3,
볼빨간사춘기,loyalty,26,0,0,,1.0,
볼빨간사춘기,loyalty,27,1,0,,1.5,2016
볼빨간사춘기,loyalty,28,2,2,지속|1위,2.6,
볼빨간사춘기,loyalty,29,2,0,,2.0,
볼빨간사춘기,loyalty,30,3,0,,2.5,2015|2025
볼빨간사춘기,loyalty,31,1,0,,1.5,2025
볼빨간사춘기,loyalty,32,0,1,팬클럽,1.3,
볼빨간사춘기,loyalty,33,1,0,,1.5,2026
볼빨간사춘기,loyalty,34,2,0,,2.0,2026
볼빨간사춘기,loyalty,35,1,1,팬클럽,1.8,2023
볼빨간사춘기,loyalty,36,0,0,,1.0,
볼빨간사춘기,loyalty,37,1,0,,1.5,2026
볼빨간사춘기,spillover,0,1,0,,1.5,
볼빨간사춘기,spillover,1,0,2,모델|브랜드,1.6,
볼빨간사춘기,spillover,2,4,0,,3.0,2019|2023
볼빨간사춘기,spillover,3,3,0,,2.5,2020
볼빨간사춘기,spillover,4,1,1,투어,1.8,2019
볼빨간사춘기,spillover,5,1,0,,1.5,2018
볼빨간사춘기,spillover,6,2,0,,2.0,2017
볼빨간사춘기,spillover,7,1,0,,1.5,2016
볼빨간사춘기,spillover,8,1,0,,1.5,2019
볼빨간사춘기,spillover,9,2,0,,2.0,2017
볼빨간사춘기,spillover,10,0,0,,1.0,2019|2020|2023
볼빨간사춘기,spillover,11,0,0,,1.0,2018|2019|2023
볼빨간사춘기,spillover,12,0,0,,1.0,
볼빨간사춘기,spillover,13,0,0,,1.0,2026
볼빨간사춘기,spillover,14,1,1,투어,1.8,2020
볼빨간사춘기,spillover,15,0,0,,1.0,
볼빨간사춘기,spillover,16,1,0,,1.5,2026
볼빨간사춘기,spillover,17,5,0,,3.5,2017|2022
볼빨간사춘기,spillover,18,4,0,,3.0,2016|2017
볼빨간사춘기,spillover,19,0,0,,1.0,2026
볼빨간사춘기,spillover,20,0,0,,1.0,
볼빨간사춘기,spillover,21,0,0,,1.0,
볼빨간사춘기,spillover,22,0,0,,1.0,
볼빨간사춘기,spillover,23,0,0,,1.0,2024
볼빨간사춘기,spillover,24,1,0,,1.5,
볼빨간사춘기,spillover,25,0,0,,1.0,2026
볼빨간사춘기,spillover,26,0,0,,1.0,2026
볼빨간사춘기,spillover,27,0,0,,1.0,2024
볼빨간사춘기,spillover,28,0,0,,1.0,
볼빨간사춘기,spillover,29,1,0,,1.5,
볼빨간사춘기,spillover,30,1,0,,1.5,2017
볼빨간사춘기,spillover,31,0,0,,1.0,
볼빨간사춘기,spillover,32,0,0,,1.0,2016|2017|2018|2020
볼빨간사춘기,spillover,33,1,2,모델|브랜드,2.1,2025
볼빨간사춘기,spillover,34,1,0,,1.5,2020
볼빨간사춘기,spillover,35,0,1,모델,1.3,
볼빨간사춘기,spillover,36,1,0,,1.5,2018
볼빨간사춘기,spillover,37,2,0,,2.0,2016
볼빨간사춘기,spillover,38,2,0,,2.0,2017
볼빨간사춘기,spillover,39,1,1,모델,1.8,2020
볼빨간사춘기,spillover,40,1,0,,1.5,2026
볼빨간사춘기,spillover,41,1,0,,1.5,2026
볼빨간사춘기,spillover,42,0,0,,1.0,
볼빨간사춘기,spillover,43,0,0,,1.0,
볼빨간사춘기,spillover,44,1,0,,1.5,2025
볼빨간사춘기,spillover,45,0,0,,1.0,
볼빨간사춘기,spillover,46,0,0,,1.0,
볼빨간사춘기,spillover,47,0,0,,1.0,
볼빨간사춘기,spillover,48,0,0,,1.0,
볼빨간사춘기,spillover,49,0,0,,1.0,
Crush,loyalty,0,1,2,지속|팬클럽,2.1,2024
Crush,loyalty,1,1,1,매진,1.8,2025
Crush,loyalty,2,1,1,1위,1.8,
Crush,loyalty,3,3,1,팬클럽,2.8,2023|2024
Crush,loyalty,4,1,0,,1.5,
Crush,loyalty,5,1,0,,1.5,2025
Crush,loyalty,6,2,0,,2.0,2025
Crush,loyalty,7,1,0,,1.5,2026
Crush,loyalty,8,0,2,출범|팬클럽,1.6,
Crush,loyalty,9,1,0,,1.5,2025
Crush,loyalty,10,1,0,,1.5,2024
Crush,loyalty,11,1,0,,1.5,2023
Crush,loyalty,12,0,0,,1.0,2026
Crush,loyalty,13,0,0,,1.0,2015
Crush,loyalty,14,0,0,,1.0,2024
Crush,loyalty,15,0,0,,1.0,2023
Crush,loyalty,16,0,0,,1.0,
Crush,loyalty,17,1,0,,1.5,2023
Crush,loyalty,18,1,0,,1.5,2025|2026
Crush,loyalty,19,0,0,,1.0,
Crush,loyalty,20,0,0,,1.0,
Crush,loyalty,21,0,0,,1.0,
Crush,loyalty,22,0,0,,1.0,
Crush,loyalty,23,0,0,,1.0,
Crush,loyalty,24,0,0,,1.0,
Crush,loyalty,25,0,0,,1.0,2023
Crush,loyalty,26,0,0,,1.0,
Crush,loyalty,27,0,0,,1.0,2023
Crush,loyalty,28,0,0,,1.0,
Crush,loyalty,29,0,0,,1.0,
Crush,loyalty,30,1,0,,1.5,2019
Crush,loyalty,31,1,0,,1.5,2016
Crush,loyalty,32,2,1,팬클럽,2.3,2023
Crush,loyalty,33,1,2,결성|팬클럽,2.1,2023
Crush,loyalty,34,1,0,,1.5,2026
Crush,spillover,0,1,2,모델|브랜드,2.1,2026
Crush,spillover,1,1,2,모델|브랜드,2.1,2023
Crush,spillover,2,1,1,콘서트,1.8,2025
Crush,spillover,3,0,0,,1.0,
Crush,spillover,4,2,1,협업,2.3,2015
Crush,spillover,5,1,0,,1.5,
Crush,spillover,6,0,1,소비,1.3,
Crush,spillover,7,1,0,,1.5,2019
Crush,spillover,8,2,0,,2.0,2022
Crush,spillover,9,1,1,지역,1.8,
Crush,spillover,10,0,0,,1.0,
Crush,spillover,11,0,0,,1.0,
Crush,spillover,12,2,0,,2.0,2026
Crush,spillover,13,0,2,모델|브랜드,1.6,
Crush,spillover,14,0,0,,1.0,
Crush,spillover,15,0,0,,1.0,
Crush,spillover,16,0,0,,1.0,2026
Crush,spillover,17,0,0,,1.0,2022
Crush,spillover,18,0,0,,1.0,
Crush,spillover,19,0,0,,1.0,
Crush,spillover,20,0,0,,1.0,
Crush,spillover,21,0,3,모델|브랜드|콘서트,1.9,
Crush,spillover,22,1,0,,1.5,2026
Crush,spillover,23,1,0,,1.5,2025
Crush,spillover,24,0,0,,1.0,2026
Crush,spillover,25,1,1,협업,1.8,2015
Crush,spillover,26,2,0,,2.0,2016
Crush,spillover,27,1,0,,1.5,
Crush,spillover,28,1,0,,1.5,2024
Crush,spillover,29,2,0,,2.0,2015|2016
Crush,spillover,30,0,0,,1.0,
Crush,spillover,31,0,0,,1.0,
Crush,spillover,32,1,0,,1.5,2024
Crush,spillover,33,1,0,,1.5,
Crush,spillover,34,0,0,,1.0,
Crush,spillover,35,0,0,,1.0,
Crush,spillover,36,1,0,,1.5,2026
Crush,spillover,37,1,0,,1.5,2026
Crush,spillover,38,0,0,,1.0,2016|2024
Crush,spillover,39,0,0,,1.0,2016
Crush,spillover,40,0,1,협업,1.3,
Crush,spillover,41,0,0,,1.0,2016
Crush,spillover,42,0,0,,1.0,
Crush,spillover,43,1,0,,1.5,2020
Crush,spillover,44,1,0,,1.5,2024
Crush,spillover,45,1,0,,1.5,2025
Crush,spillover,46,0,0,,1.0,
Crush,spillover,47,1,0,,1.5,2019
Crush,spillover,48,1,0,,1.5,2026
Crush,spillover,49,0,0,,1.0,2016|2017|2020|2022
Crush,spillover,50,1,2,모델|브랜드,2.1,2026
Crush,spillover,51,1,2,모델|브랜드,2.1,2026
Crush,spillover,52,1,2,모델|브랜드,2.1,2023
Crush,spillover,53,1,2,모델|브랜드,2.1,2026
Crush,spillover,54,1,1,브랜드,1.8,2020
Crush,spillover,55,1,0,,1.5,2026
Crush,spillover,56,1,1,투어,1.8,2018
Crush,spillover,57,2,1,협업,2.3,2016|2025
Crush,spillover,58,0,1,투어,1.3,
Crush,spillover,59,0,0,,1.0,
Crush,spillover,60,0,0,,1.0,
Crush,spillover,61,3,1,협업,2.8,2015
Crush,spillover,62,2,0,,2.0,2022
Crush,spillover,63,0,0,,1.0,2018
성시경,loyalty,0,2,2,창단|팬클럽,2.6,2021
성시경,loyalty,1,1,1,매진,1.8,2025
성시경,loyalty,2,0,1,매진,1.3,
성시경,loyalty,3,1,1,매진,1.8,2023
성시경,loyalty,4,1,2,지속|팬클럽,2.1,2026
성시경,loyalty,5,3,1,매진,2.8,2026
성시경,loyalty,6,0,2,매진|팬클럽,1.6,
성시경,loyalty,7,0,1,팬클럽,1.3,
성시경,loyalty,8,1,1,매진,1.8,2025
성시경,loyalty,9,0,1,매진,1.3,
성시경,loyalty,10,1,1,매진,1.8,2023
성시경,loyalty,11,1,1,매진,1.8,
성시경,loyalty,12,0,1,매진,1.3,
성시경,loyalty,13,0,0,,1.0,
성시경,loyalty,14,1,1,매진,1.8,2025
성시경,loyalty,15,2,0,,2.0,2025
성시경,loyalty,16,0,0,,1.0,2025
성시경,loyalty,17,0,0,,1.0,
성시경,loyalty,18,0,0,,1.0,2026
성시경,loyalty,19,0,1,팬클럽,1.3,2026
성시경,loyalty,20,1,1,매진,1.8,2023
성시경,loyalty,21,3,1,세대,2.8,2026
성시경,loyalty,22,1,0,,1.5,
성시경,loyalty,23,0,0,,1.0,
성시경,loyalty,24,0,1,팬클럽,1.3,2025
성시경,loyalty,25,1,1,세대,1.8,
성시경,loyalty,26,2,0,,2.0,
성시경,loyalty,27,1,1,돌파,1.8,
성시경,loyalty,28,0,0,,1.0,
성시경,loyalty,29,0,0,,1.0,
성시경,loyalty,30,1,0,,1.5,2026
성시경,loyalty,31,2,2,창단|팬클럽,2.6,2021
성시경,loyalty,32,1,0,,1.5,2026
성시경,loyalty,33,1,1,매진,1.8,2026
성시경,loyalty,34,0,1,지속,1.3,
성시경,loyalty,35,3,0,,2.5,2026
성시경,loyalty,36,1,1,매진,1.8,2026
성시경,spillover,0,2,3,앰버서더|모델|브랜드,2.9,2015|2016
성시경,spillover,1,0,0,,1.0,
성시경,spillover,2,0,2,상권|콘서트,1.6,
성시경,spillover,3,0,1,콘서트,1.3,
성시경,spillover,4,0,1,콘서트,1.3,
성시경,spillover,5,1,1,수익,1.8,
성시경,spillover,6,1,1,수익,1.8,
성시경,spillover,7,1,0,,1.5,
성시경,spillover,8,0,1,모델,1.3,
성시경,spillover,9,0,2,모델|브랜드,1.6,
성시경,spillover,10,0,0,,1.0,
성시경,spillover,11,0,0,,1.0,2019
성시경,spillover,12,0,0,,1.0,2021|2024
성시경,spillover,13,0,0,,1.0,2023
성시경,spillover,14,0,0,,1.0,2026
성시경,spillover,15,1,2,투어|콘서트,2.1,2019
성시경,spillover,16,0,0,,1.0,
성시경,spillover,17,0,0,,1.0,
성시경,spillover,18,0,0,,1.0,
성시경,spillover,19,0,2,브랜드|협업,1.6,
성시경,spillover,20,1,0,,1.5,
성시경,spillover,21,0,0,,1.0,
성시경,spillover,22,0,0,,1.0,
성시경,spillover,23,0,0,,1.0,
성시경,spillover,24,0,0,,1.0,
성시경,spillover,25,0,0,,1.0,
성시경,spillover,26,2,0,,2.0,2025
성시경,spillover,27,0,0,,1.0,
성시경,spillover,28,1,0,,1.5,2015|2017
성시경,spillover,29,1,0,,1.5,2016|2018|2022
성시경,spillover,30,1,0,,1.5,2016|2021|2022
성시경,spillover,31,2,0,,2.0,2023
성시경,spillover,32,3,2,투어|콘서트,3.1,2019|2020
성시경,spillover,33,0,1,홍보대사,1.3,
성시경,spillover,34,1,1,브랜드,1.8,2025
성시경,spillover,35,2,0,,2.0,2024
성시경,spillover,36,2,0,,2.0,2024
성시경,spillover,37,2,0,,2.0,2026
성시경,spillover,38,2,1,모델,2.3,2026
성시경,spillover,39,1,1,홍보대사,1.8,2022
성시경,spillover,40,2,0,,2.0,2026
성시경,spillover,41,2,1,모델,2.3,2026
성시경,spillover,42,0,0,,1.0,
케이윌,loyalty,0,1,1,팬클럽,1.8,2025
케이윌,loyalty,1,1,0,,1.5,
케이윌,loyalty,2,1,1,매진,1.8,
케이윌,loyalty,3,1,1,매진,1.8,2025
케이윌,loyalty,4,1,1,매진,1.8,2024
케이윌,loyalty,5,1,1,세대,1.8,
케이윌,loyalty,6,1,0,,1.5,2025
케이윌,loyalty,7,1,0,,1.5,
케이윌,loyalty,8,2,0,,2.0,2023
케이윌,loyalty,9,2,0,,2.0,2025
케이윌,loyalty,10,2,0,,2.0,2026
케이윌,loyalty,11,0,0,,1.0,
케이윌,loyalty,12,0,0,,1.0,
케이윌,loyalty,13,1,0,,1.5,2025
케이윌,loyalty,14,0,0,,1.0,2025
케이윌,loyalty,15,0,0,,1.0,
케이윌,loyalty,16,0,0,,1.0,2018|2019|2022
케이윌,loyalty,17,0,0,,1.0,2025
케이윌,loyalty,18,0,0,,1.0,2025
케이윌,loyalty,19,5,1,돌파,3.8,2024
케이윌,loyalty,20,2,0,,2.0,2025
케이윌,loyalty,21,0,0,,1.0,2025
케이윌,loyalty,22,1,2,기부|팬클럽,2.1,
케이윌,loyalty,23,1,1,팬클럽,1.8,
케이윌,loyalty,24,0,0,,1.0,
케이윌,loyalty,25,0,0,,1.0,
케이윌,loyalty,26,1,0,,1.5,2023
케이윌,loyalty,27,0,1,매진,1.3,
케이윌,loyalty,28,1,0,,1.5,
케이윌,loyalty,29,0,0,,1.0,
케이윌,loyalty,30,1,0,,1.5,2025
케이윌,loyalty,31,1,0,,1.5,2026
케이윌,loyalty,32,1,1,기부,1.8,2025
케이윌,loyalty,33,3,0,,2.5,2024|2025
케이윌,loyalty,34,1,0,,1.5,
케이윌,loyalty,35,1,0,,1.5,
케이윌,spillover,0,1,0,,1.5,
케이윌,spillover,1,0,0,,1.0,
케이윌,spillover,2,0,1,콘서트,1.3,
케이윌,spillover,3,0,0,,1.0,
케이윌,spillover,4,0,0,,1.0,
케이윌,spillover,5,0,0,,1.0,
케이윌,spillover,6,1,0,,1.5,
케이윌,spillover,7,0,0,,1.0,
케이윌,spillover,8,0,0,,1.0,2021
케이윌,spillover,9,0,0,,1.0,
케이윌,spillover,10,0,0,,1.0,2016
케이윌,spillover,11,0,0,,1.0,2024
케이윌,spillover,12,0,0,,1.0,
케이윌,spillover,13,0,0,,1.0,
케이윌,spillover,14,7,0,,4.5,2024
케이윌,spillover,15,2,0,,2.0,
케이윌,spillover,16,0,0,,1.0,
케이윌,spillover,17,0,0,,1.0,
케이윌,spillover,18,0,0,,1.0,
케이윌,spillover,19,0,0,,1.0,
케이윌,spillover,20,1,0,,1.5,2015
케이윌,spillover,21,0,0,,1.0,
케이윌,spillover,22,1,0,,1.5,
케이윌,spillover,23,0,0,,1.0,2015|2016|2017|2019
케이윌,spillover,24,0,0,,1.0,2021
케이윌,spillover,25,0,0,,1.0,
케이윌,spillover,26,1,0,,1.5,
케이윌,spillover,27,1,0,,1.5,2015
케이윌,spillover,28,1,0,,1.5,2016
케이윌,spillover,29,0,0,,1.0,
케이윌,spillover,30,0,2,모델|브랜드,1.6,
케이윌,spillover,31,0,1,브랜드,1.3,
케이윌,spillover,32,1,0,,1.5,2026
케이윌,spillover,33,2,0,,2.0,
케이윌,spillover,34,0,1,투어,1.3,
이승철,loyalty,0,1,1,팬카페,1.8,
이승철,loyalty,1,1,0,,1.5,
이승철,loyalty,2,2,1,매진,2.3,2026
이승철,loyalty,3,1,0,,1.5,
이승철,loyalty,4,2,0,,2.0,
이승철,loyalty,5,1,1,세대,1.8,
이승철,loyalty,6,0,0,,1.0,2026
이승철,loyalty,7,0,0,,1.0,2025|2026
이승철,loyalty,8,0,0,,1.0,2026
이승철,loyalty,9,0,0,,1.0,2025
이승철,loyalty,10,0,0,,1.0,
이승철,loyalty,11,1,1,매진,1.8,
이승철,loyalty,12,4,1,결속,3.3,2026
이승철,loyalty,13,1,1,매진,1.8,2026
이승철,loyalty,14,2,0,,2.0,
이승철,loyalty,15,2,0,,2.0,2016
이승철,loyalty,16,2,0,,2.0,2026
이승철,loyalty,17,2,0,,2.0,2026
이승철,loyalty,18,0,0,,1.0,
이승철,loyalty,19,2,1,팬카페,2.3,2026
이승철,loyalty,20,2,0,,2.0,2025
이승철,loyalty,21,2,1,매진,2.3,
이승철,loyalty,22,1,1,지속,1.8,2025
이승철,loyalty,23,2,0,,2.0,
이승철,spillover,0,3,3,상권|지역|투어,3.4,2023|2026
이승철,spillover,1,0,1,협업,1.3,
이승철,spillover,2,1,2,지역|투어,2.1,
이승철,spillover,3,0,0,,1.0,
이승철,spillover,4,0,0,,1.0,
이승철,spillover,5,0,0,,1.0,
이승철,spillover,6,0,0,,1.0,2024
이승철,spillover,7,1,1,콘서트,1.8,
이승철,spillover,8,1,2,지역|투어,2.1,
이승철,spillover,9,2,1,투어,2.3,
이승철,spillover,10,12,0,,7.0,2015
이승철,spillover,11,2,0,,2.0,
이승철,spillover,12,1,1,콘서트,1.8,2025
이승철,spillover,13,1,3,지역|투어|콘서트,2.4,2024
이승철,spillover,14,1,2,투어|콘서트,2.1,2025
이승철,spillover,15,0,0,,1.0,2026
이승철,spillover,16,1,0,,1.5,
이승철,spillover,17,0,0,,1.0,
이승철,spillover,18,0,0,,1.0,
이승철,spillover,19,0,0,,1.0,2016
이승철,spillover,20,1,0,,1.5,
이승철,spillover,21,0,0,,1.0,2019|2020
이승철,spillover,22,0,0,,1.0,2021|2022
이승철,spillover,23,1,0,,1.5,
이승철,spillover,24,1,1,콘서트,1.8,
이승철,spillover,25,1,0,,1.5,
이승철,spillover,26,0,0,,1.0,
이승철,spillover,27,1,0,,1.5,
이승철,spillover,28,4,1,브랜드,3.3,2026
이승철,spillover,29,1,2,모델|브랜드,2.1,2026
이승철,spillover,30,1,1,홍보대사,1.8,2020
이승철,spillover,31,1,2,모델|브랜드,2.1,2026
이승철,spillover,32,1,1,홍보대사,1.8,2020
이승철,spillover,33,2,2,모델|브랜드,2.6,2026
이승철,spillover,34,0,0,,1.0,
이승철,spillover,35,0,0,,1.0,
이승철,spillover,36,0,0,,1.0,
이승철,spillover,37,5,0,,3.5,
이승철,spillover,38,1,0,,1.5,
이승철,spillover,39,1,0,,1.5,
이승철,spillover,40,2,0,,2.0,2025
이승철,spillover,41,0,1,콘서트,1.3,
이승철,spillover,42,2,0,,2.0,2021
이승철,spillover,43,2,0,,2.0,2026
이승철,spillover,44,1,0,,1.5,2026
이승철,spillover,45,1,0,,1.5,
이승철,spillover,46,1,0,,1.5,2025
이승철,spillover,47,1,0,,1.5,
이승철,spillover,48,1,1,방문,1.8,
이승철,spillover,49,1,1,투어,1.8,
이승철,spillover,50,0,0,,1.0,
이승철,spillover,51,0,0,,1.0,
이승철,spillover,52,3,1,브랜드,2.8,2026
이승철,spillover,53,2,1,콘서트,2.3,2026
거미,loyalty,0,0,1,팬카페,1.3,
거미,loyalty,1,2,0,,2.0,
거미,loyalty,2,1,1,매진,1.8,
거미,loyalty,3,1,0,,1.5,
거미,loyalty,4,2,0,,2.0,2023
거미,loyalty,5,2,0,,2.0,
거미,loyalty,6,0,0,,1.0,2017
거미,loyalty,7,0,0,,1.0,
거미,loyalty,8,0,0,,1.0,2016|2024
거미,loyalty,9,0,0,,1.0,
거미,loyalty,10,1,0,,1.5,2024
거미,loyalty,11,0,0,,1.0,
거미,loyalty,12,0,0,,1.0,
거미,loyalty,13,1,1,기부,1.8,2019
거미,loyalty,14,0,0,,1.0,
거미,loyalty,15,0,0,,1.0,2022|2025
거미,loyalty,16,1,0,,1.5,
거미,loyalty,17,1,0,,1.5,2019
거미,loyalty,18,1,0,,1.5,2019
거미,loyalty,19,0,1,지속,1.3,
거미,loyalty,20,1,0,,1.5,2025
거미,loyalty,21,1,0,,1.5,
거미,loyalty,22,1,1,기부,1.8,2019
거미,loyalty,23,2,1,세대,2.3,
거미,loyalty,24,4,0,,3.0,2022|2023
거미,loyalty,25,0,0,,1.0,
거미,loyalty,26,1,0,,1.5,2024
거미,loyalty,27,0,1,지속,1.3,
거미,loyalty,28,0,0,,1.0,
거미,loyalty,29,1,0,,1.5,
거미,loyalty,30,0,1,팬카페,1.3,
거미,loyalty,31,2,1,세대,2.3,
거미,loyalty,32,1,0,,1.5,2019
거미,loyalty,33,2,0,,2.0,
거미,spillover,0,1,3,협업|투어|콘서트,2.4,2019
거미,spillover,1,2,0,,2.0,
거미,spillover,2,1,1,콘서트,1.8,
거미,spillover,3,0,0,,1.0,
거미,spillover,4,0,0,,1.0,2016
거미,spillover,5,0,0,,1.0,2017|2019
거미,spillover,6,0,0,,1.0,2018
거미,spillover,7,0,0,,1.0,
거미,spillover,8,0,4,지자체|지역|투어|콘서트,2.2,
거미,spillover,9,2,0,,2.0,
거미,spillover,10,0,0,,1.0,
거미,spillover,11,0,0,,1.0,
거미,spillover,12,0,0,,1.0,2016
거미,spillover,13,0,0,,1.0,
거미,spillover,14,0,0,,1.0,2016|2022
거미,spillover,15,2,0,,2.0,2015|2025
거미,spillover,16,0,0,,1.0,
거미,spillover,17,0,0,,1.0,2016
거미,spillover,18,0,0,,1.0,2016|2019
거미,spillover,19,1,2,투어|콘서트,2.1,2019
거미,spillover,20,0,0,,1.0,
거미,spillover,21,1,2,모델|브랜드,2.1,2016
거미,spillover,22,2,0,,2.0,
거미,spillover,23,2,0,,2.0,
거미,spillover,24,1,0,,1.5,
거미,spillover,25,1,0,,1.5,2015
거미,spillover,26,1,0,,1.5,2016
거미,spillover,27,1,0,,1.5,2019
거미,spillover,28,1,0,,1.5,2025
거미,spillover,29,2,0,,2.0,2025
거미,spillover,30,1,0,,1.5,2026
거미,spillover,31,1,0,,1.5,2026
거미,spillover,32,1,0,,1.5,2025
거미,spillover,33,1,0,,1.5,2026
거미,spillover,34,0,2,투어|콘서트,1.6,2023
거미,spillover,35,1,0,,1.5,2026
거미,spillover,36,1,0,,1.5,
거미,spillover,37,2,0,,2.0,
거미,spillover,38,1,0,,1.5,
거미,spillover,39,1,0,,1.5,2015
거미,spillover,40,2,0,,2.0,2016|2019
거미,spillover,41,1,0,,1.5,
거미,spillover,42,1,0,,1.5,
거미,spillover,43,0,0,,1.0,
거미,spillover,44,0,0,,1.0,
거미,spillover,45,1,0,,1.5,
거미,spillover,46,1,0,,1.5,2025
거미,spillover,47,1,0,,1.5,2026
거미,spillover,48,1,1,콘서트,1.8,2016
거미,spillover,49,0,1,콘서트,1.3,
거미,spillover,50,0,0,,1.0,
거미,spillover,51,1,0,,1.5,
거미,spillover,52,1,0,,1.5,2020
린,loyalty,0,1,0,,1.5,2024
린,loyalty,1,1,1,매진,1.8,2024
린,loyalty,2,2,1,매진,2.3,2025
린,loyalty,3,1,1,매진,1.8,2026
린,loyalty,4,0,2,팬클럽|팬카페,1.6,
린,loyalty,5,0,0,,1.0,
린,loyalty,6,0,0,,1.0,2024
린,loyalty,7,0,0,,1.0,2024
린,loyalty,8,1,0,,1.5,2024
린,loyalty,9,2,1,매진,2.3,2024
린,loyalty,10,3,0,,2.5,2025|2026
린,loyalty,11,1,1,최초,1.8,2025
린,loyalty,12,0,0,,1.0,2026
린,loyalty,13,1,0,,1.5,2025
린,loyalty,14,1,0,,1.5,2026
린,loyalty,15,1,2,팬클럽|팬카페,2.1,2024
린,loyalty,16,1,1,팬클럽,1.8,2024
린,loyalty,17,1,0,,1.5,2025
린,loyalty,18,3,1,팬카페,2.8,2026
린,loyalty,19,1,1,팬카페,1.8,
린,loyalty,20,2,1,매진,2.3,2024
린,loyalty,21,1,0,,1.5,2024|2025
린,loyalty,22,1,0,,1.5,2026
린,spillover,0,0,0,,1.0,
린,spillover,1,1,0,,1.5,
린,spillover,2,1,1,콘서트,1.8,2024
린,spillover,3,0,0,,1.0,2018
린,spillover,4,0,0,,1.0,2016
린,spillover,5,0,0,,1.0,2026
린,spillover,6,1,0,,1.5,
린,spillover,7,3,0,,2.5,
린,spillover,8,2,0,,2.0,
린,spillover,9,0,1,콘서트,1.3,
린,spillover,10,1,3,지역|투어|콘서트,2.4,2025
린,spillover,11,1,2,투어|콘서트,2.1,2025
린,spillover,12,4,0,,3.0,2026
린,spillover,13,2,1,콘서트,2.3,2026
린,spillover,14,0,0,,1.0,2023|2024
린,spillover,15,2,0,,2.0,2015|2018
린,spillover,16,0,0,,1.0,2026
린,spillover,17,1,0,,1.5,2020
린,spillover,18,1,0,,1.5,2022
린,spillover,19,1,0,,1.5,2023|2024
린,spillover,20,2,0,,2.0,2024|2025
린,spillover,21,0,0,,1.0,2024|2025
린,spillover,22,1,0,,1.5,2026
린,spillover,23,0,0,,1.0,
린,spillover,24,0,0,,1.0,
린,spillover,25,0,0,,1.0,2016|2021
린,spillover,26,3,1,브랜드,2.8,2026
린,spillover,27,3,1,브랜드,2.8,2026
린,spillover,28,3,0,,2.5,2023|2024
린,spillover,29,1,0,,1.5,2024
린,spillover,30,2,0,,2.0,2024|2025
린,spillover,31,1,0,,1.5,
린,spillover,32,1,0,,1.5,
린,spillover,33,1,0,,1.5,2015
린,spillover,34,1,0,,1.5,2026
린,spillover,35,1,0,,1.5,2026
린,spillover,36,1,0,,1.5,2026
린,spillover,37,1,0,,1.5,2026
린,spillover,38,1,2,투어|콘서트,2.1,2025
린,spillover,39,1,0,,1.5,2024
린,spillover,40,1,1,방문,1.8,2026
린,spillover,41,2,1,콘서트,2.3,2026
린,spillover,42,3,0,,2.5,
린,spillover,43,2,0,,2.0,
린,spillover,44,1,0,,1.5,
린,spillover,45,0,0,,1.0,
린,spillover,46,1,0,,1.5,
린,spillover,47,2,0,,2.0,2015|2024
린,spillover,48,1,0,,1.5,2024
린,spillover,49,4,0,,3.0,2026
린,spillover,50,3,0,,2.5,2018
린,spillover,51,0,0,,1.0,
린,spillover,52,0,1,방문,1.3,
린,spillover,53,0,0,,1.0,
린,spillover,54,2,0,,2.0,
백지영,loyalty,0,3,1,1위,2.8,
백지영,loyalty,1,2,0,,2.0,
백지영,loyalty,2,3,0,,2.5,2019|2020
백지영,loyalty,3,1,0,,1.5,
백지영,loyalty,4,0,0,,1.0,
백지영,loyalty,5,0,0,,1.0,
백지영,loyalty,6,0,0,,1.0,
백지영,loyalty,7,0,0,,1.0,2024
백지영,loyalty,8,0,0,,1.0,2025
백지영,loyalty,9,0,0,,1.0,2025
백지영,loyalty,10,1,0,,1.5,2016|2017|2018|2019|2020
백지영,loyalty,11,4,0,,3.0,2024
백지영,loyalty,12,1,0,,1.5,2025
백지영,loyalty,13,0,0,,1.0,
백지영,loyalty,14,0,0,,1.0,
백지영,loyalty,15,1,0,,1.5,2018
백지영,loyalty,16,0,0,,1.0,
백지영,loyalty,17,1,0,,1.5,
백지영,loyalty,18,4,0,,3.0,2016
백지영,loyalty,19,2,1,매진,2.3,2018
백지영,loyalty,20,2,1,매진,2.3,2018
백지영,loyalty,21,2,1,기부,2.3,2020
백지영,loyalty,22,1,0,,1.5,2026
백지영,loyalty,23,2,0,,2.0,2018|2020
백지영,spillover,0,1,2,모델|브랜드,2.1,
백지영,spillover,1,0,0,,1.0,
백지영,spillover,2,0,1,콘서트,1.3,
백지영,spillover,3,1,0,,1.5,
백지영,spillover,4,0,0,,1.0,
백지영,spillover,5,0,0,,1.0,
백지영,spillover,6,0,0,,1.0,2022
백지영,spillover,7,0,0,,1.0,2025
백지영,spillover,8,0,0,,1.0,2025
백지영,spillover,9,1,1,콘서트,1.8,2026
백지영,spillover,10,1,1,콘서트,1.8,
백지영,spillover,11,0,1,콘서트,1.3,
백지영,spillover,12,0,1,콘서트,1.3,2025
백지영,spillover,13,1,2,투어|콘서트,2.1,2021
백지영,spillover,14,1,3,지역|투어|콘서트,2.4,2025
백지영,spillover,15,1,0,,1.5,2026
백지영,spillover,16,0,0,,1.0,
백지영,spillover,17,0,0,,1.0,
백지영,spillover,18,0,0,,1.0,
백지영,spillover,19,0,0,,1.0,
백지영,spillover,20,0,0,,1.0,2021|2022|2023
백지영,spillover,21,1,0,,1.5,2020|2021|2022
백지영,spillover,22,1,0,,1.5,2016|2021|2022
백지영,spillover,23,1,0,,1.5,
백지영,spillover,24,0,0,,1.0,
백지영,spillover,25,1,1,콘서트,1.8,
백지영,spillover,26,2,0,,2.0,2021
백지영,spillover,27,1,0,,1.5,
백지영,spillover,28,1,1,매출,1.8,2015
백지영,spillover,29,0,1,매출,1.3,
백지영,spillover,30,1,0,,1.5,2026
백지영,spillover,31,1,1,모델,1.8,
백지영,spillover,32,1,2,모델|브랜드,2.1,
백지영,spillover,33,1,0,,1.5,
백지영,spillover,34,0,0,,1.0,
백지영,spillover,35,0,0,,1.0,
백지영,spillover,36,1,2,모델|브랜드,2.1,2019
백지영,spillover,37,1,0,,1.5,2026
백지영,spillover,38,3,1,브랜드,2.8,2024
백지영,spillover,39,1,2,모델|브랜드,2.1,2015
백지영,spillover,40,0,0,,1.0,
백지영,spillover,41,3,0,,2.5,
백지영,spillover,42,1,1,콘서트,1.8,2026
백지영,spillover,43,0,0,,1.0,
백지영,spillover,44,0,0,,1.0,
백지영,spillover,45,3,0,,2.5,
백지영,spillover,46,1,0,,1.5,2018
백지영,spillover,47,0,0,,1.0,
김동률,loyalty,0,3,1,매진,2.8,2025
김동률,loyalty,1,3,0,,2.5,2023
김동률,loyalty,2,3,1,매진,2.8,2018
김동률,loyalty,3,3,1,매진,2.8,2019
김동률,loyalty,4,3,0,,2.5,
김동률,loyalty,5,6,1,매진,4.3,2023|2025
김동률,loyalty,6,1,0,,1.5,
김동률,loyalty,7,0,0,,1.0,
김동률,loyalty,8,0,0,,1.0,2023|2025
김동률,loyalty,9,0,0,,1.0,
김동률,loyalty,10,0,0,,1.0,2025
김동률,loyalty,11,6,1,매진,4.3,2023|2025
김동률,loyalty,12,1,0,,1.5,
김동률,loyalty,13,2,0,,2.0,2025
김동률,loyalty,14,0,0,,1.0,
김동률,loyalty,15,3,0,,2.5,2026
김동률,loyalty,16,0,0,,1.0,2018
김동률,loyalty,17,2,0,,2.0,2018
김동률,loyalty,18,0,0,,1.0,
김동률,loyalty,19,2,0,,2.0,2023|2024
김동률,loyalty,20,1,0,,1.5,2025
김동률,loyalty,21,0,0,,1.0,
김동률,loyalty,22,0,0,,1.0,
김동률,loyalty,23,1,0,,1.5,
김동률,loyalty,24,3,1,매진,2.8,2025
김동률,loyalty,25,4,0,,3.0,2023|2025
김동률,loyalty,26,2,0,,2.0,2026
김동률,loyalty,27,2,1,매진,2.3,
김동률,loyalty,28,3,1,매진,2.8,2015
김동률,loyalty,29,2,0,,2.0,2015
김동률,loyalty,30,2,1,매진,2.3,2018
김동률,loyalty,31,3,1,매진,2.8,2019
김동률,loyalty,32,3,0,,2.5,
김동률,loyalty,33,2,1,1위,2.3,2018
김동률,loyalty,34,1,0,,1.5,2025
김동률,loyalty,35,0,0,,1.0,
김동률,loyalty,36,3,0,,2.5,2026
김동률,spillover,0,2,1,소비,2.3,
김동률,spillover,1,0,1,콘서트,1.3,
김동률,spillover,2,1,1,콘서트,1.8,
김동률,spillover,3,0,0,,1.0,
김동률,spillover,4,0,0,,1.0,
김동률,spillover,5,15,0,,8.5,
김동률,spillover,6,1,1,콘서트,1.8,
김동률,spillover,7,0,1,콘서트,1.3,2026
김동률,spillover,8,1,2,투어|콘서트,2.1,
김동률,spillover,9,1,1,콘서트,1.8,
김동률,spillover,10,0,0,,1.0,
김동률,spillover,11,3,0,,2.5,
김동률,spillover,12,1,0,,1.5,
김동률,spillover,13,1,0,,1.5,
김동률,spillover,14,1,0,,1.5,
김동률,spillover,15,1,1,콘서트,1.8,2026
김동률,spillover,16,0,1,콘서트,1.3,
김동률,spillover,17,1,0,,1.5,
김동률,spillover,18,1,0,,1.5,
김동률,spillover,19,1,0,,1.5,
김동률,spillover,20,1,0,,1.5,
김동률,spillover,21,1,0,,1.5,2015
김동률,spillover,22,0,0,,1.0,
김동률,spillover,23,2,1,콘서트,2.3,2024
김동률,spillover,24,0,1,협업,1.3,
김동률,spillover,25,1,1,콘서트,1.8,2025
김동률,spillover,26,0,0,,1.0,
김동률,spillover,27,3,1,콘서트,2.8,2019|2026
김동률,spillover,28,2,0,,2.0,
김동률,spillover,29,2,0,,2.0,
김동률,spillover,30,1,0,,1.5,2015
김동률,spillover,31,1,0,,1.5,
김동률,spillover,32,1,0,,1.5,
김동률,spillover,33,1,0,,1.5,
김동률,spillover,34,0,0,,1.0,
김동률,spillover,35,2,0,,2.0,
김동률,spillover,36,0,1,협업,1.3,
김동률,spillover,37,0,0,,1.0,2018
김동률,spillover,38,2,1,콘서트,2.3,2025
김동률,spillover,39,1,1,콘서트,1.8,
김동률,spillover,40,0,0,,1.0,
김동률,spillover,41,0,0,,1.0,
김동률,spillover,42,0,0,,1.0,
김동률,spillover,43,1,0,,1.5,
김동률,spillover,44,0,0,,1.0,
김동률,spillover,45,2,1,콘서트,2.3,
조용필,loyalty,0,2,1,매진,2.3,2025
조용필,loyalty,1,4,3,돌파|최초|밀리언셀러,3.9,
조용필,loyalty,2,1,0,,1.5,
조용필,loyalty,3,1,0,,1.5,
조용필,loyalty,4,1,1,지속,1.8,2025|2026
조용필,loyalty,5,2,0,,2.0,
조용필,loyalty,6,0,0,,1.0,
조용필,loyalty,7,0,0,,1.0,
조용필,loyalty,8,2,0,,2.0,2024
조용필,loyalty,9,0,0,,1.0,2025
조용필,loyalty,10,0,0,,1.0,
조용필,loyalty,11,0,0,,1.0,2024|2026
조용필,loyalty,12,0,0,,1.0,2026
조용필,loyalty,13,0,0,,1.0,2025
조용필,loyalty,14,3,1,결속,2.8,2025
조용필,loyalty,15,1,0,,1.5,2024
조용필,loyalty,16,1,0,,1.5,2025
조용필,loyalty,17,2,0,,2.0,
조용필,loyalty,18,1,0,,1.5,
조용필,loyalty,19,0,0,,1.0,
조용필,loyalty,20,1,0,,1.5,2021
조용필,loyalty,21,0,0,,1.0,
조용필,loyalty,22,0,0,,1.0,
조용필,loyalty,23,2,0,,2.0,
조용필,loyalty,24,1,0,,1.5,
조용필,loyalty,25,2,0,,2.0,
조용필,loyalty,26,2,0,,2.0,
조용필,loyalty,27,3,1,최초,2.8,
조용필,spillover,0,0,0,,1.0,
조용필,spillover,1,0,2,모델|브랜드,1.6,
조용필,spillover,2,0,4,상권|지역|투어|콘서트,2.2,
조용필,spillover,3,2,0,,2.0,
조용필,spillover,4,2,0,,2.0,
조용필,spillover,5,0,0,,1.0,
조용필,spillover,6,1,0,,1.5,
조용필,spillover,7,0,0,,1.0,
조용필,spillover,8,0,0,,1.0,2024
조용필,spillover,9,0,0,,1.0,2024
조용필,spillover,10,0,0,,1.0,2025
조용필,spillover,11,2,0,,2.0,
조용필,spillover,12,4,0,,3.0,
조용필,spillover,13,0,0,,1.0,
조용필,spillover,14,0,0,,1.0,
조용필,spillover,15,0,0,,1.0,
조용필,spillover,16,0,0,,1.0,
조용필,spillover,17,0,0,,1.0,
조용필,spillover,18,1,2,투어|콘서트,2.1,2025
조용필,spillover,19,3,0,,2.5,
조용필,spillover,20,1,0,,1.5,
조용필,spillover,21,3,0,,2.5,
조용필,spillover,22,2,1,콘서트,2.3,
조용필,spillover,23,1,0,,1.5,
조용필,spillover,24,4,1,투어,3.3,
조용필,spillover,25,0,0,,1.0,
조용필,spillover,26,1,0,,1.5,
조용필,spillover,27,1,0,,1.5,
조용필,spillover,28,2,0,,2.0,
조용필,spillover,29,1,0,,1.5,
조용필,spillover,30,3,0,,2.5,
조용필,spillover,31,1,0,,1.5,
조용필,spillover,32,3,1,모델,2.8,
조용필,spillover,33,2,2,투어|콘서트,2.6,2026
조용필,spillover,34,1,1,모델,1.8,
조용필,spillover,35,1,1,모델,1.8,
조용필,spillover,36,0,1,모델,1.3,
조용필,spillover,37,0,1,모델,1.3,
조용필,spillover,38,1,2,모델|브랜드,2.1,
조용필,spillover,39,0,1,모델,1.3,
조용필,spillover,40,0,1,모델,1.3,
조용필,spillover,41,0,0,,1.0,
조용필,spillover,42,0,0,,1.0,
조용필,spillover,43,2,0,,2.0,
조용필,spillover,44,0,0,,1.0,
조용필,spillover,45,1,0,,1.5,
조용필,spillover,46,1,0,,1.5,
조용필,spillover,47,3,0,,2.5,
조용필,spillover,48,1,0,,1.5,
조용필,spillover,49,5,0,,3.5,2026
조용필,spillover,50,2,0,,2.0,
조용필,spillover,51,1,0,,1.5,2018
조용필,spillover,52,1,0,,1.5,
박효신,loyalty,0,2,1,팬클럽,2.3,2025
박효신,loyalty,1,4,1,매진,3.3,2026
박효신,loyalty,2,2,1,매진,2.3,
박효신,loyalty,3,0,1,충성,1.3,
박효신,loyalty,4,1,1,팬클럽,1.8,
박효신,loyalty,5,1,1,매진,1.8,2016
박효신,loyalty,6,2,0,,2.0,
박효신,loyalty,7,2,0,,2.0,
박효신,loyalty,8,0,0,,1.0,2025
박효신,loyalty,9,0,0,,1.0,2026
박효신,loyalty,10,0,0,,1.0,2026
박효신,loyalty,11,4,1,매진,3.3,2026
박효신,loyalty,12,2,1,매진,2.3,
박효신,loyalty,13,2,0,,2.0,2026
박효신,loyalty,14,1,0,,1.5,2026
박효신,loyalty,15,2,0,,2.0,
박효신,loyalty,16,3,1,매진,2.8,2023
박효신,loyalty,17,0,0,,1.0,
박효신,loyalty,18,3,2,역사|최초,3.1,2019
박효신,loyalty,19,0,0,,1.0,
박효신,loyalty,20,3,1,매진,2.8,2016
박효신,loyalty,21,2,1,팬클럽,2.3,2018
박효신,loyalty,22,2,0,,2.0,2016
박효신,loyalty,23,0,0,,1.0,
박효신,loyalty,24,2,1,기부,2.3,2020
박효신,loyalty,25,2,1,기부,2.3,2025
박효신,loyalty,26,2,1,팬클럽,2.3,2025
박효신,loyalty,27,2,1,매진,2.3,2026
박효신,loyalty,28,4,0,,3.0,2019
박효신,loyalty,29,2,1,매진,2.3,2019
박효신,loyalty,30,3,0,,2.5,
박효신,loyalty,31,1,0,,1.5,
박효신,loyalty,32,2,0,,2.0,2015
박효신,loyalty,33,2,0,,2.0,2019
박효신,loyalty,34,3,0,,2.5,2015|2018
박효신,loyalty,35,0,0,,1.0,
박효신,loyalty,36,1,1,팬클럽,1.8,2026
박효신,spillover,0,0,0,,1.0,
박효신,spillover,1,1,0,,1.5,
박효신,spillover,2,0,0,,1.0,
박효신,spillover,3,1,1,협업,1.8,
박효신,spillover,4,0,0,,1.0,
박효신,spillover,5,0,0,,1.0,2018|2019|2024
박효신,spillover,6,10,0,,6.0,
박효신,spillover,7,3,2,투어|콘서트,3.1,
박효신,spillover,8,0,0,,1.0,
박효신,spillover,9,0,0,,1.0,
박효신,spillover,10,0,0,,1.0,
박효신,spillover,11,0,0,,1.0,
박효신,spillover,12,1,0,,1.5,
박효신,spillover,13,0,0,,1.0,
박효신,spillover,14,0,0,,1.0,2018
박효신,spillover,15,0,0,,1.0,
박효신,spillover,16,0,0,,1.0,
박효신,spillover,17,1,0,,1.5,2026
박효신,spillover,18,2,1,모델,2.3,2019
박효신,spillover,19,4,1,브랜드,3.3,2019
박효신,spillover,20,1,0,,1.5,
박효신,spillover,21,1,0,,1.5,2022
박효신,spillover,22,2,0,,2.0,2016|2026
박효신,spillover,23,0,0,,1.0,
박효신,spillover,24,1,0,,1.5,2022
박효신,spillover,25,2,0,,2.0,2022
박효신,spillover,26,2,0,,2.0,2026
박효신,spillover,27,0,0,,1.0,
박효신,spillover,28,0,1,협업,1.3,
박효신,spillover,29,2,0,,2.0,2024
박효신,spillover,30,2,0,,2.0,2025
박효신,spillover,31,1,1,협업,1.8,
박효신,spillover,32,0,0,,1.0,
박효신,spillover,33,0,0,,1.0,2017
박효신,spillover,34,2,0,,2.0,
박효신,spillover,35,0,0,,1.0,
박효신,spillover,36,2,0,,2.0,
박효신,spillover,37,0,0,,1.0,
박효신,spillover,38,2,0,,2.0,
박효신,spillover,39,1,0,,1.5,2017
박효신,spillover,40,0,0,,1.0,
박효신,spillover,41,1,0,,1.5,2026
박효신,spillover,42,1,0,,1.5,
박효신,spillover,43,0,0,,1.0,
박효신,spillover,44,0,0,,1.0,
박효신,spillover,45,2,1,콘서트,2.3,2026
박효신,spillover,46,1,0,,1.5,2019
박효신,spillover,47,0,0,,1.0,
박효신,spillover,48,1,0,,1.5,2022
박효신,spillover,49,1,1,콘서트,1.8,2016
박효신,spillover,50,1,1,콘서트,1.8,2026
박효신,spillover,51,3,1,콘서트,2.8,2019|2026
박효신,spillover,52,0,1,협업,1.3,
박효신,spillover,53,2,1,콘서트,2.3,
박정현,loyalty,0,1,0,,1.5,
박정현,loyalty,1,1,0,,1.5,
박정현,loyalty,2,0,0,,1.0,
박정현,loyalty,3,0,0,,1.0,
박정현,loyalty,4,1,1,매진,1.8,2022
박정현,loyalty,5,3,0,,2.5,
박정현,loyalty,6,3,0,,2.5,
박정현,loyalty,7,3,0,,2.5,
박정현,loyalty,8,2,0,,2.0,
박정현,loyalty,9,3,1,매진,2.8,2024
박정현,loyalty,10,0,1,매진,1.3,2017|2022
박정현,loyalty,11,0,0,,1.0,
박정현,loyalty,12,1,1,매진,1.8,
박정현,loyalty,13,1,1,매진,1.8,
박정현,loyalty,14,1,1,매진,1.8,2025
박정현,loyalty,15,0,0,,1.0,2025
박정현,loyalty,16,0,1,팬클럽,1.3,
박정현,loyalty,17,1,0,,1.5,
박정현,spillover,0,1,1,홍보대사,1.8,
박정현,spillover,1,0,0,,1.0,
박정현,spillover,2,0,0,,1.0,
박정현,spillover,3,1,0,,1.5,
박정현,spillover,4,1,0,,1.5,
박정현,spillover,5,2,0,,2.0,
박정현,spillover,6,2,0,,2.0,
박정현,spillover,7,2,0,,2.0,
박정현,spillover,8,1,1,콘서트,1.8,2022
박정현,spillover,9,2,0,,2.0,
박정현,spillover,10,0,0,,1.0,
박정현,spillover,11,0,0,,1.0,2019
박정현,spillover,12,1,0,,1.5,
박정현,spillover,13,1,0,,1.5,
박정현,spillover,14,0,0,,1.0,
박정현,spillover,15,0,0,,1.0,
박정현,spillover,16,1,0,,1.5,
박정현,spillover,17,0,0,,1.0,
박정현,spillover,18,0,0,,1.0,
박정현,spillover,19,14,0,,8.0,
박정현,spillover,20,2,1,콘서트,2.3,2026
박정현,spillover,21,0,0,,1.0,
박정현,spillover,22,0,0,,1.0,2025
박정현,spillover,23,1,0,,1.5,
박정현,spillover,24,1,0,,1.5,
박정현,spillover,25,0,0,,1.0,
박정현,spillover,26,2,0,,2.0,2025
박정현,spillover,27,1,0,,1.5,2024
박정현,spillover,28,1,0,,1.5,
박정현,spillover,29,1,0,,1.5,
박정현,spillover,30,1,0,,1.5,2015
박정현,spillover,31,1,0,,1.5,2019
박정현,spillover,32,1,0,,1.5,2024
박정현,spillover,33,1,0,,1.5,
박정현,spillover,34,1,0,,1.5,
박정현,spillover,35,1,0,,1.5,
박정현,spillover,36,1,0,,1.5,
박정현,spillover,37,1,0,,1.5,2016
박정현,spillover,38,1,1,홍보대사,1.8,
박정현,spillover,39,1,2,관광|홍보대사,2.1,
박정현,spillover,40,1,1,홍보대사,1.8,
박정현,spillover,41,0,0,,1.0,
박정현,spillover,42,0,0,,1.0,
박정현,spillover,43,1,0,,1.5,
박정현,spillover,44,1,1,지역,1.8,
박정현,spillover,45,1,1,지역,1.8,
박정현,spillover,46,1,0,,1.5,
박정현,spillover,47,1,0,,1.5,
박정현,spillover,48,1,2,협업|콘서트,2.1,
박정현,spillover,49,0,0,,1.0,
박정현,spillover,50,0,0,,1.0,
박정현,spillover,51,1,0,,1.5,
빅마마,loyalty,0,2,0,,2.0,
빅마마,loyalty,1,1,0,,1.5,
빅마마,loyalty,2,2,0,,2.0,2022
빅마마,loyalty,3,2,0,,2.0,2023
빅마마,loyalty,4,0,2,팬클럽|결속,1.6,
빅마마,loyalty,5,1,1,팬카페,1.8,
빅마마,loyalty,6,3,0,,2.5,2021
빅마마,loyalty,7,1,0,,1.5,
빅마마,loyalty,8,3,0,,2.5,
빅마마,loyalty,9,3,0,,2.5,
빅마마,loyalty,10,3,0,,2.5,
빅마마,loyalty,11,3,0,,2.5,
빅마마,loyalty,12,2,0,,2.0,
빅마마,loyalty,13,3,0,,2.5,
빅마마,loyalty,14,2,1,팬카페,2.3,2021
빅마마,loyalty,15,2,0,,2.0,2022
빅마마,loyalty,16,0,0,,1.0,
빅마마,loyalty,17,0,0,,1.0,2022|2023
빅마마,loyalty,18,1,0,,1.5,
빅마마,loyalty,19,1,0,,1.5,
빅마마,loyalty,20,2,0,,2.0,2024
빅마마,loyalty,21,3,0,,2.5,2022
빅마마,loyalty,22,2,0,,2.0,2023
빅마마,loyalty,23,2,0,,2.0,
빅마마,loyalty,24,0,2,역사|팬클럽,1.6,
빅마마,loyalty,25,1,0,,1.5,
빅마마,loyalty,26,1,0,,1.5,
빅마마,loyalty,27,2,0,,2.0,2021
빅마마,loyalty,28,3,0,,2.5,2022
빅마마,loyalty,29,2,0,,2.0,2023
빅마마,loyalty,30,1,0,,1.5,
빅마마,spillover,0,0,2,브랜드|협업,1.6,
빅마마,spillover,1,0,0,,1.0,
빅마마,spillover,2,0,3,지역|투어|콘서트,1.9,
빅마마,spillover,3,0,0,,1.0,
빅마마,spillover,4,0,0,,1.0,
빅마마,spillover,5,1,0,,1.5,
빅마마,spillover,6,2,0,,2.0,
빅마마,spillover,7,1,0,,1.5,
빅마마,spillover,8,3,0,,2.5,
빅마마,spillover,9,3,0,,2.5,
빅마마,spillover,10,3,0,,2.5,
빅마마,spillover,11,2,0,,2.0,2021
빅마마,spillover,12,2,0,,2.0,2022
빅마마,spillover,13,0,0,,1.0,
빅마마,spillover,14,0,0,,1.0,
빅마마,spillover,15,0,0,,1.0,2024
빅마마,spillover,16,2,1,수익,2.3,
빅마마,spillover,17,0,0,,1.0,
빅마마,spillover,18,0,1,수익,1.3,
빅마마,spillover,19,1,0,,1.5,
빅마마,spillover,20,0,1,콘서트,1.3,2023
빅마마,spillover,21,0,1,수익,1.3,
빅마마,spillover,22,0,0,,1.0,
빅마마,spillover,23,0,0,,1.0,2025
빅마마,spillover,24,1,0,,1.5,2021
빅마마,spillover,25,1,0,,1.5,2024
빅마마,spillover,26,1,0,,1.5,2021
빅마마,spillover,27,1,1,콘서트,1.8,2021
빅마마,spillover,28,1,1,브랜드,1.8,2020
빅마마,spillover,29,1,0,,1.5,
빅마마,spillover,30,0,1,모델,1.3,
빅마마,spillover,31,1,0,,1.5,
빅마마,spillover,32,2,0,,2.0,2021
빅마마,spillover,33,2,0,,2.0,2022
빅마마,spillover,34,2,0,,2.0,2021
빅마마,spillover,35,1,0,,1.5,2021
빅마마,spillover,36,1,0,,1.5,
빅마마,spillover,37,2,0,,2.0,
빅마마,spillover,38,1,0,,1.5,
빅마마,spillover,39,0,0,,1.0,
빅마마,spillover,40,1,0,,1.5,2021
빅마마,spillover,41,0,0,,1.0,
다비치,loyalty,0,1,1,1위,1.8,
다비치,loyalty,1,1,1,매진,1.8,2026
다비치,loyalty,2,1,2,매진|최초,2.1,
다비치,loyalty,3,1,1,매진,1.8,
다비치,loyalty,4,0,1,팬카페,1.3,
다비치,loyalty,5,1,2,결성|팬클럽,2.1,2015
다비치,loyalty,6,2,0,,2.0,
다비치,loyalty,7,1,1,지속,1.8,
다비치,loyalty,8,2,1,지속,2.3,
다비치,loyalty,9,2,0,,2.0,2026
다비치,loyalty,10,1,1,1위,1.8,
다비치,loyalty,11,3,1,1위,2.8,
다비치,loyalty,12,2,1,1위,2.3,
다비치,loyalty,13,2,0,,2.0,2026
다비치,loyalty,14,0,0,,1.0,2016
다비치,loyalty,15,1,0,,1.5,
다비치,loyalty,16,0,0,,1.0,
다비치,loyalty,17,0,0,,1.0,
다비치,loyalty,18,2,2,매진|최초,2.6,2026
다비치,loyalty,19,2,2,매진|최초,2.6,2026
다비치,loyalty,20,3,1,매진,2.8,2025|2026
다비치,loyalty,21,0,1,매진,1.3,2026
다비치,loyalty,22,1,2,매진|최초,2.1,
다비치,loyalty,23,2,0,,2.0,
다비치,loyalty,24,1,0,,1.5,2022
다비치,loyalty,25,1,0,,1.5,
다비치,loyalty,26,0,0,,1.0,
다비치,loyalty,27,5,0,,3.5,2018|2019
다비치,loyalty,28,0,0,,1.0,
다비치,spillover,0,0,0,,1.0,
다비치,spillover,1,0,2,상권|콘서트,1.6,
다비치,spillover,2,1,0,,1.5,
다비치,spillover,3,1,0,,1.5,
다비치,spillover,4,0,0,,1.0,2016
다비치,spillover,5,0,0,,1.0,
다비치,spillover,6,2,0,,2.0,
다비치,spillover,7,1,0,,1.5,
다비치,spillover,8,1,0,,1.5,
다비치,spillover,9,1,0,,1.5,2016
다비치,spillover,10,1,0,,1.5,2016
다비치,spillover,11,0,0,,1.0,
다비치,spillover,12,0,0,,1.0,
다비치,spillover,13,0,0,,1.0,2016|2026
다비치,spillover,14,1,0,,1.5,
다비치,spillover,15,1,0,,1.5,2018
다비치,spillover,16,0,0,,1.0,
다비치,spillover,17,2,0,,2.0,2019
다비치,spillover,18,1,0,,1.5,
다비치,spillover,19,1,1,콘서트,1.8,2026
다비치,spillover,20,1,0,,1.5,2023
다비치,spillover,21,0,0,,1.0,
다비치,spillover,22,0,0,,1.0,2026
다비치,spillover,23,0,0,,1.0,2025
다비치,spillover,24,0,0,,1.0,
다비치,spillover,25,1,1,콘서트,1.8,2024
다비치,spillover,26,1,0,,1.5,2026
다비치,spillover,27,3,0,,2.5,2022
다비치,spillover,28,2,0,,2.0,2016
다비치,spillover,29,2,0,,2.0,
다비치,spillover,30,1,0,,1.5,
다비치,spillover,31,1,0,,1.5,
다비치,spillover,32,0,0,,1.0,
다비치,spillover,33,0,0,,1.0,
다비치,spillover,34,0,0,,1.0,
다비치,spillover,35,0,0,,1.0,
다비치,spillover,36,1,0,,1.5,
다비치,spillover,37,1,2,모델|브랜드,2.1,2025
다비치,spillover,38,1,1,모델,1.8,2024
다비치,spillover,39,1,2,브랜드|협업,2.1,
다비치,spillover,40,0,3,모델|브랜드|상권,1.9,
다비치,spillover,41,0,1,모델,1.3,
다비치,spillover,42,1,0,,1.5,
다비치,spillover,43,1,0,,1.5,
다비치,spillover,44,1,0,,1.5,2016
다비치,spillover,45,1,1,콘서트,1.8,2019
다비치,spillover,46,0,0,,1.0,
다비치,spillover,47,2,1,콘서트,2.3,2026
다비치,spillover,48,1,1,콘서트,1.8,2019
다비치,spillover,49,2,1,콘서트,2.3,2018
다비치,spillover,50,1,1,콘서트,1.8,2019
로이킴,loyalty,0,1,1,팬클럽,1.8,2026
로이킴,loyalty,1,1,0,,1.5,
로이킴,loyalty,2,0,2,팬클럽|결속,1.6,
로이킴,loyalty,3,0,1,팬클럽,1.3,
로이킴,loyalty,4,1,1,매진,1.8,2015
로이킴,loyalty,5,2,0,,2.0,2022
로이킴,loyalty,6,2,0,,2.0,
로이킴,loyalty,7,2,0,,2.0,2026
로이킴,loyalty,8,4,1,1위,3.3,
로이킴,loyalty,9,2,0,,2.0,2018
로이킴,loyalty,10,1,0,,1.5,2015|2022
로이킴,loyalty,11,3,0,,2.5,2020|2021|2022
로이킴,loyalty,12,0,0,,1.0,
로이킴,loyalty,13,0,0,,1.0,2015|2022
로이킴,loyalty,14,1,1,팬클럽,1.8,2026
로이킴,loyalty,15,2,2,매진|팬클럽,2.6,2026
로이킴,loyalty,16,1,0,,1.5,2024|2025
로이킴,loyalty,17,0,1,팬클럽,1.3,2026
로이킴,loyalty,18,0,0,,1.0,2026
로이킴,loyalty,19,1,2,매진|지속,2.1,
로이킴,loyalty,20,0,1,기부,1.3,2016
로이킴,loyalty,21,0,0,,1.0,2026
로이킴,loyalty,22,0,0,,1.0,
로이킴,loyalty,23,0,1,매진,1.3,
로이킴,loyalty,24,0,0,,1.0,
로이킴,loyalty,25,0,0,,1.0,
로이킴,loyalty,26,1,0,,1.5,2022
로이킴,loyalty,27,2,1,팬클럽,2.3,2026
로이킴,loyalty,28,3,1,매진,2.8,2026
로이킴,loyalty,29,3,1,매진,2.8,2022|2025|2026
로이킴,spillover,0,1,1,모델,1.8,2016
로이킴,spillover,1,1,1,브랜드,1.8,
로이킴,spillover,2,4,0,,3.0,
로이킴,spillover,3,2,0,,2.0,2026
로이킴,spillover,4,2,0,,2.0,2018
로이킴,spillover,5,0,0,,1.0,
로이킴,spillover,6,1,0,,1.5,
로이킴,spillover,7,1,0,,1.5,
로이킴,spillover,8,1,0,,1.5,
로이킴,spillover,9,1,0,,1.5,2015
로이킴,spillover,10,1,0,,1.5,2018
로이킴,spillover,11,1,1,모델,1.8,2016
로이킴,spillover,12,0,0,,1.0,2026
로이킴,spillover,13,0,0,,1.0,
로이킴,spillover,14,1,0,,1.5,2025
로이킴,spillover,15,0,0,,1.0,
로이킴,spillover,16,1,2,브랜드|협업,2.1,2024
로이킴,spillover,17,2,0,,2.0,
로이킴,spillover,18,2,0,,2.0,
로이킴,spillover,19,2,0,,2.0,2018
로이킴,spillover,20,1,0,,1.5,2019
로이킴,spillover,21,0,0,,1.0,
로이킴,spillover,22,0,0,,1.0,
로이킴,spillover,23,0,0,,1.0,
로이킴,spillover,24,1,0,,1.5,2025
로이킴,spillover,25,1,0,,1.5,2025
로이킴,spillover,26,0,0,,1.0,2026
로이킴,spillover,27,0,0,,1.0,2025
로이킴,spillover,28,1,0,,1.5,2025
로이킴,spillover,29,0,0,,1.0,2026
로이킴,spillover,30,1,2,투어|콘서트,2.1,2025
로이킴,spillover,31,1,2,투어|콘서트,2.1,2026
로이킴,spillover,32,1,2,투어|콘서트,2.1,2026
로이킴,spillover,33,1,0,,1.5,2018
로이킴,spillover,34,0,0,,1.0,2022
로이킴,spillover,35,1,0,,1.5,
로이킴,spillover,36,1,0,,1.5,2018
로이킴,spillover,37,1,0,,1.5,2022
로이킴,spillover,38,1,0,,1.5,2022
로이킴,spillover,39,1,0,,1.5,2022
로이킴,spillover,40,1,0,,1.5,
로이킴,spillover,41,1,0,,1.5,2015
로이킴,spillover,42,1,0,,1.5,
로이킴,spillover,43,2,0,,2.0,2018
로이킴,spillover,44,1,0,,1.5,2026
로이킴,spillover,45,1,0,,1.5,2026
로이킴,spillover,46,1,2,모델|브랜드,2.1,2026
로이킴,spillover,47,1,0,,1.5,
로이킴,spillover,48,1,0,,1.5,
로이킴,spillover,49,1,0,,1.5,
로이킴,spillover,50,1,0,,1.5,
로이킴,spillover,51,1,0,,1.5,
로이킴,spillover,52,1,1,협업,1.8,2024
로이킴,spillover,53,1,0,,1.5,2025
로이킴,spillover,54,2,0,,2.0,2022
로이킴,spillover,55,0,0,,1.0,
로이킴,spillover,56,1,1,콘서트,1.8,2025
로이킴,spillover,57,0,0,,1.0,
로이킴,spillover,58,0,0,,1.0,
sg워너비,loyalty,0,3,0,,2.5,
sg워너비,loyalty,1,2,0,,2.0,
sg워너비,loyalty,2,3,3,돌파|매진|최초,3.4,
sg워너비,loyalty,3,1,1,매진,1.8,
sg워너비,loyalty,4,0,1,팬클럽,1.3,
sg워너비,loyalty,5,2,1,팬카페,2.3,2016
sg워너비,loyalty,6,1,0,,1.5,2021
sg워너비,loyalty,7,0,0,,1.0,
sg워너비,loyalty,8,0,1,매진,1.3,2023|2024
sg워너비,loyalty,9,0,0,,1.0,2021
sg워너비,loyalty,10,1,1,매진,1.8,
sg워너비,loyalty,11,2,2,돌파|최초,2.6,
sg워너비,loyalty,12,0,0,,1.0,
sg워너비,loyalty,13,2,0,,2.0,2024
sg워너비,loyalty,14,1,0,,1.5,2024
sg워너비,loyalty,15,1,0,,1.5,2023
sg워너비,loyalty,16,0,0,,1.0,
sg워너비,loyalty,17,1,0,,1.5,
sg워너비,loyalty,18,0,0,,1.0,
sg워너비,loyalty,19,0,0,,1.0,
sg워너비,loyalty,20,0,1,팬클럽,1.3,
sg워너비,loyalty,21,3,1,매진,2.8,2023
sg워너비,loyalty,22,1,0,,1.5,
sg워너비,loyalty,23,3,0,,2.5,
sg워너비,loyalty,24,2,0,,2.0,
sg워너비,loyalty,25,1,0,,1.5,
sg워너비,loyalty,26,3,0,,2.5,2022|2025
sg워너비,loyalty,27,0,0,,1.0,
sg워너비,loyalty,28,0,1,지속,1.3,
sg워너비,loyalty,29,1,0,,1.5,2026
sg워너비,loyalty,30,3,0,,2.5,2026
sg워너비,loyalty,31,1,1,팬카페,1.8,2016
sg워너비,loyalty,32,2,0,,2.0,2017|2021
sg워너비,loyalty,33,4,2,1위|팬클럽,3.6,2015
sg워너비,loyalty,34,1,0,,1.5,
sg워너비,loyalty,35,1,0,,1.5,2026
sg워너비,spillover,0,0,0,,1.0,
sg워너비,spillover,1,0,1,투어,1.3,
sg워너비,spillover,2,1,0,,1.5,
sg워너비,spillover,3,0,0,,1.0,
sg워너비,spillover,4,2,0,,2.0,
sg워너비,spillover,5,1,1,브랜드,1.8,
sg워너비,spillover,6,0,0,,1.0,
sg워너비,spillover,7,0,0,,1.0,2021
sg워너비,spillover,8,4,0,,3.0,
sg워너비,spillover,9,2,2,투어|콘서트,2.6,2015|2017
sg워너비,spillover,10,0,0,,1.0,
sg워너비,spillover,11,3,0,,2.5,
sg워너비,spillover,12,4,0,,3.0,
sg워너비,spillover,13,3,0,,2.5,
sg워너비,spillover,14,0,0,,1.0,
sg워너비,spillover,15,0,0,,1.0,
sg워너비,spillover,16,0,0,,1.0,
sg워너비,spillover,17,0,0,,1.0,2024
sg워너비,spillover,18,1,0,,1.5,2021
sg워너비,spillover,19,1,0,,1.5,
sg워너비,spillover,20,1,0,,1.5,
sg워너비,spillover,21,1,0,,1.5,
sg워너비,spillover,22,1,0,,1.5,
sg워너비,spillover,23,1,0,,1.5,
sg워너비,spillover,24,1,0,,1.5,
sg워너비,spillover,25,1,0,,1.5,
sg워너비,spillover,26,1,0,,1.5,2024
sg워너비,spillover,27,1,0,,1.5,
sg워너비,spillover,28,2,1,콘서트,2.3,2024
sg워너비,spillover,29,2,0,,2.0,2021
sg워너비,spillover,30,2,0,,2.0,2025
sg워너비,spillover,31,2,0,,2.0,2021|2022
sg워너비,spillover,32,1,0,,1.5,
sg워너비,spillover,33,2,0,,2.0,
sg워너비,spillover,34,3,0,,2.5,2018|2024
sg워너비,spillover,35,0,0,,1.0,
sg워너비,spillover,36,2,0,,2.0,2022
sg워너비,spillover,37,0,0,,1.0,
sg워너비,spillover,38,1,0,,1.5,
브라운아이즈,loyalty,0,6,0,,4.0,
브라운아이즈,loyalty,1,4,1,1위,3.3,
브라운아이즈,loyalty,2,1,1,1위,1.8,
브라운아이즈,loyalty,3,0,1,충성,1.3,
브라운아이즈,loyalty,4,3,2,결성|지속,3.1,
브라운아이즈,loyalty,5,0,0,,1.0,
브라운아이즈,loyalty,6,0,0,,1.0,
브라운아이즈,loyalty,7,1,0,,1.5,
브라운아이즈,loyalty,8,2,1,돌파,2.3,
브라운아이즈,loyalty,9,0,0,,1.0,
브라운아이즈,loyalty,10,3,0,,2.5,
브라운아이즈,loyalty,11,0,0,,1.0,
브라운아이즈,loyalty,12,2,0,,2.0,2015
브라운아이즈,loyalty,13,4,1,매진,3.3,2025
브라운아이즈,loyalty,14,1,0,,1.5,2025
브라운아이즈,loyalty,15,1,1,매진,1.8,2025
브라운아이즈,loyalty,16,0,1,매진,1.3,
브라운아이즈,loyalty,17,0,0,,1.0,
브라운아이즈,loyalty,18,1,0,,1.5,2023
브라운아이즈,loyalty,19,2,0,,2.0,
브라운아이즈,loyalty,20,3,0,,2.5,
브라운아이즈,loyalty,21,2,0,,2.0,
브라운아이즈,loyalty,22,1,1,팬클럽,1.8,2015
브라운아이즈,loyalty,23,2,1,1위,2.3,
브라운아이즈,loyalty,24,1,1,기부,1.8,
브라운아이즈,loyalty,25,3,0,,2.5,
브라운아이즈,loyalty,26,1,0,,1.5,2025
브라운아이즈,loyalty,27,3,0,,2.5,2025
브라운아이즈,loyalty,28,0,0,,1.0,
브라운아이즈,spillover,0,1,1,홍보대사,1.8,
브라운아이즈,spillover,1,0,1,협업,1.3,
브라운아이즈,spillover,2,0,0,,1.0,
브라운아이즈,spillover,3,0,0,,1.0,
브라운아이즈,spillover,4,1,0,,1.5,2015
브라운아이즈,spillover,5,0,0,,1.0,
브라운아이즈,spillover,6,0,0,,1.0,
브라운아이즈,spillover,7,0,0,,1.0,
브라운아이즈,spillover,8,3,0,,2.5,
브라운아이즈,spillover,9,4,0,,3.0,
브라운아이즈,spillover,10,4,0,,3.0,
브라운아이즈,spillover,11,1,0,,1.5,2025
브라운아이즈,spillover,12,0,0,,1.0,
브라운아이즈,spillover,13,0,0,,1.0,
브라운아이즈,spillover,14,0,0,,1.0,
브라운아이즈,spillover,15,1,0,,1.5,2021
브라운아이즈,spillover,16,2,0,,2.0,
브라운아이즈,spillover,17,4,0,,3.0,2015
브라운아이즈,spillover,18,5,1,콘서트,3.8,2015|2018
브라운아이즈,spillover,19,1,0,,1.5,2020
브라운아이즈,spillover,20,0,0,,1.0,
브라운아이즈,spillover,21,1,0,,1.5,
브라운아이즈,spillover,22,1,0,,1.5,2017
브라운아이즈,spillover,23,4,0,,3.0,
브라운아이즈,spillover,24,4,0,,3.0,
브라운아이즈,spillover,25,1,0,,1.5,
브라운아이즈,spillover,26,3,0,,2.5,
브라운아이즈,spillover,27,2,0,,2.0,2015
브라운아이즈,spillover,28,3,0,,2.5,
브라운아이즈,spillover,29,3,0,,2.5,
브라운아이즈,spillover,30,0,0,,1.0,
브라운아이즈,spillover,31,2,1,콘서트,2.3,2025
브라운아이즈,spillover,32,1,0,,1.5,
브라운아이즈,spillover,33,3,0,,2.5,
브라운아이즈,spillover,34,2,0,,2.0,2025
브라운아이즈,spillover,35,2,0,,2.0,2025
브라운아이즈,spillover,36,2,0,,2.0,
브라운아이즈,spillover,37,2,0,,2.0,
브라운아이즈,spillover,38,2,0,,2.0,
브라운아이즈,spillover,39,2,0,,2.0,
브라운아이즈,spillover,40,0,0,,1.0,
브라운아이즈,spillover,41,0,0,,1.0,
브라운아이즈,spillover,42,0,1,브랜드,1.3,
브라운아이즈,spillover,43,1,0,,1.5,2024
브라운아이즈,spillover,44,0,0,,1.0,
브라운아이즈,spillover,45,1,0,,1.5,
브라운아이즈,spillover,46,0,0,,1.0,
브라운아이즈,spillover,47,3,0,,2.5,
브라운아이즈,spillover,48,3,0,,2.5,
브라운아이즈,spillover,49,2,0,,2.0,
브라운아이즈,spillover,50,2,0,,2.0,2017
브라운아이즈,spillover,51,2,0,,2.0,
브라운아이즈,spillover,52,0,0,,1.0,
이문세,loyalty,0,1,0,,1.5,
이문세,loyalty,1,0,1,세대,1.3,
이문세,loyalty,2,0,0,,1.0,
이문세,loyalty,3,0,1,팬클럽,1.3,
이문세,loyalty,4,0,0,,1.0,
이문세,loyalty,5,0,0,,1.0,
이문세,loyalty,6,0,0,,1.0,2024
이문세,loyalty,7,2,0,,2.0,2018
이문세,loyalty,8,1,0,,1.5,2025
이문세,loyalty,9,2,1,매진,2.3,2025
이문세,loyalty,10,1,0,,1.5,
이문세,loyalty,11,1,0,,1.5,2019
이문세,loyalty,12,3,1,팬클럽,2.8,2019
이문세,loyalty,13,1,0,,1.5,
이문세,loyalty,14,2,1,매진,2.3,2024|2025
이문세,loyalty,15,1,1,팬클럽,1.8,
이문세,loyalty,16,4,1,매진,3.3,
이문세,loyalty,17,1,1,최초,1.8,2025
이문세,loyalty,18,2,0,,2.0,2025|2026
이문세,loyalty,19,3,1,팬클럽,2.8,2019
이문세,spillover,0,5,2,모델|브랜드,4.1,2021|2022
이문세,spillover,1,0,1,브랜드,1.3,
이문세,spillover,2,0,0,,1.0,
이문세,spillover,3,0,0,,1.0,
이문세,spillover,4,0,0,,1.0,
이문세,spillover,5,0,1,협업,1.3,
이문세,spillover,6,0,0,,1.0,
이문세,spillover,7,0,0,,1.0,2015|2018
이문세,spillover,8,2,1,투어,2.3,
이문세,spillover,9,0,0,,1.0,
이문세,spillover,10,0,2,상권|투어,1.6,
이문세,spillover,11,1,0,,1.5,2024
이문세,spillover,12,4,0,,3.0,
이문세,spillover,13,1,1,투어,1.8,2026
이문세,spillover,14,1,1,투어,1.8,
이문세,spillover,15,1,1,투어,1.8,2024
이문세,spillover,16,0,0,,1.0,
이문세,spillover,17,0,0,,1.0,
이문세,spillover,18,1,0,,1.5,2016|2017
이문세,spillover,19,5,0,,3.5,2015|2018|2020|2024
이문세,spillover,20,1,0,,1.5,
이문세,spillover,21,2,0,,2.0,2015|2020
이문세,spillover,22,1,0,,1.5,2015
이문세,spillover,23,1,1,콘서트,1.8,2025
이문세,spillover,24,1,0,,1.5,2026
이문세,spillover,25,1,1,모델,1.8,
이문세,spillover,26,1,1,모델,1.8,
이문세,spillover,27,1,2,모델|브랜드,2.1,2021|2022
이문세,spillover,28,1,1,모델,1.8,
이문세,spillover,29,1,1,모델,1.8,
이문세,spillover,30,1,1,모델,1.8,
이문세,spillover,31,1,0,,1.5,
이문세,spillover,32,1,0,,1.5,
이문세,spillover,33,1,0,,1.5,
이문세,spillover,34,1,0,,1.5,
이문세,spillover,35,1,0,,1.5,2024
이문세,spillover,36,3,1,투어,2.8,2024|2025
이문세,spillover,37,1,2,지역|투어,2.1,
이문세,spillover,38,3,0,,2.5,2025
이문세,spillover,39,3,0,,2.5,2018|2025
이문세,spillover,40,3,1,콘서트,2.8,2024|2025
이문세,spillover,41,1,1,콘서트,1.8,
이문세,spillover,42,1,0,,1.5,2024
이문세,spillover,43,1,1,협업,1.8,2018
이문세,spillover,44,1,0,,1.5,2017
이문세,spillover,45,1,1,협업,1.8,2018
이문세,spillover,46,1,1,수익,1.8,2015
이문세,spillover,47,2,1,투어,2.3,2025
이문세,spillover,48,3,0,,2.5,2018|2025
이문세,spillover,49,2,0,,2.0,
윤도현,loyalty,0,0,0,,1.0,
윤도현,loyalty,1,2,0,,2.0,
윤도현,loyalty,2,2,0,,2.0,2015
윤도현,loyalty,3,3,0,,2.5,
윤도현,loyalty,4,1,1,결성,1.8,
윤도현,loyalty,5,1,0,,1.5,2026
윤도현,loyalty,6,0,0,,1.0,2015
윤도현,loyalty,7,0,0,,1.0,2025
윤도현,loyalty,8,1,1,매진,1.8,
윤도현,loyalty,9,2,1,지속,2.3,2025
윤도현,loyalty,10,1,1,매진,1.8,2025
윤도현,loyalty,11,1,0,,1.5,
윤도현,loyalty,12,1,1,세대,1.8,2025
윤도현,loyalty,13,1,1,확장,1.8,2025
윤도현,loyalty,14,1,2,기부|팬클럽,2.1,2018
윤도현,loyalty,15,0,1,팬클럽,1.3,
윤도현,loyalty,16,2,0,,2.0,
윤도현,loyalty,17,1,0,,1.5,
윤도현,loyalty,18,1,1,기부,1.8,
윤도현,loyalty,19,1,0,,1.5,
윤도현,loyalty,20,1,0,,1.5,
윤도현,loyalty,21,1,0,,1.5,
윤도현,loyalty,22,1,1,매진,1.8,2025
윤도현,loyalty,23,1,1,결성,1.8,2025
윤도현,loyalty,24,1,2,기부|팬클럽,2.1,2020
윤도현,loyalty,25,1,0,,1.5,2026
윤도현,loyalty,26,2,0,,2.0,2020
윤도현,loyalty,27,2,1,팬클럽,2.3,2026
윤도현,loyalty,28,2,0,,2.0,2025
윤도현,spillover,0,0,1,브랜드,1.3,
윤도현,spillover,1,1,2,모델|브랜드,2.1,2022
윤도현,spillover,2,0,0,,1.0,
윤도현,spillover,3,2,0,,2.0,
윤도현,spillover,4,0,0,,1.0,
윤도현,spillover,5,0,0,,1.0,
윤도현,spillover,6,0,0,,1.0,
윤도현,spillover,7,2,1,투어,2.3,2025
윤도현,spillover,8,0,1,홍보대사,1.3,
윤도현,spillover,9,0,3,관광|지자체|지역,1.9,
윤도현,spillover,10,1,0,,1.5,2025
윤도현,spillover,11,0,0,,1.0,
윤도현,spillover,12,0,0,,1.0,2024
윤도현,spillover,13,0,0,,1.0,
윤도현,spillover,14,0,0,,1.0,
윤도현,spillover,15,0,0,,1.0,2020
윤도현,spillover,16,0,0,,1.0,
윤도현,spillover,17,3,0,,2.5,2021|2022
윤도현,spillover,18,7,0,,4.5,2016|2017|2018|2020|2024
윤도현,spillover,19,3,0,,2.5,2020|2024|2025
윤도현,spillover,20,4,0,,3.0,2015|2021
윤도현,spillover,21,0,0,,1.0,
윤도현,spillover,22,1,1,홍보대사,1.8,2020
윤도현,spillover,23,2,1,홍보대사,2.3,2020
윤도현,spillover,24,1,1,콘서트,1.8,2026
윤도현,spillover,25,1,1,모델,1.8,2022
윤도현,spillover,26,1,1,모델,1.8,
윤도현,spillover,27,1,2,모델|브랜드,2.1,2022
윤도현,spillover,28,1,0,,1.5,2026
윤도현,spillover,29,1,0,,1.5,2026
윤도현,spillover,30,2,0,,2.0,2021
윤도현,spillover,31,0,0,,1.0,
윤도현,spillover,32,1,2,투어|콘서트,2.1,2026
윤도현,spillover,33,2,0,,2.0,2020
윤도현,spillover,34,0,0,,1.0,
윤도현,spillover,35,1,1,수익,1.8,
윤도현,spillover,36,1,0,,1.5,2018
윤도현,spillover,37,2,1,콘서트,2.3,2015
윤도현,spillover,38,2,0,,2.0,2016
윤도현,spillover,39,1,0,,1.5,
윤도현,spillover,40,2,1,투어,2.3,2025
윤도현,spillover,41,2,2,투어|콘서트,2.6,2018
잔나비,loyalty,0,3,1,팬카페,2.8,2015
잔나비,loyalty,1,1,1,매진,1.8,2019
잔나비,loyalty,2,2,2,매진|지속,2.6,2020|2024|2025
잔나비,loyalty,3,3,1,매진,2.8,2019|2020
잔나비,loyalty,4,0,0,,1.0,2025|2026
잔나비,loyalty,5,0,0,,1.0,2019|2022
잔나비,loyalty,6,1,1,매진,1.8,2025|2026
잔나비,loyalty,7,1,0,,1.5,2025
잔나비,loyalty,8,1,0,,1.5,2025
잔나비,loyalty,9,0,0,,1.0,
잔나비,loyalty,10,0,0,,1.0,
잔나비,loyalty,11,0,0,,1.0,
잔나비,loyalty,12,1,1,기부,1.8,
잔나비,loyalty,13,0,0,,1.0,2026
잔나비,loyalty,14,0,0,,1.0,
잔나비,loyalty,15,0,0,,1.0,
잔나비,loyalty,16,3,1,기부,2.8,2025
잔나비,loyalty,17,1,1,매진,1.8,2019
잔나비,loyalty,18,2,1,매진,2.3,2020
잔나비,loyalty,19,1,0,,1.5,2021
잔나비,spillover,0,1,0,,1.5,2022
잔나비,spillover,1,0,0,,1.0,
잔나비,spillover,2,4,0,,3.0,2022
잔나비,spillover,3,0,2,브랜드|협업,1.6,
잔나비,spillover,4,0,0,,1.0,
잔나비,spillover,5,0,0,,1.0,2023|2025
잔나비,spillover,6,0,0,,1.0,2018|2020|2021
잔나비,spillover,7,1,0,,1.5,2022
잔나비,spillover,8,0,0,,1.0,
잔나비,spillover,9,1,0,,1.5,2026
잔나비,spillover,10,0,1,투어,1.3,
잔나비,spillover,11,2,0,,2.0,
잔나비,spillover,12,2,0,,2.0,2022
잔나비,spillover,13,3,0,,2.5,2019
잔나비,spillover,14,0,0,,1.0,
잔나비,spillover,15,0,0,,1.0,
잔나비,spillover,16,0,0,,1.0,2025
잔나비,spillover,17,1,0,,1.5,2025
잔나비,spillover,18,0,0,,1.0,
잔나비,spillover,19,1,0,,1.5,2019
잔나비,spillover,20,1,0,,1.5,2023
잔나비,spillover,21,1,0,,1.5,2022
잔나비,spillover,22,2,0,,2.0,2018|2022
잔나비,spillover,23,3,0,,2.5,2017|2019|2022
잔나비,spillover,24,1,0,,1.5,2023
잔나비,spillover,25,1,0,,1.5,2018
잔나비,spillover,26,1,0,,1.5,2023
잔나비,spillover,27,1,0,,1.5,
잔나비,spillover,28,2,1,협업,2.3,2025
잔나비,spillover,29,1,1,콘서트,1.8,2026
잔나비,spillover,30,2,0,,2.0,2024
잔나비,spillover,31,1,2,브랜드|협업,2.1,2023
잔나비,spillover,32,1,1,협업,1.8,2025
잔나비,spillover,33,1,1,협업,1.8,2023
잔나비,spillover,34,1,1,협업,1.8,2025
잔나비,spillover,35,1,1,브랜드,1.8,2023
잔나비,spillover,36,1,0,,1.5,2019
잔나비,spillover,37,1,0,,1.5,2020
잔나비,spillover,38,2,0,,2.0,2022|2023
잔나비,spillover,39,1,0,,1.5,2022
잔나비,spillover,40,1,1,투어,1.8,2026
잔나비,spillover,41,2,0,,2.0,2025|2026
잔나비,spillover,42,4,1,콘서트,3.3,2024
잔나비,spillover,43,0,0,,1.0,
잔나비,spillover,44,2,0,,2.0,2019|2026
잔나비,spillover,45,1,1,투어,1.8,2026
잔나비,spillover,46,0,0,,1.0,
잔나비,spillover,47,0,0,,1.0,
잔나비,spillover,48,1,0,,1.5,
CNBLUE,loyalty,0,5,2,1위|최초,4.1,
CNBLUE,loyalty,1,5,1,1위,3.8,
CNBLUE,loyalty,2,3,1,1위,2.8,2015
CNBLUE,loyalty,3,0,1,팬클럽,1.3,
CNBLUE,loyalty,4,2,2,1위|최초,2.6,
CNBLUE,loyalty,5,0,0,,1.0,
CNBLUE,loyalty,6,0,0,,1.0,2016
CNBLUE,loyalty,7,0,0,,1.0,
CNBLUE,loyalty,8,0,0,,1.0,
CNBLUE,loyalty,9,0,0,,1.0,2022
CNBLUE,loyalty,10,0,0,,1.0,
CNBLUE,loyalty,11,0,0,,1.0,
CNBLUE,loyalty,12,0,0,,1.0,
CNBLUE,loyalty,13,1,1,지속,1.8,2026
CNBLUE,loyalty,14,1,1,팬클럽,1.8,2026
CNBLUE,loyalty,15,1,1,팬클럽,1.8,2024
CNBLUE,loyalty,16,1,0,,1.5,2026
CNBLUE,loyalty,17,1,0,,1.5,2026
CNBLUE,loyalty,18,0,1,확장,1.3,2026
CNBLUE,loyalty,19,1,0,,1.5,2026
CNBLUE,loyalty,20,0,0,,1.0,
CNBLUE,loyalty,21,0,0,,1.0,
CNBLUE,loyalty,22,0,0,,1.0,
CNBLUE,loyalty,23,0,0,,1.0,
CNBLUE,loyalty,24,0,0,,1.0,
CNBLUE,loyalty,25,0,0,,1.0,
CNBLUE,loyalty,26,1,0,,1.5,
CNBLUE,loyalty,27,0,1,팬클럽,1.3,
CNBLUE,loyalty,28,1,1,팬클럽,1.8,
CNBLUE,loyalty,29,1,1,기부,1.8,
CNBLUE,loyalty,30,2,1,매진,2.3,2026
CNBLUE,loyalty,31,0,1,매진,1.3,
CNBLUE,loyalty,32,0,0,,1.0,
CNBLUE,spillover,0,1,1,투어,1.8,
CNBLUE,spillover,1,2,1,투어,2.3,2016
CNBLUE,spillover,2,3,0,,2.5,
CNBLUE,spillover,3,1,0,,1.5,
CNBLUE,spillover,4,0,0,,1.0,
CNBLUE,spillover,5,0,0,,1.0,2025|2026
CNBLUE,spillover,6,2,0,,2.0,2026
CNBLUE,spillover,7,1,2,지역|투어,2.1,2026
CNBLUE,spillover,8,0,0,,1.0,
CNBLUE,spillover,9,0,0,,1.0,
CNBLUE,spillover,10,0,0,,1.0,
CNBLUE,spillover,11,0,0,,1.0,
CNBLUE,spillover,12,0,0,,1.0,
CNBLUE,spillover,13,1,1,투어,1.8,
CNBLUE,spillover,14,1,0,,1.5,2025
CNBLUE,spillover,15,0,2,투어|콘서트,1.6,
CNBLUE,spillover,16,1,0,,1.5,2024
CNBLUE,spillover,17,2,0,,2.0,
CNBLUE,spillover,18,2,0,,2.0,
CNBLUE,spillover,19,2,0,,2.0,2015
CNBLUE,spillover,20,2,0,,2.0,
CNBLUE,spillover,21,2,0,,2.0,
CNBLUE,spillover,22,3,0,,2.5,2015|2026
CNBLUE,spillover,23,0,0,,1.0,
CNBLUE,spillover,24,0,0,,1.0,
CNBLUE,spillover,25,1,0,,1.5,2025
CNBLUE,spillover,26,1,0,,1.5,2025
CNBLUE,spillover,27,4,0,,3.0,2016|2025
CNBLUE,spillover,28,0,0,,1.0,2024
CNBLUE,spillover,29,1,0,,1.5,2020
CNBLUE,spillover,30,1,0,,1.5,
CNBLUE,spillover,31,0,1,투어,1.3,
CNBLUE,spillover,32,3,0,,2.5,
CNBLUE,spillover,33,5,0,,3.5,2021|2023
CNBLUE,spillover,34,6,0,,4.0,2017|2021|2023|2024
CNBLUE,spillover,35,4,0,,3.0,2017|2018|2023
CNBLUE,spillover,36,5,0,,3.5,2015|2020|2023|2024
CNBLUE,spillover,37,0,0,,1.0,
CNBLUE,spillover,38,3,1,콘서트,2.8,2024|2025
CNBLUE,spillover,39,0,1,홍보대사,1.3,
CNBLUE,spillover,40,1,2,브랜드|홍보대사,2.1,2024
CNBLUE,spillover,41,1,0,,1.5,2015
CNBLUE,spillover,42,1,2,브랜드|협업,2.1,
CNBLUE,spillover,43,1,2,브랜드|협업,2.1,
CNBLUE,spillover,44,1,1,브랜드,1.8,
CNBLUE,spillover,45,1,2,투어|콘서트,2.1,
CNBLUE,spillover,46,1,0,,1.5,2026
CNBLUE,spillover,47,0,1,콘서트,1.3,
CNBLUE,spillover,48,1,1,투어,1.8,2026
CNBLUE,spillover,49,2,0,,2.0,2019
CNBLUE,spillover,50,2,1,콘서트,2.3,2026
BTS,loyalty,0,4,0,,3.0,2026
BTS,loyalty,1,0,0,,1.0,
BTS,loyalty,2,4,1,1위,3.3,2019
BTS,loyalty,3,1,1,최초,1.8,
BTS,loyalty,4,3,2,기부|결속,3.1,2025
BTS,loyalty,5,3,1,최초,2.8,2017
BTS,loyalty,6,2,0,,2.0,2021|2022
BTS,loyalty,7,2,0,,2.0,2020
BTS,loyalty,8,3,0,,2.5,2017|2022
BTS,loyalty,9,1,3,돌파|역사|최초,2.4,2026
BTS,loyalty,10,1,1,매진,1.8,2026
BTS,loyalty,11,1,1,매진,1.8,2026
BTS,loyalty,12,1,0,,1.5,
BTS,loyalty,13,0,0,,1.0,
BTS,loyalty,14,1,0,,1.5,2026
BTS,loyalty,15,0,0,,1.0,
BTS,loyalty,16,0,0,,1.0,
BTS,loyalty,17,0,0,,1.0,
BTS,loyalty,18,0,0,,1.0,2017
BTS,loyalty,19,0,0,,1.0,2019
BTS,loyalty,20,0,0,,1.0,2020
BTS,loyalty,21,2,0,,2.0,2019
BTS,loyalty,22,0,0,,1.0,2017|2021
BTS,loyalty,23,0,0,,1.0,2026
BTS,loyalty,24,0,0,,1.0,2026
BTS,loyalty,25,0,0,,1.0,
BTS,loyalty,26,0,0,,1.0,
BTS,loyalty,27,0,0,,1.0,
BTS,loyalty,28,0,0,,1.0,
BTS,loyalty,29,0,0,,1.0,
BTS,loyalty,30,0,0,,1.0,
BTS,loyalty,31,0,0,,1.0,
BTS,loyalty,32,3,2,매진|결속,3.1,2026
BTS,loyalty,33,3,1,매진,2.8,
BTS,loyalty,34,1,1,매진,1.8,
BTS,loyalty,35,4,1,기부,3.3,2020
BTS,loyalty,36,2,0,,2.0,2018
BTS,loyalty,37,1,0,,1.5,
BTS,loyalty,38,1,0,,1.5,2019
BTS,loyalty,39,0,0,,1.0,
BTS,loyalty,40,0,0,,1.0,
BTS,loyalty,41,0,0,,1.0,
BTS,loyalty,42,0,0,,1.0,
BTS,loyalty,43,0,0,,1.0,
BTS,loyalty,44,0,0,,1.0,
BTS,loyalty,45,0,0,,1.0,
BTS,loyalty,46,0,0,,1.0,
BTS,loyalty,47,0,0,,1.0,
BTS,loyalty,48,0,0,,1.0,
BTS,loyalty,49,0,0,,1.0,
BTS,loyalty,50,1,2,돌파|최초,2.1,
BTS,loyalty,51,2,1,1위,2.3,2025
BTS,loyalty,52,0,0,,1.0,
BTS,loyalty,53,0,0,,1.0,
BTS,loyalty,54,0,0,,1.0,
BTS,loyalty,55,2,0,,2.0,
BTS,loyalty,56,1,0,,1.5,2024
BTS,loyalty,57,1,0,,1.5,
BTS,loyalty,58,1,0,,1.5,2026
BTS,loyalty,59,2,0,,2.0,2018
BTS,loyalty,60,1,0,,1.5,
BTS,loyalty,61,0,0,,1.0,
BTS,loyalty,62,2,0,,2.0,2017
BTS,loyalty,63,3,1,기부,2.8,2020
BTS,loyalty,64,2,1,기부,2.3,
BTS,loyalty,65,5,1,팬클럽,3.8,2021
BTS,loyalty,66,0,1,매진,1.3,
BTS,loyalty,67,0,0,,1.0,
BTS,loyalty,68,0,0,,1.0,
BTS,loyalty,69,0,0,,1.0,
BTS,loyalty,70,6,1,매진,4.3,2026
BTS,loyalty,71,1,2,매진|팬클럽,2.1,
BTS,loyalty,72,0,0,,1.0,
BTS,loyalty,73,0,0,,1.0,
BTS,spillover,0,3,0,,2.5,
BTS,spillover,1,2,2,관광|소비,2.6,
BTS,spillover,2,5,0,,3.5,2026
BTS,spillover,3,2,0,,2.0,
BTS,spillover,4,2,2,매출|투어,2.6,2026
BTS,spillover,5,2,0,,2.0,
BTS,spillover,6,3,2,관광|방문,3.1,2018
BTS,spillover,7,1,0,,1.5,2018
BTS,spillover,8,0,0,,1.0,
BTS,spillover,9,0,0,,1.0,
BTS,spillover,10,1,0,,1.5,
BTS,spillover,11,0,0,,1.0,
BTS,spillover,12,0,0,,1.0,
BTS,spillover,13,1,0,,1.5,
BTS,spillover,14,1,0,,1.5,2026
BTS,spillover,15,1,0,,1.5,
BTS,spillover,16,0,2,지역|투어,1.6,
BTS,spillover,17,2,1,앰버서더,2.3,2026
BTS,spillover,18,1,0,,1.5,2021
BTS,spillover,19,0,0,,1.0,2018
BTS,spillover,20,0,0,,1.0,2020
BTS,spillover,21,0,0,,1.0,2018
BTS,spillover,22,0,0,,1.0,2022
BTS,spillover,23,6,0,,4.0,2026
BTS,spillover,24,0,0,,1.0,2026
BTS,spillover,25,0,0,,1.0,2026
BTS,spillover,26,0,0,,1.0,2026
BTS,spillover,27,0,0,,1.0,2026
BTS,spillover,28,0,0,,1.0,
BTS,spillover,29,0,0,,1.0,
BTS,spillover,30,0,0,,1.0,
BTS,spillover,31,1,2,경제효과|투어,2.1,
BTS,spillover,32,1,1,투어,1.8,
BTS,spillover,33,1,0,,1.5,
BTS,spillover,34,1,1,투어,1.8,
BTS,spillover,35,0,0,,1.0,
BTS,spillover,36,2,0,,2.0,
BTS,spillover,37,0,0,,1.0,
BTS,spillover,38,1,0,,1.5,2026
BTS,spillover,39,0,0,,1.0,
BTS,spillover,40,1,0,,1.5,
BTS,spillover,41,0,0,,1.0,
BTS,spillover,42,0,1,콘서트,1.3,
BTS,spillover,43,0,1,협업,1.3,
BTS,spillover,44,0,0,,1.0,
BTS,spillover,45,0,0,,1.0,
BTS,spillover,46,0,0,,1.0,
BTS,spillover,47,0,1,방문,1.3,
BTS,spillover,48,1,2,관광|소비,2.1,
BTS,spillover,49,0,3,관광|지역|콘서트,1.9,
BTS,spillover,50,1,2,경제효과|관광,2.1,2026
BTS,spillover,51,5,1,소비,3.8,
BTS,spillover,52,1,2,관광|콘서트,2.1,
BTS,spillover,53,1,1,협업,1.8,2020|2021
BTS,spillover,54,3,0,,2.5,2026
BTS,spillover,55,3,0,,2.5,2023
BTS,spillover,56,0,0,,1.0,2026
BTS,spillover,57,0,0,,1.0,2026
BTS,spillover,58,1,2,매출|투어,2.1,2026
BTS,spillover,59,0,3,관광|방문|투어,1.9,
BTS,spillover,60,0,1,관광,1.3,
BTS,spillover,61,0,2,관광|지역,1.6,
BTS,spillover,62,0,1,관광,1.3,
BTS,spillover,63,0,2,투어|콘서트,1.6,
BTS,spillover,64,0,0,,1.0,
BTS,spillover,65,0,0,,1.0,
BTS,spillover,66,0,0,,1.0,
BTS,spillover,67,0,0,,1.0,
BTS,spillover,68,0,0,,1.0,
BTS,spillover,69,0,0,,1.0,
BTS,spillover,70,0,1,브랜드,1.3,2025
BTS,spillover,71,0,5,관광|협업|지역|투어|콘서트,2.5,
BTS,spillover,72,0,0,,1.0,
BTS,spillover,73,0,0,,1.0,
BTS,spillover,74,1,0,,1.5,2023
BTS,spillover,75,2,2,수익|콘서트,2.6,2019
BTS,spillover,76,0,0,,1.0,2024
BTS,spillover,77,4,0,,3.0,2025
BTS,spillover,78,1,1,콘서트,1.8,2023
BTS,spillover,79,2,0,,2.0,2020
BTS,spillover,80,3,0,,2.5,2015|2017|2023
BTS,spillover,81,1,0,,1.5,2026
BTS,spillover,82,2,1,콘서트,2.3,2019|2025
BTS,spillover,83,2,0,,2.0,2024
BTS,spillover,84,1,1,수익,1.8,2017
BTS,spillover,85,2,0,,2.0,2021
BTS,spillover,86,5,1,협업,3.8,2019|2020
BTS,spillover,87,1,1,모델,1.8,
BTS,spillover,88,0,1,협업,1.3,
BTS,spillover,89,2,1,콘서트,2.3,
BTS,spillover,90,1,1,모델,1.8,
BTS,spillover,91,2,1,소비,2.3,2020
BTS,spillover,92,3,0,,2.5,2023
BTS,spillover,93,2,2,앰버서더|브랜드,2.6,
BTS,spillover,94,5,2,모델|브랜드,4.1,2026
BTS,spillover,95,0,0,,1.0,
BTS,spillover,96,0,1,브랜드,1.3,
BTS,spillover,97,2,0,,2.0,
BTS,spillover,98,1,1,투어,1.8,2026
BTS,spillover,99,1,1,앰버서더,1.8,2024
BTS,spillover,100,1,1,앰버서더,1.8,2024
BTS,spillover,101,1,1,앰버서더,1.8,2023
BTS,spillover,102,0,1,앰버서더,1.3,
BTS,spillover,103,0,1,앰버서더,1.3,
BTS,spillover,104,1,1,모델,1.8,2018|2020
BTS,spillover,105,1,1,모델,1.8,2018|2020
BTS,spillover,106,1,1,모델,1.8,2017|2021
BTS,spillover,107,2,2,모델|브랜드,2.6,2015|2018|2019
BTS,spillover,108,2,1,모델,2.3,2018|2020
BTS,spillover,109,2,1,모델,2.3,2018|2020
BTS,spillover,110,1,1,협업,1.8,2019
BTS,spillover,111,0,1,협업,1.3,
BTS,spillover,112,0,0,,1.0,
BTS,spillover,113,2,1,홍보대사,2.3,2021|2022
BTS,spillover,114,1,0,,1.5,2019
BTS,spillover,115,0,0,,1.0,
BTS,spillover,116,1,1,모델,1.8,2018|2020
BTS,spillover,117,1,1,모델,1.8,2017|2021
BTS,spillover,118,1,0,,1.5,2017
BTS,spillover,119,1,2,브랜드|협업,2.1,2020
BTS,spillover,120,0,0,,1.0,
BTS,spillover,121,1,3,앰버서더|브랜드|소비,2.4,2026
BTS,spillover,122,1,2,앰버서더|브랜드,2.1,2024
BTS,spillover,123,1,0,,1.5,2026
BTS,spillover,124,2,0,,2.0,2025
BTS,spillover,125,1,2,협업|투어,2.1,2025
BTS,spillover,126,3,0,,2.5,2026
BTS,spillover,127,1,1,앰버서더,1.8,2026
BTS,spillover,128,2,1,앰버서더,2.3,2026
BTS,spillover,129,2,0,,2.0,2019
BTS,spillover,130,1,1,콘서트,1.8,
BTS,spillover,131,1,1,투어,1.8,
BTS,spillover,132,2,0,,2.0,2026
BTS,spillover,133,0,0,,1.0,
BTS,spillover,134,2,0,,2.0,2021
BTS,spillover,135,3,0,,2.5,2024
BTS,spillover,136,1,0,,1.5,2025
BTS,spillover,137,1,0,,1.5,2025
BTS,spillover,138,3,0,,2.5,2026
BTS,spillover,139,3,0,,2.5,
BTS,spillover,140,0,1,방문,1.3,
BTS,spillover,141,0,1,방문,1.3,
BTS,spillover,142,2,1,지역,2.3,
BTS,spillover,143,1,0,,1.5,
BTS,spillover,144,0,0,,1.0,
BTS,spillover,145,2,0,,2.0,2021|2026
BTS,spillover,146,1,0,,1.5,2026
BTS,spillover,147,4,1,브랜드,3.3,2017|2019
BTS,spillover,148,0,1,앰버서더,1.3,
BTS,spillover,149,0,0,,1.0,
BTS,spillover,150,1,0,,1.5,2026
BTS,spillover,151,0,0,,1.0,
BTS,spillover,152,0,0,,1.0,
SEVENTEEN,loyalty,0,1,1,팬클럽,1.8,2016
SEVENTEEN,loyalty,1,3,0,,2.5,2023
SEVENTEEN,loyalty,2,4,0,,3.0,2023|2024
SEVENTEEN,loyalty,3,5,1,밀리언셀러,3.8,2020|2021
SEVENTEEN,loyalty,4,5,1,기부,3.8,2025
SEVENTEEN,loyalty,5,1,1,팬클럽,1.8,2016
SEVENTEEN,loyalty,6,3,0,,2.5,2023
SEVENTEEN,loyalty,7,1,1,역사,1.8,
SEVENTEEN,loyalty,8,3,0,,2.5,2023
SEVENTEEN,loyalty,9,1,1,돌파,1.8,
SEVENTEEN,loyalty,10,2,0,,2.0,
SEVENTEEN,loyalty,11,1,2,최초|밀리언셀러,2.1,
SEVENTEEN,loyalty,12,2,1,신기록,2.3,
SEVENTEEN,loyalty,13,2,0,,2.0,2025
SEVENTEEN,loyalty,14,2,0,,2.0,2026
SEVENTEEN,loyalty,15,3,1,1위,2.8,
SEVENTEEN,loyalty,16,0,0,,1.0,2016
SEVENTEEN,loyalty,17,0,0,,1.0,2023
SEVENTEEN,loyalty,18,0,0,,1.0,2015|2025
SEVENTEEN,loyalty,19,0,0,,1.0,2026
SEVENTEEN,loyalty,20,0,0,,1.0,
SEVENTEEN,loyalty,21,0,0,,1.0,
SEVENTEEN,loyalty,22,0,0,,1.0,
SEVENTEEN,loyalty,23,4,1,밀리언셀러,3.3,2024
SEVENTEEN,loyalty,24,2,1,돌파,2.3,
SEVENTEEN,loyalty,25,1,0,,1.5,2025
SEVENTEEN,loyalty,26,3,1,기부,2.8,2025
SEVENTEEN,loyalty,27,2,1,기부,2.3,2019
SEVENTEEN,loyalty,28,2,1,기부,2.3,2022
SEVENTEEN,loyalty,29,0,0,,1.0,2024
SEVENTEEN,loyalty,30,0,0,,1.0,2024
SEVENTEEN,loyalty,31,0,0,,1.0,2024
SEVENTEEN,loyalty,32,0,0,,1.0,2018
SEVENTEEN,loyalty,33,0,0,,1.0,2023
SEVENTEEN,loyalty,34,0,0,,1.0,2026
SEVENTEEN,loyalty,35,0,0,,1.0,2023
SEVENTEEN,loyalty,36,0,0,,1.0,2025
SEVENTEEN,loyalty,37,0,0,,1.0,2024
SEVENTEEN,loyalty,38,2,0,,2.0,2024
SEVENTEEN,loyalty,39,0,0,,1.0,2026
SEVENTEEN,loyalty,40,0,0,,1.0,2025
SEVENTEEN,loyalty,41,0,0,,1.0,2019
SEVENTEEN,loyalty,42,0,0,,1.0,2025
SEVENTEEN,loyalty,43,0,0,,1.0,
SEVENTEEN,loyalty,44,0,1,최초,1.3,2023
SEVENTEEN,loyalty,45,0,0,,1.0,2023
SEVENTEEN,loyalty,46,0,0,,1.0,
SEVENTEEN,loyalty,47,0,0,,1.0,2026
SEVENTEEN,loyalty,48,0,0,,1.0,2023
SEVENTEEN,loyalty,49,0,0,,1.0,2023
SEVENTEEN,loyalty,50,0,0,,1.0,
SEVENTEEN,loyalty,51,0,0,,1.0,2023
SEVENTEEN,loyalty,52,0,0,,1.0,2022
SEVENTEEN,loyalty,53,0,0,,1.0,2023
SEVENTEEN,loyalty,54,0,0,,1.0,
SEVENTEEN,loyalty,55,0,0,,1.0,
SEVENTEEN,loyalty,56,0,0,,1.0,
SEVENTEEN,loyalty,57,0,0,,1.0,
SEVENTEEN,loyalty,58,0,0,,1.0,
SEVENTEEN,loyalty,59,1,0,,1.5,
SEVENTEEN,loyalty,60,1,0,,1.5,
SEVENTEEN,loyalty,61,1,0,,1.5,
SEVENTEEN,loyalty,62,1,0,,1.5,2025
SEVENTEEN,loyalty,63,1,0,,1.5,2026
SEVENTEEN,loyalty,64,0,0,,1.0,
SEVENTEEN,loyalty,65,0,0,,1.0,
SEVENTEEN,loyalty,66,1,1,팬클럽,1.8,2016
SEVENTEEN,loyalty,67,2,2,기부|팬클럽,2.6,2019
SEVENTEEN,loyalty,68,1,1,기부,1.8,2024
SEVENTEEN,loyalty,69,1,1,팬클럽,1.8,2026
SEVENTEEN,loyalty,70,0,1,팬클럽,1.3,
SEVENTEEN,spillover,0,1,2,모델|브랜드,2.1,2022
SEVENTEEN,spillover,1,1,1,앰버서더,1.8,2025
SEVENTEEN,spillover,2,1,0,,1.5,2024
SEVENTEEN,spillover,3,1,0,,1.5,2024
SEVENTEEN,spillover,4,1,0,,1.5,2024
SEVENTEEN,spillover,5,1,0,,1.5,
SEVENTEEN,spillover,6,2,0,,2.0,2023|2024
SEVENTEEN,spillover,7,1,0,,1.5,2024
SEVENTEEN,spillover,8,1,0,,1.5,2024
SEVENTEEN,spillover,9,0,0,,1.0,
SEVENTEEN,spillover,10,1,0,,1.5,2025
SEVENTEEN,spillover,11,2,0,,2.0,2024
SEVENTEEN,spillover,12,1,0,,1.5,2025
SEVENTEEN,spillover,13,2,0,,2.0,
SEVENTEEN,spillover,14,0,0,,1.0,
SEVENTEEN,spillover,15,1,0,,1.5,2023|2024
SEVENTEEN,spillover,16,0,0,,1.0,2025
SEVENTEEN,spillover,17,0,0,,1.0,2024
SEVENTEEN,spillover,18,0,0,,1.0,2024
SEVENTEEN,spillover,19,0,0,,1.0,2024
SEVENTEEN,spillover,20,0,0,,1.0,2024|2025
SEVENTEEN,spillover,21,4,0,,3.0,2026
SEVENTEEN,spillover,22,0,0,,1.0,2025
SEVENTEEN,spillover,23,0,0,,1.0,2026
SEVENTEEN,spillover,24,0,0,,1.0,
SEVENTEEN,spillover,25,0,0,,1.0,
SEVENTEEN,spillover,26,0,0,,1.0,
SEVENTEEN,spillover,27,0,0,,1.0,
SEVENTEEN,spillover,28,1,1,투어,1.8,
SEVENTEEN,spillover,29,1,0,,1.5,
SEVENTEEN,spillover,30,0,0,,1.0,
SEVENTEEN,spillover,31,0,0,,1.0,
SEVENTEEN,spillover,32,0,2,관광|협업,1.6,
SEVENTEEN,spillover,33,0,2,콘서트|소비,1.6,
SEVENTEEN,spillover,34,1,0,,1.5,
SEVENTEEN,spillover,35,1,0,,1.5,
SEVENTEEN,spillover,36,1,0,,1.5,2015
SEVENTEEN,spillover,37,0,0,,1.0,
SEVENTEEN,spillover,38,0,0,,1.0,2023
SEVENTEEN,spillover,39,1,0,,1.5,
SEVENTEEN,spillover,40,0,0,,1.0,2023
SEVENTEEN,spillover,41,0,1,협업,1.3,2020
SEVENTEEN,spillover,42,0,0,,1.0,2022
SEVENTEEN,spillover,43,0,0,,1.0,2026
SEVENTEEN,spillover,44,0,2,관광|홍보대사,1.6,
SEVENTEEN,spillover,45,0,2,지역|콘서트,1.6,
SEVENTEEN,spillover,46,0,2,지역|콘서트,1.6,
SEVENTEEN,spillover,47,0,0,,1.0,
SEVENTEEN,spillover,48,0,0,,1.0,
SEVENTEEN,spillover,49,0,0,,1.0,
SEVENTEEN,spillover,50,0,0,,1.0,
SEVENTEEN,spillover,51,0,2,투어|콘서트,1.6,
SEVENTEEN,spillover,52,2,0,,2.0,2015|2019
SEVENTEEN,spillover,53,2,1,투어,2.3,2022|2024
SEVENTEEN,spillover,54,1,0,,1.5,2026
SEVENTEEN,spillover,55,0,1,투어,1.3,
SEVENTEEN,spillover,56,0,0,,1.0,2017
SEVENTEEN,spillover,57,1,1,콘서트,1.8,2022
SEVENTEEN,spillover,58,2,0,,2.0,2025
SEVENTEEN,spillover,59,0,0,,1.0,
SEVENTEEN,spillover,60,1,0,,1.5,2017
SEVENTEEN,spillover,61,1,1,홍보대사,1.8,2024
SEVENTEEN,spillover,62,1,1,관광,1.8,2025
SEVENTEEN,spillover,63,1,1,앰버서더,1.8,2024
SEVENTEEN,spillover,64,1,0,,1.5,2019
SEVENTEEN,spillover,65,1,2,앰버서더|브랜드,2.1,2024
SEVENTEEN,spillover,66,1,2,앰버서더|브랜드,2.1,2025
SEVENTEEN,spillover,67,1,2,앰버서더|브랜드,2.1,2024
SEVENTEEN,spillover,68,1,4,앰버서더|브랜드|협업|소비,2.7,2026
SEVENTEEN,spillover,69,1,0,,1.5,2026
SEVENTEEN,spillover,70,1,0,,1.5,2026
SEVENTEEN,spillover,71,1,0,,1.5,2026
SEVENTEEN,spillover,72,4,0,,3.0,2026
SEVENTEEN,spillover,73,1,0,,1.5,2026
SEVENTEEN,spillover,74,1,2,앰버서더|브랜드,2.1,2026
SEVENTEEN,spillover,75,2,1,콘서트,2.3,2026
SEVENTEEN,spillover,76,1,0,,1.5,2026
SEVENTEEN,spillover,77,1,2,모델|브랜드,2.1,2024
SEVENTEEN,spillover,78,0,2,모델|브랜드,1.6,
SEVENTEEN,spillover,79,1,0,,1.5,2024
SEVENTEEN,spillover,80,0,0,,1.0,
SEVENTEEN,spillover,81,0,0,,1.0,
SEVENTEEN,spillover,82,2,0,,2.0,2024
SEVENTEEN,spillover,83,4,1,수익,3.3,2023
SEVENTEEN,spillover,84,1,1,투어,1.8,2020
SEVENTEEN,spillover,85,2,1,투어,2.3,
Stray Kids,loyalty,0,0,0,,1.0,
Stray Kids,loyalty,1,4,2,돌파|최초,3.6,2023
Stray Kids,loyalty,2,1,0,,1.5,2026
Stray Kids,loyalty,3,1,2,1위|최초,2.1,
Stray Kids,loyalty,4,2,0,,2.0,2025
Stray Kids,loyalty,5,3,0,,2.5,2018|2022
Stray Kids,loyalty,6,2,2,돌파|최초,2.6,
Stray Kids,loyalty,7,1,2,1위|최초,2.1,
Stray Kids,loyalty,8,1,2,최초|밀리언셀러,2.1,
Stray Kids,loyalty,9,2,2,돌파|최초,2.6,
Stray Kids,loyalty,10,2,0,,2.0,2026
Stray Kids,loyalty,11,2,0,,2.0,2023
Stray Kids,loyalty,12,2,2,돌파|최초,2.6,
Stray Kids,loyalty,13,3,1,1위,2.8,2025
Stray Kids,loyalty,14,0,0,,1.0,
Stray Kids,loyalty,15,0,0,,1.0,2024|2026
Stray Kids,loyalty,16,0,0,,1.0,2018|2025
Stray Kids,loyalty,17,0,0,,1.0,2025
Stray Kids,loyalty,18,0,0,,1.0,2026
Stray Kids,loyalty,19,0,0,,1.0,
Stray Kids,loyalty,20,0,0,,1.0,
Stray Kids,loyalty,21,2,1,팬클럽,2.3,2024
Stray Kids,loyalty,22,4,3,돌파|총공|지속,3.9,2026
Stray Kids,loyalty,23,1,0,,1.5,2024
Stray Kids,loyalty,24,2,0,,2.0,2024
Stray Kids,loyalty,25,1,0,,1.5,2024
Stray Kids,loyalty,26,1,0,,1.5,2022
Stray Kids,loyalty,27,0,0,,1.0,2026
Stray Kids,loyalty,28,0,0,,1.0,
Stray Kids,loyalty,29,1,1,1위,1.8,
Stray Kids,loyalty,30,0,1,매진,1.3,
Stray Kids,loyalty,31,1,1,세대,1.8,
Stray Kids,loyalty,32,0,0,,1.0,
Stray Kids,loyalty,33,0,0,,1.0,
Stray Kids,loyalty,34,0,0,,1.0,
Stray Kids,loyalty,35,0,0,,1.0,
Stray Kids,loyalty,36,0,0,,1.0,
Stray Kids,loyalty,37,0,0,,1.0,
Stray Kids,loyalty,38,0,0,,1.0,
Stray Kids,loyalty,39,0,0,,1.0,
Stray Kids,loyalty,40,0,0,,1.0,
Stray Kids,loyalty,41,0,0,,1.0,
Stray Kids,loyalty,42,0,0,,1.0,
Stray Kids,loyalty,43,0,0,,1.0,
Stray Kids,loyalty,44,1,1,돌파,1.8,
Stray Kids,loyalty,45,1,1,매진,1.8,
Stray Kids,loyalty,46,0,0,,1.0,
Stray Kids,loyalty,47,1,0,,1.5,2024
Stray Kids,loyalty,48,1,0,,1.5,2023
Stray Kids,loyalty,49,1,0,,1.5,2026
Stray Kids,loyalty,50,2,1,1위,2.3,
Stray Kids,loyalty,51,0,0,,1.0,
Stray Kids,loyalty,52,1,0,,1.5,2025
Stray Kids,loyalty,53,1,1,팬클럽,1.8,2024
Stray Kids,loyalty,54,4,1,기부,3.3,2025
Stray Kids,loyalty,55,0,1,기부,1.3,
Stray Kids,loyalty,56,2,0,,2.0,2025
Stray Kids,loyalty,57,2,0,,2.0,2025
Stray Kids,spillover,0,1,1,앰버서더,1.8,2024
Stray Kids,spillover,1,0,2,모델|브랜드,1.6,
Stray Kids,spillover,2,1,3,앰버서더|브랜드|소비,2.4,2025
Stray Kids,spillover,3,2,2,앰버서더|브랜드,2.6,2024|2025
Stray Kids,spillover,4,0,1,협업,1.3,
Stray Kids,spillover,5,1,0,,1.5,2026
Stray Kids,spillover,6,0,2,앰버서더|브랜드,1.6,
Stray Kids,spillover,7,3,0,,2.5,2023|2024
Stray Kids,spillover,8,2,0,,2.0,2025
Stray Kids,spillover,9,3,1,상권,2.8,2025
Stray Kids,spillover,10,3,0,,2.5,2025
Stray Kids,spillover,11,3,1,앰버서더,2.8,2023|2024|2026
Stray Kids,spillover,12,1,1,앰버서더,1.8,2023
Stray Kids,spillover,13,2,1,앰버서더,2.3,2023|2024
Stray Kids,spillover,14,2,0,,2.0,
Stray Kids,spillover,15,0,0,,1.0,2025
Stray Kids,spillover,16,0,0,,1.0,
Stray Kids,spillover,17,0,0,,1.0,2022|2025
Stray Kids,spillover,18,0,0,,1.0,2022
Stray Kids,spillover,19,1,0,,1.5,2020|2026
Stray Kids,spillover,20,0,0,,1.0,2024|2025
Stray Kids,spillover,21,0,0,,1.0,
Stray Kids,spillover,22,0,0,,1.0,
Stray Kids,spillover,23,0,0,,1.0,
Stray Kids,spillover,24,0,0,,1.0,
Stray Kids,spillover,25,0,0,,1.0,
Stray Kids,spillover,26,0,0,,1.0,
Stray Kids,spillover,27,0,0,,1.0,
Stray Kids,spillover,28,0,0,,1.0,
Stray Kids,spillover,29,0,0,,1.0,
Stray Kids,spillover,30,1,0,,1.5,
Stray Kids,spillover,31,0,1,투어,1.3,
Stray Kids,spillover,32,1,0,,1.5,
Stray Kids,spillover,33,0,1,투어,1.3,
Stray Kids,spillover,34,1,1,투어,1.8,2026
Stray Kids,spillover,35,0,0,,1.0,
Stray Kids,spillover,36,2,1,지역,2.3,2026
Stray Kids,spillover,37,1,0,,1.5,
Stray Kids,spillover,38,2,2,방문|콘서트,2.6,2022|2024
Stray Kids,spillover,39,0,3,지역|콘서트|소비,1.9,
Stray Kids,spillover,40,0,2,콘서트|소비,1.6,
Stray Kids,spillover,41,2,0,,2.0,
Stray Kids,spillover,42,5,0,,3.5,2020|2021|2023|2026
Stray Kids,spillover,43,3,0,,2.5,2023
Stray Kids,spillover,44,3,1,콘서트,2.8,2026
Stray Kids,spillover,45,3,0,,2.5,
Stray Kids,spillover,46,1,0,,1.5,2026
Stray Kids,spillover,47,2,0,,2.0,
Stray Kids,spillover,48,1,1,투어,1.8,
Stray Kids,spillover,49,0,0,,1.0,2025
Stray Kids,spillover,50,0,1,관광,1.3,
Stray Kids,spillover,51,0,1,홍보대사,1.3,
Stray Kids,spillover,52,0,0,,1.0,
Stray Kids,spillover,53,0,0,,1.0,
Stray Kids,spillover,54,1,1,브랜드,1.8,
Stray Kids,spillover,55,1,1,브랜드,1.8,
Stray Kids,spillover,56,0,0,,1.0,
Stray Kids,spillover,57,0,1,협업,1.3,
Stray Kids,spillover,58,0,0,,1.0,
Stray Kids,spillover,59,0,0,,1.0,
Stray Kids,spillover,60,0,0,,1.0,
Stray Kids,spillover,61,0,0,,1.0,2020
Stray Kids,spillover,62,0,0,,1.0,
Stray Kids,spillover,63,0,0,,1.0,
Stray Kids,spillover,64,0,0,,1.0,
Stray Kids,spillover,65,1,0,,1.5,2025
Stray Kids,spillover,66,1,0,,1.5,2021
Stray Kids,spillover,67,1,2,투어|콘서트,2.1,2026
Stray Kids,spillover,68,2,1,콘서트,2.3,2026
Stray Kids,spillover,69,1,0,,1.5,2024
Stray Kids,spillover,70,1,0,,1.5,2024
Stray Kids,spillover,71,0,3,관광|협업|홍보대사,1.9,
Stray Kids,spillover,72,1,1,투어,1.8,
Stray Kids,spillover,73,1,0,,1.5,2026
Stray Kids,spillover,74,1,0,,1.5,2026
Stray Kids,spillover,75,1,1,투어,1.8,2026
Stray Kids,spillover,76,1,1,앰버서더,1.8,2023
Stray Kids,spillover,77,1,1,앰버서더,1.8,2024
Stray Kids,spillover,78,2,1,앰버서더,2.3,2023|2024
Stray Kids,spillover,79,1,2,앰버서더|브랜드,2.1,2025
Stray Kids,spillover,80,1,2,관광|모델,2.1,2025
Stray Kids,spillover,81,1,0,,1.5,2023
Stray Kids,spillover,82,1,0,,1.5,2024
Stray Kids,spillover,83,1,2,앰버서더|브랜드,2.1,2020
Stray Kids,spillover,84,1,1,홍보대사,1.8,2019
Stray Kids,spillover,85,1,3,앰버서더|브랜드|협업,2.4,2026
Stray Kids,spillover,86,1,0,,1.5,2025
Stray Kids,spillover,87,3,4,매출|앰버서더|브랜드|협업,3.7,2026
Stray Kids,spillover,88,2,2,앰버서더|브랜드,2.6,2025
Stray Kids,spillover,89,2,0,,2.0,2022
Stray Kids,spillover,90,1,2,앰버서더|브랜드,2.1,2025
Stray Kids,spillover,91,1,0,,1.5,2018
Stray Kids,spillover,92,1,0,,1.5,2024
Stray Kids,spillover,93,3,0,,2.5,
Stray Kids,spillover,94,1,1,콘서트,1.8,
Stray Kids,spillover,95,0,0,,1.0,
Stray Kids,spillover,96,2,0,,2.0,
Stray Kids,spillover,97,0,0,,1.0,
Stray Kids,spillover,98,0,0,,1.0,
Stray Kids,spillover,99,1,1,투어,1.8,2024
Stray Kids,spillover,100,0,1,투어,1.3,
Stray Kids,spillover,101,2,0,,2.0,2026
Stray Kids,spillover,102,1,0,,1.5,2018
Stray Kids,spillover,103,1,0,,1.5,2025
Stray Kids,spillover,104,1,1,투어,1.8,2026
RIIZE,loyalty,0,1,1,밀리언셀러,1.8,
RIIZE,loyalty,1,3,0,,2.5,2024
RIIZE,loyalty,2,3,0,,2.5,2025|2026
RIIZE,loyalty,3,2,1,기부,2.3,2025
RIIZE,loyalty,4,0,0,,1.0,
RIIZE,loyalty,5,1,0,,1.5,
RIIZE,loyalty,6,2,0,,2.0,
RIIZE,loyalty,7,4,0,,3.0,2024
RIIZE,loyalty,8,0,0,,1.0,
RIIZE,loyalty,9,3,1,기부,2.8,2025
RIIZE,loyalty,10,2,1,기부,2.3,2025
RIIZE,loyalty,11,2,1,1위,2.3,2024
RIIZE,loyalty,12,0,0,,1.0,2025
RIIZE,loyalty,13,0,0,,1.0,2023
RIIZE,loyalty,14,0,0,,1.0,2024|2025|2026
RIIZE,loyalty,15,0,0,,1.0,2026
RIIZE,loyalty,16,0,0,,1.0,2026
RIIZE,loyalty,17,0,0,,1.0,
RIIZE,loyalty,18,2,1,팬클럽,2.3,2026
RIIZE,loyalty,19,1,0,,1.5,2026
RIIZE,loyalty,20,0,1,매진,1.3,
RIIZE,loyalty,21,2,2,매진|팬클럽,2.6,
RIIZE,loyalty,22,2,2,기부|팬클럽,2.6,2025
RIIZE,loyalty,23,0,0,,1.0,
RIIZE,loyalty,24,1,0,,1.5,
RIIZE,loyalty,25,1,0,,1.5,2024|2025
RIIZE,loyalty,26,0,0,,1.0,
RIIZE,loyalty,27,0,0,,1.0,
RIIZE,loyalty,28,1,1,돌파,1.8,
RIIZE,loyalty,29,2,0,,2.0,
RIIZE,loyalty,30,1,0,,1.5,2025
RIIZE,loyalty,31,1,0,,1.5,2024
RIIZE,loyalty,32,0,1,최초,1.3,
RIIZE,loyalty,33,0,0,,1.0,
RIIZE,loyalty,34,3,2,기부|팬클럽,3.1,2026
RIIZE,loyalty,35,3,2,기부|팬클럽,3.1,2023
RIIZE,loyalty,36,2,2,기부|팬클럽,2.6,
RIIZE,loyalty,37,2,2,기부|팬클럽,2.6,
RIIZE,loyalty,38,1,0,,1.5,
RIIZE,loyalty,39,3,2,기부|팬클럽,3.1,2026
RIIZE,loyalty,40,2,2,기부|팬클럽,2.6,2025
RIIZE,loyalty,41,6,2,기부|팬클럽,4.6,2025
RIIZE,loyalty,42,1,1,기부,1.8,2023
RIIZE,loyalty,43,1,0,,1.5,2026
RIIZE,loyalty,44,0,0,,1.0,
RIIZE,spillover,0,1,1,앰버서더,1.8,2023
RIIZE,spillover,1,1,1,모델,1.8,2023
RIIZE,spillover,2,1,2,모델|브랜드,2.1,2023
RIIZE,spillover,3,1,2,모델|브랜드,2.1,2024
RIIZE,spillover,4,1,2,앰버서더|모델,2.1,2025
RIIZE,spillover,5,2,0,,2.0,2025
RIIZE,spillover,6,0,0,,1.0,
RIIZE,spillover,7,1,2,앰버서더|브랜드,2.1,2023|2024|2025
RIIZE,spillover,8,0,0,,1.0,2024
RIIZE,spillover,9,0,0,,1.0,2024
RIIZE,spillover,10,1,0,,1.5,2023
RIIZE,spillover,11,1,0,,1.5,2024
RIIZE,spillover,12,1,0,,1.5,2025
RIIZE,spillover,13,0,0,,1.0,2023
RIIZE,spillover,14,0,0,,1.0,2023|2024|2025
RIIZE,spillover,15,0,0,,1.0,2023|2024
RIIZE,spillover,16,0,0,,1.0,2026
RIIZE,spillover,17,0,0,,1.0,2026
RIIZE,spillover,18,0,0,,1.0,
RIIZE,spillover,19,0,0,,1.0,2026
RIIZE,spillover,20,0,0,,1.0,
RIIZE,spillover,21,0,0,,1.0,
RIIZE,spillover,22,1,0,,1.5,
RIIZE,spillover,23,0,0,,1.0,
RIIZE,spillover,24,0,0,,1.0,
RIIZE,spillover,25,0,2,앰버서더|브랜드,1.6,
RIIZE,spillover,26,0,0,,1.0,
RIIZE,spillover,27,0,4,관광|방문|투어|콘서트,2.2,
RIIZE,spillover,28,0,1,브랜드,1.3,
RIIZE,spillover,29,5,0,,3.5,2024
RIIZE,spillover,30,1,0,,1.5,
RIIZE,spillover,31,2,0,,2.0,
RIIZE,spillover,32,0,0,,1.0,
RIIZE,spillover,33,1,0,,1.5,
RIIZE,spillover,34,1,0,,1.5,2026
RIIZE,spillover,35,2,1,투어,2.3,2025|2026
RIIZE,spillover,36,0,0,,1.0,
RIIZE,spillover,37,0,0,,1.0,
RIIZE,spillover,38,0,0,,1.0,
RIIZE,spillover,39,0,0,,1.0,
RIIZE,spillover,40,0,0,,1.0,
RIIZE,spillover,41,0,0,,1.0,
RIIZE,spillover,42,0,0,,1.0,
RIIZE,spillover,43,0,0,,1.0,
RIIZE,spillover,44,0,0,,1.0,
RIIZE,spillover,45,0,0,,1.0,
RIIZE,spillover,46,0,0,,1.0,
RIIZE,spillover,47,0,5,방문|지역|홍보대사|투어|콘서트,2.5,
RIIZE,spillover,48,0,1,방문,1.3,
RIIZE,spillover,49,0,0,,1.0,
RIIZE,spillover,50,1,0,,1.5,2022
RIIZE,spillover,51,1,0,,1.5,2023
RIIZE,spillover,52,1,0,,1.5,2023
RIIZE,spillover,53,0,0,,1.0,
RIIZE,spillover,54,2,1,브랜드,2.3,2026
RIIZE,spillover,55,0,0,,1.0,2026
RIIZE,spillover,56,1,2,모델|브랜드,2.1,2025
RIIZE,spillover,57,1,1,앰버서더,1.8,2023
RIIZE,spillover,58,1,3,앰버서더|브랜드|협업,2.4,2025
RIIZE,spillover,59,1,1,모델,1.8,2024
RIIZE,spillover,60,1,1,모델,1.8,2024
RIIZE,spillover,61,1,1,모델,1.8,2024
RIIZE,spillover,62,1,2,앰버서더|브랜드,2.1,2026
RIIZE,spillover,63,1,1,브랜드,1.8,2026
RIIZE,spillover,64,1,0,,1.5,2026
RIIZE,spillover,65,1,1,투어,1.8,2026
RIIZE,spillover,66,1,1,브랜드,1.8,2026
RIIZE,spillover,67,1,1,투어,1.8,2026
RIIZE,spillover,68,0,2,앰버서더|브랜드,1.6,
RIIZE,spillover,69,0,2,앰버서더|브랜드,1.6,
RIIZE,spillover,70,0,0,,1.0,
RIIZE,spillover,71,0,0,,1.0,
RIIZE,spillover,72,0,1,앰버서더,1.3,
RIIZE,spillover,73,1,0,,1.5,2023
RIIZE,spillover,74,0,0,,1.0,
RIIZE,spillover,75,0,1,투어,1.3,
NCT,loyalty,0,2,0,,2.0,2024
NCT,loyalty,1,2,0,,2.0,2020
NCT,loyalty,2,3,1,돌파,2.8,2021
NCT,loyalty,3,1,1,밀리언셀러,1.8,2020
NCT,loyalty,4,2,0,,2.0,2020
NCT,loyalty,5,2,0,,2.0,2023
NCT,loyalty,6,2,0,,2.0,2021
NCT,loyalty,7,0,0,,1.0,
NCT,loyalty,8,2,0,,2.0,2024
NCT,loyalty,9,1,0,,1.5,2020
NCT,loyalty,10,2,0,,2.0,2021
NCT,loyalty,11,1,2,최초|밀리언셀러,2.1,2020
NCT,loyalty,12,1,0,,1.5,2020
NCT,loyalty,13,2,0,,2.0,2023
NCT,loyalty,14,2,0,,2.0,2016|2020
NCT,loyalty,15,1,0,,1.5,2016
NCT,loyalty,16,0,0,,1.0,2025
NCT,loyalty,17,0,0,,1.0,2024
NCT,loyalty,18,0,0,,1.0,2021
NCT,loyalty,19,0,0,,1.0,2025
NCT,loyalty,20,0,0,,1.0,2025
NCT,loyalty,21,0,0,,1.0,
NCT,loyalty,22,0,0,,1.0,
NCT,loyalty,23,1,0,,1.5,
NCT,loyalty,24,2,3,지속|확장|팬클럽,2.9,2024
NCT,loyalty,25,1,0,,1.5,2025
NCT,loyalty,26,0,0,,1.0,2025
NCT,loyalty,27,3,0,,2.5,2022
NCT,loyalty,28,2,0,,2.0,2023|2025
NCT,loyalty,29,0,1,매진,1.3,2025
NCT,loyalty,30,0,0,,1.0,2026
NCT,loyalty,31,2,0,,2.0,2026
NCT,loyalty,32,3,0,,2.5,
NCT,loyalty,33,0,0,,1.0,
NCT,loyalty,34,0,1,매진,1.3,
NCT,loyalty,35,0,0,,1.0,
NCT,loyalty,36,1,0,,1.5,2026
NCT,loyalty,37,0,0,,1.0,2022
NCT,loyalty,38,0,0,,1.0,
NCT,loyalty,39,0,0,,1.0,
NCT,loyalty,40,0,0,,1.0,
NCT,loyalty,41,2,1,매진,2.3,2026
NCT,loyalty,42,0,0,,1.0,
NCT,loyalty,43,1,0,,1.5,2026
NCT,loyalty,44,1,0,,1.5,2024
NCT,loyalty,45,0,0,,1.0,
NCT,loyalty,46,0,0,,1.0,
NCT,loyalty,47,0,0,,1.0,
NCT,loyalty,48,0,0,,1.0,
NCT,loyalty,49,0,0,,1.0,
NCT,loyalty,50,1,2,기부|팬클럽,2.1,2024
NCT,loyalty,51,3,1,기부,2.8,2026
NCT,loyalty,52,3,1,기부,2.8,2025
NCT,loyalty,53,6,1,기부,4.3,2025
NCT,loyalty,54,0,0,,1.0,
NCT,loyalty,55,2,0,,2.0,2026
NCT,loyalty,56,0,1,팬클럽,1.3,
NCT,loyalty,57,0,0,,1.0,
NCT,loyalty,58,0,0,,1.0,
NCT,loyalty,59,0,0,,1.0,
NCT,loyalty,60,2,0,,2.0,2020
NCT,loyalty,61,0,0,,1.0,
NCT,loyalty,62,0,0,,1.0,
NCT,loyalty,63,0,0,,1.0,
NCT,loyalty,64,1,0,,1.5,
NCT,loyalty,65,4,0,,3.0,2026
NCT,loyalty,66,1,0,,1.5,2024
NCT,spillover,0,3,3,경제효과|투어|콘서트,3.4,2023
NCT,spillover,1,2,0,,2.0,2024
NCT,spillover,2,2,0,,2.0,2020
NCT,spillover,3,1,0,,1.5,
NCT,spillover,4,2,0,,2.0,2024
NCT,spillover,5,1,0,,1.5,2019
NCT,spillover,6,0,0,,1.0,2018
NCT,spillover,7,0,0,,1.0,2023
NCT,spillover,8,0,0,,1.0,2025
NCT,spillover,9,0,0,,1.0,2025
NCT,spillover,10,0,0,,1.0,2025
NCT,spillover,11,0,0,,1.0,2024
NCT,spillover,12,0,0,,1.0,
NCT,spillover,13,0,0,,1.0,2025
NCT,spillover,14,0,0,,1.0,
NCT,spillover,15,0,1,투어,1.3,
NCT,spillover,16,0,0,,1.0,
NCT,spillover,17,0,0,,1.0,
NCT,spillover,18,0,0,,1.0,
NCT,spillover,19,1,3,브랜드|협업|수익,2.4,
NCT,spillover,20,1,2,브랜드|협업,2.1,2025
NCT,spillover,21,1,0,,1.5,2022
NCT,spillover,22,5,0,,3.5,2022
NCT,spillover,23,3,0,,2.5,2025
NCT,spillover,24,4,0,,3.0,2025
NCT,spillover,25,2,0,,2.0,
NCT,spillover,26,1,1,투어,1.8,2024
NCT,spillover,27,0,0,,1.0,
NCT,spillover,28,0,0,,1.0,
NCT,spillover,29,0,1,브랜드,1.3,
NCT,spillover,30,1,1,앰버서더,1.8,
NCT,spillover,31,0,0,,1.0,
NCT,spillover,32,0,2,브랜드|협업,1.6,2026
NCT,spillover,33,0,0,,1.0,2026
NCT,spillover,34,0,0,,1.0,2026
NCT,spillover,35,0,0,,1.0,
NCT,spillover,36,0,0,,1.0,2025
NCT,spillover,37,1,1,협업,1.8,2026
NCT,spillover,38,0,1,콘서트,1.3,
NCT,spillover,39,0,0,,1.0,
NCT,spillover,40,0,0,,1.0,
NCT,spillover,41,0,0,,1.0,
NCT,spillover,42,0,0,,1.0,
NCT,spillover,43,0,0,,1.0,
NCT,spillover,44,0,0,,1.0,
NCT,spillover,45,0,0,,1.0,
NCT,spillover,46,0,0,,1.0,2026
NCT,spillover,47,1,0,,1.5,2026
NCT,spillover,48,1,0,,1.5,2021
NCT,spillover,49,7,0,,4.5,2017|2018|2019|2021|2022|2023|2024|2025
NCT,spillover,50,2,1,앰버서더,2.3,2025|2026
NCT,spillover,51,1,0,,1.5,2022
NCT,spillover,52,1,0,,1.5,2025
NCT,spillover,53,2,0,,2.0,2019|2020
NCT,spillover,54,1,0,,1.5,2024
NCT,spillover,55,4,1,콘서트,3.3,2021|2022
NCT,spillover,56,1,1,투어,1.8,2024
NCT,spillover,57,2,1,브랜드,2.3,2026
NCT,spillover,58,1,0,,1.5,
NCT,spillover,59,1,0,,1.5,
NCT,spillover,60,0,0,,1.0,
NCT,spillover,61,1,2,앰버서더|브랜드,2.1,2025
NCT,spillover,62,1,1,앰버서더,1.8,2023
NCT,spillover,63,0,1,앰버서더,1.3,
NCT,spillover,64,1,1,모델,1.8,2022
NCT,spillover,65,1,1,모델,1.8,2023
NCT,spillover,66,1,1,모델,1.8,2021
NCT,spillover,67,0,1,브랜드,1.3,
NCT,spillover,68,1,2,모델|브랜드,2.1,2022|2024
NCT,spillover,69,0,0,,1.0,
NCT,spillover,70,1,1,모델,1.8,2022
NCT,spillover,71,2,1,모델,2.3,2016|2018|2023
NCT,spillover,72,1,1,모델,1.8,2021
NCT,spillover,73,1,1,홍보대사,1.8,2017
NCT,spillover,74,1,2,지역|투어,2.1,2025
NCT,spillover,75,2,0,,2.0,2025|2026
NCT,spillover,76,3,0,,2.5,2024|2026
NCT,spillover,77,4,0,,3.0,2025|2026
NCT,spillover,78,1,0,,1.5,2026
NCT,spillover,79,2,0,,2.0,2025
NCT,spillover,80,1,0,,1.5,2026
NCT,spillover,81,1,0,,1.5,2024
NCT,spillover,82,2,0,,2.0,2026
NCT,spillover,83,1,0,,1.5,2026
NCT,spillover,84,1,0,,1.5,
NCT,spillover,85,0,0,,1.0,
NCT,spillover,86,0,1,모델,1.3,
NCT,spillover,87,0,0,,1.0,
NCT,spillover,88,0,3,관광|협업|홍보대사,1.9,
NCT,spillover,89,0,0,,1.0,
NCT,spillover,90,0,0,,1.0,
NCT,spillover,91,1,0,,1.5,
NCT,spillover,92,0,1,협업,1.3,
NCT,spillover,93,1,0,,1.5,2023
NCT,spillover,94,0,0,,1.0,2016
NCT,spillover,95,1,1,투어,1.8,2024
NCT,spillover,96,0,1,콘서트,1.3,
동방신기,loyalty,0,2,1,팬클럽,2.3,
동방신기,loyalty,1,3,0,,2.5,2025
동방신기,loyalty,2,7,0,,4.5,2017|2026
동방신기,loyalty,3,3,0,,2.5,2025
동방신기,loyalty,4,2,1,팬클럽,2.3,
동방신기,loyalty,5,1,0,,1.5,2017|2018
동방신기,loyalty,6,2,0,,2.0,
동방신기,loyalty,7,1,0,,1.5,
동방신기,loyalty,8,0,0,,1.0,
동방신기,loyalty,9,0,0,,1.0,
동방신기,loyalty,10,0,0,,1.0,2017|2018
동방신기,loyalty,11,0,0,,1.0,
동방신기,loyalty,12,0,0,,1.0,2023
동방신기,loyalty,13,0,0,,1.0,
동방신기,loyalty,14,1,1,매진,1.8,
동방신기,loyalty,15,1,0,,1.5,2024
동방신기,loyalty,16,2,0,,2.0,2020
동방신기,loyalty,17,2,2,기부|팬클럽,2.6,2020
동방신기,loyalty,18,0,0,,1.0,
동방신기,loyalty,19,0,0,,1.0,
동방신기,loyalty,20,1,0,,1.5,
동방신기,loyalty,21,4,0,,3.0,
동방신기,loyalty,22,1,0,,1.5,
동방신기,loyalty,23,0,0,,1.0,
동방신기,loyalty,24,0,0,,1.0,
동방신기,loyalty,25,0,0,,1.0,
동방신기,loyalty,26,2,2,기부|팬클럽,2.6,2020
동방신기,loyalty,27,0,1,팬클럽,1.3,
동방신기,loyalty,28,2,1,기부,2.3,2025
동방신기,loyalty,29,6,1,기부,4.3,2019|2020|2022|2023
동방신기,loyalty,30,1,1,매진,1.8,
동방신기,spillover,0,2,1,모델,2.3,
동방신기,spillover,1,0,3,모델|브랜드|소비,1.9,
동방신기,spillover,2,3,0,,2.5,
동방신기,spillover,3,1,0,,1.5,
동방신기,spillover,4,0,0,,1.0,
동방신기,spillover,5,0,0,,1.0,
동방신기,spillover,6,0,0,,1.0,
동방신기,spillover,7,0,0,,1.0,
동방신기,spillover,8,0,0,,1.0,2024
동방신기,spillover,9,0,0,,1.0,
동방신기,spillover,10,0,0,,1.0,
동방신기,spillover,11,0,0,,1.0,2026
동방신기,spillover,12,0,0,,1.0,
동방신기,spillover,13,0,0,,1.0,
동방신기,spillover,14,0,0,,1.0,
동방신기,spillover,15,3,1,투어,2.8,2026
동방신기,spillover,16,1,0,,1.5,2026
동방신기,spillover,17,2,0,,2.0,2025
동방신기,spillover,18,7,0,,4.5,2018
동방신기,spillover,19,4,0,,3.0,
동방신기,spillover,20,2,0,,2.0,
동방신기,spillover,21,0,0,,1.0,
동방신기,spillover,22,1,0,,1.5,
동방신기,spillover,23,1,0,,1.5,
동방신기,spillover,24,0,0,,1.0,
동방신기,spillover,25,0,0,,1.0,
동방신기,spillover,26,0,0,,1.0,
동방신기,spillover,27,0,0,,1.0,
동방신기,spillover,28,1,0,,1.5,
동방신기,spillover,29,0,0,,1.0,
동방신기,spillover,30,1,2,방문|지역,2.1,2025
동방신기,spillover,31,2,0,,2.0,2018|2024
동방신기,spillover,32,2,0,,2.0,2017
동방신기,spillover,33,4,0,,3.0,
동방신기,spillover,34,1,0,,1.5,
동방신기,spillover,35,3,0,,2.5,
동방신기,spillover,36,2,0,,2.0,2018
동방신기,spillover,37,3,1,콘서트,2.8,2015|2016
동방신기,spillover,38,1,0,,1.5,
동방신기,spillover,39,1,1,홍보대사,1.8,
동방신기,spillover,40,1,2,투어|콘서트,2.1,
동방신기,spillover,41,2,1,브랜드,2.3,2026
동방신기,spillover,42,0,1,투어,1.3,
동방신기,spillover,43,1,1,모델,1.8,
동방신기,spillover,44,2,0,,2.0,2025
동방신기,spillover,45,1,0,,1.5,2026
동방신기,spillover,46,1,0,,1.5,2025
동방신기,spillover,47,1,1,투어,1.8,
동방신기,spillover,48,3,0,,2.5,
동방신기,spillover,49,0,0,,1.0,
동방신기,spillover,50,0,0,,1.0,
빅뱅,loyalty,0,3,1,팬클럽,2.8,2026
빅뱅,loyalty,1,2,1,매진,2.3,2026
빅뱅,loyalty,2,1,1,매진,1.8,
빅뱅,loyalty,3,1,0,,1.5,2015
빅뱅,loyalty,4,1,0,,1.5,
빅뱅,loyalty,5,2,0,,2.0,
빅뱅,loyalty,6,0,0,,1.0,
빅뱅,loyalty,7,0,0,,1.0,2015|2016|2017
빅뱅,loyalty,8,0,0,,1.0,2026
빅뱅,loyalty,9,0,0,,1.0,2026
빅뱅,loyalty,10,0,0,,1.0,2026
빅뱅,loyalty,11,1,2,결성|팬클럽,2.1,
빅뱅,loyalty,12,4,1,팬클럽,3.3,2015|2026
빅뱅,loyalty,13,4,1,매진,3.3,2026
빅뱅,loyalty,14,1,0,,1.5,2026
빅뱅,loyalty,15,0,0,,1.0,
빅뱅,loyalty,16,0,0,,1.0,
빅뱅,loyalty,17,0,0,,1.0,
빅뱅,loyalty,18,4,1,매진,3.3,2026
빅뱅,loyalty,19,1,0,,1.5,
빅뱅,loyalty,20,2,0,,2.0,2026
빅뱅,loyalty,21,0,0,,1.0,
빅뱅,loyalty,22,1,1,역사,1.8,2015
빅뱅,loyalty,23,1,0,,1.5,
빅뱅,loyalty,24,1,0,,1.5,
빅뱅,loyalty,25,2,1,팬클럽,2.3,2026
빅뱅,loyalty,26,2,2,최초|팬클럽,2.6,2017
빅뱅,loyalty,27,2,1,기부,2.3,2025
빅뱅,loyalty,28,2,1,기부,2.3,2020
빅뱅,loyalty,29,2,1,매진,2.3,2026
빅뱅,loyalty,30,2,0,,2.0,2023
빅뱅,spillover,0,1,2,앰버서더|브랜드,2.1,2023
빅뱅,spillover,1,4,2,관광|콘서트,3.6,
빅뱅,spillover,2,2,1,수익,2.3,2016
빅뱅,spillover,3,1,2,관광|홍보대사,2.1,2016
빅뱅,spillover,4,0,0,,1.0,
빅뱅,spillover,5,1,0,,1.5,2016
빅뱅,spillover,6,0,0,,1.0,
빅뱅,spillover,7,0,0,,1.0,2015|2016
빅뱅,spillover,8,0,0,,1.0,2026
빅뱅,spillover,9,0,0,,1.0,2025
빅뱅,spillover,10,0,0,,1.0,
빅뱅,spillover,11,0,0,,1.0,
빅뱅,spillover,12,0,0,,1.0,2026
빅뱅,spillover,13,1,1,투어,1.8,
빅뱅,spillover,14,1,1,투어,1.8,
빅뱅,spillover,15,0,0,,1.0,
빅뱅,spillover,16,2,1,투어,2.3,
빅뱅,spillover,17,0,1,투어,1.3,2026
빅뱅,spillover,18,2,1,콘서트,2.3,2023
빅뱅,spillover,19,1,1,투어,1.8,
빅뱅,spillover,20,6,0,,4.0,
빅뱅,spillover,21,2,1,투어,2.3,2026
빅뱅,spillover,22,0,0,,1.0,
빅뱅,spillover,23,0,0,,1.0,
빅뱅,spillover,24,0,0,,1.0,
빅뱅,spillover,25,1,0,,1.5,2026
빅뱅,spillover,26,0,0,,1.0,
빅뱅,spillover,27,2,0,,2.0,2024
빅뱅,spillover,28,1,0,,1.5,2025
빅뱅,spillover,29,1,1,홍보대사,1.8,2026
빅뱅,spillover,30,1,0,,1.5,2025
빅뱅,spillover,31,1,1,투어,1.8,
빅뱅,spillover,32,1,1,협업,1.8,
빅뱅,spillover,33,2,1,협업,2.3,2015
빅뱅,spillover,34,1,0,,1.5,2016
빅뱅,spillover,35,1,1,협업,1.8,2025
빅뱅,spillover,36,1,1,투어,1.8,2018
빅뱅,spillover,37,1,1,홍보대사,1.8,2026
빅뱅,spillover,38,1,2,수익|투어,2.1,
빅뱅,spillover,39,2,1,브랜드,2.3,2026
빅뱅,spillover,40,2,0,,2.0,
빅뱅,spillover,41,3,1,투어,2.8,2026
빅뱅,spillover,42,2,0,,2.0,
빅뱅,spillover,43,1,1,앰버서더,1.8,2015
빅뱅,spillover,44,1,1,모델,1.8,
빅뱅,spillover,45,1,2,관광|모델,2.1,
빅뱅,spillover,46,1,2,관광|홍보대사,2.1,2016|2017
빅뱅,spillover,47,1,0,,1.5,
빅뱅,spillover,48,1,1,협업,1.8,
빅뱅,spillover,49,2,1,투어,2.3,
빅뱅,spillover,50,2,0,,2.0,
빅뱅,spillover,51,2,0,,2.0,
빅뱅,spillover,52,1,2,모델|브랜드,2.1,
빅뱅,spillover,53,1,1,모델,1.8,
빅뱅,spillover,54,1,0,,1.5,
빅뱅,spillover,55,1,0,,1.5,
빅뱅,spillover,56,1,1,투어,1.8,
빅뱅,spillover,57,0,2,모델|브랜드,1.6,2026
빅뱅,spillover,58,2,0,,2.0,2026
빅뱅,spillover,59,1,0,,1.5,2026
빅뱅,spillover,60,5,0,,3.5,2017|2023|2026
빅뱅,spillover,61,2,0,,2.0,2026
빅뱅,spillover,62,2,1,콘서트,2.3,2024
빅뱅,spillover,63,2,1,투어,2.3,2026
빅뱅,spillover,64,0,1,관광,1.3,2026
빅뱅,spillover,65,1,0,,1.5,2026
EXO,loyalty,0,2,2,돌파|팬클럽,2.6,
EXO,loyalty,1,2,0,,2.0,2023
EXO,loyalty,2,0,0,,1.0,
EXO,loyalty,3,1,1,매진,1.8,
EXO,loyalty,4,3,0,,2.5,2020
EXO,loyalty,5,3,1,밀리언셀러,2.8,2023
EXO,loyalty,6,0,0,,1.0,2017
EXO,loyalty,7,0,0,,1.0,2018|2023
EXO,loyalty,8,0,0,,1.0,2015|2016
EXO,loyalty,9,0,0,,1.0,
EXO,loyalty,10,0,0,,1.0,2025
EXO,loyalty,11,0,0,,1.0,2025
EXO,loyalty,12,1,2,매진|팬클럽,2.1,
EXO,loyalty,13,2,3,매진|밀리언셀러|팬클럽,2.9,
EXO,loyalty,14,1,0,,1.5,2025
EXO,loyalty,15,1,1,지속,1.8,2026
EXO,loyalty,16,4,1,팬클럽,3.3,2020
EXO,loyalty,17,0,2,기부|팬클럽,1.6,
EXO,loyalty,18,1,2,지속|팬클럽,2.1,
EXO,loyalty,19,0,0,,1.0,2026
EXO,loyalty,20,0,0,,1.0,
EXO,loyalty,21,0,0,,1.0,
EXO,loyalty,22,1,1,1위,1.8,2026
EXO,loyalty,23,0,0,,1.0,2025
EXO,loyalty,24,0,0,,1.0,
EXO,loyalty,25,0,0,,1.0,
EXO,loyalty,26,0,0,,1.0,
EXO,loyalty,27,0,0,,1.0,
EXO,loyalty,28,4,0,,3.0,
EXO,loyalty,29,3,1,매진,2.8,
EXO,loyalty,30,0,0,,1.0,
EXO,loyalty,31,1,0,,1.5,2026
EXO,loyalty,32,0,0,,1.0,
EXO,loyalty,33,1,0,,1.5,2025
EXO,loyalty,34,0,0,,1.0,
EXO,loyalty,35,0,0,,1.0,
EXO,loyalty,36,4,0,,3.0,2020
EXO,loyalty,37,5,1,기부,3.8,2020
EXO,loyalty,38,2,1,기부,2.3,2020
EXO,loyalty,39,2,0,,2.0,2020
EXO,loyalty,40,0,2,역사|세대,1.6,
EXO,loyalty,41,0,0,,1.0,
EXO,loyalty,42,2,1,팬클럽,2.3,
EXO,loyalty,43,2,1,기부,2.3,
EXO,loyalty,44,1,0,,1.5,2024
EXO,loyalty,45,3,0,,2.5,2026
EXO,loyalty,46,2,1,결성,2.3,
EXO,spillover,0,1,2,앰버서더|브랜드,2.1,2018|2019
EXO,spillover,1,1,0,,1.5,2026
EXO,spillover,2,4,1,매출,3.3,2018
EXO,spillover,3,3,0,,2.5,
EXO,spillover,4,0,0,,1.0,2015
EXO,spillover,5,1,0,,1.5,2018
EXO,spillover,6,0,0,,1.0,
EXO,spillover,7,0,0,,1.0,2018
EXO,spillover,8,0,0,,1.0,2025|2026
EXO,spillover,9,0,0,,1.0,2025|2026
EXO,spillover,10,0,0,,1.0,
EXO,spillover,11,0,0,,1.0,
EXO,spillover,12,0,2,지역|투어,1.6,
EXO,spillover,13,0,1,콘서트,1.3,
EXO,spillover,14,2,1,콘서트,2.3,
EXO,spillover,15,0,1,투어,1.3,
EXO,spillover,16,4,0,,3.0,2018
EXO,spillover,17,3,1,지역,2.8,2018
EXO,spillover,18,0,0,,1.0,
EXO,spillover,19,1,0,,1.5,
EXO,spillover,20,0,1,브랜드,1.3,2025
EXO,spillover,21,0,1,앰버서더,1.3,2024
EXO,spillover,22,0,2,앰버서더|브랜드,1.6,2026
EXO,spillover,23,0,1,앰버서더,1.3,
EXO,spillover,24,0,0,,1.0,
EXO,spillover,25,0,0,,1.0,
EXO,spillover,26,0,0,,1.0,
EXO,spillover,27,0,0,,1.0,
EXO,spillover,28,1,0,,1.5,2022
EXO,spillover,29,0,0,,1.0,2017|2018|2023
EXO,spillover,30,0,0,,1.0,2018
EXO,spillover,31,1,0,,1.5,
EXO,spillover,32,1,0,,1.5,
EXO,spillover,33,2,0,,2.0,2016
EXO,spillover,34,1,0,,1.5,2021
EXO,spillover,35,2,0,,2.0,2015
EXO,spillover,36,3,0,,2.5,2016|2018|2021|2023
EXO,spillover,37,4,0,,3.0,2018|2019|2021
EXO,spillover,38,2,0,,2.0,2016|2020
EXO,spillover,39,7,0,,4.5,2015|2016|2017|2018|2021|2024
EXO,spillover,40,1,0,,1.5,
EXO,spillover,41,2,0,,2.0,2015|2022
EXO,spillover,42,3,0,,2.5,2018|2019|2020
EXO,spillover,43,1,0,,1.5,2026
EXO,spillover,44,1,1,홍보대사,1.8,
EXO,spillover,45,1,2,관광|홍보대사,2.1,
EXO,spillover,46,1,2,관광|홍보대사,2.1,2018
EXO,spillover,47,1,2,매출|모델,2.1,
EXO,spillover,48,0,3,매출|모델|브랜드,1.9,
EXO,spillover,49,1,1,콘서트,1.8,
EXO,spillover,50,2,1,브랜드,2.3,2026
EXO,spillover,51,0,2,앰버서더|브랜드,1.6,2025
EXO,spillover,52,1,2,관광|홍보대사,2.1,2018
EXO,spillover,53,1,1,홍보대사,1.8,
EXO,spillover,54,0,1,브랜드,1.3,2020
EXO,spillover,55,1,4,앰버서더|모델|브랜드|협업,2.7,2026
EXO,spillover,56,2,2,앰버서더|브랜드,2.6,2024
EXO,spillover,57,3,0,,2.5,2021|2024
EXO,spillover,58,3,0,,2.5,2022|2025
EXO,spillover,59,1,0,,1.5,2026
EXO,spillover,60,1,0,,1.5,2026
EXO,spillover,61,1,0,,1.5,2026
EXO,spillover,62,4,1,지역,3.3,2025
EXO,spillover,63,1,0,,1.5,2018
EXO,spillover,64,1,0,,1.5,2022
EXO,spillover,65,2,1,홍보대사,2.3,2026
EXO,spillover,66,0,0,,1.0,
EXO,spillover,67,0,0,,1.0,
EXO,spillover,68,0,1,지역,1.3,
EXO,spillover,69,0,0,,1.0,
EXO,spillover,70,1,1,콘서트,1.8,2024
EXO,spillover,71,6,0,,4.0,2015|2018
EXO,spillover,72,1,0,,1.5,
EXO,spillover,73,0,0,,1.0,
슈퍼주니어,loyalty,0,2,1,매진,2.3,2025
슈퍼주니어,loyalty,1,2,1,매진,2.3,2026
슈퍼주니어,loyalty,2,6,2,기부|팬클럽,4.6,2025
슈퍼주니어,loyalty,3,4,1,팬클럽,3.3,
슈퍼주니어,loyalty,4,1,0,,1.5,
슈퍼주니어,loyalty,5,2,1,최초,2.3,
슈퍼주니어,loyalty,6,1,0,,1.5,
슈퍼주니어,loyalty,7,0,0,,1.0,
슈퍼주니어,loyalty,8,0,0,,1.0,
슈퍼주니어,loyalty,9,0,0,,1.0,2025
슈퍼주니어,loyalty,10,1,2,매진|팬클럽,2.1,
슈퍼주니어,loyalty,11,1,2,매진|팬클럽,2.1,
슈퍼주니어,loyalty,12,4,0,,3.0,2019|2023
슈퍼주니어,loyalty,13,3,0,,2.5,2025
슈퍼주니어,loyalty,14,1,0,,1.5,
슈퍼주니어,loyalty,15,0,0,,1.0,
슈퍼주니어,loyalty,16,0,0,,1.0,
슈퍼주니어,loyalty,17,0,0,,1.0,
슈퍼주니어,loyalty,18,0,0,,1.0,
슈퍼주니어,loyalty,19,3,1,매진,2.8,
슈퍼주니어,loyalty,20,2,1,매진,2.3,2025
슈퍼주니어,loyalty,21,1,0,,1.5,2023
슈퍼주니어,loyalty,22,0,0,,1.0,
슈퍼주니어,loyalty,23,0,0,,1.0,
슈퍼주니어,loyalty,24,9,3,기부|지속|팬클럽,6.4,2021|2025
슈퍼주니어,loyalty,25,2,1,기부,2.3,2024
슈퍼주니어,loyalty,26,2,1,기부,2.3,
슈퍼주니어,loyalty,27,2,0,,2.0,
슈퍼주니어,loyalty,28,1,0,,1.5,2024
슈퍼주니어,loyalty,29,0,0,,1.0,
슈퍼주니어,loyalty,30,2,1,결성,2.3,
슈퍼주니어,spillover,0,2,3,관광|홍보대사|콘서트,2.9,2019|2023
슈퍼주니어,spillover,1,2,2,관광|홍보대사,2.6,
슈퍼주니어,spillover,2,3,0,,2.5,2017|2020
슈퍼주니어,spillover,3,2,3,관광|지역|홍보대사,2.9,2023
슈퍼주니어,spillover,4,0,0,,1.0,2017|2020
슈퍼주니어,spillover,5,0,0,,1.0,2020
슈퍼주니어,spillover,6,0,0,,1.0,
슈퍼주니어,spillover,7,0,0,,1.0,2025
슈퍼주니어,spillover,8,0,0,,1.0,
슈퍼주니어,spillover,9,0,0,,1.0,
슈퍼주니어,spillover,10,0,0,,1.0,
슈퍼주니어,spillover,11,0,0,,1.0,
슈퍼주니어,spillover,12,1,0,,1.5,
슈퍼주니어,spillover,13,3,2,지역|투어,3.1,2026
슈퍼주니어,spillover,14,1,0,,1.5,
슈퍼주니어,spillover,15,2,0,,2.0,
슈퍼주니어,spillover,16,2,0,,2.0,
슈퍼주니어,spillover,17,4,0,,3.0,2017|2020
슈퍼주니어,spillover,18,0,0,,1.0,
슈퍼주니어,spillover,19,0,0,,1.0,
슈퍼주니어,spillover,20,1,0,,1.5,
슈퍼주니어,spillover,21,1,2,지역|홍보대사,2.1,2021
슈퍼주니어,spillover,22,0,0,,1.0,
슈퍼주니어,spillover,23,1,0,,1.5,
슈퍼주니어,spillover,24,1,0,,1.5,
슈퍼주니어,spillover,25,4,1,콘서트,3.3,
슈퍼주니어,spillover,26,5,0,,3.5,2015|2017
슈퍼주니어,spillover,27,0,1,모델,1.3,
슈퍼주니어,spillover,28,4,1,투어,3.3,2025|2026
슈퍼주니어,spillover,29,2,0,,2.0,2025
슈퍼주니어,spillover,30,1,2,관광|홍보대사,2.1,
슈퍼주니어,spillover,31,1,1,홍보대사,1.8,
슈퍼주니어,spillover,32,1,1,홍보대사,1.8,2021
슈퍼주니어,spillover,33,1,2,관광|홍보대사,2.1,2023
슈퍼주니어,spillover,34,0,1,투어,1.3,
슈퍼주니어,spillover,35,2,1,브랜드,2.3,2026
슈퍼주니어,spillover,36,0,1,홍보대사,1.3,
슈퍼주니어,spillover,37,1,1,브랜드,1.8,2017
슈퍼주니어,spillover,38,1,1,모델,1.8,2021
슈퍼주니어,spillover,39,1,1,모델,1.8,
슈퍼주니어,spillover,40,1,1,협업,1.8,
슈퍼주니어,spillover,41,1,0,,1.5,
슈퍼주니어,spillover,42,1,0,,1.5,
슈퍼주니어,spillover,43,2,1,모델,2.3,
슈퍼주니어,spillover,44,2,0,,2.0,2026
슈퍼주니어,spillover,45,3,1,투어,2.8,2026
슈퍼주니어,spillover,46,1,0,,1.5,2026
슈퍼주니어,spillover,47,1,0,,1.5,2025
슈퍼주니어,spillover,48,1,0,,1.5,2024
슈퍼주니어,spillover,49,2,2,지역|투어,2.6,2026
슈퍼주니어,spillover,50,3,1,방문,2.8,2025
슈퍼주니어,spillover,51,0,0,,1.0,
슈퍼주니어,spillover,52,2,0,,2.0,2026
슈퍼주니어,spillover,53,4,0,,3.0,
슈퍼주니어,spillover,54,1,0,,1.5,2025
슈퍼주니어,spillover,55,2,0,,2.0,
슈퍼주니어,spillover,56,0,2,투어|콘서트,1.6,
슈퍼주니어,spillover,57,1,1,투어,1.8,
샤이니,loyalty,0,3,1,매진,2.8,2024
샤이니,loyalty,1,3,3,출범|지속|팬클럽,3.4,
샤이니,loyalty,2,3,0,,2.5,
샤이니,loyalty,3,3,0,,2.5,2016
샤이니,loyalty,4,2,1,매진,2.3,2023
샤이니,loyalty,5,2,0,,2.0,2021
샤이니,loyalty,6,0,0,,1.0,2025
샤이니,loyalty,7,5,0,,3.5,2021
샤이니,loyalty,8,1,0,,1.5,2026
샤이니,loyalty,9,1,1,역사,1.8,
샤이니,loyalty,10,4,0,,3.0,2020|2024
샤이니,loyalty,11,0,0,,1.0,
샤이니,loyalty,12,0,1,팬클럽,1.3,
샤이니,loyalty,13,1,2,1위|충성,2.1,
샤이니,loyalty,14,1,0,,1.5,
샤이니,loyalty,15,1,0,,1.5,
샤이니,loyalty,16,0,0,,1.0,
샤이니,loyalty,17,0,0,,1.0,
샤이니,loyalty,18,0,0,,1.0,
샤이니,loyalty,19,0,0,,1.0,
샤이니,loyalty,20,0,0,,1.0,
샤이니,loyalty,21,0,0,,1.0,
샤이니,loyalty,22,1,0,,1.5,2025
샤이니,loyalty,23,0,0,,1.0,
샤이니,loyalty,24,1,0,,1.5,2025
샤이니,loyalty,25,1,0,,1.5,
샤이니,loyalty,26,0,0,,1.0,
샤이니,loyalty,27,0,0,,1.0,
샤이니,loyalty,28,1,0,,1.5,2025
샤이니,loyalty,29,3,0,,2.5,2017|2025
샤이니,loyalty,30,2,1,매진,2.3,2015
샤이니,loyalty,31,1,1,매진,1.8,2025
샤이니,loyalty,32,2,0,,2.0,2021
샤이니,loyalty,33,1,0,,1.5,2026
샤이니,loyalty,34,2,1,지속,2.3,2017
샤이니,loyalty,35,2,1,매진,2.3,
샤이니,spillover,0,0,1,모델,1.3,
샤이니,spillover,1,1,2,앰버서더|브랜드,2.1,2025|2026
샤이니,spillover,2,2,1,모델,2.3,
샤이니,spillover,3,4,1,콘서트,3.3,2016
샤이니,spillover,4,1,0,,1.5,
샤이니,spillover,5,2,0,,2.0,2021
샤이니,spillover,6,1,1,매출,1.8,
샤이니,spillover,7,5,1,투어,3.8,2016|2021
샤이니,spillover,8,0,0,,1.0,2018
샤이니,spillover,9,0,0,,1.0,2018
샤이니,spillover,10,4,0,,3.0,2015|2026
샤이니,spillover,11,1,0,,1.5,2017
샤이니,spillover,12,5,0,,3.5,2021
샤이니,spillover,13,3,0,,2.5,2016|2021
샤이니,spillover,14,7,1,투어,4.8,2015|2016
샤이니,spillover,15,1,0,,1.5,
샤이니,spillover,16,0,0,,1.0,
샤이니,spillover,17,0,1,콘서트,1.3,
샤이니,spillover,18,0,0,,1.0,
샤이니,spillover,19,0,0,,1.0,
샤이니,spillover,20,0,1,콘서트,1.3,
샤이니,spillover,21,0,0,,1.0,2016|2019
샤이니,spillover,22,0,0,,1.0,2016|2017
샤이니,spillover,23,1,0,,1.5,
샤이니,spillover,24,2,0,,2.0,2015
샤이니,spillover,25,2,1,콘서트,2.3,2021
샤이니,spillover,26,2,0,,2.0,2021
샤이니,spillover,27,2,1,지역,2.3,2023
샤이니,spillover,28,2,0,,2.0,2023
샤이니,spillover,29,1,1,홍보대사,1.8,2026
샤이니,spillover,30,1,1,홍보대사,1.8,2026
샤이니,spillover,31,1,0,,1.5,
샤이니,spillover,32,2,1,브랜드,2.3,2026
샤이니,spillover,33,0,1,투어,1.3,2026
샤이니,spillover,34,0,2,모델|브랜드,1.6,
샤이니,spillover,35,0,2,모델|브랜드,1.6,
샤이니,spillover,36,2,0,,2.0,2026
샤이니,spillover,37,2,1,콘서트,2.3,2015
샤이니,spillover,38,0,0,,1.0,2026
샤이니,spillover,39,1,0,,1.5,2026
샤이니,spillover,40,1,1,브랜드,1.8,2024
ATEEZ,loyalty,0,1,0,,1.5,
ATEEZ,loyalty,1,3,2,돌파|세대,3.1,2020
ATEEZ,loyalty,2,2,1,밀리언셀러,2.3,2026
ATEEZ,loyalty,3,1,1,매진,1.8,2025
ATEEZ,loyalty,4,2,0,,2.0,2025
ATEEZ,loyalty,5,3,1,돌파,2.8,2022
ATEEZ,loyalty,6,2,0,,2.0,2024
ATEEZ,loyalty,7,2,1,돌파,2.3,2026
ATEEZ,loyalty,8,1,2,매진|최초,2.1,2025
ATEEZ,loyalty,9,2,0,,2.0,2020
ATEEZ,loyalty,10,6,1,기부,4.3,2020|2022|2025
ATEEZ,loyalty,11,2,2,매진|최초,2.6,2020|2025
ATEEZ,loyalty,12,0,0,,1.0,
ATEEZ,loyalty,13,0,0,,1.0,2020
ATEEZ,loyalty,14,0,0,,1.0,2025|2026
ATEEZ,loyalty,15,0,0,,1.0,2026
ATEEZ,loyalty,16,0,0,,1.0,
ATEEZ,loyalty,17,0,0,,1.0,2025
ATEEZ,loyalty,18,0,0,,1.0,2026
ATEEZ,loyalty,19,2,1,팬클럽,2.3,2025|2026
ATEEZ,loyalty,20,0,0,,1.0,2026
ATEEZ,loyalty,21,1,0,,1.5,2023
ATEEZ,loyalty,22,1,0,,1.5,2026
ATEEZ,loyalty,23,2,2,기부|팬클럽,2.6,2022
ATEEZ,loyalty,24,4,1,기부,3.3,2019|2020|2021
ATEEZ,loyalty,25,0,0,,1.0,
ATEEZ,loyalty,26,1,0,,1.5,2025
ATEEZ,loyalty,27,2,0,,2.0,2026
ATEEZ,loyalty,28,0,0,,1.0,
ATEEZ,loyalty,29,0,0,,1.0,
ATEEZ,loyalty,30,1,0,,1.5,2023
ATEEZ,loyalty,31,1,0,,1.5,2026
ATEEZ,loyalty,32,1,0,,1.5,2024
ATEEZ,loyalty,33,0,0,,1.0,
ATEEZ,loyalty,34,5,1,기부,3.8,2024|2025
ATEEZ,loyalty,35,2,1,기부,2.3,2025
ATEEZ,loyalty,36,2,2,창단|팬클럽,2.6,2025
ATEEZ,loyalty,37,2,0,,2.0,2020|2021
ATEEZ,loyalty,38,0,0,,1.0,
ATEEZ,loyalty,39,0,0,,1.0,
ATEEZ,loyalty,40,3,1,밀리언셀러,2.8,2026
ATEEZ,loyalty,41,0,1,지속,1.3,
ATEEZ,spillover,0,1,2,앰버서더|브랜드,2.1,2025
ATEEZ,spillover,1,1,2,앰버서더|브랜드,2.1,2025
ATEEZ,spillover,2,0,3,관광|앰버서더|브랜드,1.9,
ATEEZ,spillover,3,5,5,경제효과|매출|지역|수익|투어,5.0,2025
ATEEZ,spillover,4,1,0,,1.5,2023
ATEEZ,spillover,5,1,0,,1.5,2024
ATEEZ,spillover,6,1,0,,1.5,2024
ATEEZ,spillover,7,2,0,,2.0,2024
ATEEZ,spillover,8,1,0,,1.5,2025
ATEEZ,spillover,9,1,0,,1.5,2025
ATEEZ,spillover,10,4,0,,3.0,2023
ATEEZ,spillover,11,4,2,모델|브랜드,3.6,2021|2024|2025
ATEEZ,spillover,12,0,0,,1.0,
ATEEZ,spillover,13,0,0,,1.0,
ATEEZ,spillover,14,0,0,,1.0,
ATEEZ,spillover,15,0,0,,1.0,2025
ATEEZ,spillover,16,0,0,,1.0,
ATEEZ,spillover,17,0,0,,1.0,
ATEEZ,spillover,18,0,0,,1.0,
ATEEZ,spillover,19,0,0,,1.0,
ATEEZ,spillover,20,3,0,,2.5,
ATEEZ,spillover,21,3,1,투어,2.8,2025|2026
ATEEZ,spillover,22,2,0,,2.0,2024|2025
ATEEZ,spillover,23,1,1,투어,1.8,2026
ATEEZ,spillover,24,4,0,,3.0,
ATEEZ,spillover,25,10,0,,6.0,2022|2023|2024|2025|2026
ATEEZ,spillover,26,6,0,,4.0,2020|2026
ATEEZ,spillover,27,0,0,,1.0,2026
ATEEZ,spillover,28,0,0,,1.0,
ATEEZ,spillover,29,0,0,,1.0,
ATEEZ,spillover,30,0,0,,1.0,
ATEEZ,spillover,31,0,0,,1.0,
ATEEZ,spillover,32,0,0,,1.0,2020
ATEEZ,spillover,33,1,0,,1.5,2020|2021
ATEEZ,spillover,34,0,0,,1.0,
ATEEZ,spillover,35,0,0,,1.0,
ATEEZ,spillover,36,2,2,투어|콘서트,2.6,2024|2025
ATEEZ,spillover,37,0,1,콘서트,1.3,
ATEEZ,spillover,38,1,1,콘서트,1.8,2026
ATEEZ,spillover,39,0,0,,1.0,
ATEEZ,spillover,40,1,0,,1.5,2021
ATEEZ,spillover,41,5,0,,3.5,2021|2022|2023|2024
ATEEZ,spillover,42,2,0,,2.0,2018|2019|2021|2022
ATEEZ,spillover,43,4,0,,3.0,2018|2019
ATEEZ,spillover,44,0,1,콘서트,1.3,
ATEEZ,spillover,45,1,2,투어|콘서트,2.1,2024
ATEEZ,spillover,46,0,0,,1.0,
ATEEZ,spillover,47,4,1,브랜드,3.3,2026
ATEEZ,spillover,48,2,1,브랜드,2.3,2026
ATEEZ,spillover,49,0,0,,1.0,2026
ATEEZ,spillover,50,1,2,앰버서더|브랜드,2.1,2026
ATEEZ,spillover,51,1,2,앰버서더|브랜드,2.1,2025
ATEEZ,spillover,52,1,2,모델|브랜드,2.1,2025
ATEEZ,spillover,53,1,2,앰버서더|브랜드,2.1,2025
ATEEZ,spillover,54,1,2,모델|브랜드,2.1,2025
ATEEZ,spillover,55,1,0,,1.5,2025
ATEEZ,spillover,56,1,1,홍보대사,1.8,2026
ATEEZ,spillover,57,0,0,,1.0,
ATEEZ,spillover,58,0,0,,1.0,
ATEEZ,spillover,59,0,1,협업,1.3,
ATEEZ,spillover,60,0,2,앰버서더|브랜드,1.6,
ATEEZ,spillover,61,1,1,투어,1.8,2025
ATEEZ,spillover,62,1,0,,1.5,2025
ATEEZ,spillover,63,0,1,투어,1.3,
ATEEZ,spillover,64,3,1,투어,2.8,2019|2026
ATEEZ,spillover,65,1,1,투어,1.8,2026
ATEEZ,spillover,66,2,0,,2.0,
ATEEZ,spillover,67,1,0,,1.5,2026
ATEEZ,spillover,68,3,1,투어,2.8,2022|2023
ATEEZ,spillover,69,1,1,콘서트,1.8,2025
ATEEZ,spillover,70,1,1,투어,1.8,2025
DAY6,loyalty,0,1,1,팬클럽,1.8,2017
DAY6,loyalty,1,1,1,매진,1.8,2024
DAY6,loyalty,2,2,0,,2.0,2025
DAY6,loyalty,3,2,0,,2.0,2024
DAY6,loyalty,4,1,1,팬클럽,1.8,2018
DAY6,loyalty,5,2,1,매진,2.3,2024
DAY6,loyalty,6,2,0,,2.0,2025
DAY6,loyalty,7,2,1,매진,2.3,2025
DAY6,loyalty,8,1,1,매진,1.8,2024
DAY6,loyalty,9,2,0,,2.0,2025
DAY6,loyalty,10,0,0,,1.0,2025
DAY6,loyalty,11,0,0,,1.0,2024|2025|2026
DAY6,loyalty,12,0,0,,1.0,2026
DAY6,loyalty,13,3,2,매진|팬클럽,3.1,2025
DAY6,loyalty,14,1,0,,1.5,
DAY6,loyalty,15,1,0,,1.5,
DAY6,loyalty,16,1,0,,1.5,2024
DAY6,loyalty,17,2,0,,2.0,2026
DAY6,loyalty,18,1,0,,1.5,
DAY6,loyalty,19,1,0,,1.5,2026
DAY6,loyalty,20,0,0,,1.0,2025
DAY6,loyalty,21,0,0,,1.0,
DAY6,loyalty,22,0,0,,1.0,
DAY6,loyalty,23,0,0,,1.0,
DAY6,loyalty,24,1,0,,1.5,
DAY6,loyalty,25,1,0,,1.5,
DAY6,loyalty,26,1,0,,1.5,
DAY6,loyalty,27,1,0,,1.5,
DAY6,loyalty,28,1,0,,1.5,
DAY6,loyalty,29,1,0,,1.5,
DAY6,loyalty,30,1,0,,1.5,
DAY6,loyalty,31,0,0,,1.0,
DAY6,loyalty,32,1,0,,1.5,
DAY6,loyalty,33,1,0,,1.5,2020
DAY6,loyalty,34,0,0,,1.0,
DAY6,loyalty,35,1,0,,1.5,
DAY6,loyalty,36,0,0,,1.0,
DAY6,loyalty,37,0,0,,1.0,
DAY6,loyalty,38,1,0,,1.5,2025
DAY6,loyalty,39,2,0,,2.0,2026
DAY6,loyalty,40,0,0,,1.0,
DAY6,loyalty,41,1,0,,1.5,2025
DAY6,loyalty,42,0,0,,1.0,
DAY6,loyalty,43,0,0,,1.0,
DAY6,loyalty,44,2,1,팬클럽,2.3,2025
DAY6,loyalty,45,0,1,팬클럽,1.3,
DAY6,loyalty,46,2,1,기부,2.3,2025
DAY6,loyalty,47,2,0,,2.0,2025
DAY6,loyalty,48,1,1,매진,1.8,2025
DAY6,loyalty,49,3,2,매진|팬클럽,3.1,2026
DAY6,loyalty,50,3,0,,2.5,2022|2026
DAY6,loyalty,51,2,0,,2.0,2026
DAY6,loyalty,52,1,0,,1.5,2022
DAY6,loyalty,53,1,0,,1.5,2019
DAY6,spillover,0,2,0,,2.0,
DAY6,spillover,1,3,0,,2.5,2024|2025
DAY6,spillover,2,3,0,,2.5,2025
DAY6,spillover,3,3,0,,2.5,2025
DAY6,spillover,4,1,0,,1.5,2024
DAY6,spillover,5,0,0,,1.0,2019|2025
DAY6,spillover,6,0,0,,1.0,2025
DAY6,spillover,7,0,0,,1.0,2025
DAY6,spillover,8,0,0,,1.0,
DAY6,spillover,9,2,1,콘서트,2.3,2025
DAY6,spillover,10,1,2,관광|콘서트,2.1,2025
DAY6,spillover,11,0,0,,1.0,
DAY6,spillover,12,1,1,콘서트,1.8,2026
DAY6,spillover,13,3,0,,2.5,2024
DAY6,spillover,14,4,0,,3.0,2025
DAY6,spillover,15,3,0,,2.5,2025
DAY6,spillover,16,2,3,관광|지역|콘서트,2.9,2025
DAY6,spillover,17,0,2,투어|콘서트,1.6,
DAY6,spillover,18,2,2,투어|콘서트,2.6,2026
DAY6,spillover,19,0,1,투어,1.3,
DAY6,spillover,20,1,0,,1.5,
DAY6,spillover,21,0,0,,1.0,
DAY6,spillover,22,1,0,,1.5,
DAY6,spillover,23,0,0,,1.0,
DAY6,spillover,24,1,0,,1.5,2025
DAY6,spillover,25,1,0,,1.5,2025
DAY6,spillover,26,2,0,,2.0,2018
DAY6,spillover,27,0,0,,1.0,
DAY6,spillover,28,2,0,,2.0,2024|2025
DAY6,spillover,29,2,0,,2.0,2015|2016|2018
DAY6,spillover,30,2,0,,2.0,2018
DAY6,spillover,31,2,0,,2.0,2016
DAY6,spillover,32,1,1,홍보대사,1.8,2018|2019
DAY6,spillover,33,1,1,홍보대사,1.8,2020
DAY6,spillover,34,0,0,,1.0,
DAY6,spillover,35,1,2,앰버서더|브랜드,2.1,2025
DAY6,spillover,36,0,1,모델,1.3,
DAY6,spillover,37,0,1,앰버서더,1.3,
DAY6,spillover,38,1,2,모델|협업,2.1,2024|2025
DAY6,spillover,39,1,1,모델,1.8,2025
DAY6,spillover,40,1,1,모델,1.8,2025
DAY6,spillover,41,1,2,투어|콘서트,2.1,
DAY6,spillover,42,2,0,,2.0,2024
DAY6,spillover,43,1,0,,1.5,2022
DAY6,spillover,44,2,0,,2.0,2026
DAY6,spillover,45,2,1,팝업,2.3,2026
DAY6,spillover,46,1,0,,1.5,
IKON,loyalty,0,1,1,밀리언셀러,1.8,2015
IKON,loyalty,1,2,1,매진,2.3,2015
IKON,loyalty,2,2,1,1위,2.3,
IKON,loyalty,3,2,0,,2.0,
IKON,loyalty,4,3,0,,2.5,
IKON,loyalty,5,2,1,매진,2.3,2015
IKON,loyalty,6,1,0,,1.5,
IKON,loyalty,7,2,0,,2.0,2016
IKON,loyalty,8,1,1,매진,1.8,2015
IKON,loyalty,9,3,0,,2.5,
IKON,loyalty,10,0,0,,1.0,2022
IKON,loyalty,11,0,0,,1.0,2024|2026
IKON,loyalty,12,0,0,,1.0,
IKON,loyalty,13,0,0,,1.0,2026
IKON,loyalty,14,0,0,,1.0,2015
IKON,loyalty,15,0,0,,1.0,2026
IKON,loyalty,16,0,0,,1.0,2026
IKON,loyalty,17,1,1,팬클럽,1.8,2026
IKON,loyalty,18,2,0,,2.0,2026
IKON,loyalty,19,0,0,,1.0,
IKON,loyalty,20,2,0,,2.0,2026
IKON,loyalty,21,0,0,,1.0,2025
IKON,loyalty,22,2,0,,2.0,
IKON,loyalty,23,1,0,,1.5,
IKON,loyalty,24,0,0,,1.0,
IKON,loyalty,25,1,0,,1.5,2026
IKON,loyalty,26,2,0,,2.0,2023|2026
IKON,loyalty,27,0,0,,1.0,
IKON,loyalty,28,2,0,,2.0,2026
IKON,loyalty,29,1,0,,1.5,2026
IKON,loyalty,30,1,0,,1.5,
IKON,loyalty,31,0,0,,1.0,
IKON,loyalty,32,0,0,,1.0,
IKON,loyalty,33,0,0,,1.0,
IKON,loyalty,34,0,0,,1.0,
IKON,loyalty,35,0,0,,1.0,
IKON,loyalty,36,0,0,,1.0,
IKON,loyalty,37,0,0,,1.0,
IKON,loyalty,38,0,0,,1.0,
IKON,loyalty,39,0,0,,1.0,
IKON,loyalty,40,0,0,,1.0,
IKON,loyalty,41,1,0,,1.5,2026
IKON,loyalty,42,1,0,,1.5,2023
IKON,loyalty,43,0,0,,1.0,
IKON,loyalty,44,0,0,,1.0,
IKON,loyalty,45,1,0,,1.5,
IKON,loyalty,46,1,1,팬클럽,1.8,2015
IKON,loyalty,47,3,2,1위|팬클럽,3.1,2015
IKON,loyalty,48,2,1,매진,2.3,2016
IKON,loyalty,49,2,0,,2.0,2022
IKON,loyalty,50,2,0,,2.0,2026
IKON,loyalty,51,1,0,,1.5,2026
IKON,loyalty,52,2,0,,2.0,2026
IKON,loyalty,53,1,1,결성,1.8,2015
IKON,spillover,0,1,0,,1.5,
IKON,spillover,1,4,1,투어,3.3,2016|2017
IKON,spillover,2,1,0,,1.5,2015
IKON,spillover,3,2,0,,2.0,2018
IKON,spillover,4,4,0,,3.0,2018
IKON,spillover,5,4,1,투어,3.3,2016|2018
IKON,spillover,6,0,0,,1.0,2015
IKON,spillover,7,0,0,,1.0,
IKON,spillover,8,0,0,,1.0,2026
IKON,spillover,9,0,0,,1.0,2026
IKON,spillover,10,0,0,,1.0,2026
IKON,spillover,11,0,0,,1.0,
IKON,spillover,12,0,0,,1.0,
IKON,spillover,13,0,0,,1.0,
IKON,spillover,14,0,1,콘서트,1.3,
IKON,spillover,15,0,0,,1.0,
IKON,spillover,16,1,0,,1.5,
IKON,spillover,17,3,0,,2.5,
IKON,spillover,18,1,0,,1.5,
IKON,spillover,19,0,1,투어,1.3,2026
IKON,spillover,20,1,1,홍보대사,1.8,2015
IKON,spillover,21,0,0,,1.0,
IKON,spillover,22,1,0,,1.5,
IKON,spillover,23,0,0,,1.0,
IKON,spillover,24,0,0,,1.0,
IKON,spillover,25,0,0,,1.0,
IKON,spillover,26,2,0,,2.0,
IKON,spillover,27,3,1,투어,2.8,
IKON,spillover,28,1,1,투어,1.8,
IKON,spillover,29,1,0,,1.5,2016
IKON,spillover,30,1,0,,1.5,2016
IKON,spillover,31,1,0,,1.5,2022
IKON,spillover,32,2,0,,2.0,2016|2017
IKON,spillover,33,5,0,,3.5,
IKON,spillover,34,6,0,,4.0,2016|2018|2023
IKON,spillover,35,1,2,모델|브랜드,2.1,2015
IKON,spillover,36,2,0,,2.0,2016
IKON,spillover,37,1,2,모델|브랜드,2.1,2015
IKON,spillover,38,1,0,,1.5,2026
IKON,spillover,39,1,0,,1.5,2025
IKON,spillover,40,0,0,,1.0,
IKON,spillover,41,1,0,,1.5,2026
CORTIS,loyalty,0,0,1,팬클럽,1.3,
CORTIS,loyalty,1,3,2,돌파|밀리언셀러,3.1,2025
CORTIS,loyalty,2,3,0,,2.5,
CORTIS,loyalty,3,1,1,돌파,1.8,
CORTIS,loyalty,4,1,0,,1.5,
CORTIS,loyalty,5,3,0,,2.5,2025
CORTIS,loyalty,6,3,0,,2.5,2026
CORTIS,loyalty,7,2,0,,2.0,
CORTIS,loyalty,8,1,1,밀리언셀러,1.8,
CORTIS,loyalty,9,0,0,,1.0,
CORTIS,loyalty,10,1,0,,1.5,2025
CORTIS,loyalty,11,0,0,,1.0,2026
CORTIS,loyalty,12,4,1,밀리언셀러,3.3,
CORTIS,loyalty,13,2,0,,2.0,
CORTIS,loyalty,14,2,1,매진,2.3,
CORTIS,loyalty,15,2,0,,2.0,
CORTIS,loyalty,16,1,0,,1.5,2026
CORTIS,loyalty,17,0,1,팬클럽,1.3,
CORTIS,loyalty,18,1,0,,1.5,
CORTIS,loyalty,19,0,0,,1.0,
CORTIS,loyalty,20,0,0,,1.0,2025
CORTIS,loyalty,21,0,0,,1.0,
CORTIS,loyalty,22,1,0,,1.5,2026
CORTIS,loyalty,23,0,0,,1.0,
CORTIS,loyalty,24,4,1,1위,3.3,
CORTIS,loyalty,25,0,0,,1.0,
CORTIS,loyalty,26,1,0,,1.5,2026
CORTIS,loyalty,27,0,0,,1.0,
CORTIS,loyalty,28,0,0,,1.0,
CORTIS,loyalty,29,0,0,,1.0,
CORTIS,loyalty,30,0,0,,1.0,
CORTIS,loyalty,31,0,0,,1.0,
CORTIS,loyalty,32,0,0,,1.0,
CORTIS,loyalty,33,0,0,,1.0,
CORTIS,loyalty,34,0,0,,1.0,
CORTIS,loyalty,35,0,0,,1.0,
CORTIS,loyalty,36,0,0,,1.0,
CORTIS,loyalty,37,1,0,,1.5,2026
CORTIS,loyalty,38,0,0,,1.0,
CORTIS,loyalty,39,4,2,돌파|밀리언셀러,3.6,2025
CORTIS,loyalty,40,3,0,,2.5,2026
CORTIS,loyalty,41,1,0,,1.5,
CORTIS,loyalty,42,1,1,팬클럽,1.8,2025
CORTIS,loyalty,43,1,0,,1.5,2026
CORTIS,loyalty,44,1,0,,1.5,
CORTIS,loyalty,45,0,0,,1.0,
CORTIS,loyalty,46,0,0,,1.0,
CORTIS,loyalty,47,0,0,,1.0,
CORTIS,loyalty,48,6,0,,4.0,2026
CORTIS,loyalty,49,1,0,,1.5,2026
CORTIS,spillover,0,1,0,,1.5,2026
CORTIS,spillover,1,2,0,,2.0,
CORTIS,spillover,2,1,0,,1.5,
CORTIS,spillover,3,6,1,브랜드,4.3,2026
CORTIS,spillover,4,5,0,,3.5,2025|2026
CORTIS,spillover,5,2,1,콘서트,2.3,2026
CORTIS,spillover,6,0,0,,1.0,
CORTIS,spillover,7,0,0,,1.0,
CORTIS,spillover,8,0,0,,1.0,
CORTIS,spillover,9,0,0,,1.0,
CORTIS,spillover,10,4,0,,3.0,
CORTIS,spillover,11,1,0,,1.5,
CORTIS,spillover,12,0,0,,1.0,
CORTIS,spillover,13,2,0,,2.0,2022
CORTIS,spillover,14,3,0,,2.5,2025
CORTIS,spillover,15,4,0,,3.0,2026
CORTIS,spillover,16,7,0,,4.5,2026
CORTIS,spillover,17,3,0,,2.5,2025
CORTIS,spillover,18,3,0,,2.5,2025
CORTIS,spillover,19,2,0,,2.0,
CORTIS,spillover,20,5,0,,3.5,2021|2026
CORTIS,spillover,21,1,0,,1.5,2026
CORTIS,spillover,22,3,0,,2.5,2015|2026
CORTIS,spillover,23,1,0,,1.5,
CORTIS,spillover,24,2,0,,2.0,2025
CORTIS,spillover,25,0,0,,1.0,
CORTIS,spillover,26,3,0,,2.5,2025
CORTIS,spillover,27,0,0,,1.0,
CORTIS,spillover,28,0,0,,1.0,
CORTIS,spillover,29,0,0,,1.0,
CORTIS,spillover,30,0,0,,1.0,
CORTIS,spillover,31,0,1,콘서트,1.3,
CORTIS,spillover,32,1,0,,1.5,
CORTIS,spillover,33,0,0,,1.0,
CORTIS,spillover,34,0,1,투어,1.3,2026
CORTIS,spillover,35,0,1,투어,1.3,
CORTIS,spillover,36,0,0,,1.0,
CORTIS,spillover,37,3,0,,2.5,2025
CORTIS,spillover,38,0,0,,1.0,
CORTIS,spillover,39,0,0,,1.0,
CORTIS,spillover,40,1,0,,1.5,
CORTIS,spillover,41,0,2,투어|콘서트,1.6,
CORTIS,spillover,42,1,0,,1.5,
CORTIS,spillover,43,0,0,,1.0,
CORTIS,spillover,44,0,0,,1.0,
CORTIS,spillover,45,0,0,,1.0,
CORTIS,spillover,46,0,2,투어|콘서트,1.6,
CORTIS,spillover,47,0,0,,1.0,
CORTIS,spillover,48,0,0,,1.0,
CORTIS,spillover,49,1,0,,1.5,2026
CORTIS,spillover,50,0,0,,1.0,
CORTIS,spillover,51,1,0,,1.5,2025
CORTIS,spillover,52,2,1,협업,2.3,2023|2024
CORTIS,spillover,53,1,0,,1.5,2026
CORTIS,spillover,54,0,0,,1.0,
CORTIS,spillover,55,1,1,방문,1.8,
CORTIS,spillover,56,0,0,,1.0,
CORTIS,spillover,57,0,2,모델|브랜드,1.6,
CORTIS,spillover,58,2,0,,2.0,
CORTIS,spillover,59,1,0,,1.5,2026
CORTIS,spillover,60,2,2,팝업|투어,2.6,
CORTIS,spillover,61,5,0,,3.5,
CORTIS,spillover,62,0,0,,1.0,2026
CORTIS,spillover,63,1,2,모델|브랜드,2.1,2026
CORTIS,spillover,64,1,1,모델,1.8,2025
CORTIS,spillover,65,2,2,모델|브랜드,2.6,2025|2026
CORTIS,spillover,66,1,2,모델|브랜드,2.1,2025
CORTIS,spillover,67,1,3,앰버서더|브랜드|지역,2.4,2026
CORTIS,spillover,68,0,2,브랜드|협업,1.6,
CORTIS,spillover,69,0,2,팝업|협업,1.6,
CORTIS,spillover,70,0,1,지역,1.3,
CORTIS,spillover,71,2,0,,2.0,2026
CORTIS,spillover,72,1,1,브랜드,1.8,
CORTIS,spillover,73,1,0,,1.5,2026
CORTIS,spillover,74,1,0,,1.5,2026
CORTIS,spillover,75,2,0,,2.0,2026
CORTIS,spillover,76,1,0,,1.5,2026
CORTIS,spillover,77,1,0,,1.5,2025
CORTIS,spillover,78,0,0,,1.0,
CORTIS,spillover,79,0,0,,1.0,
CORTIS,spillover,80,0,0,,1.0,
CORTIS,spillover,81,0,0,,1.0,
CORTIS,spillover,82,0,0,,1.0,
CORTIS,spillover,83,3,0,,2.5,2025
CORTIS,spillover,84,1,0,,1.5,2025
BTOB,loyalty,0,0,3,기부|지속|팬클럽,1.9,
BTOB,loyalty,1,3,2,돌파|신기록,3.1,2018|2022
BTOB,loyalty,2,2,1,매진,2.3,2015
BTOB,loyalty,3,3,1,1위,2.8,2016
BTOB,loyalty,4,1,1,매진,1.8,2015
BTOB,loyalty,5,2,0,,2.0,2016
BTOB,loyalty,6,3,1,1위,2.8,2015
BTOB,loyalty,7,5,1,기부,3.8,2017|2019|2020
BTOB,loyalty,8,5,1,기부,3.8,2019|2020
BTOB,loyalty,9,1,1,매진,1.8,2015
BTOB,loyalty,10,0,0,,1.0,
BTOB,loyalty,11,0,0,,1.0,2022|2023
BTOB,loyalty,12,0,0,,1.0,
BTOB,loyalty,13,0,0,,1.0,2026
BTOB,loyalty,14,0,0,,1.0,2025
BTOB,loyalty,15,2,0,,2.0,2026
BTOB,loyalty,16,1,1,팬클럽,1.8,2024
BTOB,loyalty,17,1,0,,1.5,
BTOB,loyalty,18,2,0,,2.0,2024|2025
BTOB,loyalty,19,1,2,기부|팬클럽,2.1,2015
BTOB,loyalty,20,6,1,기부,4.3,2017|2019|2020
BTOB,loyalty,21,2,2,기부|팬클럽,2.6,2020
BTOB,loyalty,22,0,0,,1.0,
BTOB,loyalty,23,1,0,,1.5,
BTOB,loyalty,24,0,0,,1.0,
BTOB,loyalty,25,0,0,,1.0,
BTOB,loyalty,26,0,0,,1.0,
BTOB,loyalty,27,0,0,,1.0,
BTOB,loyalty,28,0,0,,1.0,
BTOB,loyalty,29,0,0,,1.0,2015
BTOB,loyalty,30,1,0,,1.5,
BTOB,loyalty,31,0,0,,1.0,
BTOB,loyalty,32,2,0,,2.0,2024
BTOB,loyalty,33,0,0,,1.0,
BTOB,loyalty,34,1,1,기부,1.8,
BTOB,loyalty,35,2,1,팬클럽,2.3,2020
BTOB,loyalty,36,1,2,기부|팬클럽,2.1,2020
BTOB,loyalty,37,1,2,창단|팬클럽,2.1,
BTOB,loyalty,38,2,0,,2.0,2018
BTOB,loyalty,39,1,0,,1.5,
BTOB,loyalty,40,0,0,,1.0,
BTOB,spillover,0,1,2,관광|앰버서더,2.1,2018
BTOB,spillover,1,1,1,앰버서더,1.8,2021
BTOB,spillover,2,1,3,관광|앰버서더|지역,2.4,2022
BTOB,spillover,3,2,0,,2.0,2016
BTOB,spillover,4,2,0,,2.0,
BTOB,spillover,5,1,0,,1.5,2018
BTOB,spillover,6,3,0,,2.5,2016
BTOB,spillover,7,2,3,관광|앰버서더|홍보대사,2.9,2017|2018
BTOB,spillover,8,0,0,,1.0,2025|2026
BTOB,spillover,9,0,0,,1.0,2017|2026
BTOB,spillover,10,0,0,,1.0,2025
BTOB,spillover,11,0,0,,1.0,
BTOB,spillover,12,2,1,콘서트,2.3,2026
BTOB,spillover,13,2,2,협업|콘서트,2.6,2024
BTOB,spillover,14,0,2,콘서트|소비,1.6,2024
BTOB,spillover,15,3,0,,2.5,
BTOB,spillover,16,5,0,,3.5,2015|2022
BTOB,spillover,17,2,0,,2.0,2018|2022
BTOB,spillover,18,0,0,,1.0,
BTOB,spillover,19,1,0,,1.5,2026
BTOB,spillover,20,0,1,콘서트,1.3,
BTOB,spillover,21,0,0,,1.0,2016|2020|2022|2025
BTOB,spillover,22,0,0,,1.0,2015
BTOB,spillover,23,3,0,,2.5,2016|2017|2022|2025
BTOB,spillover,24,2,0,,2.0,2015|2020
BTOB,spillover,25,1,0,,1.5,2015
BTOB,spillover,26,1,0,,1.5,2015
BTOB,spillover,27,3,0,,2.5,2020
BTOB,spillover,28,0,0,,1.0,
BTOB,spillover,29,1,1,홍보대사,1.8,2016
BTOB,spillover,30,1,0,,1.5,2017
BTOB,spillover,31,1,0,,1.5,2017
BTOB,spillover,32,1,1,모델,1.8,2022
BTOB,spillover,33,3,0,,2.5,2025|2026
BTOB,spillover,34,1,0,,1.5,2026
BTOB,spillover,35,3,1,브랜드,2.8,2026
BTOB,spillover,36,1,2,투어|콘서트,2.1,
BTOB,spillover,37,0,0,,1.0,
BTOB,spillover,38,0,1,방문,1.3,
BTOB,spillover,39,1,1,콘서트,1.8,2021
BTOB,spillover,40,1,0,,1.5,
FTISLAND,loyalty,0,0,1,팬클럽,1.3,
FTISLAND,loyalty,1,2,0,,2.0,
FTISLAND,loyalty,2,1,0,,1.5,
FTISLAND,loyalty,3,1,0,,1.5,
FTISLAND,loyalty,4,2,0,,2.0,
FTISLAND,loyalty,5,2,0,,2.0,2026
FTISLAND,loyalty,6,0,0,,1.0,
FTISLAND,loyalty,7,0,0,,1.0,2015
FTISLAND,loyalty,8,0,0,,1.0,2024
FTISLAND,loyalty,9,0,0,,1.0,2024
FTISLAND,loyalty,10,0,0,,1.0,2025
FTISLAND,loyalty,11,0,0,,1.0,
FTISLAND,loyalty,12,0,0,,1.0,
FTISLAND,loyalty,13,0,0,,1.0,2025
FTISLAND,loyalty,14,4,0,,3.0,2026
FTISLAND,loyalty,15,1,1,팬클럽,1.8,2026
FTISLAND,loyalty,16,0,0,,1.0,2026
FTISLAND,loyalty,17,2,0,,2.0,
FTISLAND,loyalty,18,0,0,,1.0,
FTISLAND,loyalty,19,1,0,,1.5,
FTISLAND,loyalty,20,0,0,,1.0,
FTISLAND,loyalty,21,1,0,,1.5,
FTISLAND,loyalty,22,2,1,팬클럽,2.3,
FTISLAND,loyalty,23,3,1,팬클럽,2.8,2025
FTISLAND,loyalty,24,4,0,,3.0,
FTISLAND,loyalty,25,1,0,,1.5,2023
FTISLAND,loyalty,26,1,0,,1.5,2025
FTISLAND,loyalty,27,2,0,,2.0,2026
FTISLAND,loyalty,28,1,1,매진,1.8,2026
FTISLAND,loyalty,29,0,0,,1.0,
FTISLAND,loyalty,30,0,0,,1.0,
FTISLAND,spillover,0,1,2,모델|브랜드,2.1,
FTISLAND,spillover,1,3,0,,2.5,
FTISLAND,spillover,2,1,1,브랜드,1.8,
FTISLAND,spillover,3,0,0,,1.0,
FTISLAND,spillover,4,0,0,,1.0,
FTISLAND,spillover,5,0,0,,1.0,
FTISLAND,spillover,6,0,0,,1.0,2015
FTISLAND,spillover,7,0,0,,1.0,
FTISLAND,spillover,8,0,0,,1.0,
FTISLAND,spillover,9,0,0,,1.0,2025
FTISLAND,spillover,10,0,1,투어,1.3,
FTISLAND,spillover,11,2,1,투어,2.3,2026
FTISLAND,spillover,12,4,0,,3.0,
FTISLAND,spillover,13,7,0,,4.5,2015
FTISLAND,spillover,14,3,0,,2.5,
FTISLAND,spillover,15,0,0,,1.0,2025|2026
FTISLAND,spillover,16,0,0,,1.0,2025
FTISLAND,spillover,17,0,0,,1.0,
FTISLAND,spillover,18,0,0,,1.0,
FTISLAND,spillover,19,0,0,,1.0,
FTISLAND,spillover,20,2,0,,2.0,2019
FTISLAND,spillover,21,0,0,,1.0,2026
FTISLAND,spillover,22,1,0,,1.5,2026
FTISLAND,spillover,23,0,0,,1.0,2022
FTISLAND,spillover,24,0,0,,1.0,
FTISLAND,spillover,25,0,0,,1.0,
FTISLAND,spillover,26,0,0,,1.0,
FTISLAND,spillover,27,4,0,,3.0,2016
FTISLAND,spillover,28,2,0,,2.0,2018|2022
FTISLAND,spillover,29,4,0,,3.0,
FTISLAND,spillover,30,1,1,홍보대사,1.8,
FTISLAND,spillover,31,1,1,홍보대사,1.8,
FTISLAND,spillover,32,1,1,콘서트,1.8,2017
FTISLAND,spillover,33,1,1,투어,1.8,2026
FTISLAND,spillover,34,1,0,,1.5,2026
FTISLAND,spillover,35,1,0,,1.5,2025
FTISLAND,spillover,36,1,0,,1.5,
FTISLAND,spillover,37,1,0,,1.5,
FTISLAND,spillover,38,0,0,,1.0,
FTISLAND,spillover,39,2,1,관중,2.3,2025
FTISLAND,spillover,40,1,1,홍보대사,1.8,
FTISLAND,spillover,41,1,0,,1.5,2023
NewJeans,loyalty,0,0,1,팬클럽,1.3,
NewJeans,loyalty,1,4,0,,3.0,
NewJeans,loyalty,2,1,0,,1.5,
NewJeans,loyalty,3,2,0,,2.0,2023
NewJeans,loyalty,4,1,1,돌파,1.8,
NewJeans,loyalty,5,2,0,,2.0,2022
NewJeans,loyalty,6,2,0,,2.0,2022
NewJeans,loyalty,7,2,0,,2.0,2023
NewJeans,loyalty,8,2,0,,2.0,2023
NewJeans,loyalty,9,1,0,,1.5,
NewJeans,loyalty,10,0,0,,1.0,
NewJeans,loyalty,11,0,0,,1.0,2023|2024
NewJeans,loyalty,12,0,0,,1.0,2023
NewJeans,loyalty,13,0,0,,1.0,2023
NewJeans,loyalty,14,0,0,,1.0,2024
NewJeans,loyalty,15,0,0,,1.0,2024
NewJeans,loyalty,16,0,0,,1.0,2026
NewJeans,loyalty,17,2,0,,2.0,2026
NewJeans,loyalty,18,0,0,,1.0,2024
NewJeans,loyalty,19,0,0,,1.0,2025
NewJeans,loyalty,20,0,0,,1.0,2024|2026
NewJeans,loyalty,21,0,0,,1.0,2026
NewJeans,loyalty,22,0,0,,1.0,
NewJeans,loyalty,23,0,0,,1.0,
NewJeans,loyalty,24,0,0,,1.0,
NewJeans,loyalty,25,3,1,돌파,2.8,2026
NewJeans,loyalty,26,0,1,팬클럽,1.3,
NewJeans,loyalty,27,2,2,기부|팬클럽,2.6,2024
NewJeans,loyalty,28,0,0,,1.0,2024
NewJeans,loyalty,29,0,0,,1.0,
NewJeans,loyalty,30,0,0,,1.0,
NewJeans,loyalty,31,0,0,,1.0,
NewJeans,loyalty,32,2,1,돌파,2.3,2026
NewJeans,loyalty,33,1,0,,1.5,2024
NewJeans,loyalty,34,0,0,,1.0,
NewJeans,loyalty,35,0,0,,1.0,
NewJeans,loyalty,36,2,2,기부|팬클럽,2.6,2024
NewJeans,loyalty,37,1,0,,1.5,2022
NewJeans,loyalty,38,2,2,돌파|신기록,2.6,2022
NewJeans,loyalty,39,1,2,돌파|지속,2.1,
NewJeans,loyalty,40,0,0,,1.0,
NewJeans,loyalty,41,0,0,,1.0,
NewJeans,loyalty,42,0,1,팬클럽,1.3,
NewJeans,loyalty,43,1,0,,1.5,2023
NewJeans,spillover,0,0,2,앰버서더|브랜드,1.6,
NewJeans,spillover,1,0,1,브랜드,1.3,
NewJeans,spillover,2,2,1,수익,2.3,2024
NewJeans,spillover,3,2,1,수익,2.3,2024
NewJeans,spillover,4,2,2,관광|홍보대사,2.6,2023|2024
NewJeans,spillover,5,1,2,매출|앰버서더,2.1,
NewJeans,spillover,6,0,0,,1.0,
NewJeans,spillover,7,0,0,,1.0,
NewJeans,spillover,8,0,0,,1.0,2023
NewJeans,spillover,9,0,0,,1.0,
NewJeans,spillover,10,0,0,,1.0,2024
NewJeans,spillover,11,0,0,,1.0,2024
NewJeans,spillover,12,0,0,,1.0,
NewJeans,spillover,13,1,0,,1.5,
NewJeans,spillover,14,0,0,,1.0,
NewJeans,spillover,15,0,0,,1.0,2023|2024
NewJeans,spillover,16,0,0,,1.0,2023
NewJeans,spillover,17,0,0,,1.0,2022|2023
NewJeans,spillover,18,0,0,,1.0,2023
NewJeans,spillover,19,0,0,,1.0,
NewJeans,spillover,20,0,0,,1.0,
NewJeans,spillover,21,0,0,,1.0,2023
NewJeans,spillover,22,0,0,,1.0,
NewJeans,spillover,23,0,0,,1.0,
NewJeans,spillover,24,0,0,,1.0,
NewJeans,spillover,25,0,0,,1.0,
NewJeans,spillover,26,0,0,,1.0,2024
NewJeans,spillover,27,0,0,,1.0,
NewJeans,spillover,28,0,0,,1.0,
NewJeans,spillover,29,0,0,,1.0,
NewJeans,spillover,30,0,0,,1.0,
NewJeans,spillover,31,0,0,,1.0,
NewJeans,spillover,32,0,3,앰버서더|브랜드|소비,1.9,
NewJeans,spillover,33,1,3,앰버서더|브랜드|팝업,2.4,2024
NewJeans,spillover,34,6,0,,4.0,2023
NewJeans,spillover,35,3,1,협업,2.8,
NewJeans,spillover,36,2,0,,2.0,2024
NewJeans,spillover,37,0,0,,1.0,
NewJeans,spillover,38,1,0,,1.5,
NewJeans,spillover,39,2,0,,2.0,2023
NewJeans,spillover,40,1,0,,1.5,
NewJeans,spillover,41,1,1,앰버서더,1.8,2022
NewJeans,spillover,42,0,2,앰버서더|브랜드,1.6,
NewJeans,spillover,43,1,0,,1.5,2026
NewJeans,spillover,44,0,0,,1.0,
NewJeans,spillover,45,1,0,,1.5,2026
NewJeans,spillover,46,0,0,,1.0,
NewJeans,spillover,47,0,2,앰버서더|브랜드,1.6,
NewJeans,spillover,48,0,0,,1.0,
NewJeans,spillover,49,0,0,,1.0,2025
NewJeans,spillover,50,0,0,,1.0,2025
NewJeans,spillover,51,2,0,,2.0,2025
NewJeans,spillover,52,0,0,,1.0,
NewJeans,spillover,53,1,0,,1.5,2026
NewJeans,spillover,54,0,0,,1.0,
NewJeans,spillover,55,0,0,,1.0,
NewJeans,spillover,56,0,0,,1.0,
NewJeans,spillover,57,0,0,,1.0,
NewJeans,spillover,58,0,0,,1.0,
NewJeans,spillover,59,0,0,,1.0,
NewJeans,spillover,60,0,0,,1.0,
NewJeans,spillover,61,2,0,,2.0,
NewJeans,spillover,62,0,0,,1.0,
NewJeans,spillover,63,1,1,홍보대사,1.8,2023
NewJeans,spillover,64,0,1,관광,1.3,
NewJeans,spillover,65,1,0,,1.5,2024
NewJeans,spillover,66,1,0,,1.5,
NewJeans,spillover,67,0,1,팝업,1.3,
NewJeans,spillover,68,0,0,,1.0,
NewJeans,spillover,69,2,0,,2.0,
NewJeans,spillover,70,3,0,,2.5,
NewJeans,spillover,71,0,0,,1.0,
NewJeans,spillover,72,0,0,,1.0,
NewJeans,spillover,73,1,0,,1.5,2024
NewJeans,spillover,74,1,3,관광|모델|홍보대사,2.4,2022|2023|2024
NewJeans,spillover,75,1,2,관광|모델,2.1,2024
NewJeans,spillover,76,1,0,,1.5,2025
NewJeans,spillover,77,0,1,앰버서더,1.3,
NewJeans,spillover,78,1,2,앰버서더|브랜드,2.1,2023
NewJeans,spillover,79,0,1,앰버서더,1.3,
NewJeans,spillover,80,0,2,앰버서더|브랜드,1.6,
NewJeans,spillover,81,0,2,앰버서더|브랜드,1.6,
NewJeans,spillover,82,0,1,앰버서더,1.3,
NewJeans,spillover,83,0,1,모델,1.3,
NewJeans,spillover,84,1,1,앰버서더,1.8,
NewJeans,spillover,85,0,1,모델,1.3,
NewJeans,spillover,86,1,0,,1.5,2022
NewJeans,spillover,87,1,0,,1.5,2022|2024
NewJeans,spillover,88,2,1,모델,2.3,2023|2024
NewJeans,spillover,89,1,0,,1.5,2024
NewJeans,spillover,90,1,0,,1.5,
NewJeans,spillover,91,2,0,,2.0,2026
NewJeans,spillover,92,2,0,,2.0,2025|2026
NewJeans,spillover,93,2,0,,2.0,2026
NewJeans,spillover,94,1,0,,1.5,2026
NewJeans,spillover,95,1,2,앰버서더|브랜드,2.1,2024
NewJeans,spillover,96,1,2,모델|브랜드,2.1,2023
NewJeans,spillover,97,2,1,모델,2.3,2023|2024
NewJeans,spillover,98,1,2,모델|브랜드,2.1,2023
NewJeans,spillover,99,1,2,모델|브랜드,2.1,2022
NewJeans,spillover,100,2,1,모델,2.3,2023
NewJeans,spillover,101,0,2,모델|브랜드,1.6,
NewJeans,spillover,102,0,1,협업,1.3,
NewJeans,spillover,103,0,1,앰버서더,1.3,
NewJeans,spillover,104,2,0,,2.0,2023
NewJeans,spillover,105,2,0,,2.0,2023
NewJeans,spillover,106,0,0,,1.0,
NewJeans,spillover,107,1,1,팝업,1.8,2026
NewJeans,spillover,108,2,2,브랜드|수익,2.6,2023
NewJeans,spillover,109,1,0,,1.5,2025
BLACKPINK,loyalty,0,1,1,팬클럽,1.8,2017
BLACKPINK,loyalty,1,4,2,돌파|최초,3.6,2022
BLACKPINK,loyalty,2,3,1,신기록,2.8,2026
BLACKPINK,loyalty,3,1,0,,1.5,
BLACKPINK,loyalty,4,0,0,,1.0,
BLACKPINK,loyalty,5,1,0,,1.5,2017
BLACKPINK,loyalty,6,1,0,,1.5,2023
BLACKPINK,loyalty,7,4,2,돌파|최초,3.6,2022
BLACKPINK,loyalty,8,5,0,,3.5,2026
BLACKPINK,loyalty,9,1,0,,1.5,2022|2023
BLACKPINK,loyalty,10,0,0,,1.0,2017
BLACKPINK,loyalty,11,0,0,,1.0,2022
BLACKPINK,loyalty,12,0,0,,1.0,2018|2019|2022
BLACKPINK,loyalty,13,0,0,,1.0,2020
BLACKPINK,loyalty,14,0,0,,1.0,2025
BLACKPINK,loyalty,15,0,0,,1.0,
BLACKPINK,loyalty,16,0,0,,1.0,2016|2026
BLACKPINK,loyalty,17,0,0,,1.0,2025
BLACKPINK,loyalty,18,0,0,,1.0,
BLACKPINK,loyalty,19,0,0,,1.0,
BLACKPINK,loyalty,20,0,0,,1.0,
BLACKPINK,loyalty,21,0,0,,1.0,
BLACKPINK,loyalty,22,1,0,,1.5,2025
BLACKPINK,loyalty,23,0,0,,1.0,
BLACKPINK,loyalty,24,3,1,결속,2.8,2026
BLACKPINK,loyalty,25,2,0,,2.0,
BLACKPINK,loyalty,26,4,1,돌파,3.3,2026
BLACKPINK,loyalty,27,1,1,매진,1.8,2026
BLACKPINK,loyalty,28,2,1,매진,2.3,2019|2023|2026
BLACKPINK,loyalty,29,4,1,최초,3.3,2025
BLACKPINK,loyalty,30,0,0,,1.0,2024
BLACKPINK,loyalty,31,0,0,,1.0,
BLACKPINK,loyalty,32,0,0,,1.0,
BLACKPINK,loyalty,33,0,0,,1.0,
BLACKPINK,loyalty,34,0,0,,1.0,
BLACKPINK,loyalty,35,0,0,,1.0,
BLACKPINK,loyalty,36,0,0,,1.0,
BLACKPINK,loyalty,37,0,0,,1.0,
BLACKPINK,loyalty,38,0,0,,1.0,
BLACKPINK,loyalty,39,0,0,,1.0,
BLACKPINK,loyalty,40,0,0,,1.0,
BLACKPINK,loyalty,41,0,0,,1.0,
BLACKPINK,loyalty,42,1,3,돌파|역사|최초,2.4,
BLACKPINK,loyalty,43,2,0,,2.0,
BLACKPINK,loyalty,44,2,0,,2.0,
BLACKPINK,loyalty,45,1,0,,1.5,2017
BLACKPINK,loyalty,46,0,0,,1.0,2020|2021
BLACKPINK,loyalty,47,1,1,매진,1.8,2025
BLACKPINK,loyalty,48,1,0,,1.5,2022
BLACKPINK,loyalty,49,0,0,,1.0,
BLACKPINK,loyalty,50,1,0,,1.5,
BLACKPINK,loyalty,51,2,1,기부,2.3,2024
BLACKPINK,loyalty,52,0,1,기부,1.3,
BLACKPINK,loyalty,53,0,0,,1.0,
BLACKPINK,loyalty,54,0,0,,1.0,
BLACKPINK,loyalty,55,0,0,,1.0,
BLACKPINK,loyalty,56,0,1,매진,1.3,
BLACKPINK,loyalty,57,1,0,,1.5,2026
BLACKPINK,loyalty,58,1,0,,1.5,2026
BLACKPINK,loyalty,59,1,0,,1.5,2026
BLACKPINK,spillover,0,2,2,수익|투어,2.6,2022|2023
BLACKPINK,spillover,1,3,1,수익,2.8,
BLACKPINK,spillover,2,0,1,앰버서더,1.3,
BLACKPINK,spillover,3,0,2,브랜드|투어,1.6,
BLACKPINK,spillover,4,2,0,,2.0,2026
BLACKPINK,spillover,5,1,2,매출|투어,2.1,
BLACKPINK,spillover,6,2,0,,2.0,2021|2023
BLACKPINK,spillover,7,2,0,,2.0,2025
BLACKPINK,spillover,8,0,0,,1.0,2020|2022
BLACKPINK,spillover,9,0,0,,1.0,2018
BLACKPINK,spillover,10,0,0,,1.0,2019|2023|2026
BLACKPINK,spillover,11,0,0,,1.0,
BLACKPINK,spillover,12,0,0,,1.0,2018|2020
BLACKPINK,spillover,13,0,0,,1.0,2019|2020|2025
BLACKPINK,spillover,14,0,0,,1.0,2017|2023
BLACKPINK,spillover,15,0,0,,1.0,2019|2023
BLACKPINK,spillover,16,1,0,,1.5,
BLACKPINK,spillover,17,0,0,,1.0,2023
BLACKPINK,spillover,18,0,0,,1.0,
BLACKPINK,spillover,19,0,0,,1.0,2026
BLACKPINK,spillover,20,0,0,,1.0,2026
BLACKPINK,spillover,21,0,0,,1.0,2026
BLACKPINK,spillover,22,0,0,,1.0,2025|2026
BLACKPINK,spillover,23,0,0,,1.0,
BLACKPINK,spillover,24,0,0,,1.0,
BLACKPINK,spillover,25,0,0,,1.0,
BLACKPINK,spillover,26,0,0,,1.0,
BLACKPINK,spillover,27,0,0,,1.0,
BLACKPINK,spillover,28,0,0,,1.0,
BLACKPINK,spillover,29,0,0,,1.0,
BLACKPINK,spillover,30,0,0,,1.0,
BLACKPINK,spillover,31,0,0,,1.0,
BLACKPINK,spillover,32,0,0,,1.0,
BLACKPINK,spillover,33,0,0,,1.0,
BLACKPINK,spillover,34,0,0,,1.0,
BLACKPINK,spillover,35,0,0,,1.0,
BLACKPINK,spillover,36,0,0,,1.0,
BLACKPINK,spillover,37,0,0,,1.0,
BLACKPINK,spillover,38,0,0,,1.0,
BLACKPINK,spillover,39,0,0,,1.0,
BLACKPINK,spillover,40,0,0,,1.0,
BLACKPINK,spillover,41,0,0,,1.0,
BLACKPINK,spillover,42,0,0,,1.0,
BLACKPINK,spillover,43,0,0,,1.0,
BLACKPINK,spillover,44,3,1,투어,2.8,2025|2026
BLACKPINK,spillover,45,0,0,,1.0,2026
BLACKPINK,spillover,46,0,1,투어,1.3,
BLACKPINK,spillover,47,0,1,지역,1.3,
BLACKPINK,spillover,48,1,2,브랜드|팝업,2.1,2026
BLACKPINK,spillover,49,0,1,브랜드,1.3,
BLACKPINK,spillover,50,0,0,,1.0,2026
BLACKPINK,spillover,51,2,0,,2.0,2022|2026
BLACKPINK,spillover,52,6,0,,4.0,
BLACKPINK,spillover,53,5,0,,3.5,2026
BLACKPINK,spillover,54,1,0,,1.5,
BLACKPINK,spillover,55,2,0,,2.0,2025
BLACKPINK,spillover,56,2,1,투어,2.3,2026
BLACKPINK,spillover,57,0,2,관광|홍보대사,1.6,2026
BLACKPINK,spillover,58,1,2,관광|앰버서더,2.1,2025
BLACKPINK,spillover,59,0,2,관광|앰버서더,1.6,2026
BLACKPINK,spillover,60,1,1,브랜드,1.8,
BLACKPINK,spillover,61,0,2,관광|앰버서더,1.6,
BLACKPINK,spillover,62,0,0,,1.0,
BLACKPINK,spillover,63,0,0,,1.0,
BLACKPINK,spillover,64,0,0,,1.0,
BLACKPINK,spillover,65,0,0,,1.0,
BLACKPINK,spillover,66,0,0,,1.0,
BLACKPINK,spillover,67,0,0,,1.0,
BLACKPINK,spillover,68,0,0,,1.0,
BLACKPINK,spillover,69,1,0,,1.5,
BLACKPINK,spillover,70,0,0,,1.0,
BLACKPINK,spillover,71,0,0,,1.0,
BLACKPINK,spillover,72,0,0,,1.0,
BLACKPINK,spillover,73,1,0,,1.5,2026
BLACKPINK,spillover,74,2,0,,2.0,2026
BLACKPINK,spillover,75,0,0,,1.0,
BLACKPINK,spillover,76,1,2,투어|콘서트,2.1,2025
BLACKPINK,spillover,77,0,3,앰버서더|브랜드|지역,1.9,
BLACKPINK,spillover,78,0,1,투어,1.3,
BLACKPINK,spillover,79,1,0,,1.5,2022
BLACKPINK,spillover,80,2,0,,2.0,2026
BLACKPINK,spillover,81,2,0,,2.0,2026
BLACKPINK,spillover,82,3,0,,2.5,2019|2020
BLACKPINK,spillover,83,3,1,지역,2.8,
BLACKPINK,spillover,84,0,0,,1.0,
BLACKPINK,spillover,85,7,1,수익,4.8,2024
BLACKPINK,spillover,86,0,0,,1.0,
BLACKPINK,spillover,87,0,0,,1.0,
BLACKPINK,spillover,88,3,1,투어,2.8,2023|2025
BLACKPINK,spillover,89,1,0,,1.5,2026
BLACKPINK,spillover,90,0,1,앰버서더,1.3,
BLACKPINK,spillover,91,0,1,앰버서더,1.3,
BLACKPINK,spillover,92,0,1,앰버서더,1.3,
BLACKPINK,spillover,93,0,1,앰버서더,1.3,
BLACKPINK,spillover,94,1,2,브랜드|홍보대사,2.1,2022
BLACKPINK,spillover,95,1,1,협업,1.8,2022
BLACKPINK,spillover,96,1,1,모델,1.8,2019
BLACKPINK,spillover,97,1,2,모델|투어,2.1,2019
BLACKPINK,spillover,98,2,1,모델,2.3,2019|2021
BLACKPINK,spillover,99,2,1,모델,2.3,2021|2022
BLACKPINK,spillover,100,2,2,모델|지역,2.6,2020|2022
BLACKPINK,spillover,101,1,1,앰버서더,1.8,2022
BLACKPINK,spillover,102,1,1,앰버서더,1.8,2021
BLACKPINK,spillover,103,1,1,모델,1.8,2019
BLACKPINK,spillover,104,3,1,브랜드,2.8,2026
BLACKPINK,spillover,105,0,1,앰버서더,1.3,
BLACKPINK,spillover,106,2,0,,2.0,2026
BLACKPINK,spillover,107,1,0,,1.5,2026
BLACKPINK,spillover,108,2,0,,2.0,2025
BLACKPINK,spillover,109,1,0,,1.5,2026
BLACKPINK,spillover,110,0,0,,1.0,
BLACKPINK,spillover,111,1,0,,1.5,
BLACKPINK,spillover,112,1,2,관광|홍보대사,2.1,2026
BLACKPINK,spillover,113,1,3,매출|관광|지역,2.4,
BLACKPINK,spillover,114,0,1,지역,1.3,
BLACKPINK,spillover,115,0,0,,1.0,
BLACKPINK,spillover,116,0,0,,1.0,
BLACKPINK,spillover,117,1,0,,1.5,
BLACKPINK,spillover,118,1,0,,1.5,
BLACKPINK,spillover,119,2,0,,2.0,2024
BLACKPINK,spillover,120,1,0,,1.5,2023
BLACKPINK,spillover,121,1,0,,1.5,2018
BLACKPINK,spillover,122,0,1,투어,1.3,
BLACKPINK,spillover,123,2,0,,2.0,2025
BLACKPINK,spillover,124,1,1,투어,1.8,2025
BLACKPINK,spillover,125,2,1,투어,2.3,2023
BLACKPINK,spillover,126,2,1,협업,2.3,2024
BLACKPINK,spillover,127,1,0,,1.5,
BLACKPINK,spillover,128,0,0,,1.0,
BLACKPINK,spillover,129,0,2,투어|콘서트,1.6,
BLACKPINK,spillover,130,1,0,,1.5,
BLACKPINK,spillover,131,3,0,,2.5,2022
BLACKPINK,spillover,132,1,0,,1.5,
BLACKPINK,spillover,133,1,1,투어,1.8,2023
BLACKPINK,spillover,134,1,1,콘서트,1.8,2025
IVE,loyalty,0,1,0,,1.5,
IVE,loyalty,1,1,0,,1.5,
IVE,loyalty,2,3,2,1위|밀리언셀러,3.1,
IVE,loyalty,3,1,1,매진,1.8,2023
IVE,loyalty,4,0,1,팬클럽,1.3,
IVE,loyalty,5,0,0,,1.0,
IVE,loyalty,6,1,0,,1.5,
IVE,loyalty,7,2,2,돌파|1위,2.6,
IVE,loyalty,8,1,2,1위|밀리언셀러,2.1,
IVE,loyalty,9,2,0,,2.0,2023
IVE,loyalty,10,0,0,,1.0,2023|2025
IVE,loyalty,11,0,0,,1.0,
IVE,loyalty,12,0,0,,1.0,2023
IVE,loyalty,13,0,0,,1.0,2026
IVE,loyalty,14,0,1,팬클럽,1.3,2025
IVE,loyalty,15,0,0,,1.0,2026
IVE,loyalty,16,1,0,,1.5,2023
IVE,loyalty,17,1,0,,1.5,2024
IVE,loyalty,18,5,1,1위,3.8,
IVE,loyalty,19,0,0,,1.0,
IVE,loyalty,20,0,0,,1.0,
IVE,loyalty,21,3,1,지속,2.8,2023|2024|2026
IVE,loyalty,22,0,0,,1.0,
IVE,loyalty,23,0,0,,1.0,
IVE,loyalty,24,0,0,,1.0,
IVE,loyalty,25,0,0,,1.0,
IVE,loyalty,26,1,0,,1.5,2026
IVE,loyalty,27,3,1,기부,2.8,2025
IVE,loyalty,28,1,1,매진,1.8,2025
IVE,loyalty,29,1,1,팬클럽,1.8,2025
IVE,loyalty,30,5,0,,3.5,2026
IVE,loyalty,31,0,0,,1.0,
IVE,loyalty,32,1,0,,1.5,2024
IVE,loyalty,33,0,0,,1.0,
IVE,loyalty,34,0,0,,1.0,
IVE,loyalty,35,1,0,,1.5,2026
IVE,loyalty,36,1,0,,1.5,2023|2024
IVE,loyalty,37,1,0,,1.5,2024
IVE,spillover,0,1,2,앰버서더|지역,2.1,2023
IVE,spillover,1,2,1,모델,2.3,2023
IVE,spillover,2,0,1,협업,1.3,2024
IVE,spillover,3,0,0,,1.0,2024|2025
IVE,spillover,4,0,0,,1.0,
IVE,spillover,5,1,0,,1.5,
IVE,spillover,6,3,0,,2.5,2024|2025
IVE,spillover,7,1,2,앰버서더|브랜드,2.1,2023
IVE,spillover,8,0,0,,1.0,2025
IVE,spillover,9,0,0,,1.0,2023
IVE,spillover,10,0,0,,1.0,2022|2025|2026
IVE,spillover,11,0,0,,1.0,2024
IVE,spillover,12,0,0,,1.0,2022|2023
IVE,spillover,13,0,0,,1.0,2024|2025
IVE,spillover,14,0,0,,1.0,
IVE,spillover,15,0,0,,1.0,
IVE,spillover,16,0,0,,1.0,
IVE,spillover,17,0,0,,1.0,
IVE,spillover,18,0,3,앰버서더|브랜드|팝업,1.9,
IVE,spillover,19,0,2,앰버서더|브랜드,1.6,
IVE,spillover,20,1,1,투어,1.8,2026
IVE,spillover,21,1,1,투어,1.8,2023
IVE,spillover,22,1,0,,1.5,
IVE,spillover,23,1,0,,1.5,
IVE,spillover,24,2,0,,2.0,2022
IVE,spillover,25,2,0,,2.0,
IVE,spillover,26,0,0,,1.0,
IVE,spillover,27,0,0,,1.0,2025
IVE,spillover,28,0,0,,1.0,
IVE,spillover,29,0,0,,1.0,
IVE,spillover,30,0,0,,1.0,
IVE,spillover,31,2,0,,2.0,
IVE,spillover,32,0,0,,1.0,
IVE,spillover,33,1,0,,1.5,2022
IVE,spillover,34,1,0,,1.5,2025
IVE,spillover,35,1,2,투어|콘서트,2.1,2024
IVE,spillover,36,1,0,,1.5,2025
IVE,spillover,37,0,0,,1.0,2021|2022|2025|2026
IVE,spillover,38,3,0,,2.5,2021|2022|2023
IVE,spillover,39,1,1,홍보대사,1.8,2022
IVE,spillover,40,8,3,매출|모델|브랜드,5.9,
IVE,spillover,41,1,0,,1.5,
IVE,spillover,42,1,2,앰버서더|브랜드,2.1,2023
IVE,spillover,43,1,0,,1.5,2026
IVE,spillover,44,2,3,앰버서더|브랜드|팝업,2.9,2026
IVE,spillover,45,3,1,브랜드,2.8,2026
IVE,spillover,46,1,1,협업,1.8,2026
IVE,spillover,47,3,2,브랜드|소비,3.1,2026
IVE,spillover,48,0,3,앰버서더|브랜드|협업,1.9,2026
IVE,spillover,49,3,0,,2.5,2025|2026
IVE,spillover,50,1,0,,1.5,2026
IVE,spillover,51,1,0,,1.5,2026
IVE,spillover,52,0,0,,1.0,
IVE,spillover,53,0,0,,1.0,
IVE,spillover,54,0,3,앰버서더|모델|브랜드,1.9,
IVE,spillover,55,1,3,앰버서더|팝업|소비,2.4,2025
IVE,spillover,56,1,2,앰버서더|브랜드,2.1,2026
IVE,spillover,57,1,0,,1.5,
IVE,spillover,58,0,1,투어,1.3,
IVE,spillover,59,1,1,투어,1.8,2026
IVE,spillover,60,3,0,,2.5,
IVE,spillover,61,0,2,방문|투어,1.6,
리센느(RESCENE),loyalty,0,2,0,,2.0,2025
리센느(RESCENE),loyalty,1,4,0,,3.0,2025
리센느(RESCENE),loyalty,2,2,1,돌파,2.3,
리센느(RESCENE),loyalty,3,2,0,,2.0,2025
리센느(RESCENE),loyalty,4,0,1,결속,1.3,
리센느(RESCENE),loyalty,5,4,0,,3.0,2024
리센느(RESCENE),loyalty,6,3,0,,2.5,2026
리센느(RESCENE),loyalty,7,2,0,,2.0,2024
리센느(RESCENE),loyalty,8,4,0,,3.0,
리센느(RESCENE),loyalty,9,1,1,돌파,1.8,
리센느(RESCENE),loyalty,10,4,0,,3.0,2026
리센느(RESCENE),loyalty,11,5,3,기부|돌파|지속,4.4,2026
리센느(RESCENE),loyalty,12,0,0,,1.0,2026
리센느(RESCENE),loyalty,13,0,0,,1.0,2025
리센느(RESCENE),loyalty,14,0,0,,1.0,2025|2026
리센느(RESCENE),loyalty,15,1,1,매진,1.8,2025
리센느(RESCENE),loyalty,16,2,2,돌파|확장,2.6,
리센느(RESCENE),loyalty,17,2,0,,2.0,2026
리센느(RESCENE),loyalty,18,2,2,기부|팬클럽,2.6,2026
리센느(RESCENE),loyalty,19,3,1,기부,2.8,
리센느(RESCENE),loyalty,20,1,1,기부,1.8,
리센느(RESCENE),loyalty,21,0,2,기부|팬클럽,1.6,
리센느(RESCENE),loyalty,22,0,0,,1.0,2026
리센느(RESCENE),loyalty,23,0,0,,1.0,
리센느(RESCENE),loyalty,24,1,0,,1.5,2024
리센느(RESCENE),loyalty,25,0,0,,1.0,
리센느(RESCENE),loyalty,26,2,0,,2.0,2026
리센느(RESCENE),loyalty,27,3,1,기부,2.8,2026
리센느(RESCENE),loyalty,28,0,1,기부,1.3,
리센느(RESCENE),loyalty,29,2,1,1위,2.3,2026
리센느(RESCENE),loyalty,30,1,0,,1.5,2026
리센느(RESCENE),spillover,0,0,2,모델|브랜드,1.6,
리센느(RESCENE),spillover,1,1,2,모델|브랜드,2.1,
리센느(RESCENE),spillover,2,0,2,모델|브랜드,1.6,
리센느(RESCENE),spillover,3,0,0,,1.0,
리센느(RESCENE),spillover,4,0,3,관광|지역|홍보대사,1.9,
리센느(RESCENE),spillover,5,3,2,모델|브랜드,3.1,2026
리센느(RESCENE),spillover,6,3,0,,2.5,2026
리센느(RESCENE),spillover,7,5,0,,3.5,2024|2026
리센느(RESCENE),spillover,8,0,2,지자체|홍보대사,1.6,
리센느(RESCENE),spillover,9,6,1,브랜드,4.3,2026
리센느(RESCENE),spillover,10,1,1,홍보대사,1.8,2026
리센느(RESCENE),spillover,11,3,4,모델|브랜드|협업|지역,3.7,2026
리센느(RESCENE),spillover,12,0,0,,1.0,2025|2026
리센느(RESCENE),spillover,13,0,0,,1.0,2026
리센느(RESCENE),spillover,14,0,0,,1.0,2025
리센느(RESCENE),spillover,15,1,4,모델|브랜드|협업|소비,2.7,2026
리센느(RESCENE),spillover,16,0,3,앰버서더|모델|브랜드,1.9,
리센느(RESCENE),spillover,17,2,0,,2.0,2024
리센느(RESCENE),spillover,18,4,0,,3.0,2024
리센느(RESCENE),spillover,19,5,0,,3.5,2026
리센느(RESCENE),spillover,20,2,0,,2.0,2025
리센느(RESCENE),spillover,21,0,0,,1.0,2025
리센느(RESCENE),spillover,22,2,0,,2.0,2025
리센느(RESCENE),spillover,23,0,1,브랜드,1.3,2026
리센느(RESCENE),spillover,24,1,0,,1.5,2026
리센느(RESCENE),spillover,25,3,0,,2.5,2026
리센느(RESCENE),spillover,26,3,0,,2.5,2026
리센느(RESCENE),spillover,27,2,1,홍보대사,2.3,
리센느(RESCENE),spillover,28,0,0,,1.0,
리센느(RESCENE),spillover,29,0,0,,1.0,
리센느(RESCENE),spillover,30,0,0,,1.0,
리센느(RESCENE),spillover,31,1,0,,1.5,2026
리센느(RESCENE),spillover,32,2,2,매출|모델,2.6,
리센느(RESCENE),spillover,33,1,0,,1.5,2026
리센느(RESCENE),spillover,34,1,0,,1.5,2026
리센느(RESCENE),spillover,35,1,0,,1.5,2026
리센느(RESCENE),spillover,36,0,1,홍보대사,1.3,
리센느(RESCENE),spillover,37,0,1,홍보대사,1.3,
리센느(RESCENE),spillover,38,0,1,홍보대사,1.3,
리센느(RESCENE),spillover,39,0,1,홍보대사,1.3,
리센느(RESCENE),spillover,40,1,0,,1.5,2026
리센느(RESCENE),spillover,41,1,1,협업,1.8,2026
리센느(RESCENE),spillover,42,1,0,,1.5,2026
리센느(RESCENE),spillover,43,1,0,,1.5,2026
리센느(RESCENE),spillover,44,7,1,브랜드,4.8,2026
리센느(RESCENE),spillover,45,0,2,모델|협업,1.6,
리센느(RESCENE),spillover,46,1,2,모델|브랜드,2.1,2026
리센느(RESCENE),spillover,47,0,0,,1.0,
리센느(RESCENE),spillover,48,2,0,,2.0,
리센느(RESCENE),spillover,49,0,0,,1.0,
리센느(RESCENE),spillover,50,0,1,모델,1.3,
리센느(RESCENE),spillover,51,5,1,브랜드,3.8,2023|2026
리센느(RESCENE),spillover,52,0,0,,1.0,
리센느(RESCENE),spillover,53,1,0,,1.5,2026
(여자)아이들,loyalty,0,2,1,최초,2.3,2023
(여자)아이들,loyalty,1,1,1,매진,1.8,2022
(여자)아이들,loyalty,2,2,2,돌파|세대,2.6,
(여자)아이들,loyalty,3,0,1,최초,1.3,
(여자)아이들,loyalty,4,2,3,돌파|최초|세대,2.9,2020
(여자)아이들,loyalty,5,1,1,매진,1.8,2019
(여자)아이들,loyalty,6,2,0,,2.0,2020
(여자)아이들,loyalty,7,2,0,,2.0,2022
(여자)아이들,loyalty,8,1,0,,1.5,2026
(여자)아이들,loyalty,9,2,1,매진,2.3,2022
(여자)아이들,loyalty,10,0,1,매진,1.3,
(여자)아이들,loyalty,11,1,1,매진,1.8,2022
(여자)아이들,loyalty,12,0,0,,1.0,
(여자)아이들,loyalty,13,0,0,,1.0,
(여자)아이들,loyalty,14,0,0,,1.0,
(여자)아이들,loyalty,15,0,0,,1.0,
(여자)아이들,loyalty,16,1,2,매진|팬클럽,2.1,
(여자)아이들,loyalty,17,1,0,,1.5,2022
(여자)아이들,loyalty,18,3,1,기부,2.8,2020
(여자)아이들,loyalty,19,0,0,,1.0,2024
(여자)아이들,loyalty,20,1,0,,1.5,
(여자)아이들,loyalty,21,0,1,최초,1.3,2025
(여자)아이들,loyalty,22,0,0,,1.0,2025
(여자)아이들,loyalty,23,0,0,,1.0,2025
(여자)아이들,loyalty,24,0,0,,1.0,
(여자)아이들,loyalty,25,7,1,1위,4.8,
(여자)아이들,loyalty,26,1,0,,1.5,2019
(여자)아이들,loyalty,27,1,0,,1.5,2022
(여자)아이들,loyalty,28,0,0,,1.0,
(여자)아이들,loyalty,29,2,1,기부,2.3,2025
(여자)아이들,loyalty,30,2,1,매진,2.3,2024
(여자)아이들,loyalty,31,1,1,매진,1.8,2026
(여자)아이들,loyalty,32,0,2,창단|팬클럽,1.6,
(여자)아이들,loyalty,33,0,0,,1.0,
(여자)아이들,loyalty,34,2,0,,2.0,2025
(여자)아이들,loyalty,35,0,1,팬클럽,1.3,
(여자)아이들,loyalty,36,0,0,,1.0,
(여자)아이들,loyalty,37,0,0,,1.0,
(여자)아이들,loyalty,38,1,1,1위,1.8,
(여자)아이들,loyalty,39,1,0,,1.5,2026
(여자)아이들,loyalty,40,0,0,,1.0,
(여자)아이들,loyalty,41,2,0,,2.0,2026
(여자)아이들,loyalty,42,0,0,,1.0,
(여자)아이들,spillover,0,1,2,앰버서더|브랜드,2.1,2019
(여자)아이들,spillover,1,1,1,모델,1.8,2023
(여자)아이들,spillover,2,1,0,,1.5,2023
(여자)아이들,spillover,3,3,1,매출,2.8,2022
(여자)아이들,spillover,4,3,1,매출,2.8,2022
(여자)아이들,spillover,5,2,0,,2.0,2022
(여자)아이들,spillover,6,1,1,앰버서더,1.8,2024
(여자)아이들,spillover,7,1,2,앰버서더|브랜드,2.1,2024
(여자)아이들,spillover,8,1,0,,1.5,2024
(여자)아이들,spillover,9,2,1,홍보대사,2.3,2018
(여자)아이들,spillover,10,10,2,매출|투어,6.6,2020|2022
(여자)아이들,spillover,11,2,0,,2.0,2020|2022
(여자)아이들,spillover,12,1,1,협업,1.8,2025
(여자)아이들,spillover,13,1,0,,1.5,2025
(여자)아이들,spillover,14,0,0,,1.0,
(여자)아이들,spillover,15,0,0,,1.0,2021
(여자)아이들,spillover,16,0,0,,1.0,2018
(여자)아이들,spillover,17,0,0,,1.0,
(여자)아이들,spillover,18,0,0,,1.0,
(여자)아이들,spillover,19,0,0,,1.0,
(여자)아이들,spillover,20,1,2,브랜드|소비,2.1,
(여자)아이들,spillover,21,2,1,콘서트,2.3,2022|2023|2025
(여자)아이들,spillover,22,8,0,,5.0,2022|2023|2024|2025
(여자)아이들,spillover,23,2,0,,2.0,2020|2022|2023|2024
(여자)아이들,spillover,24,2,0,,2.0,
(여자)아이들,spillover,25,5,1,지역,3.8,2022
(여자)아이들,spillover,26,4,0,,3.0,2019|2022
(여자)아이들,spillover,27,0,2,앰버서더|브랜드,1.6,2024
(여자)아이들,spillover,28,0,1,브랜드,1.3,2026
(여자)아이들,spillover,29,0,1,앰버서더,1.3,2026
(여자)아이들,spillover,30,0,0,,1.0,2024
(여자)아이들,spillover,31,0,1,브랜드,1.3,2026
(여자)아이들,spillover,32,0,2,모델|브랜드,1.6,
(여자)아이들,spillover,33,0,0,,1.0,2025
(여자)아이들,spillover,34,0,0,,1.0,
(여자)아이들,spillover,35,1,1,콘서트,1.8,2024
(여자)아이들,spillover,36,0,0,,1.0,
(여자)아이들,spillover,37,0,0,,1.0,
(여자)아이들,spillover,38,2,0,,2.0,2019
(여자)아이들,spillover,39,1,1,콘서트,1.8,2024
(여자)아이들,spillover,40,0,0,,1.0,
(여자)아이들,spillover,41,0,1,콘서트,1.3,
(여자)아이들,spillover,42,1,0,,1.5,2019
(여자)아이들,spillover,43,1,0,,1.5,2018
(여자)아이들,spillover,44,2,0,,2.0,2019
(여자)아이들,spillover,45,1,0,,1.5,2019
(여자)아이들,spillover,46,1,0,,1.5,
(여자)아이들,spillover,47,3,0,,2.5,2022
(여자)아이들,spillover,48,1,0,,1.5,2021
(여자)아이들,spillover,49,1,0,,1.5,2023
(여자)아이들,spillover,50,1,0,,1.5,2025
(여자)아이들,spillover,51,3,0,,2.5,2025
(여자)아이들,spillover,52,0,0,,1.0,
(여자)아이들,spillover,53,1,0,,1.5,
(여자)아이들,spillover,54,0,1,모델,1.3,
(여자)아이들,spillover,55,1,1,협업,1.8,2025
(여자)아이들,spillover,56,2,0,,2.0,2026
(여자)아이들,spillover,57,1,1,콘서트,1.8,2025
(여자)아이들,spillover,58,1,2,관광|지역,2.1,2025
(여자)아이들,spillover,59,1,0,,1.5,2026
(여자)아이들,spillover,60,0,0,,1.0,
(여자)아이들,spillover,61,0,0,,1.0,
(여자)아이들,spillover,62,0,0,,1.0,
(여자)아이들,spillover,63,0,0,,1.0,
(여자)아이들,spillover,64,0,0,,1.0,
(여자)아이들,spillover,65,0,1,관광,1.3,
(여자)아이들,spillover,66,0,1,관광,1.3,
(여자)아이들,spillover,67,0,0,,1.0,
(여자)아이들,spillover,68,0,0,,1.0,
(여자)아이들,spillover,69,2,0,,2.0,
(여자)아이들,spillover,70,2,0,,2.0,
(여자)아이들,spillover,71,1,1,투어,1.8,2024
(여자)아이들,spillover,72,2,0,,2.0,2018|2023
(여자)아이들,spillover,73,1,1,투어,1.8,2022
(여자)아이들,spillover,74,0,1,투어,1.3,
TWICE,loyalty,0,2,0,,2.0,2022
TWICE,loyalty,1,2,0,,2.0,2023
TWICE,loyalty,2,3,1,매진,2.8,2019
TWICE,loyalty,3,0,2,매진|최초,1.6,
TWICE,loyalty,4,2,0,,2.0,
TWICE,loyalty,5,2,0,,2.0,2023
TWICE,loyalty,6,1,0,,1.5,2023
TWICE,loyalty,7,1,2,돌파|최초,2.1,
TWICE,loyalty,8,3,0,,2.5,2019
TWICE,loyalty,9,2,0,,2.0,2022
TWICE,loyalty,10,4,1,1위,3.3,2017|2020
TWICE,loyalty,11,2,0,,2.0,
TWICE,loyalty,12,0,0,,1.0,2015|2025
TWICE,loyalty,13,0,0,,1.0,2024
TWICE,loyalty,14,0,0,,1.0,2025
TWICE,loyalty,15,0,0,,1.0,2025
TWICE,loyalty,16,0,0,,1.0,
TWICE,loyalty,17,2,1,팬클럽,2.3,2025
TWICE,loyalty,18,0,0,,1.0,
TWICE,loyalty,19,0,0,,1.0,
TWICE,loyalty,20,0,0,,1.0,
TWICE,loyalty,21,0,0,,1.0,
TWICE,loyalty,22,0,0,,1.0,
TWICE,loyalty,23,0,0,,1.0,
TWICE,loyalty,24,2,3,출범|지속|팬클럽,2.9,2017|2025
TWICE,loyalty,25,2,0,,2.0,2023
TWICE,loyalty,26,1,0,,1.5,
TWICE,loyalty,27,1,0,,1.5,2023
TWICE,loyalty,28,1,0,,1.5,2021
TWICE,loyalty,29,1,0,,1.5,2025
TWICE,loyalty,30,2,0,,2.0,
TWICE,loyalty,31,2,0,,2.0,2025
TWICE,loyalty,32,5,1,기부,3.8,2020|2023|2025|2026
TWICE,loyalty,33,2,1,기부,2.3,2018
TWICE,loyalty,34,1,2,기부|팬클럽,2.1,2016
TWICE,loyalty,35,1,0,,1.5,
TWICE,loyalty,36,0,0,,1.0,2025
TWICE,loyalty,37,1,0,,1.5,
TWICE,loyalty,38,0,1,최초,1.3,
TWICE,loyalty,39,1,0,,1.5,2026
TWICE,loyalty,40,0,0,,1.0,
TWICE,loyalty,41,1,0,,1.5,2025
TWICE,loyalty,42,0,0,,1.0,2024
TWICE,loyalty,43,3,1,매진,2.8,2025
TWICE,loyalty,44,0,0,,1.0,
TWICE,loyalty,45,0,0,,1.0,
TWICE,loyalty,46,0,0,,1.0,
TWICE,loyalty,47,0,0,,1.0,
TWICE,loyalty,48,0,0,,1.0,
TWICE,loyalty,49,0,0,,1.0,
TWICE,loyalty,50,1,1,돌파,1.8,
TWICE,loyalty,51,2,0,,2.0,
TWICE,loyalty,52,3,1,최초,2.8,
TWICE,loyalty,53,1,1,매진,1.8,2025
TWICE,loyalty,54,1,0,,1.5,2025
TWICE,loyalty,55,0,0,,1.0,
TWICE,loyalty,56,0,0,,1.0,
TWICE,loyalty,57,0,1,매진,1.3,
TWICE,loyalty,58,1,0,,1.5,
TWICE,loyalty,59,2,1,기부,2.3,2023
TWICE,loyalty,60,3,1,기부,2.8,2025
TWICE,loyalty,61,0,1,기부,1.3,
TWICE,loyalty,62,3,0,,2.5,2024|2026
TWICE,loyalty,63,0,0,,1.0,
TWICE,loyalty,64,0,1,지속,1.3,
TWICE,loyalty,65,1,0,,1.5,
TWICE,loyalty,66,2,0,,2.0,2016
TWICE,loyalty,67,0,0,,1.0,
TWICE,loyalty,68,0,0,,1.0,
TWICE,loyalty,69,0,0,,1.0,
TWICE,loyalty,70,3,0,,2.5,2015
TWICE,spillover,0,0,2,모델|브랜드,1.6,
TWICE,spillover,1,0,2,모델|브랜드,1.6,
TWICE,spillover,2,0,1,협업,1.3,
TWICE,spillover,3,0,0,,1.0,
TWICE,spillover,4,1,0,,1.5,2021
TWICE,spillover,5,0,0,,1.0,2024
TWICE,spillover,6,1,0,,1.5,2017
TWICE,spillover,7,0,0,,1.0,
TWICE,spillover,8,4,3,모델|브랜드|수익,3.9,2015|2017
TWICE,spillover,9,2,0,,2.0,
TWICE,spillover,10,5,0,,3.5,2022|2024
TWICE,spillover,11,10,2,앰버서더|브랜드,6.6,2017|2019|2021|2022
TWICE,spillover,12,0,0,,1.0,
TWICE,spillover,13,0,0,,1.0,
TWICE,spillover,14,0,0,,1.0,
TWICE,spillover,15,0,0,,1.0,2025
TWICE,spillover,16,1,0,,1.5,2026
TWICE,spillover,17,6,0,,4.0,2024
TWICE,spillover,18,1,2,앰버서더|브랜드,2.1,2025
TWICE,spillover,19,3,1,투어,2.8,2025
TWICE,spillover,20,0,0,,1.0,2026
TWICE,spillover,21,0,0,,1.0,
TWICE,spillover,22,0,0,,1.0,
TWICE,spillover,23,0,0,,1.0,
TWICE,spillover,24,0,0,,1.0,2015|2025
TWICE,spillover,25,0,0,,1.0,
TWICE,spillover,26,0,0,,1.0,
TWICE,spillover,27,0,0,,1.0,
TWICE,spillover,28,0,0,,1.0,
TWICE,spillover,29,0,0,,1.0,
TWICE,spillover,30,0,0,,1.0,
TWICE,spillover,31,0,0,,1.0,2025
TWICE,spillover,32,0,3,앰버서더|브랜드|협업,1.9,
TWICE,spillover,33,0,0,,1.0,
TWICE,spillover,34,2,3,경제효과|관광|콘서트,2.9,2023
TWICE,spillover,35,0,0,,1.0,
TWICE,spillover,36,3,0,,2.5,2025
TWICE,spillover,37,4,0,,3.0,
TWICE,spillover,38,0,0,,1.0,
TWICE,spillover,39,11,2,수익|투어,7.1,
TWICE,spillover,40,3,0,,2.5,
TWICE,spillover,41,3,0,,2.5,
TWICE,spillover,42,1,0,,1.5,
TWICE,spillover,43,0,2,앰버서더|브랜드,1.6,
TWICE,spillover,44,0,2,앰버서더|브랜드,1.6,2022
TWICE,spillover,45,0,0,,1.0,2025
TWICE,spillover,46,0,1,앰버서더,1.3,2026
TWICE,spillover,47,0,3,앰버서더|브랜드|지역,1.9,2023
TWICE,spillover,48,0,1,앰버서더,1.3,2023
TWICE,spillover,49,0,0,,1.0,2025
TWICE,spillover,50,0,0,,1.0,
TWICE,spillover,51,0,2,모델|브랜드,1.6,
TWICE,spillover,52,0,0,,1.0,
TWICE,spillover,53,1,1,브랜드,1.8,2024
TWICE,spillover,54,1,2,앰버서더|브랜드,2.1,2023
TWICE,spillover,55,0,0,,1.0,
TWICE,spillover,56,0,0,,1.0,
TWICE,spillover,57,0,0,,1.0,
TWICE,spillover,58,0,0,,1.0,2015
TWICE,spillover,59,0,0,,1.0,2021
TWICE,spillover,60,0,0,,1.0,2016
TWICE,spillover,61,0,1,방문,1.3,
TWICE,spillover,62,4,0,,3.0,2017
TWICE,spillover,63,3,0,,2.5,2018
TWICE,spillover,64,4,0,,3.0,2019
TWICE,spillover,65,1,0,,1.5,2018
TWICE,spillover,66,2,0,,2.0,2019
TWICE,spillover,67,1,0,,1.5,2019
TWICE,spillover,68,3,0,,2.5,2023
TWICE,spillover,69,1,0,,1.5,2024
TWICE,spillover,70,1,0,,1.5,2024
TWICE,spillover,71,3,0,,2.5,2025
TWICE,spillover,72,2,0,,2.0,2025
TWICE,spillover,73,2,0,,2.0,2025
TWICE,spillover,74,1,0,,1.5,
TWICE,spillover,75,5,0,,3.5,2021|2023|2024|2026
TWICE,spillover,76,1,1,방문,1.8,2022
TWICE,spillover,77,1,1,콘서트,1.8,2024
TWICE,spillover,78,2,0,,2.0,2017
TWICE,spillover,79,3,0,,2.5,2017
TWICE,spillover,80,6,0,,4.0,2016|2021
TWICE,spillover,81,2,2,매출|브랜드,2.6,2026
TWICE,spillover,82,7,3,매출|수익|콘서트,5.4,2022
TWICE,spillover,83,6,2,수익|투어,4.6,
TWICE,spillover,84,0,0,,1.0,2015|2025
TWICE,spillover,85,1,1,모델,1.8,2015
TWICE,spillover,86,4,1,모델,3.3,2015|2016|2017|2018
TWICE,spillover,87,2,1,협업,2.3,2016|2018
TWICE,spillover,88,1,2,모델|협업,2.1,2023
TWICE,spillover,89,1,1,앰버서더,1.8,2025
TWICE,spillover,90,1,1,모델,1.8,2017
TWICE,spillover,91,4,3,앰버서더|모델|브랜드,3.9,2025|2026
TWICE,spillover,92,1,1,협업,1.8,2026
TWICE,spillover,93,4,0,,3.0,2025|2026
TWICE,spillover,94,1,0,,1.5,2025
TWICE,spillover,95,0,0,,1.0,
TWICE,spillover,96,1,2,브랜드|협업,2.1,2026
TWICE,spillover,97,1,1,모델,1.8,2016
TWICE,spillover,98,2,1,브랜드,2.3,2022|2023
TWICE,spillover,99,2,4,매출|앰버서더|모델|브랜드,3.2,2024
TWICE,spillover,100,1,2,모델|브랜드,2.1,2021
TWICE,spillover,101,1,0,,1.5,2026
TWICE,spillover,102,0,0,,1.0,
TWICE,spillover,103,0,1,콘서트,1.3,
TWICE,spillover,104,0,0,,1.0,
TWICE,spillover,105,1,0,,1.5,2016
TWICE,spillover,106,0,1,콘서트,1.3,
TWICE,spillover,107,1,1,지역,1.8,2016
TWICE,spillover,108,1,2,앰버서더|브랜드,2.1,
TWICE,spillover,109,0,0,,1.0,
TWICE,spillover,110,0,0,,1.0,
TWICE,spillover,111,1,0,,1.5,
TWICE,spillover,112,1,1,앰버서더,1.8,2024
TWICE,spillover,113,2,2,앰버서더|브랜드,2.6,2024|2025
TWICE,spillover,114,2,2,앰버서더|브랜드,2.6,2026
TWICE,spillover,115,0,0,,1.0,
TWICE,spillover,116,0,0,,1.0,
TWICE,spillover,117,1,1,투어,1.8,2025
TWICE,spillover,118,0,0,,1.0,
TWICE,spillover,119,1,1,콘서트,1.8,2026
ITZY,loyalty,0,1,2,최초|밀리언셀러,2.1,2022
ITZY,loyalty,1,0,1,밀리언셀러,1.3,
ITZY,loyalty,2,3,1,1위,2.8,2021
ITZY,loyalty,3,0,0,,1.0,
ITZY,loyalty,4,1,1,최초,1.8,2019
ITZY,loyalty,5,1,2,돌파|최초,2.1,2022
ITZY,loyalty,6,1,0,,1.5,
ITZY,loyalty,7,2,0,,2.0,2021
ITZY,loyalty,8,1,0,,1.5,2024
ITZY,loyalty,9,1,0,,1.5,2022|2023
ITZY,loyalty,10,0,0,,1.0,2019
ITZY,loyalty,11,0,0,,1.0,
ITZY,loyalty,12,0,0,,1.0,2024
ITZY,loyalty,13,1,1,매진,1.8,2025
ITZY,loyalty,14,0,0,,1.0,
ITZY,loyalty,15,0,0,,1.0,
ITZY,loyalty,16,0,0,,1.0,
ITZY,loyalty,17,1,0,,1.5,2023
ITZY,loyalty,18,1,1,지속,1.8,2022|2023
ITZY,loyalty,19,0,1,매진,1.3,
ITZY,loyalty,20,0,1,매진,1.3,
ITZY,loyalty,21,0,0,,1.0,
ITZY,loyalty,22,0,0,,1.0,
ITZY,loyalty,23,0,0,,1.0,
ITZY,loyalty,24,0,0,,1.0,
ITZY,loyalty,25,0,0,,1.0,
ITZY,loyalty,26,2,1,돌파,2.3,
ITZY,loyalty,27,2,1,1위,2.3,2026
ITZY,loyalty,28,1,0,,1.5,2024
ITZY,loyalty,29,1,0,,1.5,2023
ITZY,loyalty,30,0,0,,1.0,
ITZY,loyalty,31,1,0,,1.5,2024
ITZY,loyalty,32,1,0,,1.5,2022|2023
ITZY,loyalty,33,1,0,,1.5,2024
ITZY,loyalty,34,4,0,,3.0,2022|2023|2024|2025
ITZY,loyalty,35,1,1,매진,1.8,2026
ITZY,loyalty,36,0,0,,1.0,
ITZY,loyalty,37,0,0,,1.0,
ITZY,loyalty,38,1,0,,1.5,2026
ITZY,loyalty,39,1,0,,1.5,2026
ITZY,loyalty,40,0,0,,1.0,
ITZY,spillover,0,0,0,,1.0,
ITZY,spillover,1,0,2,모델|브랜드,1.6,
ITZY,spillover,2,1,2,지역|투어,2.1,2024
ITZY,spillover,3,1,1,투어,1.8,2026
ITZY,spillover,4,1,0,,1.5,2025
ITZY,spillover,5,1,0,,1.5,
ITZY,spillover,6,1,0,,1.5,
ITZY,spillover,7,1,0,,1.5,
ITZY,spillover,8,0,0,,1.0,
ITZY,spillover,9,1,0,,1.5,2019
ITZY,spillover,10,0,0,,1.0,2018
ITZY,spillover,11,0,0,,1.0,2022
ITZY,spillover,12,0,0,,1.0,
ITZY,spillover,13,0,0,,1.0,
ITZY,spillover,14,0,1,투어,1.3,2024
ITZY,spillover,15,1,2,모델|브랜드,2.1,2022
ITZY,spillover,16,1,1,협업,1.8,2022
ITZY,spillover,17,0,0,,1.0,
ITZY,spillover,18,0,0,,1.0,
ITZY,spillover,19,0,0,,1.0,
ITZY,spillover,20,0,0,,1.0,
ITZY,spillover,21,0,0,,1.0,
ITZY,spillover,22,0,0,,1.0,
ITZY,spillover,23,0,0,,1.0,
ITZY,spillover,24,0,2,콘서트|소비,1.6,
ITZY,spillover,25,11,0,,6.5,2021|2022|2023|2024
ITZY,spillover,26,0,0,,1.0,
ITZY,spillover,27,0,0,,1.0,
ITZY,spillover,28,0,0,,1.0,2023
ITZY,spillover,29,1,0,,1.5,
ITZY,spillover,30,0,0,,1.0,
ITZY,spillover,31,4,1,콘서트,3.3,2024
ITZY,spillover,32,0,0,,1.0,
ITZY,spillover,33,0,0,,1.0,
ITZY,spillover,34,1,0,,1.5,2026
ITZY,spillover,35,0,0,,1.0,
ITZY,spillover,36,0,0,,1.0,
ITZY,spillover,37,2,0,,2.0,2021
ITZY,spillover,38,1,0,,1.5,2023
ITZY,spillover,39,0,0,,1.0,2020|2022|2023
ITZY,spillover,40,2,0,,2.0,
ITZY,spillover,41,1,0,,1.5,2025
ITZY,spillover,42,1,2,관광|홍보대사,2.1,2020
ITZY,spillover,43,1,1,투어,1.8,2024
ITZY,spillover,44,0,2,앰버서더|브랜드,1.6,
ITZY,spillover,45,1,0,,1.5,2019
ITZY,spillover,46,2,0,,2.0,2020|2022
ITZY,spillover,47,1,0,,1.5,2023
ITZY,spillover,48,1,0,,1.5,2025
ITZY,spillover,49,1,2,모델|브랜드,2.1,2025
ITZY,spillover,50,2,1,모델,2.3,2024
ITZY,spillover,51,1,1,모델,1.8,2023
ITZY,spillover,52,0,2,모델|브랜드,1.6,
ITZY,spillover,53,1,1,투어,1.8,2026
ITZY,spillover,54,1,0,,1.5,2025
ITZY,spillover,55,2,0,,2.0,2017|2026
ITZY,spillover,56,0,0,,1.0,
ITZY,spillover,57,0,0,,1.0,
ITZY,spillover,58,0,0,,1.0,
ITZY,spillover,59,1,0,,1.5,
ITZY,spillover,60,1,1,투어,1.8,2024
ITZY,spillover,61,0,0,,1.0,
ITZY,spillover,62,1,1,투어,1.8,2026
ITZY,spillover,63,1,1,투어,1.8,2024
ITZY,spillover,64,1,1,투어,1.8,2024
ITZY,spillover,65,1,1,투어,1.8,2024
LE SSERAFIM,loyalty,0,1,1,돌파,1.8,
LE SSERAFIM,loyalty,1,1,2,최초|밀리언셀러,2.1,
LE SSERAFIM,loyalty,2,0,0,,1.0,
LE SSERAFIM,loyalty,3,2,1,1위,2.3,
LE SSERAFIM,loyalty,4,0,1,최초,1.3,
LE SSERAFIM,loyalty,5,2,0,,2.0,
LE SSERAFIM,loyalty,6,1,2,돌파|최초,2.1,2022
LE SSERAFIM,loyalty,7,1,0,,1.5,2026
LE SSERAFIM,loyalty,8,1,0,,1.5,2023
LE SSERAFIM,loyalty,9,2,1,1위,2.3,2023
LE SSERAFIM,loyalty,10,0,0,,1.0,
LE SSERAFIM,loyalty,11,0,0,,1.0,2025
LE SSERAFIM,loyalty,12,0,0,,1.0,
LE SSERAFIM,loyalty,13,0,0,,1.0,2026
LE SSERAFIM,loyalty,14,0,0,,1.0,
LE SSERAFIM,loyalty,15,0,0,,1.0,
LE SSERAFIM,loyalty,16,0,1,결속,1.3,
LE SSERAFIM,loyalty,17,2,0,,2.0,2026
LE SSERAFIM,loyalty,18,2,0,,2.0,2025
LE SSERAFIM,loyalty,19,0,1,팬클럽,1.3,
LE SSERAFIM,loyalty,20,0,1,매진,1.3,2025
LE SSERAFIM,loyalty,21,0,0,,1.0,
LE SSERAFIM,loyalty,22,1,0,,1.5,
LE SSERAFIM,loyalty,23,0,0,,1.0,
LE SSERAFIM,loyalty,24,0,0,,1.0,
LE SSERAFIM,loyalty,25,0,0,,1.0,
LE SSERAFIM,loyalty,26,0,0,,1.0,
LE SSERAFIM,loyalty,27,0,0,,1.0,
LE SSERAFIM,loyalty,28,1,1,돌파,1.8,
LE SSERAFIM,loyalty,29,1,0,,1.5,2025
LE SSERAFIM,loyalty,30,1,0,,1.5,2026
LE SSERAFIM,loyalty,31,0,0,,1.0,
LE SSERAFIM,loyalty,32,1,0,,1.5,2025
LE SSERAFIM,loyalty,33,2,0,,2.0,2026
LE SSERAFIM,loyalty,34,2,1,팬클럽,2.3,2024
LE SSERAFIM,loyalty,35,1,0,,1.5,2024
LE SSERAFIM,loyalty,36,2,0,,2.0,2026
LE SSERAFIM,loyalty,37,1,1,팬클럽,1.8,2024
LE SSERAFIM,loyalty,38,0,0,,1.0,
LE SSERAFIM,loyalty,39,0,0,,1.0,
LE SSERAFIM,loyalty,40,0,0,,1.0,
LE SSERAFIM,loyalty,41,0,0,,1.0,
LE SSERAFIM,loyalty,42,1,0,,1.5,2026
LE SSERAFIM,loyalty,43,0,0,,1.0,
LE SSERAFIM,spillover,0,0,1,앰버서더,1.3,
LE SSERAFIM,spillover,1,0,2,앰버서더|브랜드,1.6,
LE SSERAFIM,spillover,2,0,2,협업|소비,1.6,
LE SSERAFIM,spillover,3,2,0,,2.0,2025
LE SSERAFIM,spillover,4,2,1,투어,2.3,2026
LE SSERAFIM,spillover,5,1,0,,1.5,
LE SSERAFIM,spillover,6,1,0,,1.5,2023
LE SSERAFIM,spillover,7,1,1,앰버서더,1.8,2023
LE SSERAFIM,spillover,8,1,1,앰버서더,1.8,2024
LE SSERAFIM,spillover,9,1,0,,1.5,2024
LE SSERAFIM,spillover,10,0,0,,1.0,2023
LE SSERAFIM,spillover,11,0,0,,1.0,2023|2024|2025
LE SSERAFIM,spillover,12,0,0,,1.0,2024
LE SSERAFIM,spillover,13,0,0,,1.0,2025
LE SSERAFIM,spillover,14,1,1,앰버서더,1.8,2023
LE SSERAFIM,spillover,15,1,1,앰버서더,1.8,2024
LE SSERAFIM,spillover,16,1,1,모델,1.8,2024
LE SSERAFIM,spillover,17,1,1,앰버서더,1.8,2024
LE SSERAFIM,spillover,18,2,0,,2.0,2024
LE SSERAFIM,spillover,19,1,1,협업,1.8,2025
LE SSERAFIM,spillover,20,0,0,,1.0,
LE SSERAFIM,spillover,21,0,0,,1.0,
LE SSERAFIM,spillover,22,0,0,,1.0,
LE SSERAFIM,spillover,23,0,0,,1.0,
LE SSERAFIM,spillover,24,0,0,,1.0,
LE SSERAFIM,spillover,25,0,0,,1.0,2023
LE SSERAFIM,spillover,26,0,0,,1.0,2023
LE SSERAFIM,spillover,27,0,0,,1.0,
LE SSERAFIM,spillover,28,0,0,,1.0,
LE SSERAFIM,spillover,29,0,0,,1.0,
LE SSERAFIM,spillover,30,1,3,앰버서더|브랜드|협업,2.4,2026
LE SSERAFIM,spillover,31,0,2,브랜드|협업,1.6,
LE SSERAFIM,spillover,32,1,1,앰버서더,1.8,2023
LE SSERAFIM,spillover,33,0,1,앰버서더,1.3,
LE SSERAFIM,spillover,34,1,0,,1.5,2024
LE SSERAFIM,spillover,35,0,1,투어,1.3,
LE SSERAFIM,spillover,36,6,0,,4.0,
LE SSERAFIM,spillover,37,8,0,,5.0,
LE SSERAFIM,spillover,38,4,0,,3.0,
LE SSERAFIM,spillover,39,0,1,투어,1.3,
LE SSERAFIM,spillover,40,0,0,,1.0,
LE SSERAFIM,spillover,41,0,0,,1.0,
LE SSERAFIM,spillover,42,0,1,앰버서더,1.3,2026
LE SSERAFIM,spillover,43,0,1,앰버서더,1.3,
LE SSERAFIM,spillover,44,0,0,,1.0,
LE SSERAFIM,spillover,45,1,1,모델,1.8,
LE SSERAFIM,spillover,46,0,0,,1.0,
LE SSERAFIM,spillover,47,0,0,,1.0,
LE SSERAFIM,spillover,48,0,0,,1.0,
LE SSERAFIM,spillover,49,0,0,,1.0,
LE SSERAFIM,spillover,50,0,0,,1.0,
LE SSERAFIM,spillover,51,0,0,,1.0,2023
LE SSERAFIM,spillover,52,0,0,,1.0,
LE SSERAFIM,spillover,53,0,0,,1.0,
LE SSERAFIM,spillover,54,0,0,,1.0,
LE SSERAFIM,spillover,55,0,0,,1.0,
LE SSERAFIM,spillover,56,0,0,,1.0,
LE SSERAFIM,spillover,57,1,0,,1.5,
LE SSERAFIM,spillover,58,0,0,,1.0,
LE SSERAFIM,spillover,59,1,1,투어,1.8,2026
LE SSERAFIM,spillover,60,1,1,지역,1.8,
LE SSERAFIM,spillover,61,0,0,,1.0,
LE SSERAFIM,spillover,62,0,0,,1.0,2022
LE SSERAFIM,spillover,63,0,0,,1.0,2022|2023
LE SSERAFIM,spillover,64,0,0,,1.0,2022
LE SSERAFIM,spillover,65,1,0,,1.5,2025
LE SSERAFIM,spillover,66,1,0,,1.5,2026
LE SSERAFIM,spillover,67,1,0,,1.5,
LE SSERAFIM,spillover,68,6,0,,4.0,2021|2022|2026
LE SSERAFIM,spillover,69,1,1,콘서트,1.8,2026
LE SSERAFIM,spillover,70,0,0,,1.0,
LE SSERAFIM,spillover,71,0,0,,1.0,
LE SSERAFIM,spillover,72,1,2,모델|브랜드,2.1,2022
LE SSERAFIM,spillover,73,1,2,모델|브랜드,2.1,2024
LE SSERAFIM,spillover,74,1,2,모델|브랜드,2.1,2024
LE SSERAFIM,spillover,75,1,1,모델,1.8,2026
LE SSERAFIM,spillover,76,1,0,,1.5,2024
LE SSERAFIM,spillover,77,1,1,브랜드,1.8,2025|2026
LE SSERAFIM,spillover,78,1,1,콘서트,1.8,2026
LE SSERAFIM,spillover,79,1,0,,1.5,2026
LE SSERAFIM,spillover,80,1,0,,1.5,2026
LE SSERAFIM,spillover,81,1,0,,1.5,2026
LE SSERAFIM,spillover,82,1,2,앰버서더|브랜드,2.1,2026
LE SSERAFIM,spillover,83,0,0,,1.0,
LE SSERAFIM,spillover,84,0,0,,1.0,
LE SSERAFIM,spillover,85,0,0,,1.0,
LE SSERAFIM,spillover,86,0,2,모델|브랜드,1.6,
LE SSERAFIM,spillover,87,3,0,,2.5,
LE SSERAFIM,spillover,88,0,0,,1.0,
LE SSERAFIM,spillover,89,0,0,,1.0,
LE SSERAFIM,spillover,90,1,0,,1.5,2024
LE SSERAFIM,spillover,91,0,1,협업,1.3,
LE SSERAFIM,spillover,92,1,0,,1.5,
LE SSERAFIM,spillover,93,2,0,,2.0,
LE SSERAFIM,spillover,94,1,1,협업,1.8,2026
LE SSERAFIM,spillover,95,0,1,협업,1.3,
LE SSERAFIM,spillover,96,1,2,투어|콘서트,2.1,2026
LE SSERAFIM,spillover,97,0,0,,1.0,
LE SSERAFIM,spillover,98,0,0,,1.0,
aespa,loyalty,0,2,1,최초,2.3,2022
aespa,loyalty,1,1,0,,1.5,2023
aespa,loyalty,2,2,1,매진,2.3,2023
aespa,loyalty,3,1,2,최초|세대,2.1,2023
aespa,loyalty,4,2,1,1위,2.3,
aespa,loyalty,5,2,0,,2.0,2022
aespa,loyalty,6,3,0,,2.5,2023
aespa,loyalty,7,3,0,,2.5,2021|2023
aespa,loyalty,8,1,0,,1.5,
aespa,loyalty,9,2,0,,2.0,
aespa,loyalty,10,0,0,,1.0,2025
aespa,loyalty,11,0,0,,1.0,
aespa,loyalty,12,0,0,,1.0,2022|2023
aespa,loyalty,13,0,0,,1.0,2026
aespa,loyalty,14,0,0,,1.0,
aespa,loyalty,15,0,1,팬클럽,1.3,
aespa,loyalty,16,3,2,1위|신기록,3.1,
aespa,loyalty,17,1,0,,1.5,2026
aespa,loyalty,18,2,3,돌파|매진|팬클럽,2.9,2026
aespa,loyalty,19,1,0,,1.5,2025
aespa,loyalty,20,0,0,,1.0,
aespa,loyalty,21,0,0,,1.0,2026
aespa,loyalty,22,0,0,,1.0,
aespa,loyalty,23,0,0,,1.0,
aespa,loyalty,24,0,1,최초,1.3,2023
aespa,loyalty,25,0,0,,1.0,
aespa,loyalty,26,0,0,,1.0,
aespa,loyalty,27,0,0,,1.0,2025
aespa,loyalty,28,0,0,,1.0,
aespa,loyalty,29,1,1,최초,1.8,2026
aespa,loyalty,30,0,0,,1.0,
aespa,loyalty,31,0,0,,1.0,
aespa,loyalty,32,0,0,,1.0,
aespa,loyalty,33,0,0,,1.0,
aespa,loyalty,34,0,0,,1.0,
aespa,loyalty,35,0,0,,1.0,
aespa,loyalty,36,0,1,매진,1.3,
aespa,loyalty,37,0,1,매진,1.3,
aespa,loyalty,38,2,0,,2.0,
aespa,loyalty,39,1,0,,1.5,2024
aespa,loyalty,40,1,0,,1.5,2023
aespa,loyalty,41,0,0,,1.0,
aespa,loyalty,42,0,0,,1.0,
aespa,loyalty,43,1,0,,1.5,
aespa,loyalty,44,1,3,기부|최초|팬클럽,2.4,2023
aespa,loyalty,45,1,3,기부|확장|팬클럽,2.4,2025
aespa,loyalty,46,0,1,기부,1.3,
aespa,loyalty,47,1,1,매진,1.8,
aespa,loyalty,48,0,0,,1.0,
aespa,loyalty,49,0,0,,1.0,
aespa,loyalty,50,0,0,,1.0,
aespa,loyalty,51,3,0,,2.5,2026
aespa,loyalty,52,1,0,,1.5,2020
aespa,loyalty,53,1,0,,1.5,2026
aespa,loyalty,54,1,0,,1.5,2023
aespa,spillover,0,0,2,앰버서더|브랜드,1.6,
aespa,spillover,1,0,2,모델|브랜드,1.6,
aespa,spillover,2,0,2,수익|콘서트,1.6,
aespa,spillover,3,2,0,,2.0,2025
aespa,spillover,4,1,0,,1.5,
aespa,spillover,5,1,0,,1.5,2021
aespa,spillover,6,1,0,,1.5,2022
aespa,spillover,7,1,0,,1.5,2023
aespa,spillover,8,1,0,,1.5,2024
aespa,spillover,9,1,0,,1.5,2024
aespa,spillover,10,0,0,,1.0,2021|2023
aespa,spillover,11,0,0,,1.0,2021|2022|2024|2025
aespa,spillover,12,0,0,,1.0,
aespa,spillover,13,0,0,,1.0,
aespa,spillover,14,0,0,,1.0,2025
aespa,spillover,15,0,0,,1.0,
aespa,spillover,16,0,0,,1.0,2025
aespa,spillover,17,0,0,,1.0,
aespa,spillover,18,0,0,,1.0,
aespa,spillover,19,0,0,,1.0,2026
aespa,spillover,20,0,0,,1.0,
aespa,spillover,21,0,0,,1.0,2025
aespa,spillover,22,0,0,,1.0,
aespa,spillover,23,0,2,앰버서더|브랜드,1.6,
aespa,spillover,24,0,1,브랜드,1.3,
aespa,spillover,25,0,2,앰버서더|브랜드,1.6,
aespa,spillover,26,0,1,모델,1.3,
aespa,spillover,27,3,2,콘서트|소비,3.1,2023
aespa,spillover,28,12,0,,7.0,2021|2022|2023
aespa,spillover,29,0,0,,1.0,
aespa,spillover,30,0,0,,1.0,
aespa,spillover,31,0,0,,1.0,
aespa,spillover,32,0,0,,1.0,
aespa,spillover,33,0,0,,1.0,2025
aespa,spillover,34,1,1,투어,1.8,2026
aespa,spillover,35,1,1,브랜드,1.8,2026
aespa,spillover,36,0,0,,1.0,
aespa,spillover,37,0,0,,1.0,
aespa,spillover,38,0,0,,1.0,
aespa,spillover,39,0,0,,1.0,
aespa,spillover,40,0,0,,1.0,
aespa,spillover,41,1,0,,1.5,
aespa,spillover,42,1,0,,1.5,2021
aespa,spillover,43,2,0,,2.0,2022|2023
aespa,spillover,44,2,0,,2.0,2021|2024
aespa,spillover,45,0,2,지역|투어,1.6,
aespa,spillover,46,1,1,콘서트,1.8,2023
aespa,spillover,47,1,0,,1.5,2024
aespa,spillover,48,3,2,투어|콘서트,3.1,2023|2024
aespa,spillover,49,1,0,,1.5,2023
aespa,spillover,50,1,0,,1.5,2025
aespa,spillover,51,1,0,,1.5,2026
aespa,spillover,52,1,0,,1.5,2026
aespa,spillover,53,1,0,,1.5,2026
aespa,spillover,54,1,0,,1.5,2026
aespa,spillover,55,6,0,,4.0,2020|2026
aespa,spillover,56,1,1,홍보대사,1.8,2024
aespa,spillover,57,2,1,앰버서더,2.3,
aespa,spillover,58,1,2,모델|브랜드,2.1,
aespa,spillover,59,0,0,,1.0,
aespa,spillover,60,4,1,투어,3.3,
aespa,spillover,61,1,1,앰버서더,1.8,2025
aespa,spillover,62,1,1,모델,1.8,2021
aespa,spillover,63,1,2,앰버서더|브랜드,2.1,2021
aespa,spillover,64,1,1,브랜드,1.8,2022
aespa,spillover,65,1,0,,1.5,2022
aespa,spillover,66,1,2,앰버서더|브랜드,2.1,2022
aespa,spillover,67,1,2,모델|브랜드,2.1,2021
aespa,spillover,68,1,1,모델,1.8,2022
aespa,spillover,69,1,2,모델|브랜드,2.1,2025
aespa,spillover,70,1,1,모델,1.8,2021
aespa,spillover,71,1,1,모델,1.8,2024
aespa,spillover,72,1,0,,1.5,2021
aespa,spillover,73,1,0,,1.5,2022
aespa,spillover,74,1,1,모델,1.8,2022
aespa,spillover,75,1,1,앰버서더,1.8,2022
aespa,spillover,76,1,1,모델,1.8,2021
aespa,spillover,77,1,0,,1.5,2022
aespa,spillover,78,1,1,모델,1.8,2024
aespa,spillover,79,1,1,모델,1.8,2022
aespa,spillover,80,1,1,모델,1.8,2024
aespa,spillover,81,1,1,모델,1.8,2021
aespa,spillover,82,2,1,모델,2.3,2022|2024|2026
aespa,spillover,83,1,1,홍보대사,1.8,2024|2025
aespa,spillover,84,2,3,앰버서더|모델|브랜드,2.9,2025|2026
aespa,spillover,85,0,2,앰버서더|브랜드,1.6,2026
aespa,spillover,86,0,2,모델|브랜드,1.6,2025
aespa,spillover,87,0,2,앰버서더|브랜드,1.6,2023
aespa,spillover,88,0,1,브랜드,1.3,2023
aespa,spillover,89,0,1,앰버서더,1.3,2023
aespa,spillover,90,0,1,앰버서더,1.3,2024
aespa,spillover,91,0,1,앰버서더,1.3,2026
aespa,spillover,92,1,1,투어,1.8,2026
aespa,spillover,93,0,0,,1.0,
aespa,spillover,94,0,0,,1.0,
aespa,spillover,95,1,1,브랜드,1.8,2026
aespa,spillover,96,0,1,홍보대사,1.3,
aespa,spillover,97,0,0,,1.0,
aespa,spillover,98,1,0,,1.5,
aespa,spillover,99,1,1,투어,1.8,2024
aespa,spillover,100,0,1,방문,1.3,
aespa,spillover,101,4,0,,3.0,2024
aespa,spillover,102,1,1,투어,1.8,2026
프로미스나인,loyalty,0,2,1,1위,2.3,2025
프로미스나인,loyalty,1,2,1,1위,2.3,2025
프로미스나인,loyalty,2,2,1,1위,2.3,2021
프로미스나인,loyalty,3,1,0,,1.5,2025
프로미스나인,loyalty,4,1,1,최초,1.8,2025
프로미스나인,loyalty,5,1,1,결성,1.8,2017
프로미스나인,loyalty,6,3,1,매진,2.8,2022
프로미스나인,loyalty,7,2,1,1위,2.3,2025
프로미스나인,loyalty,8,2,1,1위,2.3,2025
프로미스나인,loyalty,9,0,0,,1.0,
프로미스나인,loyalty,10,0,0,,1.0,2025
프로미스나인,loyalty,11,0,0,,1.0,2022
프로미스나인,loyalty,12,7,1,돌파,4.8,
프로미스나인,loyalty,13,1,0,,1.5,
프로미스나인,loyalty,14,1,1,1위,1.8,
프로미스나인,loyalty,15,1,0,,1.5,2025
프로미스나인,loyalty,16,1,0,,1.5,
프로미스나인,loyalty,17,0,0,,1.0,2025
프로미스나인,loyalty,18,1,0,,1.5,
프로미스나인,loyalty,19,1,0,,1.5,
프로미스나인,loyalty,20,1,0,,1.5,2025
프로미스나인,loyalty,21,0,0,,1.0,
프로미스나인,loyalty,22,0,0,,1.0,
프로미스나인,loyalty,23,2,0,,2.0,2022
프로미스나인,loyalty,24,2,2,돌파|신기록,2.6,2022
프로미스나인,loyalty,25,1,1,기부,1.8,2022
프로미스나인,loyalty,26,1,1,매진,1.8,2025|2026
프로미스나인,loyalty,27,1,0,,1.5,2026
프로미스나인,loyalty,28,1,1,팬클럽,1.8,2026
프로미스나인,loyalty,29,0,0,,1.0,
프로미스나인,loyalty,30,0,0,,1.0,
프로미스나인,loyalty,31,1,2,결성|팬클럽,2.1,2018
프로미스나인,loyalty,32,0,1,매진,1.3,
프로미스나인,loyalty,33,0,0,,1.0,
프로미스나인,spillover,0,2,2,모델|브랜드,2.6,2017
프로미스나인,spillover,1,1,2,모델|브랜드,2.1,2022
프로미스나인,spillover,2,0,2,모델|브랜드,1.6,
프로미스나인,spillover,3,0,2,모델|브랜드,1.6,
프로미스나인,spillover,4,0,1,브랜드,1.3,
프로미스나인,spillover,5,2,0,,2.0,2018
프로미스나인,spillover,6,2,0,,2.0,2019
프로미스나인,spillover,7,2,0,,2.0,2020
프로미스나인,spillover,8,1,0,,1.5,2018
프로미스나인,spillover,9,2,0,,2.0,2024
프로미스나인,spillover,10,0,0,,1.0,2025
프로미스나인,spillover,11,0,0,,1.0,2017|2021|2022
프로미스나인,spillover,12,0,0,,1.0,2019|2024
프로미스나인,spillover,13,1,2,모델|브랜드,2.1,2022
프로미스나인,spillover,14,1,1,투어,1.8,2025
프로미스나인,spillover,15,0,0,,1.0,
프로미스나인,spillover,16,0,0,,1.0,2022
프로미스나인,spillover,17,0,0,,1.0,
프로미스나인,spillover,18,7,0,,4.5,2026
프로미스나인,spillover,19,11,0,,6.5,2021|2022
프로미스나인,spillover,20,9,0,,5.5,2021|2025
프로미스나인,spillover,21,1,0,,1.5,2022
프로미스나인,spillover,22,2,0,,2.0,2025
프로미스나인,spillover,23,0,0,,1.0,
프로미스나인,spillover,24,2,0,,2.0,2022
프로미스나인,spillover,25,1,0,,1.5,
프로미스나인,spillover,26,1,1,콘서트,1.8,2023
프로미스나인,spillover,27,1,0,,1.5,2023
프로미스나인,spillover,28,1,0,,1.5,2023
프로미스나인,spillover,29,0,1,콘서트,1.3,
프로미스나인,spillover,30,0,0,,1.0,
프로미스나인,spillover,31,0,0,,1.0,
프로미스나인,spillover,32,1,0,,1.5,2026
프로미스나인,spillover,33,1,0,,1.5,2026
프로미스나인,spillover,34,1,0,,1.5,2024
프로미스나인,spillover,35,1,1,콘서트,1.8,2025
프로미스나인,spillover,36,2,1,콘서트,2.3,2025
프로미스나인,spillover,37,1,0,,1.5,2025
프로미스나인,spillover,38,1,0,,1.5,2026
프로미스나인,spillover,39,0,0,,1.0,
프로미스나인,spillover,40,0,1,홍보대사,1.3,
프로미스나인,spillover,41,0,0,,1.0,
프로미스나인,spillover,42,1,2,투어|콘서트,2.1,
프로미스나인,spillover,43,1,2,모델|브랜드,2.1,2026
프로미스나인,spillover,44,1,2,앰버서더|브랜드,2.1,2024
프로미스나인,spillover,45,1,1,모델,1.8,2024
프로미스나인,spillover,46,1,1,모델,1.8,2024
프로미스나인,spillover,47,1,1,협업,1.8,2022|2025
프로미스나인,spillover,48,0,0,,1.0,
프로미스나인,spillover,49,1,0,,1.5,2026
프로미스나인,spillover,50,0,0,,1.0,
프로미스나인,spillover,51,0,0,,1.0,
프로미스나인,spillover,52,0,0,,1.0,
프로미스나인,spillover,53,1,0,,1.5,2024
프로미스나인,spillover,54,2,0,,2.0,2022
A-pink,loyalty,0,2,2,돌파|팬클럽,2.6,
A-pink,loyalty,1,0,1,매진,1.3,
A-pink,loyalty,2,2,1,매진,2.3,2018
A-pink,loyalty,3,1,2,1위|최초,2.1,
A-pink,loyalty,4,2,1,1위,2.3,2017
A-pink,loyalty,5,2,2,돌파|팬클럽,2.6,
A-pink,loyalty,6,1,1,매진,1.8,2015
A-pink,loyalty,7,3,0,,2.5,2016
A-pink,loyalty,8,2,0,,2.0,
A-pink,loyalty,9,3,2,1위|최초,3.1,2015
A-pink,loyalty,10,0,0,,1.0,
A-pink,loyalty,11,0,0,,1.0,2015|2016|2019
A-pink,loyalty,12,0,0,,1.0,2015|2016
A-pink,loyalty,13,2,2,돌파|팬클럽,2.6,
A-pink,loyalty,14,1,1,매진,1.8,
A-pink,loyalty,15,1,1,매진,1.8,
A-pink,loyalty,16,1,0,,1.5,
A-pink,loyalty,17,0,0,,1.0,
A-pink,loyalty,18,0,0,,1.0,
A-pink,loyalty,19,0,1,팬클럽,1.3,
A-pink,loyalty,20,1,0,,1.5,2026
A-pink,loyalty,21,0,0,,1.0,
A-pink,loyalty,22,1,0,,1.5,2018
A-pink,loyalty,23,0,0,,1.0,
A-pink,loyalty,24,0,0,,1.0,
A-pink,loyalty,25,0,0,,1.0,
A-pink,loyalty,26,0,0,,1.0,
A-pink,loyalty,27,0,0,,1.0,
A-pink,loyalty,28,0,0,,1.0,2017
A-pink,loyalty,29,0,0,,1.0,2017
A-pink,loyalty,30,1,0,,1.5,2022
A-pink,loyalty,31,1,1,매진,1.8,
A-pink,loyalty,32,2,1,기부,2.3,2018
A-pink,loyalty,33,0,2,기부|팬클럽,1.6,
A-pink,loyalty,34,0,0,,1.0,
A-pink,spillover,0,1,0,,1.5,
A-pink,spillover,1,0,1,수익,1.3,
A-pink,spillover,2,0,1,투어,1.3,
A-pink,spillover,3,2,0,,2.0,2020
A-pink,spillover,4,1,0,,1.5,2018
A-pink,spillover,5,4,0,,3.0,2015
A-pink,spillover,6,0,0,,1.0,
A-pink,spillover,7,0,0,,1.0,
A-pink,spillover,8,0,0,,1.0,2025|2026
A-pink,spillover,9,1,2,브랜드|협업,2.1,
A-pink,spillover,10,0,0,,1.0,2026
A-pink,spillover,11,0,0,,1.0,
A-pink,spillover,12,0,2,협업|투어,1.6,
A-pink,spillover,13,1,1,투어,1.8,
A-pink,spillover,14,0,0,,1.0,
A-pink,spillover,15,1,0,,1.5,2023
A-pink,spillover,16,0,0,,1.0,
A-pink,spillover,17,7,0,,4.5,2026
A-pink,spillover,18,0,0,,1.0,
A-pink,spillover,19,1,0,,1.5,2026
A-pink,spillover,20,1,0,,1.5,2023
A-pink,spillover,21,1,1,투어,1.8,
A-pink,spillover,22,0,1,지역,1.3,
A-pink,spillover,23,0,0,,1.0,2025
A-pink,spillover,24,2,0,,2.0,2017|2018|2024
A-pink,spillover,25,1,0,,1.5,2016
A-pink,spillover,26,5,0,,3.5,2017|2018|2020|2024
A-pink,spillover,27,2,0,,2.0,
A-pink,spillover,28,1,0,,1.5,2026
A-pink,spillover,29,0,0,,1.0,
A-pink,spillover,30,0,0,,1.0,2015|2018
A-pink,spillover,31,0,0,,1.0,
A-pink,spillover,32,1,1,모델,1.8,2017|2018
A-pink,spillover,33,1,1,모델,1.8,2017|2018
A-pink,spillover,34,1,1,모델,1.8,2018
A-pink,spillover,35,1,2,홍보대사|수익,2.1,2024
A-pink,spillover,36,3,0,,2.5,2025
A-pink,spillover,37,1,2,앰버서더|브랜드,2.1,2022
A-pink,spillover,38,1,0,,1.5,
A-pink,spillover,39,2,1,모델,2.3,2015
A-pink,spillover,40,1,0,,1.5,
A-pink,spillover,41,1,1,협업,1.8,
A-pink,spillover,42,1,1,모델,1.8,
A-pink,spillover,43,1,2,모델|홍보대사,2.1,
A-pink,spillover,44,1,2,모델|홍보대사,2.1,
A-pink,spillover,45,1,0,,1.5,
A-pink,spillover,46,1,0,,1.5,
A-pink,spillover,47,1,1,모델,1.8,2016
A-pink,spillover,48,3,1,콘서트,2.8,2026
A-pink,spillover,49,2,1,관중,2.3,2026
A-pink,spillover,50,1,0,,1.5,2026
A-pink,spillover,51,2,0,,2.0,2026
A-pink,spillover,52,1,0,,1.5,
A-pink,spillover,53,1,3,모델|브랜드|협업,2.4,2026
A-pink,spillover,54,0,0,,1.0,
A-pink,spillover,55,0,0,,1.0,
A-pink,spillover,56,1,0,,1.5,
A-pink,spillover,57,1,0,,1.5,
A-pink,spillover,58,2,0,,2.0,2024
A-pink,spillover,59,2,0,,2.0,
QWER,loyalty,0,1,2,결성|팬클럽,2.1,2024
QWER,loyalty,1,2,1,신기록,2.3,2024
QWER,loyalty,2,2,1,돌파,2.3,2026
QWER,loyalty,3,1,1,매진,1.8,
QWER,loyalty,4,1,1,기부,1.8,
QWER,loyalty,5,6,0,,4.0,2023|2024
QWER,loyalty,6,2,0,,2.0,2025
QWER,loyalty,7,2,0,,2.0,2026
QWER,loyalty,8,1,0,,1.5,2024
QWER,loyalty,9,1,0,,1.5,2025
QWER,loyalty,10,0,0,,1.0,
QWER,loyalty,11,0,0,,1.0,2023|2024|2025|2026
QWER,loyalty,12,0,0,,1.0,2025|2026
QWER,loyalty,13,0,1,매진,1.3,
QWER,loyalty,14,1,1,팬클럽,1.8,2025
QWER,loyalty,15,2,0,,2.0,2025
QWER,loyalty,16,1,0,,1.5,2025
QWER,loyalty,17,0,2,매진|충성,1.6,
QWER,loyalty,18,1,0,,1.5,2026
QWER,loyalty,19,2,1,돌파,2.3,
QWER,loyalty,20,0,0,,1.0,
QWER,loyalty,21,1,1,매진,1.8,2025
QWER,loyalty,22,0,0,,1.0,
QWER,loyalty,23,0,0,,1.0,
QWER,loyalty,24,0,0,,1.0,
QWER,loyalty,25,0,0,,1.0,2025|2026
QWER,loyalty,26,0,0,,1.0,
QWER,loyalty,27,0,0,,1.0,
QWER,loyalty,28,0,0,,1.0,
QWER,loyalty,29,0,1,결성,1.3,
QWER,loyalty,30,2,2,기부|팬클럽,2.6,2026
QWER,loyalty,31,3,1,팬클럽,2.8,2025
QWER,loyalty,32,1,1,팬클럽,1.8,
QWER,loyalty,33,1,0,,1.5,2025
QWER,loyalty,34,1,0,,1.5,2025
QWER,loyalty,35,1,0,,1.5,2026
QWER,loyalty,36,0,0,,1.0,
QWER,loyalty,37,0,0,,1.0,
QWER,loyalty,38,1,0,,1.5,2026
QWER,spillover,0,0,2,모델|브랜드,1.6,
QWER,spillover,1,0,1,협업,1.3,
QWER,spillover,2,0,2,매출|투어,1.6,
QWER,spillover,3,1,0,,1.5,
QWER,spillover,4,1,0,,1.5,2025
QWER,spillover,5,1,0,,1.5,2024
QWER,spillover,6,0,0,,1.0,
QWER,spillover,7,0,0,,1.0,2025
QWER,spillover,8,0,0,,1.0,
QWER,spillover,9,0,0,,1.0,
QWER,spillover,10,3,0,,2.5,2026
QWER,spillover,11,3,0,,2.5,2025
QWER,spillover,12,0,0,,1.0,
QWER,spillover,13,0,0,,1.0,
QWER,spillover,14,2,0,,2.0,2024|2025
QWER,spillover,15,2,0,,2.0,
QWER,spillover,16,1,1,투어,1.8,2026
QWER,spillover,17,1,0,,1.5,2026
QWER,spillover,18,2,0,,2.0,2024
QWER,spillover,19,5,0,,3.5,2023|2024|2025|2026
QWER,spillover,20,3,0,,2.5,
QWER,spillover,21,1,0,,1.5,
QWER,spillover,22,1,0,,1.5,2024
QWER,spillover,23,0,1,협업,1.3,
QWER,spillover,24,2,1,홍보대사,2.3,2024
QWER,spillover,25,0,1,투어,1.3,
QWER,spillover,26,0,1,투어,1.3,
QWER,spillover,27,0,0,,1.0,
QWER,spillover,28,0,0,,1.0,
QWER,spillover,29,1,0,,1.5,2023
QWER,spillover,30,1,0,,1.5,
QWER,spillover,31,1,0,,1.5,2026
QWER,spillover,32,1,0,,1.5,
QWER,spillover,33,3,0,,2.5,2022|2026
QWER,spillover,34,2,1,홍보대사,2.3,2024
QWER,spillover,35,1,0,,1.5,2026
QWER,spillover,36,0,0,,1.0,2026
QWER,spillover,37,1,0,,1.5,2025
QWER,spillover,38,1,1,모델,1.8,2025
QWER,spillover,39,1,0,,1.5,2023
QWER,spillover,40,1,0,,1.5,2023|2024
QWER,spillover,41,1,0,,1.5,2024
QWER,spillover,42,1,0,,1.5,2024
QWER,spillover,43,1,0,,1.5,2024
QWER,spillover,44,1,0,,1.5,2025
QWER,spillover,45,1,0,,1.5,2025
QWER,spillover,46,1,0,,1.5,2025
QWER,spillover,47,1,0,,1.5,2024|2026
QWER,spillover,48,1,1,투어,1.8,2023
QWER,spillover,49,1,0,,1.5,2026
QWER,spillover,50,3,1,투어,2.8,2026
QWER,spillover,51,2,0,,2.0,2026
QWER,spillover,52,2,0,,2.0,2026
QWER,spillover,53,1,0,,1.5,2026
QWER,spillover,54,1,0,,1.5,2026
QWER,spillover,55,0,2,브랜드|협업,1.6,
QWER,spillover,56,1,2,협업|소비,2.1,2025
QWER,spillover,57,1,0,,1.5,2023
QWER,spillover,58,1,1,투어,1.8,2026
QWER,spillover,59,1,0,,1.5,2025
QWER,spillover,60,0,0,,1.0,
QWER,spillover,61,1,0,,1.5,2023
QWER,spillover,62,1,0,,1.5,2023
QWER,spillover,63,0,0,,1.0,
BABYMONSTER,loyalty,0,1,0,,1.5,
BABYMONSTER,loyalty,1,2,2,돌파|밀리언셀러,2.6,
BABYMONSTER,loyalty,2,6,0,,4.0,
BABYMONSTER,loyalty,3,1,0,,1.5,
BABYMONSTER,loyalty,4,1,0,,1.5,2024
BABYMONSTER,loyalty,5,2,0,,2.0,2024
BABYMONSTER,loyalty,6,2,0,,2.0,
BABYMONSTER,loyalty,7,2,0,,2.0,
BABYMONSTER,loyalty,8,0,0,,1.0,
BABYMONSTER,loyalty,9,0,0,,1.0,
BABYMONSTER,loyalty,10,0,0,,1.0,
BABYMONSTER,loyalty,11,3,0,,2.5,2024
BABYMONSTER,loyalty,12,3,0,,2.5,2025
BABYMONSTER,loyalty,13,2,0,,2.0,
BABYMONSTER,loyalty,14,0,0,,1.0,
BABYMONSTER,loyalty,15,0,0,,1.0,
BABYMONSTER,loyalty,16,0,0,,1.0,
BABYMONSTER,loyalty,17,1,1,팬클럽,1.8,2024
BABYMONSTER,loyalty,18,1,0,,1.5,2025
BABYMONSTER,loyalty,19,1,1,매진,1.8,2025
BABYMONSTER,loyalty,20,0,1,매진,1.3,
BABYMONSTER,loyalty,21,0,0,,1.0,
BABYMONSTER,loyalty,22,0,0,,1.0,
BABYMONSTER,loyalty,23,0,0,,1.0,
BABYMONSTER,loyalty,24,0,0,,1.0,2024
BABYMONSTER,loyalty,25,0,0,,1.0,
BABYMONSTER,loyalty,26,0,0,,1.0,2023
BABYMONSTER,loyalty,27,0,0,,1.0,2024
BABYMONSTER,loyalty,28,0,0,,1.0,2023
BABYMONSTER,loyalty,29,0,0,,1.0,
BABYMONSTER,loyalty,30,0,0,,1.0,2023
BABYMONSTER,loyalty,31,0,0,,1.0,2023
BABYMONSTER,loyalty,32,1,1,돌파,1.8,
BABYMONSTER,loyalty,33,1,1,돌파,1.8,
BABYMONSTER,loyalty,34,1,1,돌파,1.8,
BABYMONSTER,loyalty,35,1,1,돌파,1.8,
BABYMONSTER,loyalty,36,1,2,돌파|신기록,2.1,
BABYMONSTER,loyalty,37,0,1,매진,1.3,
BABYMONSTER,loyalty,38,0,0,,1.0,
BABYMONSTER,loyalty,39,0,0,,1.0,
BABYMONSTER,loyalty,40,0,0,,1.0,
BABYMONSTER,loyalty,41,1,0,,1.5,2026
BABYMONSTER,loyalty,42,0,0,,1.0,
BABYMONSTER,loyalty,43,0,0,,1.0,
BABYMONSTER,loyalty,44,1,0,,1.5,2026
BABYMONSTER,loyalty,45,3,2,돌파|매진,3.1,2025
BABYMONSTER,loyalty,46,1,1,팬클럽,1.8,2024
BABYMONSTER,loyalty,47,1,1,매진,1.8,
BABYMONSTER,loyalty,48,1,1,매진,1.8,2026
BABYMONSTER,loyalty,49,2,0,,2.0,2025
BABYMONSTER,loyalty,50,1,1,매진,1.8,2025
BABYMONSTER,loyalty,51,0,0,,1.0,
BABYMONSTER,loyalty,52,0,0,,1.0,
BABYMONSTER,loyalty,53,0,0,,1.0,
BABYMONSTER,loyalty,54,0,0,,1.0,
BABYMONSTER,spillover,0,0,2,앰버서더|브랜드,1.6,
BABYMONSTER,spillover,1,0,2,앰버서더|브랜드,1.6,
BABYMONSTER,spillover,2,0,1,브랜드,1.3,
BABYMONSTER,spillover,3,0,2,앰버서더|브랜드,1.6,
BABYMONSTER,spillover,4,1,0,,1.5,
BABYMONSTER,spillover,5,1,0,,1.5,
BABYMONSTER,spillover,6,1,0,,1.5,
BABYMONSTER,spillover,7,0,2,앰버서더|브랜드,1.6,
BABYMONSTER,spillover,8,0,0,,1.0,
BABYMONSTER,spillover,9,0,0,,1.0,
BABYMONSTER,spillover,10,0,0,,1.0,2026
BABYMONSTER,spillover,11,1,0,,1.5,
BABYMONSTER,spillover,12,1,0,,1.5,
BABYMONSTER,spillover,13,1,0,,1.5,
BABYMONSTER,spillover,14,0,0,,1.0,
BABYMONSTER,spillover,15,0,0,,1.0,
BABYMONSTER,spillover,16,0,0,,1.0,
BABYMONSTER,spillover,17,0,0,,1.0,
BABYMONSTER,spillover,18,0,0,,1.0,
BABYMONSTER,spillover,19,0,0,,1.0,2025
BABYMONSTER,spillover,20,0,0,,1.0,
BABYMONSTER,spillover,21,0,0,,1.0,
BABYMONSTER,spillover,22,1,0,,1.5,
BABYMONSTER,spillover,23,3,2,지역|투어,3.1,2024
BABYMONSTER,spillover,24,3,1,지역,2.8,
BABYMONSTER,spillover,25,0,0,,1.0,
BABYMONSTER,spillover,26,0,0,,1.0,
BABYMONSTER,spillover,27,0,1,투어,1.3,
BABYMONSTER,spillover,28,0,2,모델|브랜드,1.6,2025
BABYMONSTER,spillover,29,0,0,,1.0,
BABYMONSTER,spillover,30,0,0,,1.0,
BABYMONSTER,spillover,31,0,0,,1.0,2025
BABYMONSTER,spillover,32,0,0,,1.0,2026
BABYMONSTER,spillover,33,0,1,앰버서더,1.3,2026
BABYMONSTER,spillover,34,0,0,,1.0,2025
BABYMONSTER,spillover,35,0,0,,1.0,
BABYMONSTER,spillover,36,0,0,,1.0,
BABYMONSTER,spillover,37,0,0,,1.0,
BABYMONSTER,spillover,38,0,0,,1.0,
BABYMONSTER,spillover,39,0,0,,1.0,2024
BABYMONSTER,spillover,40,0,0,,1.0,2024|2025
BABYMONSTER,spillover,41,0,0,,1.0,2024
BABYMONSTER,spillover,42,0,1,방문,1.3,
BABYMONSTER,spillover,43,1,0,,1.5,2025
BABYMONSTER,spillover,44,1,0,,1.5,2025
BABYMONSTER,spillover,45,2,0,,2.0,2026
BABYMONSTER,spillover,46,4,0,,3.0,2025
BABYMONSTER,spillover,47,0,0,,1.0,
BABYMONSTER,spillover,48,0,0,,1.0,2026
BABYMONSTER,spillover,49,0,0,,1.0,
BABYMONSTER,spillover,50,1,2,앰버서더|브랜드,2.1,2025
BABYMONSTER,spillover,51,1,0,,1.5,2025
BABYMONSTER,spillover,52,1,0,,1.5,2025
BABYMONSTER,spillover,53,1,0,,1.5,2025
BABYMONSTER,spillover,54,1,0,,1.5,2024
BABYMONSTER,spillover,55,1,1,콘서트,1.8,2024
BABYMONSTER,spillover,56,1,0,,1.5,2025
BABYMONSTER,spillover,57,2,1,투어,2.3,2025
BABYMONSTER,spillover,58,1,0,,1.5,2026
BABYMONSTER,spillover,59,0,0,,1.0,
BABYMONSTER,spillover,60,0,0,,1.0,
BABYMONSTER,spillover,61,0,1,팝업,1.3,
BABYMONSTER,spillover,62,0,1,콘서트,1.3,
BABYMONSTER,spillover,63,0,0,,1.0,
BABYMONSTER,spillover,64,0,0,,1.0,
BABYMONSTER,spillover,65,0,0,,1.0,
BABYMONSTER,spillover,66,0,0,,1.0,
BABYMONSTER,spillover,67,2,1,모델,2.3,
BABYMONSTER,spillover,68,1,0,,1.5,
BABYMONSTER,spillover,69,1,1,투어,1.8,
BABYMONSTER,spillover,70,0,0,,1.0,
BABYMONSTER,spillover,71,2,0,,2.0,
BABYMONSTER,spillover,72,1,1,투어,1.8,2025
BABYMONSTER,spillover,73,1,1,투어,1.8,2026
BABYMONSTER,spillover,74,1,0,,1.5,2023
BABYMONSTER,spillover,75,1,0,,1.5,
BABYMONSTER,spillover,76,1,0,,1.5,2026
소녀시대,loyalty,0,2,0,,2.0,
소녀시대,loyalty,1,2,0,,2.0,
소녀시대,loyalty,2,2,1,매진,2.3,
소녀시대,loyalty,3,2,1,매진,2.3,2022
소녀시대,loyalty,4,1,1,매진,1.8,
소녀시대,loyalty,5,1,0,,1.5,
소녀시대,loyalty,6,1,1,최초,1.8,2015
소녀시대,loyalty,7,3,1,1위,2.8,2024
소녀시대,loyalty,8,0,0,,1.0,
소녀시대,loyalty,9,0,0,,1.0,
소녀시대,loyalty,10,0,0,,1.0,2024
소녀시대,loyalty,11,0,0,,1.0,2025
소녀시대,loyalty,12,0,0,,1.0,
소녀시대,loyalty,13,0,0,,1.0,
소녀시대,loyalty,14,0,0,,1.0,
소녀시대,loyalty,15,2,1,매진,2.3,2022
소녀시대,loyalty,16,10,1,매진,6.3,2023
소녀시대,loyalty,17,0,0,,1.0,
소녀시대,loyalty,18,2,0,,2.0,
소녀시대,loyalty,19,0,0,,1.0,
소녀시대,loyalty,20,0,0,,1.0,
소녀시대,loyalty,21,2,0,,2.0,2022
소녀시대,loyalty,22,0,0,,1.0,
소녀시대,loyalty,23,1,0,,1.5,2024
소녀시대,loyalty,24,0,0,,1.0,
소녀시대,loyalty,25,1,2,기부|팬클럽,2.1,
소녀시대,loyalty,26,2,2,기부|팬클럽,2.6,2020
소녀시대,loyalty,27,1,1,팬클럽,1.8,
소녀시대,loyalty,28,2,1,매진,2.3,
소녀시대,loyalty,29,2,1,팬클럽,2.3,2022
소녀시대,loyalty,30,2,0,,2.0,2025
소녀시대,loyalty,31,2,1,최초,2.3,2025
소녀시대,loyalty,32,2,0,,2.0,2026
소녀시대,spillover,0,3,0,,2.5,
소녀시대,spillover,1,3,1,수익,2.8,
소녀시대,spillover,2,0,1,모델,1.3,
소녀시대,spillover,3,0,4,관광|방문|지역|홍보대사,2.2,
소녀시대,spillover,4,4,2,매출|수익,3.6,
소녀시대,spillover,5,0,2,모델|브랜드,1.6,
소녀시대,spillover,6,4,0,,3.0,
소녀시대,spillover,7,1,0,,1.5,
소녀시대,spillover,8,0,0,,1.0,2015
소녀시대,spillover,9,0,0,,1.0,
소녀시대,spillover,10,0,0,,1.0,
소녀시대,spillover,11,0,0,,1.0,2018
소녀시대,spillover,12,0,0,,1.0,
소녀시대,spillover,13,0,0,,1.0,
소녀시대,spillover,14,0,0,,1.0,
소녀시대,spillover,15,0,0,,1.0,
소녀시대,spillover,16,0,0,,1.0,
소녀시대,spillover,17,0,0,,1.0,
소녀시대,spillover,18,0,0,,1.0,
소녀시대,spillover,19,0,0,,1.0,
소녀시대,spillover,20,0,0,,1.0,
소녀시대,spillover,21,2,0,,2.0,2024
소녀시대,spillover,22,4,1,콘서트,3.3,2025|2026
소녀시대,spillover,23,12,0,,7.0,
소녀시대,spillover,24,1,0,,1.5,
소녀시대,spillover,25,0,0,,1.0,
소녀시대,spillover,26,0,0,,1.0,
소녀시대,spillover,27,0,0,,1.0,
소녀시대,spillover,28,0,0,,1.0,
소녀시대,spillover,29,0,0,,1.0,
소녀시대,spillover,30,1,0,,1.5,
소녀시대,spillover,31,1,0,,1.5,2023
소녀시대,spillover,32,2,0,,2.0,
소녀시대,spillover,33,3,1,콘서트,2.8,
소녀시대,spillover,34,2,0,,2.0,
소녀시대,spillover,35,1,0,,1.5,
소녀시대,spillover,36,2,0,,2.0,
소녀시대,spillover,37,1,0,,1.5,
소녀시대,spillover,38,1,0,,1.5,2026
소녀시대,spillover,39,1,0,,1.5,2026
소녀시대,spillover,40,1,0,,1.5,2026
소녀시대,spillover,41,1,0,,1.5,
소녀시대,spillover,42,1,0,,1.5,
소녀시대,spillover,43,1,1,홍보대사,1.8,
소녀시대,spillover,44,1,2,지자체|홍보대사,2.1,
소녀시대,spillover,45,1,1,홍보대사,1.8,
소녀시대,spillover,46,1,1,홍보대사,1.8,
소녀시대,spillover,47,1,0,,1.5,
소녀시대,spillover,48,1,3,관광|방문|홍보대사,2.4,
소녀시대,spillover,49,1,0,,1.5,2017
소녀시대,spillover,50,1,2,앰버서더|브랜드,2.1,2024
소녀시대,spillover,51,1,0,,1.5,
소녀시대,spillover,52,2,0,,2.0,
소녀시대,spillover,53,1,1,모델,1.8,
소녀시대,spillover,54,1,1,모델,1.8,
소녀시대,spillover,55,1,1,모델,1.8,
소녀시대,spillover,56,1,1,모델,1.8,
소녀시대,spillover,57,1,0,,1.5,
소녀시대,spillover,58,1,1,모델,1.8,
소녀시대,spillover,59,1,1,모델,1.8,
소녀시대,spillover,60,1,1,모델,1.8,
소녀시대,spillover,61,2,0,,2.0,
소녀시대,spillover,62,2,0,,2.0,
소녀시대,spillover,63,1,1,모델,1.8,
소녀시대,spillover,64,1,1,모델,1.8,
소녀시대,spillover,65,1,1,모델,1.8,
소녀시대,spillover,66,2,1,모델,2.3,
소녀시대,spillover,67,2,1,모델,2.3,
소녀시대,spillover,68,1,1,콘서트,1.8,2025
소녀시대,spillover,69,5,0,,3.5,2025|2026
소녀시대,spillover,70,3,0,,2.5,2026
소녀시대,spillover,71,1,2,수익|투어,2.1,2026
소녀시대,spillover,72,1,0,,1.5,2026
소녀시대,spillover,73,4,0,,3.0,2026
소녀시대,spillover,74,2,1,모델,2.3,
소녀시대,spillover,75,1,1,모델,1.8,
소녀시대,spillover,76,1,2,모델|브랜드,2.1,
소녀시대,spillover,77,1,1,모델,1.8,
소녀시대,spillover,78,1,1,브랜드,1.8,2022
소녀시대,spillover,79,1,2,모델|브랜드,2.1,2024
소녀시대,spillover,80,1,1,모델,1.8,2021
소녀시대,spillover,81,1,0,,1.5,
소녀시대,spillover,82,1,0,,1.5,
소녀시대,spillover,83,0,0,,1.0,
소녀시대,spillover,84,1,0,,1.5,
소녀시대,spillover,85,1,0,,1.5,2026
소녀시대,spillover,86,4,0,,3.0,2017
소녀시대,spillover,87,2,0,,2.0,2024
소녀시대,spillover,88,5,0,,3.5,2022
오마이걸,loyalty,0,1,1,팬클럽,1.8,2016
오마이걸,loyalty,1,1,1,매진,1.8,2016
오마이걸,loyalty,2,2,1,매진,2.3,2018
오마이걸,loyalty,3,2,1,1위,2.3,2021
오마이걸,loyalty,4,2,1,팬클럽,2.3,2020
오마이걸,loyalty,5,2,1,팬카페,2.3,
오마이걸,loyalty,6,2,1,매진,2.3,2017|2018
오마이걸,loyalty,7,2,0,,2.0,2025
오마이걸,loyalty,8,0,0,,1.0,2016
오마이걸,loyalty,9,0,0,,1.0,2018
오마이걸,loyalty,10,0,0,,1.0,2019
오마이걸,loyalty,11,3,2,기부|팬클럽,3.1,2017
오마이걸,loyalty,12,0,1,팬클럽,1.3,
오마이걸,loyalty,13,2,1,팬클럽,2.3,2026
오마이걸,loyalty,14,0,0,,1.0,
오마이걸,loyalty,15,1,0,,1.5,2024
오마이걸,loyalty,16,0,0,,1.0,
오마이걸,loyalty,17,2,2,기부|팬클럽,2.6,2017
오마이걸,loyalty,18,1,0,,1.5,2026
오마이걸,loyalty,19,0,0,,1.0,
오마이걸,loyalty,20,1,0,,1.5,2026
오마이걸,loyalty,21,2,1,매진,2.3,
오마이걸,loyalty,22,0,0,,1.0,
오마이걸,loyalty,23,1,0,,1.5,
오마이걸,loyalty,24,0,0,,1.0,
오마이걸,loyalty,25,0,0,,1.0,
오마이걸,loyalty,26,1,0,,1.5,2025
오마이걸,loyalty,27,1,0,,1.5,2019
오마이걸,loyalty,28,1,0,,1.5,2019
오마이걸,loyalty,29,2,2,기부|팬클럽,2.6,2017
오마이걸,loyalty,30,3,1,매진,2.8,2018
오마이걸,loyalty,31,1,0,,1.5,2023
오마이걸,loyalty,32,0,0,,1.0,
오마이걸,loyalty,33,2,0,,2.0,2017
오마이걸,spillover,0,1,1,홍보대사,1.8,2019
오마이걸,spillover,1,0,1,모델,1.3,
오마이걸,spillover,2,0,1,브랜드,1.3,
오마이걸,spillover,3,0,0,,1.0,
오마이걸,spillover,4,1,1,홍보대사,1.8,2019
오마이걸,spillover,5,0,3,앰버서더|모델|브랜드,1.9,
오마이걸,spillover,6,1,1,모델,1.8,2023
오마이걸,spillover,7,4,0,,3.0,2021
오마이걸,spillover,8,0,0,,1.0,
오마이걸,spillover,9,0,0,,1.0,2020|2021
오마이걸,spillover,10,0,0,,1.0,
오마이걸,spillover,11,0,0,,1.0,2019
오마이걸,spillover,12,2,1,모델,2.3,2020|2021
오마이걸,spillover,13,1,2,투어|콘서트,2.1,2025
오마이걸,spillover,14,0,0,,1.0,2019
오마이걸,spillover,15,2,1,홍보대사,2.3,2026
오마이걸,spillover,16,1,0,,1.5,
오마이걸,spillover,17,1,0,,1.5,
오마이걸,spillover,18,0,0,,1.0,
오마이걸,spillover,19,0,1,투어,1.3,
오마이걸,spillover,20,0,0,,1.0,
오마이걸,spillover,21,1,0,,1.5,2026
오마이걸,spillover,22,1,1,방문,1.8,2026
오마이걸,spillover,23,0,0,,1.0,
오마이걸,spillover,24,0,1,콘서트,1.3,
오마이걸,spillover,25,0,0,,1.0,
오마이걸,spillover,26,0,0,,1.0,
오마이걸,spillover,27,0,0,,1.0,
오마이걸,spillover,28,1,0,,1.5,2018
오마이걸,spillover,29,0,0,,1.0,
오마이걸,spillover,30,1,0,,1.5,2024
오마이걸,spillover,31,0,0,,1.0,
오마이걸,spillover,32,5,0,,3.5,2015|2026
오마이걸,spillover,33,2,0,,2.0,2019|2026
오마이걸,spillover,34,1,0,,1.5,2017
오마이걸,spillover,35,1,0,,1.5,2016|2017
오마이걸,spillover,36,1,0,,1.5,2020
오마이걸,spillover,37,1,0,,1.5,2015|2020|2023|2024
오마이걸,spillover,38,0,0,,1.0,2016|2018|2019|2020
오마이걸,spillover,39,3,0,,2.5,2021|2022
오마이걸,spillover,40,1,0,,1.5,2018
오마이걸,spillover,41,0,1,홍보대사,1.3,
오마이걸,spillover,42,1,2,지자체|홍보대사,2.1,2026
오마이걸,spillover,43,1,0,,1.5,2025
오마이걸,spillover,44,0,0,,1.0,
오마이걸,spillover,45,1,0,,1.5,2026
오마이걸,spillover,46,2,0,,2.0,2015|2020
오마이걸,spillover,47,3,0,,2.5,2018|2020|2021
오마이걸,spillover,48,1,0,,1.5,2019
오마이걸,spillover,49,1,0,,1.5,2020
오마이걸,spillover,50,1,0,,1.5,2022
오마이걸,spillover,51,2,0,,2.0,2019|2020
오마이걸,spillover,52,0,0,,1.0,
오마이걸,spillover,53,3,1,콘서트,2.8,2024|2026
오마이걸,spillover,54,2,0,,2.0,2026
오마이걸,spillover,55,2,0,,2.0,2025
오마이걸,spillover,56,1,0,,1.5,2025
오마이걸,spillover,57,1,0,,1.5,2025
오마이걸,spillover,58,1,0,,1.5,
오마이걸,spillover,59,1,0,,1.5,
오마이걸,spillover,60,1,0,,1.5,
오마이걸,spillover,61,1,0,,1.5,2015
오마이걸,spillover,62,2,0,,2.0,2024
오마이걸,spillover,63,0,0,,1.0,
여자친구,loyalty,0,0,1,매진,1.3,
여자친구,loyalty,1,0,1,매진,1.3,
여자친구,loyalty,2,2,0,,2.0,2019
여자친구,loyalty,3,1,0,,1.5,
여자친구,loyalty,4,1,1,매진,1.8,2018
여자친구,loyalty,5,2,0,,2.0,2019
여자친구,loyalty,6,2,0,,2.0,2019
여자친구,loyalty,7,2,0,,2.0,2024|2025
여자친구,loyalty,8,0,0,,1.0,2018
여자친구,loyalty,9,0,0,,1.0,2024|2025
여자친구,loyalty,10,0,0,,1.0,2019
여자친구,loyalty,11,0,0,,1.0,2025
여자친구,loyalty,12,2,0,,2.0,2025
여자친구,loyalty,13,0,0,,1.0,
여자친구,loyalty,14,2,0,,2.0,2025
여자친구,loyalty,15,1,0,,1.5,2025
여자친구,loyalty,16,0,0,,1.0,
여자친구,loyalty,17,1,0,,1.5,
여자친구,loyalty,18,1,0,,1.5,2015|2025
여자친구,loyalty,19,2,1,매진,2.3,
여자친구,loyalty,20,2,1,매진,2.3,
여자친구,loyalty,21,0,0,,1.0,
여자친구,loyalty,22,0,0,,1.0,
여자친구,loyalty,23,1,0,,1.5,
여자친구,loyalty,24,3,0,,2.5,2015|2021|2026
여자친구,loyalty,25,0,0,,1.0,
여자친구,loyalty,26,0,0,,1.0,
여자친구,loyalty,27,0,0,,1.0,
여자친구,loyalty,28,0,0,,1.0,
여자친구,loyalty,29,0,0,,1.0,
여자친구,loyalty,30,0,0,,1.0,
여자친구,loyalty,31,0,0,,1.0,
여자친구,loyalty,32,0,0,,1.0,
여자친구,loyalty,33,0,0,,1.0,
여자친구,loyalty,34,0,0,,1.0,
여자친구,loyalty,35,0,0,,1.0,
여자친구,loyalty,36,1,0,,1.5,2019
여자친구,loyalty,37,2,1,매진,2.3,2017
여자친구,loyalty,38,1,1,팬클럽,1.8,2019
여자친구,loyalty,39,2,0,,2.0,2020
여자친구,loyalty,40,1,0,,1.5,2018
여자친구,loyalty,41,2,0,,2.0,2024
여자친구,loyalty,42,3,1,매진,2.8,2025
여자친구,loyalty,43,0,0,,1.0,
여자친구,spillover,0,1,1,앰버서더,1.8,2019
여자친구,spillover,1,3,3,매출|앰버서더|브랜드,3.4,
여자친구,spillover,2,2,0,,2.0,2018
여자친구,spillover,3,2,0,,2.0,2016
여자친구,spillover,4,0,0,,1.0,2019
여자친구,spillover,5,0,0,,1.0,2016
여자친구,spillover,6,0,0,,1.0,2015|2020
여자친구,spillover,7,1,1,투어,1.8,2025
여자친구,spillover,8,0,0,,1.0,
여자친구,spillover,9,0,0,,1.0,2018
여자친구,spillover,10,0,0,,1.0,2018
여자친구,spillover,11,0,0,,1.0,
여자친구,spillover,12,0,0,,1.0,
여자친구,spillover,13,6,0,,4.0,2016
여자친구,spillover,14,5,0,,3.5,2018|2019
여자친구,spillover,15,3,0,,2.5,2019
여자친구,spillover,16,4,0,,3.0,2025
여자친구,spillover,17,0,0,,1.0,
여자친구,spillover,18,0,0,,1.0,
여자친구,spillover,19,2,0,,2.0,2015|2021
여자친구,spillover,20,1,0,,1.5,
여자친구,spillover,21,0,0,,1.0,2015
여자친구,spillover,22,0,0,,1.0,2015
여자친구,spillover,23,0,0,,1.0,2016
여자친구,spillover,24,0,0,,1.0,2015|2016|2017|2018|2019|2020
여자친구,spillover,25,0,0,,1.0,
여자친구,spillover,26,4,0,,3.0,
여자친구,spillover,27,1,0,,1.5,2016
여자친구,spillover,28,1,0,,1.5,2021
여자친구,spillover,29,1,0,,1.5,2025
여자친구,spillover,30,0,0,,1.0,
여자친구,spillover,31,3,0,,2.5,2024
여자친구,spillover,32,1,1,모델,1.8,2015
여자친구,spillover,33,1,2,모델|브랜드,2.1,2015
여자친구,spillover,34,1,0,,1.5,2016
여자친구,spillover,35,1,3,모델|브랜드|투어,2.4,2016
여자친구,spillover,36,1,2,모델|브랜드,2.1,2016
여자친구,spillover,37,1,1,투어,1.8,2019
여자친구,spillover,38,1,0,,1.5,
여자친구,spillover,39,2,0,,2.0,2021|2022
여자친구,spillover,40,1,0,,1.5,2022
여자친구,spillover,41,2,0,,2.0,2022|2026
여자친구,spillover,42,4,0,,3.0,2022|2023|2025
여자친구,spillover,43,0,0,,1.0,
여자친구,spillover,44,0,0,,1.0,
여자친구,spillover,45,1,0,,1.5,
여자친구,spillover,46,1,0,,1.5,2015
여자친구,spillover,47,3,0,,2.5,2025
여자친구,spillover,48,0,0,,1.0,
STAYC,loyalty,0,0,1,팬클럽,1.3,
STAYC,loyalty,1,2,0,,2.0,2020
STAYC,loyalty,2,2,0,,2.0,
STAYC,loyalty,3,1,0,,1.5,
STAYC,loyalty,4,1,1,돌파,1.8,
STAYC,loyalty,5,1,0,,1.5,2020
STAYC,loyalty,6,3,1,최초,2.8,2020
STAYC,loyalty,7,1,0,,1.5,2021
STAYC,loyalty,8,3,1,1위,2.8,2023
STAYC,loyalty,9,3,0,,2.5,2023|2024|2025
STAYC,loyalty,10,0,0,,1.0,2025
STAYC,loyalty,11,0,0,,1.0,2021
STAYC,loyalty,12,0,0,,1.0,2025
STAYC,loyalty,13,0,0,,1.0,2026
STAYC,loyalty,14,1,0,,1.5,2025
STAYC,loyalty,15,1,1,팬클럽,1.8,2025
STAYC,loyalty,16,0,1,확장,1.3,
STAYC,loyalty,17,1,0,,1.5,2025
STAYC,loyalty,18,0,0,,1.0,
STAYC,loyalty,19,0,0,,1.0,2025
STAYC,loyalty,20,0,0,,1.0,2026
STAYC,loyalty,21,0,0,,1.0,2025
STAYC,loyalty,22,0,0,,1.0,
STAYC,loyalty,23,1,0,,1.5,
STAYC,loyalty,24,0,0,,1.0,
STAYC,loyalty,25,0,0,,1.0,
STAYC,loyalty,26,0,0,,1.0,
STAYC,loyalty,27,0,0,,1.0,
STAYC,loyalty,28,0,0,,1.0,
STAYC,loyalty,29,0,0,,1.0,
STAYC,loyalty,30,0,0,,1.0,2025
STAYC,loyalty,31,0,0,,1.0,
STAYC,loyalty,32,1,0,,1.5,2022
STAYC,loyalty,33,0,1,확장,1.3,2026
STAYC,loyalty,34,1,1,매진,1.8,2025
STAYC,loyalty,35,1,1,팬클럽,1.8,2025
STAYC,loyalty,36,2,0,,2.0,2023|2024
STAYC,loyalty,37,1,1,팬클럽,1.8,2022
STAYC,loyalty,38,1,0,,1.5,2023
STAYC,loyalty,39,1,0,,1.5,2024
STAYC,loyalty,40,2,0,,2.0,2024|2025
STAYC,loyalty,41,0,0,,1.0,
STAYC,spillover,0,0,2,모델|브랜드,1.6,
STAYC,spillover,1,0,1,협업,1.3,
STAYC,spillover,2,0,1,브랜드,1.3,
STAYC,spillover,3,2,1,홍보대사,2.3,2022|2023
STAYC,spillover,4,1,1,모델,1.8,2024
STAYC,spillover,5,1,0,,1.5,2023
STAYC,spillover,6,1,2,모델|협업,2.1,2023
STAYC,spillover,7,2,0,,2.0,
STAYC,spillover,8,0,0,,1.0,2021
STAYC,spillover,9,0,0,,1.0,2020
STAYC,spillover,10,0,0,,1.0,2023|2024
STAYC,spillover,11,0,0,,1.0,2024
STAYC,spillover,12,0,1,투어,1.3,
STAYC,spillover,13,0,0,,1.0,2021
STAYC,spillover,14,1,0,,1.5,2024
STAYC,spillover,15,2,0,,2.0,2025
STAYC,spillover,16,5,0,,3.5,2023
STAYC,spillover,17,2,0,,2.0,2023
STAYC,spillover,18,0,0,,1.0,
STAYC,spillover,19,2,0,,2.0,2024
STAYC,spillover,20,0,2,관광|협업,1.6,
STAYC,spillover,21,1,0,,1.5,2024
STAYC,spillover,22,0,0,,1.0,2025
STAYC,spillover,23,1,0,,1.5,2026
STAYC,spillover,24,0,0,,1.0,
STAYC,spillover,25,0,0,,1.0,
STAYC,spillover,26,0,0,,1.0,2023
STAYC,spillover,27,0,0,,1.0,2023
STAYC,spillover,28,0,0,,1.0,2021|2022
STAYC,spillover,29,0,0,,1.0,
STAYC,spillover,30,1,0,,1.5,2023
STAYC,spillover,31,2,0,,2.0,2023|2026
STAYC,spillover,32,3,0,,2.5,
STAYC,spillover,33,1,0,,1.5,2022|2025
STAYC,spillover,34,2,0,,2.0,2025|2026
STAYC,spillover,35,0,1,협업,1.3,
STAYC,spillover,36,3,2,팝업|투어,3.1,2024|2025
STAYC,spillover,37,0,2,투어|콘서트,1.6,
STAYC,spillover,38,1,2,모델|협업,2.1,2023
STAYC,spillover,39,1,0,,1.5,2021|2023
STAYC,spillover,40,1,0,,1.5,2022
STAYC,spillover,41,1,0,,1.5,2023
STAYC,spillover,42,1,0,,1.5,2025
STAYC,spillover,43,1,0,,1.5,2026
STAYC,spillover,44,2,0,,2.0,2026
STAYC,spillover,45,0,0,,1.0,
STAYC,spillover,46,0,0,,1.0,
STAYC,spillover,47,2,0,,2.0,2020
STAYC,spillover,48,1,0,,1.5,2020
STAYC,spillover,49,3,0,,2.5,2020|2021
레드벨벳,loyalty,0,0,1,팬클럽,1.3,
레드벨벳,loyalty,1,3,0,,2.5,2022
레드벨벳,loyalty,2,2,1,돌파,2.3,2020
레드벨벳,loyalty,3,1,1,매진,1.8,2024
레드벨벳,loyalty,4,4,0,,3.0,2017
레드벨벳,loyalty,5,2,0,,2.0,2018
레드벨벳,loyalty,6,1,0,,1.5,2018
레드벨벳,loyalty,7,2,1,매진,2.3,2024
레드벨벳,loyalty,8,0,0,,1.0,
레드벨벳,loyalty,9,0,0,,1.0,2024
레드벨벳,loyalty,10,0,0,,1.0,2026
레드벨벳,loyalty,11,0,0,,1.0,
레드벨벳,loyalty,12,0,0,,1.0,2017|2020|2023
레드벨벳,loyalty,13,1,1,팬클럽,1.8,
레드벨벳,loyalty,14,1,1,팬클럽,1.8,
레드벨벳,loyalty,15,1,0,,1.5,
레드벨벳,loyalty,16,1,1,팬클럽,1.8,2025
레드벨벳,loyalty,17,1,0,,1.5,2022
레드벨벳,loyalty,18,3,1,기부,2.8,2021
레드벨벳,loyalty,19,3,2,기부|팬클럽,3.1,2021
레드벨벳,loyalty,20,2,2,매진|팬클럽,2.6,2026
레드벨벳,loyalty,21,1,2,매진|팬클럽,2.1,
레드벨벳,loyalty,22,1,2,매진|팬클럽,2.1,
레드벨벳,loyalty,23,0,0,,1.0,
레드벨벳,loyalty,24,1,0,,1.5,
레드벨벳,loyalty,25,1,0,,1.5,2025
레드벨벳,loyalty,26,0,0,,1.0,
레드벨벳,loyalty,27,0,0,,1.0,
레드벨벳,loyalty,28,0,0,,1.0,
레드벨벳,loyalty,29,0,0,,1.0,
레드벨벳,loyalty,30,0,0,,1.0,
레드벨벳,loyalty,31,0,0,,1.0,
레드벨벳,loyalty,32,0,0,,1.0,
레드벨벳,loyalty,33,0,0,,1.0,
레드벨벳,loyalty,34,0,0,,1.0,
레드벨벳,loyalty,35,1,0,,1.5,
레드벨벳,loyalty,36,0,0,,1.0,
레드벨벳,loyalty,37,1,0,,1.5,
레드벨벳,loyalty,38,1,0,,1.5,
레드벨벳,loyalty,39,0,0,,1.0,
레드벨벳,loyalty,40,0,0,,1.0,
레드벨벳,loyalty,41,1,0,,1.5,2023
레드벨벳,loyalty,42,0,0,,1.0,
레드벨벳,loyalty,43,1,1,기부,1.8,
레드벨벳,loyalty,44,1,0,,1.5,2024
레드벨벳,loyalty,45,0,0,,1.0,
레드벨벳,loyalty,46,1,0,,1.5,2023
레드벨벳,loyalty,47,1,2,기부|팬클럽,2.1,2016
레드벨벳,loyalty,48,1,1,매진,1.8,
레드벨벳,loyalty,49,2,0,,2.0,2018
레드벨벳,loyalty,50,0,1,매진,1.3,2026
레드벨벳,loyalty,51,0,0,,1.0,
레드벨벳,loyalty,52,0,1,기부,1.3,
레드벨벳,spillover,0,1,2,매출|콘서트,2.1,2017
레드벨벳,spillover,1,1,2,매출|콘서트,2.1,2024
레드벨벳,spillover,2,2,0,,2.0,2018
레드벨벳,spillover,3,0,1,관광,1.3,
레드벨벳,spillover,4,0,0,,1.0,2025
레드벨벳,spillover,5,0,0,,1.0,2022
레드벨벳,spillover,6,0,0,,1.0,2018|2020
레드벨벳,spillover,7,0,0,,1.0,2026
레드벨벳,spillover,8,0,0,,1.0,
레드벨벳,spillover,9,0,2,투어|콘서트,1.6,2023
레드벨벳,spillover,10,0,0,,1.0,
레드벨벳,spillover,11,0,0,,1.0,2022
레드벨벳,spillover,12,0,0,,1.0,2023
레드벨벳,spillover,13,0,0,,1.0,2025
레드벨벳,spillover,14,0,0,,1.0,
레드벨벳,spillover,15,0,0,,1.0,
레드벨벳,spillover,16,2,1,콘서트,2.3,2025
레드벨벳,spillover,17,0,1,브랜드,1.3,
레드벨벳,spillover,18,2,1,투어,2.3,2024
레드벨벳,spillover,19,5,0,,3.5,2015|2017|2022
레드벨벳,spillover,20,3,0,,2.5,2015|2022
레드벨벳,spillover,21,4,0,,3.0,2026
레드벨벳,spillover,22,0,0,,1.0,
레드벨벳,spillover,23,1,0,,1.5,2025
레드벨벳,spillover,24,1,1,콘서트,1.8,
레드벨벳,spillover,25,0,0,,1.0,2015|2016
레드벨벳,spillover,26,0,0,,1.0,2015|2016
레드벨벳,spillover,27,0,0,,1.0,2018
레드벨벳,spillover,28,0,0,,1.0,2019
레드벨벳,spillover,29,1,0,,1.5,
레드벨벳,spillover,30,3,0,,2.5,2017|2026
레드벨벳,spillover,31,1,0,,1.5,2023
레드벨벳,spillover,32,3,0,,2.5,
레드벨벳,spillover,33,2,2,투어|콘서트,2.6,2025
레드벨벳,spillover,34,1,0,,1.5,2016
레드벨벳,spillover,35,3,0,,2.5,2018
레드벨벳,spillover,36,1,1,관광,1.8,2018
레드벨벳,spillover,37,0,1,소비,1.3,
레드벨벳,spillover,38,1,0,,1.5,2026
레드벨벳,spillover,39,1,0,,1.5,2026
레드벨벳,spillover,40,1,0,,1.5,
레드벨벳,spillover,41,1,0,,1.5,2026
레드벨벳,spillover,42,1,2,앰버서더|브랜드,2.1,2021
레드벨벳,spillover,43,1,2,앰버서더|브랜드,2.1,2023
레드벨벳,spillover,44,1,2,모델|브랜드,2.1,2025
레드벨벳,spillover,45,0,2,모델|브랜드,1.6,
레드벨벳,spillover,46,1,1,모델,1.8,2017
레드벨벳,spillover,47,1,1,모델,1.8,2021
레드벨벳,spillover,48,1,1,모델,1.8,2018
레드벨벳,spillover,49,1,1,모델,1.8,2017
레드벨벳,spillover,50,1,0,,1.5,2015
레드벨벳,spillover,51,1,0,,1.5,2017
레드벨벳,spillover,52,1,0,,1.5,2019
레드벨벳,spillover,53,1,0,,1.5,2021
레드벨벳,spillover,54,0,0,,1.0,2026
레드벨벳,spillover,55,0,1,모델,1.3,
레드벨벳,spillover,56,0,0,,1.0,2026
레드벨벳,spillover,57,0,2,투어|콘서트,1.6,
레드벨벳,spillover,58,2,1,콘서트,2.3,2025
레드벨벳,spillover,59,2,0,,2.0,2025
레드벨벳,spillover,60,0,0,,1.0,
레드벨벳,spillover,61,0,0,,1.0,
레드벨벳,spillover,62,1,1,투어,1.8,2023
레드벨벳,spillover,63,1,0,,1.5,
레드벨벳,spillover,64,0,0,,1.0,
엔믹스,loyalty,0,0,1,팬클럽,1.3,
엔믹스,loyalty,1,1,0,,1.5,
엔믹스,loyalty,2,2,1,1위,2.3,
엔믹스,loyalty,3,3,0,,2.5,2021|2022
엔믹스,loyalty,4,1,0,,1.5,2023
엔믹스,loyalty,5,1,0,,1.5,2025
엔믹스,loyalty,6,0,0,,1.0,
엔믹스,loyalty,7,0,0,,1.0,2026
엔믹스,loyalty,8,0,0,,1.0,2025
엔믹스,loyalty,9,0,0,,1.0,2025
엔믹스,loyalty,10,0,0,,1.0,2025
엔믹스,loyalty,11,0,0,,1.0,
엔믹스,loyalty,12,0,0,,1.0,2025
엔믹스,loyalty,13,2,2,최초|팬클럽,2.6,2025
엔믹스,loyalty,14,0,2,지속|팬클럽,1.6,
엔믹스,loyalty,15,1,0,,1.5,
엔믹스,loyalty,16,1,0,,1.5,
엔믹스,loyalty,17,1,0,,1.5,2023
엔믹스,loyalty,18,1,0,,1.5,2025
엔믹스,loyalty,19,0,0,,1.0,
엔믹스,loyalty,20,0,0,,1.0,
엔믹스,loyalty,21,2,2,매진|확장,2.6,2025
엔믹스,loyalty,22,1,1,매진,1.8,
엔믹스,loyalty,23,0,0,,1.0,
엔믹스,loyalty,24,0,0,,1.0,
엔믹스,loyalty,25,0,0,,1.0,
엔믹스,loyalty,26,1,0,,1.5,2025
엔믹스,loyalty,27,0,0,,1.0,
엔믹스,loyalty,28,0,0,,1.0,
엔믹스,loyalty,29,0,0,,1.0,
엔믹스,loyalty,30,0,0,,1.0,
엔믹스,loyalty,31,0,0,,1.0,
엔믹스,loyalty,32,0,0,,1.0,
엔믹스,loyalty,33,0,0,,1.0,
엔믹스,loyalty,34,0,0,,1.0,
엔믹스,loyalty,35,0,0,,1.0,
엔믹스,loyalty,36,0,0,,1.0,
엔믹스,loyalty,37,0,0,,1.0,
엔믹스,loyalty,38,0,0,,1.0,
엔믹스,loyalty,39,0,0,,1.0,
엔믹스,loyalty,40,0,0,,1.0,
엔믹스,loyalty,41,1,0,,1.5,2023
엔믹스,loyalty,42,1,0,,1.5,2023
엔믹스,loyalty,43,1,0,,1.5,2025
엔믹스,loyalty,44,0,0,,1.0,
엔믹스,loyalty,45,1,1,1위,1.8,2026
엔믹스,loyalty,46,4,1,1위,3.3,2026
엔믹스,spillover,0,1,1,앰버서더,1.8,2022
엔믹스,spillover,1,1,1,브랜드,1.8,2023
엔믹스,spillover,2,1,2,앰버서더|브랜드,2.1,2025
엔믹스,spillover,3,0,1,브랜드,1.3,
엔믹스,spillover,4,1,1,앰버서더,1.8,2022
엔믹스,spillover,5,1,0,,1.5,2025
엔믹스,spillover,6,1,0,,1.5,2026
엔믹스,spillover,7,3,0,,2.5,2025
엔믹스,spillover,8,0,0,,1.0,2022|2023
엔믹스,spillover,9,0,0,,1.0,2025|2026
엔믹스,spillover,10,0,0,,1.0,2025
엔믹스,spillover,11,0,0,,1.0,2025
엔믹스,spillover,12,0,0,,1.0,2025
엔믹스,spillover,13,0,1,투어,1.3,
엔믹스,spillover,14,0,1,투어,1.3,
엔믹스,spillover,15,0,0,,1.0,2026
엔믹스,spillover,16,0,0,,1.0,
엔믹스,spillover,17,1,2,앰버서더|브랜드,2.1,2025
엔믹스,spillover,18,0,0,,1.0,2026
엔믹스,spillover,19,0,0,,1.0,2026
엔믹스,spillover,20,1,1,콘서트,1.8,2026
엔믹스,spillover,21,5,0,,3.5,2023|2025
엔믹스,spillover,22,1,1,투어,1.8,
엔믹스,spillover,23,0,1,지역,1.3,
엔믹스,spillover,24,0,1,콘서트,1.3,
엔믹스,spillover,25,1,0,,1.5,
엔믹스,spillover,26,0,0,,1.0,
엔믹스,spillover,27,0,0,,1.0,
엔믹스,spillover,28,3,0,,2.5,2023|2025
엔믹스,spillover,29,0,0,,1.0,
엔믹스,spillover,30,0,0,,1.0,
엔믹스,spillover,31,0,1,방문,1.3,
엔믹스,spillover,32,1,3,앰버서더|브랜드|지역,2.4,2025
엔믹스,spillover,33,0,2,앰버서더|브랜드,1.6,
엔믹스,spillover,34,1,0,,1.5,2022
엔믹스,spillover,35,3,1,수익,2.8,
엔믹스,spillover,36,1,0,,1.5,2026
엔믹스,spillover,37,1,0,,1.5,2025
엔믹스,spillover,38,0,0,,1.0,
엔믹스,spillover,39,1,1,홍보대사,1.8,2026
엔믹스,spillover,40,1,0,,1.5,2026
엔믹스,spillover,41,1,0,,1.5,2026
엔믹스,spillover,42,1,1,투어,1.8,
엔믹스,spillover,43,2,2,모델|브랜드,2.6,2024
엔믹스,spillover,44,1,1,앰버서더,1.8,2024
엔믹스,spillover,45,0,1,앰버서더,1.3,
엔믹스,spillover,46,1,2,앰버서더|브랜드,2.1,2025
엔믹스,spillover,47,1,2,앰버서더|브랜드,2.1,2026
엔믹스,spillover,48,1,1,모델,1.8,2023|2024
엔믹스,spillover,49,1,1,모델,1.8,2024
엔믹스,spillover,50,2,0,,2.0,2023|2024
엔믹스,spillover,51,1,1,모델,1.8,2025
엔믹스,spillover,52,1,1,모델,1.8,2025
엔믹스,spillover,53,1,0,,1.5,2024
엔믹스,spillover,54,1,0,,1.5,2023
엔믹스,spillover,55,1,2,앰버서더|브랜드,2.1,2026
엔믹스,spillover,56,1,0,,1.5,2025|2026
엔믹스,spillover,57,1,0,,1.5,2025
엔믹스,spillover,58,1,0,,1.5,2025
엔믹스,spillover,59,3,1,투어,2.8,2024|2025|2026
엔믹스,spillover,60,1,0,,1.5,2021
엔믹스,spillover,61,1,0,,1.5,2022
엔믹스,spillover,62,0,1,투어,1.3,
마마무,loyalty,0,0,1,팬클럽,1.3,
마마무,loyalty,1,1,1,매진,1.8,2016
마마무,loyalty,2,1,1,매진,1.8,2018
마마무,loyalty,3,2,1,돌파,2.3,2020
마마무,loyalty,4,4,0,,3.0,2020
마마무,loyalty,5,1,1,매진,1.8,2015
마마무,loyalty,6,1,1,매진,1.8,2016
마마무,loyalty,7,1,1,매진,1.8,2018
마마무,loyalty,8,3,0,,2.5,2020
마마무,loyalty,9,2,0,,2.0,2021
마마무,loyalty,10,0,0,,1.0,2015
마마무,loyalty,11,0,0,,1.0,2016|2018
마마무,loyalty,12,0,0,,1.0,2017
마마무,loyalty,13,0,1,지속,1.3,2026
마마무,loyalty,14,1,0,,1.5,2023
마마무,loyalty,15,0,0,,1.0,
마마무,loyalty,16,0,0,,1.0,2026
마마무,loyalty,17,1,1,팬클럽,1.8,
마마무,loyalty,18,0,0,,1.0,
마마무,loyalty,19,1,0,,1.5,
마마무,loyalty,20,0,0,,1.0,
마마무,loyalty,21,0,0,,1.0,
마마무,loyalty,22,1,1,매진,1.8,
마마무,loyalty,23,2,0,,2.0,
마마무,loyalty,24,0,0,,1.0,
마마무,loyalty,25,1,0,,1.5,
마마무,loyalty,26,2,0,,2.0,2026
마마무,loyalty,27,0,0,,1.0,
마마무,loyalty,28,1,0,,1.5,2023
마마무,loyalty,29,1,0,,1.5,2018
마마무,loyalty,30,0,0,,1.0,
마마무,loyalty,31,1,0,,1.5,2023
마마무,loyalty,32,1,1,팬클럽,1.8,
마마무,loyalty,33,0,0,,1.0,
마마무,loyalty,34,0,1,매진,1.3,
마마무,spillover,0,1,0,,1.5,2018
마마무,spillover,1,0,1,모델,1.3,
마마무,spillover,2,0,2,브랜드|소비,1.6,
마마무,spillover,3,0,0,,1.0,2017
마마무,spillover,4,2,0,,2.0,2019|2020
마마무,spillover,5,4,0,,3.0,
마마무,spillover,6,0,0,,1.0,2020
마마무,spillover,7,0,0,,1.0,
마마무,spillover,8,0,0,,1.0,2022|2023
마마무,spillover,9,0,0,,1.0,2026
마마무,spillover,10,2,1,투어,2.3,2025
마마무,spillover,11,0,0,,1.0,2023
마마무,spillover,12,0,0,,1.0,2023
마마무,spillover,13,0,0,,1.0,
마마무,spillover,14,0,0,,1.0,
마마무,spillover,15,4,0,,3.0,2016|2018
마마무,spillover,16,2,0,,2.0,
마마무,spillover,17,2,0,,2.0,2019|2020
마마무,spillover,18,3,0,,2.5,2020
마마무,spillover,19,0,0,,1.0,
마마무,spillover,20,0,1,투어,1.3,
마마무,spillover,21,0,0,,1.0,
마마무,spillover,22,4,0,,3.0,2016
마마무,spillover,23,1,0,,1.5,2015
마마무,spillover,24,0,0,,1.0,
마마무,spillover,25,0,0,,1.0,
마마무,spillover,26,1,0,,1.5,2016
마마무,spillover,27,1,0,,1.5,
마마무,spillover,28,2,1,콘서트,2.3,2021
마마무,spillover,29,1,0,,1.5,2026
마마무,spillover,30,1,0,,1.5,2023
마마무,spillover,31,1,2,지역|홍보대사,2.1,2019
마마무,spillover,32,1,1,매출,1.8,
마마무,spillover,33,2,0,,2.0,2026
마마무,spillover,34,0,1,투어,1.3,
마마무,spillover,35,0,1,투어,1.3,
마마무,spillover,36,0,1,모델,1.3,
마마무,spillover,37,1,2,모델|브랜드,2.1,2018
마마무,spillover,38,1,2,모델|브랜드,2.1,2016
마마무,spillover,39,1,2,모델|브랜드,2.1,2026
마마무,spillover,40,1,2,모델|브랜드,2.1,2026
마마무,spillover,41,1,2,모델|브랜드,2.1,2025
마마무,spillover,42,1,1,모델,1.8,2016
마마무,spillover,43,1,1,모델,1.8,2018
마마무,spillover,44,1,1,모델,1.8,2016
마마무,spillover,45,3,0,,2.5,2015|2016|2018
마마무,spillover,46,1,1,모델,1.8,2016
마마무,spillover,47,1,0,,1.5,2019
마마무,spillover,48,0,0,,1.0,
마마무,spillover,49,4,1,투어,3.3,2024|2025
마마무,spillover,50,1,0,,1.5,
마마무,spillover,51,0,0,,1.0,
마마무,spillover,52,2,1,투어,2.3,2025
마마무,spillover,53,1,1,투어,1.8,2026
마마무,spillover,54,1,2,방문|투어,2.1,
마마무,spillover,55,1,0,,1.5,
마마무,spillover,56,2,0,,2.0,2024
마마무,spillover,57,1,0,,1.5,
마마무,spillover,58,2,1,투어,2.3,2026
아이오아이,loyalty,0,6,1,팬클럽,4.3,2016|2021|2026
아이오아이,loyalty,1,4,0,,3.0,2017|2026
아이오아이,loyalty,2,3,1,1위,2.8,2026
아이오아이,loyalty,3,2,0,,2.0,2026
아이오아이,loyalty,4,0,1,충성,1.3,
아이오아이,loyalty,5,2,0,,2.0,2016
아이오아이,loyalty,6,2,0,,2.0,2016
아이오아이,loyalty,7,4,0,,3.0,2026
아이오아이,loyalty,8,1,0,,1.5,2017
아이오아이,loyalty,9,3,0,,2.5,2026
아이오아이,loyalty,10,0,0,,1.0,2021|2026
아이오아이,loyalty,11,0,0,,1.0,2017|2019|2021
아이오아이,loyalty,12,0,1,팬클럽,1.3,2026
아이오아이,loyalty,13,4,0,,3.0,2026
아이오아이,loyalty,14,2,0,,2.0,2026
아이오아이,loyalty,15,2,1,팬클럽,2.3,2026
아이오아이,loyalty,16,2,1,팬클럽,2.3,
아이오아이,loyalty,17,3,0,,2.5,
아이오아이,loyalty,18,1,0,,1.5,2016|2017
아이오아이,loyalty,19,2,0,,2.0,
아이오아이,loyalty,20,1,0,,1.5,
아이오아이,loyalty,21,1,0,,1.5,2026
아이오아이,loyalty,22,0,0,,1.0,
아이오아이,loyalty,23,2,0,,2.0,2026
아이오아이,loyalty,24,0,0,,1.0,
아이오아이,loyalty,25,1,0,,1.5,2026
아이오아이,loyalty,26,1,0,,1.5,
아이오아이,loyalty,27,1,0,,1.5,
아이오아이,loyalty,28,1,0,,1.5,
아이오아이,loyalty,29,0,0,,1.0,2026
아이오아이,loyalty,30,0,0,,1.0,2026
아이오아이,loyalty,31,1,0,,1.5,
아이오아이,loyalty,32,1,0,,1.5,
아이오아이,loyalty,33,1,0,,1.5,
아이오아이,loyalty,34,1,0,,1.5,
아이오아이,loyalty,35,0,0,,1.0,
아이오아이,loyalty,36,1,0,,1.5,2026
아이오아이,loyalty,37,2,0,,2.0,2026
아이오아이,loyalty,38,1,0,,1.5,2026
아이오아이,loyalty,39,1,0,,1.5,2026
아이오아이,loyalty,40,1,0,,1.5,2026
아이오아이,loyalty,41,1,0,,1.5,
아이오아이,loyalty,42,1,0,,1.5,
아이오아이,loyalty,43,0,0,,1.0,
아이오아이,loyalty,44,1,0,,1.5,2026
아이오아이,spillover,0,0,2,모델|브랜드,1.6,
아이오아이,spillover,1,3,2,투어|콘서트,3.1,2026
아이오아이,spillover,2,0,0,,1.0,
아이오아이,spillover,3,3,0,,2.5,
아이오아이,spillover,4,2,0,,2.0,2026
아이오아이,spillover,5,0,0,,1.0,
아이오아이,spillover,6,0,0,,1.0,2016
아이오아이,spillover,7,0,0,,1.0,
아이오아이,spillover,8,0,0,,1.0,2026
아이오아이,spillover,9,0,0,,1.0,2026
아이오아이,spillover,10,0,1,브랜드,1.3,
아이오아이,spillover,11,3,0,,2.5,2016|2026
아이오아이,spillover,12,1,0,,1.5,
아이오아이,spillover,13,2,0,,2.0,
아이오아이,spillover,14,0,0,,1.0,2026
아이오아이,spillover,15,2,0,,2.0,2016
아이오아이,spillover,16,0,0,,1.0,
아이오아이,spillover,17,0,0,,1.0,
아이오아이,spillover,18,0,0,,1.0,
아이오아이,spillover,19,0,0,,1.0,
아이오아이,spillover,20,0,0,,1.0,
아이오아이,spillover,21,0,0,,1.0,
아이오아이,spillover,22,2,0,,2.0,2026
아이오아이,spillover,23,0,0,,1.0,2017
아이오아이,spillover,24,0,0,,1.0,
아이오아이,spillover,25,1,0,,1.5,2016
아이오아이,spillover,26,2,0,,2.0,2026
아이오아이,spillover,27,1,0,,1.5,
아이오아이,spillover,28,1,0,,1.5,2026
아이오아이,spillover,29,1,0,,1.5,2016
아이오아이,spillover,30,1,0,,1.5,2026
아이오아이,spillover,31,1,1,모델,1.8,2016
아이오아이,spillover,32,1,1,모델,1.8,2016
아이오아이,spillover,33,1,2,모델|콘서트,2.1,2016
아이오아이,spillover,34,2,1,브랜드,2.3,2016
아이오아이,spillover,35,1,0,,1.5,2016
아이오아이,spillover,36,1,3,모델|브랜드|협업,2.4,2016
아이오아이,spillover,37,1,0,,1.5,2016
아이오아이,spillover,38,1,0,,1.5,
아이오아이,spillover,39,1,1,브랜드,1.8,2023
아이오아이,spillover,40,0,0,,1.0,2024
아이오아이,spillover,41,2,0,,2.0,2021
아이오아이,spillover,42,1,0,,1.5,2025
아이오아이,spillover,43,0,0,,1.0,
아이오아이,spillover,44,0,0,,1.0,
아이오아이,spillover,45,1,0,,1.5,2025
아이오아이,spillover,46,1,3,앰버서더|브랜드|소비,2.4,2026
아이오아이,spillover,47,1,0,,1.5,
아이오아이,spillover,48,3,1,투어,2.8,2026
아이오아이,spillover,49,2,0,,2.0,2021
Hearts2Hearts,loyalty,0,4,1,역사,3.3,2024|2025
Hearts2Hearts,loyalty,1,0,0,,1.0,
Hearts2Hearts,loyalty,2,3,1,기부,2.8,2026
Hearts2Hearts,loyalty,3,2,0,,2.0,2026
Hearts2Hearts,loyalty,4,2,0,,2.0,2026
Hearts2Hearts,loyalty,5,5,0,,3.5,2026
Hearts2Hearts,loyalty,6,3,0,,2.5,2026
Hearts2Hearts,loyalty,7,1,2,기부|팬클럽,2.1,2026
Hearts2Hearts,loyalty,8,0,0,,1.0,2026
Hearts2Hearts,loyalty,9,0,0,,1.0,2026
Hearts2Hearts,loyalty,10,0,0,,1.0,2025
Hearts2Hearts,loyalty,11,0,0,,1.0,2026
Hearts2Hearts,loyalty,12,2,0,,2.0,2026
Hearts2Hearts,loyalty,13,0,0,,1.0,
Hearts2Hearts,loyalty,14,0,4,출범|확장|팬클럽|결속,2.2,
Hearts2Hearts,loyalty,15,0,1,팬클럽,1.3,
Hearts2Hearts,loyalty,16,0,0,,1.0,2026
Hearts2Hearts,loyalty,17,0,0,,1.0,
Hearts2Hearts,loyalty,18,4,0,,3.0,2026
Hearts2Hearts,loyalty,19,5,0,,3.5,2026
Hearts2Hearts,loyalty,20,0,0,,1.0,
Hearts2Hearts,loyalty,21,1,0,,1.5,2025
Hearts2Hearts,loyalty,22,0,0,,1.0,2026
Hearts2Hearts,loyalty,23,0,0,,1.0,2025
Hearts2Hearts,loyalty,24,0,0,,1.0,
Hearts2Hearts,loyalty,25,1,0,,1.5,2026
Hearts2Hearts,loyalty,26,1,0,,1.5,2025
Hearts2Hearts,spillover,0,2,4,관광|지자체|브랜드|홍보대사,3.2,2025
Hearts2Hearts,spillover,1,0,3,앰버서더|브랜드|소비,1.9,
Hearts2Hearts,spillover,2,0,2,앰버서더|브랜드,1.6,2026
Hearts2Hearts,spillover,3,2,0,,2.0,2020
Hearts2Hearts,spillover,4,0,2,앰버서더|브랜드,1.6,
Hearts2Hearts,spillover,5,3,0,,2.5,2025
Hearts2Hearts,spillover,6,0,0,,1.0,2025
Hearts2Hearts,spillover,7,2,2,앰버서더|브랜드,2.6,2025|2026
Hearts2Hearts,spillover,8,2,0,,2.0,2025
Hearts2Hearts,spillover,9,3,0,,2.5,2026
Hearts2Hearts,spillover,10,0,0,,1.0,
Hearts2Hearts,spillover,11,0,0,,1.0,
Hearts2Hearts,spillover,12,0,0,,1.0,2025
Hearts2Hearts,spillover,13,0,0,,1.0,2025
Hearts2Hearts,spillover,14,0,0,,1.0,2025|2026
Hearts2Hearts,spillover,15,0,0,,1.0,2025
Hearts2Hearts,spillover,16,2,0,,2.0,2026
Hearts2Hearts,spillover,17,0,0,,1.0,2025
Hearts2Hearts,spillover,18,0,0,,1.0,2025
Hearts2Hearts,spillover,19,0,0,,1.0,
Hearts2Hearts,spillover,20,0,0,,1.0,
Hearts2Hearts,spillover,21,9,0,,5.5,2025|2026
Hearts2Hearts,spillover,22,3,0,,2.5,
Hearts2Hearts,spillover,23,6,0,,4.0,2025|2026
Hearts2Hearts,spillover,24,0,1,방문,1.3,
Hearts2Hearts,spillover,25,0,0,,1.0,
Hearts2Hearts,spillover,26,0,0,,1.0,2026
Hearts2Hearts,spillover,27,0,1,방문,1.3,
Hearts2Hearts,spillover,28,1,0,,1.5,2025
Hearts2Hearts,spillover,29,0,0,,1.0,2026
Hearts2Hearts,spillover,30,0,0,,1.0,
Hearts2Hearts,spillover,31,1,0,,1.5,
Hearts2Hearts,spillover,32,1,0,,1.5,2025
Hearts2Hearts,spillover,33,1,0,,1.5,
Hearts2Hearts,spillover,34,0,0,,1.0,2026
Hearts2Hearts,spillover,35,0,0,,1.0,2026
Hearts2Hearts,spillover,36,0,1,콘서트,1.3,2025|2026
Hearts2Hearts,spillover,37,1,0,,1.5,2025
Hearts2Hearts,spillover,38,1,1,콘서트,1.8,2026
Hearts2Hearts,spillover,39,1,0,,1.5,2026
Hearts2Hearts,spillover,40,2,0,,2.0,
Hearts2Hearts,spillover,41,1,1,홍보대사,1.8,2026
Hearts2Hearts,spillover,42,1,0,,1.5,2025
Hearts2Hearts,spillover,43,2,0,,2.0,2026
Hearts2Hearts,spillover,44,0,0,,1.0,2026
Hearts2Hearts,spillover,45,0,0,,1.0,2026
Hearts2Hearts,spillover,46,1,1,모델,1.8,2025
Hearts2Hearts,spillover,47,1,1,모델,1.8,2025
Hearts2Hearts,spillover,48,1,2,모델|브랜드,2.1,2025
Hearts2Hearts,spillover,49,2,1,홍보대사,2.3,2025
Hearts2Hearts,spillover,50,1,1,앰버서더,1.8,2026
Hearts2Hearts,spillover,51,1,1,모델,1.8,2025
Hearts2Hearts,spillover,52,1,1,모델,1.8,2025
Hearts2Hearts,spillover,53,2,1,모델,2.3,2025|2026
Hearts2Hearts,spillover,54,1,1,앰버서더,1.8,2026
Hearts2Hearts,spillover,55,1,1,모델,1.8,2026
Hearts2Hearts,spillover,56,1,2,앰버서더|모델,2.1,2025
Hearts2Hearts,spillover,57,1,0,,1.5,2025
Hearts2Hearts,spillover,58,2,1,홍보대사,2.3,2026
Hearts2Hearts,spillover,59,0,1,홍보대사,1.3,2026
Hearts2Hearts,spillover,60,1,0,,1.5,2025
Hearts2Hearts,spillover,61,2,1,투어,2.3,2025|2026
Hearts2Hearts,spillover,62,0,0,,1.0,2025
Hearts2Hearts,spillover,63,1,0,,1.5,2026
Hearts2Hearts,spillover,64,0,0,,1.0,
Hearts2Hearts,spillover,65,0,0,,1.0,
Hearts2Hearts,spillover,66,1,0,,1.5,
Hearts2Hearts,spillover,67,1,1,방문,1.8,2026
Hearts2Hearts,spillover,68,0,2,앰버서더|브랜드,1.6,
Hearts2Hearts,spillover,69,0,2,앰버서더|브랜드,1.6,
Hearts2Hearts,spillover,70,0,1,콘서트,1.3,
Hearts2Hearts,spillover,71,1,2,브랜드|협업,2.1,2026
Hearts2Hearts,spillover,72,1,0,,1.5,2026
Hearts2Hearts,spillover,73,1,0,,1.5,2025
Hearts2Hearts,spillover,74,1,0,,1.5,
워너원,loyalty,0,1,0,,1.5,2017|2019
워너원,loyalty,1,2,1,매진,2.3,
워너원,loyalty,2,0,1,결속,1.3,
워너원,loyalty,3,2,0,,2.0,2026
워너원,loyalty,4,1,0,,1.5,
워너원,loyalty,5,1,2,돌파|밀리언셀러,2.1,
워너원,loyalty,6,1,1,돌파,1.8,
워너원,loyalty,7,1,0,,1.5,2017|2018|2019
워너원,loyalty,8,2,0,,2.0,2021
워너원,loyalty,9,2,0,,2.0,2022
워너원,loyalty,10,0,0,,1.0,
워너원,loyalty,11,0,0,,1.0,
워너원,loyalty,12,0,0,,1.0,2019
워너원,loyalty,13,0,2,매진|팬클럽,1.6,
워너원,loyalty,14,2,0,,2.0,
워너원,loyalty,15,1,0,,1.5,
워너원,loyalty,16,0,1,팬클럽,1.3,
워너원,loyalty,17,1,0,,1.5,2018
워너원,loyalty,18,0,0,,1.0,
워너원,loyalty,19,4,3,매진|신기록|팬클럽,3.9,2018
워너원,loyalty,20,2,1,매진,2.3,2018
워너원,loyalty,21,1,1,매진,1.8,
워너원,loyalty,22,2,0,,2.0,
워너원,loyalty,23,1,0,,1.5,
워너원,loyalty,24,0,0,,1.0,
워너원,loyalty,25,0,0,,1.0,
워너원,loyalty,26,0,0,,1.0,
워너원,loyalty,27,0,0,,1.0,
워너원,loyalty,28,0,1,매진,1.3,
워너원,loyalty,29,0,0,,1.0,
워너원,loyalty,30,0,1,매진,1.3,
워너원,loyalty,31,0,0,,1.0,
워너원,loyalty,32,0,0,,1.0,
워너원,loyalty,33,0,1,최초,1.3,
워너원,loyalty,34,0,0,,1.0,
워너원,loyalty,35,0,0,,1.0,
워너원,loyalty,36,0,0,,1.0,
워너원,loyalty,37,0,0,,1.0,
워너원,loyalty,38,0,0,,1.0,
워너원,loyalty,39,0,0,,1.0,
워너원,loyalty,40,1,0,,1.5,2018
워너원,loyalty,41,0,0,,1.0,
워너원,loyalty,42,4,0,,3.0,2017|2026
워너원,loyalty,43,0,0,,1.0,
워너원,loyalty,44,1,0,,1.5,2025
워너원,loyalty,45,1,0,,1.5,
워너원,loyalty,46,1,0,,1.5,2021
워너원,loyalty,47,5,1,결성,3.8,2017
워너원,spillover,0,0,1,모델,1.3,
워너원,spillover,1,1,3,앰버서더|모델|브랜드,2.4,
워너원,spillover,2,4,4,매출|수익|투어|콘서트,4.2,
워너원,spillover,3,0,2,모델|수익,1.6,
워너원,spillover,4,1,1,브랜드,1.8,
워너원,spillover,5,1,0,,1.5,2017
워너원,spillover,6,1,0,,1.5,2018
워너원,spillover,7,1,0,,1.5,2017
워너원,spillover,8,0,0,,1.0,2017
워너원,spillover,9,0,0,,1.0,2018
워너원,spillover,10,0,0,,1.0,2018
워너원,spillover,11,0,0,,1.0,2026
워너원,spillover,12,0,0,,1.0,2019|2026
워너원,spillover,13,1,1,투어,1.8,2018
워너원,spillover,14,0,0,,1.0,
워너원,spillover,15,0,0,,1.0,
워너원,spillover,16,0,0,,1.0,
워너원,spillover,17,0,0,,1.0,
워너원,spillover,18,0,0,,1.0,
워너원,spillover,19,1,1,콘서트,1.8,
워너원,spillover,20,0,3,관광|상권|소비,1.9,
워너원,spillover,21,1,0,,1.5,
워너원,spillover,22,4,0,,3.0,2017
워너원,spillover,23,5,0,,3.5,2018
워너원,spillover,24,4,0,,3.0,2018
워너원,spillover,25,4,0,,3.0,2018
워너원,spillover,26,2,0,,2.0,
워너원,spillover,27,3,0,,2.5,
워너원,spillover,28,1,0,,1.5,2021
워너원,spillover,29,0,0,,1.0,
워너원,spillover,30,1,0,,1.5,
워너원,spillover,31,2,1,홍보대사,2.3,2019
워너원,spillover,32,1,0,,1.5,
워너원,spillover,33,0,0,,1.0,
워너원,spillover,34,0,0,,1.0,
워너원,spillover,35,0,0,,1.0,
워너원,spillover,36,1,0,,1.5,
워너원,spillover,37,1,0,,1.5,
워너원,spillover,38,0,0,,1.0,2021|2022
워너원,spillover,39,0,0,,1.0,2022
워너원,spillover,40,1,1,협업,1.8,2017
워너원,spillover,41,1,0,,1.5,2017|2026
워너원,spillover,42,2,0,,2.0,
워너원,spillover,43,0,0,,1.0,
워너원,spillover,44,2,0,,2.0,2020|2021
워너원,spillover,45,6,1,매출,4.3,
워너원,spillover,46,1,0,,1.5,2017
워너원,spillover,47,2,0,,2.0,2026
워너원,spillover,48,0,0,,1.0,
워너원,spillover,49,2,1,모델,2.3,2017
워너원,spillover,50,1,1,모델,1.8,2018
워너원,spillover,51,1,2,모델|브랜드,2.1,2017
워너원,spillover,52,1,2,모델|브랜드,2.1,2018
워너원,spillover,53,1,0,,1.5,2017
워너원,spillover,54,1,0,,1.5,2017
워너원,spillover,55,1,0,,1.5,2018
워너원,spillover,56,1,0,,1.5,2017
워너원,spillover,57,1,0,,1.5,2018
워너원,spillover,58,2,0,,2.0,2019|2026
워너원,spillover,59,1,0,,1.5,2025
워너원,spillover,60,3,0,,2.5,2025
워너원,spillover,61,1,0,,1.5,2024
워너원,spillover,62,4,0,,3.0,2022|2026
워너원,spillover,63,2,0,,2.0,2026
워너원,spillover,64,2,0,,2.0,2024|2025
워너원,spillover,65,4,0,,3.0,2017|2019|2021|2026
워너원,spillover,66,1,2,모델|브랜드,2.1,2018
워너원,spillover,67,1,2,모델|브랜드,2.1,2017
워너원,spillover,68,1,2,모델|브랜드,2.1,2017
워너원,spillover,69,1,2,모델|브랜드,2.1,2018
워너원,spillover,70,0,1,브랜드,1.3,
워너원,spillover,71,0,0,,1.0,
워너원,spillover,72,0,0,,1.0,
워너원,spillover,73,2,0,,2.0,2018
워너원,spillover,74,1,1,콘서트,1.8,2018
아일릿,loyalty,0,2,3,역사|1위|최초,2.9,2024
아일릿,loyalty,1,6,2,돌파|1위,4.6,2024
아일릿,loyalty,2,2,3,출범|결성|팬클럽,2.9,2024
아일릿,loyalty,3,2,1,지속,2.3,
아일릿,loyalty,4,2,1,1위,2.3,2024
아일릿,loyalty,5,1,0,,1.5,
아일릿,loyalty,6,1,0,,1.5,
아일릿,loyalty,7,2,0,,2.0,2024
아일릿,loyalty,8,0,0,,1.0,2023
아일릿,loyalty,9,1,0,,1.5,2024
아일릿,loyalty,10,0,0,,1.0,2025
아일릿,loyalty,11,0,0,,1.0,2025
아일릿,loyalty,12,2,0,,2.0,
아일릿,loyalty,13,1,1,총공,1.8,2026
아일릿,loyalty,14,2,0,,2.0,2025|2026
아일릿,loyalty,15,3,0,,2.5,2025|2026
아일릿,loyalty,16,0,0,,1.0,
아일릿,loyalty,17,0,0,,1.0,
아일릿,loyalty,18,4,1,돌파,3.3,
아일릿,loyalty,19,2,1,돌파,2.3,
아일릿,loyalty,20,11,0,,6.5,2025
아일릿,loyalty,21,1,0,,1.5,
아일릿,loyalty,22,0,0,,1.0,
아일릿,loyalty,23,0,0,,1.0,
아일릿,loyalty,24,0,0,,1.0,
아일릿,loyalty,25,0,0,,1.0,
아일릿,loyalty,26,1,0,,1.5,2026
아일릿,loyalty,27,0,0,,1.0,
아일릿,loyalty,28,0,0,,1.0,
아일릿,loyalty,29,1,0,,1.5,2026
아일릿,loyalty,30,3,1,최초,2.8,2024
아일릿,spillover,0,1,0,,1.5,2025|2026
아일릿,spillover,1,2,3,앰버서더|모델|브랜드,2.9,2026
아일릿,spillover,2,1,2,투어|콘서트,2.1,2026
아일릿,spillover,3,0,0,,1.0,
아일릿,spillover,4,2,0,,2.0,2024
아일릿,spillover,5,1,0,,1.5,
아일릿,spillover,6,1,0,,1.5,2024
아일릿,spillover,7,2,0,,2.0,2024
아일릿,spillover,8,0,0,,1.0,
아일릿,spillover,9,0,0,,1.0,
아일릿,spillover,10,0,0,,1.0,2024
아일릿,spillover,11,0,0,,1.0,2024
아일릿,spillover,12,0,0,,1.0,2025
아일릿,spillover,13,3,0,,2.5,2024
아일릿,spillover,14,0,0,,1.0,
아일릿,spillover,15,0,0,,1.0,
아일릿,spillover,16,0,0,,1.0,
아일릿,spillover,17,0,0,,1.0,2024
아일릿,spillover,18,2,0,,2.0,2025
아일릿,spillover,19,1,0,,1.5,2026
아일릿,spillover,20,3,1,브랜드,2.8,2025
아일릿,spillover,21,0,0,,1.0,
아일릿,spillover,22,4,0,,3.0,2024
아일릿,spillover,23,1,0,,1.5,
아일릿,spillover,24,2,0,,2.0,
아일릿,spillover,25,3,0,,2.5,
아일릿,spillover,26,0,2,앰버서더|브랜드,1.6,2025
아일릿,spillover,27,1,0,,1.5,2024
아일릿,spillover,28,0,0,,1.0,
아일릿,spillover,29,1,2,앰버서더|브랜드,2.1,
아일릿,spillover,30,0,0,,1.0,
아일릿,spillover,31,0,0,,1.0,
아일릿,spillover,32,0,1,모델,1.3,
아일릿,spillover,33,1,1,콘서트,1.8,2025
아일릿,spillover,34,1,0,,1.5,
아일릿,spillover,35,2,0,,2.0,
아일릿,spillover,36,0,0,,1.0,
아일릿,spillover,37,0,0,,1.0,
아일릿,spillover,38,0,0,,1.0,
아일릿,spillover,39,0,0,,1.0,
아일릿,spillover,40,0,0,,1.0,
아일릿,spillover,41,0,0,,1.0,
아일릿,spillover,42,0,0,,1.0,
아일릿,spillover,43,0,0,,1.0,
아일릿,spillover,44,0,0,,1.0,
아일릿,spillover,45,0,2,홍보대사|소비,1.6,
아일릿,spillover,46,0,1,협업,1.3,
아일릿,spillover,47,1,0,,1.5,2026
아일릿,spillover,48,0,0,,1.0,
아일릿,spillover,49,3,0,,2.5,
아일릿,spillover,50,2,0,,2.0,2025
아일릿,spillover,51,1,0,,1.5,2026
아일릿,spillover,52,1,0,,1.5,2026
아일릿,spillover,53,1,0,,1.5,2024
아일릿,spillover,54,1,0,,1.5,2026
아일릿,spillover,55,0,0,,1.0,
아일릿,spillover,56,1,2,앰버서더|브랜드,2.1,2025
아일릿,spillover,57,1,2,앰버서더|브랜드,2.1,2026
아일릿,spillover,58,3,1,모델,2.8,2024|2025
아일릿,spillover,59,1,2,모델|브랜드,2.1,2024
아일릿,spillover,60,1,1,모델,1.8,2025
아일릿,spillover,61,1,1,앰버서더,1.8,2024
아일릿,spillover,62,1,2,모델|브랜드,2.1,2024
아일릿,spillover,63,1,1,모델,1.8,2025
아일릿,spillover,64,1,2,모델|브랜드,2.1,2025
아일릿,spillover,65,1,1,앰버서더,1.8,2024
아일릿,spillover,66,1,2,홍보대사|소비,2.1,2026
아일릿,spillover,67,1,1,앰버서더,1.8,2025
아일릿,spillover,68,2,0,,2.0,2025
아일릿,spillover,69,3,0,,2.5,2024|2025|2026
아일릿,spillover,70,2,0,,2.0,2026
아일릿,spillover,71,0,0,,1.0,
아일릿,spillover,72,0,0,,1.0,
아일릿,spillover,73,0,0,,1.0,
아일릿,spillover,74,0,0,,1.0,
아일릿,spillover,75,1,0,,1.5,2024
GOT7,loyalty,0,3,0,,2.5,2022
GOT7,loyalty,1,2,0,,2.0,
GOT7,loyalty,2,6,0,,4.0,2019|2020
GOT7,loyalty,3,5,0,,3.5,2026
GOT7,loyalty,4,3,0,,2.5,
GOT7,loyalty,5,4,1,돌파,3.3,2021
GOT7,loyalty,6,3,0,,2.5,2017
GOT7,loyalty,7,2,0,,2.0,2015
GOT7,loyalty,8,2,1,1위,2.3,2015
GOT7,loyalty,9,2,1,1위,2.3,2022
GOT7,loyalty,10,2,1,매진,2.3,2025
GOT7,loyalty,11,2,1,매진,2.3,2025
GOT7,loyalty,12,3,0,,2.5,2018
GOT7,loyalty,13,4,0,,3.0,2018
GOT7,loyalty,14,0,0,,1.0,
GOT7,loyalty,15,0,1,기부,1.3,
GOT7,loyalty,16,2,1,기부,2.3,
GOT7,loyalty,17,1,1,기부,1.8,
GOT7,loyalty,18,0,1,기부,1.3,
GOT7,loyalty,19,1,1,돌파,1.8,
GOT7,loyalty,20,2,0,,2.0,2022
GOT7,loyalty,21,2,0,,2.0,2019|2022
GOT7,loyalty,22,1,0,,1.5,2019
GOT7,loyalty,23,2,0,,2.0,2024
GOT7,loyalty,24,1,0,,1.5,2025
GOT7,loyalty,25,1,0,,1.5,2019
GOT7,loyalty,26,1,0,,1.5,2019
GOT7,loyalty,27,1,0,,1.5,2025
GOT7,loyalty,28,0,0,,1.0,
GOT7,loyalty,29,2,0,,2.0,
GOT7,loyalty,30,1,0,,1.5,2025
GOT7,loyalty,31,0,0,,1.0,
GOT7,loyalty,32,1,0,,1.5,
GOT7,loyalty,33,1,0,,1.5,
GOT7,loyalty,34,0,0,,1.0,
GOT7,loyalty,35,0,0,,1.0,
GOT7,loyalty,36,1,0,,1.5,2024
GOT7,loyalty,37,1,0,,1.5,
GOT7,spillover,0,1,1,콘서트,1.8,2018
GOT7,spillover,1,0,0,,1.0,
GOT7,spillover,2,1,0,,1.5,2019
GOT7,spillover,3,0,1,투어,1.3,2019
GOT7,spillover,4,1,0,,1.5,2016
GOT7,spillover,5,1,0,,1.5,2016
GOT7,spillover,6,2,0,,2.0,2019
GOT7,spillover,7,1,1,지역,1.8,2018
GOT7,spillover,8,3,0,,2.5,2018|2019|2021
GOT7,spillover,9,1,0,,1.5,2017
GOT7,spillover,10,1,0,,1.5,
GOT7,spillover,11,1,0,,1.5,2019
GOT7,spillover,12,4,0,,3.0,2015
GOT7,spillover,13,3,1,지역,2.8,2022
GOT7,spillover,14,2,0,,2.0,2020
GOT7,spillover,15,2,0,,2.0,2020
GOT7,spillover,16,2,0,,2.0,2015
GOT7,spillover,17,4,0,,3.0,2017|2019
GOT7,spillover,18,2,0,,2.0,2019
GOT7,spillover,19,0,1,협업,1.3,
GOT7,spillover,20,1,0,,1.5,2023
GOT7,spillover,21,0,1,협업,1.3,
GOT7,spillover,22,2,2,앰버서더|브랜드,2.6,
GOT7,spillover,23,1,1,앰버서더,1.8,2021
GOT7,spillover,24,3,0,,2.5,2021
GOT7,spillover,25,1,0,,1.5,2019
GOT7,spillover,26,1,0,,1.5,2025
GOT7,spillover,27,0,0,,1.0,
GOT7,spillover,28,0,0,,1.0,
GOT7,spillover,29,0,0,,1.0,
GOT7,spillover,30,0,0,,1.0,
GOT7,spillover,31,1,0,,1.5,2021
GOT7,spillover,32,2,2,모델|브랜드,2.6,2017
GOT7,spillover,33,0,1,모델,1.3,
GOT7,spillover,34,2,0,,2.0,2019
GOT7,spillover,35,2,0,,2.0,2025
GOT7,spillover,36,0,0,,1.0,
GOT7,spillover,37,1,1,투어,1.8,2023
GOT7,spillover,38,1,0,,1.5,2022
GOT7,spillover,39,0,1,관중,1.3,
GOT7,spillover,40,0,0,,1.0,
GOT7,spillover,41,1,1,투어,1.8,2025
GOT7,spillover,42,1,0,,1.5,2025
GOT7,spillover,43,1,1,투어,1.8,2019
GOT7,spillover,44,2,0,,2.0,2015
GOT7,spillover,45,4,0,,3.0,2019
GOT7,spillover,46,2,0,,2.0,2017
GOT7,spillover,47,1,1,홍보대사,1.8,2018
GOT7,spillover,48,3,0,,2.5,2021|2024
GOT7,spillover,49,1,1,모델,1.8,2018
GOT7,spillover,50,0,2,모델|브랜드,1.6,
GOT7,spillover,51,0,1,앰버서더,1.3,
GOT7,spillover,52,2,2,앰버서더|브랜드,2.6,2025
GOT7,spillover,53,1,2,앰버서더|브랜드,2.1,2025
GOT7,spillover,54,1,1,모델,1.8,2020
GOT7,spillover,55,2,0,,2.0,2021
GOT7,spillover,56,3,1,협업,2.8,2021|2025
GOT7,spillover,57,2,0,,2.0,2025
GOT7,spillover,58,1,0,,1.5,2026
GOT7,spillover,59,1,0,,1.5,2025
GOT7,spillover,60,3,0,,2.5,2020
GOT7,spillover,61,0,0,,1.0,
GOT7,spillover,62,0,1,협업,1.3,
GOT7,spillover,63,1,0,,1.5,2025
GOT7,spillover,64,0,0,,1.0,
GOT7,spillover,65,1,1,투어,1.8,2019
GOT7,spillover,66,1,2,투어|콘서트,2.1,2018
GOT7,spillover,67,1,0,,1.5,2023
GOT7,spillover,68,1,1,투어,1.8,2018
김재중,loyalty,0,1,1,팬클럽,1.8,2023
김재중,loyalty,1,0,0,,1.0,
김재중,loyalty,2,1,1,1위,1.8,
김재중,loyalty,3,2,1,팬카페,2.3,2023
김재중,loyalty,4,0,1,팬클럽,1.3,
김재중,loyalty,5,1,0,,1.5,2025
김재중,loyalty,6,1,1,팬클럽,1.8,2025
김재중,loyalty,7,0,0,,1.0,
김재중,loyalty,8,0,0,,1.0,
김재중,loyalty,9,1,1,지속,1.8,
김재중,loyalty,10,1,0,,1.5,2025
김재중,loyalty,11,1,0,,1.5,2016
김재중,loyalty,12,2,1,팬클럽,2.3,2024|2025
김재중,loyalty,13,3,1,매진,2.8,2024
김재중,loyalty,14,3,0,,2.5,2024|2026
김재중,loyalty,15,2,0,,2.0,2026
김재중,loyalty,16,1,0,,1.5,2026
김재중,loyalty,17,1,1,팬클럽,1.8,2023
김재중,loyalty,18,1,0,,1.5,
김재중,loyalty,19,0,0,,1.0,
김재중,loyalty,20,0,0,,1.0,
김재중,loyalty,21,2,1,최초,2.3,2026
김재중,loyalty,22,4,0,,3.0,2018|2025
김재중,loyalty,23,3,0,,2.5,2017
김재중,loyalty,24,3,0,,2.5,
김재중,loyalty,25,3,0,,2.5,
김재중,loyalty,26,1,1,팬클럽,1.8,2023
김재중,loyalty,27,1,1,팬클럽,1.8,2017
김재중,loyalty,28,4,1,기부,3.3,
김재중,loyalty,29,2,1,기부,2.3,2017
김재중,loyalty,30,1,0,,1.5,2018
김재중,loyalty,31,2,1,기부,2.3,2019
김재중,loyalty,32,0,0,,1.0,
김재중,loyalty,33,1,0,,1.5,
김재중,loyalty,34,0,1,지속,1.3,
김재중,loyalty,35,0,1,팬클럽,1.3,
김재중,loyalty,36,1,0,,1.5,2023
김재중,loyalty,37,1,0,,1.5,2026
김재중,loyalty,38,2,1,결성,2.3,
김재중,spillover,0,3,0,,2.5,2019
김재중,spillover,1,1,0,,1.5,
김재중,spillover,2,2,0,,2.0,2024
김재중,spillover,3,2,2,모델|브랜드,2.6,2025
김재중,spillover,4,1,2,모델|브랜드,2.1,2021
김재중,spillover,5,1,2,앰버서더|브랜드,2.1,
김재중,spillover,6,2,0,,2.0,2015|2016
김재중,spillover,7,1,0,,1.5,2025
김재중,spillover,8,2,0,,2.0,
김재중,spillover,9,1,0,,1.5,
김재중,spillover,10,1,2,투어|콘서트,2.1,2025
김재중,spillover,11,2,2,브랜드|수익,2.6,2025
김재중,spillover,12,3,1,투어,2.8,2025
김재중,spillover,13,2,0,,2.0,2026
김재중,spillover,14,3,0,,2.5,2025|2026
김재중,spillover,15,3,0,,2.5,2026
김재중,spillover,16,2,0,,2.0,2026
김재중,spillover,17,3,0,,2.5,2024|2026
김재중,spillover,18,1,0,,1.5,2026
김재중,spillover,19,2,2,모델|브랜드,2.6,2024|2025
김재중,spillover,20,6,0,,4.0,2015
김재중,spillover,21,2,0,,2.0,2025
김재중,spillover,22,1,0,,1.5,2020
김재중,spillover,23,1,0,,1.5,2026
김재중,spillover,24,2,0,,2.0,2023|2025
김재중,spillover,25,5,0,,3.5,2018|2020|2024
김재중,spillover,26,2,2,방문|지역,2.6,2025
김재중,spillover,27,2,2,모델|브랜드,2.6,2025
김재중,spillover,28,0,2,모델|브랜드,1.6,
김재중,spillover,29,2,0,,2.0,
김재중,spillover,30,4,0,,3.0,2018|2019|2020
김재중,spillover,31,0,0,,1.0,
김재중,spillover,32,1,0,,1.5,
김재중,spillover,33,1,2,투어|콘서트,2.1,2020
김재중,spillover,34,1,1,콘서트,1.8,2020
김재중,spillover,35,1,0,,1.5,2023
김재중,spillover,36,1,1,방문,1.8,2019
김재중,spillover,37,1,1,투어,1.8,
박서진,loyalty,0,0,1,팬클럽,1.3,
박서진,loyalty,1,2,2,기부|팬카페,2.6,
박서진,loyalty,2,1,2,기부|팬클럽,2.1,
박서진,loyalty,3,2,2,기부|역사,2.6,2020
박서진,loyalty,4,3,1,기부,2.8,2025
박서진,loyalty,5,2,2,기부|팬클럽,2.6,
박서진,loyalty,6,5,2,기부|팬클럽,4.1,2024
박서진,loyalty,7,3,1,기부,2.8,2021
박서진,loyalty,8,2,1,기부,2.3,2022
박서진,loyalty,9,3,0,,2.5,2022
박서진,loyalty,10,1,0,,1.5,2022
박서진,loyalty,11,1,0,,1.5,
박서진,loyalty,12,0,2,기부|역사,1.6,
박서진,loyalty,13,0,1,팬클럽,1.3,
박서진,loyalty,14,0,0,,1.0,
박서진,loyalty,15,0,0,,1.0,
박서진,loyalty,16,0,1,팬카페,1.3,
박서진,loyalty,17,3,1,팬클럽,2.8,2026
박서진,loyalty,18,4,2,기부|팬클럽,3.6,2021
박서진,loyalty,19,3,2,최초|팬클럽,3.1,2025
박서진,loyalty,20,4,2,팬클럽|팬카페,3.6,2023
박서진,loyalty,21,2,2,기부|팬클럽,2.6,2023
박서진,loyalty,22,3,1,팬카페,2.8,
박서진,loyalty,23,1,1,팬카페,1.8,
박서진,loyalty,24,1,2,돌파|팬카페,2.1,
박서진,loyalty,25,3,2,기부|팬클럽,3.1,2025
박서진,loyalty,26,3,2,기부|팬클럽,3.1,2020
박서진,loyalty,27,1,0,,1.5,2025
박서진,loyalty,28,2,1,1위,2.3,
박서진,loyalty,29,5,1,1위,3.8,2025
박서진,loyalty,30,3,2,기부|팬클럽,3.1,2023
박서진,loyalty,31,1,2,기부|팬클럽,2.1,
박서진,loyalty,32,3,1,팬클럽,2.8,2024
박서진,spillover,0,1,0,,1.5,
박서진,spillover,1,0,0,,1.0,
박서진,spillover,2,0,0,,1.0,
박서진,spillover,3,1,0,,1.5,2024|2025
박서진,spillover,4,1,0,,1.5,
박서진,spillover,5,2,0,,2.0,
박서진,spillover,6,0,0,,1.0,
박서진,spillover,7,0,0,,1.0,2025
박서진,spillover,8,1,0,,1.5,2025
박서진,spillover,9,3,0,,2.5,2025
박서진,spillover,10,2,0,,2.0,2020|2026
박서진,spillover,11,0,0,,1.0,
박서진,spillover,12,1,0,,1.5,2026
박서진,spillover,13,1,0,,1.5,
박서진,spillover,14,1,0,,1.5,2026
박서진,spillover,15,1,2,지역|홍보대사,2.1,2023
박서진,spillover,16,1,1,콘서트,1.8,2026
박서진,spillover,17,0,2,관광|지역,1.6,
박서진,spillover,18,1,2,모델|브랜드,2.1,2025
박서진,spillover,19,0,0,,1.0,
박서진,spillover,20,1,3,관광|투어|콘서트,2.4,2026
박서진,spillover,21,0,2,투어|콘서트,1.6,2025|2026
박서진,spillover,22,1,0,,1.5,
박서진,spillover,23,2,0,,2.0,2024
박서진,spillover,24,1,2,모델|브랜드,2.1,2025
박서진,spillover,25,2,2,투어|콘서트,2.6,2025|2026
박서진,spillover,26,1,1,콘서트,1.8,2026
박서진,spillover,27,1,0,,1.5,2025
박서진,spillover,28,1,0,,1.5,2026
박서진,spillover,29,1,0,,1.5,2026
박서진,spillover,30,3,0,,2.5,2025
박서진,spillover,31,1,0,,1.5,2024
박서진,spillover,32,2,0,,2.0,2018|2024
박서진,spillover,33,1,0,,1.5,2025
박서진,spillover,34,3,1,콘서트,2.8,2018
박서진,spillover,35,3,2,지역|홍보대사,3.1,2024|2026
박서진,spillover,36,1,2,모델|브랜드,2.1,2025
박서진,spillover,37,1,2,모델|브랜드,2.1,2024
박서진,spillover,38,0,2,모델|브랜드,1.6,
박서진,spillover,39,0,1,모델,1.3,
박서진,spillover,40,1,0,,1.5,2024
박서진,spillover,41,1,0,,1.5,
박서진,spillover,42,1,0,,1.5,2015
박서진,spillover,43,0,1,홍보대사,1.3,
박서진,spillover,44,0,0,,1.0,
박서진,spillover,45,2,1,홍보대사,2.3,2023|2026
박서진,spillover,46,1,1,지자체,1.8,
박서진,spillover,47,0,0,,1.0,
박서진,spillover,48,1,0,,1.5,2023
박서진,spillover,49,1,0,,1.5,
박서진,spillover,50,5,0,,3.5,2026
박서진,spillover,51,1,0,,1.5,
박서진,spillover,52,2,0,,2.0,
박서진,spillover,53,1,0,,1.5,
박서진,spillover,54,1,1,콘서트,1.8,2026
박서진,spillover,55,2,0,,2.0,2025|2026
박서진,spillover,56,1,0,,1.5,2025
박서진,spillover,57,1,0,,1.5,2026
박서진,spillover,58,0,0,,1.0,2025
박서진,spillover,59,0,0,,1.0,
박서진,spillover,60,0,0,,1.0,
박서진,spillover,61,1,0,,1.5,2018
박서진,spillover,62,1,1,콘서트,1.8,2026
박서진,spillover,63,0,0,,1.0,
박서진,spillover,64,0,0,,1.0,2026
박서진,spillover,65,3,0,,2.5,2025
빈지노,loyalty,0,2,0,,2.0,
빈지노,loyalty,1,4,1,1위,3.3,
빈지노,loyalty,2,2,1,매진,2.3,2024
빈지노,loyalty,3,1,0,,1.5,
빈지노,loyalty,4,0,2,매진|최초,1.6,
빈지노,loyalty,5,1,0,,1.5,2024
빈지노,loyalty,6,3,0,,2.5,2016|2023
빈지노,loyalty,7,2,0,,2.0,
빈지노,loyalty,8,2,1,1위,2.3,2016
빈지노,loyalty,9,2,0,,2.0,
빈지노,loyalty,10,0,0,,1.0,2024
빈지노,loyalty,11,2,0,,2.0,
빈지노,loyalty,12,1,0,,1.5,2024
빈지노,loyalty,13,3,0,,2.5,2017
빈지노,loyalty,14,1,0,,1.5,2025
빈지노,loyalty,15,5,0,,3.5,2017|2022
빈지노,loyalty,16,2,0,,2.0,2023
빈지노,loyalty,17,1,0,,1.5,2020
빈지노,loyalty,18,0,0,,1.0,
빈지노,loyalty,19,1,1,매진,1.8,2024
빈지노,loyalty,20,5,1,1위,3.8,2021
빈지노,loyalty,21,3,0,,2.5,
빈지노,loyalty,22,2,0,,2.0,2020
빈지노,loyalty,23,0,0,,1.0,
빈지노,loyalty,24,1,0,,1.5,
빈지노,loyalty,25,0,0,,1.0,
빈지노,loyalty,26,1,0,,1.5,
빈지노,spillover,0,3,0,,2.5,
빈지노,spillover,1,1,0,,1.5,
빈지노,spillover,2,2,0,,2.0,2021
빈지노,spillover,3,1,2,브랜드|협업,2.1,
빈지노,spillover,4,1,0,,1.5,2016
빈지노,spillover,5,0,1,콘서트,1.3,
빈지노,spillover,6,1,1,협업,1.8,2025
빈지노,spillover,7,1,1,콘서트,1.8,2024
빈지노,spillover,8,0,0,,1.0,
빈지노,spillover,9,3,0,,2.5,2016
빈지노,spillover,10,1,0,,1.5,
빈지노,spillover,11,1,1,모델,1.8,2015
빈지노,spillover,12,1,1,브랜드,1.8,2016
빈지노,spillover,13,0,1,모델,1.3,
빈지노,spillover,14,1,1,브랜드,1.8,2025
빈지노,spillover,15,1,0,,1.5,2015
빈지노,spillover,16,1,0,,1.5,2015
빈지노,spillover,17,1,0,,1.5,2015
빈지노,spillover,18,2,0,,2.0,2016
빈지노,spillover,19,1,0,,1.5,
빈지노,spillover,20,2,1,방문,2.3,2021|2023
빈지노,spillover,21,2,0,,2.0,
빈지노,spillover,22,1,2,브랜드|협업,2.1,2022
빈지노,spillover,23,1,1,투어,1.8,2015
빈지노,spillover,24,1,1,콘서트,1.8,
빈지노,spillover,25,3,0,,2.5,2020
빈지노,spillover,26,0,0,,1.0,
빈지노,spillover,27,3,1,모델,2.8,2015|2022
빈지노,spillover,28,1,0,,1.5,2024
빈지노,spillover,29,1,0,,1.5,2025
빈지노,spillover,30,1,2,모델|브랜드,2.1,2019
빈지노,spillover,31,1,2,팝업|협업,2.1,2022
빈지노,spillover,32,0,0,,1.0,
빈지노,spillover,33,0,1,협업,1.3,
빈지노,spillover,34,0,0,,1.0,
빈지노,spillover,35,0,0,,1.0,
빈지노,spillover,36,0,0,,1.0,
빈지노,spillover,37,0,0,,1.0,
빈지노,spillover,38,0,0,,1.0,
빈지노,spillover,39,1,0,,1.5,2015
빈지노,spillover,40,1,0,,1.5,
빈지노,spillover,41,1,0,,1.5,
빈지노,spillover,42,1,0,,1.5,2023
빈지노,spillover,43,0,0,,1.0,
빈지노,spillover,44,0,1,모델,1.3,
빈지노,spillover,45,0,0,,1.0,
빈지노,spillover,46,0,0,,1.0,
빈지노,spillover,47,1,1,팝업,1.8,2023
빈지노,spillover,48,0,0,,1.0,
빈지노,spillover,49,1,0,,1.5,
빈지노,spillover,50,0,0,,1.0,
빈지노,spillover,51,2,1,모델,2.3,2015|2021
몬스타엑스,loyalty,0,7,2,창단|팬클럽,5.1,2015|2020|2023|2025
몬스타엑스,loyalty,1,2,1,창단,2.3,2025
몬스타엑스,loyalty,2,1,1,창단,1.8,
몬스타엑스,loyalty,3,2,0,,2.0,2023
몬스타엑스,loyalty,4,1,1,기부,1.8,2020
몬스타엑스,loyalty,5,2,1,기부,2.3,2020
몬스타엑스,loyalty,6,1,1,매진,1.8,2025
몬스타엑스,loyalty,7,4,0,,3.0,2025
몬스타엑스,loyalty,8,4,1,1위,3.3,
몬스타엑스,loyalty,9,2,0,,2.0,2025
몬스타엑스,loyalty,10,3,1,최초,2.8,2026
몬스타엑스,loyalty,11,3,1,1위,2.8,2025
몬스타엑스,loyalty,12,3,1,1위,2.8,2026
몬스타엑스,loyalty,13,0,0,,1.0,
몬스타엑스,loyalty,14,0,0,,1.0,
몬스타엑스,loyalty,15,2,0,,2.0,2025
몬스타엑스,loyalty,16,2,1,매진,2.3,2026
몬스타엑스,loyalty,17,2,0,,2.0,2026
몬스타엑스,loyalty,18,3,0,,2.5,2026
몬스타엑스,loyalty,19,1,0,,1.5,2026
몬스타엑스,loyalty,20,0,0,,1.0,
몬스타엑스,loyalty,21,1,0,,1.5,2022
몬스타엑스,loyalty,22,3,0,,2.5,2026
몬스타엑스,loyalty,23,3,1,1위,2.8,2021
몬스타엑스,loyalty,24,1,1,팬클럽,1.8,2025
몬스타엑스,loyalty,25,0,1,팬클럽,1.3,
몬스타엑스,loyalty,26,0,1,팬클럽,1.3,
몬스타엑스,loyalty,27,1,0,,1.5,2025
몬스타엑스,loyalty,28,1,0,,1.5,2026
몬스타엑스,loyalty,29,2,0,,2.0,2018
몬스타엑스,loyalty,30,1,0,,1.5,2019
몬스타엑스,loyalty,31,0,0,,1.0,
몬스타엑스,loyalty,32,0,0,,1.0,
몬스타엑스,loyalty,33,3,0,,2.5,2019
몬스타엑스,loyalty,34,1,0,,1.5,
몬스타엑스,loyalty,35,2,0,,2.0,2019
몬스타엑스,loyalty,36,2,0,,2.0,2015|2019
몬스타엑스,loyalty,37,0,1,매진,1.3,
몬스타엑스,loyalty,38,1,1,매진,1.8,
몬스타엑스,loyalty,39,1,0,,1.5,
몬스타엑스,loyalty,40,2,0,,2.0,2015|2019
몬스타엑스,spillover,0,0,2,앰버서더|브랜드,1.6,2024
몬스타엑스,spillover,1,0,2,모델|브랜드,1.6,2023
몬스타엑스,spillover,2,0,2,앰버서더|브랜드,1.6,2023
몬스타엑스,spillover,3,0,2,모델|브랜드,1.6,2022
몬스타엑스,spillover,4,3,1,수익,2.8,2022
몬스타엑스,spillover,5,0,2,모델|브랜드,1.6,2025
몬스타엑스,spillover,6,0,3,앰버서더|모델|브랜드,1.9,2021
몬스타엑스,spillover,7,0,1,앰버서더,1.3,2019
몬스타엑스,spillover,8,1,0,,1.5,2026
몬스타엑스,spillover,9,3,0,,2.5,2026
몬스타엑스,spillover,10,1,0,,1.5,2026
몬스타엑스,spillover,11,1,0,,1.5,2025
몬스타엑스,spillover,12,0,0,,1.0,2016
몬스타엑스,spillover,13,0,0,,1.0,2025
몬스타엑스,spillover,14,0,0,,1.0,2025
몬스타엑스,spillover,15,0,0,,1.0,2016
몬스타엑스,spillover,16,0,1,콘서트,1.3,2021
몬스타엑스,spillover,17,1,1,콘서트,1.8,2025
몬스타엑스,spillover,18,1,0,,1.5,2025
몬스타엑스,spillover,19,0,0,,1.0,2025
몬스타엑스,spillover,20,0,1,투어,1.3,2018
몬스타엑스,spillover,21,0,0,,1.0,2019
몬스타엑스,spillover,22,2,0,,2.0,2017
몬스타엑스,spillover,23,0,0,,1.0,
몬스타엑스,spillover,24,4,0,,3.0,2017
몬스타엑스,spillover,25,1,0,,1.5,2018
몬스타엑스,spillover,26,3,0,,2.5,
몬스타엑스,spillover,27,1,1,투어,1.8,2018
몬스타엑스,spillover,28,2,0,,2.0,
몬스타엑스,spillover,29,4,1,투어,3.3,2019
몬스타엑스,spillover,30,1,0,,1.5,2020
몬스타엑스,spillover,31,2,0,,2.0,2020
몬스타엑스,spillover,32,2,0,,2.0,2025
몬스타엑스,spillover,33,1,0,,1.5,
몬스타엑스,spillover,34,2,0,,2.0,2025
몬스타엑스,spillover,35,1,0,,1.5,2025
몬스타엑스,spillover,36,1,1,투어,1.8,2026
몬스타엑스,spillover,37,0,0,,1.0,
몬스타엑스,spillover,38,0,0,,1.0,
몬스타엑스,spillover,39,0,0,,1.0,
몬스타엑스,spillover,40,0,0,,1.0,
몬스타엑스,spillover,41,0,0,,1.0,
몬스타엑스,spillover,42,0,0,,1.0,
몬스타엑스,spillover,43,0,0,,1.0,
몬스타엑스,spillover,44,2,0,,2.0,
몬스타엑스,spillover,45,0,0,,1.0,
몬스타엑스,spillover,46,1,0,,1.5,2025
몬스타엑스,spillover,47,1,0,,1.5,2021
몬스타엑스,spillover,48,0,0,,1.0,
몬스타엑스,spillover,49,0,0,,1.0,
몬스타엑스,spillover,50,2,0,,2.0,2025
몬스타엑스,spillover,51,1,1,투어,1.8,2019
몬스타엑스,spillover,52,1,0,,1.5,2019
몬스타엑스,spillover,53,1,1,투어,1.8,2019
몬스타엑스,spillover,54,1,0,,1.5,2022
투어스(TWS),loyalty,0,0,0,,1.0,2024
투어스(TWS),loyalty,1,0,0,,1.0,
투어스(TWS),loyalty,2,0,0,,1.0,2024|2025|2026
투어스(TWS),loyalty,3,0,0,,1.0,
투어스(TWS),loyalty,4,0,0,,1.0,2024
투어스(TWS),loyalty,5,0,0,,1.0,2025
투어스(TWS),loyalty,6,0,0,,1.0,
투어스(TWS),loyalty,7,0,0,,1.0,2025
투어스(TWS),loyalty,8,0,0,,1.0,2025
투어스(TWS),loyalty,9,0,0,,1.0,2025
투어스(TWS),loyalty,10,0,0,,1.0,2024
투어스(TWS),loyalty,11,0,0,,1.0,2026
투어스(TWS),loyalty,12,0,0,,1.0,2025
투어스(TWS),loyalty,13,0,0,,1.0,2024|2025
투어스(TWS),loyalty,14,0,0,,1.0,2025
투어스(TWS),loyalty,15,0,0,,1.0,2026
투어스(TWS),loyalty,16,0,0,,1.0,2025
투어스(TWS),loyalty,17,0,0,,1.0,
투어스(TWS),loyalty,18,0,0,,1.0,2026
투어스(TWS),loyalty,19,0,0,,1.0,
투어스(TWS),loyalty,20,0,0,,1.0,
투어스(TWS),loyalty,21,0,1,총공,1.3,2024
투어스(TWS),loyalty,22,0,0,,1.0,2025
투어스(TWS),loyalty,23,0,0,,1.0,
투어스(TWS),loyalty,24,0,0,,1.0,
투어스(TWS),loyalty,25,0,0,,1.0,2026
투어스(TWS),loyalty,26,0,0,,1.0,2025
투어스(TWS),loyalty,27,0,0,,1.0,2026
투어스(TWS),loyalty,28,0,0,,1.0,
투어스(TWS),loyalty,29,0,0,,1.0,
투어스(TWS),loyalty,30,0,0,,1.0,2026
투어스(TWS),loyalty,31,1,0,,1.5,
투어스(TWS),spillover,0,0,0,,1.0,
투어스(TWS),spillover,1,0,0,,1.0,
투어스(TWS),spillover,2,0,0,,1.0,
투어스(TWS),spillover,3,0,0,,1.0,2026
투어스(TWS),spillover,4,0,0,,1.0,2024|2025|2026
투어스(TWS),spillover,5,0,0,,1.0,2026
투어스(TWS),spillover,6,0,0,,1.0,2026
투어스(TWS),spillover,7,0,0,,1.0,
투어스(TWS),spillover,8,0,0,,1.0,
투어스(TWS),spillover,9,0,0,,1.0,2026
투어스(TWS),spillover,10,0,0,,1.0,2025
투어스(TWS),spillover,11,0,0,,1.0,2025
투어스(TWS),spillover,12,0,0,,1.0,
투어스(TWS),spillover,13,0,0,,1.0,
투어스(TWS),spillover,14,0,0,,1.0,
투어스(TWS),spillover,15,0,0,,1.0,2024
투어스(TWS),spillover,16,0,0,,1.0,2025
투어스(TWS),spillover,17,0,0,,1.0,2024
투어스(TWS),spillover,18,0,0,,1.0,2024
투어스(TWS),spillover,19,0,0,,1.0,2025
투어스(TWS),spillover,20,0,0,,1.0,2025
투어스(TWS),spillover,21,0,0,,1.0,2024
투어스(TWS),spillover,22,0,0,,1.0,2024
투어스(TWS),spillover,23,0,0,,1.0,
투어스(TWS),spillover,24,0,0,,1.0,
투어스(TWS),spillover,25,0,0,,1.0,2024
투어스(TWS),spillover,26,0,0,,1.0,2025
투어스(TWS),spillover,27,0,0,,1.0,
투어스(TWS),spillover,28,0,0,,1.0,2025
투어스(TWS),spillover,29,0,0,,1.0,
투어스(TWS),spillover,30,0,0,,1.0,2026
투어스(TWS),spillover,31,0,0,,1.0,2024
투어스(TWS),spillover,32,0,0,,1.0,
투어스(TWS),spillover,33,0,0,,1.0,2024
투어스(TWS),spillover,34,0,0,,1.0,2025
투어스(TWS),spillover,35,0,0,,1.0,
투어스(TWS),spillover,36,0,0,,1.0,
투어스(TWS),spillover,37,0,0,,1.0,2026
투어스(TWS),spillover,38,0,0,,1.0,2025
투어스(TWS),spillover,39,0,0,,1.0,2024
투어스(TWS),spillover,40,0,0,,1.0,2025
투어스(TWS),spillover,41,0,0,,1.0,2025
투어스(TWS),spillover,42,0,0,,1.0,2026
투어스(TWS),spillover,43,0,0,,1.0,
투어스(TWS),spillover,44,0,0,,1.0,2026
투어스(TWS),spillover,45,0,0,,1.0,
투어스(TWS),spillover,46,0,0,,1.0,2026
투어스(TWS),spillover,47,0,0,,1.0,
투어스(TWS),spillover,48,0,0,,1.0,2026
투어스(TWS),spillover,49,0,0,,1.0,2026
투어스(TWS),spillover,50,0,0,,1.0,2026
투어스(TWS),spillover,51,0,0,,1.0,2026
투어스(TWS),spillover,52,0,0,,1.0,2026
투어스(TWS),spillover,53,0,0,,1.0,2026
투어스(TWS),spillover,54,0,0,,1.0,
투어스(TWS),spillover,55,3,2,브랜드|투어,3.1,2026
투어스(TWS),spillover,56,1,1,투어,1.8,2024
투어스(TWS),spillover,57,1,2,협업|투어,2.1,2024
