doc_id,fandom,bullet_type,idx_in_fandom_array,n_tokens
0,이영지,loyalty,0,11
1,이영지,loyalty,1,15
2,이영지,loyalty,2,15
3,이영지,loyalty,3,23
4,이영지,loyalty,4,18
5,이영지,loyalty,5,17
6,이영지,loyalty,6,14
7,이영지,loyalty,7,16
8,이영지,loyalty,8,10
9,이영지,loyalty,9,22
10,이영지,loyalty,10,4
11,이영지,loyalty,11,19
12,이영지,loyalty,12,13
13,이영지,loyalty,13,13
14,이영지,loyalty,14,11
15,이영지,loyalty,15,12
16,이영지,loyalty,16,19
17,이영지,loyalty,17,57
18,이영지,loyalty,18,12
19,이영지,loyalty,19,10
20,이영지,loyalty,20,12
21,이영지,loyalty,21,18
22,이영지,loyalty,22,8
23,이영지,loyalty,23,9
24,이영지,loyalty,24,9
25,이영지,loyalty,25,10
26,이영지,loyalty,26,10
27,이영지,loyalty,27,10
28,이영지,loyalty,28,9
29,이영지,loyalty,29,8
30,이영지,loyalty,30,9
31,이영지,loyalty,31,14
32,이영지,loyalty,32,20
33,이영지,loyalty,33,27
34,이영지,loyalty,34,10
35,이영지,loyalty,35,19
36,이영지,loyalty,36,21
37,이영지,loyalty,37,34
38,이영지,loyalty,38,34
39,이영지,spillover,0,8
40,이영지,spillover,1,13
41,이영지,spillover,2,8
42,이영지,spillover,3,16
43,이영지,spillover,4,20
44,이영지,spillover,5,13
45,이영지,spillover,6,11
46,이영지,spillover,7,16
47,이영지,spillover,8,16
48,이영지,spillover,9,15
49,이영지,spillover,10,6
50,이영지,spillover,11,17
51,이영지,spillover,12,13
52,이영지,spillover,13,14
53,이영지,spillover,14,16
54,이영지,spillover,15,12
55,이영지,spillover,16,9
56,이영지,spillover,17,7
57,이영지,spillover,18,9
58,이영지,spillover,19,8
59,이영지,spillover,20,9
60,이영지,spillover,21,7
61,이영지,spillover,22,6
62,이영지,spillover,23,12
63,이영지,spillover,24,9
64,이영지,spillover,25,20
65,이영지,spillover,26,7
66,이영지,spillover,27,9
67,이영지,spillover,28,13
68,이영지,spillover,29,26
69,이영지,spillover,30,14
70,이영지,spillover,31,20
71,이영지,spillover,32,22
72,이영지,spillover,33,5
73,이영지,spillover,34,6
74,이영지,spillover,35,6
75,이영지,spillover,36,11
76,이영지,spillover,37,10
77,이영지,spillover,38,24
78,이영지,spillover,39,14
79,이영지,spillover,40,16
80,이영지,spillover,41,17
81,이영지,spillover,42,14
82,이영지,spillover,43,14
83,이영지,spillover,44,12
84,이영지,spillover,45,14
85,이영지,spillover,46,6
86,이영지,spillover,47,12
87,이영지,spillover,48,14
88,이영지,spillover,49,11
89,이영지,spillover,50,10
90,이영지,spillover,51,11
91,이영지,spillover,52,22
92,이영지,spillover,53,21
93,이영지,spillover,54,14
94,이영지,spillover,55,17
95,이영지,spillover,56,12
96,이영지,spillover,57,12
97,이영지,spillover,58,11
98,이영지,spillover,59,9
99,이영지,spillover,60,10
100,이영지,spillover,61,14
101,이영지,spillover,62,9
102,이영지,spillover,63,8
103,이영지,spillover,64,35
104,이영지,spillover,65,29
105,이영지,spillover,66,44
106,이영지,spillover,67,13
107,지드래곤 (G-Dragon),loyalty,0,12
108,지드래곤 (G-Dragon),loyalty,1,10
109,지드래곤 (G-Dragon),loyalty,2,10
110,지드래곤 (G-Dragon),loyalty,3,13
111,지드래곤 (G-Dragon),loyalty,4,27
112,지드래곤 (G-Dragon),loyalty,5,10
113,지드래곤 (G-Dragon),loyalty,6,15
114,지드래곤 (G-Dragon),loyalty,7,18
115,지드래곤 (G-Dragon),loyalty,8,12
116,지드래곤 (G-Dragon),loyalty,9,15
117,지드래곤 (G-Dragon),loyalty,10,6
118,지드래곤 (G-Dragon),loyalty,11,17
119,지드래곤 (G-Dragon),loyalty,12,17
120,지드래곤 (G-Dragon),loyalty,13,15
121,지드래곤 (G-Dragon),loyalty,14,20
122,지드래곤 (G-Dragon),loyalty,15,24
123,지드래곤 (G-Dragon),loyalty,16,16
124,지드래곤 (G-Dragon),loyalty,17,14
125,지드래곤 (G-Dragon),loyalty,18,14
126,지드래곤 (G-Dragon),loyalty,19,14
127,지드래곤 (G-Dragon),loyalty,20,34
128,지드래곤 (G-Dragon),loyalty,21,33
129,지드래곤 (G-Dragon),loyalty,22,14
130,지드래곤 (G-Dragon),loyalty,23,26
131,지드래곤 (G-Dragon),loyalty,24,21
132,지드래곤 (G-Dragon),loyalty,25,8
133,지드래곤 (G-Dragon),loyalty,26,25
134,지드래곤 (G-Dragon),loyalty,27,11
135,지드래곤 (G-Dragon),loyalty,28,12
136,지드래곤 (G-Dragon),loyalty,29,4
137,지드래곤 (G-Dragon),loyalty,30,12
138,지드래곤 (G-Dragon),loyalty,31,7
139,지드래곤 (G-Dragon),loyalty,32,8
140,지드래곤 (G-Dragon),loyalty,33,18
141,지드래곤 (G-Dragon),loyalty,34,13
142,지드래곤 (G-Dragon),loyalty,35,16
143,지드래곤 (G-Dragon),loyalty,36,13
144,지드래곤 (G-Dragon),loyalty,37,9
145,지드래곤 (G-Dragon),loyalty,38,19
146,지드래곤 (G-Dragon),loyalty,39,34
147,지드래곤 (G-Dragon),loyalty,40,22
148,지드래곤 (G-Dragon),loyalty,41,25
149,지드래곤 (G-Dragon),loyalty,42,32
150,지드래곤 (G-Dragon),loyalty,43,46
151,지드래곤 (G-Dragon),loyalty,44,32
152,지드래곤 (G-Dragon),loyalty,45,13
153,지드래곤 (G-Dragon),loyalty,46,32
154,지드래곤 (G-Dragon),spillover,0,15
155,지드래곤 (G-Dragon),spillover,1,17
156,지드래곤 (G-Dragon),spillover,2,19
157,지드래곤 (G-Dragon),spillover,3,14
158,지드래곤 (G-Dragon),spillover,4,24
159,지드래곤 (G-Dragon),spillover,5,12
160,지드래곤 (G-Dragon),spillover,6,20
161,지드래곤 (G-Dragon),spillover,7,11
162,지드래곤 (G-Dragon),spillover,8,17
163,지드래곤 (G-Dragon),spillover,9,11
164,지드래곤 (G-Dragon),spillover,10,10
165,지드래곤 (G-Dragon),spillover,11,16
166,지드래곤 (G-Dragon),spillover,12,20
167,지드래곤 (G-Dragon),spillover,13,22
168,지드래곤 (G-Dragon),spillover,14,19
169,지드래곤 (G-Dragon),spillover,15,12
170,지드래곤 (G-Dragon),spillover,16,15
171,지드래곤 (G-Dragon),spillover,17,19
172,지드래곤 (G-Dragon),spillover,18,28
173,지드래곤 (G-Dragon),spillover,19,22
174,지드래곤 (G-Dragon),spillover,20,7
175,지드래곤 (G-Dragon),spillover,21,10
176,지드래곤 (G-Dragon),spillover,22,6
177,지드래곤 (G-Dragon),spillover,23,10
178,지드래곤 (G-Dragon),spillover,24,9
179,지드래곤 (G-Dragon),spillover,25,5
180,지드래곤 (G-Dragon),spillover,26,6
181,지드래곤 (G-Dragon),spillover,27,16
182,지드래곤 (G-Dragon),spillover,28,15
183,지드래곤 (G-Dragon),spillover,29,15
184,지드래곤 (G-Dragon),spillover,30,9
185,지드래곤 (G-Dragon),spillover,31,12
186,지드래곤 (G-Dragon),spillover,32,14
187,지드래곤 (G-Dragon),spillover,33,9
188,지드래곤 (G-Dragon),spillover,34,9
189,지드래곤 (G-Dragon),spillover,35,24
190,지드래곤 (G-Dragon),spillover,36,39
191,지드래곤 (G-Dragon),spillover,37,20
192,지드래곤 (G-Dragon),spillover,38,24
193,지드래곤 (G-Dragon),spillover,39,33
194,지드래곤 (G-Dragon),spillover,40,45
195,지드래곤 (G-Dragon),spillover,41,26
196,지드래곤 (G-Dragon),spillover,42,16
197,지드래곤 (G-Dragon),spillover,43,19
198,지드래곤 (G-Dragon),spillover,44,23
199,지드래곤 (G-Dragon),spillover,45,25
200,지드래곤 (G-Dragon),spillover,46,13
201,지드래곤 (G-Dragon),spillover,47,15
202,지드래곤 (G-Dragon),spillover,48,20
203,지드래곤 (G-Dragon),spillover,49,7
204,지드래곤 (G-Dragon),spillover,50,14
205,지드래곤 (G-Dragon),spillover,51,8
206,지드래곤 (G-Dragon),spillover,52,10
207,지드래곤 (G-Dragon),spillover,53,14
208,지드래곤 (G-Dragon),spillover,54,20
209,지드래곤 (G-Dragon),spillover,55,21
210,지드래곤 (G-Dragon),spillover,56,8
211,지드래곤 (G-Dragon),spillover,57,11
212,지드래곤 (G-Dragon),spillover,58,21
213,지드래곤 (G-Dragon),spillover,59,23
214,지드래곤 (G-Dragon),spillover,60,23
215,지드래곤 (G-Dragon),spillover,61,22
216,지드래곤 (G-Dragon),spillover,62,24
217,지드래곤 (G-Dragon),spillover,63,57
218,지드래곤 (G-Dragon),spillover,64,23
219,지드래곤 (G-Dragon),spillover,65,22
220,지드래곤 (G-Dragon),spillover,66,25
221,지드래곤 (G-Dragon),spillover,67,19
222,지드래곤 (G-Dragon),spillover,68,29
223,지드래곤 (G-Dragon),spillover,69,28
224,지드래곤 (G-Dragon),spillover,70,38
225,지드래곤 (G-Dragon),spillover,71,10
226,지드래곤 (G-Dragon),spillover,72,10
227,지드래곤 (G-Dragon),spillover,73,11
228,지드래곤 (G-Dragon),spillover,74,12
229,지드래곤 (G-Dragon),spillover,75,14
230,지드래곤 (G-Dragon),spillover,76,33
231,지드래곤 (G-Dragon),spillover,77,29
232,지드래곤 (G-Dragon),spillover,78,25
233,지드래곤 (G-Dragon),spillover,79,15
234,지드래곤 (G-Dragon),spillover,80,24
235,지드래곤 (G-Dragon),spillover,81,23
236,지드래곤 (G-Dragon),spillover,82,18
237,지드래곤 (G-Dragon),spillover,83,18
238,지드래곤 (G-Dragon),spillover,84,32
239,지드래곤 (G-Dragon),spillover,85,15
240,지코,loyalty,0,11
241,지코,loyalty,1,9
242,지코,loyalty,2,14
243,지코,loyalty,3,12
244,지코,loyalty,4,14
245,지코,loyalty,5,12
246,지코,loyalty,6,20
247,지코,loyalty,7,11
248,지코,loyalty,8,9
249,지코,loyalty,9,14
250,지코,loyalty,10,36
251,지코,loyalty,11,24
252,지코,loyalty,12,17
253,지코,loyalty,13,21
254,지코,loyalty,14,9
255,지코,loyalty,15,15
256,지코,loyalty,16,9
257,지코,loyalty,17,9
258,지코,loyalty,18,13
259,지코,loyalty,19,9
260,지코,loyalty,20,10
261,지코,loyalty,21,14
262,지코,loyalty,22,5
263,지코,loyalty,23,11
264,지코,loyalty,24,15
265,지코,loyalty,25,17
266,지코,loyalty,26,15
267,지코,loyalty,27,15
268,지코,spillover,0,17
269,지코,spillover,1,11
270,지코,spillover,2,14
271,지코,spillover,3,19
272,지코,spillover,4,19
273,지코,spillover,5,18
274,지코,spillover,6,10
275,지코,spillover,7,19
276,지코,spillover,8,18
277,지코,spillover,9,17
278,지코,spillover,10,20
279,지코,spillover,11,16
280,지코,spillover,12,12
281,지코,spillover,13,30
282,지코,spillover,14,12
283,지코,spillover,15,9
284,지코,spillover,16,11
285,지코,spillover,17,10
286,지코,spillover,18,13
287,지코,spillover,19,11
288,지코,spillover,20,5
289,지코,spillover,21,7
290,지코,spillover,22,10
291,지코,spillover,23,12
292,지코,spillover,24,15
293,지코,spillover,25,16
294,지코,spillover,26,30
295,지코,spillover,27,28
296,지코,spillover,28,34
297,지코,spillover,29,17
298,지코,spillover,30,25
299,지코,spillover,31,33
300,지코,spillover,32,25
301,지코,spillover,33,40
302,지코,spillover,34,17
303,지코,spillover,35,8
304,지코,spillover,36,9
305,지코,spillover,37,8
306,지코,spillover,38,14
307,지코,spillover,39,5
308,지코,spillover,40,15
309,지코,spillover,41,12
310,지코,spillover,42,15
311,지코,spillover,43,8
312,지코,spillover,44,12
313,지코,spillover,45,9
314,지코,spillover,46,24
315,지코,spillover,47,25
316,지코,spillover,48,17
317,지코,spillover,49,17
318,지코,spillover,50,27
319,지코,spillover,51,30
320,지코,spillover,52,11
321,지코,spillover,53,12
322,지코,spillover,54,9
323,지코,spillover,55,12
324,지코,spillover,56,19
325,지코,spillover,57,14
326,지코,spillover,58,12
327,지코,spillover,59,15
328,지코,spillover,60,28
329,지코,spillover,61,31
330,지코,spillover,62,29
331,지코,spillover,63,26
332,지코,spillover,64,21
333,지코,spillover,65,22
334,지코,spillover,66,26
335,지코,spillover,67,17
336,지코,spillover,68,19
337,지코,spillover,69,25
338,지코,spillover,70,23
339,지코,spillover,71,21
340,지코,spillover,72,19
341,박재범,loyalty,0,15
342,박재범,loyalty,1,13
343,박재범,loyalty,2,8
344,박재범,loyalty,3,19
345,박재범,loyalty,4,20
346,박재범,loyalty,5,19
347,박재범,loyalty,6,21
348,박재범,loyalty,7,9
349,박재범,loyalty,8,7
350,박재범,loyalty,9,14
351,박재범,loyalty,10,12
352,박재범,loyalty,11,25
353,박재범,loyalty,12,14
354,박재범,loyalty,13,33
355,박재범,loyalty,14,11
356,박재범,loyalty,15,11
357,박재범,loyalty,16,6
358,박재범,loyalty,17,20
359,박재범,loyalty,18,10
360,박재범,loyalty,19,15
361,박재범,loyalty,20,27
362,박재범,loyalty,21,10
363,박재범,loyalty,22,10
364,박재범,loyalty,23,10
365,박재범,loyalty,24,22
366,박재범,loyalty,25,10
367,박재범,loyalty,26,7
368,박재범,loyalty,27,10
369,박재범,loyalty,28,7
370,박재범,loyalty,29,8
371,박재범,loyalty,30,10
372,박재범,loyalty,31,9
373,박재범,loyalty,32,9
374,박재범,loyalty,33,14
375,박재범,loyalty,34,8
376,박재범,loyalty,35,10
377,박재범,loyalty,36,7
378,박재범,loyalty,37,15
379,박재범,loyalty,38,16
380,박재범,loyalty,39,13
381,박재범,loyalty,40,16
382,박재범,loyalty,41,19
383,박재범,loyalty,42,11
384,박재범,loyalty,43,13
385,박재범,loyalty,44,35
386,박재범,loyalty,45,24
387,박재범,loyalty,46,21
388,박재범,loyalty,47,24
389,박재범,loyalty,48,20
390,박재범,spillover,0,13
391,박재범,spillover,1,10
392,박재범,spillover,2,17
393,박재범,spillover,3,11
394,박재범,spillover,4,12
395,박재범,spillover,5,16
396,박재범,spillover,6,14
397,박재범,spillover,7,13
398,박재범,spillover,8,14
399,박재범,spillover,9,19
400,박재범,spillover,10,10
401,박재범,spillover,11,19
402,박재범,spillover,12,12
403,박재범,spillover,13,9
404,박재범,spillover,14,6
405,박재범,spillover,15,9
406,박재범,spillover,16,11
407,박재범,spillover,17,13
408,박재범,spillover,18,16
409,박재범,spillover,19,14
410,박재범,spillover,20,32
411,박재범,spillover,21,18
412,박재범,spillover,22,25
413,박재범,spillover,23,16
414,박재범,spillover,24,18
415,박재범,spillover,25,12
416,박재범,spillover,26,7
417,박재범,spillover,27,15
418,박재범,spillover,28,9
419,박재범,spillover,29,11
420,박재범,spillover,30,7
421,박재범,spillover,31,12
422,박재범,spillover,32,15
423,박재범,spillover,33,10
424,박재범,spillover,34,13
425,박재범,spillover,35,14
426,박재범,spillover,36,9
427,박재범,spillover,37,18
428,박재범,spillover,38,19
429,박재범,spillover,39,12
430,박재범,spillover,40,17
431,박재범,spillover,41,11
432,박재범,spillover,42,13
433,박재범,spillover,43,37
434,박재범,spillover,44,48
435,박재범,spillover,45,21
436,박재범,spillover,46,19
437,박재범,spillover,47,11
438,박재범,spillover,48,9
439,박재범,spillover,49,10
440,박재범,spillover,50,12
441,박재범,spillover,51,20
442,박재범,spillover,52,36
443,박재범,spillover,53,17
444,박재범,spillover,54,21
445,박재범,spillover,55,39
446,박재범,spillover,56,12
447,박재범,spillover,57,10
448,박재범,spillover,58,18
449,박재범,spillover,59,25
450,박재범,spillover,60,22
451,다이나믹듀오,loyalty,0,16
452,다이나믹듀오,loyalty,1,13
453,다이나믹듀오,loyalty,2,15
454,다이나믹듀오,loyalty,3,13
455,다이나믹듀오,loyalty,4,15
456,다이나믹듀오,loyalty,5,21
457,다이나믹듀오,loyalty,6,29
458,다이나믹듀오,loyalty,7,17
459,다이나믹듀오,loyalty,8,6
460,다이나믹듀오,loyalty,9,9
461,다이나믹듀오,loyalty,10,11
462,다이나믹듀오,loyalty,11,29
463,다이나믹듀오,loyalty,12,24
464,다이나믹듀오,loyalty,13,34
465,다이나믹듀오,loyalty,14,19
466,다이나믹듀오,loyalty,15,10
467,다이나믹듀오,loyalty,16,10
468,다이나믹듀오,loyalty,17,8
469,다이나믹듀오,loyalty,18,11
470,다이나믹듀오,loyalty,19,9
471,다이나믹듀오,loyalty,20,9
472,다이나믹듀오,loyalty,21,17
473,다이나믹듀오,loyalty,22,19
474,다이나믹듀오,loyalty,23,34
475,다이나믹듀오,loyalty,24,34
476,다이나믹듀오,loyalty,25,22
477,다이나믹듀오,spillover,0,13
478,다이나믹듀오,spillover,1,22
479,다이나믹듀오,spillover,2,13
480,다이나믹듀오,spillover,3,22
481,다이나믹듀오,spillover,4,11
482,다이나믹듀오,spillover,5,15
483,다이나믹듀오,spillover,6,19
484,다이나믹듀오,spillover,7,23
485,다이나믹듀오,spillover,8,13
486,다이나믹듀오,spillover,9,14
487,다이나믹듀오,spillover,10,12
488,다이나믹듀오,spillover,11,13
489,다이나믹듀오,spillover,12,25
490,다이나믹듀오,spillover,13,25
491,다이나믹듀오,spillover,14,33
492,다이나믹듀오,spillover,15,19
493,다이나믹듀오,spillover,16,14
494,다이나믹듀오,spillover,17,13
495,다이나믹듀오,spillover,18,13
496,다이나믹듀오,spillover,19,13
497,다이나믹듀오,spillover,20,21
498,다이나믹듀오,spillover,21,33
499,다이나믹듀오,spillover,22,7
500,다이나믹듀오,spillover,23,6
501,다이나믹듀오,spillover,24,17
502,다이나믹듀오,spillover,25,14
503,다이나믹듀오,spillover,26,16
504,다이나믹듀오,spillover,27,19
505,다이나믹듀오,spillover,28,10
506,다이나믹듀오,spillover,29,13
507,다이나믹듀오,spillover,30,8
508,다이나믹듀오,spillover,31,10
509,다이나믹듀오,spillover,32,33
510,다이나믹듀오,spillover,33,37
511,다이나믹듀오,spillover,34,21
512,다이나믹듀오,spillover,35,9
513,다이나믹듀오,spillover,36,14
514,다이나믹듀오,spillover,37,29
515,다이나믹듀오,spillover,38,27
516,다이나믹듀오,spillover,39,35
517,다이나믹듀오,spillover,40,29
518,다이나믹듀오,spillover,41,15
519,에픽하이,loyalty,0,13
520,에픽하이,loyalty,1,15
521,에픽하이,loyalty,2,14
522,에픽하이,loyalty,3,11
523,에픽하이,loyalty,4,8
524,에픽하이,loyalty,5,16
525,에픽하이,loyalty,6,23
526,에픽하이,loyalty,7,26
527,에픽하이,loyalty,8,7
528,에픽하이,loyalty,9,7
529,에픽하이,loyalty,10,15
530,에픽하이,loyalty,11,20
531,에픽하이,loyalty,12,22
532,에픽하이,loyalty,13,23
533,에픽하이,loyalty,14,10
534,에픽하이,loyalty,15,23
535,에픽하이,loyalty,16,17
536,에픽하이,loyalty,17,20
537,에픽하이,loyalty,18,12
538,에픽하이,loyalty,19,19
539,에픽하이,loyalty,20,9
540,에픽하이,loyalty,21,9
541,에픽하이,loyalty,22,8
542,에픽하이,loyalty,23,5
543,에픽하이,loyalty,24,13
544,에픽하이,loyalty,25,9
545,에픽하이,loyalty,26,10
546,에픽하이,loyalty,27,9
547,에픽하이,loyalty,28,8
548,에픽하이,loyalty,29,8
549,에픽하이,loyalty,30,8
550,에픽하이,loyalty,31,12
551,에픽하이,loyalty,32,8
552,에픽하이,loyalty,33,8
553,에픽하이,loyalty,34,14
554,에픽하이,loyalty,35,10
555,에픽하이,loyalty,36,12
556,에픽하이,loyalty,37,33
557,에픽하이,loyalty,38,33
558,에픽하이,loyalty,39,14
559,에픽하이,loyalty,40,11
560,에픽하이,loyalty,41,6
561,에픽하이,loyalty,42,11
562,에픽하이,loyalty,43,17
563,에픽하이,loyalty,44,37
564,에픽하이,loyalty,45,33
565,에픽하이,spillover,0,14
566,에픽하이,spillover,1,22
567,에픽하이,spillover,2,15
568,에픽하이,spillover,3,23
569,에픽하이,spillover,4,26
570,에픽하이,spillover,5,18
571,에픽하이,spillover,6,13
572,에픽하이,spillover,7,9
573,에픽하이,spillover,8,9
574,에픽하이,spillover,9,16
575,에픽하이,spillover,10,8
576,에픽하이,spillover,11,11
577,에픽하이,spillover,12,11
578,에픽하이,spillover,13,19
579,에픽하이,spillover,14,9
580,에픽하이,spillover,15,7
581,에픽하이,spillover,16,11
582,에픽하이,spillover,17,8
583,에픽하이,spillover,18,13
584,에픽하이,spillover,19,15
585,에픽하이,spillover,20,10
586,에픽하이,spillover,21,8
587,에픽하이,spillover,22,11
588,에픽하이,spillover,23,28
589,에픽하이,spillover,24,29
590,에픽하이,spillover,25,6
591,에픽하이,spillover,26,22
592,에픽하이,spillover,27,35
593,에픽하이,spillover,28,11
594,에픽하이,spillover,29,10
595,에픽하이,spillover,30,18
596,에픽하이,spillover,31,14
597,에픽하이,spillover,32,12
598,에픽하이,spillover,33,32
599,에픽하이,spillover,34,35
600,에픽하이,spillover,35,20
601,에픽하이,spillover,36,13
602,에픽하이,spillover,37,36
603,에픽하이,spillover,38,33
604,에픽하이,spillover,39,20
605,에픽하이,spillover,40,38
606,악동뮤지션,loyalty,0,16
607,악동뮤지션,loyalty,1,13
608,악동뮤지션,loyalty,2,33
609,악동뮤지션,loyalty,3,17
610,악동뮤지션,loyalty,4,23
611,악동뮤지션,loyalty,5,26
612,악동뮤지션,loyalty,6,15
613,악동뮤지션,loyalty,7,21
614,악동뮤지션,loyalty,8,13
615,악동뮤지션,loyalty,9,24
616,악동뮤지션,loyalty,10,15
617,악동뮤지션,loyalty,11,25
618,악동뮤지션,loyalty,12,29
619,악동뮤지션,loyalty,13,24
620,악동뮤지션,loyalty,14,30
621,악동뮤지션,loyalty,15,12
622,악동뮤지션,loyalty,16,6
623,악동뮤지션,loyalty,17,8
624,악동뮤지션,loyalty,18,14
625,악동뮤지션,loyalty,19,36
626,악동뮤지션,loyalty,20,31
627,악동뮤지션,loyalty,21,27
628,악동뮤지션,loyalty,22,30
629,악동뮤지션,spillover,0,15
630,악동뮤지션,spillover,1,23
631,악동뮤지션,spillover,2,15
632,악동뮤지션,spillover,3,23
633,악동뮤지션,spillover,4,29
634,악동뮤지션,spillover,5,16
635,악동뮤지션,spillover,6,16
636,악동뮤지션,spillover,7,15
637,악동뮤지션,spillover,8,11
638,악동뮤지션,spillover,9,12
639,악동뮤지션,spillover,10,20
640,악동뮤지션,spillover,11,28
641,악동뮤지션,spillover,12,24
642,악동뮤지션,spillover,13,19
643,악동뮤지션,spillover,14,13
644,악동뮤지션,spillover,15,24
645,악동뮤지션,spillover,16,20
646,악동뮤지션,spillover,17,19
647,악동뮤지션,spillover,18,25
648,악동뮤지션,spillover,19,24
649,악동뮤지션,spillover,20,11
650,악동뮤지션,spillover,21,15
651,악동뮤지션,spillover,22,25
652,악동뮤지션,spillover,23,9
653,악동뮤지션,spillover,24,12
654,악동뮤지션,spillover,25,9
655,악동뮤지션,spillover,26,12
656,악동뮤지션,spillover,27,11
657,악동뮤지션,spillover,28,12
658,악동뮤지션,spillover,29,15
659,악동뮤지션,spillover,30,17
660,악동뮤지션,spillover,31,16
661,악동뮤지션,spillover,32,16
662,악동뮤지션,spillover,33,34
663,악동뮤지션,spillover,34,24
664,악동뮤지션,spillover,35,13
665,악동뮤지션,spillover,36,12
666,악동뮤지션,spillover,37,26
667,악동뮤지션,spillover,38,20
668,악동뮤지션,spillover,39,10
669,악동뮤지션,spillover,40,23
670,악동뮤지션,spillover,41,11
671,악동뮤지션,spillover,42,18
672,악동뮤지션,spillover,43,23
673,악동뮤지션,spillover,44,15
674,악동뮤지션,spillover,45,16
675,악동뮤지션,spillover,46,13
676,악동뮤지션,spillover,47,22
677,악동뮤지션,spillover,48,33
678,악동뮤지션,spillover,49,41
679,악동뮤지션,spillover,50,21
680,임영웅,loyalty,0,15
681,임영웅,loyalty,1,27
682,임영웅,loyalty,2,27
683,임영웅,loyalty,3,8
684,임영웅,loyalty,4,27
685,임영웅,loyalty,5,19
686,임영웅,loyalty,6,21
687,임영웅,loyalty,7,25
688,임영웅,loyalty,8,21
689,임영웅,loyalty,9,10
690,임영웅,loyalty,10,6
691,임영웅,loyalty,11,12
692,임영웅,loyalty,12,7
693,임영웅,loyalty,13,8
694,임영웅,loyalty,14,13
695,임영웅,loyalty,15,11
696,임영웅,loyalty,16,9
697,임영웅,loyalty,17,8
698,임영웅,loyalty,18,11
699,임영웅,loyalty,19,21
700,임영웅,loyalty,20,14
701,임영웅,loyalty,21,31
702,임영웅,loyalty,22,10
703,임영웅,loyalty,23,15
704,임영웅,loyalty,24,17
705,임영웅,loyalty,25,11
706,임영웅,loyalty,26,26
707,임영웅,loyalty,27,8
708,임영웅,loyalty,28,13
709,임영웅,loyalty,29,9
710,임영웅,loyalty,30,9
711,임영웅,loyalty,31,37
712,임영웅,loyalty,32,25
713,임영웅,loyalty,33,34
714,임영웅,loyalty,34,14
715,임영웅,loyalty,35,13
716,임영웅,loyalty,36,11
717,임영웅,loyalty,37,9
718,임영웅,loyalty,38,11
719,임영웅,loyalty,39,18
720,임영웅,loyalty,40,15
721,임영웅,loyalty,41,38
722,임영웅,loyalty,42,31
723,임영웅,loyalty,43,8
724,임영웅,loyalty,44,5
725,임영웅,loyalty,45,5
726,임영웅,loyalty,46,6
727,임영웅,loyalty,47,20
728,임영웅,loyalty,48,10
729,임영웅,loyalty,49,23
730,임영웅,loyalty,50,10
731,임영웅,loyalty,51,21
732,임영웅,loyalty,52,12
733,임영웅,loyalty,53,13
734,임영웅,loyalty,54,11
735,임영웅,loyalty,55,23
736,임영웅,loyalty,56,27
737,임영웅,loyalty,57,25
738,임영웅,loyalty,58,38
739,임영웅,spillover,0,26
740,임영웅,spillover,1,34
741,임영웅,spillover,2,12
742,임영웅,spillover,3,16
743,임영웅,spillover,4,19
744,임영웅,spillover,5,35
745,임영웅,spillover,6,28
746,임영웅,spillover,7,32
747,임영웅,spillover,8,24
748,임영웅,spillover,9,6
749,임영웅,spillover,10,15
750,임영웅,spillover,11,11
751,임영웅,spillover,12,12
752,임영웅,spillover,13,9
753,임영웅,spillover,14,15
754,임영웅,spillover,15,6
755,임영웅,spillover,16,9
756,임영웅,spillover,17,6
757,임영웅,spillover,18,26
758,임영웅,spillover,19,13
759,임영웅,spillover,20,19
760,임영웅,spillover,21,15
761,임영웅,spillover,22,7
762,임영웅,spillover,23,19
763,임영웅,spillover,24,28
764,임영웅,spillover,25,42
765,임영웅,spillover,26,29
766,임영웅,spillover,27,20
767,임영웅,spillover,28,33
768,임영웅,spillover,29,39
769,임영웅,spillover,30,8
770,임영웅,spillover,31,18
771,임영웅,spillover,32,11
772,임영웅,spillover,33,8
773,임영웅,spillover,34,13
774,임영웅,spillover,35,10
775,임영웅,spillover,36,13
776,임영웅,spillover,37,23
777,임영웅,spillover,38,30
778,임영웅,spillover,39,11
779,임영웅,spillover,40,15
780,임영웅,spillover,41,11
781,임영웅,spillover,42,13
782,임영웅,spillover,43,11
783,임영웅,spillover,44,15
784,임영웅,spillover,45,17
785,임영웅,spillover,46,11
786,임영웅,spillover,47,32
787,임영웅,spillover,48,31
788,임영웅,spillover,49,14
789,임영웅,spillover,50,28
790,임영웅,spillover,51,34
791,임영웅,spillover,52,27
792,임영웅,spillover,53,18
793,임영웅,spillover,54,24
794,임영웅,spillover,55,32
795,임영웅,spillover,56,31
796,임영웅,spillover,57,14
797,임영웅,spillover,58,12
798,임영웅,spillover,59,11
799,임영웅,spillover,60,22
800,임영웅,spillover,61,21
801,임영웅,spillover,62,20
802,임영웅,spillover,63,18
803,임영웅,spillover,64,14
804,임영웅,spillover,65,20
805,임영웅,spillover,66,12
806,임영웅,spillover,67,22
807,임영웅,spillover,68,16
808,임영웅,spillover,69,30
809,임영웅,spillover,70,13
810,임영웅,spillover,71,16
811,송가인,loyalty,0,10
812,송가인,loyalty,1,9
813,송가인,loyalty,2,17
814,송가인,loyalty,3,20
815,송가인,loyalty,4,36
816,송가인,loyalty,5,16
817,송가인,loyalty,6,11
818,송가인,loyalty,7,12
819,송가인,loyalty,8,9
820,송가인,loyalty,9,7
821,송가인,loyalty,10,4
822,송가인,loyalty,11,15
823,송가인,loyalty,12,23
824,송가인,loyalty,13,19
825,송가인,loyalty,14,24
826,송가인,loyalty,15,12
827,송가인,loyalty,16,5
828,송가인,loyalty,17,5
829,송가인,loyalty,18,14
830,송가인,loyalty,19,11
831,송가인,loyalty,20,11
832,송가인,loyalty,21,9
833,송가인,loyalty,22,9
834,송가인,loyalty,23,18
835,송가인,loyalty,24,18
836,송가인,loyalty,25,8
837,송가인,loyalty,26,10
838,송가인,loyalty,27,8
839,송가인,loyalty,28,20
840,송가인,loyalty,29,15
841,송가인,loyalty,30,21
842,송가인,loyalty,31,11
843,송가인,loyalty,32,9
844,송가인,loyalty,33,13
845,송가인,spillover,0,20
846,송가인,spillover,1,23
847,송가인,spillover,2,16
848,송가인,spillover,3,28
849,송가인,spillover,4,22
850,송가인,spillover,5,8
851,송가인,spillover,6,15
852,송가인,spillover,7,11
853,송가인,spillover,8,7
854,송가인,spillover,9,6
855,송가인,spillover,10,11
856,송가인,spillover,11,27
857,송가인,spillover,12,29
858,송가인,spillover,13,16
859,송가인,spillover,14,16
860,송가인,spillover,15,16
861,송가인,spillover,16,41
862,송가인,spillover,17,10
863,송가인,spillover,18,24
864,송가인,spillover,19,24
865,송가인,spillover,20,34
866,송가인,spillover,21,19
867,송가인,spillover,22,16
868,송가인,spillover,23,19
869,송가인,spillover,24,9
870,송가인,spillover,25,6
871,송가인,spillover,26,16
872,송가인,spillover,27,9
873,송가인,spillover,28,8
874,송가인,spillover,29,16
875,송가인,spillover,30,17
876,송가인,spillover,31,12
877,송가인,spillover,32,29
878,송가인,spillover,33,15
879,송가인,spillover,34,21
880,송가인,spillover,35,27
881,송가인,spillover,36,33
882,송가인,spillover,37,21
883,송가인,spillover,38,14
884,송가인,spillover,39,15
885,송가인,spillover,40,15
886,송가인,spillover,41,9
887,송가인,spillover,42,7
888,송가인,spillover,43,10
889,송가인,spillover,44,13
890,송가인,spillover,45,11
891,송가인,spillover,46,9
892,송가인,spillover,47,12
893,송가인,spillover,48,7
894,송가인,spillover,49,9
895,송가인,spillover,50,16
896,송가인,spillover,51,36
897,송가인,spillover,52,28
898,송가인,spillover,53,31
899,송가인,spillover,54,17
900,송가인,spillover,55,25
901,송가인,spillover,56,20
902,송가인,spillover,57,20
903,영탁,loyalty,0,13
904,영탁,loyalty,1,13
905,영탁,loyalty,2,18
906,영탁,loyalty,3,13
907,영탁,loyalty,4,24
908,영탁,loyalty,5,18
909,영탁,loyalty,6,15
910,영탁,loyalty,7,9
911,영탁,loyalty,8,12
912,영탁,loyalty,9,8
913,영탁,loyalty,10,11
914,영탁,loyalty,11,10
915,영탁,loyalty,12,13
916,영탁,loyalty,13,12
917,영탁,loyalty,14,23
918,영탁,loyalty,15,11
919,영탁,loyalty,16,9
920,영탁,loyalty,17,7
921,영탁,loyalty,18,8
922,영탁,loyalty,19,10
923,영탁,loyalty,20,12
924,영탁,loyalty,21,20
925,영탁,loyalty,22,31
926,영탁,loyalty,23,18
927,영탁,loyalty,24,31
928,영탁,loyalty,25,18
929,영탁,loyalty,26,36
930,영탁,loyalty,27,27
931,영탁,loyalty,28,10
932,영탁,loyalty,29,12
933,영탁,loyalty,30,15
934,영탁,loyalty,31,4
935,영탁,loyalty,32,11
936,영탁,loyalty,33,16
937,영탁,loyalty,34,11
938,영탁,loyalty,35,13
939,영탁,loyalty,36,9
940,영탁,loyalty,37,25
941,영탁,loyalty,38,28
942,영탁,spillover,0,13
943,영탁,spillover,1,15
944,영탁,spillover,2,20
945,영탁,spillover,3,22
946,영탁,spillover,4,15
947,영탁,spillover,5,12
948,영탁,spillover,6,3
949,영탁,spillover,7,10
950,영탁,spillover,8,11
951,영탁,spillover,9,24
952,영탁,spillover,10,17
953,영탁,spillover,11,10
954,영탁,spillover,12,12
955,영탁,spillover,13,12
956,영탁,spillover,14,40
957,영탁,spillover,15,15
958,영탁,spillover,16,7
959,영탁,spillover,17,35
960,영탁,spillover,18,35
961,영탁,spillover,19,12
962,영탁,spillover,20,8
963,영탁,spillover,21,25
964,영탁,spillover,22,42
965,영탁,spillover,23,13
966,영탁,spillover,24,9
967,영탁,spillover,25,12
968,영탁,spillover,26,22
969,영탁,spillover,27,9
970,영탁,spillover,28,12
971,영탁,spillover,29,10
972,영탁,spillover,30,10
973,영탁,spillover,31,10
974,영탁,spillover,32,10
975,영탁,spillover,33,7
976,영탁,spillover,34,10
977,영탁,spillover,35,9
978,영탁,spillover,36,17
979,영탁,spillover,37,20
980,영탁,spillover,38,23
981,영탁,spillover,39,27
982,영탁,spillover,40,21
983,영탁,spillover,41,21
984,영탁,spillover,42,16
985,영탁,spillover,43,14
986,영탁,spillover,44,24
987,영탁,spillover,45,20
988,영탁,spillover,46,10
989,영탁,spillover,47,9
990,영탁,spillover,48,13
991,영탁,spillover,49,16
992,영탁,spillover,50,10
993,영탁,spillover,51,12
994,영탁,spillover,52,14
995,영탁,spillover,53,14
996,영탁,spillover,54,14
997,영탁,spillover,55,11
998,영탁,spillover,56,7
999,영탁,spillover,57,5
1000,영탁,spillover,58,8
1001,영탁,spillover,59,26
1002,영탁,spillover,60,23
1003,영탁,spillover,61,19
1004,영탁,spillover,62,13
1005,영탁,spillover,63,15
1006,영탁,spillover,64,12
1007,김호중,loyalty,0,14
1008,김호중,loyalty,1,19
1009,김호중,loyalty,2,16
1010,김호중,loyalty,3,13
1011,김호중,loyalty,4,11
1012,김호중,loyalty,5,22
1013,김호중,loyalty,6,24
1014,김호중,loyalty,7,14
1015,김호중,loyalty,8,10
1016,김호중,loyalty,9,7
1017,김호중,loyalty,10,10
1018,김호중,loyalty,11,10
1019,김호중,loyalty,12,11
1020,김호중,loyalty,13,18
1021,김호중,loyalty,14,10
1022,김호중,loyalty,15,9
1023,김호중,loyalty,16,8
1024,김호중,loyalty,17,18
1025,김호중,loyalty,18,7
1026,김호중,loyalty,19,33
1027,김호중,loyalty,20,21
1028,김호중,loyalty,21,41
1029,김호중,loyalty,22,23
1030,김호중,loyalty,23,22
1031,김호중,loyalty,24,19
1032,김호중,loyalty,25,26
1033,김호중,loyalty,26,11
1034,김호중,loyalty,27,13
1035,김호중,loyalty,28,10
1036,김호중,loyalty,29,11
1037,김호중,loyalty,30,6
1038,김호중,loyalty,31,16
1039,김호중,loyalty,32,11
1040,김호중,loyalty,33,16
1041,김호중,loyalty,34,12
1042,김호중,loyalty,35,8
1043,김호중,loyalty,36,10
1044,김호중,loyalty,37,7
1045,김호중,loyalty,38,16
1046,김호중,spillover,0,12
1047,김호중,spillover,1,18
1048,김호중,spillover,2,8
1049,김호중,spillover,3,14
1050,김호중,spillover,4,12
1051,김호중,spillover,5,14
1052,김호중,spillover,6,16
1053,김호중,spillover,7,6
1054,김호중,spillover,8,6
1055,김호중,spillover,9,3
1056,김호중,spillover,10,6
1057,김호중,spillover,11,13
1058,김호중,spillover,12,10
1059,김호중,spillover,13,15
1060,김호중,spillover,14,16
1061,김호중,spillover,15,5
1062,김호중,spillover,16,8
1063,김호중,spillover,17,30
1064,김호중,spillover,18,26
1065,김호중,spillover,19,19
1066,김호중,spillover,20,15
1067,김호중,spillover,21,11
1068,김호중,spillover,22,11
1069,김호중,spillover,23,10
1070,김호중,spillover,24,10
1071,김호중,spillover,25,22
1072,김호중,spillover,26,24
1073,김호중,spillover,27,5
1074,김호중,spillover,28,4
1075,김호중,spillover,29,16
1076,김호중,spillover,30,13
1077,김호중,spillover,31,20
1078,김호중,spillover,32,32
1079,김호중,spillover,33,9
1080,김호중,spillover,34,27
1081,김호중,spillover,35,14
1082,김호중,spillover,36,18
1083,김호중,spillover,37,16
1084,김호중,spillover,38,8
1085,김호중,spillover,39,21
1086,김호중,spillover,40,28
1087,김호중,spillover,41,24
1088,김호중,spillover,42,40
1089,김호중,spillover,43,10
1090,김호중,spillover,44,7
1091,김호중,spillover,45,18
1092,김호중,spillover,46,34
1093,김호중,spillover,47,19
1094,김호중,spillover,48,16
1095,김호중,spillover,49,17
1096,김호중,spillover,50,15
1097,김호중,spillover,51,16
1098,이찬원,loyalty,0,13
1099,이찬원,loyalty,1,12
1100,이찬원,loyalty,2,17
1101,이찬원,loyalty,3,15
1102,이찬원,loyalty,4,10
1103,이찬원,loyalty,5,15
1104,이찬원,loyalty,6,12
1105,이찬원,loyalty,7,9
1106,이찬원,loyalty,8,7
1107,이찬원,loyalty,9,12
1108,이찬원,loyalty,10,13
1109,이찬원,loyalty,11,6
1110,이찬원,loyalty,12,7
1111,이찬원,loyalty,13,13
1112,이찬원,loyalty,14,7
1113,이찬원,loyalty,15,12
1114,이찬원,loyalty,16,16
1115,이찬원,loyalty,17,10
1116,이찬원,loyalty,18,9
1117,이찬원,loyalty,19,35
1118,이찬원,loyalty,20,23
1119,이찬원,loyalty,21,25
1120,이찬원,loyalty,22,15
1121,이찬원,loyalty,23,13
1122,이찬원,loyalty,24,9
1123,이찬원,loyalty,25,12
1124,이찬원,loyalty,26,10
1125,이찬원,loyalty,27,18
1126,이찬원,loyalty,28,8
1127,이찬원,loyalty,29,8
1128,이찬원,loyalty,30,11
1129,이찬원,loyalty,31,8
1130,이찬원,loyalty,32,30
1131,이찬원,loyalty,33,28
1132,이찬원,loyalty,34,20
1133,이찬원,loyalty,35,23
1134,이찬원,loyalty,36,20
1135,이찬원,spillover,0,12
1136,이찬원,spillover,1,8
1137,이찬원,spillover,2,10
1138,이찬원,spillover,3,19
1139,이찬원,spillover,4,13
1140,이찬원,spillover,5,13
1141,이찬원,spillover,6,13
1142,이찬원,spillover,7,6
1143,이찬원,spillover,8,13
1144,이찬원,spillover,9,9
1145,이찬원,spillover,10,7
1146,이찬원,spillover,11,10
1147,이찬원,spillover,12,12
1148,이찬원,spillover,13,16
1149,이찬원,spillover,14,7
1150,이찬원,spillover,15,10
1151,이찬원,spillover,16,9
1152,이찬원,spillover,17,10
1153,이찬원,spillover,18,43
1154,이찬원,spillover,19,21
1155,이찬원,spillover,20,32
1156,이찬원,spillover,21,21
1157,이찬원,spillover,22,16
1158,이찬원,spillover,23,18
1159,이찬원,spillover,24,16
1160,이찬원,spillover,25,12
1161,이찬원,spillover,26,54
1162,이찬원,spillover,27,23
1163,이찬원,spillover,28,39
1164,이찬원,spillover,29,12
1165,이찬원,spillover,30,9
1166,이찬원,spillover,31,10
1167,이찬원,spillover,32,13
1168,이찬원,spillover,33,5
1169,이찬원,spillover,34,24
1170,이찬원,spillover,35,15
1171,이찬원,spillover,36,14
1172,이찬원,spillover,37,23
1173,이찬원,spillover,38,26
1174,이찬원,spillover,39,12
1175,이찬원,spillover,40,12
1176,이찬원,spillover,41,20
1177,이찬원,spillover,42,24
1178,이찬원,spillover,43,24
1179,이찬원,spillover,44,14
1180,이찬원,spillover,45,19
1181,이찬원,spillover,46,23
1182,이찬원,spillover,47,12
1183,이찬원,spillover,48,11
1184,이찬원,spillover,49,15
1185,이찬원,spillover,50,19
1186,이찬원,spillover,51,15
1187,이찬원,spillover,52,22
1188,이찬원,spillover,53,17
1189,이찬원,spillover,54,25
1190,이찬원,spillover,55,30
1191,이찬원,spillover,56,14
1192,이찬원,spillover,57,10
1193,이찬원,spillover,58,11
1194,이찬원,spillover,59,16
1195,이찬원,spillover,60,14
1196,이찬원,spillover,61,17
1197,이찬원,spillover,62,18
1198,이찬원,spillover,63,28
1199,이찬원,spillover,64,19
1200,이찬원,spillover,65,17
1201,이찬원,spillover,66,19
1202,이찬원,spillover,67,18
1203,이찬원,spillover,68,21
1204,장윤정,loyalty,0,12
1205,장윤정,loyalty,1,14
1206,장윤정,loyalty,2,20
1207,장윤정,loyalty,3,8
1208,장윤정,loyalty,4,18
1209,장윤정,loyalty,5,14
1210,장윤정,loyalty,6,6
1211,장윤정,loyalty,7,8
1212,장윤정,loyalty,8,13
1213,장윤정,loyalty,9,13
1214,장윤정,loyalty,10,18
1215,장윤정,loyalty,11,16
1216,장윤정,loyalty,12,25
1217,장윤정,loyalty,13,8
1218,장윤정,loyalty,14,9
1219,장윤정,loyalty,15,12
1220,장윤정,loyalty,16,12
1221,장윤정,loyalty,17,8
1222,장윤정,loyalty,18,9
1223,장윤정,loyalty,19,16
1224,장윤정,loyalty,20,25
1225,장윤정,loyalty,21,18
1226,장윤정,loyalty,22,22
1227,장윤정,loyalty,23,25
1228,장윤정,loyalty,24,20
1229,장윤정,loyalty,25,27
1230,장윤정,loyalty,26,12
1231,장윤정,spillover,0,8
1232,장윤정,spillover,1,12
1233,장윤정,spillover,2,10
1234,장윤정,spillover,3,20
1235,장윤정,spillover,4,13
1236,장윤정,spillover,5,22
1237,장윤정,spillover,6,12
1238,장윤정,spillover,7,8
1239,장윤정,spillover,8,6
1240,장윤정,spillover,9,6
1241,장윤정,spillover,10,14
1242,장윤정,spillover,11,3
1243,장윤정,spillover,12,9
1244,장윤정,spillover,13,16
1245,장윤정,spillover,14,21
1246,장윤정,spillover,15,20
1247,장윤정,spillover,16,23
1248,장윤정,spillover,17,33
1249,장윤정,spillover,18,29
1250,장윤정,spillover,19,12
1251,장윤정,spillover,20,9
1252,장윤정,spillover,21,8
1253,장윤정,spillover,22,4
1254,장윤정,spillover,23,21
1255,장윤정,spillover,24,37
1256,장윤정,spillover,25,16
1257,장윤정,spillover,26,13
1258,장윤정,spillover,27,12
1259,장윤정,spillover,28,11
1260,장윤정,spillover,29,17
1261,장윤정,spillover,30,10
1262,장윤정,spillover,31,10
1263,장윤정,spillover,32,14
1264,장윤정,spillover,33,10
1265,장윤정,spillover,34,16
1266,장윤정,spillover,35,15
1267,장윤정,spillover,36,14
1268,장윤정,spillover,37,18
1269,장윤정,spillover,38,13
1270,장윤정,spillover,39,17
1271,장윤정,spillover,40,8
1272,장윤정,spillover,41,21
1273,장윤정,spillover,42,9
1274,장윤정,spillover,43,18
1275,장윤정,spillover,44,19
1276,장윤정,spillover,45,10
1277,장윤정,spillover,46,19
1278,장윤정,spillover,47,20
1279,장윤정,spillover,48,16
1280,장윤정,spillover,49,27
1281,장윤정,spillover,50,20
1282,장윤정,spillover,51,19
1283,장윤정,spillover,52,25
1284,장윤정,spillover,53,16
1285,장윤정,spillover,54,14
1286,장윤정,spillover,55,17
1287,장윤정,spillover,56,22
1288,장윤정,spillover,57,7
1289,장윤정,spillover,58,21
1290,장윤정,spillover,59,20
1291,장윤정,spillover,60,20
1292,장윤정,spillover,61,17
1293,장윤정,spillover,62,20
1294,장윤정,spillover,63,23
1295,장윤정,spillover,64,17
1296,정동원,loyalty,0,12
1297,정동원,loyalty,1,20
1298,정동원,loyalty,2,12
1299,정동원,loyalty,3,13
1300,정동원,loyalty,4,12
1301,정동원,loyalty,5,12
1302,정동원,loyalty,6,11
1303,정동원,loyalty,7,5
1304,정동원,loyalty,8,12
1305,정동원,loyalty,9,9
1306,정동원,loyalty,10,10
1307,정동원,loyalty,11,9
1308,정동원,loyalty,12,7
1309,정동원,loyalty,13,11
1310,정동원,loyalty,14,12
1311,정동원,loyalty,15,13
1312,정동원,loyalty,16,21
1313,정동원,loyalty,17,9
1314,정동원,loyalty,18,9
1315,정동원,loyalty,19,10
1316,정동원,loyalty,20,8
1317,정동원,loyalty,21,7
1318,정동원,loyalty,22,12
1319,정동원,loyalty,23,9
1320,정동원,loyalty,24,10
1321,정동원,loyalty,25,9
1322,정동원,loyalty,26,21
1323,정동원,loyalty,27,11
1324,정동원,loyalty,28,11
1325,정동원,loyalty,29,14
1326,정동원,loyalty,30,10
1327,정동원,loyalty,31,9
1328,정동원,loyalty,32,6
1329,정동원,loyalty,33,15
1330,정동원,loyalty,34,14
1331,정동원,loyalty,35,9
1332,정동원,loyalty,36,8
1333,정동원,loyalty,37,13
1334,정동원,loyalty,38,28
1335,정동원,loyalty,39,20
1336,정동원,loyalty,40,19
1337,정동원,loyalty,41,20
1338,정동원,loyalty,42,21
1339,정동원,loyalty,43,19
1340,정동원,loyalty,44,21
1341,정동원,loyalty,45,28
1342,정동원,loyalty,46,23
1343,정동원,loyalty,47,26
1344,정동원,spillover,0,8
1345,정동원,spillover,1,12
1346,정동원,spillover,2,9
1347,정동원,spillover,3,12
1348,정동원,spillover,4,15
1349,정동원,spillover,5,16
1350,정동원,spillover,6,15
1351,정동원,spillover,7,7
1352,정동원,spillover,8,8
1353,정동원,spillover,9,9
1354,정동원,spillover,10,10
1355,정동원,spillover,11,8
1356,정동원,spillover,12,8
1357,정동원,spillover,13,8
1358,정동원,spillover,14,10
1359,정동원,spillover,15,18
1360,정동원,spillover,16,8
1361,정동원,spillover,17,21
1362,정동원,spillover,18,35
1363,정동원,spillover,19,23
1364,정동원,spillover,20,18
1365,정동원,spillover,21,7
1366,정동원,spillover,22,9
1367,정동원,spillover,23,9
1368,정동원,spillover,24,6
1369,정동원,spillover,25,30
1370,정동원,spillover,26,9
1371,정동원,spillover,27,12
1372,정동원,spillover,28,11
1373,정동원,spillover,29,14
1374,정동원,spillover,30,10
1375,정동원,spillover,31,9
1376,정동원,spillover,32,7
1377,정동원,spillover,33,12
1378,정동원,spillover,34,34
1379,정동원,spillover,35,12
1380,정동원,spillover,36,12
1381,정동원,spillover,37,14
1382,정동원,spillover,38,25
1383,정동원,spillover,39,12
1384,정동원,spillover,40,13
1385,정동원,spillover,41,10
1386,정동원,spillover,42,15
1387,정동원,spillover,43,10
1388,정동원,spillover,44,18
1389,정동원,spillover,45,20
1390,정동원,spillover,46,22
1391,정동원,spillover,47,24
1392,정동원,spillover,48,31
1393,정동원,spillover,49,12
1394,정동원,spillover,50,26
1395,정동원,spillover,51,28
1396,정동원,spillover,52,12
1397,정동원,spillover,53,28
1398,정동원,spillover,54,25
1399,정동원,spillover,55,13
1400,정동원,spillover,56,20
1401,정동원,spillover,57,20
1402,정동원,spillover,58,19
1403,김연자,loyalty,0,18
1404,김연자,loyalty,1,18
1405,김연자,loyalty,2,14
1406,김연자,loyalty,3,16
1407,김연자,loyalty,4,10
1408,김연자,loyalty,5,19
1409,김연자,loyalty,6,9
1410,김연자,loyalty,7,9
1411,김연자,loyalty,8,9
1412,김연자,loyalty,9,13
1413,김연자,loyalty,10,12
1414,김연자,loyalty,11,16
1415,김연자,loyalty,12,19
1416,김연자,loyalty,13,9
1417,김연자,loyalty,14,49
1418,김연자,loyalty,15,39
1419,김연자,loyalty,16,21
1420,김연자,loyalty,17,7
1421,김연자,loyalty,18,16
1422,김연자,loyalty,19,15
1423,김연자,loyalty,20,32
1424,김연자,spillover,0,11
1425,김연자,spillover,1,16
1426,김연자,spillover,2,28
1427,김연자,spillover,3,17
1428,김연자,spillover,4,16
1429,김연자,spillover,5,13
1430,김연자,spillover,6,5
1431,김연자,spillover,7,8
1432,김연자,spillover,8,8
1433,김연자,spillover,9,9
1434,김연자,spillover,10,21
1435,김연자,spillover,11,10
1436,김연자,spillover,12,13
1437,김연자,spillover,13,18
1438,김연자,spillover,14,15
1439,김연자,spillover,15,17
1440,김연자,spillover,16,16
1441,김연자,spillover,17,12
1442,김연자,spillover,18,15
1443,김연자,spillover,19,24
1444,김연자,spillover,20,12
1445,김연자,spillover,21,7
1446,김연자,spillover,22,10
1447,김연자,spillover,23,13
1448,김연자,spillover,24,8
1449,김연자,spillover,25,10
1450,김연자,spillover,26,31
1451,김연자,spillover,27,26
1452,김연자,spillover,28,30
1453,김연자,spillover,29,12
1454,김연자,spillover,30,11
1455,김연자,spillover,31,17
1456,김연자,spillover,32,25
1457,김연자,spillover,33,16
1458,김연자,spillover,34,22
1459,김연자,spillover,35,11
1460,김연자,spillover,36,5
1461,김연자,spillover,37,13
1462,김연자,spillover,38,11
1463,김연자,spillover,39,14
1464,김연자,spillover,40,10
1465,김연자,spillover,41,11
1466,김연자,spillover,42,14
1467,김연자,spillover,43,13
1468,김연자,spillover,44,18
1469,김연자,spillover,45,27
1470,김연자,spillover,46,25
1471,김연자,spillover,47,23
1472,김연자,spillover,48,13
1473,김연자,spillover,49,16
1474,김연자,spillover,50,15
1475,김연자,spillover,51,20
1476,나훈아,loyalty,0,11
1477,나훈아,loyalty,1,15
1478,나훈아,loyalty,2,19
1479,나훈아,loyalty,3,13
1480,나훈아,loyalty,4,14
1481,나훈아,loyalty,5,16
1482,나훈아,loyalty,6,23
1483,나훈아,loyalty,7,19
1484,나훈아,loyalty,8,10
1485,나훈아,loyalty,9,9
1486,나훈아,loyalty,10,10
1487,나훈아,loyalty,11,11
1488,나훈아,loyalty,12,12
1489,나훈아,loyalty,13,8
1490,나훈아,loyalty,14,9
1491,나훈아,loyalty,15,15
1492,나훈아,loyalty,16,6
1493,나훈아,loyalty,17,4
1494,나훈아,loyalty,18,8
1495,나훈아,loyalty,19,12
1496,나훈아,loyalty,20,19
1497,나훈아,loyalty,21,14
1498,나훈아,loyalty,22,14
1499,나훈아,loyalty,23,25
1500,나훈아,loyalty,24,20
1501,나훈아,loyalty,25,34
1502,나훈아,loyalty,26,10
1503,나훈아,loyalty,27,21
1504,나훈아,loyalty,28,10
1505,나훈아,loyalty,29,10
1506,나훈아,loyalty,30,10
1507,나훈아,loyalty,31,11
1508,나훈아,loyalty,32,26
1509,나훈아,spillover,0,24
1510,나훈아,spillover,1,17
1511,나훈아,spillover,2,17
1512,나훈아,spillover,3,16
1513,나훈아,spillover,4,6
1514,나훈아,spillover,5,6
1515,나훈아,spillover,6,11
1516,나훈아,spillover,7,11
1517,나훈아,spillover,8,7
1518,나훈아,spillover,9,11
1519,나훈아,spillover,10,10
1520,나훈아,spillover,11,20
1521,나훈아,spillover,12,12
1522,나훈아,spillover,13,17
1523,나훈아,spillover,14,13
1524,나훈아,spillover,15,21
1525,나훈아,spillover,16,27
1526,나훈아,spillover,17,45
1527,나훈아,spillover,18,19
1528,나훈아,spillover,19,12
1529,나훈아,spillover,20,9
1530,나훈아,spillover,21,10
1531,나훈아,spillover,22,30
1532,나훈아,spillover,23,6
1533,나훈아,spillover,24,10
1534,나훈아,spillover,25,20
1535,나훈아,spillover,26,19
1536,나훈아,spillover,27,13
1537,나훈아,spillover,28,16
1538,나훈아,spillover,29,17
1539,나훈아,spillover,30,18
1540,나훈아,spillover,31,15
1541,나훈아,spillover,32,19
1542,나훈아,spillover,33,33
1543,나훈아,spillover,34,36
1544,나훈아,spillover,35,18
1545,나훈아,spillover,36,20
1546,god,loyalty,0,21
1547,god,loyalty,1,17
1548,god,loyalty,2,10
1549,god,loyalty,3,27
1550,god,loyalty,4,15
1551,god,loyalty,5,19
1552,god,loyalty,6,18
1553,god,loyalty,7,24
1554,god,loyalty,8,13
1555,god,loyalty,9,18
1556,god,loyalty,10,9
1557,god,loyalty,11,17
1558,god,loyalty,12,11
1559,god,loyalty,13,13
1560,god,loyalty,14,13
1561,god,loyalty,15,12
1562,god,loyalty,16,17
1563,god,loyalty,17,21
1564,god,loyalty,18,11
1565,god,loyalty,19,14
1566,god,loyalty,20,16
1567,god,loyalty,21,31
1568,god,loyalty,22,27
1569,god,loyalty,23,32
1570,god,loyalty,24,7
1571,god,loyalty,25,18
1572,god,loyalty,26,21
1573,god,loyalty,27,20
1574,god,loyalty,28,36
1575,god,loyalty,29,18
1576,god,loyalty,30,20
1577,god,loyalty,31,7
1578,god,loyalty,32,10
1579,god,loyalty,33,14
1580,god,loyalty,34,13
1581,god,loyalty,35,15
1582,god,loyalty,36,19
1583,god,loyalty,37,23
1584,god,loyalty,38,22
1585,god,loyalty,39,23
1586,god,loyalty,40,15
1587,god,loyalty,41,20
1588,god,loyalty,42,14
1589,god,loyalty,43,32
1590,god,loyalty,44,13
1591,god,loyalty,45,20
1592,god,loyalty,46,29
1593,god,loyalty,47,28
1594,god,loyalty,48,21
1595,god,loyalty,49,17
1596,god,loyalty,50,16
1597,god,spillover,0,16
1598,god,spillover,1,25
1599,god,spillover,2,22
1600,god,spillover,3,20
1601,god,spillover,4,9
1602,god,spillover,5,13
1603,god,spillover,6,14
1604,god,spillover,7,12
1605,god,spillover,8,8
1606,god,spillover,9,24
1607,god,spillover,10,29
1608,god,spillover,11,33
1609,god,spillover,12,21
1610,god,spillover,13,8
1611,god,spillover,14,13
1612,god,spillover,15,14
1613,god,spillover,16,12
1614,god,spillover,17,23
1615,god,spillover,18,25
1616,god,spillover,19,18
1617,god,spillover,20,8
1618,god,spillover,21,8
1619,god,spillover,22,10
1620,god,spillover,23,12
1621,god,spillover,24,12
1622,god,spillover,25,13
1623,god,spillover,26,24
1624,god,spillover,27,13
1625,god,spillover,28,11
1626,god,spillover,29,14
1627,god,spillover,30,19
1628,god,spillover,31,20
1629,god,spillover,32,16
1630,god,spillover,33,19
1631,god,spillover,34,24
1632,god,spillover,35,24
1633,god,spillover,36,16
1634,god,spillover,37,30
1635,god,spillover,38,17
1636,god,spillover,39,24
1637,god,spillover,40,16
1638,god,spillover,41,17
1639,god,spillover,42,6
1640,god,spillover,43,13
1641,god,spillover,44,26
1642,god,spillover,45,22
1643,god,spillover,46,21
1644,god,spillover,47,18
1645,HOT,loyalty,0,18
1646,HOT,loyalty,1,20
1647,HOT,loyalty,2,23
1648,HOT,loyalty,3,16
1649,HOT,loyalty,4,14
1650,HOT,loyalty,5,22
1651,HOT,loyalty,6,30
1652,HOT,loyalty,7,10
1653,HOT,loyalty,8,18
1654,HOT,loyalty,9,12
1655,HOT,loyalty,10,10
1656,HOT,loyalty,11,12
1657,HOT,loyalty,12,16
1658,HOT,loyalty,13,12
1659,HOT,loyalty,14,14
1660,HOT,loyalty,15,11
1661,HOT,loyalty,16,19
1662,HOT,loyalty,17,15
1663,HOT,loyalty,18,8
1664,HOT,loyalty,19,9
1665,HOT,loyalty,20,9
1666,HOT,loyalty,21,17
1667,HOT,loyalty,22,16
1668,HOT,loyalty,23,13
1669,HOT,loyalty,24,16
1670,HOT,loyalty,25,13
1671,HOT,loyalty,26,11
1672,HOT,loyalty,27,15
1673,HOT,loyalty,28,20
1674,HOT,loyalty,29,12
1675,HOT,loyalty,30,12
1676,HOT,loyalty,31,15
1677,HOT,loyalty,32,21
1678,HOT,loyalty,33,19
1679,HOT,loyalty,34,34
1680,HOT,loyalty,35,24
1681,HOT,loyalty,36,25
1682,HOT,spillover,0,26
1683,HOT,spillover,1,22
1684,HOT,spillover,2,17
1685,HOT,spillover,3,10
1686,HOT,spillover,4,8
1687,HOT,spillover,5,17
1688,HOT,spillover,6,18
1689,HOT,spillover,7,12
1690,HOT,spillover,8,16
1691,HOT,spillover,9,11
1692,HOT,spillover,10,19
1693,HOT,spillover,11,21
1694,HOT,spillover,12,22
1695,HOT,spillover,13,21
1696,HOT,spillover,14,11
1697,HOT,spillover,15,17
1698,HOT,spillover,16,27
1699,HOT,spillover,17,23
1700,HOT,spillover,18,10
1701,HOT,spillover,19,13
1702,HOT,spillover,20,16
1703,HOT,spillover,21,11
1704,HOT,spillover,22,13
1705,HOT,spillover,23,19
1706,HOT,spillover,24,17
1707,HOT,spillover,25,12
1708,HOT,spillover,26,8
1709,HOT,spillover,27,7
1710,HOT,spillover,28,22
1711,HOT,spillover,29,18
1712,HOT,spillover,30,28
1713,HOT,spillover,31,30
1714,HOT,spillover,32,12
1715,HOT,spillover,33,23
1716,HOT,spillover,34,17
1717,HOT,spillover,35,9
1718,HOT,spillover,36,10
1719,HOT,spillover,37,13
1720,HOT,spillover,38,10
1721,HOT,spillover,39,10
1722,HOT,spillover,40,11
1723,HOT,spillover,41,15
1724,HOT,spillover,42,17
1725,HOT,spillover,43,30
1726,HOT,spillover,44,31
1727,HOT,spillover,45,14
1728,HOT,spillover,46,19
1729,HOT,spillover,47,29
1730,HOT,spillover,48,14
1731,HOT,spillover,49,28
1732,HOT,spillover,50,35
1733,HOT,spillover,51,24
1734,HOT,spillover,52,31
1735,HOT,spillover,53,16
1736,HOT,spillover,54,34
1737,HOT,spillover,55,22
1738,HOT,spillover,56,29
1739,HOT,spillover,57,13
1740,HOT,spillover,58,14
1741,HOT,spillover,59,48
1742,잭스키스,loyalty,0,13
1743,잭스키스,loyalty,1,14
1744,잭스키스,loyalty,2,14
1745,잭스키스,loyalty,3,11
1746,잭스키스,loyalty,4,19
1747,잭스키스,loyalty,5,20
1748,잭스키스,loyalty,6,11
1749,잭스키스,loyalty,7,9
1750,잭스키스,loyalty,8,16
1751,잭스키스,loyalty,9,9
1752,잭스키스,loyalty,10,12
1753,잭스키스,loyalty,11,17
1754,잭스키스,loyalty,12,17
1755,잭스키스,loyalty,13,25
1756,잭스키스,loyalty,14,9
1757,잭스키스,loyalty,15,20
1758,잭스키스,loyalty,16,18
1759,잭스키스,loyalty,17,14
1760,잭스키스,loyalty,18,15
1761,잭스키스,loyalty,19,23
1762,잭스키스,loyalty,20,31
1763,잭스키스,loyalty,21,7
1764,잭스키스,loyalty,22,12
1765,잭스키스,loyalty,23,15
1766,잭스키스,loyalty,24,12
1767,잭스키스,loyalty,25,17
1768,잭스키스,loyalty,26,11
1769,잭스키스,loyalty,27,23
1770,잭스키스,loyalty,28,19
1771,잭스키스,loyalty,29,18
1772,잭스키스,loyalty,30,20
1773,잭스키스,loyalty,31,20
1774,잭스키스,loyalty,32,14
1775,잭스키스,loyalty,33,15
1776,잭스키스,loyalty,34,11
1777,잭스키스,loyalty,35,13
1778,잭스키스,loyalty,36,11
1779,잭스키스,loyalty,37,11
1780,잭스키스,loyalty,38,12
1781,잭스키스,loyalty,39,12
1782,잭스키스,loyalty,40,49
1783,잭스키스,spillover,0,18
1784,잭스키스,spillover,1,24
1785,잭스키스,spillover,2,7
1786,잭스키스,spillover,3,16
1787,잭스키스,spillover,4,19
1788,잭스키스,spillover,5,16
1789,잭스키스,spillover,6,15
1790,잭스키스,spillover,7,10
1791,잭스키스,spillover,8,30
1792,잭스키스,spillover,9,16
1793,잭스키스,spillover,10,19
1794,잭스키스,spillover,11,7
1795,잭스키스,spillover,12,18
1796,잭스키스,spillover,13,8
1797,잭스키스,spillover,14,9
1798,잭스키스,spillover,15,7
1799,잭스키스,spillover,16,14
1800,잭스키스,spillover,17,12
1801,잭스키스,spillover,18,30
1802,잭스키스,spillover,19,13
1803,잭스키스,spillover,20,26
1804,잭스키스,spillover,21,12
1805,잭스키스,spillover,22,22
1806,잭스키스,spillover,23,14
1807,잭스키스,spillover,24,21
1808,잭스키스,spillover,25,24
1809,잭스키스,spillover,26,19
1810,잭스키스,spillover,27,19
1811,잭스키스,spillover,28,13
1812,잭스키스,spillover,29,18
1813,잭스키스,spillover,30,19
1814,잭스키스,spillover,31,12
1815,잭스키스,spillover,32,15
1816,잭스키스,spillover,33,10
1817,잭스키스,spillover,34,25
1818,잭스키스,spillover,35,15
1819,잭스키스,spillover,36,10
1820,잭스키스,spillover,37,13
1821,잭스키스,spillover,38,26
1822,잭스키스,spillover,39,23
1823,잭스키스,spillover,40,20
1824,잭스키스,spillover,41,15
1825,잭스키스,spillover,42,24
1826,잭스키스,spillover,43,18
1827,보아,loyalty,0,19
1828,보아,loyalty,1,14
1829,보아,loyalty,2,29
1830,보아,loyalty,3,17
1831,보아,loyalty,4,14
1832,보아,loyalty,5,18
1833,보아,loyalty,6,8
1834,보아,loyalty,7,14
1835,보아,loyalty,8,24
1836,보아,loyalty,9,18
1837,보아,loyalty,10,18
1838,보아,loyalty,11,40
1839,보아,loyalty,12,22
1840,보아,loyalty,13,22
1841,보아,loyalty,14,18
1842,보아,loyalty,15,20
1843,보아,loyalty,16,14
1844,보아,loyalty,17,9
1845,보아,loyalty,18,10
1846,보아,loyalty,19,11
1847,보아,loyalty,20,11
1848,보아,loyalty,21,11
1849,보아,loyalty,22,8
1850,보아,loyalty,23,11
1851,보아,loyalty,24,9
1852,보아,loyalty,25,18
1853,보아,loyalty,26,18
1854,보아,loyalty,27,20
1855,보아,loyalty,28,39
1856,보아,loyalty,29,31
1857,보아,spillover,0,14
1858,보아,spillover,1,19
1859,보아,spillover,2,21
1860,보아,spillover,3,21
1861,보아,spillover,4,13
1862,보아,spillover,5,20
1863,보아,spillover,6,22
1864,보아,spillover,7,21
1865,보아,spillover,8,12
1866,보아,spillover,9,22
1867,보아,spillover,10,33
1868,보아,spillover,11,15
1869,보아,spillover,12,33
1870,보아,spillover,13,21
1871,보아,spillover,14,22
1872,보아,spillover,15,20
1873,보아,spillover,16,12
1874,보아,spillover,17,9
1875,보아,spillover,18,18
1876,보아,spillover,19,35
1877,보아,spillover,20,11
1878,보아,spillover,21,13
1879,보아,spillover,22,20
1880,보아,spillover,23,12
1881,보아,spillover,24,8
1882,보아,spillover,25,12
1883,보아,spillover,26,28
1884,보아,spillover,27,9
1885,보아,spillover,28,15
1886,보아,spillover,29,15
1887,보아,spillover,30,10
1888,보아,spillover,31,9
1889,보아,spillover,32,8
1890,보아,spillover,33,14
1891,보아,spillover,34,26
1892,보아,spillover,35,14
1893,보아,spillover,36,44
1894,보아,spillover,37,23
1895,보아,spillover,38,36
1896,보아,spillover,39,42
1897,보아,spillover,40,24
1898,보아,spillover,41,26
1899,보아,spillover,42,19
1900,보아,spillover,43,15
1901,보아,spillover,44,16
1902,보아,spillover,45,25
1903,싸이,loyalty,0,8
1904,싸이,loyalty,1,16
1905,싸이,loyalty,2,12
1906,싸이,loyalty,3,18
1907,싸이,loyalty,4,26
1908,싸이,loyalty,5,12
1909,싸이,loyalty,6,11
1910,싸이,loyalty,7,14
1911,싸이,loyalty,8,14
1912,싸이,loyalty,9,10
1913,싸이,loyalty,10,9
1914,싸이,loyalty,11,13
1915,싸이,loyalty,12,16
1916,싸이,loyalty,13,14
1917,싸이,loyalty,14,31
1918,싸이,loyalty,15,19
1919,싸이,loyalty,16,18
1920,싸이,loyalty,17,16
1921,싸이,loyalty,18,13
1922,싸이,loyalty,19,11
1923,싸이,loyalty,20,16
1924,싸이,loyalty,21,10
1925,싸이,loyalty,22,13
1926,싸이,loyalty,23,12
1927,싸이,loyalty,24,10
1928,싸이,loyalty,25,10
1929,싸이,loyalty,26,17
1930,싸이,loyalty,27,18
1931,싸이,loyalty,28,30
1932,싸이,loyalty,29,23
1933,싸이,spillover,0,15
1934,싸이,spillover,1,18
1935,싸이,spillover,2,12
1936,싸이,spillover,3,22
1937,싸이,spillover,4,32
1938,싸이,spillover,5,11
1939,싸이,spillover,6,14
1940,싸이,spillover,7,19
1941,싸이,spillover,8,20
1942,싸이,spillover,9,8
1943,싸이,spillover,10,26
1944,싸이,spillover,11,28
1945,싸이,spillover,12,13
1946,싸이,spillover,13,22
1947,싸이,spillover,14,15
1948,싸이,spillover,15,18
1949,싸이,spillover,16,15
1950,싸이,spillover,17,18
1951,싸이,spillover,18,25
1952,싸이,spillover,19,23
1953,싸이,spillover,20,13
1954,싸이,spillover,21,20
1955,싸이,spillover,22,27
1956,싸이,spillover,23,21
1957,싸이,spillover,24,23
1958,싸이,spillover,25,16
1959,싸이,spillover,26,23
1960,싸이,spillover,27,25
1961,싸이,spillover,28,16
1962,싸이,spillover,29,31
1963,싸이,spillover,30,7
1964,싸이,spillover,31,9
1965,싸이,spillover,32,23
1966,싸이,spillover,33,21
1967,싸이,spillover,34,19
1968,싸이,spillover,35,32
1969,싸이,spillover,37,4
1970,싸이,spillover,38,4
1971,싸이,spillover,39,19
1972,싸이,spillover,40,5
1973,싸이,spillover,41,29
1974,싸이,spillover,42,21
1975,싸이,spillover,43,22
1976,싸이,spillover,44,11
1977,싸이,spillover,45,13
1978,싸이,spillover,46,14
1979,싸이,spillover,47,23
1980,싸이,spillover,48,15
1981,싸이,spillover,49,23
1982,싸이,spillover,50,24
1983,싸이,spillover,51,32
1984,싸이,spillover,52,24
1985,싸이,spillover,53,16
1986,싸이,spillover,54,11
1987,싸이,spillover,55,25
1988,싸이,spillover,56,16
1989,싸이,spillover,57,20
1990,싸이,spillover,58,10
1991,싸이,spillover,59,17
1992,싸이,spillover,60,27
1993,싸이,spillover,61,12
1994,싸이,spillover,62,26
1995,싸이,spillover,63,24
1996,싸이,spillover,64,24
1997,싸이,spillover,65,20
1998,싸이,spillover,66,10
1999,싸이,spillover,67,22
2000,싸이,spillover,68,20
2001,싸이,spillover,69,20
2002,싸이,spillover,70,25
2003,싸이,spillover,71,25
2004,싸이,spillover,72,33
2005,싸이,spillover,73,17
2006,싸이,spillover,74,17
2007,싸이,spillover,75,24
2008,싸이,spillover,76,22
2009,싸이,spillover,77,15
2010,싸이,spillover,78,17
2011,싸이,spillover,79,17
2012,싸이,spillover,80,10
2013,싸이,spillover,81,22
2014,싸이,spillover,82,23
2015,싸이,spillover,83,11
2016,싸이,spillover,84,14
2017,싸이,spillover,85,21
2018,싸이,spillover,86,31
2019,싸이,spillover,87,16
2020,싸이,spillover,88,16
2021,싸이,spillover,89,16
2022,싸이,spillover,90,18
2023,싸이,spillover,91,17
2024,아이유,loyalty,0,12
2025,아이유,loyalty,1,23
2026,아이유,loyalty,2,19
2027,아이유,loyalty,3,20
2028,아이유,loyalty,4,20
2029,아이유,loyalty,5,28
2030,아이유,loyalty,6,35
2031,아이유,loyalty,7,10
2032,아이유,loyalty,8,16
2033,아이유,loyalty,9,16
2034,아이유,loyalty,10,9
2035,아이유,loyalty,11,4
2036,아이유,loyalty,12,10
2037,아이유,loyalty,13,9
2038,아이유,loyalty,14,48
2039,아이유,loyalty,15,23
2040,아이유,loyalty,16,12
2041,아이유,loyalty,17,20
2042,아이유,loyalty,18,12
2043,아이유,loyalty,19,31
2044,아이유,loyalty,20,28
2045,아이유,loyalty,21,12
2046,아이유,loyalty,22,21
2047,아이유,loyalty,23,41
2048,아이유,loyalty,24,21
2049,아이유,loyalty,25,18
2050,아이유,loyalty,26,19
2051,아이유,loyalty,27,4
2052,아이유,loyalty,28,7
2053,아이유,loyalty,29,13
2054,아이유,loyalty,30,22
2055,아이유,loyalty,31,15
2056,아이유,loyalty,32,19
2057,아이유,loyalty,33,23
2058,아이유,loyalty,34,15
2059,아이유,loyalty,35,21
2060,아이유,loyalty,36,26
2061,아이유,loyalty,37,23
2062,아이유,loyalty,38,23
2063,아이유,loyalty,39,31
2064,아이유,loyalty,40,29
2065,아이유,loyalty,41,39
2066,아이유,spillover,0,9
2067,아이유,spillover,1,16
2068,아이유,spillover,2,19
2069,아이유,spillover,3,20
2070,아이유,spillover,4,12
2071,아이유,spillover,5,13
2072,아이유,spillover,6,29
2073,아이유,spillover,7,24
2074,아이유,spillover,8,19
2075,아이유,spillover,9,29
2076,아이유,spillover,10,31
2077,아이유,spillover,11,23
2078,아이유,spillover,12,18
2079,아이유,spillover,13,19
2080,아이유,spillover,14,21
2081,아이유,spillover,15,14
2082,아이유,spillover,16,18
2083,아이유,spillover,17,9
2084,아이유,spillover,18,25
2085,아이유,spillover,19,26
2086,아이유,spillover,20,7
2087,아이유,spillover,21,29
2088,아이유,spillover,22,8
2089,아이유,spillover,23,23
2090,아이유,spillover,24,12
2091,아이유,spillover,25,17
2092,아이유,spillover,26,29
2093,아이유,spillover,27,12
2094,아이유,spillover,28,17
2095,아이유,spillover,29,9
2096,아이유,spillover,30,20
2097,아이유,spillover,31,27
2098,아이유,spillover,32,19
2099,아이유,spillover,33,20
2100,아이유,spillover,34,19
2101,아이유,spillover,35,23
2102,아이유,spillover,36,31
2103,아이유,spillover,37,33
2104,아이유,spillover,38,15
2105,아이유,spillover,39,24
2106,아이유,spillover,40,20
2107,아이유,spillover,41,10
2108,아이유,spillover,42,12
2109,아이유,spillover,43,19
2110,아이유,spillover,44,16
2111,아이유,spillover,45,13
2112,아이유,spillover,46,26
2113,아이유,spillover,47,23
2114,아이유,spillover,48,22
2115,아이유,spillover,49,24
2116,아이유,spillover,50,25
2117,아이유,spillover,51,23
2118,아이유,spillover,52,14
2119,아이유,spillover,53,17
2120,아이유,spillover,54,24
2121,아이유,spillover,55,26
2122,아이유,spillover,56,15
2123,아이유,spillover,57,15
2124,아이유,spillover,58,16
2125,아이유,spillover,59,16
2126,아이유,spillover,60,22
2127,아이유,spillover,61,19
2128,아이유,spillover,62,16
2129,아이유,spillover,63,14
2130,아이유,spillover,64,33
2131,아이유,spillover,65,12
2132,아이유,spillover,66,16
2133,아이유,spillover,67,19
2134,비비,loyalty,0,15
2135,비비,loyalty,1,18
2136,비비,loyalty,2,17
2137,비비,loyalty,3,26
2138,비비,loyalty,4,10
2139,비비,loyalty,5,6
2140,비비,loyalty,6,11
2141,비비,loyalty,7,5
2142,비비,loyalty,8,11
2143,비비,loyalty,9,8
2144,비비,loyalty,10,25
2145,비비,loyalty,11,16
2146,비비,loyalty,12,9
2147,비비,loyalty,13,12
2148,비비,loyalty,14,8
2149,비비,loyalty,15,9
2150,비비,loyalty,16,7
2151,비비,loyalty,17,7
2152,비비,loyalty,18,8
2153,비비,loyalty,19,6
2154,비비,loyalty,20,11
2155,비비,loyalty,21,11
2156,비비,loyalty,22,12
2157,비비,loyalty,23,15
2158,비비,loyalty,24,12
2159,비비,loyalty,25,33
2160,비비,spillover,0,20
2161,비비,spillover,1,10
2162,비비,spillover,2,18
2163,비비,spillover,3,17
2164,비비,spillover,4,27
2165,비비,spillover,5,17
2166,비비,spillover,6,11
2167,비비,spillover,7,9
2168,비비,spillover,8,8
2169,비비,spillover,9,10
2170,비비,spillover,10,30
2171,비비,spillover,11,15
2172,비비,spillover,12,13
2173,비비,spillover,13,27
2174,비비,spillover,14,25
2175,비비,spillover,15,43
2176,비비,spillover,16,8
2177,비비,spillover,17,8
2178,비비,spillover,18,23
2179,비비,spillover,19,21
2180,비비,spillover,20,22
2181,비비,spillover,21,10
2182,비비,spillover,22,13
2183,비비,spillover,23,11
2184,비비,spillover,24,6
2185,비비,spillover,25,10
2186,비비,spillover,26,28
2187,비비,spillover,27,22
2188,비비,spillover,28,23
2189,비비,spillover,29,17
2190,비비,spillover,30,16
2191,비비,spillover,31,18
2192,비비,spillover,32,16
2193,비비,spillover,33,14
2194,비비,spillover,34,16
2195,비비,spillover,35,33
2196,비비,spillover,36,6
2197,비비,spillover,37,9
2198,비비,spillover,38,36
2199,비비,spillover,39,21
2200,비비,spillover,40,20
2201,비비,spillover,41,33
2202,비비,spillover,42,19
2203,비비,spillover,43,31
2204,비비,spillover,44,19
2205,비비,spillover,45,31
2206,비비,spillover,46,10
2207,비비,spillover,47,18
2208,윤하,loyalty,0,16
2209,윤하,loyalty,1,12
2210,윤하,loyalty,2,8
2211,윤하,loyalty,3,13
2212,윤하,loyalty,4,17
2213,윤하,loyalty,5,27
2214,윤하,loyalty,6,25
2215,윤하,loyalty,7,10
2216,윤하,loyalty,8,9
2217,윤하,loyalty,9,17
2218,윤하,loyalty,10,16
2219,윤하,loyalty,11,11
2220,윤하,loyalty,12,6
2221,윤하,loyalty,13,8
2222,윤하,loyalty,14,44
2223,윤하,loyalty,15,8
2224,윤하,loyalty,16,9
2225,윤하,loyalty,17,16
2226,윤하,loyalty,18,12
2227,윤하,loyalty,19,13
2228,윤하,loyalty,20,15
2229,윤하,loyalty,21,9
2230,윤하,loyalty,22,24
2231,윤하,loyalty,23,16
2232,윤하,loyalty,24,15
2233,윤하,loyalty,25,12
2234,윤하,loyalty,26,10
2235,윤하,loyalty,27,10
2236,윤하,loyalty,28,29
2237,윤하,loyalty,29,15
2238,윤하,loyalty,30,10
2239,윤하,loyalty,31,14
2240,윤하,loyalty,32,11
2241,윤하,spillover,0,20
2242,윤하,spillover,1,14
2243,윤하,spillover,2,23
2244,윤하,spillover,3,23
2245,윤하,spillover,4,16
2246,윤하,spillover,5,11
2247,윤하,spillover,6,12
2248,윤하,spillover,7,14
2249,윤하,spillover,8,23
2250,윤하,spillover,9,18
2251,윤하,spillover,10,26
2252,윤하,spillover,11,24
2253,윤하,spillover,12,26
2254,윤하,spillover,13,16
2255,윤하,spillover,14,8
2256,윤하,spillover,15,15
2257,윤하,spillover,16,8
2258,윤하,spillover,17,12
2259,윤하,spillover,18,7
2260,윤하,spillover,19,10
2261,윤하,spillover,20,7
2262,윤하,spillover,21,13
2263,윤하,spillover,22,15
2264,윤하,spillover,23,17
2265,윤하,spillover,24,11
2266,윤하,spillover,25,9
2267,윤하,spillover,26,22
2268,윤하,spillover,27,14
2269,윤하,spillover,28,12
2270,윤하,spillover,29,21
2271,윤하,spillover,30,21
2272,윤하,spillover,31,20
2273,윤하,spillover,32,17
2274,윤하,spillover,33,13
2275,윤하,spillover,34,13
2276,윤하,spillover,35,18
2277,윤하,spillover,36,20
2278,윤하,spillover,37,13
2279,윤하,spillover,38,10
2280,윤하,spillover,39,8
2281,윤하,spillover,40,10
2282,윤하,spillover,41,25
2283,윤하,spillover,42,21
2284,윤하,spillover,43,15
2285,윤하,spillover,44,20
2286,윤하,spillover,45,13
2287,윤하,spillover,46,17
2288,윤하,spillover,47,29
2289,윤하,spillover,48,14
2290,윤하,spillover,49,21
2291,청하,loyalty,0,21
2292,청하,loyalty,1,14
2293,청하,loyalty,2,11
2294,청하,loyalty,3,10
2295,청하,loyalty,4,24
2296,청하,loyalty,5,18
2297,청하,loyalty,6,6
2298,청하,loyalty,7,24
2299,청하,loyalty,8,10
2300,청하,loyalty,9,21
2301,청하,loyalty,10,18
2302,청하,loyalty,11,13
2303,청하,loyalty,12,21
2304,청하,loyalty,13,11
2305,청하,loyalty,14,12
2306,청하,loyalty,15,9
2307,청하,loyalty,16,21
2308,청하,loyalty,17,28
2309,청하,loyalty,18,19
2310,청하,loyalty,19,15
2311,청하,spillover,0,11
2312,청하,spillover,1,9
2313,청하,spillover,2,10
2314,청하,spillover,3,7
2315,청하,spillover,4,8
2316,청하,spillover,5,16
2317,청하,spillover,6,9
2318,청하,spillover,7,8
2319,청하,spillover,8,19
2320,청하,spillover,9,17
2321,청하,spillover,10,15
2322,청하,spillover,11,11
2323,청하,spillover,12,21
2324,청하,spillover,13,22
2325,청하,spillover,14,20
2326,청하,spillover,15,22
2327,청하,spillover,16,26
2328,청하,spillover,17,23
2329,청하,spillover,18,27
2330,청하,spillover,19,11
2331,청하,spillover,20,9
2332,청하,spillover,21,8
2333,청하,spillover,22,4
2334,청하,spillover,23,7
2335,청하,spillover,24,15
2336,청하,spillover,25,16
2337,청하,spillover,26,13
2338,청하,spillover,27,15
2339,청하,spillover,28,15
2340,청하,spillover,29,13
2341,청하,spillover,30,13
2342,청하,spillover,31,31
2343,청하,spillover,32,9
2344,청하,spillover,33,15
2345,청하,spillover,34,18
2346,청하,spillover,35,5
2347,청하,spillover,36,10
2348,청하,spillover,37,30
2349,청하,spillover,38,34
2350,청하,spillover,39,24
2351,청하,spillover,40,59
2352,청하,spillover,41,13
2353,청하,spillover,42,28
2354,청하,spillover,43,22
2355,청하,spillover,44,17
2356,청하,spillover,45,25
2357,청하,spillover,46,22
2358,청하,spillover,47,15
2359,청하,spillover,48,18
2360,청하,spillover,49,13
2361,청하,spillover,50,13
2362,청하,spillover,51,13
2363,청하,spillover,52,12
2364,청하,spillover,53,12
2365,청하,spillover,54,8
2366,청하,spillover,55,8
2367,청하,spillover,56,37
2368,청하,spillover,57,15
2369,청하,spillover,58,21
2370,최예나,loyalty,0,14
2371,최예나,loyalty,1,13
2372,최예나,loyalty,2,7
2373,최예나,loyalty,3,12
2374,최예나,loyalty,4,8
2375,최예나,loyalty,5,15
2376,최예나,loyalty,6,8
2377,최예나,loyalty,7,5
2378,최예나,loyalty,8,7
2379,최예나,loyalty,9,9
2380,최예나,loyalty,10,11
2381,최예나,loyalty,11,13
2382,최예나,loyalty,12,8
2383,최예나,loyalty,13,14
2384,최예나,loyalty,14,9
2385,최예나,loyalty,15,12
2386,최예나,loyalty,16,11
2387,최예나,loyalty,17,11
2388,최예나,loyalty,18,17
2389,최예나,loyalty,19,27
2390,최예나,loyalty,20,18
2391,최예나,loyalty,21,39
2392,최예나,loyalty,22,5
2393,최예나,loyalty,23,13
2394,최예나,loyalty,24,12
2395,최예나,loyalty,25,15
2396,최예나,loyalty,26,13
2397,최예나,loyalty,27,10
2398,최예나,loyalty,28,9
2399,최예나,loyalty,29,8
2400,최예나,loyalty,30,6
2401,최예나,loyalty,31,5
2402,최예나,loyalty,32,25
2403,최예나,loyalty,33,13
2404,최예나,loyalty,34,25
2405,최예나,loyalty,35,11
2406,최예나,loyalty,36,40
2407,최예나,loyalty,37,24
2408,최예나,loyalty,38,26
2409,최예나,spillover,0,20
2410,최예나,spillover,1,10
2411,최예나,spillover,2,10
2412,최예나,spillover,3,8
2413,최예나,spillover,4,8
2414,최예나,spillover,5,20
2415,최예나,spillover,6,18
2416,최예나,spillover,7,8
2417,최예나,spillover,8,6
2418,최예나,spillover,9,10
2419,최예나,spillover,10,15
2420,최예나,spillover,11,25
2421,최예나,spillover,12,12
2422,최예나,spillover,13,18
2423,최예나,spillover,14,11
2424,최예나,spillover,15,9
2425,최예나,spillover,16,9
2426,최예나,spillover,17,10
2427,최예나,spillover,18,10
2428,최예나,spillover,19,12
2429,최예나,spillover,20,19
2430,최예나,spillover,21,25
2431,최예나,spillover,22,26
2432,최예나,spillover,23,27
2433,최예나,spillover,24,30
2434,최예나,spillover,25,61
2435,최예나,spillover,26,11
2436,최예나,spillover,27,15
2437,최예나,spillover,28,22
2438,최예나,spillover,29,14
2439,최예나,spillover,30,10
2440,최예나,spillover,31,10
2441,최예나,spillover,32,8
2442,최예나,spillover,33,11
2443,최예나,spillover,34,15
2444,최예나,spillover,35,14
2445,최예나,spillover,36,19
2446,최예나,spillover,37,28
2447,최예나,spillover,38,40
2448,최예나,spillover,39,17
2449,최예나,spillover,40,21
2450,최예나,spillover,41,18
2451,최예나,spillover,42,16
2452,최예나,spillover,43,17
2453,최예나,spillover,44,26
2454,최예나,spillover,45,19
2455,최예나,spillover,46,13
2456,최예나,spillover,47,22
2457,최예나,spillover,48,14
2458,최예나,spillover,49,15
2459,최예나,spillover,50,13
2460,최예나,spillover,51,14
2461,최예나,spillover,52,16
2462,최예나,spillover,53,13
2463,최예나,spillover,54,15
2464,최예나,spillover,55,15
2465,최예나,spillover,56,14
2466,권은비,loyalty,0,14
2467,권은비,loyalty,1,13
2468,권은비,loyalty,2,18
2469,권은비,loyalty,3,20
2470,권은비,loyalty,4,21
2471,권은비,loyalty,5,17
2472,권은비,loyalty,6,4
2473,권은비,loyalty,7,14
2474,권은비,loyalty,8,9
2475,권은비,loyalty,9,9
2476,권은비,loyalty,10,18
2477,권은비,loyalty,11,11
2478,권은비,loyalty,12,15
2479,권은비,loyalty,13,33
2480,권은비,loyalty,14,16
2481,권은비,loyalty,15,11
2482,권은비,loyalty,16,16
2483,권은비,loyalty,17,29
2484,권은비,loyalty,18,5
2485,권은비,loyalty,19,12
2486,권은비,loyalty,20,5
2487,권은비,loyalty,21,19
2488,권은비,loyalty,22,10
2489,권은비,loyalty,23,18
2490,권은비,loyalty,24,38
2491,권은비,spillover,0,21
2492,권은비,spillover,1,13
2493,권은비,spillover,2,11
2494,권은비,spillover,3,22
2495,권은비,spillover,4,12
2496,권은비,spillover,5,14
2497,권은비,spillover,6,9
2498,권은비,spillover,7,8
2499,권은비,spillover,8,10
2500,권은비,spillover,9,11
2501,권은비,spillover,10,8
2502,권은비,spillover,11,17
2503,권은비,spillover,12,18
2504,권은비,spillover,13,16
2505,권은비,spillover,14,43
2506,권은비,spillover,15,10
2507,권은비,spillover,16,7
2508,권은비,spillover,17,18
2509,권은비,spillover,18,11
2510,권은비,spillover,19,18
2511,권은비,spillover,20,17
2512,권은비,spillover,21,28
2513,권은비,spillover,22,18
2514,권은비,spillover,23,19
2515,권은비,spillover,24,13
2516,권은비,spillover,25,16
2517,권은비,spillover,26,21
2518,권은비,spillover,27,20
2519,권은비,spillover,28,12
2520,권은비,spillover,29,8
2521,권은비,spillover,30,9
2522,권은비,spillover,31,5
2523,권은비,spillover,32,6
2524,권은비,spillover,33,12
2525,권은비,spillover,34,13
2526,권은비,spillover,35,13
2527,권은비,spillover,36,30
2528,권은비,spillover,37,11
2529,권은비,spillover,38,11
2530,권은비,spillover,39,16
2531,권은비,spillover,40,12
2532,권은비,spillover,41,13
2533,권은비,spillover,42,10
2534,권은비,spillover,43,14
2535,권은비,spillover,44,13
2536,권은비,spillover,45,28
2537,권은비,spillover,46,19
2538,권은비,spillover,47,15
2539,권은비,spillover,48,16
2540,권은비,spillover,49,23
2541,권은비,spillover,50,16
2542,권은비,spillover,51,23
2543,권은비,spillover,52,28
2544,권은비,spillover,53,22
2545,권은비,spillover,54,25
2546,권은비,spillover,55,20
2547,권은비,spillover,56,26
2548,권은비,spillover,57,12
2549,권은비,spillover,58,14
2550,권은비,spillover,59,14
2551,권은비,spillover,60,15
2552,권은비,spillover,61,20
2553,권은비,spillover,62,15
2554,권은비,spillover,63,12
2555,권은비,spillover,64,22
2556,츄,loyalty,0,16
2557,츄,loyalty,1,9
2558,츄,loyalty,2,16
2559,츄,loyalty,3,21
2560,츄,loyalty,4,24
2561,츄,loyalty,5,14
2562,츄,loyalty,6,8
2563,츄,loyalty,7,11
2564,츄,loyalty,8,9
2565,츄,loyalty,9,13
2566,츄,loyalty,10,15
2567,츄,loyalty,11,16
2568,츄,loyalty,12,25
2569,츄,loyalty,13,11
2570,츄,loyalty,14,30
2571,츄,loyalty,15,13
2572,츄,loyalty,16,26
2573,츄,loyalty,17,45
2574,츄,loyalty,18,19
2575,츄,loyalty,19,22
2576,츄,loyalty,20,15
2577,츄,loyalty,21,10
2578,츄,loyalty,22,16
2579,츄,loyalty,23,7
2580,츄,loyalty,24,7
2581,츄,loyalty,25,7
2582,츄,loyalty,26,12
2583,츄,loyalty,27,12
2584,츄,loyalty,28,12
2585,츄,loyalty,29,8
2586,츄,loyalty,30,20
2587,츄,loyalty,31,12
2588,츄,loyalty,32,15
2589,츄,loyalty,33,33
2590,츄,spillover,0,20
2591,츄,spillover,1,9
2592,츄,spillover,2,26
2593,츄,spillover,3,19
2594,츄,spillover,4,10
2595,츄,spillover,5,15
2596,츄,spillover,6,9
2597,츄,spillover,7,5
2598,츄,spillover,8,6
2599,츄,spillover,9,8
2600,츄,spillover,10,7
2601,츄,spillover,11,6
2602,츄,spillover,12,20
2603,츄,spillover,13,16
2604,츄,spillover,14,23
2605,츄,spillover,15,13
2606,츄,spillover,16,8
2607,츄,spillover,17,20
2608,츄,spillover,18,8
2609,츄,spillover,19,37
2610,츄,spillover,20,26
2611,츄,spillover,21,14
2612,츄,spillover,22,14
2613,츄,spillover,23,11
2614,츄,spillover,24,9
2615,츄,spillover,25,11
2616,츄,spillover,26,11
2617,츄,spillover,27,8
2618,츄,spillover,28,10
2619,츄,spillover,29,28
2620,츄,spillover,30,17
2621,츄,spillover,31,15
2622,츄,spillover,32,21
2623,츄,spillover,33,26
2624,츄,spillover,34,26
2625,츄,spillover,35,13
2626,츄,spillover,36,20
2627,츄,spillover,37,16
2628,츄,spillover,38,12
2629,츄,spillover,39,17
2630,츄,spillover,40,12
2631,츄,spillover,41,12
2632,츄,spillover,42,12
2633,츄,spillover,43,13
2634,츄,spillover,44,12
2635,츄,spillover,45,13
2636,츄,spillover,46,14
2637,츄,spillover,47,12
2638,츄,spillover,48,13
2639,츄,spillover,49,11
2640,츄,spillover,50,11
2641,츄,spillover,51,35
2642,츄,spillover,52,10
2643,츄,spillover,53,34
2644,츄,spillover,54,24
2645,츄,spillover,55,18
2646,츄,spillover,56,19
2647,츄,spillover,57,16
2648,츄,spillover,58,14
2649,10CM,loyalty,0,11
2650,10CM,loyalty,1,18
2651,10CM,loyalty,2,19
2652,10CM,loyalty,3,16
2653,10CM,loyalty,4,13
2654,10CM,loyalty,5,13
2655,10CM,loyalty,6,16
2656,10CM,loyalty,7,7
2657,10CM,loyalty,8,14
2658,10CM,loyalty,9,10
2659,10CM,loyalty,10,11
2660,10CM,loyalty,11,17
2661,10CM,loyalty,12,14
2662,10CM,loyalty,13,9
2663,10CM,loyalty,14,14
2664,10CM,loyalty,15,10
2665,10CM,loyalty,16,9
2666,10CM,loyalty,17,13
2667,10CM,loyalty,18,23
2668,10CM,loyalty,19,27
2669,10CM,loyalty,20,15
2670,10CM,loyalty,21,16
2671,10CM,loyalty,22,14
2672,10CM,loyalty,23,11
2673,10CM,loyalty,24,17
2674,10CM,loyalty,25,14
2675,10CM,loyalty,26,9
2676,10CM,loyalty,27,7
2677,10CM,loyalty,28,8
2678,10CM,loyalty,29,9
2679,10CM,loyalty,30,9
2680,10CM,loyalty,31,10
2681,10CM,loyalty,32,12
2682,10CM,loyalty,33,14
2683,10CM,loyalty,34,21
2684,10CM,loyalty,35,22
2685,10CM,loyalty,36,28
2686,10CM,spillover,0,15
2687,10CM,spillover,1,13
2688,10CM,spillover,2,12
2689,10CM,spillover,3,40
2690,10CM,spillover,4,10
2691,10CM,spillover,5,17
2692,10CM,spillover,6,12
2693,10CM,spillover,7,8
2694,10CM,spillover,8,4
2695,10CM,spillover,9,4
2696,10CM,spillover,10,10
2697,10CM,spillover,11,8
2698,10CM,spillover,12,17
2699,10CM,spillover,13,22
2700,10CM,spillover,14,7
2701,10CM,spillover,15,49
2702,10CM,spillover,16,12
2703,10CM,spillover,17,12
2704,10CM,spillover,18,7
2705,10CM,spillover,19,9
2706,10CM,spillover,20,6
2707,10CM,spillover,21,19
2708,10CM,spillover,22,17
2709,10CM,spillover,23,15
2710,10CM,spillover,24,12
2711,10CM,spillover,25,10
2712,10CM,spillover,26,11
2713,10CM,spillover,27,9
2714,10CM,spillover,28,8
2715,10CM,spillover,29,10
2716,10CM,spillover,30,17
2717,10CM,spillover,31,19
2718,10CM,spillover,32,41
2719,10CM,spillover,33,19
2720,10CM,spillover,34,24
2721,10CM,spillover,35,26
2722,10CM,spillover,36,17
2723,10CM,spillover,37,10
2724,10CM,spillover,38,25
2725,10CM,spillover,39,20
2726,10CM,spillover,40,16
2727,10CM,spillover,41,27
2728,10CM,spillover,42,22
2729,10CM,spillover,43,33
2730,10CM,spillover,44,17
2731,10CM,spillover,45,11
2732,10CM,spillover,46,15
2733,10CM,spillover,47,20
2734,카더가든,loyalty,0,11
2735,카더가든,loyalty,1,11
2736,카더가든,loyalty,2,20
2737,카더가든,loyalty,3,23
2738,카더가든,loyalty,4,21
2739,카더가든,loyalty,5,5
2740,카더가든,loyalty,6,14
2741,카더가든,loyalty,7,9
2742,카더가든,loyalty,8,11
2743,카더가든,loyalty,9,12
2744,카더가든,loyalty,10,20
2745,카더가든,loyalty,11,29
2746,카더가든,loyalty,12,11
2747,카더가든,loyalty,13,18
2748,카더가든,loyalty,14,19
2749,카더가든,loyalty,15,5
2750,카더가든,loyalty,16,11
2751,카더가든,loyalty,17,17
2752,카더가든,loyalty,18,11
2753,카더가든,loyalty,19,9
2754,카더가든,loyalty,20,11
2755,카더가든,loyalty,21,7
2756,카더가든,loyalty,22,14
2757,카더가든,loyalty,23,26
2758,카더가든,loyalty,24,23
2759,카더가든,loyalty,25,35
2760,카더가든,spillover,0,16
2761,카더가든,spillover,1,20
2762,카더가든,spillover,2,13
2763,카더가든,spillover,3,37
2764,카더가든,spillover,4,24
2765,카더가든,spillover,5,25
2766,카더가든,spillover,6,9
2767,카더가든,spillover,7,10
2768,카더가든,spillover,8,18
2769,카더가든,spillover,9,7
2770,카더가든,spillover,10,8
2771,카더가든,spillover,11,9
2772,카더가든,spillover,12,15
2773,카더가든,spillover,13,11
2774,카더가든,spillover,14,14
2775,카더가든,spillover,15,24
2776,카더가든,spillover,16,26
2777,카더가든,spillover,17,14
2778,카더가든,spillover,18,32
2779,카더가든,spillover,19,27
2780,카더가든,spillover,20,18
2781,카더가든,spillover,21,20
2782,카더가든,spillover,22,11
2783,카더가든,spillover,23,16
2784,카더가든,spillover,24,14
2785,카더가든,spillover,25,17
2786,카더가든,spillover,26,11
2787,카더가든,spillover,27,10
2788,카더가든,spillover,28,13
2789,카더가든,spillover,29,14
2790,카더가든,spillover,30,9
2791,카더가든,spillover,31,14
2792,카더가든,spillover,32,21
2793,카더가든,spillover,33,22
2794,카더가든,spillover,34,20
2795,카더가든,spillover,35,17
2796,카더가든,spillover,36,16
2797,카더가든,spillover,37,19
2798,카더가든,spillover,38,20
2799,카더가든,spillover,39,17
2800,카더가든,spillover,40,9
2801,카더가든,spillover,41,18
2802,카더가든,spillover,42,26
2803,카더가든,spillover,43,26
2804,카더가든,spillover,44,19
2805,카더가든,spillover,45,26
2806,카더가든,spillover,46,27
2807,카더가든,spillover,47,23
2808,Zion.T,loyalty,0,13
2809,Zion.T,loyalty,1,12
2810,Zion.T,loyalty,2,14
2811,Zion.T,loyalty,3,20
2812,Zion.T,loyalty,4,17
2813,Zion.T,loyalty,5,12
2814,Zion.T,loyalty,6,12
2815,Zion.T,loyalty,7,26
2816,Zion.T,loyalty,8,11
2817,Zion.T,loyalty,9,10
2818,Zion.T,loyalty,10,10
2819,Zion.T,loyalty,11,8
2820,Zion.T,loyalty,12,12
2821,Zion.T,loyalty,13,10
2822,Zion.T,loyalty,14,11
2823,Zion.T,loyalty,15,22
2824,Zion.T,loyalty,16,19
2825,Zion.T,loyalty,17,20
2826,Zion.T,loyalty,18,19
2827,Zion.T,loyalty,19,18
2828,Zion.T,loyalty,20,8
2829,Zion.T,loyalty,21,18
2830,Zion.T,loyalty,22,25
2831,Zion.T,loyalty,23,26
2832,Zion.T,spillover,0,17
2833,Zion.T,spillover,1,9
2834,Zion.T,spillover,2,12
2835,Zion.T,spillover,3,17
2836,Zion.T,spillover,4,12
2837,Zion.T,spillover,5,9
2838,Zion.T,spillover,6,12
2839,Zion.T,spillover,7,5
2840,Zion.T,spillover,8,7
2841,Zion.T,spillover,9,10
2842,Zion.T,spillover,10,19
2843,Zion.T,spillover,11,13
2844,Zion.T,spillover,12,12
2845,Zion.T,spillover,13,23
2846,Zion.T,spillover,14,6
2847,Zion.T,spillover,15,23
2848,Zion.T,spillover,16,17
2849,Zion.T,spillover,17,23
2850,Zion.T,spillover,18,20
2851,Zion.T,spillover,19,16
2852,Zion.T,spillover,20,14
2853,Zion.T,spillover,21,11
2854,Zion.T,spillover,22,12
2855,Zion.T,spillover,23,6
2856,Zion.T,spillover,24,7
2857,Zion.T,spillover,25,7
2858,Zion.T,spillover,26,10
2859,Zion.T,spillover,27,12
2860,Zion.T,spillover,28,17
2861,Zion.T,spillover,29,23
2862,Zion.T,spillover,30,25
2863,Zion.T,spillover,31,20
2864,Zion.T,spillover,32,15
2865,Zion.T,spillover,33,16
2866,Zion.T,spillover,34,9
2867,Zion.T,spillover,35,18
2868,Zion.T,spillover,36,13
2869,Zion.T,spillover,37,17
2870,Zion.T,spillover,38,18
2871,Zion.T,spillover,39,30
2872,Zion.T,spillover,40,25
2873,Zion.T,spillover,41,28
2874,Zion.T,spillover,42,26
2875,Zion.T,spillover,43,19
2876,Zion.T,spillover,44,22
2877,Zion.T,spillover,45,35
2878,Zion.T,spillover,46,34
2879,Zion.T,spillover,47,25
2880,Zion.T,spillover,48,24
2881,Zion.T,spillover,49,28
2882,Zion.T,spillover,50,25
2883,Zion.T,spillover,51,21
2884,Zion.T,spillover,52,12
2885,Zion.T,spillover,53,24
2886,Zion.T,spillover,54,15
2887,이효리,loyalty,0,17
2888,이효리,loyalty,1,14
2889,이효리,loyalty,2,17
2890,이효리,loyalty,3,20
2891,이효리,loyalty,4,9
2892,이효리,loyalty,5,14
2893,이효리,loyalty,6,14
2894,이효리,loyalty,7,17
2895,이효리,loyalty,8,21
2896,이효리,loyalty,9,14
2897,이효리,loyalty,10,8
2898,이효리,loyalty,11,11
2899,이효리,loyalty,12,13
2900,이효리,loyalty,13,13
2901,이효리,loyalty,14,20
2902,이효리,loyalty,15,19
2903,이효리,loyalty,16,20
2904,이효리,spillover,0,13
2905,이효리,spillover,1,16
2906,이효리,spillover,2,14
2907,이효리,spillover,3,17
2908,이효리,spillover,4,11
2909,이효리,spillover,5,18
2910,이효리,spillover,6,19
2911,이효리,spillover,7,13
2912,이효리,spillover,8,13
2913,이효리,spillover,9,15
2914,이효리,spillover,10,10
2915,이효리,spillover,11,12
2916,이효리,spillover,12,11
2917,이효리,spillover,13,9
2918,이효리,spillover,14,14
2919,이효리,spillover,15,22
2920,이효리,spillover,16,13
2921,이효리,spillover,17,12
2922,이효리,spillover,18,10
2923,이효리,spillover,19,17
2924,이효리,spillover,20,12
2925,이효리,spillover,21,24
2926,이효리,spillover,22,12
2927,이효리,spillover,23,15
2928,이효리,spillover,24,17
2929,이효리,spillover,25,9
2930,이효리,spillover,26,8
2931,이효리,spillover,27,7
2932,이효리,spillover,28,21
2933,이효리,spillover,29,14
2934,이효리,spillover,30,18
2935,이효리,spillover,31,11
2936,이효리,spillover,32,10
2937,이효리,spillover,33,21
2938,이효리,spillover,34,7
2939,이효리,spillover,35,8
2940,이효리,spillover,36,11
2941,이효리,spillover,37,12
2942,이효리,spillover,38,9
2943,이효리,spillover,39,6
2944,이효리,spillover,40,21
2945,이효리,spillover,41,29
2946,이효리,spillover,42,14
2947,이효리,spillover,43,16
2948,이효리,spillover,44,15
2949,이효리,spillover,45,20
2950,이효리,spillover,46,17
2951,이효리,spillover,47,19
2952,이효리,spillover,48,30
2953,이효리,spillover,49,28
2954,이효리,spillover,50,23
2955,이효리,spillover,51,25
2956,이효리,spillover,52,24
2957,이효리,spillover,53,29
2958,이효리,spillover,54,18
2959,이효리,spillover,55,22
2960,이효리,spillover,56,21
2961,이효리,spillover,57,20
2962,이효리,spillover,58,16
2963,이효리,spillover,59,18
2964,이효리,spillover,60,16
2965,이효리,spillover,61,18
2966,이효리,spillover,62,14
2967,이효리,spillover,63,13
2968,이효리,spillover,64,6
2969,이효리,spillover,65,10
2970,이효리,spillover,66,10
2971,이효리,spillover,67,10
2972,이효리,spillover,68,9
2973,이효리,spillover,69,9
2974,이효리,spillover,70,9
2975,이효리,spillover,71,7
2976,이효리,spillover,72,10
2977,이효리,spillover,73,8
2978,이효리,spillover,74,17
2979,이효리,spillover,75,14
2980,이효리,spillover,76,21
2981,이효리,spillover,77,27
2982,이효리,spillover,78,16
2983,이효리,spillover,79,33
2984,이효리,spillover,80,19
2985,이효리,spillover,81,19
2986,이효리,spillover,82,18
2987,이효리,spillover,83,11
2988,이효리,spillover,84,25
2989,이효리,spillover,85,19
2990,이효리,spillover,86,12
2991,이효리,spillover,87,20
2992,이효리,spillover,88,17
2993,이효리,spillover,89,13
2994,이효리,spillover,90,29
2995,이효리,spillover,91,36
2996,이효리,spillover,92,17
2997,이효리,spillover,93,14
2998,이효리,spillover,94,12
2999,이효리,spillover,95,17
3000,이효리,spillover,96,13
3001,이효리,spillover,97,12
3002,이효리,spillover,98,11
3003,이효리,spillover,99,11
3004,이효리,spillover,100,20
3005,이효리,spillover,101,14
3006,이효리,spillover,102,15
3007,엄정화,loyalty,0,21
3008,엄정화,loyalty,1,22
3009,엄정화,loyalty,2,14
3010,엄정화,loyalty,3,21
3011,엄정화,loyalty,4,15
3012,엄정화,loyalty,5,13
3013,엄정화,loyalty,6,7
3014,엄정화,loyalty,7,8
3015,엄정화,loyalty,8,14
3016,엄정화,loyalty,9,23
3017,엄정화,loyalty,10,14
3018,엄정화,loyalty,11,27
3019,엄정화,loyalty,12,47
3020,엄정화,loyalty,13,12
3021,엄정화,loyalty,14,13
3022,엄정화,loyalty,15,17
3023,엄정화,loyalty,16,18
3024,엄정화,loyalty,17,18
3025,엄정화,loyalty,18,22
3026,엄정화,loyalty,19,24
3027,엄정화,spillover,0,12
3028,엄정화,spillover,1,13
3029,엄정화,spillover,2,21
3030,엄정화,spillover,3,15
3031,엄정화,spillover,4,20
3032,엄정화,spillover,5,22
3033,엄정화,spillover,6,8
3034,엄정화,spillover,7,14
3035,엄정화,spillover,8,7
3036,엄정화,spillover,9,6
3037,엄정화,spillover,10,16
3038,엄정화,spillover,11,11
3039,엄정화,spillover,12,10
3040,엄정화,spillover,13,11
3041,엄정화,spillover,14,16
3042,엄정화,spillover,15,12
3043,엄정화,spillover,16,20
3044,엄정화,spillover,17,14
3045,엄정화,spillover,18,11
3046,엄정화,spillover,19,10
3047,엄정화,spillover,20,12
3048,엄정화,spillover,21,10
3049,엄정화,spillover,22,11
3050,엄정화,spillover,23,10
3051,엄정화,spillover,24,21
3052,엄정화,spillover,25,4
3053,엄정화,spillover,26,8
3054,엄정화,spillover,27,11
3055,엄정화,spillover,28,29
3056,엄정화,spillover,29,14
3057,엄정화,spillover,30,18
3058,엄정화,spillover,31,18
3059,엄정화,spillover,32,32
3060,엄정화,spillover,33,23
3061,엄정화,spillover,34,29
3062,엄정화,spillover,35,26
3063,엄정화,spillover,36,24
3064,엄정화,spillover,37,21
3065,엄정화,spillover,38,10
3066,엄정화,spillover,39,7
3067,엄정화,spillover,40,9
3068,엄정화,spillover,41,7
3069,엄정화,spillover,42,7
3070,엄정화,spillover,43,15
3071,엄정화,spillover,44,14
3072,엄정화,spillover,45,24
3073,엄정화,spillover,46,18
3074,엄정화,spillover,47,12
3075,엄정화,spillover,48,23
3076,엄정화,spillover,49,18
3077,엄정화,spillover,50,16
3078,볼빨간사춘기,loyalty,0,13
3079,볼빨간사춘기,loyalty,1,12
3080,볼빨간사춘기,loyalty,2,12
3081,볼빨간사춘기,loyalty,3,21
3082,볼빨간사춘기,loyalty,4,14
3083,볼빨간사춘기,loyalty,5,24
3084,볼빨간사춘기,loyalty,6,6
3085,볼빨간사춘기,loyalty,7,16
3086,볼빨간사춘기,loyalty,8,20
3087,볼빨간사춘기,loyalty,9,5
3088,볼빨간사춘기,loyalty,10,12
3089,볼빨간사춘기,loyalty,11,14
3090,볼빨간사춘기,loyalty,12,5
3091,볼빨간사춘기,loyalty,13,15
3092,볼빨간사춘기,loyalty,14,11
3093,볼빨간사춘기,loyalty,15,14
3094,볼빨간사춘기,loyalty,16,19
3095,볼빨간사춘기,loyalty,17,19
3096,볼빨간사춘기,loyalty,18,26
3097,볼빨간사춘기,loyalty,19,6
3098,볼빨간사춘기,loyalty,20,8
3099,볼빨간사춘기,loyalty,21,17
3100,볼빨간사춘기,loyalty,22,17
3101,볼빨간사춘기,loyalty,23,8
3102,볼빨간사춘기,loyalty,24,9
3103,볼빨간사춘기,loyalty,25,11
3104,볼빨간사춘기,loyalty,26,11
3105,볼빨간사춘기,loyalty,27,20
3106,볼빨간사춘기,loyalty,28,20
3107,볼빨간사춘기,loyalty,29,20
3108,볼빨간사춘기,loyalty,30,18
3109,볼빨간사춘기,loyalty,31,14
3110,볼빨간사춘기,loyalty,32,11
3111,볼빨간사춘기,loyalty,33,22
3112,볼빨간사춘기,loyalty,34,16
3113,볼빨간사춘기,loyalty,35,33
3114,볼빨간사춘기,loyalty,36,24
3115,볼빨간사춘기,loyalty,37,19
3116,볼빨간사춘기,spillover,0,16
3117,볼빨간사춘기,spillover,1,12
3118,볼빨간사춘기,spillover,2,26
3119,볼빨간사춘기,spillover,3,17
3120,볼빨간사춘기,spillover,4,19
3121,볼빨간사춘기,spillover,5,9
3122,볼빨간사춘기,spillover,6,8
3123,볼빨간사춘기,spillover,7,5
3124,볼빨간사춘기,spillover,8,11
3125,볼빨간사춘기,spillover,9,6
3126,볼빨간사춘기,spillover,10,23
3127,볼빨간사춘기,spillover,11,35
3128,볼빨간사춘기,spillover,12,16
3129,볼빨간사춘기,spillover,13,10
3130,볼빨간사춘기,spillover,14,19
3131,볼빨간사춘기,spillover,15,22
3132,볼빨간사춘기,spillover,16,19
3133,볼빨간사춘기,spillover,17,26
3134,볼빨간사춘기,spillover,18,16
3135,볼빨간사춘기,spillover,19,13
3136,볼빨간사춘기,spillover,20,9
3137,볼빨간사춘기,spillover,21,15
3138,볼빨간사춘기,spillover,22,12
3139,볼빨간사춘기,spillover,23,13
3140,볼빨간사춘기,spillover,24,15
3141,볼빨간사춘기,spillover,25,16
3142,볼빨간사춘기,spillover,26,15
3143,볼빨간사춘기,spillover,27,11
3144,볼빨간사춘기,spillover,28,10
3145,볼빨간사춘기,spillover,29,16
3146,볼빨간사춘기,spillover,30,18
3147,볼빨간사춘기,spillover,31,16
3148,볼빨간사춘기,spillover,32,25
3149,볼빨간사춘기,spillover,33,15
3150,볼빨간사춘기,spillover,34,16
3151,볼빨간사춘기,spillover,35,15
3152,볼빨간사춘기,spillover,36,19
3153,볼빨간사춘기,spillover,37,10
3154,볼빨간사춘기,spillover,38,10
3155,볼빨간사춘기,spillover,39,26
3156,볼빨간사춘기,spillover,40,17
3157,볼빨간사춘기,spillover,41,10
3158,볼빨간사춘기,spillover,42,24
3159,볼빨간사춘기,spillover,43,14
3160,볼빨간사춘기,spillover,44,18
3161,볼빨간사춘기,spillover,45,20
3162,볼빨간사춘기,spillover,46,15
3163,볼빨간사춘기,spillover,47,17
3164,볼빨간사춘기,spillover,48,20
3165,볼빨간사춘기,spillover,49,21
3166,Crush,loyalty,0,16
3167,Crush,loyalty,1,11
3168,Crush,loyalty,2,12
3169,Crush,loyalty,3,23
3170,Crush,loyalty,4,23
3171,Crush,loyalty,5,12
3172,Crush,loyalty,6,11
3173,Crush,loyalty,7,12
3174,Crush,loyalty,8,9
3175,Crush,loyalty,9,15
3176,Crush,loyalty,10,6
3177,Crush,loyalty,11,13
3178,Crush,loyalty,12,15
3179,Crush,loyalty,13,6
3180,Crush,loyalty,14,20
3181,Crush,loyalty,15,32
3182,Crush,loyalty,16,23
3183,Crush,loyalty,17,17
3184,Crush,loyalty,18,13
3185,Crush,loyalty,19,13
3186,Crush,loyalty,20,13
3187,Crush,loyalty,21,21
3188,Crush,loyalty,22,10
3189,Crush,loyalty,23,9
3190,Crush,loyalty,24,10
3191,Crush,loyalty,25,10
3192,Crush,loyalty,26,7
3193,Crush,loyalty,27,8
3194,Crush,loyalty,28,5
3195,Crush,loyalty,29,8
3196,Crush,loyalty,30,8
3197,Crush,loyalty,31,9
3198,Crush,loyalty,32,11
3199,Crush,loyalty,33,12
3200,Crush,loyalty,34,12
3201,Crush,spillover,0,13
3202,Crush,spillover,1,9
3203,Crush,spillover,2,17
3204,Crush,spillover,3,18
3205,Crush,spillover,4,10
3206,Crush,spillover,5,21
3207,Crush,spillover,6,19
3208,Crush,spillover,7,11
3209,Crush,spillover,8,10
3210,Crush,spillover,9,13
3211,Crush,spillover,10,13
3212,Crush,spillover,11,10
3213,Crush,spillover,12,12
3214,Crush,spillover,13,9
3215,Crush,spillover,14,23
3216,Crush,spillover,15,6
3217,Crush,spillover,16,23
3218,Crush,spillover,17,18
3219,Crush,spillover,18,27
3220,Crush,spillover,19,22
3221,Crush,spillover,20,26
3222,Crush,spillover,21,32
3223,Crush,spillover,22,13
3224,Crush,spillover,23,17
3225,Crush,spillover,24,13
3226,Crush,spillover,25,12
3227,Crush,spillover,26,12
3228,Crush,spillover,27,6
3229,Crush,spillover,28,13
3230,Crush,spillover,29,20
3231,Crush,spillover,30,19
3232,Crush,spillover,31,29
3233,Crush,spillover,32,25
3234,Crush,spillover,33,19
3235,Crush,spillover,34,14
3236,Crush,spillover,35,10
3237,Crush,spillover,36,10
3238,Crush,spillover,37,11
3239,Crush,spillover,38,9
3240,Crush,spillover,39,7
3241,Crush,spillover,40,13
3242,Crush,spillover,41,19
3243,Crush,spillover,42,11
3244,Crush,spillover,43,20
3245,Crush,spillover,44,15
3246,Crush,spillover,45,10
3247,Crush,spillover,46,9
3248,Crush,spillover,47,19
3249,Crush,spillover,48,16
3250,Crush,spillover,49,20
3251,Crush,spillover,50,21
3252,Crush,spillover,51,14
3253,Crush,spillover,52,17
3254,Crush,spillover,53,23
3255,Crush,spillover,54,30
3256,Crush,spillover,55,28
3257,Crush,spillover,56,25
3258,Crush,spillover,57,31
3259,Crush,spillover,58,30
3260,Crush,spillover,59,14
3261,Crush,spillover,60,12
3262,Crush,spillover,61,18
3263,Crush,spillover,62,17
3264,Crush,spillover,63,24
3265,성시경,loyalty,0,15
3266,성시경,loyalty,1,18
3267,성시경,loyalty,2,16
3268,성시경,loyalty,3,10
3269,성시경,loyalty,4,17
3270,성시경,loyalty,5,21
3271,성시경,loyalty,6,23
3272,성시경,loyalty,7,20
3273,성시경,loyalty,8,10
3274,성시경,loyalty,9,9
3275,성시경,loyalty,10,10
3276,성시경,loyalty,11,10
3277,성시경,loyalty,12,11
3278,성시경,loyalty,13,8
3279,성시경,loyalty,14,7
3280,성시경,loyalty,15,12
3281,성시경,loyalty,16,23
3282,성시경,loyalty,17,23
3283,성시경,loyalty,18,24
3284,성시경,loyalty,19,26
3285,성시경,loyalty,20,17
3286,성시경,loyalty,21,29
3287,성시경,loyalty,22,21
3288,성시경,loyalty,23,23
3289,성시경,loyalty,24,9
3290,성시경,loyalty,25,21
3291,성시경,loyalty,26,12
3292,성시경,loyalty,27,18
3293,성시경,loyalty,28,21
3294,성시경,loyalty,29,6
3295,성시경,loyalty,30,22
3296,성시경,loyalty,31,13
3297,성시경,loyalty,32,11
3298,성시경,loyalty,33,25
3299,성시경,loyalty,34,29
3300,성시경,loyalty,35,28
3301,성시경,loyalty,36,21
3302,성시경,spillover,0,14
3303,성시경,spillover,1,17
3304,성시경,spillover,2,19
3305,성시경,spillover,3,8
3306,성시경,spillover,4,16
3307,성시경,spillover,5,13
3308,성시경,spillover,6,12
3309,성시경,spillover,7,5
3310,성시경,spillover,8,13
3311,성시경,spillover,9,11
3312,성시경,spillover,10,13
3313,성시경,spillover,11,8
3314,성시경,spillover,12,5
3315,성시경,spillover,13,13
3316,성시경,spillover,14,30
3317,성시경,spillover,15,21
3318,성시경,spillover,16,26
3319,성시경,spillover,17,17
3320,성시경,spillover,18,20
3321,성시경,spillover,19,16
3322,성시경,spillover,20,17
3323,성시경,spillover,21,8
3324,성시경,spillover,22,14
3325,성시경,spillover,23,9
3326,성시경,spillover,24,22
3327,성시경,spillover,25,20
3328,성시경,spillover,26,14
3329,성시경,spillover,27,7
3330,성시경,spillover,28,14
3331,성시경,spillover,29,12
3332,성시경,spillover,30,16
3333,성시경,spillover,31,20
3334,성시경,spillover,32,24
3335,성시경,spillover,33,22
3336,성시경,spillover,34,24
3337,성시경,spillover,35,30
3338,성시경,spillover,36,19
3339,성시경,spillover,37,20
3340,성시경,spillover,38,24
3341,성시경,spillover,39,19
3342,성시경,spillover,40,18
3343,성시경,spillover,41,27
3344,성시경,spillover,42,27
3345,케이윌,loyalty,0,15
3346,케이윌,loyalty,1,12
3347,케이윌,loyalty,2,8
3348,케이윌,loyalty,3,10
3349,케이윌,loyalty,4,22
3350,케이윌,loyalty,5,15
3351,케이윌,loyalty,6,16
3352,케이윌,loyalty,7,12
3353,케이윌,loyalty,8,10
3354,케이윌,loyalty,9,7
3355,케이윌,loyalty,10,13
3356,케이윌,loyalty,11,13
3357,케이윌,loyalty,12,12
3358,케이윌,loyalty,13,5
3359,케이윌,loyalty,14,25
3360,케이윌,loyalty,15,16
3361,케이윌,loyalty,16,11
3362,케이윌,loyalty,17,31
3363,케이윌,loyalty,18,28
3364,케이윌,loyalty,19,40
3365,케이윌,loyalty,20,14
3366,케이윌,loyalty,21,10
3367,케이윌,loyalty,22,23
3368,케이윌,loyalty,23,29
3369,케이윌,loyalty,24,18
3370,케이윌,loyalty,25,17
3371,케이윌,loyalty,26,19
3372,케이윌,loyalty,27,11
3373,케이윌,loyalty,28,8
3374,케이윌,loyalty,29,9
3375,케이윌,loyalty,30,12
3376,케이윌,loyalty,31,23
3377,케이윌,loyalty,32,12
3378,케이윌,loyalty,33,46
3379,케이윌,loyalty,34,57
3380,케이윌,loyalty,35,20
3381,케이윌,spillover,0,16
3382,케이윌,spillover,1,13
3383,케이윌,spillover,2,14
3384,케이윌,spillover,3,14
3385,케이윌,spillover,4,9
3386,케이윌,spillover,5,15
3387,케이윌,spillover,6,14
3388,케이윌,spillover,7,10
3389,케이윌,spillover,8,18
3390,케이윌,spillover,9,27
3391,케이윌,spillover,10,25
3392,케이윌,spillover,11,24
3393,케이윌,spillover,12,13
3394,케이윌,spillover,13,10
3395,케이윌,spillover,14,35
3396,케이윌,spillover,15,20
3397,케이윌,spillover,16,14
3398,케이윌,spillover,17,9
3399,케이윌,spillover,18,13
3400,케이윌,spillover,19,11
3401,케이윌,spillover,20,16
3402,케이윌,spillover,21,15
3403,케이윌,spillover,22,12
3404,케이윌,spillover,23,17
3405,케이윌,spillover,24,7
3406,케이윌,spillover,25,13
3407,케이윌,spillover,26,28
3408,케이윌,spillover,27,18
3409,케이윌,spillover,28,21
3410,케이윌,spillover,29,30
3411,케이윌,spillover,30,11
3412,케이윌,spillover,31,13
3413,케이윌,spillover,32,16
3414,케이윌,spillover,33,25
3415,케이윌,spillover,34,21
3416,이승철,loyalty,0,12
3417,이승철,loyalty,1,13
3418,이승철,loyalty,2,15
3419,이승철,loyalty,3,18
3420,이승철,loyalty,4,21
3421,이승철,loyalty,5,12
3422,이승철,loyalty,6,21
3423,이승철,loyalty,7,17
3424,이승철,loyalty,8,15
3425,이승철,loyalty,9,10
3426,이승철,loyalty,10,26
3427,이승철,loyalty,11,24
3428,이승철,loyalty,12,32
3429,이승철,loyalty,13,8
3430,이승철,loyalty,14,11
3431,이승철,loyalty,15,12
3432,이승철,loyalty,16,15
3433,이승철,loyalty,17,14
3434,이승철,loyalty,18,15
3435,이승철,loyalty,19,23
3436,이승철,loyalty,20,11
3437,이승철,loyalty,21,22
3438,이승철,loyalty,22,23
3439,이승철,loyalty,23,26
3440,이승철,spillover,0,22
3441,이승철,spillover,1,14
3442,이승철,spillover,2,22
3443,이승철,spillover,3,12
3444,이승철,spillover,4,13
3445,이승철,spillover,5,25
3446,이승철,spillover,6,20
3447,이승철,spillover,7,10
3448,이승철,spillover,8,25
3449,이승철,spillover,9,27
3450,이승철,spillover,10,22
3451,이승철,spillover,11,10
3452,이승철,spillover,12,7
3453,이승철,spillover,13,11
3454,이승철,spillover,14,11
3455,이승철,spillover,15,25
3456,이승철,spillover,16,24
3457,이승철,spillover,17,6
3458,이승철,spillover,18,7
3459,이승철,spillover,19,20
3460,이승철,spillover,20,17
3461,이승철,spillover,21,6
3462,이승철,spillover,22,11
3463,이승철,spillover,23,12
3464,이승철,spillover,24,11
3465,이승철,spillover,25,19
3466,이승철,spillover,26,19
3467,이승철,spillover,27,21
3468,이승철,spillover,28,21
3469,이승철,spillover,29,21
3470,이승철,spillover,30,15
3471,이승철,spillover,31,24
3472,이승철,spillover,32,14
3473,이승철,spillover,33,23
3474,이승철,spillover,34,13
3475,이승철,spillover,35,13
3476,이승철,spillover,36,7
3477,이승철,spillover,37,25
3478,이승철,spillover,38,19
3479,이승철,spillover,39,20
3480,이승철,spillover,40,29
3481,이승철,spillover,41,23
3482,이승철,spillover,42,22
3483,이승철,spillover,43,23
3484,이승철,spillover,44,19
3485,이승철,spillover,45,31
3486,이승철,spillover,46,16
3487,이승철,spillover,47,18
3488,이승철,spillover,48,24
3489,이승철,spillover,49,18
3490,이승철,spillover,50,14
3491,이승철,spillover,51,17
3492,이승철,spillover,52,17
3493,이승철,spillover,53,23
3494,거미,loyalty,0,10
3495,거미,loyalty,1,11
3496,거미,loyalty,2,16
3497,거미,loyalty,3,14
3498,거미,loyalty,4,21
3499,거미,loyalty,5,12
3500,거미,loyalty,6,28
3501,거미,loyalty,7,23
3502,거미,loyalty,8,14
3503,거미,loyalty,9,21
3504,거미,loyalty,10,11
3505,거미,loyalty,11,10
3506,거미,loyalty,12,12
3507,거미,loyalty,13,15
3508,거미,loyalty,14,9
3509,거미,loyalty,15,9
3510,거미,loyalty,16,11
3511,거미,loyalty,17,7
3512,거미,loyalty,18,30
3513,거미,loyalty,19,18
3514,거미,loyalty,20,8
3515,거미,loyalty,21,18
3516,거미,loyalty,22,29
3517,거미,loyalty,23,22
3518,거미,loyalty,24,25
3519,거미,loyalty,25,22
3520,거미,loyalty,26,16
3521,거미,loyalty,27,17
3522,거미,loyalty,28,15
3523,거미,loyalty,29,15
3524,거미,loyalty,30,8
3525,거미,loyalty,31,22
3526,거미,loyalty,32,29
3527,거미,loyalty,33,23
3528,거미,spillover,0,16
3529,거미,spillover,1,17
3530,거미,spillover,2,13
3531,거미,spillover,3,18
3532,거미,spillover,4,21
3533,거미,spillover,5,25
3534,거미,spillover,6,18
3535,거미,spillover,7,22
3536,거미,spillover,8,35
3537,거미,spillover,9,10
3538,거미,spillover,10,8
3539,거미,spillover,11,10
3540,거미,spillover,12,15
3541,거미,spillover,13,7
3542,거미,spillover,14,13
3543,거미,spillover,15,21
3544,거미,spillover,16,9
3545,거미,spillover,17,8
3546,거미,spillover,18,26
3547,거미,spillover,19,13
3548,거미,spillover,20,12
3549,거미,spillover,21,16
3550,거미,spillover,22,10
3551,거미,spillover,23,11
3552,거미,spillover,24,13
3553,거미,spillover,25,9
3554,거미,spillover,26,8
3555,거미,spillover,27,7
3556,거미,spillover,28,15
3557,거미,spillover,29,18
3558,거미,spillover,30,19
3559,거미,spillover,31,10
3560,거미,spillover,32,6
3561,거미,spillover,33,13
3562,거미,spillover,34,27
3563,거미,spillover,35,16
3564,거미,spillover,36,16
3565,거미,spillover,37,19
3566,거미,spillover,38,8
3567,거미,spillover,39,12
3568,거미,spillover,40,10
3569,거미,spillover,41,9
3570,거미,spillover,42,5
3571,거미,spillover,43,12
3572,거미,spillover,44,13
3573,거미,spillover,45,7
3574,거미,spillover,46,16
3575,거미,spillover,47,19
3576,거미,spillover,48,24
3577,거미,spillover,49,26
3578,거미,spillover,50,28
3579,거미,spillover,51,14
3580,거미,spillover,52,19
3581,린,loyalty,0,18
3582,린,loyalty,1,11
3583,린,loyalty,2,12
3584,린,loyalty,3,9
3585,린,loyalty,4,10
3586,린,loyalty,5,16
3587,린,loyalty,6,27
3588,린,loyalty,7,8
3589,린,loyalty,8,18
3590,린,loyalty,9,20
3591,린,loyalty,10,28
3592,린,loyalty,11,9
3593,린,loyalty,12,5
3594,린,loyalty,13,13
3595,린,loyalty,14,21
3596,린,loyalty,15,18
3597,린,loyalty,16,18
3598,린,loyalty,17,6
3599,린,loyalty,18,12
3600,린,loyalty,19,17
3601,린,loyalty,20,16
3602,린,loyalty,21,12
3603,린,loyalty,22,17
3604,린,spillover,0,19
3605,린,spillover,1,25
3606,린,spillover,2,18
3607,린,spillover,3,30
3608,린,spillover,4,27
3609,린,spillover,5,13
3610,린,spillover,6,12
3611,린,spillover,7,11
3612,린,spillover,8,10
3613,린,spillover,9,7
3614,린,spillover,10,11
3615,린,spillover,11,11
3616,린,spillover,12,30
3617,린,spillover,13,31
3618,린,spillover,14,5
3619,린,spillover,15,5
3620,린,spillover,16,6
3621,린,spillover,17,14
3622,린,spillover,18,9
3623,린,spillover,19,9
3624,린,spillover,20,11
3625,린,spillover,21,13
3626,린,spillover,22,9
3627,린,spillover,23,14
3628,린,spillover,24,15
3629,린,spillover,25,15
3630,린,spillover,26,18
3631,린,spillover,27,19
3632,린,spillover,28,12
3633,린,spillover,29,7
3634,린,spillover,30,10
3635,린,spillover,31,10
3636,린,spillover,32,9
3637,린,spillover,33,7
3638,린,spillover,34,14
3639,린,spillover,35,21
3640,린,spillover,36,19
3641,린,spillover,37,26
3642,린,spillover,38,27
3643,린,spillover,39,16
3644,린,spillover,40,21
3645,린,spillover,41,25
3646,린,spillover,42,19
3647,린,spillover,43,16
3648,린,spillover,44,17
3649,린,spillover,45,14
3650,린,spillover,46,7
3651,린,spillover,47,11
3652,린,spillover,48,13
3653,린,spillover,49,23
3654,린,spillover,50,10
3655,린,spillover,51,26
3656,린,spillover,52,44
3657,린,spillover,53,27
3658,린,spillover,54,21
3659,백지영,loyalty,0,21
3660,백지영,loyalty,1,8
3661,백지영,loyalty,2,14
3662,백지영,loyalty,3,15
3663,백지영,loyalty,4,11
3664,백지영,loyalty,5,6
3665,백지영,loyalty,6,17
3666,백지영,loyalty,7,10
3667,백지영,loyalty,8,18
3668,백지영,loyalty,9,11
3669,백지영,loyalty,10,17
3670,백지영,loyalty,11,29
3671,백지영,loyalty,12,9
3672,백지영,loyalty,13,7
3673,백지영,loyalty,14,7
3674,백지영,loyalty,15,8
3675,백지영,loyalty,16,4
3676,백지영,loyalty,17,25
3677,백지영,loyalty,18,29
3678,백지영,loyalty,19,11
3679,백지영,loyalty,20,25
3680,백지영,loyalty,21,18
3681,백지영,loyalty,22,30
3682,백지영,loyalty,23,32
3683,백지영,spillover,0,17
3684,백지영,spillover,1,15
3685,백지영,spillover,2,18
3686,백지영,spillover,3,16
3687,백지영,spillover,4,16
3688,백지영,spillover,5,29
3689,백지영,spillover,6,20
3690,백지영,spillover,7,14
3691,백지영,spillover,8,7
3692,백지영,spillover,9,14
3693,백지영,spillover,10,10
3694,백지영,spillover,11,9
3695,백지영,spillover,12,4
3696,백지영,spillover,13,10
3697,백지영,spillover,14,11
3698,백지영,spillover,15,26
3699,백지영,spillover,16,16
3700,백지영,spillover,17,29
3701,백지영,spillover,18,29
3702,백지영,spillover,19,9
3703,백지영,spillover,20,23
3704,백지영,spillover,21,11
3705,백지영,spillover,22,18
3706,백지영,spillover,23,18
3707,백지영,spillover,24,28
3708,백지영,spillover,25,7
3709,백지영,spillover,26,22
3710,백지영,spillover,27,11
3711,백지영,spillover,28,22
3712,백지영,spillover,29,23
3713,백지영,spillover,30,28
3714,백지영,spillover,31,14
3715,백지영,spillover,32,12
3716,백지영,spillover,33,7
3717,백지영,spillover,34,7
3718,백지영,spillover,35,4
3719,백지영,spillover,36,16
3720,백지영,spillover,37,21
3721,백지영,spillover,38,17
3722,백지영,spillover,39,19
3723,백지영,spillover,40,22
3724,백지영,spillover,41,33
3725,백지영,spillover,42,29
3726,백지영,spillover,43,20
3727,백지영,spillover,44,15
3728,백지영,spillover,45,23
3729,백지영,spillover,46,17
3730,백지영,spillover,47,9
3731,김동률,loyalty,0,14
3732,김동률,loyalty,1,16
3733,김동률,loyalty,2,11
3734,김동률,loyalty,3,10
3735,김동률,loyalty,4,13
3736,김동률,loyalty,5,22
3737,김동률,loyalty,6,10
3738,김동률,loyalty,7,15
3739,김동률,loyalty,8,27
3740,김동률,loyalty,9,8
3741,김동률,loyalty,10,11
3742,김동률,loyalty,11,34
3743,김동률,loyalty,12,11
3744,김동률,loyalty,13,12
3745,김동률,loyalty,14,17
3746,김동률,loyalty,15,24
3747,김동률,loyalty,16,22
3748,김동률,loyalty,17,13
3749,김동률,loyalty,18,19
3750,김동률,loyalty,19,22
3751,김동률,loyalty,20,20
3752,김동률,loyalty,21,14
3753,김동률,loyalty,22,20
3754,김동률,loyalty,23,19
3755,김동률,loyalty,24,14
3756,김동률,loyalty,25,12
3757,김동률,loyalty,26,19
3758,김동률,loyalty,27,10
3759,김동률,loyalty,28,12
3760,김동률,loyalty,29,7
3761,김동률,loyalty,30,12
3762,김동률,loyalty,31,15
3763,김동률,loyalty,32,14
3764,김동률,loyalty,33,14
3765,김동률,loyalty,34,33
3766,김동률,loyalty,35,19
3767,김동률,loyalty,36,33
3768,김동률,spillover,0,16
3769,김동률,spillover,1,17
3770,김동률,spillover,2,20
3771,김동률,spillover,3,16
3772,김동률,spillover,4,23
3773,김동률,spillover,5,36
3774,김동률,spillover,6,9
3775,김동률,spillover,7,15
3776,김동률,spillover,8,13
3777,김동률,spillover,9,8
3778,김동률,spillover,10,12
3779,김동률,spillover,11,28
3780,김동률,spillover,12,15
3781,김동률,spillover,13,7
3782,김동률,spillover,14,18
3783,김동률,spillover,15,24
3784,김동률,spillover,16,22
3785,김동률,spillover,17,12
3786,김동률,spillover,18,9
3787,김동률,spillover,19,9
3788,김동률,spillover,20,7
3789,김동률,spillover,21,11
3790,김동률,spillover,22,10
3791,김동률,spillover,23,25
3792,김동률,spillover,24,19
3793,김동률,spillover,25,24
3794,김동률,spillover,26,17
3795,김동률,spillover,27,18
3796,김동률,spillover,28,10
3797,김동률,spillover,29,9
3798,김동률,spillover,30,9
3799,김동률,spillover,31,7
3800,김동률,spillover,32,7
3801,김동률,spillover,33,8
3802,김동률,spillover,34,8
3803,김동률,spillover,35,15
3804,김동률,spillover,36,16
3805,김동률,spillover,37,20
3806,김동률,spillover,38,26
3807,김동률,spillover,39,23
3808,김동률,spillover,40,27
3809,김동률,spillover,41,17
3810,김동률,spillover,42,16
3811,김동률,spillover,43,15
3812,김동률,spillover,44,19
3813,김동률,spillover,45,18
3814,조용필,loyalty,0,13
3815,조용필,loyalty,1,17
3816,조용필,loyalty,2,10
3817,조용필,loyalty,3,13
3818,조용필,loyalty,4,13
3819,조용필,loyalty,5,14
3820,조용필,loyalty,6,16
3821,조용필,loyalty,7,22
3822,조용필,loyalty,8,14
3823,조용필,loyalty,9,25
3824,조용필,loyalty,10,18
3825,조용필,loyalty,11,16
3826,조용필,loyalty,12,15
3827,조용필,loyalty,13,21
3828,조용필,loyalty,14,23
3829,조용필,loyalty,15,12
3830,조용필,loyalty,16,7
3831,조용필,loyalty,17,21
3832,조용필,loyalty,18,15
3833,조용필,loyalty,19,14
3834,조용필,loyalty,20,17
3835,조용필,loyalty,21,12
3836,조용필,loyalty,22,12
3837,조용필,loyalty,23,8
3838,조용필,loyalty,24,8
3839,조용필,loyalty,25,11
3840,조용필,loyalty,26,11
3841,조용필,loyalty,27,17
3842,조용필,spillover,0,12
3843,조용필,spillover,1,14
3844,조용필,spillover,2,15
3845,조용필,spillover,3,11
3846,조용필,spillover,4,12
3847,조용필,spillover,5,16
3848,조용필,spillover,6,8
3849,조용필,spillover,7,17
3850,조용필,spillover,8,37
3851,조용필,spillover,9,17
3852,조용필,spillover,10,12
3853,조용필,spillover,11,16
3854,조용필,spillover,12,19
3855,조용필,spillover,13,21
3856,조용필,spillover,14,19
3857,조용필,spillover,15,20
3858,조용필,spillover,16,26
3859,조용필,spillover,17,23
3860,조용필,spillover,18,26
3861,조용필,spillover,19,15
3862,조용필,spillover,20,12
3863,조용필,spillover,21,20
3864,조용필,spillover,22,19
3865,조용필,spillover,23,10
3866,조용필,spillover,24,23
3867,조용필,spillover,25,19
3868,조용필,spillover,26,7
3869,조용필,spillover,27,15
3870,조용필,spillover,28,8
3871,조용필,spillover,29,21
3872,조용필,spillover,30,18
3873,조용필,spillover,31,11
3874,조용필,spillover,32,25
3875,조용필,spillover,33,23
3876,조용필,spillover,34,10
3877,조용필,spillover,35,13
3878,조용필,spillover,36,15
3879,조용필,spillover,37,20
3880,조용필,spillover,38,21
3881,조용필,spillover,39,15
3882,조용필,spillover,40,16
3883,조용필,spillover,41,6
3884,조용필,spillover,42,9
3885,조용필,spillover,43,7
3886,조용필,spillover,44,6
3887,조용필,spillover,45,6
3888,조용필,spillover,46,11
3889,조용필,spillover,47,16
3890,조용필,spillover,48,28
3891,조용필,spillover,49,25
3892,조용필,spillover,50,28
3893,조용필,spillover,51,15
3894,조용필,spillover,52,22
3895,박효신,loyalty,0,12
3896,박효신,loyalty,1,16
3897,박효신,loyalty,2,10
3898,박효신,loyalty,3,18
3899,박효신,loyalty,4,14
3900,박효신,loyalty,5,10
3901,박효신,loyalty,6,11
3902,박효신,loyalty,7,11
3903,박효신,loyalty,8,28
3904,박효신,loyalty,9,23
3905,박효신,loyalty,10,15
3906,박효신,loyalty,11,24
3907,박효신,loyalty,12,18
3908,박효신,loyalty,13,21
3909,박효신,loyalty,14,10
3910,박효신,loyalty,15,7
3911,박효신,loyalty,16,21
3912,박효신,loyalty,17,27
3913,박효신,loyalty,18,27
3914,박효신,loyalty,19,23
3915,박효신,loyalty,20,23
3916,박효신,loyalty,21,28
3917,박효신,loyalty,22,17
3918,박효신,loyalty,23,16
3919,박효신,loyalty,24,12
3920,박효신,loyalty,25,28
3921,박효신,loyalty,26,21
3922,박효신,loyalty,27,16
3923,박효신,loyalty,28,16
3924,박효신,loyalty,29,12
3925,박효신,loyalty,30,10
3926,박효신,loyalty,31,9
3927,박효신,loyalty,32,27
3928,박효신,loyalty,33,21
3929,박효신,loyalty,34,28
3930,박효신,loyalty,35,28
3931,박효신,loyalty,36,23
3932,박효신,spillover,0,19
3933,박효신,spillover,1,11
3934,박효신,spillover,2,13
3935,박효신,spillover,3,16
3936,박효신,spillover,4,25
3937,박효신,spillover,5,24
3938,박효신,spillover,6,27
3939,박효신,spillover,7,24
3940,박효신,spillover,8,11
3941,박효신,spillover,9,6
3942,박효신,spillover,10,12
3943,박효신,spillover,11,13
3944,박효신,spillover,12,9
3945,박효신,spillover,13,7
3946,박효신,spillover,14,17
3947,박효신,spillover,15,7
3948,박효신,spillover,16,24
3949,박효신,spillover,17,18
3950,박효신,spillover,18,18
3951,박효신,spillover,19,30
3952,박효신,spillover,20,7
3953,박효신,spillover,21,8
3954,박효신,spillover,22,13
3955,박효신,spillover,23,30
3956,박효신,spillover,24,32
3957,박효신,spillover,25,26
3958,박효신,spillover,26,25
3959,박효신,spillover,27,22
3960,박효신,spillover,28,19
3961,박효신,spillover,29,14
3962,박효신,spillover,30,18
3963,박효신,spillover,31,22
3964,박효신,spillover,32,10
3965,박효신,spillover,33,7
3966,박효신,spillover,34,12
3967,박효신,spillover,35,10
3968,박효신,spillover,36,13
3969,박효신,spillover,37,11
3970,박효신,spillover,38,11
3971,박효신,spillover,39,30
3972,박효신,spillover,40,17
3973,박효신,spillover,41,7
3974,박효신,spillover,42,23
3975,박효신,spillover,43,27
3976,박효신,spillover,44,25
3977,박효신,spillover,45,21
3978,박효신,spillover,46,20
3979,박효신,spillover,47,18
3980,박효신,spillover,48,22
3981,박효신,spillover,49,19
3982,박효신,spillover,50,17
3983,박효신,spillover,51,14
3984,박효신,spillover,52,20
3985,박효신,spillover,53,16
3986,박정현,loyalty,0,9
3987,박정현,loyalty,1,15
3988,박정현,loyalty,2,13
3989,박정현,loyalty,3,13
3990,박정현,loyalty,4,8
3991,박정현,loyalty,5,12
3992,박정현,loyalty,6,8
3993,박정현,loyalty,7,10
3994,박정현,loyalty,8,10
3995,박정현,loyalty,9,14
3996,박정현,loyalty,10,26
3997,박정현,loyalty,11,12
3998,박정현,loyalty,12,9
3999,박정현,loyalty,13,12
4000,박정현,loyalty,14,28
4001,박정현,loyalty,15,6
4002,박정현,loyalty,16,7
4003,박정현,loyalty,17,14
4004,박정현,spillover,0,8
4005,박정현,spillover,1,13
4006,박정현,spillover,2,14
4007,박정현,spillover,3,7
4008,박정현,spillover,4,11
4009,박정현,spillover,5,11
4010,박정현,spillover,6,13
4011,박정현,spillover,7,15
4012,박정현,spillover,8,14
4013,박정현,spillover,9,16
4014,박정현,spillover,10,17
4015,박정현,spillover,11,24
4016,박정현,spillover,12,11
4017,박정현,spillover,13,7
4018,박정현,spillover,14,8
4019,박정현,spillover,15,9
4020,박정현,spillover,16,24
4021,박정현,spillover,17,16
4022,박정현,spillover,18,23
4023,박정현,spillover,19,39
4024,박정현,spillover,20,17
4025,박정현,spillover,21,7
4026,박정현,spillover,22,14
4027,박정현,spillover,23,9
4028,박정현,spillover,24,7
4029,박정현,spillover,25,8
4030,박정현,spillover,26,25
4031,박정현,spillover,27,22
4032,박정현,spillover,28,13
4033,박정현,spillover,29,12
4034,박정현,spillover,30,10
4035,박정현,spillover,31,8
4036,박정현,spillover,32,9
4037,박정현,spillover,33,10
4038,박정현,spillover,34,9
4039,박정현,spillover,35,9
4040,박정현,spillover,36,10
4041,박정현,spillover,37,9
4042,박정현,spillover,38,10
4043,박정현,spillover,39,6
4044,박정현,spillover,40,10
4045,박정현,spillover,41,17
4046,박정현,spillover,42,16
4047,박정현,spillover,43,8
4048,박정현,spillover,44,7
4049,박정현,spillover,45,11
4050,박정현,spillover,46,10
4051,박정현,spillover,47,12
4052,박정현,spillover,48,28
4053,박정현,spillover,49,19
4054,박정현,spillover,50,15
4055,박정현,spillover,51,11
4056,빅마마,loyalty,0,12
4057,빅마마,loyalty,1,8
4058,빅마마,loyalty,2,17
4059,빅마마,loyalty,3,10
4060,빅마마,loyalty,4,11
4061,빅마마,loyalty,5,7
4062,빅마마,loyalty,6,11
4063,빅마마,loyalty,7,7
4064,빅마마,loyalty,8,14
4065,빅마마,loyalty,9,7
4066,빅마마,loyalty,10,5
4067,빅마마,loyalty,11,7
4068,빅마마,loyalty,12,6
4069,빅마마,loyalty,13,8
4070,빅마마,loyalty,14,11
4071,빅마마,loyalty,15,8
4072,빅마마,loyalty,16,16
4073,빅마마,loyalty,17,19
4074,빅마마,loyalty,18,11
4075,빅마마,loyalty,19,10
4076,빅마마,loyalty,20,19
4077,빅마마,loyalty,21,15
4078,빅마마,loyalty,22,13
4079,빅마마,loyalty,23,11
4080,빅마마,loyalty,24,15
4081,빅마마,loyalty,25,7
4082,빅마마,loyalty,26,6
4083,빅마마,loyalty,27,13
4084,빅마마,loyalty,28,18
4085,빅마마,loyalty,29,13
4086,빅마마,loyalty,30,13
4087,빅마마,spillover,0,8
4088,빅마마,spillover,1,9
4089,빅마마,spillover,2,14
4090,빅마마,spillover,3,14
4091,빅마마,spillover,4,11
4092,빅마마,spillover,5,6
4093,빅마마,spillover,6,8
4094,빅마마,spillover,7,7
4095,빅마마,spillover,8,7
4096,빅마마,spillover,9,7
4097,빅마마,spillover,10,7
4098,빅마마,spillover,11,11
4099,빅마마,spillover,12,9
4100,빅마마,spillover,13,10
4101,빅마마,spillover,14,19
4102,빅마마,spillover,15,19
4103,빅마마,spillover,16,17
4104,빅마마,spillover,17,8
4105,빅마마,spillover,18,19
4106,빅마마,spillover,19,11
4107,빅마마,spillover,20,18
4108,빅마마,spillover,21,13
4109,빅마마,spillover,22,16
4110,빅마마,spillover,23,13
4111,빅마마,spillover,24,9
4112,빅마마,spillover,25,6
4113,빅마마,spillover,26,7
4114,빅마마,spillover,27,33
4115,빅마마,spillover,28,17
4116,빅마마,spillover,29,10
4117,빅마마,spillover,30,23
4118,빅마마,spillover,31,8
4119,빅마마,spillover,32,8
4120,빅마마,spillover,33,8
4121,빅마마,spillover,34,12
4122,빅마마,spillover,35,11
4123,빅마마,spillover,36,14
4124,빅마마,spillover,37,8
4125,빅마마,spillover,38,7
4126,빅마마,spillover,39,6
4127,빅마마,spillover,40,15
4128,빅마마,spillover,41,12
4129,다비치,loyalty,0,11
4130,다비치,loyalty,1,13
4131,다비치,loyalty,2,11
4132,다비치,loyalty,3,13
4133,다비치,loyalty,4,11
4134,다비치,loyalty,5,9
4135,다비치,loyalty,6,12
4136,다비치,loyalty,7,13
4137,다비치,loyalty,8,10
4138,다비치,loyalty,9,9
4139,다비치,loyalty,10,6
4140,다비치,loyalty,11,15
4141,다비치,loyalty,12,11
4142,다비치,loyalty,13,11
4143,다비치,loyalty,14,9
4144,다비치,loyalty,15,8
4145,다비치,loyalty,16,6
4146,다비치,loyalty,17,15
4147,다비치,loyalty,18,26
4148,다비치,loyalty,19,30
4149,다비치,loyalty,20,21
4150,다비치,loyalty,21,11
4151,다비치,loyalty,22,12
4152,다비치,loyalty,23,15
4153,다비치,loyalty,24,9
4154,다비치,loyalty,25,9
4155,다비치,loyalty,26,4
4156,다비치,loyalty,27,40
4157,다비치,loyalty,28,26
4158,다비치,spillover,0,13
4159,다비치,spillover,1,14
4160,다비치,spillover,2,9
4161,다비치,spillover,3,6
4162,다비치,spillover,4,18
4163,다비치,spillover,5,17
4164,다비치,spillover,6,7
4165,다비치,spillover,7,9
4166,다비치,spillover,8,9
4167,다비치,spillover,9,10
4168,다비치,spillover,10,7
4169,다비치,spillover,11,14
4170,다비치,spillover,12,21
4171,다비치,spillover,13,27
4172,다비치,spillover,14,8
4173,다비치,spillover,15,16
4174,다비치,spillover,16,17
4175,다비치,spillover,17,19
4176,다비치,spillover,18,11
4177,다비치,spillover,19,9
4178,다비치,spillover,20,13
4179,다비치,spillover,21,15
4180,다비치,spillover,22,9
4181,다비치,spillover,23,16
4182,다비치,spillover,24,6
4183,다비치,spillover,25,17
4184,다비치,spillover,26,10
4185,다비치,spillover,27,22
4186,다비치,spillover,28,16
4187,다비치,spillover,29,16
4188,다비치,spillover,30,9
4189,다비치,spillover,31,8
4190,다비치,spillover,32,11
4191,다비치,spillover,33,12
4192,다비치,spillover,34,9
4193,다비치,spillover,35,16
4194,다비치,spillover,36,18
4195,다비치,spillover,37,12
4196,다비치,spillover,38,14
4197,다비치,spillover,39,22
4198,다비치,spillover,40,24
4199,다비치,spillover,41,17
4200,다비치,spillover,42,7
4201,다비치,spillover,43,10
4202,다비치,spillover,44,9
4203,다비치,spillover,45,25
4204,다비치,spillover,46,11
4205,다비치,spillover,47,23
4206,다비치,spillover,48,16
4207,다비치,spillover,49,19
4208,다비치,spillover,50,22
4209,로이킴,loyalty,0,14
4210,로이킴,loyalty,1,15
4211,로이킴,loyalty,2,14
4212,로이킴,loyalty,3,3
4213,로이킴,loyalty,4,10
4214,로이킴,loyalty,5,12
4215,로이킴,loyalty,6,8
4216,로이킴,loyalty,7,8
4217,로이킴,loyalty,8,13
4218,로이킴,loyalty,9,10
4219,로이킴,loyalty,10,8
4220,로이킴,loyalty,11,17
4221,로이킴,loyalty,12,6
4222,로이킴,loyalty,13,12
4223,로이킴,loyalty,14,22
4224,로이킴,loyalty,15,29
4225,로이킴,loyalty,16,14
4226,로이킴,loyalty,17,6
4227,로이킴,loyalty,18,9
4228,로이킴,loyalty,19,8
4229,로이킴,loyalty,20,24
4230,로이킴,loyalty,21,23
4231,로이킴,loyalty,22,25
4232,로이킴,loyalty,23,22
4233,로이킴,loyalty,24,13
4234,로이킴,loyalty,25,13
4235,로이킴,loyalty,26,9
4236,로이킴,loyalty,27,14
4237,로이킴,loyalty,28,15
4238,로이킴,loyalty,29,27
4239,로이킴,spillover,0,10
4240,로이킴,spillover,1,15
4241,로이킴,spillover,2,16
4242,로이킴,spillover,3,9
4243,로이킴,spillover,4,13
4244,로이킴,spillover,5,13
4245,로이킴,spillover,6,12
4246,로이킴,spillover,7,5
4247,로이킴,spillover,8,7
4248,로이킴,spillover,9,5
4249,로이킴,spillover,10,5
4250,로이킴,spillover,11,11
4251,로이킴,spillover,12,18
4252,로이킴,spillover,13,23
4253,로이킴,spillover,14,17
4254,로이킴,spillover,15,14
4255,로이킴,spillover,16,29
4256,로이킴,spillover,17,20
4257,로이킴,spillover,18,17
4258,로이킴,spillover,19,16
4259,로이킴,spillover,20,31
4260,로이킴,spillover,21,15
4261,로이킴,spillover,22,6
4262,로이킴,spillover,23,14
4263,로이킴,spillover,24,16
4264,로이킴,spillover,25,13
4265,로이킴,spillover,26,17
4266,로이킴,spillover,27,12
4267,로이킴,spillover,28,38
4268,로이킴,spillover,29,14
4269,로이킴,spillover,30,16
4270,로이킴,spillover,31,11
4271,로이킴,spillover,32,12
4272,로이킴,spillover,33,9
4273,로이킴,spillover,34,4
4274,로이킴,spillover,35,18
4275,로이킴,spillover,36,17
4276,로이킴,spillover,37,9
4277,로이킴,spillover,38,17
4278,로이킴,spillover,39,12
4279,로이킴,spillover,40,8
4280,로이킴,spillover,41,21
4281,로이킴,spillover,42,14
4282,로이킴,spillover,43,18
4283,로이킴,spillover,44,15
4284,로이킴,spillover,45,37
4285,로이킴,spillover,46,13
4286,로이킴,spillover,47,11
4287,로이킴,spillover,48,12
4288,로이킴,spillover,49,9
4289,로이킴,spillover,50,8
4290,로이킴,spillover,51,11
4291,로이킴,spillover,52,15
4292,로이킴,spillover,53,32
4293,로이킴,spillover,54,41
4294,로이킴,spillover,55,17
4295,로이킴,spillover,56,28
4296,로이킴,spillover,57,15
4297,로이킴,spillover,58,17
4298,sg워너비,loyalty,0,10
4299,sg워너비,loyalty,1,7
4300,sg워너비,loyalty,2,12
4301,sg워너비,loyalty,3,9
4302,sg워너비,loyalty,4,9
4303,sg워너비,loyalty,5,14
4304,sg워너비,loyalty,6,13
4305,sg워너비,loyalty,7,10
4306,sg워너비,loyalty,8,24
4307,sg워너비,loyalty,9,26
4308,sg워너비,loyalty,10,5
4309,sg워너비,loyalty,11,8
4310,sg워너비,loyalty,12,15
4311,sg워너비,loyalty,13,16
4312,sg워너비,loyalty,14,9
4313,sg워너비,loyalty,15,21
4314,sg워너비,loyalty,16,13
4315,sg워너비,loyalty,17,16
4316,sg워너비,loyalty,18,8
4317,sg워너비,loyalty,19,7
4318,sg워너비,loyalty,20,5
4319,sg워너비,loyalty,21,27
4320,sg워너비,loyalty,22,9
4321,sg워너비,loyalty,23,9
4322,sg워너비,loyalty,24,13
4323,sg워너비,loyalty,25,12
4324,sg워너비,loyalty,26,29
4325,sg워너비,loyalty,27,27
4326,sg워너비,loyalty,28,16
4327,sg워너비,loyalty,29,29
4328,sg워너비,loyalty,30,23
4329,sg워너비,loyalty,31,29
4330,sg워너비,loyalty,32,28
4331,sg워너비,loyalty,33,41
4332,sg워너비,loyalty,34,32
4333,sg워너비,loyalty,35,30
4334,sg워너비,spillover,0,11
4335,sg워너비,spillover,1,15
4336,sg워너비,spillover,2,16
4337,sg워너비,spillover,3,24
4338,sg워너비,spillover,4,13
4339,sg워너비,spillover,5,10
4340,sg워너비,spillover,6,15
4341,sg워너비,spillover,7,26
4342,sg워너비,spillover,8,13
4343,sg워너비,spillover,9,24
4344,sg워너비,spillover,10,33
4345,sg워너비,spillover,11,8
4346,sg워너비,spillover,12,16
4347,sg워너비,spillover,13,9
4348,sg워너비,spillover,14,16
4349,sg워너비,spillover,15,14
4350,sg워너비,spillover,16,11
4351,sg워너비,spillover,17,17
4352,sg워너비,spillover,18,10
4353,sg워너비,spillover,19,8
4354,sg워너비,spillover,20,11
4355,sg워너비,spillover,21,12
4356,sg워너비,spillover,22,11
4357,sg워너비,spillover,23,12
4358,sg워너비,spillover,24,13
4359,sg워너비,spillover,25,15
4360,sg워너비,spillover,26,21
4361,sg워너비,spillover,27,11
4362,sg워너비,spillover,28,12
4363,sg워너비,spillover,29,22
4364,sg워너비,spillover,30,15
4365,sg워너비,spillover,31,17
4366,sg워너비,spillover,32,14
4367,sg워너비,spillover,33,20
4368,sg워너비,spillover,34,36
4369,sg워너비,spillover,35,32
4370,sg워너비,spillover,36,18
4371,sg워너비,spillover,37,23
4372,sg워너비,spillover,38,21
4373,브라운아이즈,loyalty,0,8
4374,브라운아이즈,loyalty,1,13
4375,브라운아이즈,loyalty,2,20
4376,브라운아이즈,loyalty,3,19
4377,브라운아이즈,loyalty,4,16
4378,브라운아이즈,loyalty,5,16
4379,브라운아이즈,loyalty,6,17
4380,브라운아이즈,loyalty,7,12
4381,브라운아이즈,loyalty,8,17
4382,브라운아이즈,loyalty,9,12
4383,브라운아이즈,loyalty,10,12
4384,브라운아이즈,loyalty,11,13
4385,브라운아이즈,loyalty,12,26
4386,브라운아이즈,loyalty,13,28
4387,브라운아이즈,loyalty,14,20
4388,브라운아이즈,loyalty,15,24
4389,브라운아이즈,loyalty,16,13
4390,브라운아이즈,loyalty,17,23
4391,브라운아이즈,loyalty,18,17
4392,브라운아이즈,loyalty,19,18
4393,브라운아이즈,loyalty,20,12
4394,브라운아이즈,loyalty,21,5
4395,브라운아이즈,loyalty,22,15
4396,브라운아이즈,loyalty,23,19
4397,브라운아이즈,loyalty,24,14
4398,브라운아이즈,loyalty,25,11
4399,브라운아이즈,loyalty,26,24
4400,브라운아이즈,loyalty,27,28
4401,브라운아이즈,loyalty,28,24
4402,브라운아이즈,spillover,0,8
4403,브라운아이즈,spillover,1,12
4404,브라운아이즈,spillover,2,17
4405,브라운아이즈,spillover,3,14
4406,브라운아이즈,spillover,4,13
4407,브라운아이즈,spillover,5,14
4408,브라운아이즈,spillover,6,14
4409,브라운아이즈,spillover,7,22
4410,브라운아이즈,spillover,8,13
4411,브라운아이즈,spillover,9,11
4412,브라운아이즈,spillover,10,21
4413,브라운아이즈,spillover,11,21
4414,브라운아이즈,spillover,12,6
4415,브라운아이즈,spillover,13,5
4416,브라운아이즈,spillover,14,7
4417,브라운아이즈,spillover,15,29
4418,브라운아이즈,spillover,16,29
4419,브라운아이즈,spillover,17,36
4420,브라운아이즈,spillover,18,41
4421,브라운아이즈,spillover,19,29
4422,브라운아이즈,spillover,20,19
4423,브라운아이즈,spillover,21,10
4424,브라운아이즈,spillover,22,8
4425,브라운아이즈,spillover,23,15
4426,브라운아이즈,spillover,24,18
4427,브라운아이즈,spillover,25,10
4428,브라운아이즈,spillover,26,15
4429,브라운아이즈,spillover,27,25
4430,브라운아이즈,spillover,28,19
4431,브라운아이즈,spillover,29,17
4432,브라운아이즈,spillover,30,15
4433,브라운아이즈,spillover,31,23
4434,브라운아이즈,spillover,32,20
4435,브라운아이즈,spillover,33,27
4436,브라운아이즈,spillover,34,18
4437,브라운아이즈,spillover,35,24
4438,브라운아이즈,spillover,36,10
4439,브라운아이즈,spillover,37,9
4440,브라운아이즈,spillover,38,8
4441,브라운아이즈,spillover,39,7
4442,브라운아이즈,spillover,40,14
4443,브라운아이즈,spillover,41,13
4444,브라운아이즈,spillover,42,15
4445,브라운아이즈,spillover,43,21
4446,브라운아이즈,spillover,44,25
4447,브라운아이즈,spillover,45,44
4448,브라운아이즈,spillover,46,39
4449,브라운아이즈,spillover,47,19
4450,브라운아이즈,spillover,48,17
4451,브라운아이즈,spillover,49,21
4452,브라운아이즈,spillover,50,24
4453,브라운아이즈,spillover,51,20
4454,브라운아이즈,spillover,52,18
4455,이문세,loyalty,0,13
4456,이문세,loyalty,1,14
4457,이문세,loyalty,2,11
4458,이문세,loyalty,3,10
4459,이문세,loyalty,4,13
4460,이문세,loyalty,5,19
4461,이문세,loyalty,6,14
4462,이문세,loyalty,7,20
4463,이문세,loyalty,8,18
4464,이문세,loyalty,9,12
4465,이문세,loyalty,10,13
4466,이문세,loyalty,11,24
4467,이문세,loyalty,12,19
4468,이문세,loyalty,13,8
4469,이문세,loyalty,14,16
4470,이문세,loyalty,15,22
4471,이문세,loyalty,16,29
4472,이문세,loyalty,17,36
4473,이문세,loyalty,18,30
4474,이문세,loyalty,19,29
4475,이문세,spillover,0,19
4476,이문세,spillover,1,13
4477,이문세,spillover,2,5
4478,이문세,spillover,3,6
4479,이문세,spillover,4,11
4480,이문세,spillover,5,10
4481,이문세,spillover,6,17
4482,이문세,spillover,7,20
4483,이문세,spillover,8,29
4484,이문세,spillover,9,13
4485,이문세,spillover,10,24
4486,이문세,spillover,11,8
4487,이문세,spillover,12,21
4488,이문세,spillover,13,8
4489,이문세,spillover,14,22
4490,이문세,spillover,15,14
4491,이문세,spillover,16,8
4492,이문세,spillover,17,7
4493,이문세,spillover,18,28
4494,이문세,spillover,19,36
4495,이문세,spillover,20,22
4496,이문세,spillover,21,22
4497,이문세,spillover,22,23
4498,이문세,spillover,23,29
4499,이문세,spillover,24,15
4500,이문세,spillover,25,10
4501,이문세,spillover,26,9
4502,이문세,spillover,27,9
4503,이문세,spillover,28,7
4504,이문세,spillover,29,11
4505,이문세,spillover,30,8
4506,이문세,spillover,31,6
4507,이문세,spillover,32,7
4508,이문세,spillover,33,9
4509,이문세,spillover,34,7
4510,이문세,spillover,35,7
4511,이문세,spillover,36,33
4512,이문세,spillover,37,27
4513,이문세,spillover,38,25
4514,이문세,spillover,39,23
4515,이문세,spillover,40,28
4516,이문세,spillover,41,22
4517,이문세,spillover,42,25
4518,이문세,spillover,43,28
4519,이문세,spillover,44,19
4520,이문세,spillover,45,24
4521,이문세,spillover,46,26
4522,이문세,spillover,47,20
4523,이문세,spillover,48,20
4524,이문세,spillover,49,12
4525,윤도현,loyalty,0,16
4526,윤도현,loyalty,1,13
4527,윤도현,loyalty,2,19
4528,윤도현,loyalty,3,17
4529,윤도현,loyalty,4,17
4530,윤도현,loyalty,5,23
4531,윤도현,loyalty,6,22
4532,윤도현,loyalty,7,18
4533,윤도현,loyalty,8,12
4534,윤도현,loyalty,9,21
4535,윤도현,loyalty,10,15
4536,윤도현,loyalty,11,15
4537,윤도현,loyalty,12,19
4538,윤도현,loyalty,13,11
4539,윤도현,loyalty,14,30
4540,윤도현,loyalty,15,31
4541,윤도현,loyalty,16,11
4542,윤도현,loyalty,17,19
4543,윤도현,loyalty,18,8
4544,윤도현,loyalty,19,14
4545,윤도현,loyalty,20,11
4546,윤도현,loyalty,21,16
4547,윤도현,loyalty,22,15
4548,윤도현,loyalty,23,25
4549,윤도현,loyalty,24,28
4550,윤도현,loyalty,25,23
4551,윤도현,loyalty,26,32
4552,윤도현,loyalty,27,26
4553,윤도현,loyalty,28,22
4554,윤도현,spillover,0,20
4555,윤도현,spillover,1,12
4556,윤도현,spillover,2,25
4557,윤도현,spillover,3,15
4558,윤도현,spillover,4,16
4559,윤도현,spillover,5,23
4560,윤도현,spillover,6,22
4561,윤도현,spillover,7,18
4562,윤도현,spillover,8,17
4563,윤도현,spillover,9,18
4564,윤도현,spillover,10,11
4565,윤도현,spillover,11,19
4566,윤도현,spillover,12,15
4567,윤도현,spillover,13,16
4568,윤도현,spillover,14,6
4569,윤도현,spillover,15,9
4570,윤도현,spillover,16,5
4571,윤도현,spillover,17,28
4572,윤도현,spillover,18,42
4573,윤도현,spillover,19,29
4574,윤도현,spillover,20,54
4575,윤도현,spillover,21,23
4576,윤도현,spillover,22,16
4577,윤도현,spillover,23,22
4578,윤도현,spillover,24,23
4579,윤도현,spillover,25,13
4580,윤도현,spillover,26,9
4581,윤도현,spillover,27,23
4582,윤도현,spillover,28,22
4583,윤도현,spillover,29,20
4584,윤도현,spillover,30,28
4585,윤도현,spillover,31,26
4586,윤도현,spillover,32,22
4587,윤도현,spillover,33,19
4588,윤도현,spillover,34,24
4589,윤도현,spillover,35,20
4590,윤도현,spillover,36,20
4591,윤도현,spillover,37,14
4592,윤도현,spillover,38,15
4593,윤도현,spillover,39,18
4594,윤도현,spillover,40,22
4595,윤도현,spillover,41,19
4596,잔나비,loyalty,0,16
4597,잔나비,loyalty,1,7
4598,잔나비,loyalty,2,15
4599,잔나비,loyalty,3,18
4600,잔나비,loyalty,4,32
4601,잔나비,loyalty,5,23
4602,잔나비,loyalty,6,33
4603,잔나비,loyalty,7,28
4604,잔나비,loyalty,8,29
4605,잔나비,loyalty,9,29
4606,잔나비,loyalty,10,8
4607,잔나비,loyalty,11,11
4608,잔나비,loyalty,12,10
4609,잔나비,loyalty,13,7
4610,잔나비,loyalty,14,11
4611,잔나비,loyalty,15,7
4612,잔나비,loyalty,16,20
4613,잔나비,loyalty,17,11
4614,잔나비,loyalty,18,14
4615,잔나비,loyalty,19,25
4616,잔나비,spillover,0,17
4617,잔나비,spillover,1,17
4618,잔나비,spillover,2,21
4619,잔나비,spillover,3,9
4620,잔나비,spillover,4,15
4621,잔나비,spillover,5,14
4622,잔나비,spillover,6,22
4623,잔나비,spillover,7,29
4624,잔나비,spillover,8,14
4625,잔나비,spillover,9,23
4626,잔나비,spillover,10,24
4627,잔나비,spillover,11,9
4628,잔나비,spillover,12,12
4629,잔나비,spillover,13,25
4630,잔나비,spillover,14,20
4631,잔나비,spillover,15,6
4632,잔나비,spillover,16,14
4633,잔나비,spillover,17,11
4634,잔나비,spillover,18,25
4635,잔나비,spillover,19,9
4636,잔나비,spillover,20,10
4637,잔나비,spillover,21,4
4638,잔나비,spillover,22,33
4639,잔나비,spillover,23,35
4640,잔나비,spillover,24,26
4641,잔나비,spillover,25,19
4642,잔나비,spillover,26,18
4643,잔나비,spillover,27,25
4644,잔나비,spillover,28,32
4645,잔나비,spillover,29,26
4646,잔나비,spillover,30,20
4647,잔나비,spillover,31,11
4648,잔나비,spillover,32,11
4649,잔나비,spillover,33,8
4650,잔나비,spillover,34,17
4651,잔나비,spillover,35,10
4652,잔나비,spillover,36,12
4653,잔나비,spillover,37,13
4654,잔나비,spillover,38,17
4655,잔나비,spillover,39,11
4656,잔나비,spillover,40,35
4657,잔나비,spillover,41,28
4658,잔나비,spillover,42,33
4659,잔나비,spillover,43,19
4660,잔나비,spillover,44,35
4661,잔나비,spillover,45,33
4662,잔나비,spillover,46,30
4663,잔나비,spillover,47,19
4664,잔나비,spillover,48,20
4665,CNBLUE,loyalty,0,18
4666,CNBLUE,loyalty,1,15
4667,CNBLUE,loyalty,2,11
4668,CNBLUE,loyalty,3,12
4669,CNBLUE,loyalty,4,27
4670,CNBLUE,loyalty,5,17
4671,CNBLUE,loyalty,6,18
4672,CNBLUE,loyalty,7,14
4673,CNBLUE,loyalty,8,12
4674,CNBLUE,loyalty,9,16
4675,CNBLUE,loyalty,10,24
4676,CNBLUE,loyalty,11,14
4677,CNBLUE,loyalty,12,15
4678,CNBLUE,loyalty,13,22
4679,CNBLUE,loyalty,14,32
4680,CNBLUE,loyalty,15,36
4681,CNBLUE,loyalty,16,14
4682,CNBLUE,loyalty,17,19
4683,CNBLUE,loyalty,18,14
4684,CNBLUE,loyalty,19,11
4685,CNBLUE,loyalty,22,29
4686,CNBLUE,loyalty,23,10
4687,CNBLUE,loyalty,24,10
4688,CNBLUE,loyalty,25,8
4689,CNBLUE,loyalty,26,18
4690,CNBLUE,loyalty,27,22
4691,CNBLUE,loyalty,28,13
4692,CNBLUE,loyalty,29,18
4693,CNBLUE,loyalty,30,19
4694,CNBLUE,loyalty,31,19
4695,CNBLUE,loyalty,32,25
4696,CNBLUE,spillover,0,17
4697,CNBLUE,spillover,1,21
4698,CNBLUE,spillover,2,16
4699,CNBLUE,spillover,3,10
4700,CNBLUE,spillover,4,25
4701,CNBLUE,spillover,5,32
4702,CNBLUE,spillover,6,16
4703,CNBLUE,spillover,7,37
4704,CNBLUE,spillover,8,19
4705,CNBLUE,spillover,9,16
4706,CNBLUE,spillover,10,18
4707,CNBLUE,spillover,11,12
4708,CNBLUE,spillover,12,8
4709,CNBLUE,spillover,13,32
4710,CNBLUE,spillover,14,24
4711,CNBLUE,spillover,15,28
4712,CNBLUE,spillover,16,23
4713,CNBLUE,spillover,17,12
4714,CNBLUE,spillover,18,14
4715,CNBLUE,spillover,19,12
4716,CNBLUE,spillover,20,13
4717,CNBLUE,spillover,21,11
4718,CNBLUE,spillover,22,12
4719,CNBLUE,spillover,24,11
4720,CNBLUE,spillover,25,13
4721,CNBLUE,spillover,26,11
4722,CNBLUE,spillover,27,17
4723,CNBLUE,spillover,28,25
4724,CNBLUE,spillover,29,11
4725,CNBLUE,spillover,30,12
4726,CNBLUE,spillover,31,13
4727,CNBLUE,spillover,32,28
4728,CNBLUE,spillover,33,31
4729,CNBLUE,spillover,34,43
4730,CNBLUE,spillover,35,31
4731,CNBLUE,spillover,36,35
4732,CNBLUE,spillover,37,15
4733,CNBLUE,spillover,38,37
4734,CNBLUE,spillover,39,8
4735,CNBLUE,spillover,40,9
4736,CNBLUE,spillover,41,29
4737,CNBLUE,spillover,42,13
4738,CNBLUE,spillover,43,13
4739,CNBLUE,spillover,44,14
4740,CNBLUE,spillover,45,43
4741,CNBLUE,spillover,46,28
4742,CNBLUE,spillover,47,31
4743,CNBLUE,spillover,48,26
4744,CNBLUE,spillover,49,27
4745,CNBLUE,spillover,50,18
4746,BTS,loyalty,0,20
4747,BTS,loyalty,1,15
4748,BTS,loyalty,2,20
4749,BTS,loyalty,3,15
4750,BTS,loyalty,4,24
4751,BTS,loyalty,5,25
4752,BTS,loyalty,6,24
4753,BTS,loyalty,7,20
4754,BTS,loyalty,8,20
4755,BTS,loyalty,9,18
4756,BTS,loyalty,10,10
4757,BTS,loyalty,11,12
4758,BTS,loyalty,12,10
4759,BTS,loyalty,13,21
4760,BTS,loyalty,14,13
4761,BTS,loyalty,15,13
4762,BTS,loyalty,16,11
4763,BTS,loyalty,17,16
4764,BTS,loyalty,18,18
4765,BTS,loyalty,19,17
4766,BTS,loyalty,20,19
4767,BTS,loyalty,21,12
4768,BTS,loyalty,22,19
4769,BTS,loyalty,23,23
4770,BTS,loyalty,24,27
4771,BTS,loyalty,25,17
4772,BTS,loyalty,26,13
4773,BTS,loyalty,27,11
4774,BTS,loyalty,28,9
4775,BTS,loyalty,29,13
4776,BTS,loyalty,30,14
4777,BTS,loyalty,31,17
4778,BTS,loyalty,32,30
4779,BTS,loyalty,33,17
4780,BTS,loyalty,34,14
4781,BTS,loyalty,35,24
4782,BTS,loyalty,36,23
4783,BTS,loyalty,37,25
4784,BTS,loyalty,38,12
4785,BTS,loyalty,39,20
4786,BTS,loyalty,40,3
4787,BTS,loyalty,42,25
4788,BTS,loyalty,43,31
4789,BTS,loyalty,44,23
4790,BTS,loyalty,45,24
4791,BTS,loyalty,46,28
4792,BTS,loyalty,49,14
4793,BTS,loyalty,50,17
4794,BTS,loyalty,51,14
4795,BTS,loyalty,52,32
4796,BTS,loyalty,53,8
4797,BTS,loyalty,54,8
4798,BTS,loyalty,55,18
4799,BTS,loyalty,56,13
4800,BTS,loyalty,57,14
4801,BTS,loyalty,58,15
4802,BTS,loyalty,59,16
4803,BTS,loyalty,60,10
4804,BTS,loyalty,61,23
4805,BTS,loyalty,62,18
4806,BTS,loyalty,63,17
4807,BTS,loyalty,64,15
4808,BTS,loyalty,65,38
4809,BTS,loyalty,66,19
4810,BTS,loyalty,67,14
4811,BTS,loyalty,68,21
4812,BTS,loyalty,69,27
4813,BTS,loyalty,70,34
4814,BTS,loyalty,71,26
4815,BTS,loyalty,72,21
4816,BTS,loyalty,73,22
4817,BTS,spillover,0,16
4818,BTS,spillover,1,19
4819,BTS,spillover,2,25
4820,BTS,spillover,3,26
4821,BTS,spillover,4,12
4822,BTS,spillover,5,13
4823,BTS,spillover,6,16
4824,BTS,spillover,7,16
4825,BTS,spillover,8,14
4826,BTS,spillover,9,13
4827,BTS,spillover,10,11
4828,BTS,spillover,11,11
4829,BTS,spillover,12,13
4830,BTS,spillover,13,10
4831,BTS,spillover,14,8
4832,BTS,spillover,15,12
4833,BTS,spillover,16,14
4834,BTS,spillover,17,17
4835,BTS,spillover,18,13
4836,BTS,spillover,19,11
4837,BTS,spillover,20,13
4838,BTS,spillover,21,18
4839,BTS,spillover,22,15
4840,BTS,spillover,23,27
4841,BTS,spillover,24,31
4842,BTS,spillover,25,20
4843,BTS,spillover,26,11
4844,BTS,spillover,27,10
4845,BTS,spillover,28,9
4846,BTS,spillover,29,8
4847,BTS,spillover,30,9
4848,BTS,spillover,31,15
4849,BTS,spillover,32,10
4850,BTS,spillover,33,8
4851,BTS,spillover,34,13
4852,BTS,spillover,35,11
4853,BTS,spillover,36,17
4854,BTS,spillover,37,10
4855,BTS,spillover,38,12
4856,BTS,spillover,39,21
4857,BTS,spillover,40,15
4858,BTS,spillover,41,15
4859,BTS,spillover,42,12
4860,BTS,spillover,43,10
4861,BTS,spillover,44,12
4862,BTS,spillover,45,12
4863,BTS,spillover,46,9
4864,BTS,spillover,47,10
4865,BTS,spillover,48,19
4866,BTS,spillover,49,15
4867,BTS,spillover,50,22
4868,BTS,spillover,51,29
4869,BTS,spillover,52,22
4870,BTS,spillover,53,18
4871,BTS,spillover,54,19
4872,BTS,spillover,55,33
4873,BTS,spillover,56,10
4874,BTS,spillover,57,10
4875,BTS,spillover,58,8
4876,BTS,spillover,59,13
4877,BTS,spillover,60,14
4878,BTS,spillover,61,13
4879,BTS,spillover,62,10
4880,BTS,spillover,63,14
4881,BTS,spillover,65,27
4882,BTS,spillover,66,12
4883,BTS,spillover,68,5
4884,BTS,spillover,69,7
4885,BTS,spillover,70,7
4886,BTS,spillover,71,23
4887,BTS,spillover,72,16
4888,BTS,spillover,73,12
4889,BTS,spillover,74,23
4890,BTS,spillover,75,22
4891,BTS,spillover,76,25
4892,BTS,spillover,77,30
4893,BTS,spillover,78,32
4894,BTS,spillover,79,29
4895,BTS,spillover,80,31
4896,BTS,spillover,81,31
4897,BTS,spillover,82,25
4898,BTS,spillover,83,29
4899,BTS,spillover,84,20
4900,BTS,spillover,85,22
4901,BTS,spillover,86,13
4902,BTS,spillover,87,10
4903,BTS,spillover,88,19
4904,BTS,spillover,89,12
4905,BTS,spillover,90,8
4906,BTS,spillover,91,12
4907,BTS,spillover,92,12
4908,BTS,spillover,93,30
4909,BTS,spillover,94,22
4910,BTS,spillover,95,29
4911,BTS,spillover,96,30
4912,BTS,spillover,97,23
4913,BTS,spillover,98,35
4914,BTS,spillover,99,10
4915,BTS,spillover,100,8
4916,BTS,spillover,101,6
4917,BTS,spillover,102,6
4918,BTS,spillover,103,12
4919,BTS,spillover,104,9
4920,BTS,spillover,105,9
4921,BTS,spillover,106,9
4922,BTS,spillover,107,11
4923,BTS,spillover,108,10
4924,BTS,spillover,109,11
4925,BTS,spillover,110,13
4926,BTS,spillover,111,8
4927,BTS,spillover,112,6
4928,BTS,spillover,113,11
4929,BTS,spillover,114,12
4930,BTS,spillover,115,8
4931,BTS,spillover,116,10
4932,BTS,spillover,117,5
4933,BTS,spillover,118,9
4934,BTS,spillover,119,10
4935,BTS,spillover,120,7
4936,BTS,spillover,121,33
4937,BTS,spillover,122,36
4938,BTS,spillover,123,51
4939,BTS,spillover,124,31
4940,BTS,spillover,125,29
4941,BTS,spillover,126,29
4942,BTS,spillover,127,30
4943,BTS,spillover,128,26
4944,BTS,spillover,129,23
4945,BTS,spillover,130,16
4946,BTS,spillover,131,13
4947,BTS,spillover,132,30
4948,BTS,spillover,133,20
4949,BTS,spillover,134,31
4950,BTS,spillover,135,27
4951,BTS,spillover,136,11
4952,BTS,spillover,137,18
4953,BTS,spillover,138,23
4954,BTS,spillover,139,22
4955,BTS,spillover,140,17
4956,BTS,spillover,141,18
4957,BTS,spillover,142,25
4958,BTS,spillover,143,19
4959,BTS,spillover,144,27
4960,BTS,spillover,145,24
4961,BTS,spillover,146,29
4962,BTS,spillover,147,43
4963,BTS,spillover,148,12
4964,BTS,spillover,149,17
4965,BTS,spillover,150,18
4966,BTS,spillover,151,20
4967,BTS,spillover,152,15
4968,SEVENTEEN,loyalty,0,17
4969,SEVENTEEN,loyalty,1,16
4970,SEVENTEEN,loyalty,2,18
4971,SEVENTEEN,loyalty,3,20
4972,SEVENTEEN,loyalty,4,28
4973,SEVENTEEN,loyalty,5,18
4974,SEVENTEEN,loyalty,6,13
4975,SEVENTEEN,loyalty,7,13
4976,SEVENTEEN,loyalty,8,17
4977,SEVENTEEN,loyalty,9,12
4978,SEVENTEEN,loyalty,10,9
4979,SEVENTEEN,loyalty,11,9
4980,SEVENTEEN,loyalty,12,13
4981,SEVENTEEN,loyalty,13,5
4982,SEVENTEEN,loyalty,14,12
4983,SEVENTEEN,loyalty,15,14
4984,SEVENTEEN,loyalty,16,12
4985,SEVENTEEN,loyalty,17,22
4986,SEVENTEEN,loyalty,18,13
4987,SEVENTEEN,loyalty,19,29
4988,SEVENTEEN,loyalty,20,14
4989,SEVENTEEN,loyalty,21,13
4990,SEVENTEEN,loyalty,22,12
4991,SEVENTEEN,loyalty,23,29
4992,SEVENTEEN,loyalty,24,24
4993,SEVENTEEN,loyalty,25,23
4994,SEVENTEEN,loyalty,26,10
4995,SEVENTEEN,loyalty,27,16
4996,SEVENTEEN,loyalty,28,10
4997,SEVENTEEN,loyalty,29,8
4998,SEVENTEEN,loyalty,30,9
4999,SEVENTEEN,loyalty,31,7
5000,SEVENTEEN,loyalty,32,11
5001,SEVENTEEN,loyalty,33,6
5002,SEVENTEEN,loyalty,34,8
5003,SEVENTEEN,loyalty,35,8
5004,SEVENTEEN,loyalty,36,10
5005,SEVENTEEN,loyalty,37,11
5006,SEVENTEEN,loyalty,38,9
5007,SEVENTEEN,loyalty,39,6
5008,SEVENTEEN,loyalty,40,7
5009,SEVENTEEN,loyalty,41,8
5010,SEVENTEEN,loyalty,42,7
5011,SEVENTEEN,loyalty,43,11
5012,SEVENTEEN,loyalty,44,12
5013,SEVENTEEN,loyalty,45,7
5014,SEVENTEEN,loyalty,46,14
5015,SEVENTEEN,loyalty,47,15
5016,SEVENTEEN,loyalty,48,7
5017,SEVENTEEN,loyalty,49,9
5018,SEVENTEEN,loyalty,50,5
5019,SEVENTEEN,loyalty,51,10
5020,SEVENTEEN,loyalty,52,11
5021,SEVENTEEN,loyalty,53,12
5022,SEVENTEEN,loyalty,54,12
5023,SEVENTEEN,loyalty,55,12
5024,SEVENTEEN,loyalty,56,12
5025,SEVENTEEN,loyalty,58,9
5026,SEVENTEEN,loyalty,59,9
5027,SEVENTEEN,loyalty,60,13
5028,SEVENTEEN,loyalty,61,14
5029,SEVENTEEN,loyalty,62,12
5030,SEVENTEEN,loyalty,63,13
5031,SEVENTEEN,loyalty,64,11
5032,SEVENTEEN,loyalty,65,22
5033,SEVENTEEN,loyalty,66,11
5034,SEVENTEEN,loyalty,67,12
5035,SEVENTEEN,loyalty,68,16
5036,SEVENTEEN,loyalty,69,39
5037,SEVENTEEN,loyalty,70,14
5038,SEVENTEEN,spillover,0,6
5039,SEVENTEEN,spillover,1,8
5040,SEVENTEEN,spillover,2,11
5041,SEVENTEEN,spillover,3,20
5042,SEVENTEEN,spillover,4,15
5043,SEVENTEEN,spillover,5,17
5044,SEVENTEEN,spillover,6,12
5045,SEVENTEEN,spillover,7,15
5046,SEVENTEEN,spillover,8,11
5047,SEVENTEEN,spillover,9,7
5048,SEVENTEEN,spillover,10,9
5049,SEVENTEEN,spillover,11,12
5050,SEVENTEEN,spillover,12,8
5051,SEVENTEEN,spillover,13,14
5052,SEVENTEEN,spillover,14,9
5053,SEVENTEEN,spillover,15,12
5054,SEVENTEEN,spillover,16,22
5055,SEVENTEEN,spillover,17,12
5056,SEVENTEEN,spillover,18,13
5057,SEVENTEEN,spillover,19,12
5058,SEVENTEEN,spillover,20,31
5059,SEVENTEEN,spillover,21,38
5060,SEVENTEEN,spillover,22,26
5061,SEVENTEEN,spillover,23,13
5062,SEVENTEEN,spillover,24,12
5063,SEVENTEEN,spillover,25,8
5064,SEVENTEEN,spillover,26,10
5065,SEVENTEEN,spillover,27,11
5066,SEVENTEEN,spillover,28,13
5067,SEVENTEEN,spillover,29,10
5068,SEVENTEEN,spillover,30,11
5069,SEVENTEEN,spillover,31,13
5070,SEVENTEEN,spillover,32,29
5071,SEVENTEEN,spillover,33,19
5072,SEVENTEEN,spillover,34,14
5073,SEVENTEEN,spillover,35,14
5074,SEVENTEEN,spillover,36,22
5075,SEVENTEEN,spillover,37,33
5076,SEVENTEEN,spillover,38,12
5077,SEVENTEEN,spillover,39,10
5078,SEVENTEEN,spillover,40,8
5079,SEVENTEEN,spillover,41,9
5080,SEVENTEEN,spillover,42,11
5081,SEVENTEEN,spillover,43,13
5082,SEVENTEEN,spillover,44,11
5083,SEVENTEEN,spillover,45,8
5084,SEVENTEEN,spillover,46,15
5085,SEVENTEEN,spillover,48,40
5086,SEVENTEEN,spillover,49,12
5087,SEVENTEEN,spillover,50,9
5088,SEVENTEEN,spillover,51,30
5089,SEVENTEEN,spillover,52,9
5090,SEVENTEEN,spillover,53,9
5091,SEVENTEEN,spillover,54,16
5092,SEVENTEEN,spillover,55,9
5093,SEVENTEEN,spillover,56,15
5094,SEVENTEEN,spillover,57,23
5095,SEVENTEEN,spillover,58,14
5096,SEVENTEEN,spillover,59,18
5097,SEVENTEEN,spillover,60,21
5098,SEVENTEEN,spillover,61,20
5099,SEVENTEEN,spillover,62,23
5100,SEVENTEEN,spillover,63,8
5101,SEVENTEEN,spillover,64,9
5102,SEVENTEEN,spillover,65,34
5103,SEVENTEEN,spillover,66,31
5104,SEVENTEEN,spillover,67,28
5105,SEVENTEEN,spillover,68,33
5106,SEVENTEEN,spillover,69,32
5107,SEVENTEEN,spillover,70,32
5108,SEVENTEEN,spillover,71,36
5109,SEVENTEEN,spillover,72,37
5110,SEVENTEEN,spillover,73,28
5111,SEVENTEEN,spillover,74,38
5112,SEVENTEEN,spillover,75,48
5113,SEVENTEEN,spillover,76,13
5114,SEVENTEEN,spillover,77,26
5115,SEVENTEEN,spillover,78,17
5116,SEVENTEEN,spillover,79,14
5117,SEVENTEEN,spillover,80,12
5118,SEVENTEEN,spillover,81,12
5119,SEVENTEEN,spillover,82,24
5120,SEVENTEEN,spillover,83,22
5121,SEVENTEEN,spillover,84,14
5122,SEVENTEEN,spillover,85,19
5123,Stray Kids,loyalty,0,11
5124,Stray Kids,loyalty,1,21
5125,Stray Kids,loyalty,2,9
5126,Stray Kids,loyalty,3,13
5127,Stray Kids,loyalty,4,12
5128,Stray Kids,loyalty,5,16
5129,Stray Kids,loyalty,6,12
5130,Stray Kids,loyalty,7,16
5131,Stray Kids,loyalty,8,12
5132,Stray Kids,loyalty,9,12
5133,Stray Kids,loyalty,10,12
5134,Stray Kids,loyalty,11,16
5135,Stray Kids,loyalty,12,11
5136,Stray Kids,loyalty,13,15
5137,Stray Kids,loyalty,14,6
5138,Stray Kids,loyalty,15,17
5139,Stray Kids,loyalty,16,20
5140,Stray Kids,loyalty,17,13
5141,Stray Kids,loyalty,18,35
5142,Stray Kids,loyalty,19,12
5143,Stray Kids,loyalty,20,14
5144,Stray Kids,loyalty,21,28
5145,Stray Kids,loyalty,22,37
5146,Stray Kids,loyalty,23,36
5147,Stray Kids,loyalty,24,20
5148,Stray Kids,loyalty,25,27
5149,Stray Kids,loyalty,26,25
5150,Stray Kids,loyalty,27,23
5151,Stray Kids,loyalty,28,38
5152,Stray Kids,loyalty,29,20
5153,Stray Kids,loyalty,30,20
5154,Stray Kids,loyalty,31,13
5155,Stray Kids,loyalty,32,3
5156,Stray Kids,loyalty,33,38
5157,Stray Kids,loyalty,34,12
5158,Stray Kids,loyalty,35,12
5159,Stray Kids,loyalty,36,10
5160,Stray Kids,loyalty,39,4
5161,Stray Kids,loyalty,44,15
5162,Stray Kids,loyalty,45,21
5163,Stray Kids,loyalty,46,11
5164,Stray Kids,loyalty,47,10
5165,Stray Kids,loyalty,48,16
5166,Stray Kids,loyalty,49,13
5167,Stray Kids,loyalty,50,14
5168,Stray Kids,loyalty,51,13
5169,Stray Kids,loyalty,52,8
5170,Stray Kids,loyalty,53,14
5171,Stray Kids,loyalty,54,25
5172,Stray Kids,loyalty,55,14
5173,Stray Kids,loyalty,56,35
5174,Stray Kids,loyalty,57,26
5175,Stray Kids,spillover,0,8
5176,Stray Kids,spillover,1,11
5177,Stray Kids,spillover,2,15
5178,Stray Kids,spillover,3,22
5179,Stray Kids,spillover,4,14
5180,Stray Kids,spillover,5,12
5181,Stray Kids,spillover,6,19
5182,Stray Kids,spillover,7,16
5183,Stray Kids,spillover,8,17
5184,Stray Kids,spillover,9,9
5185,Stray Kids,spillover,10,6
5186,Stray Kids,spillover,11,14
5187,Stray Kids,spillover,12,7
5188,Stray Kids,spillover,13,12
5189,Stray Kids,spillover,14,15
5190,Stray Kids,spillover,15,10
5191,Stray Kids,spillover,16,21
5192,Stray Kids,spillover,17,8
5193,Stray Kids,spillover,18,8
5194,Stray Kids,spillover,19,34
5195,Stray Kids,spillover,20,51
5196,Stray Kids,spillover,21,7
5197,Stray Kids,spillover,22,9
5198,Stray Kids,spillover,23,6
5199,Stray Kids,spillover,24,9
5200,Stray Kids,spillover,25,8
5201,Stray Kids,spillover,26,19
5202,Stray Kids,spillover,27,8
5203,Stray Kids,spillover,28,16
5204,Stray Kids,spillover,29,14
5205,Stray Kids,spillover,30,10
5206,Stray Kids,spillover,31,14
5207,Stray Kids,spillover,32,11
5208,Stray Kids,spillover,33,8
5209,Stray Kids,spillover,34,9
5210,Stray Kids,spillover,35,12
5211,Stray Kids,spillover,36,28
5212,Stray Kids,spillover,37,14
5213,Stray Kids,spillover,38,26
5214,Stray Kids,spillover,39,27
5215,Stray Kids,spillover,40,24
5216,Stray Kids,spillover,41,28
5217,Stray Kids,spillover,42,41
5218,Stray Kids,spillover,43,16
5219,Stray Kids,spillover,44,25
5220,Stray Kids,spillover,45,28
5221,Stray Kids,spillover,46,34
5222,Stray Kids,spillover,47,32
5223,Stray Kids,spillover,48,15
5224,Stray Kids,spillover,49,13
5225,Stray Kids,spillover,50,17
5226,Stray Kids,spillover,51,14
5227,Stray Kids,spillover,52,10
5228,Stray Kids,spillover,53,7
5229,Stray Kids,spillover,54,13
5230,Stray Kids,spillover,55,9
5231,Stray Kids,spillover,56,6
5232,Stray Kids,spillover,57,10
5233,Stray Kids,spillover,58,13
5234,Stray Kids,spillover,61,26
5235,Stray Kids,spillover,63,4
5236,Stray Kids,spillover,64,7
5237,Stray Kids,spillover,65,12
5238,Stray Kids,spillover,66,27
5239,Stray Kids,spillover,67,17
5240,Stray Kids,spillover,68,21
5241,Stray Kids,spillover,69,22
5242,Stray Kids,spillover,70,26
5243,Stray Kids,spillover,71,32
5244,Stray Kids,spillover,72,22
5245,Stray Kids,spillover,73,12
5246,Stray Kids,spillover,74,24
5247,Stray Kids,spillover,75,25
5248,Stray Kids,spillover,76,8
5249,Stray Kids,spillover,77,7
5250,Stray Kids,spillover,78,15
5251,Stray Kids,spillover,79,8
5252,Stray Kids,spillover,80,12
5253,Stray Kids,spillover,81,8
5254,Stray Kids,spillover,82,14
5255,Stray Kids,spillover,83,9
5256,Stray Kids,spillover,84,7
5257,Stray Kids,spillover,85,38
5258,Stray Kids,spillover,86,35
5259,Stray Kids,spillover,87,38
5260,Stray Kids,spillover,88,31
5261,Stray Kids,spillover,89,32
5262,Stray Kids,spillover,90,30
5263,Stray Kids,spillover,91,39
5264,Stray Kids,spillover,92,13
5265,Stray Kids,spillover,93,23
5266,Stray Kids,spillover,94,19
5267,Stray Kids,spillover,95,18
5268,Stray Kids,spillover,96,23
5269,Stray Kids,spillover,97,17
5270,Stray Kids,spillover,98,13
5271,Stray Kids,spillover,99,26
5272,Stray Kids,spillover,100,19
5273,Stray Kids,spillover,101,27
5274,Stray Kids,spillover,102,28
5275,Stray Kids,spillover,103,17
5276,Stray Kids,spillover,104,22
5277,RIIZE,loyalty,0,16
5278,RIIZE,loyalty,1,18
5279,RIIZE,loyalty,2,16
5280,RIIZE,loyalty,3,17
5281,RIIZE,loyalty,4,18
5282,RIIZE,loyalty,5,15
5283,RIIZE,loyalty,6,17
5284,RIIZE,loyalty,7,16
5285,RIIZE,loyalty,8,17
5286,RIIZE,loyalty,9,8
5287,RIIZE,loyalty,10,10
5288,RIIZE,loyalty,11,12
5289,RIIZE,loyalty,12,20
5290,RIIZE,loyalty,13,16
5291,RIIZE,loyalty,14,22
5292,RIIZE,loyalty,15,21
5293,RIIZE,loyalty,16,11
5294,RIIZE,loyalty,17,14
5295,RIIZE,loyalty,18,12
5296,RIIZE,loyalty,19,19
5297,RIIZE,loyalty,20,15
5298,RIIZE,loyalty,21,26
5299,RIIZE,loyalty,22,16
5300,RIIZE,loyalty,23,22
5301,RIIZE,loyalty,24,9
5302,RIIZE,loyalty,25,43
5303,RIIZE,loyalty,28,13
5304,RIIZE,loyalty,29,29
5305,RIIZE,loyalty,30,7
5306,RIIZE,loyalty,31,10
5307,RIIZE,loyalty,32,11
5308,RIIZE,loyalty,33,12
5309,RIIZE,loyalty,34,24
5310,RIIZE,loyalty,35,29
5311,RIIZE,loyalty,36,23
5312,RIIZE,loyalty,37,19
5313,RIIZE,loyalty,38,15
5314,RIIZE,loyalty,39,20
5315,RIIZE,loyalty,40,14
5316,RIIZE,loyalty,41,27
5317,RIIZE,loyalty,42,11
5318,RIIZE,loyalty,43,34
5319,RIIZE,loyalty,44,26
5320,RIIZE,spillover,0,19
5321,RIIZE,spillover,1,7
5322,RIIZE,spillover,2,11
5323,RIIZE,spillover,3,8
5324,RIIZE,spillover,4,12
5325,RIIZE,spillover,5,15
5326,RIIZE,spillover,6,25
5327,RIIZE,spillover,7,16
5328,RIIZE,spillover,8,7
5329,RIIZE,spillover,9,4
5330,RIIZE,spillover,10,8
5331,RIIZE,spillover,11,11
5332,RIIZE,spillover,12,7
5333,RIIZE,spillover,13,15
5334,RIIZE,spillover,14,16
5335,RIIZE,spillover,15,13
5336,RIIZE,spillover,16,11
5337,RIIZE,spillover,17,11
5338,RIIZE,spillover,18,11
5339,RIIZE,spillover,19,10
5340,RIIZE,spillover,20,6
5341,RIIZE,spillover,21,8
5342,RIIZE,spillover,22,13
5343,RIIZE,spillover,23,10
5344,RIIZE,spillover,24,11
5345,RIIZE,spillover,25,10
5346,RIIZE,spillover,26,12
5347,RIIZE,spillover,27,23
5348,RIIZE,spillover,28,21
5349,RIIZE,spillover,29,24
5350,RIIZE,spillover,30,9
5351,RIIZE,spillover,31,17
5352,RIIZE,spillover,32,15
5353,RIIZE,spillover,33,17
5354,RIIZE,spillover,34,13
5355,RIIZE,spillover,35,17
5356,RIIZE,spillover,36,12
5357,RIIZE,spillover,37,11
5358,RIIZE,spillover,38,14
5359,RIIZE,spillover,39,9
5360,RIIZE,spillover,40,7
5361,RIIZE,spillover,41,24
5362,RIIZE,spillover,42,18
5363,RIIZE,spillover,43,6
5364,RIIZE,spillover,44,9
5365,RIIZE,spillover,45,7
5366,RIIZE,spillover,46,9
5367,RIIZE,spillover,47,16
5368,RIIZE,spillover,48,14
5369,RIIZE,spillover,49,13
5370,RIIZE,spillover,50,17
5371,RIIZE,spillover,51,20
5372,RIIZE,spillover,52,14
5373,RIIZE,spillover,53,20
5374,RIIZE,spillover,54,15
5375,RIIZE,spillover,55,21
5376,RIIZE,spillover,56,18
5377,RIIZE,spillover,57,10
5378,RIIZE,spillover,58,21
5379,RIIZE,spillover,59,10
5380,RIIZE,spillover,60,10
5381,RIIZE,spillover,61,12
5382,RIIZE,spillover,62,18
5383,RIIZE,spillover,63,19
5384,RIIZE,spillover,64,24
5385,RIIZE,spillover,65,30
5386,RIIZE,spillover,66,15
5387,RIIZE,spillover,67,30
5388,RIIZE,spillover,68,15
5389,RIIZE,spillover,69,10
5390,RIIZE,spillover,70,27
5391,RIIZE,spillover,71,16
5392,RIIZE,spillover,72,29
5393,RIIZE,spillover,73,18
5394,RIIZE,spillover,74,21
5395,RIIZE,spillover,75,17
5396,NCT,loyalty,0,22
5397,NCT,loyalty,1,17
5398,NCT,loyalty,2,16
5399,NCT,loyalty,3,13
5400,NCT,loyalty,4,17
5401,NCT,loyalty,5,10
5402,NCT,loyalty,6,8
5403,NCT,loyalty,7,23
5404,NCT,loyalty,8,17
5405,NCT,loyalty,9,14
5406,NCT,loyalty,10,11
5407,NCT,loyalty,11,14
5408,NCT,loyalty,12,9
5409,NCT,loyalty,13,8
5410,NCT,loyalty,14,16
5411,NCT,loyalty,15,10
5412,NCT,loyalty,16,28
5413,NCT,loyalty,17,15
5414,NCT,loyalty,18,19
5415,NCT,loyalty,19,14
5416,NCT,loyalty,20,17
5417,NCT,loyalty,21,11
5418,NCT,loyalty,22,11
5419,NCT,loyalty,23,10
5420,NCT,loyalty,24,30
5421,NCT,loyalty,25,30
5422,NCT,loyalty,26,15
5423,NCT,loyalty,27,31
5424,NCT,loyalty,28,24
5425,NCT,loyalty,29,10
5426,NCT,loyalty,30,33
5427,NCT,loyalty,31,35
5428,NCT,loyalty,32,26
5429,NCT,loyalty,33,36
5430,NCT,loyalty,34,9
5431,NCT,loyalty,35,8
5432,NCT,loyalty,36,19
5433,NCT,loyalty,37,10
5434,NCT,loyalty,38,22
5435,NCT,loyalty,39,25
5436,NCT,loyalty,41,21
5437,NCT,loyalty,42,13
5438,NCT,loyalty,43,13
5439,NCT,loyalty,44,10
5440,NCT,loyalty,45,9
5441,NCT,loyalty,46,13
5442,NCT,loyalty,47,7
5443,NCT,loyalty,48,9
5444,NCT,loyalty,49,12
5445,NCT,loyalty,50,21
5446,NCT,loyalty,51,18
5447,NCT,loyalty,52,19
5448,NCT,loyalty,53,25
5449,NCT,loyalty,54,31
5450,NCT,loyalty,55,28
5451,NCT,loyalty,56,24
5452,NCT,loyalty,57,26
5453,NCT,loyalty,58,12
5454,NCT,loyalty,59,12
5455,NCT,loyalty,60,25
5456,NCT,loyalty,61,23
5457,NCT,loyalty,62,17
5458,NCT,loyalty,63,36
5459,NCT,loyalty,64,18
5460,NCT,loyalty,65,26
5461,NCT,loyalty,66,19
5462,NCT,spillover,0,19
5463,NCT,spillover,1,17
5464,NCT,spillover,2,22
5465,NCT,spillover,3,12
5466,NCT,spillover,4,15
5467,NCT,spillover,5,16
5468,NCT,spillover,6,10
5469,NCT,spillover,7,13
5470,NCT,spillover,8,23
5471,NCT,spillover,9,10
5472,NCT,spillover,10,11
5473,NCT,spillover,11,19
5474,NCT,spillover,12,9
5475,NCT,spillover,13,8
5476,NCT,spillover,14,6
5477,NCT,spillover,15,9
5478,NCT,spillover,16,7
5479,NCT,spillover,17,12
5480,NCT,spillover,18,7
5481,NCT,spillover,19,24
5482,NCT,spillover,20,36
5483,NCT,spillover,21,31
5484,NCT,spillover,22,17
5485,NCT,spillover,23,19
5486,NCT,spillover,24,27
5487,NCT,spillover,25,14
5488,NCT,spillover,26,13
5489,NCT,spillover,27,27
5490,NCT,spillover,28,14
5491,NCT,spillover,29,16
5492,NCT,spillover,30,10
5493,NCT,spillover,31,13
5494,NCT,spillover,32,9
5495,NCT,spillover,33,6
5496,NCT,spillover,34,7
5497,NCT,spillover,35,10
5498,NCT,spillover,36,8
5499,NCT,spillover,37,17
5500,NCT,spillover,38,21
5501,NCT,spillover,39,25
5502,NCT,spillover,40,23
5503,NCT,spillover,41,6
5504,NCT,spillover,42,4
5505,NCT,spillover,43,8
5506,NCT,spillover,44,10
5507,NCT,spillover,45,6
5508,NCT,spillover,46,20
5509,NCT,spillover,47,9
5510,NCT,spillover,48,33
5511,NCT,spillover,49,39
5512,NCT,spillover,50,35
5513,NCT,spillover,51,29
5514,NCT,spillover,52,26
5515,NCT,spillover,53,31
5516,NCT,spillover,54,35
5517,NCT,spillover,55,45
5518,NCT,spillover,56,20
5519,NCT,spillover,57,14
5520,NCT,spillover,58,26
5521,NCT,spillover,59,18
5522,NCT,spillover,60,10
5523,NCT,spillover,61,15
5524,NCT,spillover,62,10
5525,NCT,spillover,63,10
5526,NCT,spillover,64,10
5527,NCT,spillover,65,10
5528,NCT,spillover,66,9
5529,NCT,spillover,67,8
5530,NCT,spillover,68,8
5531,NCT,spillover,69,8
5532,NCT,spillover,70,6
5533,NCT,spillover,71,7
5534,NCT,spillover,72,11
5535,NCT,spillover,73,8
5536,NCT,spillover,74,29
5537,NCT,spillover,75,21
5538,NCT,spillover,76,33
5539,NCT,spillover,77,31
5540,NCT,spillover,78,32
5541,NCT,spillover,79,23
5542,NCT,spillover,80,47
5543,NCT,spillover,81,20
5544,NCT,spillover,82,37
5545,NCT,spillover,83,24
5546,NCT,spillover,84,34
5547,NCT,spillover,85,26
5548,NCT,spillover,86,37
5549,NCT,spillover,87,49
5550,NCT,spillover,88,24
5551,NCT,spillover,89,16
5552,NCT,spillover,90,26
5553,NCT,spillover,91,20
5554,NCT,spillover,92,20
5555,NCT,spillover,93,30
5556,NCT,spillover,94,27
5557,NCT,spillover,95,15
5558,NCT,spillover,96,16
5559,동방신기,loyalty,0,19
5560,동방신기,loyalty,1,12
5561,동방신기,loyalty,2,22
5562,동방신기,loyalty,3,20
5563,동방신기,loyalty,4,21
5564,동방신기,loyalty,5,17
5565,동방신기,loyalty,6,7
5566,동방신기,loyalty,7,10
5567,동방신기,loyalty,8,19
5568,동방신기,loyalty,9,20
5569,동방신기,loyalty,10,12
5570,동방신기,loyalty,11,7
5571,동방신기,loyalty,12,15
5572,동방신기,loyalty,13,15
5573,동방신기,loyalty,14,16
5574,동방신기,loyalty,15,28
5575,동방신기,loyalty,16,25
5576,동방신기,loyalty,17,16
5577,동방신기,loyalty,20,27
5578,동방신기,loyalty,21,30
5579,동방신기,loyalty,22,35
5580,동방신기,loyalty,23,6
5581,동방신기,loyalty,24,12
5582,동방신기,loyalty,25,8
5583,동방신기,loyalty,26,15
5584,동방신기,loyalty,27,13
5585,동방신기,loyalty,28,11
5586,동방신기,loyalty,29,28
5587,동방신기,loyalty,30,38
5588,동방신기,spillover,0,23
5589,동방신기,spillover,1,22
5590,동방신기,spillover,2,15
5591,동방신기,spillover,3,16
5592,동방신기,spillover,4,14
5593,동방신기,spillover,5,17
5594,동방신기,spillover,6,13
5595,동방신기,spillover,7,20
5596,동방신기,spillover,8,14
5597,동방신기,spillover,9,9
5598,동방신기,spillover,10,11
5599,동방신기,spillover,11,8
5600,동방신기,spillover,12,18
5601,동방신기,spillover,13,16
5602,동방신기,spillover,14,12
5603,동방신기,spillover,15,25
5604,동방신기,spillover,16,23
5605,동방신기,spillover,17,25
5606,동방신기,spillover,18,11
5607,동방신기,spillover,19,10
5608,동방신기,spillover,20,17
5609,동방신기,spillover,21,14
5610,동방신기,spillover,22,18
5611,동방신기,spillover,23,10
5612,동방신기,spillover,26,8
5613,동방신기,spillover,27,8
5614,동방신기,spillover,28,9
5615,동방신기,spillover,29,10
5616,동방신기,spillover,30,29
5617,동방신기,spillover,31,12
5618,동방신기,spillover,32,7
5619,동방신기,spillover,33,20
5620,동방신기,spillover,34,15
5621,동방신기,spillover,35,29
5622,동방신기,spillover,36,20
5623,동방신기,spillover,37,26
5624,동방신기,spillover,38,16
5625,동방신기,spillover,39,23
5626,동방신기,spillover,40,17
5627,동방신기,spillover,41,14
5628,동방신기,spillover,42,23
5629,동방신기,spillover,43,10
5630,동방신기,spillover,44,23
5631,동방신기,spillover,45,15
5632,동방신기,spillover,46,14
5633,동방신기,spillover,47,29
5634,동방신기,spillover,48,33
5635,동방신기,spillover,49,21
5636,동방신기,spillover,50,26
5637,빅뱅,loyalty,0,22
5638,빅뱅,loyalty,1,15
5639,빅뱅,loyalty,2,14
5640,빅뱅,loyalty,3,12
5641,빅뱅,loyalty,4,8
5642,빅뱅,loyalty,5,7
5643,빅뱅,loyalty,6,13
5644,빅뱅,loyalty,7,12
5645,빅뱅,loyalty,8,21
5646,빅뱅,loyalty,9,15
5647,빅뱅,loyalty,10,16
5648,빅뱅,loyalty,11,12
5649,빅뱅,loyalty,12,25
5650,빅뱅,loyalty,13,33
5651,빅뱅,loyalty,14,23
5652,빅뱅,loyalty,15,17
5653,빅뱅,loyalty,16,10
5654,빅뱅,loyalty,17,16
5655,빅뱅,loyalty,18,32
5656,빅뱅,loyalty,19,16
5657,빅뱅,loyalty,20,14
5658,빅뱅,loyalty,21,10
5659,빅뱅,loyalty,22,15
5660,빅뱅,loyalty,23,10
5661,빅뱅,loyalty,24,9
5662,빅뱅,loyalty,25,12
5663,빅뱅,loyalty,26,16
5664,빅뱅,loyalty,27,13
5665,빅뱅,loyalty,28,9
5666,빅뱅,loyalty,29,32
5667,빅뱅,loyalty,30,26
5668,빅뱅,spillover,0,13
5669,빅뱅,spillover,1,34
5670,빅뱅,spillover,2,11
5671,빅뱅,spillover,3,7
5672,빅뱅,spillover,4,15
5673,빅뱅,spillover,5,12
5674,빅뱅,spillover,6,11
5675,빅뱅,spillover,7,8
5676,빅뱅,spillover,8,19
5677,빅뱅,spillover,9,16
5678,빅뱅,spillover,10,8
5679,빅뱅,spillover,11,10
5680,빅뱅,spillover,12,10
5681,빅뱅,spillover,13,12
5682,빅뱅,spillover,14,11
5683,빅뱅,spillover,15,8
5684,빅뱅,spillover,16,11
5685,빅뱅,spillover,17,17
5686,빅뱅,spillover,18,23
5687,빅뱅,spillover,19,26
5688,빅뱅,spillover,20,42
5689,빅뱅,spillover,21,23
5690,빅뱅,spillover,24,8
5691,빅뱅,spillover,25,29
5692,빅뱅,spillover,26,27
5693,빅뱅,spillover,27,31
5694,빅뱅,spillover,28,23
5695,빅뱅,spillover,29,31
5696,빅뱅,spillover,30,9
5697,빅뱅,spillover,31,9
5698,빅뱅,spillover,32,19
5699,빅뱅,spillover,33,23
5700,빅뱅,spillover,34,9
5701,빅뱅,spillover,35,18
5702,빅뱅,spillover,36,14
5703,빅뱅,spillover,37,19
5704,빅뱅,spillover,38,24
5705,빅뱅,spillover,39,14
5706,빅뱅,spillover,40,20
5707,빅뱅,spillover,41,20
5708,빅뱅,spillover,42,33
5709,빅뱅,spillover,43,15
5710,빅뱅,spillover,44,14
5711,빅뱅,spillover,45,11
5712,빅뱅,spillover,46,7
5713,빅뱅,spillover,47,17
5714,빅뱅,spillover,48,12
5715,빅뱅,spillover,49,15
5716,빅뱅,spillover,50,16
5717,빅뱅,spillover,51,13
5718,빅뱅,spillover,52,14
5719,빅뱅,spillover,53,10
5720,빅뱅,spillover,54,11
5721,빅뱅,spillover,55,7
5722,빅뱅,spillover,56,32
5723,빅뱅,spillover,57,27
5724,빅뱅,spillover,58,26
5725,빅뱅,spillover,59,23
5726,빅뱅,spillover,60,31
5727,빅뱅,spillover,61,26
5728,빅뱅,spillover,62,27
5729,빅뱅,spillover,63,21
5730,빅뱅,spillover,64,21
5731,빅뱅,spillover,65,16
5732,EXO,loyalty,0,15
5733,EXO,loyalty,1,15
5734,EXO,loyalty,2,19
5735,EXO,loyalty,3,10
5736,EXO,loyalty,4,11
5737,EXO,loyalty,5,13
5738,EXO,loyalty,6,12
5739,EXO,loyalty,7,22
5740,EXO,loyalty,8,8
5741,EXO,loyalty,9,13
5742,EXO,loyalty,10,16
5743,EXO,loyalty,11,15
5744,EXO,loyalty,12,21
5745,EXO,loyalty,13,27
5746,EXO,loyalty,14,25
5747,EXO,loyalty,15,29
5748,EXO,loyalty,16,18
5749,EXO,loyalty,17,14
5750,EXO,loyalty,18,9
5751,EXO,loyalty,19,5
5752,EXO,loyalty,20,9
5753,EXO,loyalty,21,9
5754,EXO,loyalty,22,15
5755,EXO,loyalty,23,9
5756,EXO,loyalty,27,20
5757,EXO,loyalty,28,31
5758,EXO,loyalty,29,29
5759,EXO,loyalty,30,11
5760,EXO,loyalty,31,16
5761,EXO,loyalty,32,6
5762,EXO,loyalty,33,9
5763,EXO,loyalty,34,11
5764,EXO,loyalty,35,15
5765,EXO,loyalty,36,20
5766,EXO,loyalty,37,16
5767,EXO,loyalty,38,10
5768,EXO,loyalty,39,8
5769,EXO,loyalty,40,36
5770,EXO,loyalty,41,23
5771,EXO,loyalty,42,16
5772,EXO,loyalty,43,21
5773,EXO,loyalty,44,19
5774,EXO,loyalty,45,20
5775,EXO,loyalty,46,24
5776,EXO,spillover,0,17
5777,EXO,spillover,1,18
5778,EXO,spillover,2,12
5779,EXO,spillover,3,9
5780,EXO,spillover,4,14
5781,EXO,spillover,5,18
5782,EXO,spillover,6,18
5783,EXO,spillover,7,15
5784,EXO,spillover,8,14
5785,EXO,spillover,9,13
5786,EXO,spillover,10,21
5787,EXO,spillover,11,7
5788,EXO,spillover,12,11
5789,EXO,spillover,13,30
5790,EXO,spillover,14,29
5791,EXO,spillover,15,21
5792,EXO,spillover,16,15
5793,EXO,spillover,17,23
5794,EXO,spillover,18,20
5795,EXO,spillover,19,8
5796,EXO,spillover,20,8
5797,EXO,spillover,21,9
5798,EXO,spillover,22,8
5799,EXO,spillover,23,15
5800,EXO,spillover,24,8
5801,EXO,spillover,25,10
5802,EXO,spillover,26,9
5803,EXO,spillover,27,10
5804,EXO,spillover,28,27
5805,EXO,spillover,29,8
5806,EXO,spillover,30,8
5807,EXO,spillover,31,10
5808,EXO,spillover,32,26
5809,EXO,spillover,33,14
5810,EXO,spillover,34,22
5811,EXO,spillover,35,23
5812,EXO,spillover,36,33
5813,EXO,spillover,37,39
5814,EXO,spillover,38,36
5815,EXO,spillover,39,46
5816,EXO,spillover,40,31
5817,EXO,spillover,41,37
5818,EXO,spillover,42,25
5819,EXO,spillover,43,31
5820,EXO,spillover,44,13
5821,EXO,spillover,45,12
5822,EXO,spillover,46,17
5823,EXO,spillover,47,16
5824,EXO,spillover,48,21
5825,EXO,spillover,49,25
5826,EXO,spillover,50,14
5827,EXO,spillover,51,15
5828,EXO,spillover,52,8
5829,EXO,spillover,53,7
5830,EXO,spillover,54,45
5831,EXO,spillover,55,45
5832,EXO,spillover,56,38
5833,EXO,spillover,57,26
5834,EXO,spillover,58,25
5835,EXO,spillover,59,38
5836,EXO,spillover,60,32
5837,EXO,spillover,61,29
5838,EXO,spillover,62,44
5839,EXO,spillover,63,35
5840,EXO,spillover,64,31
5841,EXO,spillover,65,31
5842,EXO,spillover,66,23
5843,EXO,spillover,67,21
5844,EXO,spillover,68,17
5845,EXO,spillover,69,18
5846,EXO,spillover,70,23
5847,EXO,spillover,71,28
5848,EXO,spillover,72,16
5849,EXO,spillover,73,21
5850,슈퍼주니어,loyalty,0,15
5851,슈퍼주니어,loyalty,1,9
5852,슈퍼주니어,loyalty,2,20
5853,슈퍼주니어,loyalty,3,12
5854,슈퍼주니어,loyalty,4,8
5855,슈퍼주니어,loyalty,5,12
5856,슈퍼주니어,loyalty,6,16
5857,슈퍼주니어,loyalty,7,14
5858,슈퍼주니어,loyalty,8,15
5859,슈퍼주니어,loyalty,9,20
5860,슈퍼주니어,loyalty,10,14
5861,슈퍼주니어,loyalty,11,12
5862,슈퍼주니어,loyalty,12,43
5863,슈퍼주니어,loyalty,13,41
5864,슈퍼주니어,loyalty,14,10
5865,슈퍼주니어,loyalty,15,45
5866,슈퍼주니어,loyalty,18,14
5867,슈퍼주니어,loyalty,19,26
5868,슈퍼주니어,loyalty,20,11
5869,슈퍼주니어,loyalty,21,7
5870,슈퍼주니어,loyalty,22,10
5871,슈퍼주니어,loyalty,23,7
5872,슈퍼주니어,loyalty,24,24
5873,슈퍼주니어,loyalty,25,10
5874,슈퍼주니어,loyalty,26,10
5875,슈퍼주니어,loyalty,27,25
5876,슈퍼주니어,loyalty,28,36
5877,슈퍼주니어,loyalty,29,35
5878,슈퍼주니어,loyalty,30,24
5879,슈퍼주니어,spillover,0,19
5880,슈퍼주니어,spillover,1,22
5881,슈퍼주니어,spillover,2,10
5882,슈퍼주니어,spillover,3,9
5883,슈퍼주니어,spillover,4,15
5884,슈퍼주니어,spillover,5,12
5885,슈퍼주니어,spillover,6,17
5886,슈퍼주니어,spillover,7,16
5887,슈퍼주니어,spillover,8,11
5888,슈퍼주니어,spillover,9,13
5889,슈퍼주니어,spillover,10,9
5890,슈퍼주니어,spillover,11,11
5891,슈퍼주니어,spillover,12,13
5892,슈퍼주니어,spillover,13,46
5893,슈퍼주니어,spillover,14,16
5894,슈퍼주니어,spillover,15,7
5895,슈퍼주니어,spillover,16,8
5896,슈퍼주니어,spillover,17,16
5897,슈퍼주니어,spillover,18,8
5898,슈퍼주니어,spillover,19,9
5899,슈퍼주니어,spillover,20,10
5900,슈퍼주니어,spillover,21,24
5901,슈퍼주니어,spillover,22,14
5902,슈퍼주니어,spillover,23,8
5903,슈퍼주니어,spillover,24,41
5904,슈퍼주니어,spillover,25,37
5905,슈퍼주니어,spillover,26,40
5906,슈퍼주니어,spillover,27,39
5907,슈퍼주니어,spillover,28,43
5908,슈퍼주니어,spillover,29,41
5909,슈퍼주니어,spillover,30,9
5910,슈퍼주니어,spillover,31,9
5911,슈퍼주니어,spillover,32,15
5912,슈퍼주니어,spillover,33,18
5913,슈퍼주니어,spillover,34,22
5914,슈퍼주니어,spillover,35,14
5915,슈퍼주니어,spillover,36,9
5916,슈퍼주니어,spillover,37,15
5917,슈퍼주니어,spillover,38,9
5918,슈퍼주니어,spillover,39,11
5919,슈퍼주니어,spillover,40,10
5920,슈퍼주니어,spillover,41,8
5921,슈퍼주니어,spillover,42,8
5922,슈퍼주니어,spillover,43,12
5923,슈퍼주니어,spillover,44,28
5924,슈퍼주니어,spillover,45,36
5925,슈퍼주니어,spillover,46,35
5926,슈퍼주니어,spillover,47,22
5927,슈퍼주니어,spillover,48,25
5928,슈퍼주니어,spillover,49,33
5929,슈퍼주니어,spillover,50,60
5930,슈퍼주니어,spillover,51,22
5931,슈퍼주니어,spillover,52,57
5932,슈퍼주니어,spillover,53,67
5933,슈퍼주니어,spillover,54,22
5934,슈퍼주니어,spillover,55,24
5935,슈퍼주니어,spillover,56,15
5936,슈퍼주니어,spillover,57,16
5937,샤이니,loyalty,0,18
5938,샤이니,loyalty,1,22
5939,샤이니,loyalty,2,13
5940,샤이니,loyalty,3,11
5941,샤이니,loyalty,4,12
5942,샤이니,loyalty,5,6
5943,샤이니,loyalty,6,16
5944,샤이니,loyalty,7,22
5945,샤이니,loyalty,8,34
5946,샤이니,loyalty,9,16
5947,샤이니,loyalty,10,36
5948,샤이니,loyalty,11,14
5949,샤이니,loyalty,12,27
5950,샤이니,loyalty,13,38
5951,샤이니,loyalty,14,12
5952,샤이니,loyalty,15,22
5953,샤이니,loyalty,16,10
5954,샤이니,loyalty,17,6
5955,샤이니,loyalty,18,8
5956,샤이니,loyalty,19,9
5957,샤이니,loyalty,20,10
5958,샤이니,loyalty,21,12
5959,샤이니,loyalty,22,13
5960,샤이니,loyalty,23,8
5961,샤이니,loyalty,24,14
5962,샤이니,loyalty,25,8
5963,샤이니,loyalty,26,12
5964,샤이니,loyalty,27,9
5965,샤이니,loyalty,28,11
5966,샤이니,loyalty,29,20
5967,샤이니,loyalty,30,13
5968,샤이니,loyalty,31,13
5969,샤이니,loyalty,32,18
5970,샤이니,loyalty,33,44
5971,샤이니,loyalty,34,22
5972,샤이니,loyalty,35,24
5973,샤이니,spillover,0,19
5974,샤이니,spillover,1,29
5975,샤이니,spillover,2,18
5976,샤이니,spillover,3,12
5977,샤이니,spillover,4,16
5978,샤이니,spillover,5,13
5979,샤이니,spillover,6,8
5980,샤이니,spillover,7,15
5981,샤이니,spillover,8,13
5982,샤이니,spillover,9,9
5983,샤이니,spillover,10,38
5984,샤이니,spillover,11,15
5985,샤이니,spillover,12,30
5986,샤이니,spillover,13,30
5987,샤이니,spillover,14,25
5988,샤이니,spillover,15,15
5989,샤이니,spillover,16,55
5990,샤이니,spillover,17,15
5991,샤이니,spillover,18,9
5992,샤이니,spillover,19,10
5993,샤이니,spillover,20,15
5994,샤이니,spillover,21,9
5995,샤이니,spillover,22,9
5996,샤이니,spillover,23,29
5997,샤이니,spillover,24,23
5998,샤이니,spillover,25,17
5999,샤이니,spillover,26,18
6000,샤이니,spillover,27,20
6001,샤이니,spillover,28,17
6002,샤이니,spillover,29,12
6003,샤이니,spillover,30,19
6004,샤이니,spillover,31,27
6005,샤이니,spillover,32,14
6006,샤이니,spillover,33,23
6007,샤이니,spillover,34,12
6008,샤이니,spillover,35,12
6009,샤이니,spillover,36,13
6010,샤이니,spillover,37,11
6011,샤이니,spillover,38,23
6012,샤이니,spillover,39,27
6013,샤이니,spillover,40,19
6014,ATEEZ,loyalty,0,13
6015,ATEEZ,loyalty,1,19
6016,ATEEZ,loyalty,2,21
6017,ATEEZ,loyalty,3,16
6018,ATEEZ,loyalty,4,12
6019,ATEEZ,loyalty,5,13
6020,ATEEZ,loyalty,6,8
6021,ATEEZ,loyalty,7,11
6022,ATEEZ,loyalty,8,11
6023,ATEEZ,loyalty,9,11
6024,ATEEZ,loyalty,10,26
6025,ATEEZ,loyalty,11,26
6026,ATEEZ,loyalty,12,34
6027,ATEEZ,loyalty,13,18
6028,ATEEZ,loyalty,14,25
6029,ATEEZ,loyalty,15,15
6030,ATEEZ,loyalty,16,13
6031,ATEEZ,loyalty,17,17
6032,ATEEZ,loyalty,18,21
6033,ATEEZ,loyalty,19,18
6034,ATEEZ,loyalty,20,17
6035,ATEEZ,loyalty,21,34
6036,ATEEZ,loyalty,22,46
6037,ATEEZ,loyalty,23,20
6038,ATEEZ,loyalty,24,37
6039,ATEEZ,loyalty,25,17
6040,ATEEZ,loyalty,26,15
6041,ATEEZ,loyalty,27,25
6042,ATEEZ,loyalty,30,13
6043,ATEEZ,loyalty,31,11
6044,ATEEZ,loyalty,32,12
6045,ATEEZ,loyalty,33,9
6046,ATEEZ,loyalty,34,25
6047,ATEEZ,loyalty,35,13
6048,ATEEZ,loyalty,36,19
6049,ATEEZ,loyalty,37,29
6050,ATEEZ,loyalty,38,17
6051,ATEEZ,loyalty,39,26
6052,ATEEZ,loyalty,40,20
6053,ATEEZ,loyalty,41,25
6054,ATEEZ,spillover,0,9
6055,ATEEZ,spillover,1,12
6056,ATEEZ,spillover,2,12
6057,ATEEZ,spillover,3,27
6058,ATEEZ,spillover,4,12
6059,ATEEZ,spillover,5,9
6060,ATEEZ,spillover,6,10
6061,ATEEZ,spillover,7,8
6062,ATEEZ,spillover,8,5
6063,ATEEZ,spillover,9,12
6064,ATEEZ,spillover,10,19
6065,ATEEZ,spillover,11,30
6066,ATEEZ,spillover,12,8
6067,ATEEZ,spillover,13,8
6068,ATEEZ,spillover,14,23
6069,ATEEZ,spillover,15,32
6070,ATEEZ,spillover,16,8
6071,ATEEZ,spillover,17,10
6072,ATEEZ,spillover,18,7
6073,ATEEZ,spillover,19,12
6074,ATEEZ,spillover,20,33
6075,ATEEZ,spillover,21,22
6076,ATEEZ,spillover,22,35
6077,ATEEZ,spillover,23,46
6078,ATEEZ,spillover,24,36
6079,ATEEZ,spillover,25,38
6080,ATEEZ,spillover,26,37
6081,ATEEZ,spillover,27,36
6082,ATEEZ,spillover,28,6
6083,ATEEZ,spillover,29,7
6084,ATEEZ,spillover,31,12
6085,ATEEZ,spillover,32,5
6086,ATEEZ,spillover,33,11
6087,ATEEZ,spillover,34,13
6088,ATEEZ,spillover,35,10
6089,ATEEZ,spillover,36,45
6090,ATEEZ,spillover,37,28
6091,ATEEZ,spillover,38,38
6092,ATEEZ,spillover,39,24
6093,ATEEZ,spillover,40,18
6094,ATEEZ,spillover,41,35
6095,ATEEZ,spillover,42,27
6096,ATEEZ,spillover,43,21
6097,ATEEZ,spillover,44,21
6098,ATEEZ,spillover,45,15
6099,ATEEZ,spillover,46,26
6100,ATEEZ,spillover,47,22
6101,ATEEZ,spillover,48,17
6102,ATEEZ,spillover,49,15
6103,ATEEZ,spillover,50,15
6104,ATEEZ,spillover,51,12
6105,ATEEZ,spillover,52,19
6106,ATEEZ,spillover,53,12
6107,ATEEZ,spillover,54,28
6108,ATEEZ,spillover,55,25
6109,ATEEZ,spillover,56,38
6110,ATEEZ,spillover,57,28
6111,ATEEZ,spillover,58,25
6112,ATEEZ,spillover,59,18
6113,ATEEZ,spillover,60,17
6114,ATEEZ,spillover,61,17
6115,ATEEZ,spillover,62,20
6116,ATEEZ,spillover,63,15
6117,ATEEZ,spillover,64,30
6118,ATEEZ,spillover,65,19
6119,ATEEZ,spillover,66,22
6120,ATEEZ,spillover,67,20
6121,ATEEZ,spillover,68,20
6122,ATEEZ,spillover,69,19
6123,ATEEZ,spillover,70,21
6124,DAY6,loyalty,0,11
6125,DAY6,loyalty,1,8
6126,DAY6,loyalty,2,19
6127,DAY6,loyalty,3,13
6128,DAY6,loyalty,4,11
6129,DAY6,loyalty,5,10
6130,DAY6,loyalty,6,16
6131,DAY6,loyalty,7,8
6132,DAY6,loyalty,8,9
6133,DAY6,loyalty,9,12
6134,DAY6,loyalty,10,12
6135,DAY6,loyalty,11,37
6136,DAY6,loyalty,12,30
6137,DAY6,loyalty,13,24
6138,DAY6,loyalty,14,21
6139,DAY6,loyalty,15,8
6140,DAY6,loyalty,16,23
6141,DAY6,loyalty,17,15
6142,DAY6,loyalty,18,10
6143,DAY6,loyalty,19,10
6144,DAY6,loyalty,20,9
6145,DAY6,loyalty,21,9
6146,DAY6,loyalty,22,10
6147,DAY6,loyalty,23,10
6148,DAY6,loyalty,24,11
6149,DAY6,loyalty,25,8
6150,DAY6,loyalty,26,8
6151,DAY6,loyalty,27,15
6152,DAY6,loyalty,28,9
6153,DAY6,loyalty,29,10
6154,DAY6,loyalty,30,8
6155,DAY6,loyalty,31,10
6156,DAY6,loyalty,32,10
6157,DAY6,loyalty,33,11
6158,DAY6,loyalty,34,10
6159,DAY6,loyalty,35,9
6160,DAY6,loyalty,36,5
6161,DAY6,loyalty,37,8
6162,DAY6,loyalty,38,9
6163,DAY6,loyalty,39,7
6164,DAY6,loyalty,40,6
6165,DAY6,loyalty,41,10
6166,DAY6,loyalty,42,11
6167,DAY6,loyalty,43,10
6168,DAY6,loyalty,44,17
6169,DAY6,loyalty,45,17
6170,DAY6,loyalty,46,17
6171,DAY6,loyalty,47,12
6172,DAY6,loyalty,48,9
6173,DAY6,loyalty,49,27
6174,DAY6,loyalty,50,21
6175,DAY6,loyalty,51,21
6176,DAY6,loyalty,52,21
6177,DAY6,loyalty,53,21
6178,DAY6,spillover,0,13
6179,DAY6,spillover,1,16
6180,DAY6,spillover,2,13
6181,DAY6,spillover,3,16
6182,DAY6,spillover,4,11
6183,DAY6,spillover,5,34
6184,DAY6,spillover,6,22
6185,DAY6,spillover,7,27
6186,DAY6,spillover,8,20
6187,DAY6,spillover,9,26
6188,DAY6,spillover,10,39
6189,DAY6,spillover,11,22
6190,DAY6,spillover,12,43
6191,DAY6,spillover,13,23
6192,DAY6,spillover,14,25
6193,DAY6,spillover,15,15
6194,DAY6,spillover,16,17
6195,DAY6,spillover,17,12
6196,DAY6,spillover,18,13
6197,DAY6,spillover,19,20
6198,DAY6,spillover,20,20
6199,DAY6,spillover,21,11
6200,DAY6,spillover,22,13
6201,DAY6,spillover,23,17
6202,DAY6,spillover,24,9
6203,DAY6,spillover,25,9
6204,DAY6,spillover,26,25
6205,DAY6,spillover,27,16
6206,DAY6,spillover,28,29
6207,DAY6,spillover,29,21
6208,DAY6,spillover,30,15
6209,DAY6,spillover,31,21
6210,DAY6,spillover,32,9
6211,DAY6,spillover,33,10
6212,DAY6,spillover,34,13
6213,DAY6,spillover,35,12
6214,DAY6,spillover,36,9
6215,DAY6,spillover,37,8
6216,DAY6,spillover,38,10
6217,DAY6,spillover,39,15
6218,DAY6,spillover,40,9
6219,DAY6,spillover,41,31
6220,DAY6,spillover,42,22
6221,DAY6,spillover,43,23
6222,DAY6,spillover,44,17
6223,DAY6,spillover,45,23
6224,DAY6,spillover,46,21
6225,IKON,loyalty,0,13
6226,IKON,loyalty,1,7
6227,IKON,loyalty,2,14
6228,IKON,loyalty,3,13
6229,IKON,loyalty,4,14
6230,IKON,loyalty,5,11
6231,IKON,loyalty,6,5
6232,IKON,loyalty,7,9
6233,IKON,loyalty,8,11
6234,IKON,loyalty,9,14
6235,IKON,loyalty,10,27
6236,IKON,loyalty,11,36
6237,IKON,loyalty,12,17
6238,IKON,loyalty,13,26
6239,IKON,loyalty,14,23
6240,IKON,loyalty,15,31
6241,IKON,loyalty,16,26
6242,IKON,loyalty,17,37
6243,IKON,loyalty,18,32
6244,IKON,loyalty,19,13
6245,IKON,loyalty,20,12
6246,IKON,loyalty,21,15
6247,IKON,loyalty,22,14
6248,IKON,loyalty,23,11
6249,IKON,loyalty,24,14
6250,IKON,loyalty,25,17
6251,IKON,loyalty,26,27
6252,IKON,loyalty,27,11
6253,IKON,loyalty,28,16
6254,IKON,loyalty,29,13
6255,IKON,loyalty,30,9
6256,IKON,loyalty,31,8
6257,IKON,loyalty,32,11
6258,IKON,loyalty,33,6
6259,IKON,loyalty,34,8
6260,IKON,loyalty,35,6
6261,IKON,loyalty,36,10
6262,IKON,loyalty,37,9
6263,IKON,loyalty,38,11
6264,IKON,loyalty,39,8
6265,IKON,loyalty,40,11
6266,IKON,loyalty,41,7
6267,IKON,loyalty,42,7
6268,IKON,loyalty,43,14
6269,IKON,loyalty,44,10
6270,IKON,loyalty,45,22
6271,IKON,loyalty,46,20
6272,IKON,loyalty,47,15
6273,IKON,loyalty,48,16
6274,IKON,loyalty,49,18
6275,IKON,loyalty,50,36
6276,IKON,loyalty,51,29
6277,IKON,loyalty,52,22
6278,IKON,loyalty,53,19
6279,IKON,spillover,0,18
6280,IKON,spillover,1,14
6281,IKON,spillover,2,14
6282,IKON,spillover,3,10
6283,IKON,spillover,4,16
6284,IKON,spillover,5,17
6285,IKON,spillover,6,19
6286,IKON,spillover,7,34
6287,IKON,spillover,8,37
6288,IKON,spillover,9,24
6289,IKON,spillover,10,42
6290,IKON,spillover,11,20
6291,IKON,spillover,12,13
6292,IKON,spillover,13,12
6293,IKON,spillover,14,23
6294,IKON,spillover,15,27
6295,IKON,spillover,16,11
6296,IKON,spillover,17,22
6297,IKON,spillover,18,9
6298,IKON,spillover,19,13
6299,IKON,spillover,20,23
6300,IKON,spillover,21,20
6301,IKON,spillover,22,6
6302,IKON,spillover,23,9
6303,IKON,spillover,24,6
6304,IKON,spillover,25,9
6305,IKON,spillover,26,19
6306,IKON,spillover,27,22
6307,IKON,spillover,28,10
6308,IKON,spillover,29,21
6309,IKON,spillover,30,16
6310,IKON,spillover,31,19
6311,IKON,spillover,32,15
6312,IKON,spillover,33,35
6313,IKON,spillover,34,21
6314,IKON,spillover,35,25
6315,IKON,spillover,36,11
6316,IKON,spillover,37,9
6317,IKON,spillover,38,30
6318,IKON,spillover,39,17
6319,IKON,spillover,40,18
6320,IKON,spillover,41,18
6321,CORTIS,loyalty,0,13
6322,CORTIS,loyalty,1,18
6323,CORTIS,loyalty,2,14
6324,CORTIS,loyalty,3,14
6325,CORTIS,loyalty,4,8
6326,CORTIS,loyalty,5,11
6327,CORTIS,loyalty,6,16
6328,CORTIS,loyalty,7,8
6329,CORTIS,loyalty,8,12
6330,CORTIS,loyalty,9,5
6331,CORTIS,loyalty,10,13
6332,CORTIS,loyalty,11,18
6333,CORTIS,loyalty,12,25
6334,CORTIS,loyalty,13,13
6335,CORTIS,loyalty,14,13
6336,CORTIS,loyalty,15,21
6337,CORTIS,loyalty,16,23
6338,CORTIS,loyalty,17,7
6339,CORTIS,loyalty,18,23
6340,CORTIS,loyalty,19,16
6341,CORTIS,loyalty,20,15
6342,CORTIS,loyalty,21,13
6343,CORTIS,loyalty,22,21
6344,CORTIS,loyalty,23,18
6345,CORTIS,loyalty,24,26
6346,CORTIS,loyalty,25,11
6347,CORTIS,loyalty,26,11
6348,CORTIS,loyalty,27,11
6349,CORTIS,loyalty,28,11
6350,CORTIS,loyalty,29,8
6351,CORTIS,loyalty,30,7
6352,CORTIS,loyalty,31,12
6353,CORTIS,loyalty,32,12
6354,CORTIS,loyalty,33,10
6355,CORTIS,loyalty,34,8
6356,CORTIS,loyalty,35,12
6357,CORTIS,loyalty,36,13
6358,CORTIS,loyalty,37,17
6359,CORTIS,loyalty,38,16
6360,CORTIS,loyalty,39,17
6361,CORTIS,loyalty,40,16
6362,CORTIS,loyalty,41,13
6363,CORTIS,loyalty,42,13
6364,CORTIS,loyalty,43,47
6365,CORTIS,loyalty,44,29
6366,CORTIS,loyalty,45,26
6367,CORTIS,loyalty,46,27
6368,CORTIS,loyalty,47,21
6369,CORTIS,loyalty,48,29
6370,CORTIS,loyalty,49,24
6371,CORTIS,spillover,0,10
6372,CORTIS,spillover,1,13
6373,CORTIS,spillover,2,15
6374,CORTIS,spillover,3,16
6375,CORTIS,spillover,4,27
6376,CORTIS,spillover,5,22
6377,CORTIS,spillover,6,18
6378,CORTIS,spillover,7,21
6379,CORTIS,spillover,8,12
6380,CORTIS,spillover,9,17
6381,CORTIS,spillover,10,26
6382,CORTIS,spillover,11,14
6383,CORTIS,spillover,12,16
6384,CORTIS,spillover,13,32
6385,CORTIS,spillover,14,15
6386,CORTIS,spillover,15,27
6387,CORTIS,spillover,16,24
6388,CORTIS,spillover,17,23
6389,CORTIS,spillover,18,16
6390,CORTIS,spillover,19,20
6391,CORTIS,spillover,20,32
6392,CORTIS,spillover,21,16
6393,CORTIS,spillover,22,18
6394,CORTIS,spillover,23,17
6395,CORTIS,spillover,24,9
6396,CORTIS,spillover,25,31
6397,CORTIS,spillover,26,19
6398,CORTIS,spillover,27,18
6399,CORTIS,spillover,28,10
6400,CORTIS,spillover,29,18
6401,CORTIS,spillover,30,11
6402,CORTIS,spillover,31,19
6403,CORTIS,spillover,32,23
6404,CORTIS,spillover,33,8
6405,CORTIS,spillover,34,13
6406,CORTIS,spillover,35,11
6407,CORTIS,spillover,36,11
6408,CORTIS,spillover,37,22
6409,CORTIS,spillover,38,8
6410,CORTIS,spillover,39,9
6411,CORTIS,spillover,40,9
6412,CORTIS,spillover,41,7
6413,CORTIS,spillover,42,9
6414,CORTIS,spillover,43,9
6415,CORTIS,spillover,44,8
6416,CORTIS,spillover,45,7
6417,CORTIS,spillover,46,16
6418,CORTIS,spillover,47,16
6419,CORTIS,spillover,48,10
6420,CORTIS,spillover,49,12
6421,CORTIS,spillover,50,8
6422,CORTIS,spillover,51,34
6423,CORTIS,spillover,52,29
6424,CORTIS,spillover,53,12
6425,CORTIS,spillover,54,21
6426,CORTIS,spillover,55,23
6427,CORTIS,spillover,56,21
6428,CORTIS,spillover,57,14
6429,CORTIS,spillover,58,20
6430,CORTIS,spillover,59,20
6431,CORTIS,spillover,60,23
6432,CORTIS,spillover,61,23
6433,CORTIS,spillover,62,20
6434,CORTIS,spillover,63,15
6435,CORTIS,spillover,64,13
6436,CORTIS,spillover,65,12
6437,CORTIS,spillover,66,12
6438,CORTIS,spillover,67,12
6439,CORTIS,spillover,68,10
6440,CORTIS,spillover,69,11
6441,CORTIS,spillover,70,11
6442,CORTIS,spillover,71,15
6443,CORTIS,spillover,72,18
6444,CORTIS,spillover,73,37
6445,CORTIS,spillover,74,44
6446,CORTIS,spillover,75,36
6447,CORTIS,spillover,76,38
6448,CORTIS,spillover,77,21
6449,CORTIS,spillover,78,21
6450,CORTIS,spillover,79,24
6451,CORTIS,spillover,80,25
6452,CORTIS,spillover,81,17
6453,CORTIS,spillover,82,24
6454,CORTIS,spillover,83,16
6455,CORTIS,spillover,84,16
6456,BTOB,loyalty,0,15
6457,BTOB,loyalty,1,16
6458,BTOB,loyalty,2,11
6459,BTOB,loyalty,3,17
6460,BTOB,loyalty,4,10
6461,BTOB,loyalty,5,14
6462,BTOB,loyalty,6,21
6463,BTOB,loyalty,7,19
6464,BTOB,loyalty,8,20
6465,BTOB,loyalty,9,10
6466,BTOB,loyalty,10,33
6467,BTOB,loyalty,11,30
6468,BTOB,loyalty,12,27
6469,BTOB,loyalty,13,12
6470,BTOB,loyalty,14,21
6471,BTOB,loyalty,15,15
6472,BTOB,loyalty,16,28
6473,BTOB,loyalty,17,16
6474,BTOB,loyalty,18,32
6475,BTOB,loyalty,19,14
6476,BTOB,loyalty,20,19
6477,BTOB,loyalty,21,37
6478,BTOB,loyalty,22,6
6479,BTOB,loyalty,23,8
6480,BTOB,loyalty,24,21
6481,BTOB,loyalty,25,14
6482,BTOB,loyalty,26,10
6483,BTOB,loyalty,27,7
6484,BTOB,loyalty,28,8
6485,BTOB,loyalty,29,10
6486,BTOB,loyalty,30,10
6487,BTOB,loyalty,31,9
6488,BTOB,loyalty,32,13
6489,BTOB,loyalty,33,7
6490,BTOB,loyalty,34,25
6491,BTOB,loyalty,35,19
6492,BTOB,loyalty,36,18
6493,BTOB,loyalty,37,13
6494,BTOB,loyalty,38,37
6495,BTOB,loyalty,39,23
6496,BTOB,loyalty,40,26
6497,BTOB,spillover,0,8
6498,BTOB,spillover,1,9
6499,BTOB,spillover,2,9
6500,BTOB,spillover,3,9
6501,BTOB,spillover,4,11
6502,BTOB,spillover,5,5
6503,BTOB,spillover,6,12
6504,BTOB,spillover,7,14
6505,BTOB,spillover,8,34
6506,BTOB,spillover,9,27
6507,BTOB,spillover,10,27
6508,BTOB,spillover,11,28
6509,BTOB,spillover,12,28
6510,BTOB,spillover,13,31
6511,BTOB,spillover,14,36
6512,BTOB,spillover,15,17
6513,BTOB,spillover,16,24
6514,BTOB,spillover,17,10
6515,BTOB,spillover,18,7
6516,BTOB,spillover,19,20
6517,BTOB,spillover,20,11
6518,BTOB,spillover,21,12
6519,BTOB,spillover,22,9
6520,BTOB,spillover,23,30
6521,BTOB,spillover,24,24
6522,BTOB,spillover,25,13
6523,BTOB,spillover,26,16
6524,BTOB,spillover,27,16
6525,BTOB,spillover,28,15
6526,BTOB,spillover,29,8
6527,BTOB,spillover,30,13
6528,BTOB,spillover,31,13
6529,BTOB,spillover,32,8
6530,BTOB,spillover,33,24
6531,BTOB,spillover,34,17
6532,BTOB,spillover,35,30
6533,BTOB,spillover,36,30
6534,BTOB,spillover,37,18
6535,BTOB,spillover,38,27
6536,BTOB,spillover,39,29
6537,BTOB,spillover,40,19
6538,FTISLAND,loyalty,0,5
6539,FTISLAND,loyalty,1,6
6540,FTISLAND,loyalty,2,6
6541,FTISLAND,loyalty,3,9
6542,FTISLAND,loyalty,4,8
6543,FTISLAND,loyalty,5,14
6544,FTISLAND,loyalty,6,19
6545,FTISLAND,loyalty,7,20
6546,FTISLAND,loyalty,8,17
6547,FTISLAND,loyalty,9,21
6548,FTISLAND,loyalty,10,41
6549,FTISLAND,loyalty,11,19
6550,FTISLAND,loyalty,12,15
6551,FTISLAND,loyalty,13,24
6552,FTISLAND,loyalty,14,21
6553,FTISLAND,loyalty,15,28
6554,FTISLAND,loyalty,16,7
6555,FTISLAND,loyalty,17,27
6556,FTISLAND,loyalty,19,11
6557,FTISLAND,loyalty,20,8
6558,FTISLAND,loyalty,21,16
6559,FTISLAND,loyalty,22,23
6560,FTISLAND,loyalty,23,29
6561,FTISLAND,loyalty,24,15
6562,FTISLAND,loyalty,25,12
6563,FTISLAND,loyalty,26,20
6564,FTISLAND,loyalty,27,15
6565,FTISLAND,loyalty,28,34
6566,FTISLAND,loyalty,29,20
6567,FTISLAND,loyalty,30,24
6568,FTISLAND,spillover,0,12
6569,FTISLAND,spillover,1,20
6570,FTISLAND,spillover,2,7
6571,FTISLAND,spillover,3,19
6572,FTISLAND,spillover,4,13
6573,FTISLAND,spillover,5,11
6574,FTISLAND,spillover,6,10
6575,FTISLAND,spillover,7,28
6576,FTISLAND,spillover,8,11
6577,FTISLAND,spillover,9,26
6578,FTISLAND,spillover,10,40
6579,FTISLAND,spillover,11,23
6580,FTISLAND,spillover,12,37
6581,FTISLAND,spillover,13,20
6582,FTISLAND,spillover,14,20
6583,FTISLAND,spillover,15,11
6584,FTISLAND,spillover,16,4
6585,FTISLAND,spillover,18,20
6586,FTISLAND,spillover,19,18
6587,FTISLAND,spillover,20,17
6588,FTISLAND,spillover,21,8
6589,FTISLAND,spillover,22,8
6590,FTISLAND,spillover,23,10
6591,FTISLAND,spillover,24,11
6592,FTISLAND,spillover,25,19
6593,FTISLAND,spillover,26,9
6594,FTISLAND,spillover,27,21
6595,FTISLAND,spillover,28,19
6596,FTISLAND,spillover,29,17
6597,FTISLAND,spillover,30,14
6598,FTISLAND,spillover,31,12
6599,FTISLAND,spillover,32,20
6600,FTISLAND,spillover,33,26
6601,FTISLAND,spillover,34,13
6602,FTISLAND,spillover,35,15
6603,FTISLAND,spillover,36,34
6604,FTISLAND,spillover,37,19
6605,FTISLAND,spillover,38,33
6606,FTISLAND,spillover,39,32
6607,FTISLAND,spillover,40,23
6608,FTISLAND,spillover,41,16
6609,NewJeans,loyalty,0,11
6610,NewJeans,loyalty,1,18
6611,NewJeans,loyalty,2,7
6612,NewJeans,loyalty,3,12
6613,NewJeans,loyalty,4,14
6614,NewJeans,loyalty,5,12
6615,NewJeans,loyalty,6,16
6616,NewJeans,loyalty,7,6
6617,NewJeans,loyalty,8,13
6618,NewJeans,loyalty,9,12
6619,NewJeans,loyalty,10,27
6620,NewJeans,loyalty,11,18
6621,NewJeans,loyalty,12,14
6622,NewJeans,loyalty,13,11
6623,NewJeans,loyalty,14,9
6624,NewJeans,loyalty,15,6
6625,NewJeans,loyalty,16,25
6626,NewJeans,loyalty,17,35
6627,NewJeans,loyalty,18,23
6628,NewJeans,loyalty,19,29
6629,NewJeans,loyalty,20,26
6630,NewJeans,loyalty,21,18
6631,NewJeans,loyalty,22,18
6632,NewJeans,loyalty,23,15
6633,NewJeans,loyalty,24,13
6634,NewJeans,loyalty,25,31
6635,NewJeans,loyalty,26,19
6636,NewJeans,loyalty,27,32
6637,NewJeans,loyalty,28,14
6638,NewJeans,loyalty,29,13
6639,NewJeans,loyalty,30,13
6640,NewJeans,loyalty,31,14
6641,NewJeans,loyalty,32,19
6642,NewJeans,loyalty,33,13
6643,NewJeans,loyalty,34,9
6644,NewJeans,loyalty,35,6
6645,NewJeans,loyalty,36,23
6646,NewJeans,loyalty,37,11
6647,NewJeans,loyalty,38,16
6648,NewJeans,loyalty,39,24
6649,NewJeans,loyalty,40,19
6650,NewJeans,loyalty,41,16
6651,NewJeans,loyalty,42,16
6652,NewJeans,loyalty,43,18
6653,NewJeans,spillover,0,14
6654,NewJeans,spillover,1,14
6655,NewJeans,spillover,2,8
6656,NewJeans,spillover,3,12
6657,NewJeans,spillover,4,10
6658,NewJeans,spillover,5,13
6659,NewJeans,spillover,6,10
6660,NewJeans,spillover,7,8
6661,NewJeans,spillover,8,12
6662,NewJeans,spillover,9,21
6663,NewJeans,spillover,10,21
6664,NewJeans,spillover,11,10
6665,NewJeans,spillover,12,24
6666,NewJeans,spillover,13,34
6667,NewJeans,spillover,14,9
6668,NewJeans,spillover,15,28
6669,NewJeans,spillover,16,24
6670,NewJeans,spillover,17,34
6671,NewJeans,spillover,18,17
6672,NewJeans,spillover,19,21
6673,NewJeans,spillover,20,26
6674,NewJeans,spillover,21,12
6675,NewJeans,spillover,22,21
6676,NewJeans,spillover,23,15
6677,NewJeans,spillover,24,14
6678,NewJeans,spillover,25,16
6679,NewJeans,spillover,26,11
6680,NewJeans,spillover,27,13
6681,NewJeans,spillover,28,9
6682,NewJeans,spillover,29,11
6683,NewJeans,spillover,30,11
6684,NewJeans,spillover,31,15
6685,NewJeans,spillover,32,28
6686,NewJeans,spillover,33,29
6687,NewJeans,spillover,34,38
6688,NewJeans,spillover,35,40
6689,NewJeans,spillover,36,24
6690,NewJeans,spillover,37,31
6691,NewJeans,spillover,38,20
6692,NewJeans,spillover,39,14
6693,NewJeans,spillover,40,9
6694,NewJeans,spillover,41,17
6695,NewJeans,spillover,42,9
6696,NewJeans,spillover,43,11
6697,NewJeans,spillover,44,14
6698,NewJeans,spillover,45,17
6699,NewJeans,spillover,46,8
6700,NewJeans,spillover,47,12
6701,NewJeans,spillover,48,12
6702,NewJeans,spillover,49,11
6703,NewJeans,spillover,50,11
6704,NewJeans,spillover,51,21
6705,NewJeans,spillover,52,10
6706,NewJeans,spillover,53,17
6707,NewJeans,spillover,54,12
6708,NewJeans,spillover,55,32
6709,NewJeans,spillover,56,22
6710,NewJeans,spillover,59,24
6711,NewJeans,spillover,60,19
6712,NewJeans,spillover,61,40
6713,NewJeans,spillover,62,11
6714,NewJeans,spillover,63,21
6715,NewJeans,spillover,64,26
6716,NewJeans,spillover,65,30
6717,NewJeans,spillover,66,39
6718,NewJeans,spillover,67,6
6719,NewJeans,spillover,68,13
6720,NewJeans,spillover,69,16
6721,NewJeans,spillover,70,21
6722,NewJeans,spillover,71,17
6723,NewJeans,spillover,72,17
6724,NewJeans,spillover,73,25
6725,NewJeans,spillover,74,20
6726,NewJeans,spillover,75,23
6727,NewJeans,spillover,76,21
6728,NewJeans,spillover,77,11
6729,NewJeans,spillover,78,10
6730,NewJeans,spillover,79,11
6731,NewJeans,spillover,80,6
6732,NewJeans,spillover,81,6
6733,NewJeans,spillover,82,6
6734,NewJeans,spillover,83,8
6735,NewJeans,spillover,84,10
6736,NewJeans,spillover,85,10
6737,NewJeans,spillover,86,9
6738,NewJeans,spillover,87,8
6739,NewJeans,spillover,88,17
6740,NewJeans,spillover,89,9
6741,NewJeans,spillover,90,20
6742,NewJeans,spillover,91,35
6743,NewJeans,spillover,92,35
6744,NewJeans,spillover,93,22
6745,NewJeans,spillover,94,29
6746,NewJeans,spillover,95,25
6747,NewJeans,spillover,96,29
6748,NewJeans,spillover,97,29
6749,NewJeans,spillover,98,24
6750,NewJeans,spillover,99,18
6751,NewJeans,spillover,100,18
6752,NewJeans,spillover,101,18
6753,NewJeans,spillover,102,20
6754,NewJeans,spillover,103,13
6755,NewJeans,spillover,104,14
6756,NewJeans,spillover,105,18
6757,NewJeans,spillover,106,12
6758,NewJeans,spillover,107,24
6759,NewJeans,spillover,108,24
6760,NewJeans,spillover,109,18
6761,BLACKPINK,loyalty,0,7
6762,BLACKPINK,loyalty,1,15
6763,BLACKPINK,loyalty,2,10
6764,BLACKPINK,loyalty,3,12
6765,BLACKPINK,loyalty,4,12
6766,BLACKPINK,loyalty,5,8
6767,BLACKPINK,loyalty,6,8
6768,BLACKPINK,loyalty,7,14
6769,BLACKPINK,loyalty,8,15
6770,BLACKPINK,loyalty,9,8
6771,BLACKPINK,loyalty,10,8
6772,BLACKPINK,loyalty,11,14
6773,BLACKPINK,loyalty,12,21
6774,BLACKPINK,loyalty,13,12
6775,BLACKPINK,loyalty,14,26
6776,BLACKPINK,loyalty,15,28
6777,BLACKPINK,loyalty,16,23
6778,BLACKPINK,loyalty,17,30
6779,BLACKPINK,loyalty,18,18
6780,BLACKPINK,loyalty,19,12
6781,BLACKPINK,loyalty,20,14
6782,BLACKPINK,loyalty,21,19
6783,BLACKPINK,loyalty,22,40
6784,BLACKPINK,loyalty,23,32
6785,BLACKPINK,loyalty,24,40
6786,BLACKPINK,loyalty,25,36
6787,BLACKPINK,loyalty,26,36
6788,BLACKPINK,loyalty,27,20
6789,BLACKPINK,loyalty,28,19
6790,BLACKPINK,loyalty,29,29
6791,BLACKPINK,loyalty,30,14
6792,BLACKPINK,loyalty,31,8
6793,BLACKPINK,loyalty,32,12
6794,BLACKPINK,loyalty,35,15
6795,BLACKPINK,loyalty,37,4
6796,BLACKPINK,loyalty,39,5
6797,BLACKPINK,loyalty,40,13
6798,BLACKPINK,loyalty,41,13
6799,BLACKPINK,loyalty,42,16
6800,BLACKPINK,loyalty,43,25
6801,BLACKPINK,loyalty,44,31
6802,BLACKPINK,loyalty,45,20
6803,BLACKPINK,loyalty,46,8
6804,BLACKPINK,loyalty,47,10
6805,BLACKPINK,loyalty,48,11
6806,BLACKPINK,loyalty,49,16
6807,BLACKPINK,loyalty,50,9
6808,BLACKPINK,loyalty,51,21
6809,BLACKPINK,loyalty,52,22
6810,BLACKPINK,loyalty,53,17
6811,BLACKPINK,loyalty,54,12
6812,BLACKPINK,loyalty,55,31
6813,BLACKPINK,loyalty,56,20
6814,BLACKPINK,loyalty,57,17
6815,BLACKPINK,loyalty,58,12
6816,BLACKPINK,loyalty,59,15
6817,BLACKPINK,spillover,0,21
6818,BLACKPINK,spillover,1,16
6819,BLACKPINK,spillover,2,16
6820,BLACKPINK,spillover,3,17
6821,BLACKPINK,spillover,4,12
6822,BLACKPINK,spillover,5,19
6823,BLACKPINK,spillover,6,16
6824,BLACKPINK,spillover,7,17
6825,BLACKPINK,spillover,8,26
6826,BLACKPINK,spillover,9,27
6827,BLACKPINK,spillover,10,20
6828,BLACKPINK,spillover,11,21
6829,BLACKPINK,spillover,12,33
6830,BLACKPINK,spillover,13,18
6831,BLACKPINK,spillover,14,34
6832,BLACKPINK,spillover,15,28
6833,BLACKPINK,spillover,16,24
6834,BLACKPINK,spillover,17,22
6835,BLACKPINK,spillover,18,18
6836,BLACKPINK,spillover,19,26
6837,BLACKPINK,spillover,20,22
6838,BLACKPINK,spillover,21,24
6839,BLACKPINK,spillover,22,19
6840,BLACKPINK,spillover,23,23
6841,BLACKPINK,spillover,24,20
6842,BLACKPINK,spillover,25,7
6843,BLACKPINK,spillover,26,16
6844,BLACKPINK,spillover,27,11
6845,BLACKPINK,spillover,28,10
6846,BLACKPINK,spillover,29,14
6847,BLACKPINK,spillover,30,20
6848,BLACKPINK,spillover,31,12
6849,BLACKPINK,spillover,32,17
6850,BLACKPINK,spillover,33,17
6851,BLACKPINK,spillover,34,13
6852,BLACKPINK,spillover,35,12
6853,BLACKPINK,spillover,36,6
6854,BLACKPINK,spillover,37,11
6855,BLACKPINK,spillover,38,10
6856,BLACKPINK,spillover,39,9
6857,BLACKPINK,spillover,40,10
6858,BLACKPINK,spillover,41,6
6859,BLACKPINK,spillover,42,10
6860,BLACKPINK,spillover,43,9
6861,BLACKPINK,spillover,44,24
6862,BLACKPINK,spillover,45,16
6863,BLACKPINK,spillover,46,46
6864,BLACKPINK,spillover,47,35
6865,BLACKPINK,spillover,48,29
6866,BLACKPINK,spillover,49,31
6867,BLACKPINK,spillover,50,36
6868,BLACKPINK,spillover,51,29
6869,BLACKPINK,spillover,52,31
6870,BLACKPINK,spillover,53,30
6871,BLACKPINK,spillover,54,17
6872,BLACKPINK,spillover,55,22
6873,BLACKPINK,spillover,56,27
6874,BLACKPINK,spillover,57,12
6875,BLACKPINK,spillover,58,9
6876,BLACKPINK,spillover,59,9
6877,BLACKPINK,spillover,60,14
6878,BLACKPINK,spillover,61,18
6879,BLACKPINK,spillover,64,21
6880,BLACKPINK,spillover,65,10
6881,BLACKPINK,spillover,66,11
6882,BLACKPINK,spillover,67,4
6883,BLACKPINK,spillover,69,20
6884,BLACKPINK,spillover,70,9
6885,BLACKPINK,spillover,71,49
6886,BLACKPINK,spillover,72,19
6887,BLACKPINK,spillover,73,25
6888,BLACKPINK,spillover,74,26
6889,BLACKPINK,spillover,75,32
6890,BLACKPINK,spillover,76,18
6891,BLACKPINK,spillover,77,12
6892,BLACKPINK,spillover,78,9
6893,BLACKPINK,spillover,79,15
6894,BLACKPINK,spillover,80,15
6895,BLACKPINK,spillover,81,22
6896,BLACKPINK,spillover,82,26
6897,BLACKPINK,spillover,83,25
6898,BLACKPINK,spillover,84,21
6899,BLACKPINK,spillover,85,28
6900,BLACKPINK,spillover,86,22
6901,BLACKPINK,spillover,87,16
6902,BLACKPINK,spillover,88,15
6903,BLACKPINK,spillover,89,21
6904,BLACKPINK,spillover,90,7
6905,BLACKPINK,spillover,91,6
6906,BLACKPINK,spillover,92,6
6907,BLACKPINK,spillover,93,6
6908,BLACKPINK,spillover,94,9
6909,BLACKPINK,spillover,95,19
6910,BLACKPINK,spillover,96,8
6911,BLACKPINK,spillover,97,11
6912,BLACKPINK,spillover,98,9
6913,BLACKPINK,spillover,99,13
6914,BLACKPINK,spillover,100,12
6915,BLACKPINK,spillover,101,10
6916,BLACKPINK,spillover,102,11
6917,BLACKPINK,spillover,103,8
6918,BLACKPINK,spillover,104,23
6919,BLACKPINK,spillover,105,47
6920,BLACKPINK,spillover,106,34
6921,BLACKPINK,spillover,107,31
6922,BLACKPINK,spillover,108,27
6923,BLACKPINK,spillover,109,26
6924,BLACKPINK,spillover,110,15
6925,BLACKPINK,spillover,111,19
6926,BLACKPINK,spillover,112,28
6927,BLACKPINK,spillover,113,37
6928,BLACKPINK,spillover,114,39
6929,BLACKPINK,spillover,115,26
6930,BLACKPINK,spillover,116,22
6931,BLACKPINK,spillover,117,16
6932,BLACKPINK,spillover,118,26
6933,BLACKPINK,spillover,119,24
6934,BLACKPINK,spillover,120,14
6935,BLACKPINK,spillover,121,10
6936,BLACKPINK,spillover,122,13
6937,BLACKPINK,spillover,123,19
6938,BLACKPINK,spillover,124,12
6939,BLACKPINK,spillover,125,23
6940,BLACKPINK,spillover,126,23
6941,BLACKPINK,spillover,127,19
6942,BLACKPINK,spillover,128,17
6943,BLACKPINK,spillover,129,16
6944,BLACKPINK,spillover,130,27
6945,BLACKPINK,spillover,131,30
6946,BLACKPINK,spillover,132,24
6947,BLACKPINK,spillover,133,21
6948,BLACKPINK,spillover,134,15
6949,IVE,loyalty,0,12
6950,IVE,loyalty,1,6
6951,IVE,loyalty,2,19
6952,IVE,loyalty,3,15
6953,IVE,loyalty,4,10
6954,IVE,loyalty,5,10
6955,IVE,loyalty,6,4
6956,IVE,loyalty,7,9
6957,IVE,loyalty,8,9
6958,IVE,loyalty,9,12
6959,IVE,loyalty,10,19
6960,IVE,loyalty,11,30
6961,IVE,loyalty,12,18
6962,IVE,loyalty,13,12
6963,IVE,loyalty,14,31
6964,IVE,loyalty,15,15
6965,IVE,loyalty,16,36
6966,IVE,loyalty,17,26
6967,IVE,loyalty,18,45
6968,IVE,loyalty,20,20
6969,IVE,loyalty,21,15
6970,IVE,loyalty,22,10
6971,IVE,loyalty,23,11
6972,IVE,loyalty,24,8
6973,IVE,loyalty,25,7
6974,IVE,loyalty,26,17
6975,IVE,loyalty,27,15
6976,IVE,loyalty,28,16
6977,IVE,loyalty,29,13
6978,IVE,loyalty,30,42
6979,IVE,loyalty,31,23
6980,IVE,loyalty,32,16
6981,IVE,loyalty,33,14
6982,IVE,loyalty,34,31
6983,IVE,loyalty,35,19
6984,IVE,loyalty,36,14
6985,IVE,loyalty,37,22
6986,IVE,spillover,0,9
6987,IVE,spillover,1,10
6988,IVE,spillover,2,10
6989,IVE,spillover,3,12
6990,IVE,spillover,4,14
6991,IVE,spillover,5,11
6992,IVE,spillover,6,20
6993,IVE,spillover,7,9
6994,IVE,spillover,8,39
6995,IVE,spillover,9,17
6996,IVE,spillover,10,39
6997,IVE,spillover,11,11
6998,IVE,spillover,12,24
6999,IVE,spillover,13,14
7000,IVE,spillover,14,20
7001,IVE,spillover,15,14
7002,IVE,spillover,16,11
7003,IVE,spillover,17,12
7004,IVE,spillover,18,20
7005,IVE,spillover,19,17
7006,IVE,spillover,20,30
7007,IVE,spillover,21,20
7008,IVE,spillover,22,28
7009,IVE,spillover,23,18
7010,IVE,spillover,24,10
7011,IVE,spillover,25,25
7012,IVE,spillover,26,7
7013,IVE,spillover,28,19
7014,IVE,spillover,29,18
7015,IVE,spillover,30,10
7016,IVE,spillover,31,31
7017,IVE,spillover,32,31
7018,IVE,spillover,33,23
7019,IVE,spillover,34,12
7020,IVE,spillover,35,13
7021,IVE,spillover,36,18
7022,IVE,spillover,37,19
7023,IVE,spillover,38,24
7024,IVE,spillover,39,11
7025,IVE,spillover,40,37
7026,IVE,spillover,41,21
7027,IVE,spillover,42,8
7028,IVE,spillover,43,6
7029,IVE,spillover,44,37
7030,IVE,spillover,45,39
7031,IVE,spillover,46,37
7032,IVE,spillover,47,28
7033,IVE,spillover,48,35
7034,IVE,spillover,49,30
7035,IVE,spillover,50,32
7036,IVE,spillover,51,19
7037,IVE,spillover,52,14
7038,IVE,spillover,53,14
7039,IVE,spillover,54,21
7040,IVE,spillover,55,34
7041,IVE,spillover,56,26
7042,IVE,spillover,57,19
7043,IVE,spillover,58,17
7044,IVE,spillover,59,17
7045,IVE,spillover,60,17
7046,IVE,spillover,61,12
7047,리센느(RESCENE),loyalty,0,20
7048,리센느(RESCENE),loyalty,1,22
7049,리센느(RESCENE),loyalty,2,15
7050,리센느(RESCENE),loyalty,3,19
7051,리센느(RESCENE),loyalty,4,16
7052,리센느(RESCENE),loyalty,5,21
7053,리센느(RESCENE),loyalty,6,18
7054,리센느(RESCENE),loyalty,7,13
7055,리센느(RESCENE),loyalty,8,21
7056,리센느(RESCENE),loyalty,9,21
7057,리센느(RESCENE),loyalty,10,31
7058,리센느(RESCENE),loyalty,11,22
7059,리센느(RESCENE),loyalty,12,12
7060,리센느(RESCENE),loyalty,13,17
7061,리센느(RESCENE),loyalty,14,12
7062,리센느(RESCENE),loyalty,15,19
7063,리센느(RESCENE),loyalty,16,17
7064,리센느(RESCENE),loyalty,17,45
7065,리센느(RESCENE),loyalty,18,22
7066,리센느(RESCENE),loyalty,19,23
7067,리센느(RESCENE),loyalty,20,20
7068,리센느(RESCENE),loyalty,21,14
7069,리센느(RESCENE),loyalty,22,11
7070,리센느(RESCENE),loyalty,23,10
7071,리센느(RESCENE),loyalty,24,19
7072,리센느(RESCENE),loyalty,25,18
7073,리센느(RESCENE),loyalty,26,20
7074,리센느(RESCENE),loyalty,27,21
7075,리센느(RESCENE),loyalty,28,19
7076,리센느(RESCENE),loyalty,29,32
7077,리센느(RESCENE),loyalty,30,30
7078,리센느(RESCENE),spillover,0,10
7079,리센느(RESCENE),spillover,1,20
7080,리센느(RESCENE),spillover,2,10
7081,리센느(RESCENE),spillover,3,5
7082,리센느(RESCENE),spillover,4,20
7083,리센느(RESCENE),spillover,5,20
7084,리센느(RESCENE),spillover,6,25
7085,리센느(RESCENE),spillover,7,18
7086,리센느(RESCENE),spillover,8,8
7087,리센느(RESCENE),spillover,9,18
7088,리센느(RESCENE),spillover,10,24
7089,리센느(RESCENE),spillover,11,41
7090,리센느(RESCENE),spillover,12,11
7091,리센느(RESCENE),spillover,13,11
7092,리센느(RESCENE),spillover,14,14
7093,리센느(RESCENE),spillover,15,30
7094,리센느(RESCENE),spillover,16,28
7095,리센느(RESCENE),spillover,17,33
7096,리센느(RESCENE),spillover,18,23
7097,리센느(RESCENE),spillover,19,19
7098,리센느(RESCENE),spillover,20,10
7099,리센느(RESCENE),spillover,21,5
7100,리센느(RESCENE),spillover,22,11
7101,리센느(RESCENE),spillover,23,9
7102,리센느(RESCENE),spillover,24,22
7103,리센느(RESCENE),spillover,25,26
7104,리센느(RESCENE),spillover,26,17
7105,리센느(RESCENE),spillover,27,18
7106,리센느(RESCENE),spillover,28,11
7107,리센느(RESCENE),spillover,29,28
7108,리센느(RESCENE),spillover,30,26
7109,리센느(RESCENE),spillover,31,15
7110,리센느(RESCENE),spillover,32,36
7111,리센느(RESCENE),spillover,33,21
7112,리센느(RESCENE),spillover,34,13
7113,리센느(RESCENE),spillover,35,18
7114,리센느(RESCENE),spillover,36,6
7115,리센느(RESCENE),spillover,37,6
7116,리센느(RESCENE),spillover,38,6
7117,리센느(RESCENE),spillover,39,6
7118,리센느(RESCENE),spillover,40,15
7119,리센느(RESCENE),spillover,41,10
7120,리센느(RESCENE),spillover,42,8
7121,리센느(RESCENE),spillover,43,8
7122,리센느(RESCENE),spillover,44,27
7123,리센느(RESCENE),spillover,45,26
7124,리센느(RESCENE),spillover,46,24
7125,리센느(RESCENE),spillover,47,22
7126,리센느(RESCENE),spillover,48,18
7127,리센느(RESCENE),spillover,49,10
7128,리센느(RESCENE),spillover,50,43
7129,리센느(RESCENE),spillover,51,24
7130,리센느(RESCENE),spillover,52,24
7131,리센느(RESCENE),spillover,53,21
7132,(여자)아이들,loyalty,0,9
7133,(여자)아이들,loyalty,1,11
7134,(여자)아이들,loyalty,2,15
7135,(여자)아이들,loyalty,3,11
7136,(여자)아이들,loyalty,4,12
7137,(여자)아이들,loyalty,5,12
7138,(여자)아이들,loyalty,6,13
7139,(여자)아이들,loyalty,7,12
7140,(여자)아이들,loyalty,8,7
7141,(여자)아이들,loyalty,9,15
7142,(여자)아이들,loyalty,10,8
7143,(여자)아이들,loyalty,11,11
7144,(여자)아이들,loyalty,12,17
7145,(여자)아이들,loyalty,13,28
7146,(여자)아이들,loyalty,14,18
7147,(여자)아이들,loyalty,15,26
7148,(여자)아이들,loyalty,16,24
7149,(여자)아이들,loyalty,17,24
7150,(여자)아이들,loyalty,18,26
7151,(여자)아이들,loyalty,19,10
7152,(여자)아이들,loyalty,20,8
7153,(여자)아이들,loyalty,21,12
7154,(여자)아이들,loyalty,22,7
7155,(여자)아이들,loyalty,23,9
7156,(여자)아이들,loyalty,25,37
7157,(여자)아이들,loyalty,26,10
7158,(여자)아이들,loyalty,27,15
7159,(여자)아이들,loyalty,28,10
7160,(여자)아이들,loyalty,29,14
7161,(여자)아이들,loyalty,30,22
7162,(여자)아이들,loyalty,31,14
7163,(여자)아이들,loyalty,32,12
7164,(여자)아이들,loyalty,33,13
7165,(여자)아이들,loyalty,34,30
7166,(여자)아이들,loyalty,35,20
7167,(여자)아이들,loyalty,36,23
7168,(여자)아이들,loyalty,37,18
7169,(여자)아이들,loyalty,38,23
7170,(여자)아이들,loyalty,39,22
7171,(여자)아이들,loyalty,40,16
7172,(여자)아이들,loyalty,41,25
7173,(여자)아이들,loyalty,42,22
7174,(여자)아이들,spillover,0,10
7175,(여자)아이들,spillover,1,10
7176,(여자)아이들,spillover,2,10
7177,(여자)아이들,spillover,3,12
7178,(여자)아이들,spillover,4,11
7179,(여자)아이들,spillover,5,15
7180,(여자)아이들,spillover,6,8
7181,(여자)아이들,spillover,7,9
7182,(여자)아이들,spillover,8,9
7183,(여자)아이들,spillover,9,7
7184,(여자)아이들,spillover,10,28
7185,(여자)아이들,spillover,11,25
7186,(여자)아이들,spillover,12,27
7187,(여자)아이들,spillover,13,20
7188,(여자)아이들,spillover,14,19
7189,(여자)아이들,spillover,15,23
7190,(여자)아이들,spillover,16,19
7191,(여자)아이들,spillover,17,15
7192,(여자)아이들,spillover,18,21
7193,(여자)아이들,spillover,19,26
7194,(여자)아이들,spillover,20,20
7195,(여자)아이들,spillover,21,42
7196,(여자)아이들,spillover,22,27
7197,(여자)아이들,spillover,23,23
7198,(여자)아이들,spillover,24,20
7199,(여자)아이들,spillover,25,35
7200,(여자)아이들,spillover,26,40
7201,(여자)아이들,spillover,27,8
7202,(여자)아이들,spillover,28,10
7203,(여자)아이들,spillover,29,6
7204,(여자)아이들,spillover,30,11
7205,(여자)아이들,spillover,31,12
7206,(여자)아이들,spillover,32,8
7207,(여자)아이들,spillover,33,10
7208,(여자)아이들,spillover,34,8
7209,(여자)아이들,spillover,35,25
7210,(여자)아이들,spillover,36,13
7211,(여자)아이들,spillover,37,12
7212,(여자)아이들,spillover,38,11
7213,(여자)아이들,spillover,39,9
7214,(여자)아이들,spillover,40,9
7215,(여자)아이들,spillover,41,9
7216,(여자)아이들,spillover,42,25
7217,(여자)아이들,spillover,43,11
7218,(여자)아이들,spillover,44,26
7219,(여자)아이들,spillover,45,18
7220,(여자)아이들,spillover,46,17
7221,(여자)아이들,spillover,47,33
7222,(여자)아이들,spillover,48,18
7223,(여자)아이들,spillover,49,20
7224,(여자)아이들,spillover,50,47
7225,(여자)아이들,spillover,51,29
7226,(여자)아이들,spillover,52,22
7227,(여자)아이들,spillover,53,17
7228,(여자)아이들,spillover,54,10
7229,(여자)아이들,spillover,55,38
7230,(여자)아이들,spillover,56,32
7231,(여자)아이들,spillover,57,28
7232,(여자)아이들,spillover,58,28
7233,(여자)아이들,spillover,59,34
7234,(여자)아이들,spillover,60,25
7235,(여자)아이들,spillover,61,18
7236,(여자)아이들,spillover,62,14
7237,(여자)아이들,spillover,63,29
7238,(여자)아이들,spillover,64,22
7239,(여자)아이들,spillover,65,22
7240,(여자)아이들,spillover,66,17
7241,(여자)아이들,spillover,67,22
7242,(여자)아이들,spillover,68,12
7243,(여자)아이들,spillover,69,30
7244,(여자)아이들,spillover,70,23
7245,(여자)아이들,spillover,71,15
7246,(여자)아이들,spillover,72,20
7247,(여자)아이들,spillover,73,17
7248,(여자)아이들,spillover,74,16
7249,TWICE,loyalty,0,9
7250,TWICE,loyalty,1,10
7251,TWICE,loyalty,2,13
7252,TWICE,loyalty,3,18
7253,TWICE,loyalty,4,9
7254,TWICE,loyalty,5,10
7255,TWICE,loyalty,6,9
7256,TWICE,loyalty,7,7
7257,TWICE,loyalty,8,8
7258,TWICE,loyalty,9,8
7259,TWICE,loyalty,10,12
7260,TWICE,loyalty,11,10
7261,TWICE,loyalty,12,29
7262,TWICE,loyalty,13,23
7263,TWICE,loyalty,14,8
7264,TWICE,loyalty,15,19
7265,TWICE,loyalty,16,22
7266,TWICE,loyalty,17,19
7267,TWICE,loyalty,18,13
7268,TWICE,loyalty,19,25
7269,TWICE,loyalty,20,24
7270,TWICE,loyalty,21,18
7271,TWICE,loyalty,22,13
7272,TWICE,loyalty,23,25
7273,TWICE,loyalty,24,23
7274,TWICE,loyalty,25,25
7275,TWICE,loyalty,26,15
7276,TWICE,loyalty,27,17
7277,TWICE,loyalty,28,19
7278,TWICE,loyalty,29,21
7279,TWICE,loyalty,30,22
7280,TWICE,loyalty,31,32
7281,TWICE,loyalty,32,45
7282,TWICE,loyalty,33,24
7283,TWICE,loyalty,34,26
7284,TWICE,loyalty,35,34
7285,TWICE,loyalty,36,27
7286,TWICE,loyalty,37,31
7287,TWICE,loyalty,38,19
7288,TWICE,loyalty,39,9
7289,TWICE,loyalty,40,11
7290,TWICE,loyalty,41,16
7291,TWICE,loyalty,42,9
7292,TWICE,loyalty,43,16
7293,TWICE,loyalty,44,13
7294,TWICE,loyalty,48,24
7295,TWICE,loyalty,49,5
7296,TWICE,loyalty,50,11
7297,TWICE,loyalty,51,19
7298,TWICE,loyalty,52,22
7299,TWICE,loyalty,53,10
7300,TWICE,loyalty,54,9
7301,TWICE,loyalty,55,8
7302,TWICE,loyalty,56,8
7303,TWICE,loyalty,57,12
7304,TWICE,loyalty,58,9
7305,TWICE,loyalty,59,13
7306,TWICE,loyalty,60,17
7307,TWICE,loyalty,61,10
7308,TWICE,loyalty,62,43
7309,TWICE,loyalty,63,19
7310,TWICE,loyalty,64,11
7311,TWICE,loyalty,65,23
7312,TWICE,loyalty,66,27
7313,TWICE,loyalty,67,22
7314,TWICE,loyalty,68,32
7315,TWICE,loyalty,69,27
7316,TWICE,loyalty,70,27
7317,TWICE,spillover,0,8
7318,TWICE,spillover,1,10
7319,TWICE,spillover,2,7
7320,TWICE,spillover,3,9
7321,TWICE,spillover,4,10
7322,TWICE,spillover,5,5
7323,TWICE,spillover,6,9
7324,TWICE,spillover,7,7
7325,TWICE,spillover,8,14
7326,TWICE,spillover,9,11
7327,TWICE,spillover,10,15
7328,TWICE,spillover,11,30
7329,TWICE,spillover,12,26
7330,TWICE,spillover,13,25
7331,TWICE,spillover,14,22
7332,TWICE,spillover,15,23
7333,TWICE,spillover,16,26
7334,TWICE,spillover,17,23
7335,TWICE,spillover,18,12
7336,TWICE,spillover,19,21
7337,TWICE,spillover,20,11
7338,TWICE,spillover,21,26
7339,TWICE,spillover,22,25
7340,TWICE,spillover,23,15
7341,TWICE,spillover,24,9
7342,TWICE,spillover,25,10
7343,TWICE,spillover,26,13
7344,TWICE,spillover,27,7
7345,TWICE,spillover,28,15
7346,TWICE,spillover,29,13
7347,TWICE,spillover,30,12
7348,TWICE,spillover,31,26
7349,TWICE,spillover,32,25
7350,TWICE,spillover,33,36
7351,TWICE,spillover,34,32
7352,TWICE,spillover,35,29
7353,TWICE,spillover,36,24
7354,TWICE,spillover,37,29
7355,TWICE,spillover,38,17
7356,TWICE,spillover,39,56
7357,TWICE,spillover,40,30
7358,TWICE,spillover,41,18
7359,TWICE,spillover,42,38
7360,TWICE,spillover,43,9
7361,TWICE,spillover,44,7
7362,TWICE,spillover,45,12
7363,TWICE,spillover,46,12
7364,TWICE,spillover,47,11
7365,TWICE,spillover,48,8
7366,TWICE,spillover,49,14
7367,TWICE,spillover,50,15
7368,TWICE,spillover,51,14
7369,TWICE,spillover,52,14
7370,TWICE,spillover,53,10
7371,TWICE,spillover,54,7
7372,TWICE,spillover,56,17
7373,TWICE,spillover,57,11
7374,TWICE,spillover,58,8
7375,TWICE,spillover,59,8
7376,TWICE,spillover,60,4
7377,TWICE,spillover,61,12
7378,TWICE,spillover,62,34
7379,TWICE,spillover,63,19
7380,TWICE,spillover,64,28
7381,TWICE,spillover,65,17
7382,TWICE,spillover,66,35
7383,TWICE,spillover,67,31
7384,TWICE,spillover,68,19
7385,TWICE,spillover,69,20
7386,TWICE,spillover,70,23
7387,TWICE,spillover,71,18
7388,TWICE,spillover,72,27
7389,TWICE,spillover,73,48
7390,TWICE,spillover,74,17
7391,TWICE,spillover,75,26
7392,TWICE,spillover,76,28
7393,TWICE,spillover,77,22
7394,TWICE,spillover,78,21
7395,TWICE,spillover,79,29
7396,TWICE,spillover,80,30
7397,TWICE,spillover,81,28
7398,TWICE,spillover,82,35
7399,TWICE,spillover,83,24
7400,TWICE,spillover,84,13
7401,TWICE,spillover,85,11
7402,TWICE,spillover,86,19
7403,TWICE,spillover,87,12
7404,TWICE,spillover,88,11
7405,TWICE,spillover,89,10
7406,TWICE,spillover,90,10
7407,TWICE,spillover,91,56
7408,TWICE,spillover,92,42
7409,TWICE,spillover,93,46
7410,TWICE,spillover,94,32
7411,TWICE,spillover,95,18
7412,TWICE,spillover,96,32
7413,TWICE,spillover,97,25
7414,TWICE,spillover,98,14
7415,TWICE,spillover,99,24
7416,TWICE,spillover,100,23
7417,TWICE,spillover,101,26
7418,TWICE,spillover,102,12
7419,TWICE,spillover,103,23
7420,TWICE,spillover,104,30
7421,TWICE,spillover,105,25
7422,TWICE,spillover,106,20
7423,TWICE,spillover,107,16
7424,TWICE,spillover,108,28
7425,TWICE,spillover,109,24
7426,TWICE,spillover,110,28
7427,TWICE,spillover,111,24
7428,TWICE,spillover,112,36
7429,TWICE,spillover,113,45
7430,TWICE,spillover,114,42
7431,TWICE,spillover,115,17
7432,TWICE,spillover,116,19
7433,TWICE,spillover,117,20
7434,TWICE,spillover,118,21
7435,TWICE,spillover,119,16
7436,ITZY,loyalty,0,8
7437,ITZY,loyalty,1,7
7438,ITZY,loyalty,2,12
7439,ITZY,loyalty,3,12
7440,ITZY,loyalty,4,10
7441,ITZY,loyalty,5,9
7442,ITZY,loyalty,6,7
7443,ITZY,loyalty,7,9
7444,ITZY,loyalty,8,7
7445,ITZY,loyalty,9,8
7446,ITZY,loyalty,10,25
7447,ITZY,loyalty,11,21
7448,ITZY,loyalty,12,11
7449,ITZY,loyalty,13,29
7450,ITZY,loyalty,14,26
7451,ITZY,loyalty,15,19
7452,ITZY,loyalty,16,13
7453,ITZY,loyalty,17,29
7454,ITZY,loyalty,18,25
7455,ITZY,loyalty,19,7
7456,ITZY,loyalty,20,11
7457,ITZY,loyalty,21,18
7458,ITZY,loyalty,22,7
7459,ITZY,loyalty,23,9
7460,ITZY,loyalty,24,5
7461,ITZY,loyalty,25,19
7462,ITZY,loyalty,26,18
7463,ITZY,loyalty,27,14
7464,ITZY,loyalty,28,10
7465,ITZY,loyalty,29,8
7466,ITZY,loyalty,30,8
7467,ITZY,loyalty,31,20
7468,ITZY,loyalty,32,10
7469,ITZY,loyalty,33,13
7470,ITZY,loyalty,34,17
7471,ITZY,loyalty,35,34
7472,ITZY,loyalty,36,20
7473,ITZY,loyalty,37,13
7474,ITZY,loyalty,38,16
7475,ITZY,loyalty,39,18
7476,ITZY,loyalty,40,26
7477,ITZY,spillover,0,10
7478,ITZY,spillover,1,10
7479,ITZY,spillover,2,12
7480,ITZY,spillover,3,10
7481,ITZY,spillover,4,9
7482,ITZY,spillover,5,14
7483,ITZY,spillover,6,5
7484,ITZY,spillover,7,5
7485,ITZY,spillover,8,7
7486,ITZY,spillover,9,13
7487,ITZY,spillover,10,27
7488,ITZY,spillover,11,25
7489,ITZY,spillover,12,25
7490,ITZY,spillover,13,12
7491,ITZY,spillover,14,8
7492,ITZY,spillover,15,9
7493,ITZY,spillover,16,12
7494,ITZY,spillover,17,13
7495,ITZY,spillover,18,10
7496,ITZY,spillover,19,9
7497,ITZY,spillover,20,8
7498,ITZY,spillover,21,7
7499,ITZY,spillover,22,16
7500,ITZY,spillover,23,15
7501,ITZY,spillover,24,19
7502,ITZY,spillover,25,49
7503,ITZY,spillover,26,93
7504,ITZY,spillover,27,15
7505,ITZY,spillover,28,8
7506,ITZY,spillover,29,12
7507,ITZY,spillover,30,7
7508,ITZY,spillover,31,28
7509,ITZY,spillover,32,17
7510,ITZY,spillover,33,17
7511,ITZY,spillover,34,12
7512,ITZY,spillover,35,11
7513,ITZY,spillover,36,9
7514,ITZY,spillover,37,43
7515,ITZY,spillover,38,22
7516,ITZY,spillover,39,34
7517,ITZY,spillover,40,27
7518,ITZY,spillover,41,22
7519,ITZY,spillover,42,18
7520,ITZY,spillover,43,22
7521,ITZY,spillover,44,6
7522,ITZY,spillover,45,6
7523,ITZY,spillover,46,12
7524,ITZY,spillover,47,11
7525,ITZY,spillover,48,7
7526,ITZY,spillover,49,11
7527,ITZY,spillover,50,11
7528,ITZY,spillover,51,13
7529,ITZY,spillover,52,11
7530,ITZY,spillover,53,10
7531,ITZY,spillover,54,27
7532,ITZY,spillover,55,24
7533,ITZY,spillover,56,21
7534,ITZY,spillover,57,21
7535,ITZY,spillover,58,14
7536,ITZY,spillover,59,16
7537,ITZY,spillover,60,15
7538,ITZY,spillover,61,18
7539,ITZY,spillover,62,24
7540,ITZY,spillover,63,24
7541,ITZY,spillover,64,19
7542,ITZY,spillover,65,18
7543,LE SSERAFIM,loyalty,0,9
7544,LE SSERAFIM,loyalty,1,7
7545,LE SSERAFIM,loyalty,2,11
7546,LE SSERAFIM,loyalty,3,8
7547,LE SSERAFIM,loyalty,4,6
7548,LE SSERAFIM,loyalty,5,10
7549,LE SSERAFIM,loyalty,6,7
7550,LE SSERAFIM,loyalty,7,8
7551,LE SSERAFIM,loyalty,8,6
7552,LE SSERAFIM,loyalty,9,8
7553,LE SSERAFIM,loyalty,10,20
7554,LE SSERAFIM,loyalty,11,19
7555,LE SSERAFIM,loyalty,12,19
7556,LE SSERAFIM,loyalty,13,11
7557,LE SSERAFIM,loyalty,14,17
7558,LE SSERAFIM,loyalty,15,19
7559,LE SSERAFIM,loyalty,16,18
7560,LE SSERAFIM,loyalty,17,16
7561,LE SSERAFIM,loyalty,18,37
7562,LE SSERAFIM,loyalty,19,20
7563,LE SSERAFIM,loyalty,20,9
7564,LE SSERAFIM,loyalty,21,20
7565,LE SSERAFIM,loyalty,22,14
7566,LE SSERAFIM,loyalty,23,13
7567,LE SSERAFIM,loyalty,24,10
7568,LE SSERAFIM,loyalty,25,17
7569,LE SSERAFIM,loyalty,26,12
7570,LE SSERAFIM,loyalty,28,13
7571,LE SSERAFIM,loyalty,29,14
7572,LE SSERAFIM,loyalty,30,6
7573,LE SSERAFIM,loyalty,31,12
7574,LE SSERAFIM,loyalty,32,7
7575,LE SSERAFIM,loyalty,33,33
7576,LE SSERAFIM,loyalty,34,18
7577,LE SSERAFIM,loyalty,35,18
7578,LE SSERAFIM,loyalty,36,13
7579,LE SSERAFIM,loyalty,37,14
7580,LE SSERAFIM,loyalty,38,17
7581,LE SSERAFIM,loyalty,39,14
7582,LE SSERAFIM,loyalty,40,30
7583,LE SSERAFIM,loyalty,41,28
7584,LE SSERAFIM,loyalty,42,28
7585,LE SSERAFIM,loyalty,43,24
7586,LE SSERAFIM,spillover,0,8
7587,LE SSERAFIM,spillover,1,14
7588,LE SSERAFIM,spillover,2,11
7589,LE SSERAFIM,spillover,3,8
7590,LE SSERAFIM,spillover,4,11
7591,LE SSERAFIM,spillover,5,12
7592,LE SSERAFIM,spillover,6,9
7593,LE SSERAFIM,spillover,7,8
7594,LE SSERAFIM,spillover,8,7
7595,LE SSERAFIM,spillover,9,15
7596,LE SSERAFIM,spillover,10,22
7597,LE SSERAFIM,spillover,11,25
7598,LE SSERAFIM,spillover,12,16
7599,LE SSERAFIM,spillover,13,22
7600,LE SSERAFIM,spillover,14,9
7601,LE SSERAFIM,spillover,15,12
7602,LE SSERAFIM,spillover,16,7
7603,LE SSERAFIM,spillover,17,8
7604,LE SSERAFIM,spillover,18,8
7605,LE SSERAFIM,spillover,19,7
7606,LE SSERAFIM,spillover,20,14
7607,LE SSERAFIM,spillover,21,15
7608,LE SSERAFIM,spillover,22,13
7609,LE SSERAFIM,spillover,23,14
7610,LE SSERAFIM,spillover,24,13
7611,LE SSERAFIM,spillover,25,8
7612,LE SSERAFIM,spillover,26,6
7613,LE SSERAFIM,spillover,27,14
7614,LE SSERAFIM,spillover,28,12
7615,LE SSERAFIM,spillover,29,17
7616,LE SSERAFIM,spillover,30,19
7617,LE SSERAFIM,spillover,31,18
7618,LE SSERAFIM,spillover,32,17
7619,LE SSERAFIM,spillover,33,13
7620,LE SSERAFIM,spillover,34,13
7621,LE SSERAFIM,spillover,35,21
7622,LE SSERAFIM,spillover,36,31
7623,LE SSERAFIM,spillover,37,30
7624,LE SSERAFIM,spillover,38,16
7625,LE SSERAFIM,spillover,39,7
7626,LE SSERAFIM,spillover,40,22
7627,LE SSERAFIM,spillover,41,12
7628,LE SSERAFIM,spillover,42,10
7629,LE SSERAFIM,spillover,43,10
7630,LE SSERAFIM,spillover,44,12
7631,LE SSERAFIM,spillover,45,12
7632,LE SSERAFIM,spillover,46,14
7633,LE SSERAFIM,spillover,47,11
7634,LE SSERAFIM,spillover,48,11
7635,LE SSERAFIM,spillover,49,10
7636,LE SSERAFIM,spillover,50,7
7637,LE SSERAFIM,spillover,51,8
7638,LE SSERAFIM,spillover,52,3
7639,LE SSERAFIM,spillover,53,6
7640,LE SSERAFIM,spillover,54,11
7641,LE SSERAFIM,spillover,55,9
7642,LE SSERAFIM,spillover,56,13
7643,LE SSERAFIM,spillover,57,28
7644,LE SSERAFIM,spillover,58,29
7645,LE SSERAFIM,spillover,59,15
7646,LE SSERAFIM,spillover,60,18
7647,LE SSERAFIM,spillover,61,25
7648,LE SSERAFIM,spillover,62,6
7649,LE SSERAFIM,spillover,63,6
7650,LE SSERAFIM,spillover,64,3
7651,LE SSERAFIM,spillover,65,25
7652,LE SSERAFIM,spillover,66,30
7653,LE SSERAFIM,spillover,67,21
7654,LE SSERAFIM,spillover,68,26
7655,LE SSERAFIM,spillover,69,42
7656,LE SSERAFIM,spillover,70,27
7657,LE SSERAFIM,spillover,71,23
7658,LE SSERAFIM,spillover,72,13
7659,LE SSERAFIM,spillover,73,14
7660,LE SSERAFIM,spillover,74,15
7661,LE SSERAFIM,spillover,75,13
7662,LE SSERAFIM,spillover,76,11
7663,LE SSERAFIM,spillover,77,8
7664,LE SSERAFIM,spillover,78,29
7665,LE SSERAFIM,spillover,79,28
7666,LE SSERAFIM,spillover,80,31
7667,LE SSERAFIM,spillover,81,31
7668,LE SSERAFIM,spillover,82,28
7669,LE SSERAFIM,spillover,83,14
7670,LE SSERAFIM,spillover,84,16
7671,LE SSERAFIM,spillover,85,25
7672,LE SSERAFIM,spillover,86,33
7673,LE SSERAFIM,spillover,87,45
7674,LE SSERAFIM,spillover,88,16
7675,LE SSERAFIM,spillover,89,14
7676,LE SSERAFIM,spillover,90,22
7677,LE SSERAFIM,spillover,91,18
7678,LE SSERAFIM,spillover,92,16
7679,LE SSERAFIM,spillover,93,14
7680,LE SSERAFIM,spillover,94,21
7681,LE SSERAFIM,spillover,95,18
7682,LE SSERAFIM,spillover,96,20
7683,LE SSERAFIM,spillover,97,14
7684,LE SSERAFIM,spillover,98,14
7685,aespa,loyalty,0,12
7686,aespa,loyalty,1,4
7687,aespa,loyalty,2,12
7688,aespa,loyalty,3,11
7689,aespa,loyalty,4,7
7690,aespa,loyalty,5,14
7691,aespa,loyalty,6,7
7692,aespa,loyalty,7,17
7693,aespa,loyalty,8,9
7694,aespa,loyalty,9,8
7695,aespa,loyalty,10,25
7696,aespa,loyalty,11,10
7697,aespa,loyalty,12,24
7698,aespa,loyalty,13,17
7699,aespa,loyalty,14,18
7700,aespa,loyalty,15,16
7701,aespa,loyalty,16,16
7702,aespa,loyalty,17,16
7703,aespa,loyalty,18,27
7704,aespa,loyalty,19,49
7705,aespa,loyalty,20,7
7706,aespa,loyalty,21,8
7707,aespa,loyalty,22,11
7708,aespa,loyalty,23,12
7709,aespa,loyalty,24,17
7710,aespa,loyalty,25,14
7711,aespa,loyalty,26,9
7712,aespa,loyalty,27,14
7713,aespa,loyalty,28,9
7714,aespa,loyalty,29,14
7715,aespa,loyalty,30,15
7716,aespa,loyalty,32,8
7717,aespa,loyalty,33,9
7718,aespa,loyalty,35,15
7719,aespa,loyalty,36,14
7720,aespa,loyalty,37,12
7721,aespa,loyalty,38,18
7722,aespa,loyalty,39,9
7723,aespa,loyalty,40,16
7724,aespa,loyalty,41,10
7725,aespa,loyalty,42,10
7726,aespa,loyalty,43,9
7727,aespa,loyalty,44,16
7728,aespa,loyalty,45,19
7729,aespa,loyalty,46,12
7730,aespa,loyalty,47,28
7731,aespa,loyalty,48,13
7732,aespa,loyalty,49,20
7733,aespa,loyalty,50,31
7734,aespa,loyalty,51,43
7735,aespa,loyalty,52,24
7736,aespa,loyalty,53,18
7737,aespa,loyalty,54,23
7738,aespa,spillover,0,8
7739,aespa,spillover,1,11
7740,aespa,spillover,2,9
7741,aespa,spillover,3,9
7742,aespa,spillover,4,8
7743,aespa,spillover,5,9
7744,aespa,spillover,6,9
7745,aespa,spillover,7,9
7746,aespa,spillover,8,9
7747,aespa,spillover,9,10
7748,aespa,spillover,10,27
7749,aespa,spillover,11,33
7750,aespa,spillover,12,13
7751,aespa,spillover,13,21
7752,aespa,spillover,14,19
7753,aespa,spillover,15,17
7754,aespa,spillover,16,14
7755,aespa,spillover,17,17
7756,aespa,spillover,18,18
7757,aespa,spillover,19,21
7758,aespa,spillover,20,13
7759,aespa,spillover,21,8
7760,aespa,spillover,22,21
7761,aespa,spillover,23,10
7762,aespa,spillover,24,20
7763,aespa,spillover,25,9
7764,aespa,spillover,26,20
7765,aespa,spillover,27,36
7766,aespa,spillover,28,45
7767,aespa,spillover,29,19
7768,aespa,spillover,30,14
7769,aespa,spillover,31,8
7770,aespa,spillover,32,7
7771,aespa,spillover,33,6
7772,aespa,spillover,34,17
7773,aespa,spillover,35,10
7774,aespa,spillover,37,11
7775,aespa,spillover,38,31
7776,aespa,spillover,39,13
7777,aespa,spillover,40,12
7778,aespa,spillover,41,24
7779,aespa,spillover,42,8
7780,aespa,spillover,43,10
7781,aespa,spillover,44,9
7782,aespa,spillover,45,19
7783,aespa,spillover,46,17
7784,aespa,spillover,47,14
7785,aespa,spillover,48,47
7786,aespa,spillover,49,12
7787,aespa,spillover,50,11
7788,aespa,spillover,51,13
7789,aespa,spillover,52,13
7790,aespa,spillover,53,14
7791,aespa,spillover,54,21
7792,aespa,spillover,55,18
7793,aespa,spillover,56,17
7794,aespa,spillover,57,25
7795,aespa,spillover,58,24
7796,aespa,spillover,59,19
7797,aespa,spillover,60,25
7798,aespa,spillover,61,13
7799,aespa,spillover,62,10
7800,aespa,spillover,63,12
7801,aespa,spillover,64,11
7802,aespa,spillover,65,11
7803,aespa,spillover,66,11
7804,aespa,spillover,67,10
7805,aespa,spillover,68,9
7806,aespa,spillover,69,14
7807,aespa,spillover,70,17
7808,aespa,spillover,71,14
7809,aespa,spillover,72,9
7810,aespa,spillover,73,10
7811,aespa,spillover,74,11
7812,aespa,spillover,75,10
7813,aespa,spillover,76,9
7814,aespa,spillover,77,7
7815,aespa,spillover,78,7
7816,aespa,spillover,79,7
7817,aespa,spillover,80,11
7818,aespa,spillover,81,14
7819,aespa,spillover,82,10
7820,aespa,spillover,83,5
7821,aespa,spillover,84,34
7822,aespa,spillover,85,13
7823,aespa,spillover,86,16
7824,aespa,spillover,87,9
7825,aespa,spillover,88,12
7826,aespa,spillover,89,10
7827,aespa,spillover,90,7
7828,aespa,spillover,91,8
7829,aespa,spillover,92,18
7830,aespa,spillover,93,16
7831,aespa,spillover,94,18
7832,aespa,spillover,95,33
7833,aespa,spillover,96,25
7834,aespa,spillover,97,25
7835,aespa,spillover,98,18
7836,aespa,spillover,99,17
7837,aespa,spillover,100,26
7838,aespa,spillover,101,23
7839,aespa,spillover,102,17
7840,프로미스나인,loyalty,0,7
7841,프로미스나인,loyalty,1,10
7842,프로미스나인,loyalty,2,15
7843,프로미스나인,loyalty,3,13
7844,프로미스나인,loyalty,4,13
7845,프로미스나인,loyalty,5,14
7846,프로미스나인,loyalty,6,10
7847,프로미스나인,loyalty,7,8
7848,프로미스나인,loyalty,8,7
7849,프로미스나인,loyalty,9,19
7850,프로미스나인,loyalty,10,18
7851,프로미스나인,loyalty,11,9
7852,프로미스나인,loyalty,12,32
7853,프로미스나인,loyalty,13,21
7854,프로미스나인,loyalty,14,42
7855,프로미스나인,loyalty,15,38
7856,프로미스나인,loyalty,16,42
7857,프로미스나인,loyalty,17,22
7858,프로미스나인,loyalty,18,11
7859,프로미스나인,loyalty,19,12
7860,프로미스나인,loyalty,20,10
7861,프로미스나인,loyalty,21,10
7862,프로미스나인,loyalty,22,9
7863,프로미스나인,loyalty,23,12
7864,프로미스나인,loyalty,24,10
7865,프로미스나인,loyalty,25,21
7866,프로미스나인,loyalty,26,17
7867,프로미스나인,loyalty,27,18
7868,프로미스나인,loyalty,28,15
7869,프로미스나인,loyalty,29,13
7870,프로미스나인,loyalty,30,16
7871,프로미스나인,loyalty,31,20
7872,프로미스나인,loyalty,32,26
7873,프로미스나인,loyalty,33,24
7874,프로미스나인,spillover,0,13
7875,프로미스나인,spillover,1,7
7876,프로미스나인,spillover,2,12
7877,프로미스나인,spillover,3,8
7878,프로미스나인,spillover,4,8
7879,프로미스나인,spillover,5,9
7880,프로미스나인,spillover,6,8
7881,프로미스나인,spillover,7,8
7882,프로미스나인,spillover,8,10
7883,프로미스나인,spillover,9,7
7884,프로미스나인,spillover,10,17
7885,프로미스나인,spillover,11,17
7886,프로미스나인,spillover,12,15
7887,프로미스나인,spillover,13,9
7888,프로미스나인,spillover,14,12
7889,프로미스나인,spillover,15,14
7890,프로미스나인,spillover,16,13
7891,프로미스나인,spillover,17,21
7892,프로미스나인,spillover,18,37
7893,프로미스나인,spillover,19,35
7894,프로미스나인,spillover,20,46
7895,프로미스나인,spillover,21,16
7896,프로미스나인,spillover,22,20
7897,프로미스나인,spillover,23,24
7898,프로미스나인,spillover,24,35
7899,프로미스나인,spillover,25,32
7900,프로미스나인,spillover,26,15
7901,프로미스나인,spillover,27,10
7902,프로미스나인,spillover,28,9
7903,프로미스나인,spillover,29,21
7904,프로미스나인,spillover,30,8
7905,프로미스나인,spillover,31,5
7906,프로미스나인,spillover,32,8
7907,프로미스나인,spillover,33,9
7908,프로미스나인,spillover,34,13
7909,프로미스나인,spillover,35,26
7910,프로미스나인,spillover,36,33
7911,프로미스나인,spillover,37,15
7912,프로미스나인,spillover,38,24
7913,프로미스나인,spillover,39,20
7914,프로미스나인,spillover,40,9
7915,프로미스나인,spillover,41,19
7916,프로미스나인,spillover,42,21
7917,프로미스나인,spillover,43,17
7918,프로미스나인,spillover,44,16
7919,프로미스나인,spillover,45,15
7920,프로미스나인,spillover,46,14
7921,프로미스나인,spillover,47,9
7922,프로미스나인,spillover,48,17
7923,프로미스나인,spillover,49,17
7924,프로미스나인,spillover,50,11
7925,프로미스나인,spillover,51,7
7926,프로미스나인,spillover,52,16
7927,프로미스나인,spillover,53,19
7928,프로미스나인,spillover,54,20
7929,A-pink,loyalty,0,8
7930,A-pink,loyalty,1,9
7931,A-pink,loyalty,2,14
7932,A-pink,loyalty,3,14
7933,A-pink,loyalty,4,12
7934,A-pink,loyalty,5,8
7935,A-pink,loyalty,6,13
7936,A-pink,loyalty,7,13
7937,A-pink,loyalty,8,12
7938,A-pink,loyalty,9,15
7939,A-pink,loyalty,10,7
7940,A-pink,loyalty,11,22
7941,A-pink,loyalty,12,19
7942,A-pink,loyalty,13,8
7943,A-pink,loyalty,14,14
7944,A-pink,loyalty,15,21
7945,A-pink,loyalty,16,16
7946,A-pink,loyalty,17,13
7947,A-pink,loyalty,18,8
7948,A-pink,loyalty,19,8
7949,A-pink,loyalty,20,10
7950,A-pink,loyalty,21,8
7951,A-pink,loyalty,22,8
7952,A-pink,loyalty,23,6
7953,A-pink,loyalty,24,9
7954,A-pink,loyalty,25,10
7955,A-pink,loyalty,26,9
7956,A-pink,loyalty,27,7
7957,A-pink,loyalty,28,10
7958,A-pink,loyalty,29,17
7959,A-pink,loyalty,30,6
7960,A-pink,loyalty,31,12
7961,A-pink,loyalty,32,19
7962,A-pink,loyalty,33,22
7963,A-pink,loyalty,34,17
7964,A-pink,spillover,0,13
7965,A-pink,spillover,1,13
7966,A-pink,spillover,2,13
7967,A-pink,spillover,3,8
7968,A-pink,spillover,4,5
7969,A-pink,spillover,5,10
7970,A-pink,spillover,6,21
7971,A-pink,spillover,7,11
7972,A-pink,spillover,8,25
7973,A-pink,spillover,9,13
7974,A-pink,spillover,10,15
7975,A-pink,spillover,11,22
7976,A-pink,spillover,12,23
7977,A-pink,spillover,13,16
7978,A-pink,spillover,14,30
7979,A-pink,spillover,15,17
7980,A-pink,spillover,16,13
7981,A-pink,spillover,17,24
7982,A-pink,spillover,18,17
7983,A-pink,spillover,19,34
7984,A-pink,spillover,20,27
7985,A-pink,spillover,21,31
7986,A-pink,spillover,22,13
7987,A-pink,spillover,23,10
7988,A-pink,spillover,24,9
7989,A-pink,spillover,25,10
7990,A-pink,spillover,26,37
7991,A-pink,spillover,27,15
7992,A-pink,spillover,28,23
7993,A-pink,spillover,29,20
7994,A-pink,spillover,30,21
7995,A-pink,spillover,31,21
7996,A-pink,spillover,32,7
7997,A-pink,spillover,33,9
7998,A-pink,spillover,34,7
7999,A-pink,spillover,35,21
8000,A-pink,spillover,36,17
8001,A-pink,spillover,37,17
8002,A-pink,spillover,38,9
8003,A-pink,spillover,39,10
8004,A-pink,spillover,40,8
8005,A-pink,spillover,41,14
8006,A-pink,spillover,42,10
8007,A-pink,spillover,43,10
8008,A-pink,spillover,44,10
8009,A-pink,spillover,45,11
8010,A-pink,spillover,46,7
8011,A-pink,spillover,47,8
8012,A-pink,spillover,48,34
8013,A-pink,spillover,49,39
8014,A-pink,spillover,50,22
8015,A-pink,spillover,51,29
8016,A-pink,spillover,52,20
8017,A-pink,spillover,53,22
8018,A-pink,spillover,54,13
8019,A-pink,spillover,55,13
8020,A-pink,spillover,56,11
8021,A-pink,spillover,57,27
8022,A-pink,spillover,58,16
8023,A-pink,spillover,59,22
8024,QWER,loyalty,0,14
8025,QWER,loyalty,1,15
8026,QWER,loyalty,2,11
8027,QWER,loyalty,3,11
8028,QWER,loyalty,4,21
8029,QWER,loyalty,5,17
8030,QWER,loyalty,6,9
8031,QWER,loyalty,7,7
8032,QWER,loyalty,8,11
8033,QWER,loyalty,9,7
8034,QWER,loyalty,10,16
8035,QWER,loyalty,11,25
8036,QWER,loyalty,12,13
8037,QWER,loyalty,13,11
8038,QWER,loyalty,14,14
8039,QWER,loyalty,15,29
8040,QWER,loyalty,16,27
8041,QWER,loyalty,17,17
8042,QWER,loyalty,18,25
8043,QWER,loyalty,19,18
8044,QWER,loyalty,20,20
8045,QWER,loyalty,21,23
8046,QWER,loyalty,22,16
8047,QWER,loyalty,23,12
8048,QWER,loyalty,24,9
8049,QWER,loyalty,25,9
8050,QWER,loyalty,26,8
8051,QWER,loyalty,27,13
8052,QWER,loyalty,28,10
8053,QWER,loyalty,29,10
8054,QWER,loyalty,30,23
8055,QWER,loyalty,31,20
8056,QWER,loyalty,32,20
8057,QWER,loyalty,33,23
8058,QWER,loyalty,34,27
8059,QWER,loyalty,35,27
8060,QWER,loyalty,36,15
8061,QWER,loyalty,37,5
8062,QWER,loyalty,38,21
8063,QWER,spillover,0,14
8064,QWER,spillover,1,12
8065,QWER,spillover,2,19
8066,QWER,spillover,3,7
8067,QWER,spillover,4,7
8068,QWER,spillover,5,5
8069,QWER,spillover,6,25
8070,QWER,spillover,7,5
8071,QWER,spillover,8,8
8072,QWER,spillover,9,27
8073,QWER,spillover,10,11
8074,QWER,spillover,11,14
8075,QWER,spillover,12,10
8076,QWER,spillover,13,10
8077,QWER,spillover,14,18
8078,QWER,spillover,15,32
8079,QWER,spillover,16,27
8080,QWER,spillover,17,26
8081,QWER,spillover,18,24
8082,QWER,spillover,19,26
8083,QWER,spillover,20,23
8084,QWER,spillover,21,16
8085,QWER,spillover,22,39
8086,QWER,spillover,23,23
8087,QWER,spillover,24,26
8088,QWER,spillover,25,12
8089,QWER,spillover,26,17
8090,QWER,spillover,27,9
8091,QWER,spillover,28,10
8092,QWER,spillover,29,35
8093,QWER,spillover,30,29
8094,QWER,spillover,31,26
8095,QWER,spillover,32,13
8096,QWER,spillover,33,22
8097,QWER,spillover,34,17
8098,QWER,spillover,35,14
8099,QWER,spillover,36,12
8100,QWER,spillover,37,13
8101,QWER,spillover,38,14
8102,QWER,spillover,39,9
8103,QWER,spillover,40,12
8104,QWER,spillover,41,9
8105,QWER,spillover,42,8
8106,QWER,spillover,43,11
8107,QWER,spillover,44,7
8108,QWER,spillover,45,7
8109,QWER,spillover,46,6
8110,QWER,spillover,47,9
8111,QWER,spillover,48,9
8112,QWER,spillover,49,8
8113,QWER,spillover,50,23
8114,QWER,spillover,51,24
8115,QWER,spillover,52,25
8116,QWER,spillover,53,23
8117,QWER,spillover,54,13
8118,QWER,spillover,55,17
8119,QWER,spillover,56,16
8120,QWER,spillover,57,20
8121,QWER,spillover,58,33
8122,QWER,spillover,59,24
8123,QWER,spillover,60,12
8124,QWER,spillover,61,24
8125,QWER,spillover,62,21
8126,QWER,spillover,63,21
8127,BABYMONSTER,loyalty,0,6
8128,BABYMONSTER,loyalty,1,11
8129,BABYMONSTER,loyalty,2,14
8130,BABYMONSTER,loyalty,3,12
8131,BABYMONSTER,loyalty,4,4
8132,BABYMONSTER,loyalty,5,7
8133,BABYMONSTER,loyalty,6,11
8134,BABYMONSTER,loyalty,7,8
8135,BABYMONSTER,loyalty,8,25
8136,BABYMONSTER,loyalty,9,11
8137,BABYMONSTER,loyalty,10,30
8138,BABYMONSTER,loyalty,11,10
8139,BABYMONSTER,loyalty,12,9
8140,BABYMONSTER,loyalty,13,12
8141,BABYMONSTER,loyalty,14,16
8142,BABYMONSTER,loyalty,15,10
8143,BABYMONSTER,loyalty,16,18
8144,BABYMONSTER,loyalty,17,29
8145,BABYMONSTER,loyalty,18,40
8146,BABYMONSTER,loyalty,19,29
8147,BABYMONSTER,loyalty,20,6
8148,BABYMONSTER,loyalty,21,7
8149,BABYMONSTER,loyalty,22,6
8150,BABYMONSTER,loyalty,23,10
8151,BABYMONSTER,loyalty,24,11
8152,BABYMONSTER,loyalty,25,8
8153,BABYMONSTER,loyalty,26,13
8154,BABYMONSTER,loyalty,27,9
8155,BABYMONSTER,loyalty,28,11
8156,BABYMONSTER,loyalty,29,13
8157,BABYMONSTER,loyalty,30,11
8158,BABYMONSTER,loyalty,31,9
8159,BABYMONSTER,loyalty,32,15
8160,BABYMONSTER,loyalty,33,11
8161,BABYMONSTER,loyalty,34,10
8162,BABYMONSTER,loyalty,35,7
8163,BABYMONSTER,loyalty,36,9
8164,BABYMONSTER,loyalty,37,22
8165,BABYMONSTER,loyalty,38,30
8166,BABYMONSTER,loyalty,39,13
8167,BABYMONSTER,loyalty,40,11
8168,BABYMONSTER,loyalty,41,13
8169,BABYMONSTER,loyalty,42,15
8170,BABYMONSTER,loyalty,43,13
8171,BABYMONSTER,loyalty,44,19
8172,BABYMONSTER,loyalty,45,21
8173,BABYMONSTER,loyalty,46,18
8174,BABYMONSTER,loyalty,47,9
8175,BABYMONSTER,loyalty,48,14
8176,BABYMONSTER,loyalty,49,10
8177,BABYMONSTER,loyalty,50,29
8178,BABYMONSTER,loyalty,51,12
8179,BABYMONSTER,loyalty,52,23
8180,BABYMONSTER,loyalty,53,23
8181,BABYMONSTER,loyalty,54,41
8182,BABYMONSTER,spillover,0,10
8183,BABYMONSTER,spillover,1,14
8184,BABYMONSTER,spillover,2,9
8185,BABYMONSTER,spillover,3,10
8186,BABYMONSTER,spillover,4,7
8187,BABYMONSTER,spillover,5,11
8188,BABYMONSTER,spillover,6,13
8189,BABYMONSTER,spillover,7,15
8190,BABYMONSTER,spillover,8,31
8191,BABYMONSTER,spillover,9,32
8192,BABYMONSTER,spillover,10,21
8193,BABYMONSTER,spillover,11,15
8194,BABYMONSTER,spillover,12,10
8195,BABYMONSTER,spillover,13,12
8196,BABYMONSTER,spillover,14,13
8197,BABYMONSTER,spillover,15,15
8198,BABYMONSTER,spillover,16,13
8199,BABYMONSTER,spillover,17,10
8200,BABYMONSTER,spillover,18,11
8201,BABYMONSTER,spillover,19,12
8202,BABYMONSTER,spillover,20,15
8203,BABYMONSTER,spillover,21,7
8204,BABYMONSTER,spillover,22,16
8205,BABYMONSTER,spillover,23,27
8206,BABYMONSTER,spillover,24,26
8207,BABYMONSTER,spillover,25,11
8208,BABYMONSTER,spillover,26,19
8209,BABYMONSTER,spillover,27,6
8210,BABYMONSTER,spillover,28,10
8211,BABYMONSTER,spillover,29,11
8212,BABYMONSTER,spillover,30,10
8213,BABYMONSTER,spillover,31,11
8214,BABYMONSTER,spillover,32,12
8215,BABYMONSTER,spillover,33,12
8216,BABYMONSTER,spillover,34,14
8217,BABYMONSTER,spillover,35,15
8218,BABYMONSTER,spillover,37,3
8219,BABYMONSTER,spillover,39,5
8220,BABYMONSTER,spillover,40,7
8221,BABYMONSTER,spillover,41,6
8222,BABYMONSTER,spillover,42,11
8223,BABYMONSTER,spillover,43,23
8224,BABYMONSTER,spillover,44,38
8225,BABYMONSTER,spillover,45,29
8226,BABYMONSTER,spillover,46,43
8227,BABYMONSTER,spillover,47,18
8228,BABYMONSTER,spillover,48,17
8229,BABYMONSTER,spillover,49,14
8230,BABYMONSTER,spillover,50,12
8231,BABYMONSTER,spillover,51,16
8232,BABYMONSTER,spillover,52,10
8233,BABYMONSTER,spillover,53,10
8234,BABYMONSTER,spillover,54,11
8235,BABYMONSTER,spillover,55,14
8236,BABYMONSTER,spillover,56,10
8237,BABYMONSTER,spillover,57,34
8238,BABYMONSTER,spillover,58,26
8239,BABYMONSTER,spillover,59,18
8240,BABYMONSTER,spillover,60,13
8241,BABYMONSTER,spillover,61,15
8242,BABYMONSTER,spillover,62,12
8243,BABYMONSTER,spillover,63,21
8244,BABYMONSTER,spillover,64,31
8245,BABYMONSTER,spillover,65,30
8246,BABYMONSTER,spillover,66,25
8247,BABYMONSTER,spillover,67,20
8248,BABYMONSTER,spillover,68,34
8249,BABYMONSTER,spillover,69,28
8250,BABYMONSTER,spillover,70,36
8251,BABYMONSTER,spillover,71,22
8252,BABYMONSTER,spillover,72,17
8253,BABYMONSTER,spillover,73,20
8254,BABYMONSTER,spillover,74,21
8255,BABYMONSTER,spillover,75,23
8256,BABYMONSTER,spillover,76,21
8257,소녀시대,loyalty,0,12
8258,소녀시대,loyalty,1,12
8259,소녀시대,loyalty,2,7
8260,소녀시대,loyalty,3,17
8261,소녀시대,loyalty,4,10
8262,소녀시대,loyalty,5,8
8263,소녀시대,loyalty,6,8
8264,소녀시대,loyalty,7,18
8265,소녀시대,loyalty,8,13
8266,소녀시대,loyalty,9,20
8267,소녀시대,loyalty,10,19
8268,소녀시대,loyalty,11,23
8269,소녀시대,loyalty,12,17
8270,소녀시대,loyalty,13,15
8271,소녀시대,loyalty,14,20
8272,소녀시대,loyalty,15,17
8273,소녀시대,loyalty,16,51
8274,소녀시대,loyalty,17,13
8275,소녀시대,loyalty,18,12
8276,소녀시대,loyalty,19,13
8277,소녀시대,loyalty,20,17
8278,소녀시대,loyalty,21,27
8279,소녀시대,loyalty,22,10
8280,소녀시대,loyalty,23,10
8281,소녀시대,loyalty,24,8
8282,소녀시대,loyalty,25,18
8283,소녀시대,loyalty,26,19
8284,소녀시대,loyalty,27,19
8285,소녀시대,loyalty,28,14
8286,소녀시대,loyalty,29,15
8287,소녀시대,loyalty,30,13
8288,소녀시대,loyalty,31,38
8289,소녀시대,loyalty,32,17
8290,소녀시대,spillover,0,13
8291,소녀시대,spillover,1,14
8292,소녀시대,spillover,2,14
8293,소녀시대,spillover,3,15
8294,소녀시대,spillover,4,12
8295,소녀시대,spillover,5,12
8296,소녀시대,spillover,6,14
8297,소녀시대,spillover,7,9
8298,소녀시대,spillover,8,19
8299,소녀시대,spillover,9,33
8300,소녀시대,spillover,10,20
8301,소녀시대,spillover,11,11
8302,소녀시대,spillover,12,13
8303,소녀시대,spillover,13,17
8304,소녀시대,spillover,14,17
8305,소녀시대,spillover,15,6
8306,소녀시대,spillover,16,7
8307,소녀시대,spillover,17,10
8308,소녀시대,spillover,18,13
8309,소녀시대,spillover,19,10
8310,소녀시대,spillover,20,9
8311,소녀시대,spillover,21,20
8312,소녀시대,spillover,22,47
8313,소녀시대,spillover,23,43
8314,소녀시대,spillover,24,16
8315,소녀시대,spillover,25,14
8316,소녀시대,spillover,28,49
8317,소녀시대,spillover,29,83
8318,소녀시대,spillover,30,18
8319,소녀시대,spillover,31,11
8320,소녀시대,spillover,32,24
8321,소녀시대,spillover,33,17
8322,소녀시대,spillover,34,35
8323,소녀시대,spillover,35,18
8324,소녀시대,spillover,36,36
8325,소녀시대,spillover,37,21
8326,소녀시대,spillover,38,35
8327,소녀시대,spillover,39,34
8328,소녀시대,spillover,40,28
8329,소녀시대,spillover,41,14
8330,소녀시대,spillover,42,21
8331,소녀시대,spillover,43,11
8332,소녀시대,spillover,44,11
8333,소녀시대,spillover,45,12
8334,소녀시대,spillover,46,9
8335,소녀시대,spillover,47,16
8336,소녀시대,spillover,48,13
8337,소녀시대,spillover,49,26
8338,소녀시대,spillover,50,15
8339,소녀시대,spillover,51,12
8340,소녀시대,spillover,52,9
8341,소녀시대,spillover,53,12
8342,소녀시대,spillover,54,9
8343,소녀시대,spillover,55,7
8344,소녀시대,spillover,56,15
8345,소녀시대,spillover,57,8
8346,소녀시대,spillover,58,15
8347,소녀시대,spillover,59,12
8348,소녀시대,spillover,60,8
8349,소녀시대,spillover,61,11
8350,소녀시대,spillover,62,9
8351,소녀시대,spillover,63,16
8352,소녀시대,spillover,64,15
8353,소녀시대,spillover,65,15
8354,소녀시대,spillover,66,14
8355,소녀시대,spillover,67,12
8356,소녀시대,spillover,68,34
8357,소녀시대,spillover,69,45
8358,소녀시대,spillover,70,41
8359,소녀시대,spillover,71,37
8360,소녀시대,spillover,72,23
8361,소녀시대,spillover,73,36
8362,소녀시대,spillover,74,17
8363,소녀시대,spillover,75,15
8364,소녀시대,spillover,76,12
8365,소녀시대,spillover,77,14
8366,소녀시대,spillover,78,16
8367,소녀시대,spillover,79,17
8368,소녀시대,spillover,80,10
8369,소녀시대,spillover,81,14
8370,소녀시대,spillover,82,10
8371,소녀시대,spillover,83,10
8372,소녀시대,spillover,84,18
8373,소녀시대,spillover,85,19
8374,소녀시대,spillover,86,24
8375,소녀시대,spillover,87,20
8376,소녀시대,spillover,88,28
8377,오마이걸,loyalty,0,11
8378,오마이걸,loyalty,1,14
8379,오마이걸,loyalty,2,9
8380,오마이걸,loyalty,3,11
8381,오마이걸,loyalty,4,17
8382,오마이걸,loyalty,5,10
8383,오마이걸,loyalty,6,19
8384,오마이걸,loyalty,7,19
8385,오마이걸,loyalty,8,20
8386,오마이걸,loyalty,9,19
8387,오마이걸,loyalty,10,23
8388,오마이걸,loyalty,11,36
8389,오마이걸,loyalty,12,18
8390,오마이걸,loyalty,13,23
8391,오마이걸,loyalty,14,26
8392,오마이걸,loyalty,15,29
8393,오마이걸,loyalty,16,16
8394,오마이걸,loyalty,17,34
8395,오마이걸,loyalty,18,14
8396,오마이걸,loyalty,19,10
8397,오마이걸,loyalty,20,15
8398,오마이걸,loyalty,21,18
8399,오마이걸,loyalty,22,9
8400,오마이걸,loyalty,23,14
8401,오마이걸,loyalty,24,12
8402,오마이걸,loyalty,25,10
8403,오마이걸,loyalty,26,9
8404,오마이걸,loyalty,27,15
8405,오마이걸,loyalty,28,9
8406,오마이걸,loyalty,29,17
8407,오마이걸,loyalty,30,14
8408,오마이걸,loyalty,31,14
8409,오마이걸,loyalty,32,8
8410,오마이걸,loyalty,33,26
8411,오마이걸,spillover,0,9
8412,오마이걸,spillover,1,14
8413,오마이걸,spillover,2,10
8414,오마이걸,spillover,3,9
8415,오마이걸,spillover,4,12
8416,오마이걸,spillover,5,11
8417,오마이걸,spillover,6,10
8418,오마이걸,spillover,7,22
8419,오마이걸,spillover,8,8
8420,오마이걸,spillover,9,16
8421,오마이걸,spillover,10,18
8422,오마이걸,spillover,11,14
8423,오마이걸,spillover,12,51
8424,오마이걸,spillover,13,17
8425,오마이걸,spillover,14,27
8426,오마이걸,spillover,15,25
8427,오마이걸,spillover,16,26
8428,오마이걸,spillover,17,16
8429,오마이걸,spillover,18,26
8430,오마이걸,spillover,19,36
8431,오마이걸,spillover,20,26
8432,오마이걸,spillover,21,34
8433,오마이걸,spillover,22,32
8434,오마이걸,spillover,23,32
8435,오마이걸,spillover,24,14
8436,오마이걸,spillover,25,9
8437,오마이걸,spillover,26,10
8438,오마이걸,spillover,27,6
8439,오마이걸,spillover,28,32
8440,오마이걸,spillover,29,26
8441,오마이걸,spillover,30,25
8442,오마이걸,spillover,31,21
8443,오마이걸,spillover,32,30
8444,오마이걸,spillover,33,23
8445,오마이걸,spillover,34,13
8446,오마이걸,spillover,35,18
8447,오마이걸,spillover,36,19
8448,오마이걸,spillover,37,26
8449,오마이걸,spillover,38,32
8450,오마이걸,spillover,39,26
8451,오마이걸,spillover,40,25
8452,오마이걸,spillover,41,18
8453,오마이걸,spillover,42,16
8454,오마이걸,spillover,43,24
8455,오마이걸,spillover,44,14
8456,오마이걸,spillover,45,17
8457,오마이걸,spillover,46,10
8458,오마이걸,spillover,47,11
8459,오마이걸,spillover,48,10
8460,오마이걸,spillover,49,9
8461,오마이걸,spillover,50,8
8462,오마이걸,spillover,51,15
8463,오마이걸,spillover,52,39
8464,오마이걸,spillover,53,37
8465,오마이걸,spillover,54,32
8466,오마이걸,spillover,55,27
8467,오마이걸,spillover,56,17
8468,오마이걸,spillover,57,26
8469,오마이걸,spillover,58,25
8470,오마이걸,spillover,59,15
8471,오마이걸,spillover,60,13
8472,오마이걸,spillover,61,24
8473,오마이걸,spillover,62,13
8474,오마이걸,spillover,63,26
8475,여자친구,loyalty,0,7
8476,여자친구,loyalty,1,7
8477,여자친구,loyalty,2,8
8478,여자친구,loyalty,3,14
8479,여자친구,loyalty,4,10
8480,여자친구,loyalty,5,9
8481,여자친구,loyalty,6,10
8482,여자친구,loyalty,7,13
8483,여자친구,loyalty,8,9
8484,여자친구,loyalty,9,19
8485,여자친구,loyalty,10,7
8486,여자친구,loyalty,11,15
8487,여자친구,loyalty,12,17
8488,여자친구,loyalty,13,23
8489,여자친구,loyalty,14,34
8490,여자친구,loyalty,15,23
8491,여자친구,loyalty,16,13
8492,여자친구,loyalty,17,8
8493,여자친구,loyalty,18,6
8494,여자친구,loyalty,19,27
8495,여자친구,loyalty,20,17
8496,여자친구,loyalty,21,12
8497,여자친구,loyalty,22,11
8498,여자친구,loyalty,23,13
8499,여자친구,loyalty,24,25
8500,여자친구,loyalty,25,8
8501,여자친구,loyalty,26,11
8502,여자친구,loyalty,27,7
8503,여자친구,loyalty,28,8
8504,여자친구,loyalty,29,7
8505,여자친구,loyalty,30,8
8506,여자친구,loyalty,31,11
8507,여자친구,loyalty,32,8
8508,여자친구,loyalty,33,8
8509,여자친구,loyalty,34,9
8510,여자친구,loyalty,35,9
8511,여자친구,loyalty,36,11
8512,여자친구,loyalty,37,22
8513,여자친구,loyalty,38,16
8514,여자친구,loyalty,39,12
8515,여자친구,loyalty,40,10
8516,여자친구,loyalty,41,14
8517,여자친구,loyalty,42,19
8518,여자친구,loyalty,43,8
8519,여자친구,spillover,0,10
8520,여자친구,spillover,1,20
8521,여자친구,spillover,2,22
8522,여자친구,spillover,3,7
8523,여자친구,spillover,4,22
8524,여자친구,spillover,5,13
8525,여자친구,spillover,6,15
8526,여자친구,spillover,7,17
8527,여자친구,spillover,8,21
8528,여자친구,spillover,9,18
8529,여자친구,spillover,10,17
8530,여자친구,spillover,11,19
8531,여자친구,spillover,12,23
8532,여자친구,spillover,13,20
8533,여자친구,spillover,14,23
8534,여자친구,spillover,15,20
8535,여자친구,spillover,16,17
8536,여자친구,spillover,17,5
8537,여자친구,spillover,18,37
8538,여자친구,spillover,19,26
8539,여자친구,spillover,20,8
8540,여자친구,spillover,21,4
8541,여자친구,spillover,22,4
8542,여자친구,spillover,23,5
8543,여자친구,spillover,24,30
8544,여자친구,spillover,25,30
8545,여자친구,spillover,26,25
8546,여자친구,spillover,27,22
8547,여자친구,spillover,28,16
8548,여자친구,spillover,29,26
8549,여자친구,spillover,30,19
8550,여자친구,spillover,31,24
8551,여자친구,spillover,32,15
8552,여자친구,spillover,33,11
8553,여자친구,spillover,34,10
8554,여자친구,spillover,35,11
8555,여자친구,spillover,36,10
8556,여자친구,spillover,37,10
8557,여자친구,spillover,38,27
8558,여자친구,spillover,39,27
8559,여자친구,spillover,40,25
8560,여자친구,spillover,41,32
8561,여자친구,spillover,42,27
8562,여자친구,spillover,43,13
8563,여자친구,spillover,44,17
8564,여자친구,spillover,45,17
8565,여자친구,spillover,46,23
8566,여자친구,spillover,47,22
8567,여자친구,spillover,48,18
8568,STAYC,loyalty,0,9
8569,STAYC,loyalty,1,13
8570,STAYC,loyalty,2,6
8571,STAYC,loyalty,3,5
8572,STAYC,loyalty,4,9
8573,STAYC,loyalty,5,15
8574,STAYC,loyalty,6,11
8575,STAYC,loyalty,7,7
8576,STAYC,loyalty,8,9
8577,STAYC,loyalty,9,17
8578,STAYC,loyalty,10,19
8579,STAYC,loyalty,11,9
8580,STAYC,loyalty,12,17
8581,STAYC,loyalty,13,11
8582,STAYC,loyalty,14,19
8583,STAYC,loyalty,15,33
8584,STAYC,loyalty,16,17
8585,STAYC,loyalty,17,29
8586,STAYC,loyalty,18,23
8587,STAYC,loyalty,19,9
8588,STAYC,loyalty,20,7
8589,STAYC,loyalty,21,31
8590,STAYC,loyalty,22,8
8591,STAYC,loyalty,23,10
8592,STAYC,loyalty,24,13
8593,STAYC,loyalty,25,9
8594,STAYC,loyalty,26,14
8595,STAYC,loyalty,27,10
8596,STAYC,loyalty,28,8
8597,STAYC,loyalty,29,6
8598,STAYC,loyalty,30,11
8599,STAYC,loyalty,31,10
8600,STAYC,loyalty,32,9
8601,STAYC,loyalty,33,22
8602,STAYC,loyalty,34,20
8603,STAYC,loyalty,35,19
8604,STAYC,loyalty,36,8
8605,STAYC,loyalty,37,15
8606,STAYC,loyalty,38,10
8607,STAYC,loyalty,39,12
8608,STAYC,loyalty,40,32
8609,STAYC,loyalty,41,8
8610,STAYC,spillover,0,11
8611,STAYC,spillover,1,8
8612,STAYC,spillover,2,12
8613,STAYC,spillover,3,14
8614,STAYC,spillover,4,9
8615,STAYC,spillover,5,10
8616,STAYC,spillover,6,11
8617,STAYC,spillover,7,10
8618,STAYC,spillover,8,14
8619,STAYC,spillover,9,13
8620,STAYC,spillover,10,14
8621,STAYC,spillover,11,15
8622,STAYC,spillover,12,18
8623,STAYC,spillover,13,24
8624,STAYC,spillover,14,33
8625,STAYC,spillover,15,29
8626,STAYC,spillover,16,30
8627,STAYC,spillover,17,12
8628,STAYC,spillover,18,16
8629,STAYC,spillover,19,18
8630,STAYC,spillover,20,31
8631,STAYC,spillover,21,25
8632,STAYC,spillover,22,28
8633,STAYC,spillover,23,28
8634,STAYC,spillover,24,7
8635,STAYC,spillover,25,5
8636,STAYC,spillover,26,5
8637,STAYC,spillover,27,5
8638,STAYC,spillover,28,4
8639,STAYC,spillover,29,14
8640,STAYC,spillover,30,15
8641,STAYC,spillover,31,29
8642,STAYC,spillover,32,14
8643,STAYC,spillover,33,29
8644,STAYC,spillover,34,28
8645,STAYC,spillover,35,20
8646,STAYC,spillover,36,19
8647,STAYC,spillover,37,23
8648,STAYC,spillover,38,21
8649,STAYC,spillover,39,7
8650,STAYC,spillover,40,7
8651,STAYC,spillover,41,7
8652,STAYC,spillover,42,27
8653,STAYC,spillover,43,35
8654,STAYC,spillover,44,18
8655,STAYC,spillover,45,12
8656,STAYC,spillover,46,10
8657,STAYC,spillover,47,22
8658,STAYC,spillover,48,22
8659,STAYC,spillover,49,22
8660,레드벨벳,loyalty,0,8
8661,레드벨벳,loyalty,1,18
8662,레드벨벳,loyalty,2,18
8663,레드벨벳,loyalty,3,14
8664,레드벨벳,loyalty,4,16
8665,레드벨벳,loyalty,5,12
8666,레드벨벳,loyalty,6,8
8667,레드벨벳,loyalty,7,15
8668,레드벨벳,loyalty,8,13
8669,레드벨벳,loyalty,9,27
8670,레드벨벳,loyalty,10,22
8671,레드벨벳,loyalty,11,14
8672,레드벨벳,loyalty,12,34
8673,레드벨벳,loyalty,13,17
8674,레드벨벳,loyalty,14,17
8675,레드벨벳,loyalty,15,16
8676,레드벨벳,loyalty,16,31
8677,레드벨벳,loyalty,17,23
8678,레드벨벳,loyalty,18,28
8679,레드벨벳,loyalty,19,30
8680,레드벨벳,loyalty,20,19
8681,레드벨벳,loyalty,21,24
8682,레드벨벳,loyalty,22,21
8683,레드벨벳,loyalty,23,11
8684,레드벨벳,loyalty,24,13
8685,레드벨벳,loyalty,25,19
8686,레드벨벳,loyalty,26,12
8687,레드벨벳,loyalty,27,10
8688,레드벨벳,loyalty,28,5
8689,레드벨벳,loyalty,29,7
8690,레드벨벳,loyalty,30,9
8691,레드벨벳,loyalty,31,5
8692,레드벨벳,loyalty,32,10
8693,레드벨벳,loyalty,33,5
8694,레드벨벳,loyalty,34,12
8695,레드벨벳,loyalty,35,10
8696,레드벨벳,loyalty,36,9
8697,레드벨벳,loyalty,37,9
8698,레드벨벳,loyalty,38,9
8699,레드벨벳,loyalty,39,8
8700,레드벨벳,loyalty,40,8
8701,레드벨벳,loyalty,41,8
8702,레드벨벳,loyalty,42,6
8703,레드벨벳,loyalty,43,8
8704,레드벨벳,loyalty,44,12
8705,레드벨벳,loyalty,45,7
8706,레드벨벳,loyalty,46,8
8707,레드벨벳,loyalty,47,18
8708,레드벨벳,loyalty,48,10
8709,레드벨벳,loyalty,49,17
8710,레드벨벳,loyalty,50,28
8711,레드벨벳,loyalty,51,7
8712,레드벨벳,loyalty,52,27
8713,레드벨벳,spillover,0,17
8714,레드벨벳,spillover,1,14
8715,레드벨벳,spillover,2,12
8716,레드벨벳,spillover,3,8
8717,레드벨벳,spillover,4,14
8718,레드벨벳,spillover,5,13
8719,레드벨벳,spillover,6,16
8720,레드벨벳,spillover,7,18
8721,레드벨벳,spillover,8,12
8722,레드벨벳,spillover,9,24
8723,레드벨벳,spillover,10,41
8724,레드벨벳,spillover,11,28
8725,레드벨벳,spillover,12,16
8726,레드벨벳,spillover,13,29
8727,레드벨벳,spillover,14,23
8728,레드벨벳,spillover,15,25
8729,레드벨벳,spillover,16,19
8730,레드벨벳,spillover,17,23
8731,레드벨벳,spillover,18,30
8732,레드벨벳,spillover,19,38
8733,레드벨벳,spillover,20,28
8734,레드벨벳,spillover,21,17
8735,레드벨벳,spillover,22,28
8736,레드벨벳,spillover,23,25
8737,레드벨벳,spillover,24,16
8738,레드벨벳,spillover,25,4
8739,레드벨벳,spillover,26,6
8740,레드벨벳,spillover,27,6
8741,레드벨벳,spillover,28,4
8742,레드벨벳,spillover,29,11
8743,레드벨벳,spillover,30,19
8744,레드벨벳,spillover,31,21
8745,레드벨벳,spillover,32,14
8746,레드벨벳,spillover,33,30
8747,레드벨벳,spillover,34,21
8748,레드벨벳,spillover,35,37
8749,레드벨벳,spillover,36,8
8750,레드벨벳,spillover,37,39
8751,레드벨벳,spillover,38,12
8752,레드벨벳,spillover,39,26
8753,레드벨벳,spillover,40,15
8754,레드벨벳,spillover,41,16
8755,레드벨벳,spillover,42,21
8756,레드벨벳,spillover,43,24
8757,레드벨벳,spillover,44,21
8758,레드벨벳,spillover,45,20
8759,레드벨벳,spillover,46,9
8760,레드벨벳,spillover,47,13
8761,레드벨벳,spillover,48,10
8762,레드벨벳,spillover,49,10
8763,레드벨벳,spillover,50,16
8764,레드벨벳,spillover,51,4
8765,레드벨벳,spillover,52,3
8766,레드벨벳,spillover,53,5
8767,레드벨벳,spillover,54,4
8768,레드벨벳,spillover,55,32
8769,레드벨벳,spillover,57,29
8770,레드벨벳,spillover,58,28
8771,레드벨벳,spillover,59,30
8772,레드벨벳,spillover,60,14
8773,레드벨벳,spillover,61,13
8774,레드벨벳,spillover,62,14
8775,레드벨벳,spillover,63,19
8776,레드벨벳,spillover,64,15
8777,엔믹스,loyalty,0,9
8778,엔믹스,loyalty,1,9
8779,엔믹스,loyalty,2,10
8780,엔믹스,loyalty,3,18
8781,엔믹스,loyalty,4,12
8782,엔믹스,loyalty,5,9
8783,엔믹스,loyalty,6,14
8784,엔믹스,loyalty,7,21
8785,엔믹스,loyalty,8,14
8786,엔믹스,loyalty,9,17
8787,엔믹스,loyalty,10,32
8788,엔믹스,loyalty,11,27
8789,엔믹스,loyalty,12,14
8790,엔믹스,loyalty,13,27
8791,엔믹스,loyalty,14,14
8792,엔믹스,loyalty,15,25
8793,엔믹스,loyalty,16,6
8794,엔믹스,loyalty,17,6
8795,엔믹스,loyalty,18,15
8796,엔믹스,loyalty,19,14
8797,엔믹스,loyalty,20,18
8798,엔믹스,loyalty,21,27
8799,엔믹스,loyalty,22,28
8800,엔믹스,loyalty,23,10
8801,엔믹스,loyalty,24,11
8802,엔믹스,loyalty,25,8
8803,엔믹스,loyalty,26,28
8804,엔믹스,loyalty,27,9
8805,엔믹스,loyalty,28,9
8806,엔믹스,loyalty,29,8
8807,엔믹스,loyalty,30,10
8808,엔믹스,loyalty,31,8
8809,엔믹스,loyalty,32,9
8810,엔믹스,loyalty,33,9
8811,엔믹스,loyalty,34,9
8812,엔믹스,loyalty,35,6
8813,엔믹스,loyalty,36,10
8814,엔믹스,loyalty,37,8
8815,엔믹스,loyalty,38,9
8816,엔믹스,loyalty,39,10
8817,엔믹스,loyalty,40,15
8818,엔믹스,loyalty,41,20
8819,엔믹스,loyalty,42,9
8820,엔믹스,loyalty,43,7
8821,엔믹스,loyalty,44,11
8822,엔믹스,loyalty,45,28
8823,엔믹스,loyalty,46,30
8824,엔믹스,spillover,0,9
8825,엔믹스,spillover,1,8
8826,엔믹스,spillover,2,11
8827,엔믹스,spillover,3,15
8828,엔믹스,spillover,4,7
8829,엔믹스,spillover,5,13
8830,엔믹스,spillover,6,10
8831,엔믹스,spillover,7,12
8832,엔믹스,spillover,8,13
8833,엔믹스,spillover,9,20
8834,엔믹스,spillover,10,11
8835,엔믹스,spillover,11,7
8836,엔믹스,spillover,12,12
8837,엔믹스,spillover,13,21
8838,엔믹스,spillover,14,23
8839,엔믹스,spillover,15,32
8840,엔믹스,spillover,16,22
8841,엔믹스,spillover,17,30
8842,엔믹스,spillover,18,22
8843,엔믹스,spillover,19,28
8844,엔믹스,spillover,20,31
8845,엔믹스,spillover,21,35
8846,엔믹스,spillover,22,6
8847,엔믹스,spillover,23,19
8848,엔믹스,spillover,24,10
8849,엔믹스,spillover,25,43
8850,엔믹스,spillover,26,37
8851,엔믹스,spillover,27,22
8852,엔믹스,spillover,28,40
8853,엔믹스,spillover,29,11
8854,엔믹스,spillover,30,17
8855,엔믹스,spillover,31,10
8856,엔믹스,spillover,32,17
8857,엔믹스,spillover,33,14
8858,엔믹스,spillover,34,23
8859,엔믹스,spillover,35,17
8860,엔믹스,spillover,36,21
8861,엔믹스,spillover,37,14
8862,엔믹스,spillover,38,21
8863,엔믹스,spillover,39,26
8864,엔믹스,spillover,40,24
8865,엔믹스,spillover,41,23
8866,엔믹스,spillover,42,27
8867,엔믹스,spillover,43,20
8868,엔믹스,spillover,44,20
8869,엔믹스,spillover,45,14
8870,엔믹스,spillover,46,16
8871,엔믹스,spillover,47,12
8872,엔믹스,spillover,48,11
8873,엔믹스,spillover,49,11
8874,엔믹스,spillover,50,12
8875,엔믹스,spillover,51,9
8876,엔믹스,spillover,52,11
8877,엔믹스,spillover,53,8
8878,엔믹스,spillover,54,9
8879,엔믹스,spillover,55,24
8880,엔믹스,spillover,56,33
8881,엔믹스,spillover,57,22
8882,엔믹스,spillover,58,42
8883,엔믹스,spillover,59,33
8884,엔믹스,spillover,60,22
8885,엔믹스,spillover,61,17
8886,엔믹스,spillover,62,23
8887,마마무,loyalty,0,4
8888,마마무,loyalty,1,8
8889,마마무,loyalty,2,9
8890,마마무,loyalty,3,20
8891,마마무,loyalty,4,8
8892,마마무,loyalty,5,17
8893,마마무,loyalty,6,9
8894,마마무,loyalty,7,7
8895,마마무,loyalty,8,9
8896,마마무,loyalty,9,11
8897,마마무,loyalty,10,17
8898,마마무,loyalty,11,9
8899,마마무,loyalty,12,27
8900,마마무,loyalty,13,17
8901,마마무,loyalty,14,28
8902,마마무,loyalty,15,22
8903,마마무,loyalty,16,5
8904,마마무,loyalty,17,10
8905,마마무,loyalty,18,20
8906,마마무,loyalty,19,7
8907,마마무,loyalty,22,20
8908,마마무,loyalty,23,20
8909,마마무,loyalty,24,13
8910,마마무,loyalty,25,13
8911,마마무,loyalty,26,14
8912,마마무,loyalty,27,10
8913,마마무,loyalty,28,9
8914,마마무,loyalty,29,10
8915,마마무,loyalty,30,10
8916,마마무,loyalty,31,13
8917,마마무,loyalty,32,36
8918,마마무,loyalty,33,15
8919,마마무,loyalty,34,17
8920,마마무,spillover,0,11
8921,마마무,spillover,1,10
8922,마마무,spillover,2,11
8923,마마무,spillover,3,11
8924,마마무,spillover,4,10
8925,마마무,spillover,5,16
8926,마마무,spillover,6,11
8927,마마무,spillover,7,20
8928,마마무,spillover,8,12
8929,마마무,spillover,9,16
8930,마마무,spillover,10,17
8931,마마무,spillover,11,23
8932,마마무,spillover,12,30
8933,마마무,spillover,13,26
8934,마마무,spillover,14,25
8935,마마무,spillover,15,12
8936,마마무,spillover,16,11
8937,마마무,spillover,17,12
8938,마마무,spillover,18,15
8939,마마무,spillover,19,7
8940,마마무,spillover,20,4
8941,마마무,spillover,21,34
8942,마마무,spillover,22,28
8943,마마무,spillover,23,17
8944,마마무,spillover,24,8
8945,마마무,spillover,25,4
8946,마마무,spillover,26,27
8947,마마무,spillover,27,16
8948,마마무,spillover,28,21
8949,마마무,spillover,29,20
8950,마마무,spillover,30,15
8951,마마무,spillover,31,14
8952,마마무,spillover,32,25
8953,마마무,spillover,33,16
8954,마마무,spillover,34,15
8955,마마무,spillover,35,19
8956,마마무,spillover,36,19
8957,마마무,spillover,37,16
8958,마마무,spillover,38,14
8959,마마무,spillover,39,14
8960,마마무,spillover,40,15
8961,마마무,spillover,41,24
8962,마마무,spillover,42,10
8963,마마무,spillover,43,8
8964,마마무,spillover,44,7
8965,마마무,spillover,45,13
8966,마마무,spillover,46,11
8967,마마무,spillover,47,11
8968,마마무,spillover,48,14
8969,마마무,spillover,49,38
8970,마마무,spillover,50,48
8971,마마무,spillover,51,17
8972,마마무,spillover,52,21
8973,마마무,spillover,53,22
8974,마마무,spillover,54,21
8975,마마무,spillover,55,24
8976,마마무,spillover,56,13
8977,마마무,spillover,57,24
8978,마마무,spillover,58,21
8979,아이오아이,loyalty,0,39
8980,아이오아이,loyalty,1,30
8981,아이오아이,loyalty,2,27
8982,아이오아이,loyalty,3,18
8983,아이오아이,loyalty,4,29
8984,아이오아이,loyalty,5,5
8985,아이오아이,loyalty,6,7
8986,아이오아이,loyalty,7,12
8987,아이오아이,loyalty,8,10
8988,아이오아이,loyalty,9,18
8989,아이오아이,loyalty,10,18
8990,아이오아이,loyalty,11,16
8991,아이오아이,loyalty,12,21
8992,아이오아이,loyalty,13,32
8993,아이오아이,loyalty,14,24
8994,아이오아이,loyalty,15,38
8995,아이오아이,loyalty,16,17
8996,아이오아이,loyalty,17,15
8997,아이오아이,loyalty,18,12
8998,아이오아이,loyalty,19,21
8999,아이오아이,loyalty,20,28
9000,아이오아이,loyalty,21,15
9001,아이오아이,loyalty,22,8
9002,아이오아이,loyalty,23,13
9003,아이오아이,loyalty,24,8
9004,아이오아이,loyalty,25,12
9005,아이오아이,loyalty,26,8
9006,아이오아이,loyalty,27,9
9007,아이오아이,loyalty,28,9
9008,아이오아이,loyalty,29,7
9009,아이오아이,loyalty,30,6
9010,아이오아이,loyalty,31,9
9011,아이오아이,loyalty,32,7
9012,아이오아이,loyalty,33,8
9013,아이오아이,loyalty,34,10
9014,아이오아이,loyalty,35,11
9015,아이오아이,loyalty,36,12
9016,아이오아이,loyalty,37,17
9017,아이오아이,loyalty,38,16
9018,아이오아이,loyalty,39,34
9019,아이오아이,loyalty,40,25
9020,아이오아이,loyalty,41,13
9021,아이오아이,loyalty,42,14
9022,아이오아이,loyalty,43,35
9023,아이오아이,loyalty,44,34
9024,아이오아이,spillover,0,23
9025,아이오아이,spillover,1,34
9026,아이오아이,spillover,2,23
9027,아이오아이,spillover,3,6
9028,아이오아이,spillover,4,13
9029,아이오아이,spillover,5,11
9030,아이오아이,spillover,6,23
9031,아이오아이,spillover,7,8
9032,아이오아이,spillover,8,16
9033,아이오아이,spillover,9,17
9034,아이오아이,spillover,10,31
9035,아이오아이,spillover,11,14
9036,아이오아이,spillover,12,9
9037,아이오아이,spillover,13,12
9038,아이오아이,spillover,14,8
9039,아이오아이,spillover,15,9
9040,아이오아이,spillover,16,49
9041,아이오아이,spillover,17,37
9042,아이오아이,spillover,18,34
9043,아이오아이,spillover,19,24
9044,아이오아이,spillover,20,21
9045,아이오아이,spillover,21,13
9046,아이오아이,spillover,22,18
9047,아이오아이,spillover,23,11
9048,아이오아이,spillover,24,13
9049,아이오아이,spillover,25,17
9050,아이오아이,spillover,26,14
9051,아이오아이,spillover,27,12
9052,아이오아이,spillover,28,19
9053,아이오아이,spillover,29,14
9054,아이오아이,spillover,30,17
9055,아이오아이,spillover,31,16
9056,아이오아이,spillover,32,16
9057,아이오아이,spillover,33,25
9058,아이오아이,spillover,34,14
9059,아이오아이,spillover,35,10
9060,아이오아이,spillover,36,13
9061,아이오아이,spillover,37,14
9062,아이오아이,spillover,38,36
9063,아이오아이,spillover,39,30
9064,아이오아이,spillover,40,29
9065,아이오아이,spillover,41,19
9066,아이오아이,spillover,42,21
9067,아이오아이,spillover,43,25
9068,아이오아이,spillover,44,27
9069,아이오아이,spillover,45,27
9070,아이오아이,spillover,46,19
9071,아이오아이,spillover,47,14
9072,아이오아이,spillover,48,61
9073,아이오아이,spillover,49,21
9074,Hearts2Hearts,loyalty,0,25
9075,Hearts2Hearts,loyalty,1,20
9076,Hearts2Hearts,loyalty,2,20
9077,Hearts2Hearts,loyalty,3,18
9078,Hearts2Hearts,loyalty,4,9
9079,Hearts2Hearts,loyalty,5,17
9080,Hearts2Hearts,loyalty,6,17
9081,Hearts2Hearts,loyalty,7,14
9082,Hearts2Hearts,loyalty,8,14
9083,Hearts2Hearts,loyalty,9,9
9084,Hearts2Hearts,loyalty,10,12
9085,Hearts2Hearts,loyalty,11,17
9086,Hearts2Hearts,loyalty,12,21
9087,Hearts2Hearts,loyalty,13,18
9088,Hearts2Hearts,loyalty,14,19
9089,Hearts2Hearts,loyalty,15,15
9090,Hearts2Hearts,loyalty,16,11
9091,Hearts2Hearts,loyalty,17,9
9092,Hearts2Hearts,loyalty,18,17
9093,Hearts2Hearts,loyalty,19,22
9094,Hearts2Hearts,loyalty,20,16
9095,Hearts2Hearts,loyalty,21,34
9096,Hearts2Hearts,loyalty,22,28
9097,Hearts2Hearts,loyalty,23,54
9098,Hearts2Hearts,loyalty,24,53
9099,Hearts2Hearts,loyalty,25,21
9100,Hearts2Hearts,loyalty,26,28
9101,Hearts2Hearts,spillover,0,29
9102,Hearts2Hearts,spillover,1,23
9103,Hearts2Hearts,spillover,2,12
9104,Hearts2Hearts,spillover,3,23
9105,Hearts2Hearts,spillover,4,16
9106,Hearts2Hearts,spillover,5,11
9107,Hearts2Hearts,spillover,6,13
9108,Hearts2Hearts,spillover,7,15
9109,Hearts2Hearts,spillover,8,6
9110,Hearts2Hearts,spillover,9,16
9111,Hearts2Hearts,spillover,10,18
9112,Hearts2Hearts,spillover,11,14
9113,Hearts2Hearts,spillover,12,5
9114,Hearts2Hearts,spillover,13,11
9115,Hearts2Hearts,spillover,14,13
9116,Hearts2Hearts,spillover,15,9
9117,Hearts2Hearts,spillover,16,30
9118,Hearts2Hearts,spillover,17,25
9119,Hearts2Hearts,spillover,18,14
9120,Hearts2Hearts,spillover,19,10
9121,Hearts2Hearts,spillover,20,26
9122,Hearts2Hearts,spillover,21,37
9123,Hearts2Hearts,spillover,22,22
9124,Hearts2Hearts,spillover,23,19
9125,Hearts2Hearts,spillover,24,16
9126,Hearts2Hearts,spillover,25,7
9127,Hearts2Hearts,spillover,26,15
9128,Hearts2Hearts,spillover,27,17
9129,Hearts2Hearts,spillover,28,15
9130,Hearts2Hearts,spillover,29,11
9131,Hearts2Hearts,spillover,30,13
9132,Hearts2Hearts,spillover,31,21
9133,Hearts2Hearts,spillover,32,34
9134,Hearts2Hearts,spillover,33,24
9135,Hearts2Hearts,spillover,34,11
9136,Hearts2Hearts,spillover,35,5
9137,Hearts2Hearts,spillover,36,5
9138,Hearts2Hearts,spillover,37,17
9139,Hearts2Hearts,spillover,38,28
9140,Hearts2Hearts,spillover,39,25
9141,Hearts2Hearts,spillover,40,13
9142,Hearts2Hearts,spillover,41,24
9143,Hearts2Hearts,spillover,42,16
9144,Hearts2Hearts,spillover,43,21
9145,Hearts2Hearts,spillover,44,16
9146,Hearts2Hearts,spillover,45,19
9147,Hearts2Hearts,spillover,46,16
9148,Hearts2Hearts,spillover,47,18
9149,Hearts2Hearts,spillover,48,13
9150,Hearts2Hearts,spillover,49,14
9151,Hearts2Hearts,spillover,50,11
9152,Hearts2Hearts,spillover,51,7
9153,Hearts2Hearts,spillover,52,13
9154,Hearts2Hearts,spillover,53,10
9155,Hearts2Hearts,spillover,54,11
9156,Hearts2Hearts,spillover,55,5
9157,Hearts2Hearts,spillover,56,13
9158,Hearts2Hearts,spillover,57,20
9159,Hearts2Hearts,spillover,58,39
9160,Hearts2Hearts,spillover,59,28
9161,Hearts2Hearts,spillover,60,25
9162,Hearts2Hearts,spillover,61,39
9163,Hearts2Hearts,spillover,62,24
9164,Hearts2Hearts,spillover,63,24
9165,Hearts2Hearts,spillover,64,16
9166,Hearts2Hearts,spillover,65,15
9167,Hearts2Hearts,spillover,66,55
9168,Hearts2Hearts,spillover,67,44
9169,Hearts2Hearts,spillover,68,56
9170,Hearts2Hearts,spillover,69,52
9171,Hearts2Hearts,spillover,70,19
9172,Hearts2Hearts,spillover,71,20
9173,Hearts2Hearts,spillover,72,19
9174,Hearts2Hearts,spillover,73,13
9175,Hearts2Hearts,spillover,74,21
9176,워너원,loyalty,0,20
9177,워너원,loyalty,1,19
9178,워너원,loyalty,2,47
9179,워너원,loyalty,3,21
9180,워너원,loyalty,4,11
9181,워너원,loyalty,5,12
9182,워너원,loyalty,6,9
9183,워너원,loyalty,7,8
9184,워너원,loyalty,8,12
9185,워너원,loyalty,9,14
9186,워너원,loyalty,10,26
9187,워너원,loyalty,11,16
9188,워너원,loyalty,12,10
9189,워너원,loyalty,13,12
9190,워너원,loyalty,14,17
9191,워너원,loyalty,15,11
9192,워너원,loyalty,16,17
9193,워너원,loyalty,17,18
9194,워너원,loyalty,18,14
9195,워너원,loyalty,19,40
9196,워너원,loyalty,20,22
9197,워너원,loyalty,21,20
9198,워너원,loyalty,22,21
9199,워너원,loyalty,23,11
9200,워너원,loyalty,24,9
9201,워너원,loyalty,25,10
9202,워너원,loyalty,26,8
9203,워너원,loyalty,27,10
9204,워너원,loyalty,28,7
9205,워너원,loyalty,29,6
9206,워너원,loyalty,30,6
9207,워너원,loyalty,31,9
9208,워너원,loyalty,32,7
9209,워너원,loyalty,33,8
9210,워너원,loyalty,34,6
9211,워너원,loyalty,35,7
9212,워너원,loyalty,36,12
9213,워너원,loyalty,37,7
9214,워너원,loyalty,38,7
9215,워너원,loyalty,39,8
9216,워너원,loyalty,40,12
9217,워너원,loyalty,41,8
9218,워너원,loyalty,42,52
9219,워너원,loyalty,43,30
9220,워너원,loyalty,44,26
9221,워너원,loyalty,45,28
9222,워너원,loyalty,46,18
9223,워너원,loyalty,47,26
9224,워너원,spillover,0,18
9225,워너원,spillover,1,12
9226,워너원,spillover,2,34
9227,워너원,spillover,3,23
9228,워너원,spillover,4,8
9229,워너원,spillover,5,9
9230,워너원,spillover,6,8
9231,워너원,spillover,7,12
9232,워너원,spillover,8,17
9233,워너원,spillover,9,15
9234,워너원,spillover,10,7
9235,워너원,spillover,11,20
9236,워너원,spillover,12,10
9237,워너원,spillover,13,18
9238,워너원,spillover,14,16
9239,워너원,spillover,15,11
9240,워너원,spillover,16,10
9241,워너원,spillover,17,10
9242,워너원,spillover,18,11
9243,워너원,spillover,19,17
9244,워너원,spillover,20,29
9245,워너원,spillover,21,16
9246,워너원,spillover,22,17
9247,워너원,spillover,23,19
9248,워너원,spillover,24,15
9249,워너원,spillover,25,15
9250,워너원,spillover,26,14
9251,워너원,spillover,27,16
9252,워너원,spillover,28,18
9253,워너원,spillover,29,24
9254,워너원,spillover,30,35
9255,워너원,spillover,31,39
9256,워너원,spillover,32,23
9257,워너원,spillover,33,25
9258,워너원,spillover,34,24
9259,워너원,spillover,35,18
9260,워너원,spillover,36,26
9261,워너원,spillover,37,12
9262,워너원,spillover,38,11
9263,워너원,spillover,39,14
9264,워너원,spillover,40,15
9265,워너원,spillover,41,28
9266,워너원,spillover,42,13
9267,워너원,spillover,43,17
9268,워너원,spillover,44,19
9269,워너원,spillover,45,43
9270,워너원,spillover,46,15
9271,워너원,spillover,47,22
9272,워너원,spillover,48,15
9273,워너원,spillover,49,16
9274,워너원,spillover,50,18
9275,워너원,spillover,51,14
9276,워너원,spillover,52,17
9277,워너원,spillover,53,9
9278,워너원,spillover,54,9
9279,워너원,spillover,55,9
9280,워너원,spillover,56,9
9281,워너원,spillover,57,7
9282,워너원,spillover,58,29
9283,워너원,spillover,59,21
9284,워너원,spillover,60,27
9285,워너원,spillover,61,32
9286,워너원,spillover,62,33
9287,워너원,spillover,63,31
9288,워너원,spillover,64,26
9289,워너원,spillover,65,43
9290,워너원,spillover,66,26
9291,워너원,spillover,67,22
9292,워너원,spillover,68,14
9293,워너원,spillover,69,16
9294,워너원,spillover,70,11
9295,워너원,spillover,71,18
9296,워너원,spillover,72,16
9297,워너원,spillover,73,20
9298,워너원,spillover,74,22
9299,아일릿,loyalty,0,27
9300,아일릿,loyalty,1,25
9301,아일릿,loyalty,2,27
9302,아일릿,loyalty,3,28
9303,아일릿,loyalty,4,18
9304,아일릿,loyalty,5,10
9305,아일릿,loyalty,6,6
9306,아일릿,loyalty,7,10
9307,아일릿,loyalty,8,14
9308,아일릿,loyalty,9,16
9309,아일릿,loyalty,10,6
9310,아일릿,loyalty,11,22
9311,아일릿,loyalty,12,18
9312,아일릿,loyalty,13,21
9313,아일릿,loyalty,14,38
9314,아일릿,loyalty,15,32
9315,아일릿,loyalty,16,14
9316,아일릿,loyalty,17,12
9317,아일릿,loyalty,18,35
9318,아일릿,loyalty,19,26
9319,아일릿,loyalty,20,27
9320,아일릿,loyalty,21,18
9321,아일릿,loyalty,22,14
9322,아일릿,loyalty,23,9
9323,아일릿,loyalty,24,8
9324,아일릿,loyalty,25,9
9325,아일릿,loyalty,26,13
9326,아일릿,loyalty,27,17
9327,아일릿,loyalty,28,10
9328,아일릿,loyalty,29,31
9329,아일릿,loyalty,30,33
9330,아일릿,spillover,0,32
9331,아일릿,spillover,1,35
9332,아일릿,spillover,2,19
9333,아일릿,spillover,3,26
9334,아일릿,spillover,4,17
9335,아일릿,spillover,5,11
9336,아일릿,spillover,6,13
9337,아일릿,spillover,7,28
9338,아일릿,spillover,8,24
9339,아일릿,spillover,9,17
9340,아일릿,spillover,10,13
9341,아일릿,spillover,11,16
9342,아일릿,spillover,12,9
9343,아일릿,spillover,13,24
9344,아일릿,spillover,14,19
9345,아일릿,spillover,15,11
9346,아일릿,spillover,16,17
9347,아일릿,spillover,17,31
9348,아일릿,spillover,18,29
9349,아일릿,spillover,19,18
9350,아일릿,spillover,20,41
9351,아일릿,spillover,21,29
9352,아일릿,spillover,22,33
9353,아일릿,spillover,23,18
9354,아일릿,spillover,24,12
9355,아일릿,spillover,25,22
9356,아일릿,spillover,26,44
9357,아일릿,spillover,27,27
9358,아일릿,spillover,28,11
9359,아일릿,spillover,29,10
9360,아일릿,spillover,30,12
9361,아일릿,spillover,31,14
9362,아일릿,spillover,32,14
9363,아일릿,spillover,33,11
9364,아일릿,spillover,34,32
9365,아일릿,spillover,35,37
9366,아일릿,spillover,36,18
9367,아일릿,spillover,37,23
9368,아일릿,spillover,38,27
9369,아일릿,spillover,39,9
9370,아일릿,spillover,40,7
9371,아일릿,spillover,41,9
9372,아일릿,spillover,42,10
9373,아일릿,spillover,43,8
9374,아일릿,spillover,44,6
9375,아일릿,spillover,45,11
9376,아일릿,spillover,46,17
9377,아일릿,spillover,47,28
9378,아일릿,spillover,48,29
9379,아일릿,spillover,49,15
9380,아일릿,spillover,50,24
9381,아일릿,spillover,51,20
9382,아일릿,spillover,52,22
9383,아일릿,spillover,53,17
9384,아일릿,spillover,54,14
9385,아일릿,spillover,55,16
9386,아일릿,spillover,56,19
9387,아일릿,spillover,57,19
9388,아일릿,spillover,58,14
9389,아일릿,spillover,59,17
9390,아일릿,spillover,60,10
9391,아일릿,spillover,61,8
9392,아일릿,spillover,62,9
9393,아일릿,spillover,63,7
9394,아일릿,spillover,64,11
9395,아일릿,spillover,65,8
9396,아일릿,spillover,66,7
9397,아일릿,spillover,67,47
9398,아일릿,spillover,68,30
9399,아일릿,spillover,69,39
9400,아일릿,spillover,70,27
9401,아일릿,spillover,71,15
9402,아일릿,spillover,72,16
9403,아일릿,spillover,73,14
9404,아일릿,spillover,74,16
9405,아일릿,spillover,75,25
9406,GOT7,loyalty,0,14
9407,GOT7,loyalty,1,14
9408,GOT7,loyalty,2,14
9409,GOT7,loyalty,3,20
9410,GOT7,loyalty,4,18
9411,GOT7,loyalty,5,20
9412,GOT7,loyalty,6,12
9413,GOT7,loyalty,7,12
9414,GOT7,loyalty,8,13
9415,GOT7,loyalty,9,23
9416,GOT7,loyalty,10,18
9417,GOT7,loyalty,11,21
9418,GOT7,loyalty,12,16
9419,GOT7,loyalty,13,23
9420,GOT7,loyalty,14,22
9421,GOT7,loyalty,15,18
9422,GOT7,loyalty,16,15
9423,GOT7,loyalty,17,18
9424,GOT7,loyalty,18,19
9425,GOT7,loyalty,19,14
9426,GOT7,loyalty,20,23
9427,GOT7,loyalty,21,16
9428,GOT7,loyalty,22,13
9429,GOT7,loyalty,23,25
9430,GOT7,loyalty,24,19
9431,GOT7,loyalty,25,15
9432,GOT7,loyalty,26,28
9433,GOT7,loyalty,27,27
9434,GOT7,loyalty,28,18
9435,GOT7,loyalty,29,21
9436,GOT7,loyalty,30,32
9437,GOT7,loyalty,31,15
9438,GOT7,loyalty,32,18
9439,GOT7,loyalty,33,16
9440,GOT7,loyalty,34,29
9441,GOT7,loyalty,35,22
9442,GOT7,loyalty,36,18
9443,GOT7,loyalty,37,29
9444,GOT7,spillover,0,16
9445,GOT7,spillover,1,22
9446,GOT7,spillover,2,20
9447,GOT7,spillover,3,13
9448,GOT7,spillover,4,21
9449,GOT7,spillover,5,20
9450,GOT7,spillover,6,15
9451,GOT7,spillover,7,17
9452,GOT7,spillover,8,20
9453,GOT7,spillover,9,14
9454,GOT7,spillover,10,15
9455,GOT7,spillover,11,20
9456,GOT7,spillover,12,28
9457,GOT7,spillover,13,23
9458,GOT7,spillover,14,22
9459,GOT7,spillover,15,10
9460,GOT7,spillover,16,10
9461,GOT7,spillover,17,20
9462,GOT7,spillover,18,22
9463,GOT7,spillover,19,15
9464,GOT7,spillover,20,17
9465,GOT7,spillover,21,18
9466,GOT7,spillover,22,14
9467,GOT7,spillover,23,15
9468,GOT7,spillover,24,21
9469,GOT7,spillover,25,21
9470,GOT7,spillover,26,16
9471,GOT7,spillover,27,15
9472,GOT7,spillover,28,15
9473,GOT7,spillover,29,17
9474,GOT7,spillover,30,19
9475,GOT7,spillover,31,17
9476,GOT7,spillover,32,22
9477,GOT7,spillover,33,10
9478,GOT7,spillover,34,21
9479,GOT7,spillover,35,17
9480,GOT7,spillover,36,15
9481,GOT7,spillover,37,11
9482,GOT7,spillover,38,19
9483,GOT7,spillover,39,23
9484,GOT7,spillover,40,10
9485,GOT7,spillover,41,29
9486,GOT7,spillover,42,18
9487,GOT7,spillover,43,28
9488,GOT7,spillover,44,11
9489,GOT7,spillover,45,23
9490,GOT7,spillover,46,21
9491,GOT7,spillover,47,21
9492,GOT7,spillover,48,20
9493,GOT7,spillover,49,17
9494,GOT7,spillover,50,16
9495,GOT7,spillover,51,12
9496,GOT7,spillover,52,18
9497,GOT7,spillover,53,17
9498,GOT7,spillover,54,18
9499,GOT7,spillover,55,17
9500,GOT7,spillover,56,37
9501,GOT7,spillover,57,23
9502,GOT7,spillover,58,18
9503,GOT7,spillover,59,20
9504,GOT7,spillover,60,20
9505,GOT7,spillover,61,17
9506,GOT7,spillover,62,28
9507,GOT7,spillover,63,26
9508,GOT7,spillover,64,39
9509,GOT7,spillover,65,20
9510,GOT7,spillover,66,17
9511,GOT7,spillover,67,24
9512,GOT7,spillover,68,23
9513,김재중,loyalty,0,14
9514,김재중,loyalty,1,19
9515,김재중,loyalty,2,18
9516,김재중,loyalty,3,20
9517,김재중,loyalty,4,18
9518,김재중,loyalty,5,17
9519,김재중,loyalty,6,21
9520,김재중,loyalty,7,21
9521,김재중,loyalty,8,17
9522,김재중,loyalty,9,19
9523,김재중,loyalty,10,13
9524,김재중,loyalty,11,18
9525,김재중,loyalty,12,33
9526,김재중,loyalty,13,41
9527,김재중,loyalty,14,34
9528,김재중,loyalty,15,29
9529,김재중,loyalty,16,33
9530,김재중,loyalty,17,24
9531,김재중,loyalty,18,8
9532,김재중,loyalty,19,26
9533,김재중,loyalty,20,21
9534,김재중,loyalty,21,32
9535,김재중,loyalty,22,31
9536,김재중,loyalty,23,34
9537,김재중,loyalty,24,12
9538,김재중,loyalty,25,9
9539,김재중,loyalty,26,11
9540,김재중,loyalty,27,17
9541,김재중,loyalty,28,10
9542,김재중,loyalty,29,9
9543,김재중,loyalty,30,9
9544,김재중,loyalty,31,8
9545,김재중,loyalty,32,28
9546,김재중,loyalty,33,15
9547,김재중,loyalty,34,13
9548,김재중,loyalty,35,21
9549,김재중,loyalty,36,23
9550,김재중,loyalty,37,25
9551,김재중,loyalty,38,31
9552,김재중,spillover,0,24
9553,김재중,spillover,1,23
9554,김재중,spillover,2,18
9555,김재중,spillover,3,17
9556,김재중,spillover,4,18
9557,김재중,spillover,5,16
9558,김재중,spillover,6,17
9559,김재중,spillover,7,16
9560,김재중,spillover,8,17
9561,김재중,spillover,9,19
9562,김재중,spillover,10,22
9563,김재중,spillover,11,41
9564,김재중,spillover,12,42
9565,김재중,spillover,13,20
9566,김재중,spillover,14,23
9567,김재중,spillover,15,34
9568,김재중,spillover,16,31
9569,김재중,spillover,17,31
9570,김재중,spillover,18,32
9571,김재중,spillover,19,25
9572,김재중,spillover,20,59
9573,김재중,spillover,21,29
9574,김재중,spillover,22,39
9575,김재중,spillover,23,24
9576,김재중,spillover,24,31
9577,김재중,spillover,25,29
9578,김재중,spillover,26,46
9579,김재중,spillover,27,15
9580,김재중,spillover,28,18
9581,김재중,spillover,29,12
9582,김재중,spillover,30,29
9583,김재중,spillover,31,16
9584,김재중,spillover,32,19
9585,김재중,spillover,33,28
9586,김재중,spillover,34,22
9587,김재중,spillover,35,19
9588,김재중,spillover,36,22
9589,김재중,spillover,37,24
9590,박서진,loyalty,0,14
9591,박서진,loyalty,1,15
9592,박서진,loyalty,2,13
9593,박서진,loyalty,3,12
9594,박서진,loyalty,4,12
9595,박서진,loyalty,5,12
9596,박서진,loyalty,6,17
9597,박서진,loyalty,7,12
9598,박서진,loyalty,8,10
9599,박서진,loyalty,9,14
9600,박서진,loyalty,10,17
9601,박서진,loyalty,11,9
9602,박서진,loyalty,12,14
9603,박서진,loyalty,13,13
9604,박서진,loyalty,14,14
9605,박서진,loyalty,15,14
9606,박서진,loyalty,16,14
9607,박서진,loyalty,17,26
9608,박서진,loyalty,18,25
9609,박서진,loyalty,19,27
9610,박서진,loyalty,20,25
9611,박서진,loyalty,21,14
9612,박서진,loyalty,22,13
9613,박서진,loyalty,23,12
9614,박서진,loyalty,24,17
9615,박서진,loyalty,25,15
9616,박서진,loyalty,26,19
9617,박서진,loyalty,27,16
9618,박서진,loyalty,28,13
9619,박서진,loyalty,29,19
9620,박서진,loyalty,30,16
9621,박서진,loyalty,31,11
9622,박서진,loyalty,32,26
9623,박서진,spillover,0,12
9624,박서진,spillover,1,14
9625,박서진,spillover,2,20
9626,박서진,spillover,3,12
9627,박서진,spillover,4,13
9628,박서진,spillover,5,18
9629,박서진,spillover,6,13
9630,박서진,spillover,7,10
9631,박서진,spillover,8,15
9632,박서진,spillover,9,14
9633,박서진,spillover,10,18
9634,박서진,spillover,11,13
9635,박서진,spillover,12,14
9636,박서진,spillover,13,11
9637,박서진,spillover,14,14
9638,박서진,spillover,15,16
9639,박서진,spillover,16,15
9640,박서진,spillover,17,16
9641,박서진,spillover,18,18
9642,박서진,spillover,19,11
9643,박서진,spillover,20,15
9644,박서진,spillover,21,13
9645,박서진,spillover,22,19
9646,박서진,spillover,23,16
9647,박서진,spillover,24,23
9648,박서진,spillover,25,24
9649,박서진,spillover,26,28
9650,박서진,spillover,27,19
9651,박서진,spillover,28,20
9652,박서진,spillover,29,16
9653,박서진,spillover,30,26
9654,박서진,spillover,31,16
9655,박서진,spillover,32,27
9656,박서진,spillover,33,29
9657,박서진,spillover,34,28
9658,박서진,spillover,35,20
9659,박서진,spillover,36,22
9660,박서진,spillover,37,17
9661,박서진,spillover,38,28
9662,박서진,spillover,39,25
9663,박서진,spillover,40,9
9664,박서진,spillover,41,10
9665,박서진,spillover,42,7
9666,박서진,spillover,43,5
9667,박서진,spillover,44,14
9668,박서진,spillover,45,19
9669,박서진,spillover,46,23
9670,박서진,spillover,47,10
9671,박서진,spillover,48,14
9672,박서진,spillover,49,10
9673,박서진,spillover,50,19
9674,박서진,spillover,51,19
9675,박서진,spillover,52,24
9676,박서진,spillover,53,15
9677,박서진,spillover,54,19
9678,박서진,spillover,55,21
9679,박서진,spillover,56,29
9680,박서진,spillover,57,16
9681,박서진,spillover,58,31
9682,박서진,spillover,59,21
9683,박서진,spillover,60,17
9684,박서진,spillover,61,17
9685,박서진,spillover,62,18
9686,박서진,spillover,63,22
9687,박서진,spillover,64,19
9688,박서진,spillover,65,25
9689,빈지노,loyalty,0,29
9690,빈지노,loyalty,1,26
9691,빈지노,loyalty,2,20
9692,빈지노,loyalty,3,12
9693,빈지노,loyalty,4,23
9694,빈지노,loyalty,5,14
9695,빈지노,loyalty,6,14
9696,빈지노,loyalty,7,11
9697,빈지노,loyalty,8,16
9698,빈지노,loyalty,9,26
9699,빈지노,loyalty,10,14
9700,빈지노,loyalty,11,10
9701,빈지노,loyalty,12,37
9702,빈지노,loyalty,13,31
9703,빈지노,loyalty,14,21
9704,빈지노,loyalty,15,47
9705,빈지노,loyalty,16,20
9706,빈지노,loyalty,17,22
9707,빈지노,loyalty,18,15
9708,빈지노,loyalty,19,18
9709,빈지노,loyalty,20,22
9710,빈지노,loyalty,21,18
9711,빈지노,loyalty,22,30
9712,빈지노,loyalty,23,28
9713,빈지노,loyalty,24,29
9714,빈지노,loyalty,25,23
9715,빈지노,loyalty,26,35
9716,빈지노,spillover,0,14
9717,빈지노,spillover,1,14
9718,빈지노,spillover,2,18
9719,빈지노,spillover,3,28
9720,빈지노,spillover,4,12
9721,빈지노,spillover,5,20
9722,빈지노,spillover,6,17
9723,빈지노,spillover,7,21
9724,빈지노,spillover,8,22
9725,빈지노,spillover,9,24
9726,빈지노,spillover,10,22
9727,빈지노,spillover,11,11
9728,빈지노,spillover,12,11
9729,빈지노,spillover,13,14
9730,빈지노,spillover,14,23
9731,빈지노,spillover,15,19
9732,빈지노,spillover,16,16
9733,빈지노,spillover,17,19
9734,빈지노,spillover,18,24
9735,빈지노,spillover,19,24
9736,빈지노,spillover,20,38
9737,빈지노,spillover,21,27
9738,빈지노,spillover,22,17
9739,빈지노,spillover,23,20
9740,빈지노,spillover,24,27
9741,빈지노,spillover,25,17
9742,빈지노,spillover,26,14
9743,빈지노,spillover,27,10
9744,빈지노,spillover,28,15
9745,빈지노,spillover,29,18
9746,빈지노,spillover,30,20
9747,빈지노,spillover,31,18
9748,빈지노,spillover,32,18
9749,빈지노,spillover,33,14
9750,빈지노,spillover,34,10
9751,빈지노,spillover,35,17
9752,빈지노,spillover,36,13
9753,빈지노,spillover,37,22
9754,빈지노,spillover,38,21
9755,빈지노,spillover,39,23
9756,빈지노,spillover,40,19
9757,빈지노,spillover,41,31
9758,빈지노,spillover,42,18
9759,빈지노,spillover,43,21
9760,빈지노,spillover,44,14
9761,빈지노,spillover,45,14
9762,빈지노,spillover,46,19
9763,빈지노,spillover,47,32
9764,빈지노,spillover,48,20
9765,빈지노,spillover,49,18
9766,빈지노,spillover,50,10
9767,빈지노,spillover,51,21
9768,몬스타엑스,loyalty,0,22
9769,몬스타엑스,loyalty,1,28
9770,몬스타엑스,loyalty,2,15
9771,몬스타엑스,loyalty,3,22
9772,몬스타엑스,loyalty,4,25
9773,몬스타엑스,loyalty,5,21
9774,몬스타엑스,loyalty,6,29
9775,몬스타엑스,loyalty,7,17
9776,몬스타엑스,loyalty,8,21
9777,몬스타엑스,loyalty,9,18
9778,몬스타엑스,loyalty,10,22
9779,몬스타엑스,loyalty,11,33
9780,몬스타엑스,loyalty,12,27
9781,몬스타엑스,loyalty,13,16
9782,몬스타엑스,loyalty,14,16
9783,몬스타엑스,loyalty,15,23
9784,몬스타엑스,loyalty,16,19
9785,몬스타엑스,loyalty,17,29
9786,몬스타엑스,loyalty,18,26
9787,몬스타엑스,loyalty,19,26
9788,몬스타엑스,loyalty,20,17
9789,몬스타엑스,loyalty,21,19
9790,몬스타엑스,loyalty,22,21
9791,몬스타엑스,loyalty,23,17
9792,몬스타엑스,loyalty,24,17
9793,몬스타엑스,loyalty,25,19
9794,몬스타엑스,loyalty,26,17
9795,몬스타엑스,loyalty,27,15
9796,몬스타엑스,loyalty,28,10
9797,몬스타엑스,loyalty,29,28
9798,몬스타엑스,loyalty,30,28
9799,몬스타엑스,loyalty,31,36
9800,몬스타엑스,loyalty,32,25
9801,몬스타엑스,loyalty,33,31
9802,몬스타엑스,loyalty,34,17
9803,몬스타엑스,loyalty,35,18
9804,몬스타엑스,loyalty,36,28
9805,몬스타엑스,loyalty,37,23
9806,몬스타엑스,loyalty,38,26
9807,몬스타엑스,loyalty,39,22
9808,몬스타엑스,loyalty,40,26
9809,몬스타엑스,spillover,0,13
9810,몬스타엑스,spillover,1,19
9811,몬스타엑스,spillover,2,17
9812,몬스타엑스,spillover,3,19
9813,몬스타엑스,spillover,4,20
9814,몬스타엑스,spillover,5,14
9815,몬스타엑스,spillover,6,9
9816,몬스타엑스,spillover,7,18
9817,몬스타엑스,spillover,8,18
9818,몬스타엑스,spillover,9,23
9819,몬스타엑스,spillover,10,19
9820,몬스타엑스,spillover,11,17
9821,몬스타엑스,spillover,12,16
9822,몬스타엑스,spillover,13,18
9823,몬스타엑스,spillover,14,14
9824,몬스타엑스,spillover,15,11
9825,몬스타엑스,spillover,16,13
9826,몬스타엑스,spillover,17,15
9827,몬스타엑스,spillover,18,25
9828,몬스타엑스,spillover,19,15
9829,몬스타엑스,spillover,20,21
9830,몬스타엑스,spillover,21,16
9831,몬스타엑스,spillover,22,17
9832,몬스타엑스,spillover,23,9
9833,몬스타엑스,spillover,24,20
9834,몬스타엑스,spillover,25,13
9835,몬스타엑스,spillover,26,17
9836,몬스타엑스,spillover,27,16
9837,몬스타엑스,spillover,28,17
9838,몬스타엑스,spillover,29,22
9839,몬스타엑스,spillover,30,17
9840,몬스타엑스,spillover,31,14
9841,몬스타엑스,spillover,32,21
9842,몬스타엑스,spillover,33,11
9843,몬스타엑스,spillover,34,18
9844,몬스타엑스,spillover,35,19
9845,몬스타엑스,spillover,36,27
9846,몬스타엑스,spillover,37,9
9847,몬스타엑스,spillover,38,5
9848,몬스타엑스,spillover,39,31
9849,몬스타엑스,spillover,40,27
9850,몬스타엑스,spillover,41,33
9851,몬스타엑스,spillover,42,18
9852,몬스타엑스,spillover,43,20
9853,몬스타엑스,spillover,44,23
9854,몬스타엑스,spillover,45,18
9855,몬스타엑스,spillover,46,20
9856,몬스타엑스,spillover,47,29
9857,몬스타엑스,spillover,48,20
9858,몬스타엑스,spillover,49,16
9859,몬스타엑스,spillover,50,16
9860,몬스타엑스,spillover,51,24
9861,몬스타엑스,spillover,52,19
9862,몬스타엑스,spillover,53,21
9863,몬스타엑스,spillover,54,21
9864,투어스(TWS),loyalty,0,22
9865,투어스(TWS),loyalty,1,25
9866,투어스(TWS),loyalty,2,27
9867,투어스(TWS),loyalty,3,20
9868,투어스(TWS),loyalty,4,27
9869,투어스(TWS),loyalty,5,19
9870,투어스(TWS),loyalty,6,34
9871,투어스(TWS),loyalty,7,19
9872,투어스(TWS),loyalty,8,33
9873,투어스(TWS),loyalty,9,24
9874,투어스(TWS),loyalty,10,33
9875,투어스(TWS),loyalty,11,34
9876,투어스(TWS),loyalty,12,33
9877,투어스(TWS),loyalty,13,44
9878,투어스(TWS),loyalty,14,33
9879,투어스(TWS),loyalty,15,29
9880,투어스(TWS),loyalty,16,28
9881,투어스(TWS),loyalty,17,32
9882,투어스(TWS),loyalty,18,29
9883,투어스(TWS),loyalty,19,41
9884,투어스(TWS),loyalty,20,24
9885,투어스(TWS),loyalty,21,34
9886,투어스(TWS),loyalty,22,30
9887,투어스(TWS),loyalty,23,22
9888,투어스(TWS),loyalty,24,20
9889,투어스(TWS),loyalty,25,17
9890,투어스(TWS),loyalty,26,15
9891,투어스(TWS),loyalty,27,12
9892,투어스(TWS),loyalty,28,16
9893,투어스(TWS),loyalty,29,14
9894,투어스(TWS),loyalty,30,16
9895,투어스(TWS),loyalty,31,27
9896,투어스(TWS),spillover,0,17
9897,투어스(TWS),spillover,1,32
9898,투어스(TWS),spillover,2,17
9899,투어스(TWS),spillover,3,25
9900,투어스(TWS),spillover,4,38
9901,투어스(TWS),spillover,5,27
9902,투어스(TWS),spillover,6,25
9903,투어스(TWS),spillover,7,24
9904,투어스(TWS),spillover,8,13
9905,투어스(TWS),spillover,9,20
9906,투어스(TWS),spillover,10,19
9907,투어스(TWS),spillover,11,17
9908,투어스(TWS),spillover,12,12
9909,투어스(TWS),spillover,13,19
9910,투어스(TWS),spillover,14,18
9911,투어스(TWS),spillover,15,22
9912,투어스(TWS),spillover,16,13
9913,투어스(TWS),spillover,17,7
9914,투어스(TWS),spillover,18,16
9915,투어스(TWS),spillover,19,36
9916,투어스(TWS),spillover,20,8
9917,투어스(TWS),spillover,21,20
9918,투어스(TWS),spillover,22,22
9919,투어스(TWS),spillover,23,23
9920,투어스(TWS),spillover,24,15
9921,투어스(TWS),spillover,25,16
9922,투어스(TWS),spillover,26,16
9923,투어스(TWS),spillover,27,27
9924,투어스(TWS),spillover,28,22
9925,투어스(TWS),spillover,29,7
9926,투어스(TWS),spillover,30,20
9927,투어스(TWS),spillover,31,23
9928,투어스(TWS),spillover,32,21
9929,투어스(TWS),spillover,33,17
9930,투어스(TWS),spillover,34,13
9931,투어스(TWS),spillover,35,10
9932,투어스(TWS),spillover,36,16
9933,투어스(TWS),spillover,37,20
9934,투어스(TWS),spillover,38,14
9935,투어스(TWS),spillover,39,23
9936,투어스(TWS),spillover,40,17
9937,투어스(TWS),spillover,41,22
9938,투어스(TWS),spillover,42,22
9939,투어스(TWS),spillover,43,20
9940,투어스(TWS),spillover,44,21
9941,투어스(TWS),spillover,45,19
9942,투어스(TWS),spillover,46,16
9943,투어스(TWS),spillover,47,18
9944,투어스(TWS),spillover,48,20
9945,투어스(TWS),spillover,49,17
9946,투어스(TWS),spillover,50,18
9947,투어스(TWS),spillover,51,20
9948,투어스(TWS),spillover,52,21
9949,투어스(TWS),spillover,53,15
9950,투어스(TWS),spillover,54,28
9951,투어스(TWS),spillover,55,29
9952,투어스(TWS),spillover,56,22
9953,투어스(TWS),spillover,57,22
