col,word,df,tf
0,000개,3,3
1,000만원,5,5
2,000명,22,24
3,000석,16,17
4,000엔,3,3
5,000여,2,2
6,000원,4,4
7,000일,3,3
8,000장,18,19
9,000회,2,2
10,004원씩,2,2
11,019장,2,2
12,046일,2,2
13,082장,2,2
14,0순위,2,2
15,0을,2,2
16,10000일,4,4
17,1000곡,4,4
18,1000만뷰,2,3
19,1000만원,5,5
20,1000여,2,2
21,100m,3,5
22,100th,2,2
23,100년,3,3
24,100만장,11,12
25,100명,2,2
26,100번째,2,2
27,100억,5,5
28,100억원,5,5
29,100위,2,2
30,100위권,2,2
31,100일,5,5
32,100주년,3,3
33,100포,5,5
34,100회,3,3
35,104차,2,2
36,1087억원,2,2
37,10cm,53,67
38,10m,2,2
39,10th,27,28
40,10ve,5,5
41,10가지,2,2
42,10개,10,10
43,10개월,3,3
44,10개월간,2,2
45,10곡,3,3
46,10년,36,36
47,10년간,7,7
48,10대,7,7
49,10만명,6,6
50,10만장,5,5
51,10명,3,3
52,10배,4,4
53,10번째,2,2
54,10분,14,14
55,10시,8,8
56,10억,14,18
57,10억뷰,2,2
58,10억원,6,6
59,10여,4,4
60,10월,258,271
61,10위,9,11
62,10위권,3,3
63,10인,3,4
64,10일,76,77
65,10일자,2,2
66,10장,2,2
67,10주년,134,139
68,10집,6,6
69,10회,7,8
70,110년,2,2
71,110대,4,4
72,110만장,5,5
73,114만원,2,2
74,116명,2,2
75,11th,2,2
76,11개,4,4
77,11개국,2,2
78,11개월,6,6
79,11곡,5,5
80,11년,26,26
81,11년간,3,3
82,11명,4,5
83,11배,2,2
84,11시,7,7
85,11월,235,241
86,11위,12,12
87,11인,2,2
88,11일,73,73
89,11일자,2,2
90,11주,3,3
91,11회,3,3
92,120개국,2,2
93,120만원,2,2
94,126장,2,2
95,127위,2,2
96,129억원,2,2
97,12th,2,2
98,12가지,2,2
99,12개,5,5
100,12개국,4,4
101,12년,9,9
102,12년간,2,2
103,12명,3,3
104,12부작,2,2
105,12분,2,2
106,12시간,2,2
107,12월,229,238
108,12월호,2,2
109,12위,7,7
110,12일,63,63
111,12주년,5,5
112,12집,3,3
113,12편,2,2
114,12회,8,8
115,130m,2,2
116,13th,2,2
117,13개,7,7
118,13개국,2,2
119,13곡,2,2
120,13곳,2,2
121,13관왕,2,2
122,13년,7,7
123,13명,2,2
124,13억,2,2
125,13위,6,6
126,13일,58,59
127,13주년,3,3
128,13회,2,2
129,140kg,2,2
130,140포,2,2
131,141억,2,2
132,141주,2,2
133,147장,2,2
134,149위,2,2
135,14개,6,6
136,14개국,2,2
137,14개소,2,2
138,14개월,2,2
139,14관왕,2,2
140,14년,9,9
141,14배,2,2
142,14번째,2,2
143,14위,3,3
144,14일,79,79
145,14주년,3,3
146,14회,3,3
147,150만장,3,3
148,150분,2,2
149,152만장,2,2
150,156장,2,2
151,15th,4,4
152,15개,5,5
153,15곡,3,3
154,15관왕,2,2
155,15년,18,18
156,15번째,3,3
157,15억원,2,2
158,15위,11,11
159,15일,54,54
160,15주,2,2
161,15주년,23,23
162,165개,2,2
163,16개,4,4
164,16개국,3,3
165,16년,6,6
166,16분,2,2
167,16세,3,3
168,16억,2,2
169,16위,3,3
170,16일,44,44
171,16주년,3,3
172,16집,2,2
173,170만장,3,3
174,17th,2,2
175,17개,9,9
176,17년,9,9
177,17세,2,2
178,17억,2,2
179,17위,2,2
180,17일,57,58
181,17주년,4,4
182,17집,2,2
183,17팀,2,2
184,180만장,2,2
185,182장,2,2
186,188장,2,2
187,18th,2,2
188,18개,2,2
189,18개국,3,3
190,18개월,3,3
191,18년,6,6
192,18만장,2,2
193,18억,2,2
194,18일,69,69
195,18주년,4,4
196,18회,2,2
197,190개,2,2
198,1959회,2,2
199,1971년,3,3
200,1974년,2,2
201,1980년,2,2
202,1980년대,2,2
203,1981년,4,4
204,1981년생,3,3
205,1984년,3,3
206,1985년,3,3
207,1986년,3,3
208,1987년,7,8
209,1988년,3,3
210,1989년,2,2
211,1990년,4,4
212,1990년대,4,4
213,1992년,2,2
214,1993년,4,4
215,1994년,10,10
216,1996년,8,9
217,1997년,10,10
218,1998년,14,14
219,1998년생,2,2
220,1999년,16,16
221,19세,2,2
222,19일,83,84
223,19주년,3,3
224,19회,6,6
225,1llionaire,2,2
226,1m,3,3
227,1st,29,29
228,1tv,2,2
229,1x1,2,2
230,1개월,3,3
231,1건당,2,2
232,1기,15,15
233,1년,49,50
234,1년간,6,6
235,1년여,2,2
236,1등,3,3
237,1만,31,34
238,1만6,2,2
239,1만명,3,3
240,1만원,2,2
241,1만일,4,4
242,1만장,3,3
243,1매,2,2
244,1박,8,9
245,1부,2,2
246,1분,14,14
247,1분기,4,4
248,1세대,10,11
249,1순위,6,6
250,1시,6,6
251,1시간,7,7
252,1억,83,84
253,1억뷰,6,7
254,1억원,27,28
255,1억원씩,2,2
256,1억회,2,2
257,1에,2,2
258,1월,229,242
259,1위,468,544
260,1위곡,4,4
261,1위였,5,5
262,1인,8,9
263,1인당,3,3
264,1일,70,70
265,1일자,2,2
266,1장,2,3
267,1조,2,2
268,1주년,9,9
269,1주일,10,10
270,1집,42,44
271,1차,12,12
272,1천,7,7
273,1층,5,5
274,1탄,2,2
275,1호,4,4
276,1회,5,6
277,2000년,23,23
278,2000년대,9,9
279,2000만원,3,3
280,2000명,2,2
281,2000장,2,2
282,2001년,24,26
283,2002년,28,28
284,2003년,44,45
285,2004년,34,35
286,2005년,26,26
287,2006년,26,26
288,2007년,44,45
289,2008년,45,48
290,2009년,52,52
291,200개,2,2
292,200만,2,2
293,200만명,2,2
294,200만원,2,2
295,200만장,3,3
296,200명,2,2
297,200분간,2,2
298,200석,3,4
299,200억원,2,2
300,2010년,62,62
301,2010년경,2,2
302,2010년대,6,6
303,2011년,77,78
304,2012년,110,112
305,2013년,98,101
306,2014년,96,97
307,2015년,140,142
308,2016년,176,178
309,2017년,157,158
310,2018년,195,197
311,2019년,237,238
312,2020s,2,2
313,2020년,246,249
314,2021년,208,216
315,2022년,287,289
316,2023년,392,397
317,2024년,565,581
318,2025년,872,903
319,2026년,1004,1045
320,2027년,11,11
321,205장,2,2
322,20th,23,23
323,20개,5,5
324,20곡,2,2
325,20년,28,28
326,20년간,2,2
327,20대,5,5
328,20만원,2,2
329,20만장,2,2
330,20분,10,10
331,20억,6,7
332,20억원,2,2
333,20여,4,4
334,20일,62,63
335,20장,2,2
336,20주년,98,100
337,20주년인,2,2
338,20회,7,7
339,213회,2,2
340,214장,2,2
341,21개,2,2
342,21년,3,3
343,21세기,8,8
344,21위,4,4
345,21일,68,70
346,21주년,3,3
347,22개,2,2
348,22곡,2,2
349,22년,4,4
350,22대,2,2
351,22분,3,3
352,22억,2,2
353,22위,4,4
354,22일,77,77
355,23개,6,6
356,23년,5,5
357,23년간,4,4
358,23일,72,72
359,23주년,3,3
360,23편,2,2
361,24곡,2,2
362,24년,4,4
363,24시간,19,19
364,24억,2,2
365,24억원,2,2
366,24위,4,4
367,24일,47,47
368,24초,2,2
369,2500만원,2,2
370,2500명,2,3
371,250만원,2,2
372,25ss,2,2
373,25th,4,4
374,25개,3,3
375,25년,6,6
376,25년간,2,2
377,25만장,3,3
378,25명,2,2
379,25시,6,6
380,25억,5,5
381,25일,73,73
382,25일자,2,2
383,25주년,14,14
384,25화,2,2
385,260만장,2,2
386,26개,7,7
387,26년,7,7
388,26년차,2,2
389,26일,64,65
390,26주년,7,7
391,27개,3,3
392,27년,3,3
393,27일,59,59
394,27회,4,4
395,281장,3,3
396,28개,4,4
397,28곡,2,2
398,28년,4,4
399,28번째,3,3
400,28위,2,2
401,28일,71,71
402,28회,2,2
403,29위,3,3
404,29일,56,56
405,29회,3,3
406,2days,2,2
407,2km,2,2
408,2nd,25,26
409,2pm,3,3
410,2sao,2,2
411,2tv,8,8
412,2개,6,6
413,2개월,7,7
414,2관왕,7,7
415,2기,15,15
416,2년,70,70
417,2년간,9,9
418,2단계,2,2
419,2라운드,3,3
420,2막,2,2
421,2만,31,31
422,2만3,3,3
423,2배,13,13
424,2번째,3,3
425,2부,3,3
426,2분,11,11
427,2분기,2,2
428,2세대,4,4
429,2시,7,7
430,2시간,12,12
431,2억,13,14
432,2억원,5,5
433,2에,2,2
434,2월,238,245
435,2월6일,2,2
436,2위,73,76
437,2인,2,2
438,2일,76,77
439,2일간,2,2
440,2일차,2,2
441,2장,3,3
442,2주,18,18
443,2주간,3,3
444,2주년,8,9
445,2집,62,65
446,2차,13,13
447,2천,15,15
448,2탄,3,3
449,2톤,2,2
450,2학년,2,2
451,2회,28,30
452,2회씩,2,2
453,2회차,7,7
454,300개,2,2
455,300만원,5,5
456,300만장,3,3
457,300명,4,4
458,300억,3,3
459,300억원,3,3
460,300여,2,2
461,300회,4,4
462,3040세대,2,2
463,30th,4,4
464,30가구,3,3
465,30개,5,5
466,30곡,3,3
467,30년간,2,2
468,30대,6,6
469,30만원,2,2
470,30명,7,7
471,30분,12,12
472,30억,2,2
473,30억원,2,2
474,30위,2,2
475,30일,84,84
476,30주년,23,24
477,30초,3,3
478,31개,2,2
479,31곡,2,2
480,31억원,2,2
481,31위,3,3
482,31일,72,72
483,31주,3,3
484,31회,5,5
485,321장,2,2
486,3299원,2,2
487,32번째,2,2
488,32위,3,3
489,32회,8,8
490,330명,2,2
491,33만원,2,2
492,34개,2,2
493,34회,2,2
494,357원,2,2
495,35위,2,2
496,35일,3,3
497,35주년,3,3
498,35회,2,2
499,365일간,3,3
500,367장,4,4
501,36회,2,2
502,373장,2,2
503,37위,4,4
504,388장,2,2
505,38위,2,2
506,390장,2,2
507,39회,4,4
508,3ce,2,2
509,3d,3,3
510,3logy,10,10
511,3rabica,4,4
512,3racha,2,2
513,3rd,18,19
514,3가지,2,2
515,3개,22,22
516,3개월,12,12
517,3개월간,2,2
518,3곡,7,7
519,3관왕,8,8
520,3기,12,12
521,3년,42,43
522,3년간,5,5
523,3년여,2,2
524,3대,10,10
525,3만,33,34
526,3만6천,2,2
527,3만명,2,2
528,3만여,2,2
529,3만원,2,2
530,3명,4,4
531,3배,5,5
532,3번째,12,12
533,3부작,5,5
534,3분,15,15
535,3사,5,5
536,3세대,3,3
537,3시,3,3
538,3시간,14,14
539,3억,17,17
540,3억원,11,11
541,3옥타브,2,2
542,3월,254,263
543,3위,47,48
544,3인,6,6
545,3인조,3,3
546,3일,74,74
547,3일간,24,25
548,3장,4,4
549,3종,8,8
550,3주,12,13
551,3주간,4,4
552,3주년,7,7
553,3집,50,50
554,3차,2,2
555,3천,12,12
556,3천석,2,2
557,3층,3,3
558,3편,2,2
559,3회,26,26
560,3회차,13,13
561,400명,2,2
562,400억,2,2
563,400억원,2,2
564,406회,2,2
565,40th,5,5
566,40개,2,2
567,40년간,2,2
568,40만장,2,2
569,40명,2,2
570,40억원,2,2
571,40주년,20,20
572,41개,2,2
573,41년,3,3
574,420장,2,2
575,42년,2,2
576,42회,2,2
577,43회,2,2
578,445점,2,2
579,44세,2,2
580,450만장,2,2
581,460만장,2,2
582,475명,2,2
583,48위,3,3
584,4dx,4,6
585,4th,11,12
586,4ward,5,5
587,4개,20,20
588,4개월,10,10
589,4개월간,2,2
590,4곡,4,4
591,4관왕,3,3
592,4기,3,3
593,4년,41,42
594,4년간,6,6
595,4년째,2,2
596,4대,5,5
597,4만,32,33
598,4만명,2,2
599,4배,2,2
600,4번째,5,5
601,4부작,2,2
602,4분기,3,3
603,4세대,8,8
604,4시,4,4
605,4시간,5,5
606,4억,6,6
607,4연속,4,4
608,4월,272,279
609,4월8일,2,2
610,4위,19,19
611,4인,13,13
612,4인조,8,8
613,4일,83,83
614,4일간,3,3
615,4주,6,6
616,4주년,9,9
617,4집,33,33
618,4천,18,19
619,4회,17,17
620,5000만원,5,5
621,5000만원씩,3,3
622,5000명,4,4
623,5000병,2,3
624,500만원,7,7
625,500만장,6,6
626,500명,2,2
627,500석,2,2
628,500장,3,3
629,50s,2,2
630,50th,2,2
631,50개,2,2
632,50년,2,2
633,50대,5,5
634,50만원,2,2
635,50만장,3,3
636,50명,2,2
637,50번째,2,2
638,50억,7,7
639,50억원,5,5
640,50위,2,2
641,50인,4,4
642,50점,2,2
643,50주년,5,5
644,50회,3,3
645,513만장,2,2
646,51회,4,4
647,520만장,2,2
648,52일,2,2
649,53일,2,2
650,545장,2,2
651,551장,2,2
652,577장,4,4
653,5m,5,5
654,5th,13,13
655,5개,24,24
656,5개국,2,2
657,5개월,9,9
658,5곡,7,7
659,5관왕,4,4
660,5기,5,5
661,5년,24,24
662,5년간,5,5
663,5대,2,2
664,5만,31,32
665,5만여,2,2
666,5만장,2,2
667,5명,11,11
668,5배,4,4
669,5번째,7,7
670,5부작,5,7
671,5분,17,17
672,5세대,2,2
673,5시,4,4
674,5시간,3,3
675,5억,10,12
676,5억원,3,3
677,5월,334,358
678,5월4일,2,2
679,5위,20,20
680,5인,26,26
681,5인조,6,6
682,5일,56,58
683,5일간,2,2
684,5장,7,7
685,5주,4,4
686,5주간,2,2
687,5주년,11,11
688,5집,16,17
689,5천,12,13
690,5회,20,22
691,5회차,2,2
692,6000만원,3,3
693,600명,2,2
694,60대,2,2
695,60억,3,3
696,60억뷰,2,2
697,60주년,2,2
698,610장,2,2
699,613명,2,2
700,63만장,2,2
701,650개,2,2
702,663장,2,2
703,665억원,2,2
704,6days,2,2
705,6k,2,2
706,6th,5,5
707,6개,14,14
708,6개월,12,12
709,6개월간,2,2
710,6곡,5,6
711,6관왕,3,3
712,6기,10,10
713,6년,36,37
714,6년째,3,3
715,6만,18,19
716,6명,6,6
717,6배,2,2
718,6번째,12,13
719,6병꼴,2,2
720,6시,10,10
721,6억,4,5
722,6월,259,267
723,6월13일,2,2
724,6월14일,2,2
725,6월호,3,3
726,6위,13,13
727,6인,11,11
728,6인조,9,9
729,6일,65,65
730,6일간,3,3
731,6주,6,6
732,6주간,3,3
733,6주년,7,7
734,6집,11,11
735,6천,12,12
736,6천장,2,2
737,6화,2,2
738,6회,10,10
739,7000장,4,4
740,70개국,2,2
741,70년대,2,2
742,70주년,2,2
743,71위,2,2
744,744장,2,2
745,74위,2,2
746,75억,2,2
747,75억원,4,4
748,785장,3,3
749,78위,2,2
750,79일,2,2
751,7pm,2,2
752,7th,6,6
753,7개,23,23
754,7개국,2,2
755,7개월,16,16
756,7곡,5,5
757,7관왕,4,4
758,7기,5,5
759,7년,37,37
760,7년간,4,4
761,7년만,2,2
762,7만,22,22
763,7만장,2,2
764,7명,4,4
765,7번째,6,6
766,7분,2,2
767,7시,7,7
768,7억,2,2
769,7월,289,301
770,7월19일,5,5
771,7월22일,2,2
772,7위,15,15
773,7인,8,8
774,7인조,5,5
775,7일,75,76
776,7주,2,2
777,7주년,7,7
778,7집,6,6
779,7천,11,11
780,7편,2,2
781,7회,12,12
782,800바트,2,3
783,807장,2,2
784,80곳,3,3
785,80년대,3,3
786,80위,2,2
787,80주년,2,2
788,81위,2,2
789,81회,2,2
790,8254병,3,3
791,855명,3,3
792,86위,2,2
793,88rising,4,4
794,88위,2,2
795,8pm,2,2
796,8th,4,4
797,8가지,3,3
798,8개,19,20
799,8개국,5,5
800,8개월,8,8
801,8기,2,2
802,8년,37,37
803,8년간,3,3
804,8만,15,15
805,8배,2,2
806,8번째,4,4
807,8분,8,8
808,8시,8,9
809,8시간,2,2
810,8억,2,2
811,8억원,2,2
812,8월,465,513
813,8월9일,2,2
814,8위,20,20
815,8인,3,3
816,8인조,5,5
817,8일,80,80
818,8일경,2,2
819,8일자,2,2
820,8장,2,2
821,8주,3,3
822,8주년,4,4
823,8집,8,8
824,8천,13,14
825,8회,17,17
826,902장,2,2
827,90위,2,2
828,910장,2,2
829,91위,5,5
830,93위,4,4
831,947장,2,2
832,959장,2,2
833,992장,2,2
834,998장,2,2
835,9th,2,2
836,9가,3,3
837,9개,14,14
838,9개월,4,4
839,9곡,3,3
840,9년,30,31
841,9만,12,12
842,9만석,3,3
843,9명,2,2
844,9시,3,3
845,9월,405,441
846,9월27일,2,2
847,9월호,4,4
848,9위,11,12
849,9의,2,2
850,9인,10,10
851,9일,67,67
852,9점대,2,2
853,9집,2,2
854,9천,4,4
855,9호,3,3
856,9회,5,5
857,aaa,11,12
858,abc,3,3
859,abc뉴스,2,2
860,academy,2,2
861,access,3,3
862,accompanied,2,2
863,accor,2,2
864,account,9,10
865,ace,2,2
866,achieve,2,2
867,achieved,6,7
868,act,35,37
869,acting,2,2
870,active,17,17
871,actively,6,6
872,activities,10,10
873,activity,8,8
874,actor,3,3
875,actress,5,5
876,acts,4,4
877,actually,3,3
878,ad,7,7
879,add,3,3
880,added,12,13
881,additional,8,8
882,adidas,5,5
883,ador,7,7
884,ads,3,3
885,adults,2,2
886,advance,2,2
887,advertisements,2,2
888,advertising,12,13
889,advocacy,2,2
890,ae,2,2
891,aeao,3,3
892,aespa,69,76
893,again,18,18
894,against,2,2
895,age,5,5
896,age20,3,4
897,agency,11,11
898,ah,2,2
899,ahc,2,2
900,ahead,19,19
901,ai,13,13
902,aichi,3,3
903,aimed,8,8
904,air,5,5
905,airport,5,5
906,akkademy,2,2
907,akmu,29,34
908,akmutopia,2,2
909,al,5,5
910,album,146,183
911,albums,46,54
912,algorithm,3,3
913,alive,3,3
914,alleged,2,2
915,allkpop,30,30
916,allo,2,2
917,almond,4,4
918,alone,8,8
919,along,2,2
920,alongside,21,21
921,already,7,7
922,alright,2,2
923,als,2,2
924,always,7,7
925,am,19,20
926,amazing,5,7
927,amazon,4,4
928,ambassador,64,82
929,ambassadors,19,24
930,ambassadorships,2,2
931,ameblo,3,3
932,america,21,24
933,american,15,15
934,amuse,2,2
935,ang,2,2
936,angel,2,2
937,angeles,5,5
938,anh,2,2
939,anniversary,77,87
940,announcement,17,17
941,announcements,2,2
942,announcing,2,2
943,annual,13,13
944,annually,2,2
945,answer,3,3
946,anthem,2,2
947,anti,2,2
948,anticipation,3,3
949,antifragile,5,5
950,aomg,4,4
951,apart,2,2
952,apartment,4,4
953,apec,3,3
954,apink,30,34
955,app,2,2
956,apparel,3,3
957,appear,4,4
958,appearance,10,10
959,appearances,2,2
960,appeared,10,10
961,appearing,3,3
962,appears,2,2
963,apple,7,7
964,applicants,2,2
965,appointed,7,7
966,appointments,2,2
967,approach,2,2
968,approximately,3,3
969,apr,14,21
970,april,51,53
971,apt,4,4
972,aqua,2,2
973,ar,4,5
974,arakpop,5,5
975,arena,32,36
976,areq,2,2
977,argentina,5,5
978,argus,3,3
979,aria,5,7
980,arirang,16,16
981,ariss,4,4
982,ark,2,2
983,arlington,2,2
984,armageddon,2,2
985,armani,2,2
986,army,17,19
987,around,11,11
988,arranged,2,2
989,art,4,4
990,article,14,14
991,artist,69,77
992,artistas,2,2
993,artists,19,19
994,arts,8,8
995,asal,3,3
996,ascend,2,2
997,asea,5,5
998,asi,2,2
999,asia,75,86
1000,asiad,2,2
1001,asiaholic,2,2
1002,asian,24,25
1003,asking,2,2
1004,asnd,4,4
1005,associated,2,2
1006,association,8,8
1007,atbo,2,2
1008,ate,4,4
1009,ateez,50,57
1010,atiny,9,10
1011,atlanta,2,2
1012,atrp,3,3
1013,attacca,2,2
1014,attack,5,5
1015,attempt,2,2
1016,attend,5,5
1017,attendance,14,14
1018,attended,4,4
1019,attendees,27,29
1020,attention,3,3
1021,attributed,3,3
1022,audience,9,9
1023,audiences,6,6
1024,audio,2,2
1025,auditorio,4,4
1026,aug,35,39
1027,august,24,25
1028,australia,11,11
1029,australia와,4,4
1030,authority,3,3
1031,autumn,2,3
1032,available,4,4
1033,average,2,2
1034,avex,7,7
1035,awa,2,2
1036,awake,2,2
1037,award,15,17
1038,awards,75,105
1039,away,6,7
1040,axiata,5,5
1041,b100,2,2
1042,b41120,2,2
1043,ba,25,25
1044,baaam,3,3
1045,babies,8,8
1046,baby,7,7
1047,babymons7er,4,4
1048,babymonster,44,48
1049,back,26,26
1050,backed,2,2
1051,backstage,2,2
1052,bad,9,9
1053,baddie,3,4
1054,baek,5,6
1055,baekhyun,2,3
1056,baeksang,3,3
1057,baguette,2,2
1058,bagus,2,2
1059,baidu,15,16
1060,baike,12,12
1061,balance,2,2
1062,ball,2,2
1063,ballad,4,4
1064,balloon,3,3
1065,bam,3,3
1066,band,22,24
1067,banda,2,2
1068,bandmates,2,2
1069,bandwagon,3,3
1070,bang,11,18
1071,bangkok,51,53
1072,bangkokbiznews,2,2
1073,bangtan,2,2
1074,bank,13,13
1075,bapal,2,2
1076,barcelona,2,2
1077,barks,26,26
1078,bars,2,2
1079,base,5,5
1080,based,6,6
1081,baseline,4,4
1082,batter,7,7
1083,battlegrounds,2,2
1084,bay,4,4
1085,bb,6,6
1086,bbc,2,2
1087,bc카드,4,4
1088,beam,4,4
1089,bear,6,6
1090,beat,9,9
1091,beatbox,2,2
1092,beating,3,4
1093,beatles,2,2
1094,beautiful,13,13
1095,beauty,17,20
1096,became,47,48
1097,because,2,2
1098,becoming,4,4
1099,beenzino,7,7
1100,beer,2,2
1101,beg,2,2
1102,begin,4,4
1103,beginning,3,3
1104,behavior,5,5
1105,behind,5,5
1106,beijing,4,5
1107,bella,3,3
1108,beloved,4,4
1109,bench,3,3
1110,benefit,2,2
1111,berlin,3,3
1112,bermensch,11,11
1113,bersama,3,3
1114,best,77,87
1115,better,8,8
1116,beverage,4,4
1117,bexco,4,4
1118,beyond,17,18
1119,bgm,2,2
1120,bi,4,4
1121,biaf,3,3
1122,biaf2026,3,3
1123,biasa,3,3
1124,bibi,32,35
1125,bibigo,2,2
1126,bible,7,7
1127,big,10,10
1128,bigbang,14,16
1129,bigc,2,2
1130,biggest,5,5
1131,bighit,2,2
1132,biiig,3,3
1133,bikin,3,3
1134,bilibili,3,3
1135,billboard,80,93
1136,billed,3,3
1137,billion,30,38
1138,biobiochile,2,2
1139,biography,7,7
1140,bird,2,2
1141,birthday,9,9
1142,black,8,9
1143,blackpink,77,80
1144,blica,8,8
1145,blind,3,3
1146,blink,8,8
1147,block,2,2
1148,bloco,2,2
1149,blog,10,11
1150,bloglabanana,9,9
1151,bloom,6,6
1152,blooms,4,4
1153,blossom,4,4
1154,blue,37,38
1155,blueprint,2,2
1156,blues,6,6
1157,bmo,2,2
1158,bo,2,2
1159,boa,29,33
1160,board,4,5
1161,bobby,3,3
1162,body,8,9
1163,bof,2,2
1164,boice,8,8
1165,bol4,7,8
1166,boleh,2,2
1167,boletos,2,2
1168,bolon,3,3
1169,bom,4,6
1170,bomb,8,8
1171,bond,2,2
1172,bonsang,2,2
1173,boom,2,2
1174,boompala,2,2
1175,border,2,2
1176,born,35,35
1177,boss,11,11
1178,boucheron,3,3
1179,bounce,2,2
1180,bowl,2,2
1181,box,8,8
1182,boy,18,18
1183,boys,9,11
1184,boyz,2,2
1185,bpkn,3,4
1186,brand,87,105
1187,branded,3,3
1188,brasil,3,3
1189,brazil,3,3
1190,break,9,9
1191,breaking,8,8
1192,breakthrough,2,2
1193,breakup,2,2
1194,bridge,4,4
1195,bright,3,4
1196,briize,10,10
1197,bring,4,4
1198,bringing,2,2
1199,brit,2,2
1200,british,4,4
1201,broad,4,4
1202,broadcast,9,9
1203,broader,3,3
1204,broke,3,3
1205,brown,2,2
1206,bs,2,2
1207,bsd,8,8
1208,bst,3,3
1209,bstage,5,5
1210,btob,43,51
1211,bts,205,232
1212,bts노믹스,2,2
1213,bubble,2,2
1214,buddies,2,2
1215,build,4,4
1216,building,4,4
1217,built,3,3
1218,bulgari,2,2
1219,bull,2,2
1220,bullet,3,4
1221,bunnies,12,14
1222,bunny,2,2
1223,burberry,2,2
1224,busan,11,11
1225,business,2,2
1226,butter,4,4
1227,button,2,2
1228,buyer,2,2
1229,buzz,2,2
1230,buzzy,3,3
1231,byc,3,3
1232,byeon,2,2
1233,b가,3,3
1234,b를,2,2
1235,ca,3,3
1236,cada,2,2
1237,caf,2,2
1238,cafe,8,8
1239,california,2,2
1240,call,9,9
1241,called,3,3
1242,calling,2,2
1243,calvin,3,3
1244,cam,3,3
1245,camp,5,6
1246,campaign,37,41
1247,campaigns,2,2
1248,canada,2,2
1249,cancer,4,4
1250,canciones,2,2
1251,candidate,6,6
1252,candy,3,3
1253,cao,2,2
1254,capacity,5,5
1255,cape,3,3
1256,capsule,6,6
1257,carat,11,13
1258,carats,3,3
1259,card,8,8
1260,cards,3,3
1261,care,3,3
1262,career,17,17
1263,carmen,6,6
1264,carnival,2,2
1265,carried,3,3
1266,carries,6,6
1267,carture,2,2
1268,casino,3,3
1269,cassiopeia,3,3
1270,cast,4,4
1271,casual,2,2
1272,catalog,13,13
1273,catalogue,3,4
1274,catalogued,5,5
1275,catcher,2,2
1276,categories,2,2
1277,category,5,5
1278,causes,2,2
1279,cbc,11,11
1280,cbc뉴스,3,3
1281,cbs,2,2
1282,cctv,3,3
1283,cd,8,10
1284,cdmx,7,7
1285,celebrate,2,2
1286,celebrating,2,2
1287,celebration,3,3
1288,celebratory,2,2
1289,celebrities,2,2
1290,celebrity,9,9
1291,celine,6,6
1292,center,7,7
1293,centiner,4,4
1294,century,3,3
1295,ceo,2,5
1296,ceremonial,2,2
1297,ceremony,11,11
1298,certification,10,10
1299,certifications,2,2
1300,certified,4,5
1301,cf,23,23
1302,cgv,9,10
1303,ch,11,16
1304,cha,2,2
1305,challenge,6,7
1306,champion,4,5
1307,chan,13,14
1308,chanel,7,7
1309,change,4,4
1310,changes,2,2
1311,changmin,2,2
1312,chanmina,3,3
1313,channel,15,16
1314,channels,2,2
1315,chaos,3,3
1316,chapter,24,25
1317,character,2,2
1318,charisma,3,3
1319,charity,7,7
1320,chart,121,147
1321,charted,9,9
1322,charting,4,4
1323,charts,33,33
1324,charts와,2,2
1325,chase,10,10
1326,chasing,3,3
1327,check,2,2
1328,checkmate,8,9
1329,cheering,3,3
1330,chemistry,3,3
1331,cherish,2,2
1332,cherry,2,2
1333,cheshire,3,3
1334,chest,5,5
1335,chi,4,4
1336,chia,2,2
1337,chiba,2,2
1338,chicago,6,6
1339,chicken,3,4
1340,child,8,8
1341,childfund,2,2
1342,childhood,3,3
1343,children,7,9
1344,chile,4,4
1345,china,24,26
1346,chinanews,2,2
1347,chinatimes,2,2
1348,chinese,35,47
1349,chiquita,4,4
1350,chk,2,4
1351,cho,7,7
1352,chocolate,5,5
1353,choice,7,7
1354,choom,11,12
1355,chopard,3,3
1356,choreography,2,2
1357,chosun,6,6
1358,christmas,4,4
1359,chrysalis,2,2
1360,chu,4,5
1361,chul,4,4
1362,chung,4,4
1363,chungha,3,3
1364,chuu,7,8
1365,cinema,6,6
1366,cinemas,6,6
1367,cineplay,2,2
1368,cineplex,2,2
1369,circle,18,18
1370,circuit,4,4
1371,cited,3,3
1372,citi,2,2
1373,cities,23,24
1374,citing,8,8
1375,city,40,41
1376,cix,2,2
1377,cj,12,12
1378,cl,3,3
1379,claire,3,3
1380,click,2,2
1381,clinique,2,2
1382,clio,2,2
1383,closer,10,10
1384,closing,3,3
1385,clothing,2,2
1386,cloud,7,8
1387,club,98,111
1388,clusive,2,2
1389,cm송,15,15
1390,cn,47,51
1391,cnblue,55,64
1392,cnn,18,18
1393,cnn인도네시아,2,2
1394,cnp,2,2
1395,co,62,62
1396,coach,6,6
1397,coachella,6,6
1398,coca,4,4
1399,code,8,8
1400,coer,7,7
1401,coined,2,2
1402,cola,4,4
1403,collaborated,7,7
1404,collaboration,12,12
1405,collaborations,13,13
1406,collection,8,8
1407,colombia,3,3
1408,color,20,20
1409,coloring,2,2
1410,colors,2,2
1411,com,186,193
1412,combined,9,9
1413,combining,2,2
1414,come,13,14
1415,comeback,28,28
1416,comercio,2,2
1417,comme,2,2
1418,commemorate,2,2
1419,comments,2,2
1420,commercial,14,14
1421,common,4,4
1422,community,19,20
1423,como,7,10
1424,companions,2,2
1425,company,4,4
1426,competition,6,6
1427,compl,2,2
1428,complaints,2,2
1429,complete,7,7
1430,completed,7,7
1431,completely,14,14
1432,complex,5,5
1433,complexcon,2,3
1434,composed,3,3
1435,composition,2,2
1436,con,22,23
1437,concept,4,4
1438,concert,206,238
1439,concerts,35,36
1440,concierto,3,3
1441,concurrent,2,2
1442,confidence,2,2
1443,confirmed,14,14
1444,confirming,8,8
1445,connect,5,5
1446,connection,2,2
1447,conocidos,2,2
1448,consecutive,29,30
1449,consistent,5,5
1450,consistently,2,2
1451,construction,3,3
1452,content,17,17
1453,context,3,3
1454,continents,4,4
1455,continue,3,3
1456,continued,12,12
1457,continues,4,4
1458,continuing,5,5
1459,continuous,2,2
1460,continuously,2,2
1461,contract,10,10
1462,contributed,3,3
1463,contribution,2,2
1464,controversy,5,5
1465,convenience,3,3
1466,cool,5,5
1467,coordinated,2,2
1468,copies,83,122
1469,cor,6,7
1470,core,5,5
1471,corner,3,3
1472,corporate,3,3
1473,corporation,2,2
1474,cortis,72,78
1475,cosmetic,2,2
1476,cosmetics,3,3
1477,cosmos,5,5
1478,count,2,2
1479,countdown,5,5
1480,counting,2,2
1481,countries,11,11
1482,county,3,4
1483,courage,2,2
1484,court,2,2
1485,cover,5,5
1486,coverage,38,39
1487,covered,49,49
1488,covering,7,7
1489,covers,5,5
1490,covid,2,2
1491,crazier,2,2
1492,crazy,15,17
1493,cream,3,3
1494,creator,2,2
1495,crescent,2,2
1496,crocs,4,4
1497,cross,13,13
1498,crossing,2,2
1499,crossover,10,10
1500,crown,2,2
1501,cruise,2,2
1502,crush,43,51
1503,crushbomb,7,7
1504,cry,3,3
1505,cs,2,2
1506,cu,11,14
1507,cuarta,6,6
1508,cultura,4,4
1509,cultural,12,12
1510,culture,18,19
1511,cumulative,17,17
1512,cup,8,10
1513,current,2,2
1514,customer,2,2
1515,customs,2,2
1516,cyberlove,3,3
1517,cycle,3,3
1518,cycles,2,2
1519,da,4,4
1520,daddy,3,3
1521,daegu,7,7
1522,daejeon,5,5
1523,daily,14,14
1524,dalla,5,10
1525,dan,5,5
1526,danbi,2,2
1527,dance,9,9
1528,dancing,2,2
1529,danielle,6,6
1530,danmee,4,4
1531,dantri,7,7
1532,dari,4,4
1533,data,5,5
1534,database,3,3
1535,date,16,16
1536,dated,6,6
1537,dates,25,25
1538,dating,3,3
1539,daum,4,4
1540,davichi,4,4
1541,david,3,3
1542,dawn,2,2
1543,day,72,76
1544,day2,2,2
1545,day3,2,2
1546,day6,54,57
1547,dayday,2,2
1548,days,34,36
1549,dazed,6,7
1550,dcard,2,2
1551,ddu,3,6
1552,de,43,67
1553,deadline,15,16
1554,deal,3,3
1555,deals,12,12
1556,dean,2,2
1557,dear,6,6
1558,debut,126,143
1559,debuted,21,22
1560,debuting,4,4
1561,dec,32,40
1562,decade,6,6
1563,decades,4,4
1564,december,9,9
1565,dedicated,37,37
1566,dejavu,2,2
1567,del,15,17
1568,demand,17,17
1569,demon,3,3
1570,demonstrating,5,5
1571,dentiste,2,2
1572,department,2,2
1573,departure,4,4
1574,descendants,5,5
1575,described,18,18
1576,describing,14,14
1577,despite,15,15
1578,destination,2,2
1579,destiny,9,9
1580,details,8,8
1581,detik,9,9
1582,detikcom,25,25
1583,detikhot,7,7
1584,detikpop,6,6
1585,dgb대구은행,2,2
1586,di,14,15
1587,diamond,2,2
1588,dianyingjie,2,2
1589,diario,3,3
1590,diary,3,3
1591,die,2,2
1592,different,4,4
1593,digital,39,43
1594,dinh,2,2
1595,dior,5,5
1596,diplomatic,3,3
1597,direct,10,10
1598,directing,2,2
1599,directly,3,3
1600,dirty,2,2
1601,disappointment,2,2
1602,disaster,3,3
1603,disbandment,4,4
1604,disc,7,7
1605,discography,8,8
1606,discord,8,8
1607,discussed,3,3
1608,discussing,4,4
1609,discussion,4,4
1610,disney,3,4
1611,display,2,2
1612,dispute,2,2
1613,distinct,4,4
1614,distinctive,2,2
1615,distributed,2,2
1616,distribution,5,5
1617,district,3,3
1618,ditto,3,3
1619,dive,12,12
1620,dj,17,19
1621,dk,11,11
1622,dle,10,10
1623,dna,2,2
1624,documentary,5,5
1625,documented,3,3
1626,documents,3,3
1627,dolby,2,2
1628,dolce,2,2
1629,domain,7,9
1630,dome,71,79
1631,domestic,9,9
1632,domestically,4,4
1633,dominance,2,2
1634,dominate,10,11
1635,dominated,2,2
1636,dominating,2,2
1637,don,16,16
1638,donated,49,52
1639,donation,4,5
1640,donations,6,7
1641,done,2,2
1642,dong,3,3
1643,donor,2,2
1644,door,3,3
1645,douban,3,3
1646,double,5,5
1647,doubt,3,3
1648,downloads,12,15
1649,dr,9,9
1650,dragon,19,24
1651,drama,21,23
1652,draw,5,5
1653,drawing,13,13
1654,dream,53,66
1655,dreamer,2,2
1656,dreaming,3,3
1657,dreams,3,3
1658,drew,43,50
1659,drip,10,10
1660,drive,7,7
1661,driven,5,5
1662,driver,2,2
1663,drop,2,2
1664,drove,2,2
1665,drx,2,2
1666,du,6,10
1667,dua,2,2
1668,dubbed,3,3
1669,due,8,8
1670,duet,6,6
1671,dui,2,2
1672,dumhdurum,2,2
1673,dun,2,4
1674,dunia,2,2
1675,duo,5,5
1676,duty,5,6
1677,dvd,4,4
1678,dvd로,2,2
1679,dye,2,2
1680,dynamicduo,4,4
1681,dynamite,5,5
1682,d가,4,4
1683,earlier,8,8
1684,early,8,8
1685,earned,12,12
1686,earning,4,4
1687,earthquake,3,3
1688,east,4,4
1689,easy,15,15
1690,eat,3,3
1691,eclipse,2,2
1692,economic,4,4
1693,economy,2,2
1694,ecosystem,3,3
1695,edition,11,11
1696,effect,2,2
1697,eight,5,5
1698,el,20,26
1699,elegant,2,2
1700,eleven,7,7
1701,elf,2,2
1702,elsword,3,3
1703,ema,2,2
1704,emerging,4,4
1705,emotive,2,2
1706,empathy,4,4
1707,empire,2,2
1708,emptiness,2,2
1709,en,29,42
1710,ena,6,6
1711,encore,11,11
1712,encyclopedia,6,6
1713,end,17,18
1714,ended,2,2
1715,endorsement,4,5
1716,endorsements,5,5
1717,energetic,3,3
1718,eng,2,2
1719,engagement,17,17
1720,english,3,3
1721,enhypen,4,4
1722,enka,8,9
1723,enlistment,5,5
1724,enm,5,5
1725,ennes,2,2
1726,enrollment,3,3
1727,ent,4,4
1728,entered,2,2
1729,entertainment,66,72
1730,enthusiastic,2,2
1731,entire,3,3
1732,entirely,5,5
1733,entre,3,3
1734,entries,6,6
1735,entry,20,22
1736,ep,110,120
1737,epik,10,10
1738,epikase,2,2
1739,episode,7,7
1740,eplus,4,4
1741,epoch,3,3
1742,eps,3,3
1743,equal,2,2
1744,equivalent,3,3
1745,era,8,8
1746,es,3,3
1747,espa,2,2
1748,espectador,2,2
1749,esports,2,2
1750,essentialism,2,2
1751,est,2,2
1752,established,4,4
1753,estadio,5,5
1754,estadios,2,2
1755,este,4,4
1756,estimated,12,12
1757,et,2,2
1758,eta,3,3
1759,etc,3,3
1760,ettoday,50,53
1761,etude,3,3
1762,eun,5,5
1763,eunbi,8,9
1764,europe,15,16
1765,european,4,4
1766,eve,13,13
1767,even,9,9
1768,event,23,24
1769,events,11,12
1770,ever,47,48
1771,every,5,6
1772,everything,9,9
1773,evidence,13,13
1774,exactly,2,2
1775,exc,3,3
1776,exceed,4,4
1777,exceeding,2,2
1778,exchange,3,3
1779,excl,4,5
1780,excluded,2,2
1781,exclusive,20,20
1782,executive,2,2
1783,exhibition,4,4
1784,exhorizon,4,4
1785,exid,2,2
1786,exist,2,2
1787,exists,2,2
1788,exo,76,107
1789,expanded,3,3
1790,expanding,4,4
1791,expansion,2,2
1792,expected,3,3
1793,expedition,2,2
1794,experience,2,2
1795,explained,2,2
1796,explicitly,7,7
1797,expo,4,4
1798,export,2,2
1799,expressed,2,2
1800,extended,4,4
1801,extending,3,3
1802,extensive,7,7
1803,extra,3,3
1804,eyes,7,7
1805,eyewear,2,2
1806,e스포츠,2,2
1807,face,7,7
1808,facing,5,5
1809,factor,2,2
1810,factory,7,7
1811,fairy,2,2
1812,fall,6,6
1813,fallen,2,2
1814,falling,2,2
1815,fam,2,6
1816,fame,4,4
1817,families,2,2
1818,family,8,8
1819,fan,229,287
1820,fanbase,17,17
1821,fanclub,15,16
1822,fandom,44,48
1823,fandoms,4,4
1824,fangod,9,9
1825,fanmeeting,9,9
1826,fannstar,3,3
1827,fans,85,93
1828,fansign,2,2
1829,fanta,2,2
1830,fantasia,2,3
1831,fantasy,11,12
1832,far,3,3
1833,farewell,2,2
1834,farm,2,2
1835,fashion,17,19
1836,fashionsnap,2,2
1837,fast,5,5
1838,fastest,8,9
1839,fate,9,9
1840,favorite,2,2
1841,fc,8,8
1842,fearless,5,5
1843,fearnot,10,11
1844,feat,12,12
1845,feature,10,10
1846,featured,11,11
1847,featuring,11,11
1848,feb,41,45
1849,february,12,12
1850,fechas,2,2
1851,fee,3,3
1852,feeds,4,4
1853,feel,12,12
1854,feels,4,4
1855,fellow,3,3
1856,fellowship,3,3
1857,female,23,24
1858,fendi,9,9
1859,fest,3,3
1860,festival,41,44
1861,field,2,4
1862,fifa,10,10
1863,fifth,4,4
1864,figures,2,2
1865,fila,3,3
1866,film,14,14
1867,fin,5,5
1868,final,11,11
1869,finale,6,6
1870,finance,5,5
1871,financial,2,2
1872,find,3,3
1873,fine,2,2
1874,fino,3,3
1875,fire,4,4
1876,five,18,18
1877,flagged,2,2
1878,flame,2,2
1879,flash,5,5
1880,flood,3,3
1881,flover,2,2
1882,flower,11,12
1883,flowering,2,2
1884,flowers,3,3
1885,fly,2,2
1886,flying,3,3
1887,fm,4,4
1888,fm4u,5,5
1889,fml,5,5
1890,fnc,3,4
1891,fnc엔터테인먼트,4,4
1892,focus,3,3
1893,focused,4,4
1894,follow,4,4
1895,followed,4,4
1896,followers,2,2
1897,following,19,19
1898,fong,2,2
1899,food,6,6
1900,footage,2,2
1901,football,3,3
1902,forbes,9,10
1903,foreign,12,13
1904,forever,19,19
1905,forget,2,2
1906,form,4,4
1907,formal,4,4
1908,format,3,3
1909,former,5,5
1910,formula,2,2
1911,found,2,2
1912,foundation,9,10
1913,founded,5,5
1914,founding,2,2
1915,four,16,16
1916,fourever,20,20
1917,fps,4,4
1918,fr,7,7
1919,framed,6,6
1920,framing,7,7
1921,france,12,12
1922,free,12,13
1923,frequent,2,2
1924,fresh,2,2
1925,friend,6,6
1926,friendly,4,4
1927,friends,12,12
1928,fromis,15,15
1929,frontier,6,6
1930,ftisland,23,26
1931,ft아일랜드,29,29
1932,fukuoka,6,7
1933,full,18,18
1934,fully,3,3
1935,fun,4,4
1936,fund,6,7
1937,funded,4,4
1938,funding,2,2
1939,fundraising,2,2
1940,further,4,4
1941,future,8,9
1942,fw,4,5
1943,fw25,2,2
1944,g20,2,2
1945,g5,3,3
1946,g9,2,2
1947,gabbana,2,2
1948,gain,2,2
1949,gak,2,2
1950,galaxy,6,6
1951,gallery,3,3
1952,gallup,5,5
1953,game,5,6
1954,gaming,2,2
1955,gang,3,3
1956,gangnam,10,11
1957,gaon,21,24
1958,gar,2,2
1959,garden,12,12
1960,gateway,2,2
1961,gave,2,2
1962,gayo,2,2
1963,gbk,2,2
1964,gd,4,4
1965,gdp,3,3
1966,gee,3,3
1967,gelato,2,2
1968,gen,11,14
1969,general,15,15
1970,generated,14,14
1971,generation,20,22
1972,generational,8,8
1973,generations,4,4
1974,genfest,2,2
1975,genre,5,6
1976,genres,3,3
1977,gentleman,2,2
1978,genuine,2,2
1979,gesture,2,2
1980,get,14,14
1981,gfriend,33,37
1982,ghost,2,2
1983,gi,3,3
1984,gian,2,2
1985,giants,2,2
1986,gift,3,3
1987,girbaud,2,3
1988,girl,54,57
1989,girlfriend,2,2
1990,girls,19,21
1991,give,2,2
1992,given,2,2
1993,givenchy,6,6
1994,giving,4,4
1995,glass,3,3
1996,glitter,3,3
1997,gllit,6,6
1998,global,71,83
1999,globally,6,6
2000,globe,3,3
2001,glory,3,3
2002,glow,7,7
2003,gnp,6,6
2004,go,41,49
2005,goal,2,2
2006,gocheok,3,3
2007,god,68,74
2008,goes,2,2
2009,gogo,3,3
2010,going,4,4
2011,gold,8,9
2012,golden,18,22
2013,golf,3,3
2014,golive,2,2
2015,gomez,2,2
2016,good,12,12
2017,goodbye,4,4
2018,goods,2,2
2019,goodwill,2,2
2020,google,2,2
2021,got,6,6
2022,got7,32,38
2023,gotta,7,7
2024,governors,2,2
2025,goyang,5,5
2026,gq,4,4
2027,gq코리아,4,4
2028,gracias,2,2
2029,graff,3,3
2030,grand,8,8
2031,grassroots,3,3
2032,greater,3,3
2033,greatest,3,3
2034,green,4,4
2035,greengreen,13,13
2036,greet,2,2
2037,greeting,2,2
2038,grossed,3,3
2039,grossing,4,4
2040,group,159,173
2041,groups,8,8
2042,grown,2,2
2043,growth,4,4
2044,grubu,2,2
2045,grupo,4,4
2046,gs25,2,2
2047,gucci,9,11
2048,guerrilla,2,2
2049,guess,10,10
2050,guest,5,5
2051,guinness,5,6
2052,guitar,3,3
2053,gummy,9,10
2054,gustas,2,2
2055,gwang,2,2
2056,gwangju,2,2
2057,gyeongsang,2,2
2058,gymnasium,15,15
2059,gymnastics,2,2
2060,g마켓,13,13
2061,h1ghr,3,3
2062,h2h,3,3
2063,ha,6,6
2064,haart,5,6
2065,hadir,2,2
2066,haerin,3,3
2067,hajimemashite,3,3
2068,hal,2,2
2069,half,5,5
2070,hall,23,23
2071,hallyu,6,6
2072,han,3,3
2073,hancinema,2,2
2074,handball,3,3
2075,haneda,6,7
2076,hanni,5,5
2077,hanoi,6,7
2078,hanteo,5,5
2079,hapjeong,2,2
2080,happiness,3,3
2081,happy,6,6
2082,hard,4,4
2083,hari,2,2
2084,harmony,6,7
2085,hashtag,2,2
2086,hate,2,2
2087,hater,2,2
2088,having,4,4
2089,head,6,6
2090,headline,11,11
2091,headlined,2,2
2092,headliners,2,2
2093,headlining,2,2
2094,headquarters,2,2
2095,heal,2,2
2096,health,6,6
2097,heart,17,19
2098,hearts,4,4
2099,hearts2hearts,45,46
2100,hearts2house,2,2
2101,heaven,6,6
2102,heavy,3,3
2103,held,51,52
2104,hello,17,17
2105,help,2,2
2106,helping,4,4
2107,heng,2,2
2108,here,11,12
2109,hereh,8,8
2110,heritage,2,2
2111,hero,26,28
2112,heroes,4,4
2113,hey,3,5
2114,hi,5,5
2115,hiatus,8,8
2116,high,24,24
2117,highest,21,22
2118,highly,2,2
2119,highway,2,2
2120,him,10,10
2121,hip,9,12
2122,historic,2,2
2123,history,15,15
2124,hit,34,36
2125,hits,8,8
2126,hk,9,9
2127,hk01,30,30
2128,hkd,3,4
2129,hkt48,3,3
2130,hk이노엔,6,6
2131,ho,9,9
2132,hold,4,4
2133,holders,3,3
2134,holding,2,2
2135,holds,9,9
2136,holic,6,6
2137,holics,5,5
2138,home,17,19
2139,homecoming,2,2
2140,hometown,3,3
2141,honey,2,2
2142,hong,21,24
2143,hongdae,3,3
2144,honor,2,2
2145,honorary,9,11
2146,hoon,4,4
2147,hop,7,10
2148,hope,14,14
2149,horizon,4,4
2150,hospital,3,3
2151,hosted,6,6
2152,hosts,9,9
2153,hot,44,46
2154,hot100,3,3
2155,hotel,8,8
2156,hour,31,35
2157,hours,11,11
2158,house,12,12
2159,households,2,2
2160,how,7,7
2161,howl,5,5
2162,hq,2,2
2163,hug,6,6
2164,huh,2,2
2165,hulu,3,3
2166,human,2,2
2167,hunters,2,2
2168,husband,2,2
2169,hwajeong,2,2
2170,hwan,2,2
2171,hwasa,2,2
2172,hybe,19,19
2173,hyde,2,2
2174,hyein,3,3
2175,hyogo,2,2
2176,hyori,3,4
2177,hype,4,4
2178,hypebeast,3,3
2179,hyper,3,3
2180,hyuk,2,2
2181,hyun,5,5
2182,hyundai,6,8
2183,hyunsik,2,2
2184,i30,4,4
2185,iab,6,7
2186,ice,13,13
2187,icm,3,3
2188,icon,3,3
2189,iconic,7,7
2190,icy,2,2
2191,id,6,6
2192,idea,3,3
2193,identity,6,6
2194,idn,11,11
2195,idol,12,12
2196,idols,2,2
2197,ifpi,7,7
2198,ii,11,11
2199,iii,6,6
2200,ikon,62,70
2201,ikonic,7,8
2202,illit,30,33
2203,illustrating,3,3
2204,ily,2,2
2205,im,16,17
2206,imbc,3,3
2207,imi,2,3
2208,immediately,5,5
2209,impact,6,6
2210,import,2,2
2211,importante,2,2
2212,im금융그룹,3,3
2213,im뱅크,8,8
2214,inb100,3,4
2215,inc,2,2
2216,incheon,14,15
2217,include,14,15
2218,includes,5,5
2219,income,5,6
2220,increase,2,2
2221,independence,2,2
2222,indexed,2,2
2223,india,4,4
2224,indicating,29,29
2225,indie,3,3
2226,individual,11,11
2227,individually,2,2
2228,indomie,3,3
2229,indonesia,28,29
2230,indonesian,4,5
2231,indoor,4,4
2232,indoposonline,2,2
2233,industria,2,2
2234,industry,18,18
2235,infobae,71,71
2236,information,2,2
2237,infoseek,2,2
2238,infrastructure,5,5
2239,ini,8,9
2240,initial,4,4
2241,ink,2,2
2242,inkigayo,4,4
2243,inkode,2,2
2244,inner,2,2
2245,inside,3,3
2246,inspector,2,2
2247,instagram,3,3
2248,instant,2,2
2249,instantly,4,4
2250,instinct,2,2
2251,institute,4,4
2252,integrantes,2,2
2253,intel,6,6
2254,inter,2,2
2255,interest,6,6
2256,international,29,30
2257,internationally,2,2
2258,internet,3,3
2259,interpark,3,3
2260,interview,5,5
2261,investment,2,2
2262,invitation,5,5
2263,involving,3,3
2264,iol,5,5
2265,ip,5,5
2266,irene,7,7
2267,iris,2,2
2268,island,3,3
2269,issues,2,2
2270,item,2,2
2271,items,3,3
2272,itunes,20,20
2273,itzy,65,79
2274,iu,33,45
2275,ive,44,56
2276,ivy,2,2
2277,iz,9,9
2278,i가,2,2
2279,ja,5,5
2280,jackson,3,3
2281,jadi,3,3
2282,jae,6,6
2283,jaefans,3,3
2284,jakarta,16,17
2285,jamsil,7,7
2286,jan,28,33
2287,jang,11,11
2288,jangchung,7,7
2289,jannabi,7,7
2290,january,16,17
2291,japan,223,273
2292,japanese,81,105
2293,jay,10,10
2294,jd1,2,2
2295,jealousy,3,3
2296,jeans,5,5
2297,jeju,2,2
2298,jennie,8,8
2299,jeong,3,3
2300,ji,6,6
2301,jigumi,2,2
2302,jim,4,4
2303,jimin,2,2
2304,jin,2,2
2305,jindo,2,3
2306,jinhwan,2,2
2307,jinro,3,5
2308,jisoo,4,4
2309,jiwoo,2,2
2310,jj,2,2
2311,jj프로젝트,2,2
2312,jk,2,2
2313,john,2,2
2314,joint,4,4
2315,jong,4,4
2316,jonghyun,2,2
2317,joong,8,8
2318,journey,3,3
2319,joy,5,5
2320,jp,74,79
2321,jpopnews,3,3
2322,jtbc,81,85
2323,juksy,5,5
2324,july,47,48
2325,jump,5,5
2326,jumping,3,3
2327,jun,13,13
2328,june,40,40
2329,jung,4,4
2330,junior,14,14
2331,just,25,25
2332,jwalkerz,5,5
2333,jx,4,5
2334,jxw,2,2
2335,jyj,6,7
2336,jyp,29,30
2337,jyp엔터테인먼트,14,14
2338,jyp와,2,2
2339,k1,2,2
2340,k3,2,2
2341,kai,6,6
2342,kakao,2,2
2343,kamp,3,3
2344,kanagawa,2,2
2345,kaohsiung,6,8
2346,kapanlagi,3,3
2347,kapook,3,3
2348,karina,4,4
2349,karma,5,5
2350,karol,2,2
2351,kazuha,3,3
2352,kb,5,5
2353,kbo,3,3
2354,kbri,2,3
2355,kbs,123,136
2356,kbs1,8,8
2357,kbs2,78,81
2358,kbs아레나,5,5
2359,kbs연예대상,2,2
2360,kbs홀,2,2
2361,kb국민은행,15,17
2362,kb국민카드,6,7
2363,kb스타뱅킹,2,2
2364,kclf,2,2
2365,kcon,17,20
2366,ke,2,2
2367,keep,4,4
2368,kenh14,13,13
2369,kenzo,3,3
2370,kfa,2,2
2371,kgc인삼공사,4,4
2372,kgma,3,3
2373,kg모빌리티,2,2
2374,kh,8,9
2375,khan,2,2
2376,khaosod,2,2
2377,khi,3,4
2378,kho,2,2
2379,ki,4,4
2380,kia,8,9
2381,kicked,5,5
2382,kids,50,56
2383,kill,6,7
2384,kim,28,31
2385,kimchi,2,2
2386,kind,3,3
2387,king,6,6
2388,kingdom,2,2
2389,kiss,3,3
2390,kit,2,2
2391,kits,2,2
2392,kitsch,3,4
2393,kkbox,5,5
2394,kkoti,8,8
2395,kktix,9,9
2396,klein,3,3
2397,km,2,2
2398,kmca,9,9
2399,kmtstar,4,4
2400,know,6,6
2401,known,2,2
2402,kobe,5,6
2403,kode,3,3
2404,komca,2,2
2405,kompas,14,14
2406,kong,20,23
2407,konser,5,6
2408,kookmin,2,2
2409,kopis,2,2
2410,korail,2,2
2411,korea,137,146
2412,koreain,4,4
2413,korean,106,114
2414,korepo,2,2
2415,korezin,16,16
2416,korseries,3,3
2417,kostcon,2,2
2418,kotra,2,2
2419,koz,5,5
2420,koz엔터테인먼트,2,2
2421,kpga,2,4
2422,kpop,26,27
2423,kpoplat,6,6
2424,kpopn,2,2
2425,kpopna,13,13
2426,kpopturk,2,2
2427,kq엔터테인먼트,3,3
2428,kr,3,3
2429,krw,11,13
2430,kspo,46,48
2431,kspo돔,37,39
2432,kst,2,2
2433,kstation,2,2
2434,kstyle,17,17
2435,kt,11,12
2436,ktx,5,5
2437,kuala,5,5
2438,kudago,2,2
2439,kumparan,2,2
2440,kunst,2,2
2441,kwangdong,2,2
2442,kwda,3,4
2443,kwon,11,11
2444,kyung,8,8
2445,k드라마,3,3
2446,k뷰티,2,2
2447,k월드드림어워즈,2,2
2448,k컬처,2,2
2449,k팝,327,340
2450,k팝스타,2,2
2451,k팝이란,2,2
2452,la,91,118
2453,lab,4,4
2454,label,11,13
2455,labeled,2,2
2456,labels,2,2
2457,lack,2,2
2458,lacoste,3,4
2459,lady,2,2
2460,lagu,2,2
2461,lala,2,2
2462,lalisa,4,4
2463,land,6,6
2464,language,22,22
2465,large,4,4
2466,largest,10,12
2467,las,9,10
2468,last,4,4
2469,late,2,2
2470,later,12,12
2471,latin,10,10
2472,launch,7,7
2473,launched,14,14
2474,launching,7,7
2475,laurent,3,3
2476,lay,2,2
2477,la타임스,2,3
2478,le,49,50
2479,lead,6,6
2480,leader,2,2
2481,leading,4,4
2482,least,2,2
2483,leave,2,2
2484,leaving,4,4
2485,led,7,7
2486,lee,32,33
2487,leg,7,9
2488,legacy,2,2
2489,legal,5,5
2490,legend,4,4
2491,legitimate,3,3
2492,legs,2,2
2493,lemino,4,4
2494,lemon,7,8
2495,lemonade,2,2
2496,lena,7,7
2497,lens,3,3
2498,let,9,9
2499,lethality,3,3
2500,leukemia,3,3
2501,level,3,3
2502,levi,4,4
2503,lg,13,13
2504,lg아트센터,2,2
2505,lg유플러스,7,8
2506,lg전자,18,18
2507,li,2,2
2508,licensed,2,2
2509,life,14,14
2510,lifestyle,5,5
2511,light,15,15
2512,lightstick,4,4
2513,lightsticks,2,2
2514,liiv,6,6
2515,like,41,44
2516,lil,2,3
2517,lim,8,8
2518,lima,2,2
2519,liminal,2,2
2520,limited,5,5
2521,line,17,17
2522,lines,9,9
2523,lineup,6,7
2524,linked,3,3
2525,lip,4,4
2526,liputan6,4,4
2527,lisa,13,13
2528,list,13,13
2529,listed,13,13
2530,listen,4,5
2531,listener,4,4
2532,listeners,7,7
2533,listing,2,2
2534,lists,2,2
2535,little,5,5
2536,live,101,103
2537,livestream,2,2
2538,livin,2,2
2539,liz,2,2
2540,ll,10,10
2541,lloud,4,5
2542,lngshot,6,6
2543,lo,4,4
2544,loboly,8,8
2545,local,20,20
2546,loewe,6,6
2547,logged,5,5
2548,logistics,2,2
2549,lollapalooza,4,6
2550,london,3,3
2551,long,9,10
2552,longest,3,4
2553,longevity,2,2
2554,look,2,2
2555,loona,3,3
2556,loop,18,20
2557,los,15,16
2558,lost,2,2
2559,lotte,7,7
2560,lottery,2,2
2561,loud,6,6
2562,louis,9,9
2563,lounge,2,2
2564,love,111,121
2565,lovely,2,2
2566,lover,2,2
2567,lovers,3,3
2568,loving,2,2
2569,low,4,5
2570,loyal,2,2
2571,loyalty,10,10
2572,lp,9,10
2573,lsior,3,3
2574,luar,3,3
2575,lucky,2,2
2576,lugar,2,2
2577,lululemon,2,2
2578,lumpur,5,5
2579,luna,5,5
2580,luv,7,7
2581,luxury,6,6
2582,lyn,7,7
2583,lyric,2,2
2584,lyrics,6,6
2585,l들,2,2
2586,macau,7,7
2587,mad,4,4
2588,made,18,20
2589,maeng,2,2
2590,magazine,14,14
2591,magic,2,2
2592,magnetic,13,13
2593,mail,11,11
2594,main,8,8
2595,mainstream,34,35
2596,maintains,8,8
2597,major,38,38
2598,make,3,3
2599,makeup,3,3
2600,making,9,9
2601,malay,9,9
2602,malaymail,2,2
2603,malaysia,7,9
2604,male,12,13
2605,malguem,2,2
2606,mama,39,40
2607,mamamoo,14,14
2608,mamba,3,3
2609,mamihlapinatapai,2,2
2610,man,10,11
2611,mang,2,2
2612,maniac,2,2
2613,manila,17,17
2614,manito,4,4
2615,map,4,5
2616,maps,3,3
2617,mar,10,11
2618,march,33,33
2619,marie,3,3
2620,marieclaire,2,2
2621,mark,12,13
2622,marked,10,10
2623,market,34,34
2624,markets,5,5
2625,marking,23,23
2626,marriage,2,2
2627,marsh,2,2
2628,mascot,2,2
2629,master,5,5
2630,mastercard,4,4
2631,masterpiece,4,4
2632,matin,3,4
2633,matter,3,3
2634,mattress,2,2
2635,maxident,4,4
2636,maxim,2,2
2637,maybelline,2,2
2638,mazzel,2,2
2639,mbc,165,175
2640,mbc에브리원,6,6
2641,mbn,16,16
2642,mbs,3,3
2643,mbti,3,3
2644,mc,68,85
2645,mcc,2,2
2646,mcdonald,2,2
2647,mc상,2,2
2648,mc직,2,2
2649,md,9,9
2650,mdpr,4,4
2651,me,67,70
2652,media,25,25
2653,mediabase,2,2
2654,medical,2,2
2655,meet,4,4
2656,meeting,37,40
2657,meetings,3,3
2658,mega,2,2
2659,mejor,2,2
2660,melody,11,12
2661,melon,21,22
2662,melympic,3,3
2663,member,47,48
2664,members,48,49
2665,membership,23,29
2666,memberships,2,2
2667,memeon,3,3
2668,memories,11,13
2669,memory,4,4
2670,merch,2,2
2671,merchandise,7,7
2672,merit,2,2
2673,message,2,2
2674,met,2,2
2675,meta,2,2
2676,mexican,4,6
2677,mexicanos,2,2
2678,mexico,25,38
2679,mid,4,4
2680,midnight,2,2
2681,midzy,8,12
2682,milan,2,2
2683,milestone,9,9
2684,military,8,8
2685,milky,2,2
2686,million,134,182
2687,min,3,3
2688,mind,2,2
2689,mine,2,2
2690,mingpao,2,2
2691,minh,2,2
2692,mini,20,22
2693,ministry,2,2
2694,minji,4,4
2695,minnie,3,3
2696,mino,2,2
2697,minute,3,3
2698,minutes,15,19
2699,miracle,4,4
2700,mirror,4,5
2701,misamo,7,7
2702,mise,2,2
2703,miss,5,5
2704,missha,2,2
2705,missing,3,3
2706,miu,2,4
2707,mixed,3,3
2708,mixx,7,7
2709,mk,2,2
2710,mkmf,3,3
2711,mlb,7,7
2712,mm,2,2
2713,mma,5,5
2714,mnet,79,80
2715,mobile,12,12
2716,mobilization,5,5
2717,model,13,13
2718,models,4,6
2719,modern,4,4
2720,moment,8,8
2721,momentum,6,6
2722,momo,3,3
2723,monbebe,7,7
2724,money,14,14
2725,mong,2,2
2726,monologue,5,5
2727,monsta,8,8
2728,monster,2,2
2729,monsters,10,10
2730,monstiez,6,6
2731,month,14,14
2732,monthly,6,7
2733,months,16,16
2734,mood,2,2
2735,moomoo,4,5
2736,moon,18,19
2737,morning,7,7
2738,motion,2,2
2739,motivation,3,3
2740,motors,2,2
2741,mou,2,2
2742,moved,4,4
2743,movement,4,4
2744,movie,9,10
2745,mr,13,14
2746,msg워너비,4,4
2747,mtv,16,18
2748,mtv유럽뮤직어워드,2,2
2749,mu,21,22
2750,multi,9,9
2751,multiple,24,24
2752,mundial,2,2
2753,mundo,2,2
2754,munhak,2,2
2755,muse,2,2
2756,music,167,191
2757,musical,5,7
2758,musician,4,4
2759,musinsa,4,5
2760,must,2,2
2761,mv,18,21
2762,myself,2,2
2763,mystery,2,2
2764,mz세대,11,12
2765,m으,2,2
2766,m이,2,2
2767,na,28,52
2768,nagoya,3,3
2769,nam,14,14
2770,namba,5,5
2771,name,54,57
2772,named,53,53
2773,naming,2,2
2774,namu,3,3
2775,narita,2,2
2776,narrative,2,2
2777,natalie,27,31
2778,nation,14,14
2779,national,21,22
2780,nationwide,10,10
2781,native,4,4
2782,naturally,2,2
2783,nautiljon,11,11
2784,naver,4,4
2785,nba,9,13
2786,nbc,4,4
2787,nct,142,169
2788,near,3,3
2789,nearly,8,8
2790,need,3,3
2791,needed,2,2
2792,neo,6,6
2793,neogen,3,3
2794,nest,4,4
2795,nestfest,3,4
2796,net,12,12
2797,netease,8,9
2798,never,2,2
2799,neverland,6,6
2800,newest,2,2
2801,newjeans,50,53
2802,newly,2,2
2803,news,78,85
2804,newsweek,3,3
2805,newsweekjapan,2,2
2806,next,10,10
2807,nexus,5,5
2808,nfl,2,2
2809,nft,2,2
2810,ng,23,56
2811,ngo,4,4
2812,nh,15,32
2813,nhanh,3,3
2814,nhi,3,5
2815,nhk,21,23
2816,nhk오사카홀,2,2
2817,nh투자증권,3,3
2818,nice,6,6
2819,nicknamed,4,4
2820,nien,2,2
2821,night,18,19
2822,nights,6,6
2823,nike,5,6
2824,nine,8,8
2825,nippon,2,2
2826,nivel,2,2
2827,niziu,2,2
2828,njpac,4,4
2829,njz,5,5
2830,nmb48,2,2
2831,nme,21,22
2832,nmixx,42,45
2833,noeasy,3,3
2834,noises,4,4
2835,nol,19,19
2836,nol티켓,3,3
2837,nomad,3,3
2838,non,7,7
2839,nonono,3,4
2840,nonstop,2,2
2841,norte,2,2
2842,north,23,24
2843,notable,3,3
2844,note,3,3
2845,noted,8,8
2846,nothing,4,4
2847,notices,2,2
2848,noticias,3,3
2849,noting,7,7
2850,nov,34,38
2851,november,14,14
2852,now,20,20
2853,nowitzki,14,15
2854,nownews,3,3
2855,nswer,10,11
2856,nt,4,5
2857,ntt,2,2
2858,nuestros,2,2
2859,number,3,3
2860,numero,5,5
2861,nxde,7,8
2862,nylon,3,3
2863,nz,8,8
2864,o2,6,6
2865,oakland,2,2
2866,oasis,3,3
2867,occitane,2,3
2868,oceania,2,2
2869,oct,29,30
2870,october,12,13
2871,odd,2,2
2872,oddinary,4,4
2873,ode,3,3
2874,odyssey,2,2
2875,office,3,3
2876,official,154,172
2877,offline,3,3
2878,oh,17,20
2879,ok,3,3
2880,old,2,2
2881,olympic,18,18
2882,omelete,2,2
2883,omg,3,3
2884,once,13,17
2885,ongoing,11,11
2886,online,12,12
2887,only,18,18
2888,oo,2,2
2889,op,3,3
2890,open,5,5
2891,opened,14,15
2892,opening,13,13
2893,operated,2,2
2894,operates,3,3
2895,oppa,2,2
2896,oppo,4,4
2897,opposite,2,2
2898,orange,3,3
2899,orchestra,4,4
2900,order,5,5
2901,orders,10,12
2902,ordinary,2,2
2903,org,9,10
2904,organization,4,4
2905,organized,9,9
2906,organizes,2,2
2907,oricon,103,113
2908,origin,8,8
2909,original,12,12
2910,originally,4,4
2911,os,2,2
2912,osaka,17,17
2913,osen,2,2
2914,ost,210,291
2915,ost상,7,8
2916,ototoy,7,7
2917,ott,12,12
2918,outlet,12,12
2919,outselling,2,2
2920,outside,10,10
2921,outsized,2,2
2922,outwest,2,2
2923,overall,4,4
2924,overseas,9,9
2925,overwatch,2,2
2926,overwhelming,4,4
2927,ovo,3,3
2928,owari,2,2
2929,owls,3,3
2930,own,11,11
2931,pa,3,3
2932,pabllo,4,4
2933,pacific,4,4
2934,package,2,2
2935,packages,2,2
2936,page,37,37
2937,pages,6,6
2938,paid,6,6
2939,paired,2,2
2940,pak,2,4
2941,palacio,2,2
2942,palette,3,3
2943,panda,2,2
2944,panorama,2,2
2945,pantip,9,9
2946,pap,2,2
2947,para,8,10
2948,paradise,6,6
2949,parallel,2,2
2950,paris,11,11
2951,park,35,35
2952,parkhyoshin,2,2
2953,part,58,69
2954,participating,4,4
2955,partnered,2,2
2956,partners,3,3
2957,partnership,2,2
2958,party,10,10
2959,pas,2,2
2960,passed,2,2
2961,past,4,4
2962,pat,2,3
2963,pattern,2,2
2964,paulo,5,5
2965,pay,3,3
2966,paying,3,3
2967,pd,8,8
2968,peace,3,3
2969,peak,5,5
2970,peaked,12,13
2971,pechanga,3,3
2972,penonton,2,2
2973,people,9,9
2974,pepero,2,2
2975,pepsi,5,5
2976,perfect,9,10
2977,perform,10,11
2978,performance,26,26
2979,performances,16,16
2980,performed,20,20
2981,performing,6,6
2982,period,3,4
2983,permission,2,2
2984,person,2,2
2985,persona,4,4
2986,personal,3,3
2987,personally,2,2
2988,personas,2,2
2989,pertama,2,2
2990,peru,2,2
2991,ph,6,6
2992,pharita,2,2
2993,pharmaceutical,2,2
2994,phase,4,4
2995,philippine,3,3
2996,philippines,5,5
2997,philstar,2,2
2998,phone,5,5
2999,phong,2,2
3000,photo,7,9
3001,photocards,3,3
3002,photos,2,2
3003,physical,8,8
3004,pia,2,2
3005,pidamente,2,2
3006,piece,8,8
3007,pieces,2,2
3008,pil,5,5
3009,pink,31,33
3010,pinkvilla,11,11
3011,pit,4,4
3012,pitch,2,2
3013,pixel,2,2
3014,pizza,5,5
3015,place,2,2
3016,placed,4,4
3017,placement,2,2
3018,planet,11,11
3019,planned,5,5
3020,planning,3,3
3021,plant,2,2
3022,platform,26,26
3023,platforms,5,5
3024,platinum,13,15
3025,play,16,17
3026,playbaek,2,2
3027,played,7,7
3028,playing,2,2
3029,playlist,2,2
3030,playstation,2,2
3031,pledge,2,2
3032,pledged,3,3
3033,pledging,2,2
3034,pledis,8,8
3035,plot,4,4
3036,plus,19,19
3037,pm,2,2
3038,po,2,2
3039,pocari,2,2
3040,poem,5,6
3041,point,2,2
3042,points,2,2
3043,pollstar,2,2
3044,pond,2,2
3045,pony,3,3
3046,pook,4,4
3047,pop,249,285
3048,popline,2,2
3049,pops,2,2
3050,popular,6,6
3051,popularity,8,8
3052,popularizing,2,2
3053,por,4,4
3054,portal,2,2
3055,posay,3,3
3056,poser,2,2
3057,post,12,12
3058,posted,5,5
3059,posting,3,3
3060,posts,3,3
3061,potential,2,2
3062,power,25,25
3063,pr,12,12
3064,prada,4,4
3065,praised,3,3
3066,praising,2,2
3067,prayfordominate,2,2
3068,pre,14,18
3069,premiere,7,7
3070,premiered,2,2
3071,premium,4,4
3072,presale,25,29
3073,presence,5,5
3074,present,2,2
3075,presents,2,2
3076,president,2,3
3077,press,27,27
3078,pretty,3,3
3079,previewed,3,3
3080,previous,2,2
3081,priced,3,3
3082,prices,2,2
3083,primadonna,4,4
3084,prime,3,3
3085,primer,2,2
3086,prince,2,2
3087,print,2,2
3088,prior,10,10
3089,priority,3,3
3090,prison,2,2
3091,prize,3,3
3092,probable,2,2
3093,proceed,3,3
3094,proceeded,2,2
3095,proceeds,7,7
3096,proceso,3,3
3097,produce,2,2
3098,produce48,2,2
3099,produced,5,5
3100,producer,2,2
3101,product,4,4
3102,production,5,5
3103,products,2,2
3104,profile,11,11
3105,profit,3,4
3106,program,3,3
3107,project,10,10
3108,projected,2,2
3109,prom,3,3
3110,promise,2,2
3111,promoting,2,2
3112,promotion,6,6
3113,promotional,8,8
3114,promotions,2,2
3115,prompting,5,5
3116,proof,2,2
3117,protest,2,2
3118,provenance,3,3
3119,pr타임즈,2,2
3120,psy,24,29
3121,psycho,2,2
3122,pt,8,9
3123,ptt,2,2
3124,pubg,8,8
3125,public,7,7
3126,publicly,8,8
3127,published,14,14
3128,pulse,8,8
3129,puma,7,7
3130,purchase,9,9
3131,purchases,2,2
3132,purchasing,4,4
3133,pure,2,2
3134,pureflow,9,10
3135,purple,2,2
3136,purpleocean,2,2
3137,push,7,9
3138,put,5,5
3139,pyongyang,2,2
3140,qq,26,29
3141,qq뮤직,10,10
3142,qq음악,2,2
3143,qu,6,6
3144,que,9,13
3145,queen,12,12
3146,queencard,4,4
3147,queens,3,3
3148,quoting,5,5
3149,qwer,79,88
3150,rabbits,2,2
3151,radar,4,4
3152,radio,12,12
3153,rag,5,5
3154,ragnet,2,2
3155,rain,7,7
3156,rainbow,6,6
3157,raised,5,6
3158,raising,2,2
3159,ran,26,26
3160,range,6,6
3161,ranked,24,24
3162,ranking,29,29
3163,rankings,11,11
3164,rapid,3,3
3165,rapidly,3,3
3166,rare,2,2
3167,rather,7,7
3168,ray,2,2
3169,rbb,5,5
3170,rbw,7,8
3171,rcti,3,3
3172,re,18,19
3173,reach,11,11
3174,reached,26,26
3175,reaching,7,7
3176,reaction,3,4
3177,reactions,2,2
3178,readership,2,2
3179,ready,10,10
3180,real,22,23
3181,reality,3,3
3182,rebel,5,6
3183,received,5,5
3184,recinto,2,2
3185,recognition,8,8
3186,recognized,4,4
3187,record,43,46
3188,recorded,5,5
3189,recording,4,4
3190,records,12,12
3191,recreio,3,3
3192,recruitment,9,9
3193,recurring,2,2
3194,red,58,65
3195,redline,2,2
3196,redred,4,4
3197,reference,8,9
3198,referenced,3,3
3199,reflecting,27,27
3200,refleja,2,2
3201,refund,2,2
3202,regional,13,13
3203,regions,4,4
3204,registration,3,3
3205,regular,2,2
3206,regularly,3,3
3207,rei,2,2
3208,relaci,2,2
3209,related,3,3
3210,relations,2,2
3211,relationship,2,2
3212,release,59,60
3213,released,22,22
3214,releases,7,7
3215,releasing,7,7
3216,relief,16,21
3217,remake,3,3
3218,remember,2,2
3219,remine,4,4
3220,remix,6,6
3221,renewal,2,2
3222,renewed,3,3
3223,reno16,2,2
3224,rep,8,8
3225,repeat,10,10
3226,replay,8,8
3227,report,4,4
3228,reporte,2,2
3229,reportedly,6,6
3230,reporting,5,5
3231,represented,2,2
3232,representing,3,3
3233,reputation,5,7
3234,rescene,20,20
3235,research,3,3
3236,residency,2,2
3237,resonance,8,8
3238,resort,3,3
3239,respectively,3,3
3240,restaurants,3,3
3241,restricted,2,2
3242,results,3,3
3243,retail,4,5
3244,retirement,3,3
3245,return,6,6
3246,returned,5,5
3247,returning,2,2
3248,reunion,13,13
3249,reunited,6,6
3250,reve,2,2
3251,reve1uv,2,2
3252,reveal,3,3
3253,revealed,4,4
3254,reveluv,7,8
3255,revenue,15,16
3256,reverxe,3,3
3257,revista,6,6
3258,rhythm,3,3
3259,ri,3,3
3260,riaa,2,2
3261,riaj,4,5
3262,rica,2,2
3263,rice,2,2
3264,right,7,7
3265,riize,53,62
3266,riizing,8,9
3267,rio,5,6
3268,rise,2,2
3269,rises,2,2
3270,rising,6,6
3271,riuh,2,2
3272,rk,2,2
3273,rkiye,3,3
3274,rm,10,12
3275,rnz,2,2
3276,road,6,7
3277,robot,4,4
3278,roche,3,3
3279,rock,12,13
3280,rockation,11,12
3281,rocket,3,3
3282,roirom,2,2
3283,role,8,8
3284,roles,4,4
3285,roll,2,2
3286,rolling,20,20
3287,rolls,6,6
3288,romance,5,5
3289,romantic,3,3
3290,rookie,17,17
3291,room,15,15
3292,roots,3,3
3293,ros,3,3
3294,rose,7,7
3295,roster,3,3
3296,rouge,3,3
3297,rough,2,2
3298,roughly,21,21
3299,round,7,8
3300,roundup,2,2
3301,route,2,2
3302,roy,6,6
3303,royrose,3,3
3304,rpp,2,3
3305,rriyet,5,5
3306,ru,31,31
3307,rubi,8,8
3308,rude,7,7
3309,rui,3,3
3310,rumors,5,5
3311,run,23,25
3312,runaway,3,3
3313,runner,2,2
3314,running,10,10
3315,runs,5,5
3316,rush,16,16
3317,russh,2,2
3318,ryo,2,2
3319,ryu,2,2
3320,ryujin,2,2
3321,r석,3,3
3322,s2u,3,3
3323,sa,2,2
3324,sad,2,2
3325,sae,5,5
3326,sailing,2,2
3327,saint,4,4
3328,saitama,2,2
3329,salah,2,2
3330,saldaga,2,2
3331,sale,13,13
3332,sales,53,57
3333,sambil,2,2
3334,same,20,20
3335,samsung,6,6
3336,san,2,2
3337,sana,2,2
3338,sang,3,3
3339,sanook,3,3
3340,santiago,3,3
3341,satisfaction,3,3
3342,satu,3,3
3343,sau,2,2
3344,savage,3,4
3345,save,2,2
3346,saw,6,6
3347,say,8,8
3348,saying,4,4
3349,sbs,156,164
3350,sbs가요대전,2,2
3351,sbs뉴스,3,3
3352,sc,3,3
3353,scale,2,2
3354,scalped,2,2
3355,scandal,3,3
3356,scenario,4,4
3357,scene,7,7
3358,scenedrome,2,2
3359,scenes,3,3
3360,scenestr,2,2
3361,schedule,6,6
3362,scheduled,7,7
3363,school,8,8
3364,scored,4,4
3365,scouts,2,2
3366,screen,5,5
3367,screenx,3,3
3368,sdgs,3,3
3369,se,8,10
3370,sea,4,4
3371,search,6,6
3372,searched,2,2
3373,season,12,12
3374,seasons,3,3
3375,seat,3,3
3376,seats,10,11
3377,sebagai,2,2
3378,sechskies,10,14
3379,seconds,2,2
3380,secret,9,9
3381,sections,2,2
3382,sector,3,3
3383,secured,5,5
3384,securities,3,3
3385,see,4,4
3386,seed,2,2
3387,seezn,2,2
3388,seguidores,3,3
3389,seguros,5,5
3390,sejeong,2,2
3391,sejong,2,2
3392,sekai,2,2
3393,sekali,2,2
3394,selatan,2,2
3395,selected,9,10
3396,selection,3,3
3397,selena,2,2
3398,self,8,10
3399,sell,4,4
3400,seller,5,5
3401,sellers,3,3
3402,selling,26,27
3403,sellout,4,4
3404,sellouts,6,6
3405,senka,3,3
3406,sent,2,2
3407,seo,4,4
3408,seojin,4,4
3409,seok,2,2
3410,seolleongtang,2,2
3411,seoul,111,119
3412,sep,2,2
3413,separate,7,7
3414,separately,5,5
3415,sept,30,31
3416,september,12,13
3417,serenade,10,10
3418,serenades,6,6
3419,series,15,15
3420,served,3,3
3421,server,2,2
3422,service,3,3
3423,sessions,4,4
3424,set,15,15
3425,setlist,4,4
3426,seulgi,5,5
3427,seung,6,6
3428,seven,9,9
3429,seventeen,31,36
3430,seventeenth,6,6
3431,several,2,2
3432,sg,5,6
3433,sg워너비,51,54
3434,shape,4,4
3435,share,2,2
3436,shared,2,2
3437,sharing,3,3
3438,sheep,2,2
3439,shibuya,3,3
3440,shift,2,2
3441,shin,5,5
3442,shinee,20,25
3443,shinhan,4,4
3444,shinjuku,2,2
3445,shinsegae,2,2
3446,shock,2,2
3447,shop,10,10
3448,shopee,12,12
3449,shopping,3,3
3450,show,111,118
3451,show5,5,5
3452,showcase,6,6
3453,showed,3,3
3454,showing,20,20
3455,shows,49,57
3456,showtime,4,4
3457,shy,6,6
3458,si,9,9
3459,side,4,4
3460,sign,5,5
3461,signed,8,8
3462,significant,2,2
3463,signing,3,3
3464,silver,2,2
3465,simon,2,2
3466,simple,2,2
3467,simulcast,3,3
3468,simultaneous,3,3
3469,simultaneously,3,3
3470,sina,44,53
3471,singapore,19,22
3472,singer,27,28
3473,singers,4,4
3474,singing,3,3
3475,single,66,70
3476,singles,31,35
3477,sisters,2,2
3478,site,22,22
3479,sites,2,2
3480,six,18,18
3481,sk,8,8
3482,skibidi,2,2
3483,skincare,5,5
3484,skiyaki,2,2
3485,skool,2,2
3486,sky,8,8
3487,skz,3,3
3488,sk텔레콤,4,4
3489,slam,2,2
3490,slip,2,2
3491,slow,4,4
3492,sm,55,68
3493,sma,2,2
3494,small,4,4
3495,smart,4,4
3496,smartphone,3,3
3497,smile,4,4
3498,smiley,5,6
3499,smoke,3,3
3500,smtown,7,7
3501,sm엔터테인먼트,63,64
3502,sm엔터테인먼트와,2,2
3503,sneakers,2,2
3504,snl,5,5
3505,snow,8,9
3506,sns,61,63
3507,social,6,6
3508,society,4,4
3509,soda,5,10
3510,sofi,3,3
3511,soft,3,3
3512,soju,5,6
3513,sol,8,8
3514,sold,174,211
3515,solo,67,72
3516,soloist,2,2
3517,sol페,4,4
3518,someday,3,3
3519,something,2,2
3520,son,2,2
3521,sone,2,3
3522,song,66,72
3523,songs,29,30
3524,sonic,4,4
3525,sony,4,4
3526,soompi,12,12
3527,soon,3,3
3528,sorrow,2,2
3529,sorry,5,9
3530,soul,25,26
3531,sound,4,4
3532,soundtrack,2,2
3533,sour,2,2
3534,source,2,2
3535,south,38,38
3536,southeast,16,17
3537,soyuz,2,2
3538,space,3,3
3539,spain,3,3
3540,spanish,9,10
3541,spanned,2,2
3542,spanning,10,10
3543,spans,7,7
3544,spark,2,2
3545,sparkling,5,5
3546,speak,6,6
3547,speaking,2,2
3548,special,18,19
3549,specific,3,3
3550,specifically,12,12
3551,spectators,5,5
3552,speculum,2,2
3553,speed,3,3
3554,spice,4,6
3555,spill,2,2
3556,spillover,11,11
3557,spincoaster,3,3
3558,spinning,2,2
3559,split,2,2
3560,sport,2,2
3561,sports,9,9
3562,spot,13,13
3563,spotify,24,26
3564,spotlight,4,4
3565,spring,5,5
3566,sprite,6,6
3567,sprx,4,4
3568,spur,3,3
3569,square,6,6
3570,sserafim,47,47
3571,sseudam,2,4
3572,stade,2,2
3573,stadium,39,51
3574,stadiums,2,2
3575,staff,3,3
3576,stage,33,33
3577,staged,3,3
3578,stanbul,2,2
3579,standard,7,7
3580,standing,3,3
3581,star,52,53
3582,stardust,4,4
3583,starlight,2,2
3584,starnewskorea,2,2
3585,starring,2,2
3586,stars,8,8
3587,start,5,5
3588,started,2,2
3589,starting,7,7
3590,states,3,3
3591,stating,3,3
3592,station,4,4
3593,status,6,6
3594,stay,33,35
3595,stayc,57,63
3596,stayed,3,3
3597,stayreal,3,3
3598,ste,2,3
3599,stereotype,5,5
3600,stick,2,2
3601,still,4,5
3602,stock,3,3
3603,stone,22,22
3604,stop,15,15
3605,stopped,2,2
3606,stops,15,15
3607,store,11,12
3608,stores,4,4
3609,storm,2,2
3610,story,13,13
3611,strawberry,4,4
3612,stray,48,54
3613,straycity,3,3
3614,streamable,2,2
3615,streamed,3,3
3616,streaming,19,20
3617,streams,12,16
3618,street,2,2
3619,strength,2,2
3620,strong,12,12
3621,structure,2,2
3622,students,2,2
3623,studio,13,13
3624,studios,2,2
3625,study,2,2
3626,stuff,6,6
3627,style,16,17
3628,styling,2,2
3629,stylish,4,4
3630,su,7,7
3631,suara,3,3
3632,sub,3,4
3633,subdomain,3,3
3634,subscribers,9,11
3635,subsequent,2,2
3636,subway,3,3
3637,success,3,3
3638,successful,2,2
3639,sud,2,3
3640,suddenly,4,4
3641,sugar,5,5
3642,suho,2,2
3643,suite,3,3
3644,suk,4,4
3645,sukses,2,2
3646,summer,34,35
3647,summit,2,2
3648,sun,6,7
3649,sunday,2,2
3650,sung,9,9
3651,sunlight,2,2
3652,sunrise,3,3
3653,sunsilk,2,2
3654,super,49,55
3655,supernova,6,6
3656,supersonic,4,4
3657,superstar,3,3
3658,support,13,13
3659,supported,2,2
3660,supporting,9,9
3661,supra,2,2
3662,sur,2,2
3663,surcoreano,2,3
3664,surfin,3,3
3665,surpass,2,2
3666,surpassed,12,12
3667,surpassing,9,9
3668,surprise,3,3
3669,survey,2,2
3670,sus,3,3
3671,suspicious,2,2
3672,sustained,24,24
3673,sustaining,2,2
3674,suv,3,3
3675,svt,3,3
3676,swag,6,6
3677,sweat,7,7
3678,sweeping,2,2
3679,sweet,3,3
3680,swift,2,3
3681,swim,2,2
3682,switched,2,2
3683,swith,11,11
3684,symphony,2,2
3685,syndrome,2,2
3686,synk,11,11
3687,syria,2,2
3688,system,2,2
3689,s라인,2,2
3690,tabloid,2,2
3691,tae,2,2
3692,taemin,2,2
3693,taeyeon,5,5
3694,tai,2,2
3695,taiji,2,2
3696,taipei,22,25
3697,taiwan,17,22
3698,tak,13,13
3699,take,9,9
3700,takedown,2,2
3701,talk,6,7
3702,tang,5,6
3703,targeting,4,4
3704,tasman,2,2
3705,taste,4,4
3706,tay,2,2
3707,taylor,2,2
3708,tbs,6,6
3709,tea,4,4
3710,team,10,10
3711,teamexoindia,2,2
3712,tears,5,5
3713,teaser,3,3
3714,teddy,6,6
3715,teen,4,4
3716,teenagers,2,2
3717,teenfresh,6,6
3718,telecom,4,4
3719,telemundo,3,3
3720,television,2,2
3721,tempo,3,3
3722,temptation,3,3
3723,ten,17,18
3724,tenasia,2,2
3725,tencent,5,5
3726,tense,2,2
3727,teo,3,3
3728,terbesar,2,2
3729,terlihat,2,2
3730,term,6,6
3731,tero,2,2
3732,terra,19,19
3733,tersebut,3,3
3734,th,23,25
3735,thai,9,9
3736,thailand,22,25
3737,thairath,25,25
3738,thaiticketmajor,3,3
3739,thanh,2,2
3740,thanked,3,3
3741,theater,4,4
3742,theaters,3,3
3743,theatre,7,7
3744,thegirl,3,3
3745,them,11,11
3746,theme,2,3
3747,themed,2,2
3748,themselves,3,3
3749,theo,6,6
3750,theory,4,4
3751,there,11,11
3752,things,3,3
3753,threads,3,3
3754,through,17,17
3755,ti,7,9
3756,tica,2,2
3757,ticc,7,7
3758,ticket,33,34
3759,ticketing,16,17
3760,ticketlink,2,2
3761,ticketmaster,2,2
3762,tickets,43,45
3763,ticos,2,2
3764,tied,14,14
3765,tiempo,2,2
3766,tier,3,3
3767,tiered,5,5
3768,tiers,3,3
3769,ties,2,2
3770,tiket,3,3
3771,tiktok,2,2
3772,tima,2,2
3773,timable,2,2
3774,time,64,65
3775,timed,7,7
3776,timeless,4,4
3777,times,31,31
3778,tiny,4,5
3779,title,8,8
3780,titled,4,4
3781,tmea,2,2
3782,tmelive,4,4
3783,tnn,2,2
3784,toc,2,6
3785,tod,2,2
3786,today,10,10
3787,together,15,15
3788,tokopedia,2,2
3789,tokyo,47,49
3790,told,2,2
3791,tomboy,5,5
3792,tomorrow,7,7
3793,tonight,3,3
3794,top,59,69
3795,top10,2,3
3796,top100,3,3
3797,topic,5,5
3798,topped,27,27
3799,topping,5,5
3800,toronto,2,2
3801,total,34,35
3802,touch,3,3
3803,tour,279,320
3804,toured,3,3
3805,touring,11,11
3806,tourism,15,19
3807,tours,8,8
3808,towards,5,5
3809,town,4,5
3810,tr,10,10
3811,track,20,21
3812,tracked,15,15
3813,tracking,3,3
3814,tracks,9,9
3815,tradition,2,2
3816,trafalgar,2,2
3817,tragedy,5,5
3818,trailing,2,2
3819,transaction,2,2
3820,transparent,2,2
3821,travel,10,10
3822,trax,3,3
3823,treasure,5,5
3824,treasures,2,2
3825,treatment,2,2
3826,tree,4,4
3827,trending,4,4
3828,tres,2,2
3829,tri,3,3
3830,tribunnews,2,2
3831,tricycle,2,2
3832,trip,4,4
3833,triple,4,4
3834,trong,4,4
3835,trophies,3,3
3836,trophy,3,3
3837,trot,19,24
3838,true,6,6
3839,trueid,2,2
3840,trust,4,5
3841,truy,2,2
3842,try,3,3
3843,tu,7,7
3844,tucson,2,2
3845,tuned,9,9
3846,tunnel,6,6
3847,turkey,5,5
3848,tv,60,61
3849,tving,7,8
3850,tvn,81,85
3851,tvxq,9,10
3852,tv광,5,5
3853,tv광고,5,5
3854,tv아사히,3,3
3855,tv조선,15,15
3856,tw,11,11
3857,twconcertview,2,2
3858,twenty,3,3
3859,twice,98,111
3860,twig24,2,2
3861,twist,4,4
3862,twitter,2,2
3863,tws,78,90
3864,txt,3,3
3865,typical,2,2
3866,t가,2,2
3867,t는,5,5
3868,t를,2,2
3869,t와,4,4
3870,t의,8,8
3871,uae,2,2
3872,uaena,2,2
3873,udn,13,14
3874,udnstyle,3,3
3875,ugg,2,2
3876,uiq,3,3
3877,uk,8,8
3878,ultra,3,3
3879,umbrella,2,2
3880,un,10,12
3881,una,4,5
3882,underprivileged,3,3
3883,underwater,2,2
3884,undivided,2,2
3885,unesco,2,2
3886,unfold,3,3
3887,unforgiven,5,5
3888,unicef,5,5
3889,union,3,3
3890,uniqlo,2,2
3891,unique,2,2
3892,unit,5,6
3893,united,4,4
3894,units,10,14
3895,universal,3,3
3896,universe,11,11
3897,university,8,9
3898,univision,10,10
3899,uno,4,4
3900,unpiltered,2,3
3901,until,5,5
3902,unusual,2,2
3903,unusually,3,3
3904,unveiled,4,4
3905,unwritten,3,3
3906,uob,3,3
3907,upcoming,2,2
3908,update,3,3
3909,updates,2,2
3910,upon,2,2
3911,ur,3,3
3912,url,5,5
3913,us,56,58
3914,usa,2,2
3915,usd,3,3
3916,used,6,6
3917,user,2,2
3918,users,3,3
3919,using,2,2
3920,uta,2,2
3921,uv,3,3
3922,vacation,4,4
3923,valenti,3,3
3924,valentine,9,9
3925,valley,2,2
3926,value,4,4
3927,vans,5,5
3928,variety,2,2
3929,ve,3,3
3930,veats,2,2
3931,vegas,3,3
3932,velvet,32,38
3933,venom,2,2
3934,venta,3,3
3935,venue,18,19
3936,venues,4,4
3937,ver,5,5
3938,vernon,2,2
3939,verse,8,8
3940,version,5,5
3941,vertical,3,3
3942,veteran,3,3
3943,vi,16,17
3944,victims,5,6
3945,video,23,24
3946,videos,6,7
3947,vietnam,3,3
3948,view,2,2
3949,viewer,2,2
3950,viewers,3,3
3951,viewership,3,3
3952,views,12,16
3953,violence,3,3
3954,vip,19,19
3955,vip석,3,3
3956,viral,8,8
3957,virtual,4,5
3958,visibility,3,3
3959,visible,2,2
3960,vision,11,11
3961,visit,7,8
3962,visited,2,2
3963,visits,2,2
3964,visual,4,4
3965,visuals,2,2
3966,vittar,2,2
3967,vivi,2,2
3968,viviz,3,5
3969,vling,2,2
3970,vlog,2,2
3971,vma,2,2
3972,vmas,2,2
3973,vn,15,15
3974,vnexpress,2,2
3975,vocal,4,4
3976,vocalist,2,2
3977,vogue,5,5
3978,voice,12,12
3979,vol,10,10
3980,vote,6,7
3981,voted,2,2
3982,votes,4,4
3983,voting,5,8
3984,voyage,7,7
3985,vr,10,13
3986,vs,3,3
3987,vuitton,9,9
3988,vulnerable,5,5
3989,vvip,3,3
3990,v앱,2,2
3991,waiting,2,2
3992,walk,3,3
3993,walking,2,2
3994,wall,6,6
3995,wanna,26,28
3996,wannabe,4,4
3997,want,14,14
3998,wanted,3,3
3999,war,4,4
4000,warner,3,3
4001,warnet,2,2
4002,warpath,2,2
4003,water,5,5
4004,waterbomb,6,7
4005,wave,15,15
4006,wavve,3,3
4007,waw,2,3
4008,way,10,10
4009,wayfarer,2,2
4010,wayv,7,9
4011,wearing,3,3
4012,webfetch,72,72
4013,week,38,45
4014,weekly,26,26
4015,weeks,22,24
4016,wego,4,5
4017,weibo,10,13
4018,welcome,10,10
4019,welfare,5,5
4020,wendy,2,2
4021,went,3,3
4022,west,2,2
4023,weverse,19,21
4024,wheein,2,2
4025,whiplash,3,3
4026,white,8,10
4027,whole,2,2
4028,whose,5,5
4029,why,4,4
4030,wide,5,5
4031,widely,2,2
4032,wiea,2,2
4033,wiki,3,4
4034,wikipedia,12,12
4035,wild,7,7
4036,wildfire,10,11
4037,win,8,9
4038,wind,3,3
4039,windows,3,3
4040,winner,2,2
4041,winning,2,2
4042,wins,7,7
4043,winter,16,16
4044,wish,11,12
4045,withc,3,3
4046,within,31,34
4047,without,7,7
4048,wm엔터테인먼트,5,5
4049,wolf,2,2
4050,wolipop,4,4
4051,woman,5,5
4052,women,2,2
4053,won,74,83
4054,wonderful,2,2
4055,wonderlust,2,2
4056,woo,5,5
4057,woong,6,6
4058,words,3,3
4059,work,6,6
4060,workplace,2,2
4061,works,2,2
4062,world,208,223
4063,worldwide,11,11
4064,worth,4,4
4065,wowkorea,4,4
4066,wowow,3,3
4067,wpma,2,2
4068,wrapped,2,2
4069,wsg워너비,2,2
4070,wwd,7,7
4071,w코리아,2,2
4072,xcx,2,3
4073,xe,2,2
4074,xiahpop,3,3
4075,xico,16,18
4076,xity,2,2
4077,xix,3,3
4078,xo,3,3
4079,xx,5,5
4080,yahoo,18,19
4081,yamaha,2,2
4082,yang,11,12
4083,yb,38,40
4084,ybeez,3,3
4085,ye,2,2
4086,year,64,68
4087,years,62,63
4088,yellow,5,5
4089,yellowkies,2,3
4090,yena,20,24
4091,yeol,2,2
4092,yeon,3,3
4093,yeri,3,3
4094,yes,3,3
4095,yes24,6,6
4096,yesasia,25,25
4097,yet,4,4
4098,yg,21,25
4099,yg엔터테인먼트,18,18
4100,yo,3,3
4101,yogibo,2,2
4102,yokohama,6,8
4103,yong,9,9
4104,yonsei,4,4
4105,yoo,2,2
4106,yoon,7,7
4107,york,13,13
4108,young,36,37
4109,younger,4,5
4110,youngest,2,2
4111,youngone,3,3
4112,youngtak,5,5
4113,younha,2,2
4114,yourself,8,12
4115,youth,11,12
4116,youthful,2,2
4117,youtube,22,22
4118,ysl,4,4
4119,ytn,4,4
4120,yu,2,2
4121,yunjin,2,2
4122,zepp,19,24
4123,zero,5,5
4124,zh,3,3
4125,zhidao,2,2
4126,zhum,3,3
4127,zico,21,22
4128,zik,2,2
4129,zion,28,31
4130,zip,4,4
4131,znews,2,2
4132,zone,2,2
4133,zungle,2,2
4134,zzinbombting,2,2
4135,z세대,2,2
4136,가격,33,33
4137,가격대,3,3
4138,가고,3,3
4139,가구,4,4
4140,가까,8,8
4141,가까운,6,6
4142,가끔씩,8,8
4143,가는,3,3
4144,가능,7,7
4145,가능성,2,2
4146,가능하도록,2,2
4147,가득,22,22
4148,가득한,4,4
4149,가든,6,6
4150,가든시어터,3,3
4151,가량,2,2
4152,가면,7,7
4153,가명,4,4
4154,가사,28,29
4155,가상,4,4
4156,가서,2,2
4157,가석방,5,5
4158,가수,240,254
4159,가수다2,2,2
4160,가수들,25,26
4161,가수로,16,16
4162,가수상,6,6
4163,가슴,5,5
4164,가오슝,19,20
4165,가온,48,51
4166,가온차트,25,25
4167,가온차트뮤직어워드,2,2
4168,가왕,2,2
4169,가요,14,14
4170,가요계,9,9
4171,가요대상,10,11
4172,가요대전,8,8
4173,가요대축제,4,4
4174,가요무대,2,2
4175,가요제,9,9
4176,가운데,10,10
4177,가을,19,23
4178,가이드,9,9
4179,가인,3,3
4180,가입,24,25
4181,가입비,5,5
4182,가입일로,3,3
4183,가입자,5,5
4184,가입제,4,4
4185,가입할,3,3
4186,가입해,4,4
4187,가입했으,2,2
4188,가장,76,79
4189,가전,3,3
4190,가전제품,3,3
4191,가정,15,15
4192,가제,2,2
4193,가졌,12,12
4194,가졌다,5,5
4195,가졌으,4,4
4196,가족,18,19
4197,가족돌봄아동,5,6
4198,가지,6,6
4199,가진,7,7
4200,가짜,3,3
4201,가창,6,6
4202,가창력,11,11
4203,가창해,3,3
4204,가처분,5,5
4205,가천대학교,2,2
4206,가치,15,15
4207,가황,2,2
4208,각각,48,48
4209,각국,3,3
4210,각별한,3,3
4211,각별히,2,2
4212,각오,2,2
4213,각인,3,3
4214,각자,11,11
4215,각종,8,8
4216,각주,3,3
4217,각지,13,13
4218,간다,4,4
4219,간다리아시티몰,2,2
4220,간식,2,3
4221,간의,3,3
4222,간접,2,2
4223,갈등,4,4
4224,갈라,3,3
4225,갈비뼈,2,2
4226,감각,2,2
4227,감각적인,2,2
4228,감독,15,15
4229,감동,9,9
4230,감동받았다,2,2
4231,감동시켰다,2,2
4232,감동적인,6,6
4233,감동한,3,3
4234,감동해,2,2
4235,감동했다,2,2
4236,감량,2,2
4237,감사,37,38
4238,감사패,3,3
4239,감사하,6,6
4240,감사하기,2,2
4241,감사합니,2,2
4242,감상,2,2
4243,감성,17,17
4244,감정,4,4
4245,감정선,2,2
4246,감천동,2,2
4247,감탄했다,2,2
4248,갑자기,3,3
4249,갓세븐,26,27
4250,강남,4,4
4251,강남구,6,8
4252,강남순,5,5
4253,강남스타일,51,53
4254,강다니엘,10,11
4255,강력한,8,8
4256,강렬한,4,4
4257,강릉,3,3
4258,강미나,3,3
4259,강민경,7,7
4260,강민주,2,2
4261,강민혁,5,5
4262,강성훈,4,4
4263,강세,2,2
4264,강심장,2,2
4265,강원,14,14
4266,강자,5,5
4267,강점,2,2
4268,강조,7,7
4269,강조하,2,2
4270,강조함,2,2
4271,강진,2,2
4272,강철부대,3,3
4273,강타,7,7
4274,강하게,5,5
4275,강한,19,19
4276,강해,2,2
4277,강호동,2,2
4278,강화,4,4
4279,강화군,2,3
4280,강화하,4,4
4281,갖고,8,8
4282,갖는다,3,3
4283,갖추,3,3
4284,갖춘,4,4
4285,갖췄,2,2
4286,같다,7,7
4287,같았,2,2
4288,같은,131,132
4289,같이,4,4
4290,개그맨,2,2
4291,개그콘서트,6,6
4292,개런티,4,4
4293,개로,2,2
4294,개를,3,3
4295,개막,19,19
4296,개막공연,2,2
4297,개막식,13,13
4298,개막일,2,2
4299,개막한,2,2
4300,개막해,2,2
4301,개발,5,5
4302,개방,4,4
4303,개별,18,18
4304,개별로,2,2
4305,개별적,2,2
4306,개봉,36,37
4307,개봉일,3,3
4308,개봉한,7,7
4309,개봉해,7,7
4310,개봉했으,6,6
4311,개사해,3,3
4312,개선,7,7
4313,개설,60,60
4314,개설됐으,2,2
4315,개설되었으,3,3
4316,개설된,4,4
4317,개설한,3,3
4318,개설해,9,9
4319,개설했,3,3
4320,개설했으,3,3
4321,개성,4,4
4322,개시,11,11
4323,개의,2,2
4324,개인,106,113
4325,개인사,2,2
4326,개인적,5,5
4327,개인적인,2,2
4328,개장,6,6
4329,개점,2,2
4330,개최,252,252
4331,개최되,8,8
4332,개최된,8,8
4333,개최된다,2,2
4334,개최될,2,2
4335,개최지,4,4
4336,개최하,11,11
4337,개최한,8,8
4338,개최한다,32,32
4339,개최할,10,10
4340,개최함,3,3
4341,개최해,22,22
4342,개최해왔,3,3
4343,개최했,4,4
4344,개최했다,8,8
4345,개최했으,18,18
4346,개코,10,10
4347,개통,5,7
4348,개편,3,3
4349,객석,12,12
4350,갤러리,3,3
4351,갤럭시,11,13
4352,갤럭시코퍼레이션,5,5
4353,갤럽,2,2
4354,갤럽코리아,4,4
4355,갱신,5,5
4356,갸루,2,3
4357,거대한,4,4
4358,거두면,2,2
4359,거둔,3,3
4360,거뒀,3,3
4361,거듭하,2,2
4362,거래,9,9
4363,거래되,4,4
4364,거래될,6,6
4365,거래액,2,3
4366,거리,6,7
4367,거미,64,68
4368,거슬러,3,3
4369,거야,2,2
4370,거의,10,10
4371,거점,3,3
4372,거제,14,16
4373,거제시,5,7
4374,거주,4,4
4375,거지,3,3
4376,거짓말,5,5
4377,거쳐,22,22
4378,거쳤,2,2
4379,거치,3,3
4380,거침없,2,2
4381,걱정,6,6
4382,건강,13,13
4383,건강기능식품,8,9
4384,건강취약계층,3,3
4385,건강하,2,2
4386,건강한,5,5
4387,건넨,2,2
4388,건립,6,6
4389,건물,3,3
4390,건을,20,20
4391,건의,4,4
4392,건축,2,2
4393,건축학개론,2,2
4394,건호,2,2
4395,걸고,3,3
4396,걸그룹,115,123
4397,걸그룹이,2,2
4398,걸려,2,2
4399,걸맞,3,3
4400,걸밴드,3,3
4401,걸스데,2,2
4402,걸스카우트,3,3
4403,걸음,2,2
4404,걸쳐,19,19
4405,걸친,7,7
4406,걸프뉴스,3,3
4407,검색,8,8
4408,검색량,2,2
4409,검색어,7,7
4410,검증된,4,4
4411,검토,3,3
4412,것과,3,3
4413,것보,3,3
4414,것에,10,10
4415,것으,88,88
4416,것이라,5,5
4417,것처럼,3,3
4418,게릴라,4,4
4419,게스,8,10
4420,게스트,74,75
4421,게시,19,19
4422,게시글,6,6
4423,게시돼,2,2
4424,게시물,30,32
4425,게시판,10,11
4426,게시하,2,2
4427,게시해,3,3
4428,게이오,2,2
4429,게임,101,108
4430,게임기,2,2
4431,게임업계,2,2
4432,게임즈,3,3
4433,게재,87,87
4434,게재되었,2,2
4435,게재된,3,3
4436,게재하,3,3
4437,게재함,7,7
4438,게재해,8,8
4439,게재했다,2,2
4440,게타,2,2
4441,겐과,4,4
4442,겨냥한,6,6
4443,겨냥해,3,4
4444,겨울,17,17
4445,격려,6,6
4446,겪는,7,7
4447,겪어,2,2
4448,겪은,2,2
4449,견고한,3,3
4450,견과류,2,2
4451,견뎌온,2,2
4452,견인,4,4
4453,견인하,3,3
4454,결과,12,12
4455,결국,10,10
4456,결별,4,4
4457,결성,17,18
4458,결성되었,2,2
4459,결성된,5,5
4460,결성한,6,6
4461,결성해,5,5
4462,결성했,2,2
4463,결속,10,10
4464,결속력,13,13
4465,결승,3,3
4466,결정,15,15
4467,결정됐다,4,4
4468,결정하,2,2
4469,결정했다,3,3
4470,결제,3,4
4471,결집,4,4
4472,결집력,6,6
4473,결코,2,2
4474,결합된,3,3
4475,결합한,5,5
4476,결합해,4,4
4477,결혼,14,15
4478,결혼식,8,8
4479,결혼해줘,2,2
4480,결혼했어요,3,3
4481,겹경사,2,2
4482,겹쳐,3,3
4483,겹치,4,4
4484,경계,2,2
4485,경기,57,60
4486,경기남부,4,4
4487,경기장,16,18
4488,경남,16,17
4489,경도,4,4
4490,경력,21,22
4491,경로,3,3
4492,경매,4,5
4493,경북,14,14
4494,경북대학교,3,3
4495,경상남,3,3
4496,경상북,3,3
4497,경신,16,16
4498,경신했다,2,2
4499,경연,10,11
4500,경우,3,3
4501,경위,2,2
4502,경유,4,4
4503,경쟁,16,16
4504,경쟁하,2,2
4505,경제,16,17
4506,경제매체,2,2
4507,경제적,7,7
4508,경제효,3,3
4509,경제효과,7,7
4510,경주,4,4
4511,경찰,13,13
4512,경찰수업,4,4
4513,경쾌한,2,2
4514,경탁주,3,3
4515,경품,2,2
4516,경향신문,3,3
4517,경험,12,12
4518,경희대,2,2
4519,곁을,2,2
4520,계기,40,42
4521,계보,3,3
4522,계속,11,11
4523,계속된,2,2
4524,계약,90,97
4525,계약해,6,6
4526,계열,30,31
4527,계절,2,2
4528,계정,34,39
4529,계획,17,17
4530,계획이라,5,5
4531,고가,7,7
4532,고객,6,6
4533,고교,4,4
4534,고두막한,2,2
4535,고등래퍼3,4,4
4536,고등학교,2,2
4537,고려대,12,12
4538,고려대의료원,2,2
4539,고려대학교,3,3
4540,고려인,2,2
4541,고령,2,2
4542,고마워,3,3
4543,고마웠습니,7,7
4544,고막남친,4,4
4545,고맙,3,3
4546,고문,3,3
4547,고민,3,3
4548,고백,5,5
4549,고백하,2,2
4550,고백했다,2,2
4551,고베,12,13
4552,고별,10,10
4553,고생,2,2
4554,고성,2,2
4555,고액,2,2
4556,고액기부자클럽,2,2
4557,고양,14,14
4558,고양시,2,2
4559,고양아람누리,3,3
4560,고양종합운동장,14,14
4561,고운세상코스메틱,4,4
4562,고유,3,3
4563,고은아,2,2
4564,고음,2,2
4565,고인,3,3
4566,고잉,3,3
4567,고정,36,41
4568,고척돔,2,2
4569,고척스카이돔,15,16
4570,고통받,2,2
4571,고향,58,62
4572,고향사랑기부금,2,2
4573,고향사랑기부제,3,3
4574,고향인,22,22
4575,곡까지,2,2
4576,곡들,9,9
4577,곡마,2,2
4578,곡에,6,6
4579,곡으,16,16
4580,곡은,17,17
4581,곡을,37,38
4582,곡의,9,9
4583,곡이,26,26
4584,곡이라,2,2
4585,곤호,2,2
4586,곧바,2,2
4587,골드,15,16
4588,골드미스,2,2
4589,골든,3,3
4590,골든디스크,27,29
4591,골든디스크어워드,2,2
4592,골든디스크어워즈,10,10
4593,골든스테이트,3,3
4594,골프,2,2
4595,곳에,3,3
4596,공간,11,11
4597,공감,7,7
4598,공개,292,297
4599,공개됐,2,2
4600,공개됐다,3,3
4601,공개되,10,10
4602,공개되었,3,3
4603,공개되었으,2,2
4604,공개되지,2,2
4605,공개된,22,22
4606,공개될,3,3
4607,공개적,2,2
4608,공개하,12,12
4609,공개한,11,11
4610,공개한다,5,5
4611,공개해,13,13
4612,공개했,11,11
4613,공개했다,17,17
4614,공개했으,15,15
4615,공고히,2,2
4616,공공,4,4
4617,공공기관,2,2
4618,공동,45,47
4619,공동구매,2,2
4620,공략,8,8
4621,공로,8,8
4622,공모,2,2
4623,공모전,3,3
4624,공백,14,14
4625,공부,2,2
4626,공생원,3,3
4627,공식,608,658
4628,공식색,5,5
4629,공식적,7,7
4630,공연,925,1037
4631,공연기획사,2,2
4632,공연들,2,2
4633,공연시장,4,4
4634,공연에서,6,6
4635,공연예술센터,3,3
4636,공연이,3,3
4637,공연이라,7,7
4638,공연이었,6,6
4639,공연이었다,2,2
4640,공연이자,2,2
4641,공연장,56,58
4642,공연장에서,2,2
4643,공연하,7,7
4644,공연한,6,6
4645,공연한다,13,13
4646,공연할,2,2
4647,공연해,2,2
4648,공연했,3,3
4649,공연했다,12,12
4650,공연했으,9,9
4651,공영방송,3,3
4652,공원,2,2
4653,공유,15,15
4654,공유하,4,4
4655,공유해,3,3
4656,공유했다,2,2
4657,공익,10,10
4658,공익광,2,2
4659,공익활동,2,2
4660,공존하,2,2
4661,공주,2,2
4662,공지,36,36
4663,공포영화,2,2
4664,공항,7,8
4665,과거,23,23
4666,과도한,4,4
4667,과시,2,2
4668,과의,2,2
4669,과자,4,4
4670,과정,25,25
4671,과천,4,5
4672,관객,195,204
4673,관객들,49,49
4674,관객석,3,3
4675,관객수,4,4
4676,관계,15,15
4677,관계자,2,2
4678,관계자들,2,2
4679,관광,45,47
4680,관광객,12,13
4681,관광대사,3,4
4682,관광지,5,5
4683,관광청,4,4
4684,관람,15,15
4685,관람객,4,4
4686,관람권,3,3
4687,관람평,2,2
4688,관람하,2,2
4689,관람해,2,2
4690,관람했다,2,2
4691,관련해,6,6
4692,관리,8,8
4693,관리하,2,2
4694,관방송,2,2
4695,관세청,3,3
4696,관심,35,35
4697,관절,2,2
4698,관중,8,8
4699,관행,2,2
4700,괄사,2,2
4701,광고,491,578
4702,광고계,5,5
4703,광고료,2,2
4704,광고모델,65,68
4705,광고비,4,4
4706,광고업계,2,2
4707,광고음악,3,3
4708,광동제약,2,2
4709,광둥어,2,2
4710,광명시,3,3
4711,광복,2,2
4712,광복절,2,2
4713,광장,2,2
4714,광주,43,47
4715,광주광역시,2,2
4716,광화문,2,2
4717,광화문연,2,2
4718,괜찮아,7,8
4719,괴롭힘,2,2
4720,괴리,2,2
4721,굉장히,2,2
4722,교감,5,5
4723,교과서,3,3
4724,교류,9,9
4725,교민,3,3
4726,교복,6,6
4727,교세라돔,6,7
4728,교수,3,3
4729,교육,5,5
4730,교육부,2,2
4731,교차,8,8
4732,교체,2,2
4733,교토,3,3
4734,교통,2,2
4735,교통사고,2,2
4736,구간,5,5
4737,구곡,2,2
4738,구구단,2,2
4739,구글,4,5
4740,구기자,2,2
4741,구독자,79,85
4742,구독자수,2,3
4743,구르미,3,3
4744,구름,4,4
4745,구매,21,21
4746,구매력,3,3
4747,구매자,4,4
4748,구매한,3,3
4749,구미,3,3
4750,구분,4,4
4751,구사,2,2
4752,구사하,3,3
4753,구성,12,12
4754,구성돼,2,2
4755,구성되었,2,2
4756,구성된,13,13
4757,구역,4,4
4758,구원자,2,2
4759,구인구직,2,2
4760,구입비,2,2
4761,구조,15,15
4762,구준회,4,4
4763,구찌,11,13
4764,구체적,3,3
4765,구필수,3,3
4766,구하기,3,3
4767,구하지,3,3
4768,구현하,2,2
4769,구호,10,11
4770,국가,20,21
4771,국가적,2,2
4772,국경,3,3
4773,국기,8,9
4774,국내,128,135
4775,국내외,21,21
4776,국립경기장,12,12
4777,국무원,2,2
4778,국무총리,2,2
4779,국민,11,11
4780,국민가수,7,7
4781,국민은행,3,3
4782,국민투표,2,2
4783,국방부,2,2
4784,국빈,3,3
4785,국어,2,2
4786,국적,11,11
4787,국제,18,18
4788,국제공항,2,2
4789,국제구호개발,4,4
4790,국제구호단체,2,2
4791,국제농업박람회,4,4
4792,국제뉴스,2,2
4793,국제적,8,8
4794,국회,2,2
4795,군무,2,2
4796,군복무,4,4
4797,군악대,3,4
4798,군에,2,2
4799,군주,4,4
4800,굳건한,2,2
4801,굳혔,2,2
4802,굿네이버스,3,3
4803,굿데,7,8
4804,굿즈,40,41
4805,궁전,2,2
4806,궂은,2,2
4807,권은비,44,45
4808,권정열,9,9
4809,권지용,4,4
4810,권한,2,2
4811,귀궁,4,4
4812,귀엽,2,2
4813,귀요미,2,2
4814,귀향,6,7
4815,귀환,5,5
4816,규모,116,121
4817,규모였,2,2
4818,규정,2,2
4819,규현,9,10
4820,균형,2,2
4821,그가,32,32
4822,그간,5,5
4823,그게,4,4
4824,그날,4,4
4825,그냥,4,4
4826,그녀,41,46
4827,그는,13,13
4828,그늘,2,2
4829,그대,21,21
4830,그댄,2,2
4831,그동안,7,7
4832,그때,6,6
4833,그땐,2,2
4834,그라비티,2,2
4835,그라운드,2,2
4836,그라펜,2,2
4837,그라프,2,3
4838,그랑프리,2,2
4839,그래,3,3
4840,그래미,4,5
4841,그래픽,3,3
4842,그랜드,5,5
4843,그랜드슬램,4,4
4844,그랜드큐브,2,2
4845,그랬으면,2,2
4846,그런,2,2
4847,그럼,3,3
4848,그렇게,4,5
4849,그레,2,2
4850,그룹,366,387
4851,그룹들,6,6
4852,그룹명,12,12
4853,그룹부문,2,2
4854,그룹상,2,2
4855,그룹으로,7,7
4856,그룹홈,2,2
4857,그를,40,41
4858,그리,15,15
4859,그리울,2,2
4860,그리움,5,5
4861,그리워,3,4
4862,그린,10,10
4863,그린노블클럽,2,2
4864,그림,2,2
4865,그림자,2,2
4866,그에,2,2
4867,그윈플렌,4,4
4868,그의,92,94
4869,그저,2,2
4870,그중,2,2
4871,그해,15,15
4872,극단적,2,2
4873,극도,3,3
4874,극복,3,3
4875,극본,2,2
4876,극심한,4,4
4877,극장,32,34
4878,극장가,2,2
4879,극장용,3,3
4880,극장판,3,3
4881,극중,4,4
4882,극찬,6,6
4883,극찬하,2,2
4884,근거,14,14
4885,근데,2,2
4886,근소한,2,2
4887,근절,4,4
4888,근접,2,2
4889,근접했으,2,2
4890,근황,19,19
4891,글래스턴베리,5,5
4892,글로벌,253,275
4893,글로벌200,5,5
4894,글로벌판,2,2
4895,글로브,3,3
4896,글을,6,6
4897,글이,16,16
4898,금당면,2,2
4899,금발,2,2
4900,금성,2,3
4901,금성미라클tv,2,2
4902,금수저,3,3
4903,금액,3,3
4904,금요일,3,3
4905,금융,12,12
4906,금융권,4,4
4907,금지,2,2
4908,금지곡,3,3
4909,금토드라마,4,4
4910,급상승,5,5
4911,급식봉사,2,2
4912,급증,5,5
4913,급증했,3,3
4914,급증했다,6,6
4915,급증했으,3,3
4916,긍정적,5,5
4917,기간,57,58
4918,기관,2,2
4919,기금,10,10
4920,기기,2,2
4921,기네스,11,13
4922,기네스북,5,5
4923,기념,164,164
4924,기념사진,2,2
4925,기념일,3,3
4926,기념일마,3,3
4927,기념하,8,8
4928,기념한,6,6
4929,기념해,80,80
4930,기념행사,4,4
4931,기능,3,3
4932,기능성,6,6
4933,기다려온,4,4
4934,기다려준,7,7
4935,기다렸,4,4
4936,기다리,5,5
4937,기다린,2,2
4938,기다림,4,4
4939,기대,17,17
4940,기대감,14,14
4941,기대된,3,3
4942,기대된다,3,3
4943,기대한다,2,2
4944,기록,613,640
4945,기록돼,8,8
4946,기록됐,2,2
4947,기록되,2,2
4948,기록이,5,5
4949,기록이었,4,4
4950,기록이자,2,2
4951,기록적인,3,3
4952,기록하,31,31
4953,기록한,6,6
4954,기록함,5,5
4955,기록해,36,36
4956,기록했,41,42
4957,기록했다,41,41
4958,기록했으,28,28
4959,기리,2,2
4960,기리보,2,2
4961,기립박수,3,3
4962,기반,39,39
4963,기본,2,2
4964,기부,214,235
4965,기부금,20,23
4966,기부문화,2,2
4967,기부액,5,5
4968,기부요정,2,2
4969,기부자,4,4
4970,기부하,26,26
4971,기부하기,4,4
4972,기부하자,3,3
4973,기부한,6,6
4974,기부해,17,17
4975,기부해왔,4,4
4976,기부했,8,8
4977,기부했다,6,6
4978,기부했으,25,25
4979,기분,2,2
4980,기쁘,3,3
4981,기쁨,3,3
4982,기사,344,348
4983,기사화,3,3
4984,기세,2,2
4985,기수,4,4
4986,기수별,2,2
4987,기수제,5,5
4988,기술,3,3
4989,기술함,11,11
4990,기아,7,8
4991,기아대책,3,3
4992,기아자동차,4,4
4993,기억,7,7
4994,기억상실,2,2
4995,기업,19,19
4996,기여,20,20
4997,기여하,3,3
4998,기여한,5,5
4999,기여했다,3,3
5000,기용,26,26
5001,기용되,2,2
5002,기용한,8,8
5003,기용해,16,16
5004,기용했,2,2
5005,기원,3,3
5006,기자회견,4,4
5007,기재,12,12
5008,기적,10,10
5009,기존,34,34
5010,기준,179,185
5011,기준으로,2,2
5012,기증한,2,2
5013,기증했으,2,2
5014,기타,3,3
5015,기타리스트,5,5
5016,기탁,6,6
5017,기탁하,5,5
5018,기탄교육,2,2
5019,기탄수학,2,2
5020,기현,12,13
5021,기회,9,10
5022,기획,20,20
5023,기획된,2,2
5024,기획사,12,12
5025,기획상,2,2
5026,기획한,7,7
5027,기획해,2,2
5028,기후위기,2,3
5029,긴장,2,2
5030,긴장감,2,2
5031,길을,4,4
5032,김국진,2,2
5033,김도연,3,3
5034,김동률,42,49
5035,김범수,5,5
5036,김보성,2,2
5037,김세정,14,17
5038,김소혜,2,2
5039,김수현,2,2
5040,김연아,3,3
5041,김연자,31,31
5042,김완선,2,2
5043,김용준,5,6
5044,김윤주,2,2
5045,김이나,2,2
5046,김장훈,2,2
5047,김재덕,8,9
5048,김재중,71,73
5049,김재환,2,2
5050,김정일,3,3
5051,김제,2,2
5052,김종국,2,2
5053,김준수,7,7
5054,김지훈,2,2
5055,김진호,7,8
5056,김진환,3,3
5057,김채원,5,5
5058,김천시,4,4
5059,김치,2,2
5060,김태우,4,4
5061,김태호,5,5
5062,김하온,3,3
5063,김해,3,3
5064,김형,2,2
5065,김혜수,2,2
5066,김혜윤,4,5
5067,김혜자,2,2
5068,김호중,38,44
5069,김희철,5,5
5070,깊다,3,3
5071,깊었다,2,2
5072,깊은,13,13
5073,깊이,4,4
5074,까르띠,6,6
5075,까지,27,27
5076,깜짝,38,39
5077,깨고,3,3
5078,꺼내,4,4
5079,꼬띠,6,6
5080,꼬리,2,4
5081,꼰대인턴,3,3
5082,꼽아,3,3
5083,꼽았,5,5
5084,꼽으,7,7
5085,꼽혔,7,7
5086,꼽혔다,2,2
5087,꼽히,4,4
5088,꼽힌,13,13
5089,꼽힌다,2,2
5090,꽃다발,2,2
5091,꽃신,2,2
5092,꽃이,2,2
5093,꾀했,2,2
5094,꾸몄,6,6
5095,꾸몄으,2,2
5096,꾸미,4,4
5097,꾸준한,19,19
5098,꾸준히,44,44
5099,꿈꾸,3,3
5100,꿈꾼,2,2
5101,꿈속,2,2
5102,꿈에,3,3
5103,꿈이,2,2
5104,끊이지,2,2
5105,끌어모으,2,2
5106,끌어올렸,3,3
5107,끌어올렸다,2,2
5108,끌었으,2,2
5109,끝까지,6,6
5110,끝난,3,3
5111,끝내,2,2
5112,끝에,18,18
5113,끝으,6,6
5114,끝의,4,4
5115,끝판왕,2,2
5116,나고야,8,8
5117,나눈,3,3
5118,나눔,29,32
5119,나눔리더스,2,2
5120,나눔리더스클럽,2,2
5121,나눠,2,2
5122,나눴,6,6
5123,나눴다,2,2
5124,나뉘어,3,3
5125,나는,27,28
5126,나는가수,3,3
5127,나도,4,4
5128,나라,8,9
5129,나라사랑카드,2,2
5130,나란히,16,16
5131,나랑드사이,3,3
5132,나를,4,4
5133,나마네카드,4,4
5134,나만,3,3
5135,나만봉,4,4
5136,나머지,2,2
5137,나무,11,12
5138,나무꾼,2,2
5139,나무위키,124,128
5140,나무증권,3,3
5141,나서,6,6
5142,나선,9,9
5143,나선다,3,3
5144,나섰,20,20
5145,나섰다,2,2
5146,나스,2,2
5147,나시오날,3,3
5148,나야,3,3
5149,나얼,37,44
5150,나연,7,8
5151,나오,2,2
5152,나온,11,11
5153,나올,6,6
5154,나와,5,5
5155,나왔,21,22
5156,나왔다,3,3
5157,나우,2,2
5158,나의,21,21
5159,나이,6,6
5160,나이키,11,12
5161,나이트,2,2
5162,나인,3,3
5163,나잇,2,2
5164,나카노,2,2
5165,나타나,5,5
5166,나타난,2,2
5167,나타났,7,7
5168,나타리,6,6
5169,나탈리,6,6
5170,나훈아,34,39
5171,나흘,2,2
5172,나흘간,5,5
5173,낙원,2,2
5174,낙점,3,3
5175,날씨,2,2
5176,날짜,7,7
5177,남겼,19,19
5178,남겼다,4,4
5179,남구,6,6
5180,남기,3,3
5181,남긴,5,5
5182,남녀,2,2
5183,남다른,3,3
5184,남매,2,2
5185,남미,10,10
5186,남북,3,4
5187,남성,27,30
5188,남아,4,5
5189,남아공,6,7
5190,남아프리카공화국,2,2
5191,남았다,4,4
5192,남우조연상,2,2
5193,남은,3,3
5194,남자,38,38
5195,남자들,9,9
5196,남주,6,6
5197,남친,2,2
5198,남편,14,14
5199,남편인,2,2
5200,났다,2,2
5201,낭독,2,2
5202,낮과,2,2
5203,낮은,4,4
5204,낯선,2,2
5205,낳는,2,2
5206,낳았,4,4
5207,내가,6,6
5208,내건,6,6
5209,내걸,3,3
5210,내게,4,4
5211,내고,2,2
5212,내내,12,12
5213,내년,6,6
5214,내놓,2,2
5215,내레이션,3,3
5216,내려,6,6
5217,내리,2,2
5218,내세운,6,6
5219,내세웠,3,3
5220,내셔널지오그래픽,2,2
5221,내에,3,3
5222,내용,18,18
5223,내일,19,22
5224,내한,8,8
5225,냈다,20,20
5226,냈던,2,2
5227,냉부해,2,2
5228,냉장고,4,5
5229,너는,4,4
5230,너무,16,17
5231,너와,3,3
5232,너의,4,4
5233,너희,3,3
5234,널리,4,4
5235,넓혀왔,2,2
5236,넓혔,30,30
5237,넓혔으,2,2
5238,넓히,7,7
5239,넘게,18,18
5240,넘겨,7,7
5241,넘겼,9,9
5242,넘겼으,4,4
5243,넘기,10,10
5244,넘긴,9,9
5245,넘나드,13,13
5246,넘나들,2,2
5247,넘는,14,14
5248,넘어,38,38
5249,넘어서,13,13
5250,넘어선,14,14
5251,넘어설,2,2
5252,넘어섰,32,33
5253,넘어섰으,3,3
5254,넘었,11,11
5255,넘었으,2,2
5256,넘은,8,8
5257,넘치,3,3
5258,넛잡,2,2
5259,네덜란드,4,4
5260,네버랜드,4,4
5261,네버엔딩,5,5
5262,네이버,10,11
5263,네이버tv,2,2
5264,네이버뮤직,2,2
5265,네이트,9,9
5266,네트워크,2,2
5267,네티즌,10,10
5268,네티즌들,11,11
5269,네파,2,4
5270,네팔,3,3
5271,넥슨,37,37
5272,넥슨어린이재활병원,2,2
5273,넷마블,6,6
5274,넷이즈,2,2
5275,넷플릭스,43,45
5276,년간,3,3
5277,노년,2,2
5278,노들섬,2,2
5279,노란색,4,4
5280,노란색이,3,3
5281,노래,70,75
5282,노래들,2,2
5283,노래방,11,14
5284,노래비,4,4
5285,노래상,6,7
5286,노래연습장,2,2
5287,노래하,5,5
5288,노블회원,2,2
5289,노비츠키,3,3
5290,노인,3,3
5291,노천극장,4,4
5292,노출,18,18
5293,노트,2,2
5294,노티시아스,2,2
5295,노틸종,2,2
5296,녹음,8,9
5297,녹음해,2,2
5298,녹화,7,8
5299,논란,63,64
5300,논스톱,2,2
5301,논의,6,6
5302,논의하,2,2
5303,논쟁,3,3
5304,놀라,2,2
5305,놀라게,5,5
5306,놀라운,13,13
5307,놀라운토요일,2,2
5308,놀랐,2,2
5309,놀랐다,2,2
5310,놀면,28,31
5311,놀토,2,2
5312,농구,2,2
5313,농담,2,2
5314,농림축산식품부,2,2
5315,농심,5,5
5316,농심켈로그,2,2
5317,높다,6,6
5318,높았,4,4
5319,높았다,2,2
5320,높였,2,2
5321,높였다,3,3
5322,높은,33,33
5323,높음,4,4
5324,높이,5,5
5325,놓고,2,2
5326,놓은,3,3
5327,누가,4,4
5328,누구,5,5
5329,누구나,2,2
5330,누구보,2,2
5331,누구인,2,2
5332,누적,186,194
5333,눈길,2,2
5334,눈맞춤,2,2
5335,눈물,38,39
5336,눈에,4,4
5337,눈을,3,3
5338,눈의,4,4
5339,뉴발란스,5,6
5340,뉴센,3,3
5341,뉴스,65,65
5342,뉴스룸,10,10
5343,뉴스인사이드,2,2
5344,뉴시스,7,7
5345,뉴어크,2,2
5346,뉴욕,34,36
5347,뉴저지,8,8
5348,뉴진스,60,68
5349,뉴질랜드,13,15
5350,뉴트,2,2
5351,뉴트리원,4,4
5352,느꼈,3,3
5353,느낌,4,4
5354,늘며,2,2
5355,늘어난,5,5
5356,늘어났,3,3
5357,늘었,4,4
5358,늘었다,2,2
5359,늦게,2,2
5360,니오젠,2,2
5361,니콜,2,2
5362,니혼tv,6,6
5363,닌텐,2,2
5364,닐슨코리아,2,2
5365,닛산,5,7
5366,닛칸스포츠,2,2
5367,닝닝,15,17
5368,다국,2,2
5369,다국어,3,3
5370,다국적,4,4
5371,다니,2,2
5372,다니엘,17,18
5373,다락음악회,3,3
5374,다루,23,23
5375,다룬,54,54
5376,다룸,9,9
5377,다뤄,3,3
5378,다뤄지,2,2
5379,다뤄질,3,3
5380,다뤘,20,20
5381,다르,3,3
5382,다른,37,38
5383,다리,3,3
5384,다만,4,4
5385,다문화가정,2,2
5386,다방면,3,3
5387,다비치,40,42
5388,다비치코드,4,4
5389,다섯,18,18
5390,다수,188,189
5391,다시,54,55
5392,다양한,38,38
5393,다운될,2,2
5394,다운로드,39,39
5395,다음,14,14
5396,다음날,3,3
5397,다음뉴스,13,13
5398,다음카페,4,4
5399,다이나믹,16,16
5400,다이나믹듀오,27,29
5401,다이브,3,3
5402,다이어트,7,8
5403,다졌,3,3
5404,다짐,2,2
5405,다큐,4,4
5406,다큐멘터리,37,41
5407,다하겠,2,2
5408,다현,6,6
5409,다회,2,2
5410,다회차,3,3
5411,닥터지,9,9
5412,단가,2,2
5413,단계,6,6
5414,단골,3,3
5415,단국대학교,2,2
5416,단단하게,2,2
5417,단독,481,496
5418,단독공연,5,5
5419,단독콘서트,2,3
5420,단독투어,2,2
5421,단막극,2,2
5422,단미,3,3
5423,단발,2,2
5424,단순,10,10
5425,단순한,2,2
5426,단숨,2,2
5427,단어,9,9
5428,단위,15,15
5429,단일,5,5
5430,단일앨범,2,2
5431,단찌,2,2
5432,단체,18,19
5433,단체사진,3,3
5434,달간,11,11
5435,달궜다,2,2
5436,달도,2,2
5437,달라,4,4
5438,달라진,2,2
5439,달러,29,36
5440,달려,2,2
5441,달려라,2,2
5442,달리,5,5
5443,달바,3,3
5444,달빛,4,4
5445,달성,71,73
5446,달성하,3,3
5447,달성한,15,15
5448,달성함,2,2
5449,달성해,7,7
5450,달성했,7,7
5451,달성했다,10,10
5452,달성했으,4,4
5453,달에,2,2
5454,달의,8,8
5455,달이,2,2
5456,달콤한,2,2
5457,달하,10,10
5458,달한,5,5
5459,달한다,6,6
5460,달해,6,6
5461,달했,22,22
5462,달했다,4,4
5463,담고,3,3
5464,담긴,8,8
5465,담당,5,5
5466,담아,2,2
5467,담아냈,2,2
5468,담았,6,6
5469,담았다,2,2
5470,담았으,2,2
5471,담은,44,44
5472,답변,3,3
5473,답한,2,2
5474,답했다,2,2
5475,당대,4,4
5476,당부,3,3
5477,당신,8,8
5478,당일,28,28
5479,당일에,2,2
5480,당초,2,2
5481,닻별,29,29
5482,닻별테마길,2,2
5483,대가,2,2
5484,대강당,3,3
5485,대거,5,5
5486,대결,4,5
5487,대구,77,82
5488,대구경북,2,2
5489,대구단,4,4
5490,대구에서,2,2
5491,대구은행,3,3
5492,대구치맥페스티벌,3,3
5493,대군부인,4,4
5494,대규모,36,36
5495,대극장,9,9
5496,대기,6,6
5497,대기록,2,2
5498,대기업,3,3
5499,대기열,5,5
5500,대기원,2,2
5501,대기획,7,7
5502,대놓,2,2
5503,대니,2,2
5504,대단,3,3
5505,대대적,3,3
5506,대대적인,2,2
5507,대동제,3,3
5508,대란,2,3
5509,대로,3,3
5510,대륙,3,4
5511,대만,185,260
5512,대만달러,2,2
5513,대만사무판공실,2,2
5514,대만어,2,2
5515,대만에서,2,2
5516,대면,3,3
5517,대모집,2,2
5518,대미,2,2
5519,대박,6,6
5520,대부,3,3
5521,대부분,5,5
5522,대비,53,55
5523,대사,11,12
5524,대사관,3,3
5525,대상,80,81
5526,대성,10,10
5527,대세,5,5
5528,대세스타,2,2
5529,대신,10,10
5530,대우,3,3
5531,대우건설,2,3
5532,대우증권,2,3
5533,대응,9,9
5534,대전,24,26
5535,대전컨벤션센터,2,2
5536,대중,17,17
5537,대중가수,2,2
5538,대중문화,5,5
5539,대중문화예술상,2,2
5540,대중음악,5,5
5541,대중음악사,4,4
5542,대중음악센터,3,3
5543,대중적,41,41
5544,대체,4,4
5545,대통령,17,18
5546,대파,3,3
5547,대표,41,41
5548,대표곡,32,33
5549,대표단,3,3
5550,대표적,2,2
5551,대표적인,3,3
5552,대표주자,2,2
5553,대표하,12,12
5554,대학,40,48
5555,대학가요제,4,4
5556,대학교,4,4
5557,대학생,3,3
5558,대학축제,54,59
5559,대한민국,30,30
5560,대한생명,3,3
5561,대한적십자사,10,10
5562,대한체육회,4,5
5563,대한축구협회,2,2
5564,대형,84,84
5565,대홀,2,2
5566,대화,6,6
5567,대회,12,12
5568,대히트,2,2
5569,댄스,16,16
5570,댄스가수,2,2
5571,댄싱퀸,3,3
5572,댄싱퀸즈,2,2
5573,댈러스,5,5
5574,댓글,20,22
5575,더마,6,6
5576,더마코스메틱,2,2
5577,더모코스메틱,3,3
5578,더보이즈,2,2
5579,더복력,4,4
5580,더블,17,17
5581,더블랙레이블,2,2
5582,더블유,5,5
5583,더블유코리아,2,2
5584,더빙,2,2
5585,더빙판,2,2
5586,더쇼,4,4
5587,더시즌즈,2,3
5588,더우반,18,18
5589,더욱,2,2
5590,더팩트,2,2
5591,더팩트뮤직어워즈,2,2
5592,더페이스샵,2,2
5593,더하,2,2
5594,더한,2,2
5595,더해,3,3
5596,더했,4,4
5597,더헤븐리조트,3,3
5598,덕분,18,18
5599,덕에,2,2
5600,던전앤파이터,3,3
5601,데니안,6,6
5602,데님,8,8
5603,데드풀,2,2
5604,데몬,3,3
5605,데뷔,878,939
5606,데뷔10주년,2,2
5607,데뷔곡,43,51
5608,데뷔까지,2,2
5609,데뷔시킨,2,2
5610,데뷔앨범,10,13
5611,데뷔일,3,3
5612,데뷔하,2,2
5613,데뷔한,17,17
5614,데뷔해,17,17
5615,데뷔했,4,4
5616,데뷔했다,11,11
5617,데뷔했으,13,13
5618,데이,3,3
5619,데이비드,4,4
5620,데이식스,23,23
5621,데이터,10,11
5622,데이터베이스,5,5
5623,데이트,2,2
5624,데이팅,2,2
5625,데일리,13,13
5626,데일리안,2,2
5627,데일리차트,5,5
5628,데자부,3,3
5629,데틱,2,2
5630,데틱닷컴,2,2
5631,데포르테스,2,2
5632,데프콘,3,3
5633,덴마크,2,3
5634,델루나,8,8
5635,도겸,2,3
5636,도경수,11,11
5637,도경완,5,5
5638,도구,2,2
5639,도구상,2,2
5640,도깨비,10,11
5641,도는,22,22
5642,도둑,5,5
5643,도로,5,5
5644,도메인,3,3
5645,도미노피자,3,3
5646,도서관,2,2
5647,도시,161,169
5648,도시별,3,3
5649,도시에서,3,3
5650,도영,9,16
5651,도와준,2,2
5652,도왔,3,3
5653,도요스,2,2
5654,도운,4,4
5655,도움,5,5
5656,도장tv,2,2
5657,도전,26,26
5658,도전했,4,4
5659,도중,7,7
5660,도착,2,2
5661,도쿄,93,103
5662,도쿄돔,35,37
5663,도훈,2,2
5664,독거노인,3,3
5665,독려,5,5
5666,독려하,3,3
5667,독립,12,12
5668,독보적,5,5
5669,독보적인,3,3
5670,독일,7,7
5671,독자,4,4
5672,독자들,2,2
5673,독자적,2,2
5674,독자적인,3,3
5675,독점,10,10
5676,독특하,2,2
5677,독특한,2,2
5678,돈을,4,4
5679,돌려,2,2
5680,돌며,4,4
5681,돌보,2,2
5682,돌봄,3,3
5683,돌아,3,3
5684,돌아보,2,2
5685,돌아온,9,9
5686,돌아와,2,2
5687,돌아와요,3,3
5688,돌아왔,8,8
5689,돌연,2,2
5690,돌입,2,2
5691,돌체앤가바나,8,8
5692,돌파,106,107
5693,돌파하,5,5
5694,돌파한,6,6
5695,돌파해,37,37
5696,돌파했,10,10
5697,돌파했다,15,15
5698,돌파했으,10,10
5699,돔에,3,3
5700,돔투어,3,3
5701,돕기,11,11
5702,돕는,7,7
5703,동계올림픽,2,2
5704,동기,6,7
5705,동남아,39,42
5706,동남아시아,12,12
5707,동네,3,3
5708,동력,2,2
5709,동료,15,15
5710,동률,2,2
5711,동명,8,8
5712,동반,4,4
5713,동방신기,49,51
5714,동생,3,3
5715,동석,2,2
5716,동시,126,129
5717,동시간대,5,5
5718,동시접속자,3,3
5719,동아대,2,2
5720,동아오츠카,5,5
5721,동아제약,5,5
5722,동안,33,33
5723,동영상,9,9
5724,동원,68,68
5725,동원f,2,2
5726,동원됐,2,2
5727,동원력,8,8
5728,동원참치,3,3
5729,동원하,2,2
5730,동원해,9,9
5731,동원했,4,4
5732,동원했다,4,4
5733,동원했으,8,8
5734,동일,6,6
5735,동일본대지진,4,4
5736,동일한,2,2
5737,동작,3,3
5738,동참,3,3
5739,동참해,3,3
5740,동창회,3,3
5741,동해,6,8
5742,동행,5,5
5743,동화,7,7
5744,됐고,16,16
5745,됐으,9,9
5746,되고,5,5
5747,되기,2,2
5748,되길,3,3
5749,되며,13,13
5750,되면,4,4
5751,되어,20,20
5752,되었,56,56
5753,되었다,14,14
5754,되었으,7,7
5755,되지,7,7
5756,된다,5,5
5757,될까,2,2
5758,두고,24,24
5759,두려움,2,2
5760,두산,2,2
5761,두시탈출,2,2
5762,두아,3,3
5763,두터운,2,2
5764,둘러싸,2,2
5765,둘러싼,8,8
5766,둘째,5,5
5767,둥지,5,5
5768,뒤늦게,2,2
5769,뒤를,3,3
5770,뒤에,8,8
5771,뒤인,2,2
5772,뒤집어,3,3
5773,뒤흔들었,2,2
5774,뒷받침,3,3
5775,듀엣,20,20
5776,듀엣가요제,3,3
5777,듀엣곡,4,4
5778,듀오,33,33
5779,듀티,2,2
5780,드디어,2,2
5781,드라마,284,349
5782,드러내,3,3
5783,드러냈,9,9
5784,드럼,3,3
5785,드레스,3,3
5786,드리미,2,2
5787,드림,10,11
5788,드림콘서트,2,2
5789,드립니,3,3
5790,드문,2,2
5791,득표율,2,2
5792,듣고,3,3
5793,들고,4,4
5794,들과,3,3
5795,들며,3,3
5796,들어,2,2
5797,들었으,2,2
5798,들으,2,2
5799,들으면,3,3
5800,들이,4,4
5801,듯한,3,3
5802,등과,70,70
5803,등극,6,6
5804,등급,6,6
5805,등록,9,10
5806,등에,56,56
5807,등으,24,24
5808,등을,87,87
5809,등의,21,21
5810,등이,22,22
5811,등장,13,13
5812,등장하,2,2
5813,등장하자,3,3
5814,등장한,5,5
5815,등장해,9,9
5816,등재,12,12
5817,등재돼,4,4
5818,등재되,2,2
5819,등재되었,3,3
5820,등지,7,7
5821,디너쇼,3,3
5822,디노,3,3
5823,디렉터,4,4
5824,디스,2,2
5825,디스커버리,2,2
5826,디스코,2,2
5827,디스크,2,2
5828,디시인사이드,3,3
5829,디시트렌드,2,2
5830,디어,4,4
5831,디에잇,9,9
5832,디오,9,9
5833,디오스,2,2
5834,디올,12,15
5835,디자이너,5,5
5836,디자인,17,18
5837,디저트,2,2
5838,디즈니,12,13
5839,디지털,95,96
5840,디지털음원,2,2
5841,디지털차트,31,31
5842,디지페디,2,2
5843,디틱,8,8
5844,딘딘,2,2
5845,딛고,3,3
5846,딩고,4,4
5847,따뜻한,6,6
5848,따뜻한동행,2,2
5849,따라,25,25
5850,따르면,337,337
5851,따른,4,4
5852,딸과,2,2
5853,때가,2,2
5854,때는,2,2
5855,때마,6,7
5856,때문,7,7
5857,때보,3,3
5858,때부터,6,6
5859,떠나,9,9
5860,떠나요,2,2
5861,떠난,5,5
5862,떠올랐,2,2
5863,떠올랐으,2,2
5864,떨어뜨렸,3,3
5865,떨어져,2,2
5866,떴다,3,3
5867,떼창,43,44
5868,떼창하,4,4
5869,또식당,2,2
5870,또한,3,3
5871,뚜오이쩨,3,3
5872,뛰어,2,2
5873,뛰어난,2,2
5874,뜨거운,40,41
5875,뜨거웠,7,7
5876,뜨거웠다,3,3
5877,뜨겁,4,4
5878,뜨겁게,8,8
5879,뜻을,5,5
5880,뜻하,2,2
5881,라그나로크,2,2
5882,라네즈,7,7
5883,라는,200,200
5884,라데팡스,2,2
5885,라디오,43,50
5886,라디오스타,24,24
5887,라레푸블리카,8,8
5888,라로슈포제,7,7
5889,라리사,2,2
5890,라며,15,15
5891,라면,4,4
5892,라미,2,2
5893,라스트,10,11
5894,라온,3,3
5895,라우드,2,2
5896,라이관린,5,7
5897,라이벌,2,2
5898,라이브,110,116
5899,라이브네이션,4,4
5900,라이브하우스,2,2
5901,라이브홀,6,6
5902,라이언,2,2
5903,라이온즈,3,3
5904,라이즈,43,44
5905,라이징,8,8
5906,라이칭더,2,2
5907,라이크,2,2
5908,라이트,2,2
5909,라이트스틱,3,3
5910,라이프,2,2
5911,라이프스타일,15,15
5912,라인,11,11
5913,라인업,47,48
5914,라차망갈라,3,3
5915,라차망칼라,2,2
5916,라코스테,4,6
5917,라콰르타,2,2
5918,라쿠아르타,3,3
5919,라쿠텐뮤직,2,2
5920,라틴아메리카,14,14
5921,란제리,3,3
5922,랄리사,2,2
5923,래퍼,23,23
5924,랜드마크,2,2
5925,랭킹,20,21
5926,러볼리,8,8
5927,러브,15,15
5928,러브119,2,2
5929,러브레터,3,3
5930,러브콜,8,9
5931,러시아,24,25
5932,러시아어,5,5
5933,럭셔리,11,11
5934,런닝맨,12,13
5935,런던,26,27
5936,런쥔,4,4
5937,런칭,4,4
5938,레고,2,3
5939,레드,8,8
5940,레드벨벳,61,65
5941,레드불,2,2
5942,레드카펫,7,7
5943,레모네이드,10,10
5944,레몬,2,2
5945,레베럽,5,6
5946,레벨럽,2,2
5947,레벨업,4,4
5948,레이,18,22
5949,레이더,2,2
5950,레이블,25,27
5951,레이어드,2,2
5952,레이트,3,3
5953,레인보우,3,3
5954,레전더리,3,3
5955,레전드,22,22
5956,레진스낵,2,2
5957,레코드,3,3
5958,레코드대상,3,3
5959,레코즈,2,2
5960,레트,3,3
5961,레포트,2,2
5962,렉스턴,3,3
5963,로고,7,7
5964,로꼬,2,2
5965,로는,2,2
5966,로뎀의집,2,2
5967,로드레이버,5,5
5968,로라,2,2
5969,로레알,4,4
5970,로맨스,11,11
5971,로맨틱,4,4
5972,로스,3,3
5973,로스앤젤레스,15,16
5974,로에베,6,6
5975,로열티,3,3
5976,로이,2,2
5977,로이로제,6,6
5978,로이킴,57,61
5979,로저스,10,10
5980,로제,14,15
5981,로즈,2,2
5982,로케이션,3,3
5983,로피시엘,2,2
5984,록밴드,5,5
5985,록페스티벌,3,3
5986,론칭,16,16
5987,론칭한,2,2
5988,론칭해,2,2
5989,론칭했으,2,2
5990,롤라팔루자,12,13
5991,롤링스톤,4,4
5992,롤모델,3,3
5993,롯데,8,8
5994,롯데렌터카,4,4
5995,롯데면세점,11,12
5996,롯데백화점,4,4
5997,롯데시네마,2,3
5998,롯데온,4,4
5999,롯데월드타워,2,2
6000,롯데이노베이트,3,3
6001,롯데제,3,3
6002,롯데제과,4,4
6003,롯데주류,2,2
6004,루나,3,5
6005,루비,3,3
6006,루이,2,2
6007,루이비통,23,24
6008,루즈,2,2
6009,루카,8,11
6010,루키,6,6
6011,루틴,2,2
6012,루피아,9,10
6013,룩으,3,3
6014,룩을,3,3
6015,뤼튼,2,2
6016,뤼튼테크놀로지스,2,2
6017,류진,4,4
6018,르꼬끄,2,2
6019,르노삼성자동차,3,3
6020,르니버스,2,2
6021,르세라핌,48,49
6022,리노,2,2
6023,리뉴얼,3,3
6024,리더,41,41
6025,리드,2,2
6026,리라,2,2
6027,리마,7,7
6028,리마인,8,8
6029,리메이크,12,12
6030,리메이크곡,2,2
6031,리메이크해,2,2
6032,리메이크했으,2,2
6033,리믹스,6,6
6034,리바이스,4,4
6035,리벨럽,2,2
6036,리복,5,5
6037,리뷰,25,25
6038,리브,8,8
6039,리브랜딩,7,8
6040,리빙,4,4
6041,리사,30,37
6042,리센느,53,54
6043,리셀,3,3
6044,리스닝,4,4
6045,리스트,2,2
6046,리씽크,3,3
6047,리아,2,2
6048,리액션,5,6
6049,리얼,3,3
6050,리얼리티,49,55
6051,리얼리티쇼,3,3
6052,리에,2,2
6053,리오픈,2,2
6054,리우데자네이루,4,4
6055,리조트,11,12
6056,리즈,6,7
6057,리퀘스트,2,2
6058,리턴,2,2
6059,리턴즈,2,2
6060,리테일,2,2
6061,리파,3,3
6062,리패키지,8,8
6063,리포트,9,9
6064,리허설,3,3
6065,린다g,2,2
6066,린사사,6,6
6067,린은,40,40
6068,린을,5,5
6069,린의,6,6
6070,린이,5,5
6071,린커우,3,3
6072,릴레,5,5
6073,릴레이,5,5
6074,릴리,9,9
6075,릴리바이레드,2,2
6076,립밤,2,2
6077,립싱크,2,2
6078,링즈,2,2
6079,링컨센터,3,5
6080,링크,2,2
6081,마감,2,2
6082,마계촌,2,2
6083,마굿간,5,5
6084,마그네틱,3,3
6085,마녀상점,2,2
6086,마노반,2,2
6087,마닐라,82,85
6088,마담,4,4
6089,마담2,7,7
6090,마돈나,3,3
6091,마드리드,4,4
6092,마뗑킴,2,3
6093,마라톤,2,2
6094,마련,10,10
6095,마련해,2,2
6096,마리,2,2
6097,마리끌레르,8,8
6098,마리떼,3,3
6099,마린,2,2
6100,마마무,48,52
6101,마마무x여자친구,2,2
6102,마무리,14,14
6103,마무리됐다,2,2
6104,마무리되,2,2
6105,마무리하,2,2
6106,마무리했다,2,2
6107,마무리했으,2,2
6108,마밀라피나타파,2,2
6109,마블,2,2
6110,마비노기,9,9
6111,마사지기,2,3
6112,마스,3,3
6113,마스카라,2,2
6114,마스크,7,8
6115,마스터,7,7
6116,마스터카드홀,2,2
6117,마시,2,2
6118,마쓰오,2,2
6119,마약,6,8
6120,마약퇴치운동본부,2,2
6121,마와진,2,2
6122,마을,4,5
6123,마음,17,17
6124,마이,20,20
6125,마이나비뉴스,2,2
6126,마이데,9,9
6127,마이데일리,4,4
6128,마이크,3,3
6129,마이클,4,4
6130,마젠타,3,3
6131,마지막,34,34
6132,마쳤,4,4
6133,마쳤다,6,6
6134,마쳤으,3,3
6135,마치,5,5
6136,마친,15,15
6137,마침표,2,2
6138,마카오,27,29
6139,마케팅,35,37
6140,마켓,3,3
6141,마켓컬리,3,3
6142,마켓플레이스,2,2
6143,마쿠하리,5,6
6144,마크,16,16
6145,마키아쥬,2,2
6146,마틴,4,4
6147,마포구,4,4
6148,막강한,3,3
6149,막걸리,4,4
6150,막내,7,8
6151,만나,14,14
6152,만난,9,9
6153,만날,2,2
6154,만남,11,11
6155,만났,17,17
6156,만났으,3,3
6157,만능,2,2
6158,만드,3,3
6159,만든,20,21
6160,만들,6,6
6161,만들기,3,3
6162,만들어,2,2
6163,만들어냄,2,2
6164,만들어냈,5,5
6165,만들어냈다,3,3
6166,만들었,12,12
6167,만들었다,4,4
6168,만듦,3,3
6169,만료,2,2
6170,만석,2,2
6171,만에,458,472
6172,만우절,2,2
6173,만원,2,2
6174,만의,141,142
6175,만이,2,2
6176,만이었,3,3
6177,만인,47,47
6178,만점,3,3
6179,만찬,3,3
6180,만큼,65,65
6181,만한,3,3
6182,많다,2,2
6183,많아,3,3
6184,많았,2,2
6185,많았지,2,2
6186,많은,22,22
6187,많은데,2,2
6188,많이,28,29
6189,말레이메일,2,2
6190,말레이시아,29,38
6191,말리꽃,2,2
6192,말춤,5,5
6193,말하,7,7
6194,말한,5,5
6195,말할,4,4
6196,말해,4,4
6197,말했,16,16
6198,말했다,8,8
6199,맘스터치,3,3
6200,맛있,2,3
6201,맛집,3,3
6202,맞는,2,2
6203,맞먹,3,3
6204,맞물려,4,4
6205,맞물린,3,3
6206,맞아,155,155
6207,맞았,4,4
6208,맞으,3,3
6209,맞은,13,13
6210,맞추,7,7
6211,맞춘,5,5
6212,맞춤,5,5
6213,맞춰,24,24
6214,맡게,3,3
6215,맡고,6,6
6216,맡는,10,10
6217,맡아,37,39
6218,맡아온,3,3
6219,맡았,61,62
6220,맡았다,8,8
6221,맡았으,8,8
6222,맡으,9,9
6223,맡은,10,10
6224,매거진,16,16
6225,매너,3,3
6226,매년,26,26
6227,매니저,10,11
6228,매니지먼트사,3,3
6229,매달,2,2
6230,매력,26,26
6231,매력적인,2,2
6232,매료시켰다,3,3
6233,매미소리,2,2
6234,매번,4,4
6235,매우,9,9
6236,매일,6,6
6237,매장,12,12
6238,매주,14,15
6239,매진,235,242
6240,매진돼,7,7
6241,매진됐,18,18
6242,매진됐다,11,11
6243,매진됐으,13,13
6244,매진되,50,51
6245,매진되었,26,26
6246,매진되었다,3,3
6247,매진되었으,9,9
6248,매진되자,5,5
6249,매진된,9,9
6250,매진시켜,2,2
6251,매진시켰,17,17
6252,매진시켰다,5,5
6253,매진시켰으,3,3
6254,매진시키,10,10
6255,매체,669,686
6256,매체들,4,4
6257,매체에서,4,4
6258,매체와,2,2
6259,매출,56,67
6260,매출액,4,4
6261,맥도날드,7,8
6262,맥딘,2,2
6263,맥심,2,2
6264,맥주,3,4
6265,맥콜,2,2
6266,맥크리스피,2,2
6267,맥파슨,2,2
6268,맥화신,2,2
6269,맨체스터,2,2
6270,맺고,8,8
6271,맺어,2,2
6272,맺었,7,7
6273,맺었으,3,3
6274,맺으,3,3
6275,맺은,3,3
6276,머니투데,2,2
6277,머니투데이,6,6
6278,머리,3,3
6279,머문,2,2
6280,먹거리,2,3
6281,먹고,2,2
6282,먹는,2,2
6283,먹방,5,5
6284,먹어요,4,4
6285,먹으면,2,2
6286,먹을텐데,3,3
6287,먼저,7,7
6288,멀티테이너,2,3
6289,멋있,3,3
6290,멋진,2,2
6291,메가방나,2,2
6292,메가스터디,4,4
6293,메가패스,2,2
6294,메들리,5,5
6295,메디힐,6,6
6296,메르넬,2,2
6297,메리홀,2,2
6298,메모리얼,2,2
6299,메모리즈,2,2
6300,메시지,27,29
6301,메우,2,2
6302,메이,6,6
6303,메이베린,2,2
6304,메이블린,2,2
6305,메이저,5,5
6306,메이크업,18,18
6307,메이크업포에버,2,2
6308,메이플스토리,5,5
6309,메인,12,13
6310,메인보컬,2,2
6311,메일,4,4
6312,메종,3,4
6313,메탈,2,2
6314,메트라이프,2,2
6315,멕시카나,2,2
6316,멕시코,52,63
6317,멕시코시티,24,24
6318,멕시코판,2,2
6319,멘토,8,8
6320,멘토링,4,4
6321,멘트,2,2
6322,멜로,2,2
6323,멜로디,11,12
6324,멜로망스,2,2
6325,멜론,94,113
6326,멜론뮤직어워드,19,19
6327,멜론티켓,8,8
6328,멜버른,19,19
6329,멤버,436,452
6330,멤버들,109,110
6331,멤버들과,3,3
6332,멤버로,3,3
6333,멤버로서,2,2
6334,멤버별,8,8
6335,멤버십,33,37
6336,멧세,3,3
6337,면도,2,2
6338,면모,2,2
6339,면세,3,3
6340,명곡,37,40
6341,명단,3,3
6342,명량,2,2
6343,명량대첩축제,7,7
6344,명명,4,4
6345,명반,3,3
6346,명소,5,6
6347,명시,12,12
6348,명시되지,2,2
6349,명에,21,21
6350,명예,15,15
6351,명예시민,2,2
6352,명예시민증,3,3
6353,명예직,2,2
6354,명예홍보대사,11,11
6355,명월,2,2
6356,명으,16,16
6357,명을,88,91
6358,명의,89,91
6359,명이,51,53
6360,명절,3,3
6361,명칭,30,30
6362,명품,32,32
6363,명품업계,2,2
6364,명화라이브홀,2,2
6365,모교,2,2
6366,모교인,4,4
6367,모금,19,20
6368,모금액,4,4
6369,모금한,2,2
6370,모금해,3,3
6371,모노그래프,3,3
6372,모니터링,2,2
6373,모델,457,479
6374,모델로,4,4
6375,모델료,4,4
6376,모델인,2,2
6377,모델프레스,10,10
6378,모두,72,72
6379,모든,21,21
6380,모든소년소녀들,2,2
6381,모로코,3,3
6382,모르,5,5
6383,모르시나요,3,3
6384,모리,2,2
6385,모모,14,16
6386,모모콘,2,2
6387,모바일,36,40
6388,모바일게,7,7
6389,모바일뱅킹,6,6
6390,모비스타,4,4
6391,모스크바,5,5
6392,모습,51,51
6393,모아,14,14
6394,모아나,2,2
6395,모았,41,41
6396,모았다,13,13
6397,모았으,10,10
6398,모양,2,2
6399,모어비전,2,2
6400,모여,7,7
6401,모였,12,12
6402,모였으,3,3
6403,모으,6,6
6404,모은,9,9
6405,모음,5,5
6406,모인,2,2
6407,모임,7,7
6408,모집,49,49
6409,모집되,2,2
6410,모집해왔,2,2
6411,모집했으,3,3
6412,모카,8,8
6413,모태솔로지,5,5
6414,모터,2,2
6415,목걸이,2,2
6416,목록,21,21
6417,목소리,24,24
6418,목요일,8,8
6419,목이,2,2
6420,목적,4,4
6421,목청껏,2,2
6422,목포,4,4
6423,목포대학교,2,2
6424,목표,13,13
6425,몬베베,12,15
6426,몬스타엑스,31,32
6427,몬테레,4,4
6428,몰고,4,4
6429,몰랐,3,3
6430,몰래,2,2
6431,몰려,17,17
6432,몰려든,4,4
6433,몰렸,19,19
6434,몰렸다,2,2
6435,몰렸으,3,3
6436,몰리,2,2
6437,몰입,2,2
6438,몰입도,2,2
6439,몸담,3,3
6440,몸담았던,4,4
6441,못지않,2,2
6442,못하,4,4
6443,못한,10,10
6444,못할,7,7
6445,못함,5,5
6446,못해,3,3
6447,못했다,2,2
6448,못했던,3,3
6449,못했으나,3,3
6450,묘사,4,4
6451,무가당,4,4
6452,무게,2,2
6453,무기,2,2
6454,무는,2,2
6455,무단,2,2
6456,무당,2,2
6457,무대,439,475
6458,무대에서,4,4
6459,무대였,2,2
6460,무려,2,2
6461,무렵,2,2
6462,무료,17,17
6463,무릎팍도사,3,3
6464,무명가수전,2,2
6465,무명기,2,2
6466,무반주,3,4
6467,무보수,3,3
6468,무비,10,10
6469,무상,2,2
6470,무선,2,2
6471,무슨,4,4
6472,무신사,9,9
6473,무앙통타니,2,2
6474,무엇,3,3
6475,무엇인,3,4
6476,무한,3,3
6477,무한도전,30,31
6478,문경,3,3
6479,문경시,7,9
6480,문구,16,16
6481,문라이드,2,2
6482,문명특급,2,2
6483,문별,9,11
6484,문서,85,87
6485,문소영,2,2
6486,문수,2,2
6487,문예지,2,2
6488,문예춘추,2,2
6489,문을,3,3
6490,문의,3,3
6491,문장,2,2
6492,문재인,3,3
6493,문제,19,19
6494,문제라,2,2
6495,문제아들,2,2
6496,문학경기장,2,2
6497,문화,34,34
6498,문화교류,3,3
6499,문화매체,7,7
6500,문화유산청,2,2
6501,문화일보,2,2
6502,문화재단,2,2
6503,문화적,5,5
6504,문화체육관광부,15,15
6505,문화행사,3,3
6506,문희준,5,5
6507,묻는,2,2
6508,물결,5,5
6509,물들,2,2
6510,물량,6,6
6511,물론,3,3
6512,물리,2,2
6513,물어본다면,3,3
6514,물을,3,3
6515,물품,4,4
6516,뭄바,2,2
6517,뭄바이,4,4
6518,뭉쳐,2,2
6519,뭐냐,3,3
6520,뭐든,2,2
6521,뭐하니,28,30
6522,뭐해,2,2
6523,뮤즈,13,13
6524,뮤지,2,2
6525,뮤지션,13,13
6526,뮤지션들,2,2
6527,뮤지션으로,3,3
6528,뮤지칼,2,2
6529,뮤지컬,30,37
6530,뮤지컬배우,2,2
6531,뮤직,68,70
6532,뮤직뱅크,26,26
6533,뮤직비디오,100,107
6534,뮤직스타일상,2,2
6535,뮤직스테이션,3,3
6536,뮤직어워즈,2,2
6537,뮤직토크쇼,2,2
6538,미공개,5,5
6539,미공개곡,2,2
6540,미국,175,196
6541,미국에서,2,2
6542,미국인,2,2
6543,미나,10,12
6544,미나미,7,8
6545,미니,67,73
6546,미니시리즈,3,3
6547,미니앨범,85,86
6548,미디어,10,10
6549,미디엄,3,3
6550,미딘국립경기장,2,2
6551,미딩,2,2
6552,미라클,9,9
6553,미래,3,3
6554,미러,3,3
6555,미리,4,4
6556,미만,2,2
6557,미미,8,12
6558,미상,4,4
6559,미생,2,2
6560,미성년,2,2
6561,미션,4,4
6562,미소,2,2
6563,미스,2,2
6564,미스터,3,3
6565,미스터트롯,22,22
6566,미스터트롯2,5,5
6567,미스트롯,9,9
6568,미쓰라진,2,2
6569,미아,2,2
6570,미안하,2,2
6571,미안함,2,2
6572,미연,4,4
6573,미우미우,2,2
6574,미운,17,17
6575,미쟝센,2,2
6576,미적,2,2
6577,미주,5,5
6578,미주중앙일보,4,4
6579,미지,2,2
6580,미지급,3,3
6581,미쳤,8,8
6582,미쳤다,2,2
6583,미초바,3,3
6584,미치,4,4
6585,미친,5,5
6586,미카,3,3
6587,미쿠,2,2
6588,미팅,2,2
6589,미혼모자,2,2
6590,미확인,3,3
6591,민규,7,7
6592,민기,3,4
6593,민니,15,19
6594,민박,6,6
6595,민온,3,3
6596,민원,4,4
6597,민주,6,7
6598,민지,5,5
6599,민폐,3,3
6600,민혁,4,4
6601,민호,14,14
6602,민희진,2,2
6603,믿기지,2,2
6604,믿지,2,3
6605,밀라노,6,6
6606,밀레,2,2
6607,밀리언,6,7
6608,밀리언셀러,39,43
6609,밀싹클렌즈,2,2
6610,밀알복지재단,6,6
6611,밀착,8,8
6612,밀착도,2,2
6613,밈으,3,3
6614,밈이,2,2
6615,바꾸,2,2
6616,바꾼,2,2
6617,바꿨,2,2
6618,바나나,9,9
6619,바나나맛우유,5,5
6620,바닐라코,6,6
6621,바다,2,2
6622,바라,4,4
6623,바란,3,3
6624,바람,17,17
6625,바로,4,4
6626,바로지금송,2,2
6627,바르셀로나,3,3
6628,바보,2,2
6629,바비,6,6
6630,바쁜,2,2
6631,바에,11,11
6632,바위게,7,7
6633,바이두,5,5
6634,바이두백,2,2
6635,바이러스,2,2
6636,바이럴,7,7
6637,바이브,6,6
6638,바자,3,3
6639,바클레이스,2,2
6640,바탕,8,8
6641,박명수,2,2
6642,박민혜,2,2
6643,박보검,4,4
6644,박서진,88,92
6645,박서진길,3,3
6646,박성훈,2,2
6647,박수,2,2
6648,박스,2,2
6649,박스스코어,2,2
6650,박스오피스,4,4
6651,박우진,2,2
6652,박재범,73,74
6653,박정현,44,45
6654,박준형,4,5
6655,박지연,4,4
6656,박지원,2,2
6657,박지훈,7,7
6658,박진영,9,9
6659,박창학,2,2
6660,박초롱,2,2
6661,박효신,73,75
6662,밖에서,2,2
6663,반경,4,4
6664,반드시,2,2
6665,반려견,2,2
6666,반면,2,2
6667,반발,3,3
6668,반복,6,6
6669,반복되,3,3
6670,반복적,3,3
6671,반스,4,4
6672,반열,2,2
6673,반영,3,3
6674,반영한,3,3
6675,반응,114,116
6676,반응함,2,2
6677,반응했다,2,2
6678,반입,2,2
6679,반전,4,4
6680,반주,3,3
6681,반포한강공원,2,2
6682,받고,9,9
6683,받기,2,2
6684,받는,18,18
6685,받아,9,9
6686,받아온,2,2
6687,받았,105,107
6688,받았다,16,16
6689,받았던,4,4
6690,받았으,10,10
6691,받으,14,14
6692,받은,25,26
6693,받을,2,2
6694,받음,4,4
6695,받지,5,5
6696,발견,2,2
6697,발견된,2,2
6698,발굴,2,2
6699,발급,4,4
6700,발라드,22,23
6701,발라드2,3,3
6702,발라드상,3,3
6703,발레,2,2
6704,발렌티노,3,3
6705,발리,2,2
6706,발매,401,424
6707,발매곡,14,14
6708,발매돼,3,3
6709,발매되,2,2
6710,발매되었,2,2
6711,발매되었으,2,2
6712,발매된,23,23
6713,발매된다,2,2
6714,발매작,2,2
6715,발매하,15,15
6716,발매한,65,65
6717,발매한다,5,5
6718,발매할,2,2
6719,발매해,2,2
6720,발매했,5,5
6721,발매했는데,2,2
6722,발매했다,13,13
6723,발매했으,15,15
6724,발산,2,2
6725,발생,9,9
6726,발생한,4,4
6727,발생했으,2,2
6728,발성,2,2
6729,발언,24,26
6730,발음,2,2
6731,발전,4,4
6732,발족,2,2
6733,발탁,282,286
6734,발탁돼,25,25
6735,발탁됐,2,2
6736,발탁됐다,15,15
6737,발탁됐으,10,10
6738,발탁되,21,21
6739,발탁되었,16,16
6740,발탁되었다,2,2
6741,발탁되었으,3,3
6742,발탁된,6,6
6743,발탁하,16,16
6744,발탁한,6,6
6745,발탁해,70,70
6746,발탁했,3,3
6747,발탁했다,30,30
6748,발탁했으,18,18
6749,발판,8,8
6750,발표,149,150
6751,발표곡,4,4
6752,발표됐으,3,3
6753,발표되었,3,3
6754,발표되었으,2,2
6755,발표된,10,10
6756,발표하,6,6
6757,발표하자,2,2
6758,발표한,31,31
6759,발표함,2,2
6760,발표해,4,4
6761,발표했,6,6
6762,발표했다,17,17
6763,발표했으,13,13
6764,발행,2,2
6765,발휘,4,4
6766,발휘했다,2,2
6767,밝고,4,4
6768,밝은,6,6
6769,밝혀,8,8
6770,밝혔,172,173
6771,밝혔으,12,12
6772,밝히,24,24
6773,밝힌,14,14
6774,밝힘,30,30
6775,밤양갱,6,6
6776,밤에,6,6
6777,밤을,2,2
6778,밤이,2,2
6779,방문,55,56
6780,방문객,3,3
6781,방문객들,2,2
6782,방문한,3,3
6783,방문한다,4,4
6784,방문할,2,2
6785,방문해,20,20
6786,방문했,2,2
6787,방문했다,3,3
6788,방법,3,3
6789,방불케,3,3
6790,방송,145,152
6791,방송돼,3,3
6792,방송되,6,6
6793,방송된,50,50
6794,방송될,3,3
6795,방송분,4,4
6796,방송사,3,3
6797,방송인,6,6
6798,방시혁,4,4
6799,방식,17,18
6800,방영,39,39
6801,방영됐으,2,2
6802,방영되,4,4
6803,방영되었으,2,2
6804,방영된,20,20
6805,방영했으,2,2
6806,방일,4,4
6807,방지,2,2
6808,방찬,14,14
6809,방콕,76,84
6810,방탄소년단,34,34
6811,방한,2,2
6812,방향,5,5
6813,배경,25,25
6814,배경음악,4,4
6815,배경화면,2,2
6816,배급,3,3
6817,배너,3,3
6818,배려,2,2
6819,배반,2,2
6820,배분,2,2
6821,배스킨라빈스,4,5
6822,배역,2,2
6823,배우,93,97
6824,배우들,6,6
6825,배우로,11,11
6826,배운,3,3
6827,배웠,2,2
6828,배이,3,3
6829,배출,5,5
6830,배치,6,6
6831,배틀,3,3
6832,배틀그라운드,6,6
6833,배틀트립,2,2
6834,배포,6,6
6835,백과사전,7,7
6836,백년,2,2
6837,백미,4,4
6838,백발백중,2,2
6839,백상예술대상,10,10
6840,백주년기념관,2,2
6841,백지영,50,53
6842,백지헌,2,2
6843,백현,16,17
6844,백혈병,2,2
6845,백화점,2,2
6846,밴드,64,69
6847,밴드로,3,3
6848,밴드상,2,2
6849,밴드형,2,2
6850,밴쿠버,6,6
6851,뱀뱀,30,32
6852,뱅킹,2,2
6853,버나드,2,2
6854,버논,10,10
6855,버는,2,2
6856,버니즈,6,6
6857,버디,5,5
6858,버라이어티,12,14
6859,버버리,5,6
6860,버블티,2,2
6861,버스,2,2
6862,버스킹,6,6
6863,버전,35,36
6864,버전인,2,2
6865,버지루츠,2,2
6866,버추얼,4,4
6867,버클리,2,2
6868,버터,2,3
6869,버튼,7,7
6870,벅스,14,14
6871,벅스뮤직,2,2
6872,번도,3,3
6873,번만,2,2
6874,번에,2,2
6875,번역,12,12
6876,번역해,3,3
6877,번졌,2,2
6878,번진,2,2
6879,번째,159,161
6880,번체,3,3
6881,번호,2,2
6882,벌써,6,7
6883,벌어들,2,2
6884,벌어들인,2,2
6885,벌어졌,6,6
6886,벌어질,2,2
6887,벌었다,2,2
6888,벌여,2,2
6889,벌였,10,10
6890,벌였다,2,2
6891,벌이,5,5
6892,벌인,2,2
6893,범국민,3,3
6894,범아랍,2,2
6895,범위,5,5
6896,범인,2,2
6897,법원,2,2
6898,법인,2,2
6899,법적,5,5
6900,법정,2,2
6901,법칙,4,4
6902,벗어나,2,2
6903,벚꽃,3,3
6904,베네타,2,2
6905,베다,2,2
6906,베르사체,5,5
6907,베를린,6,6
6908,베스트,36,38
6909,베스트셀러,4,4
6910,베스트아티스트상,2,2
6911,베스트앨범,2,3
6912,베이비,2,2
6913,베이비몬스터,44,44
6914,베이비스,2,2
6915,베이스,4,4
6916,베이징,11,12
6917,베이팔,2,2
6918,베이홀,2,2
6919,베토벤,2,2
6920,베트남,86,115
6921,베트남어,6,6
6922,벡스코,10,10
6923,벤치,3,3
6924,벨루나,2,2
6925,변경,2,2
6926,변경하,2,2
6927,변신,10,10
6928,변신해,2,2
6929,변우석,2,2
6930,변함없,11,11
6931,변했다,2,2
6932,변호사,3,3
6933,변화,4,4
6934,별개,8,8
6935,별도,67,67
6936,별명,10,11
6937,별에,6,6
6938,별이,8,8
6939,별칭,7,7
6940,별하랑,4,4
6941,병역,8,8
6942,병역면제,2,2
6943,병원,5,5
6944,병행,4,4
6945,병행하,3,3
6946,보고,9,9
6947,보고르,2,2
6948,보고서,2,2
6949,보그,3,3
6950,보기,3,3
6951,보내,9,9
6952,보낸,7,7
6953,보냈,4,4
6954,보냈다,2,2
6955,보는,5,5
6956,보니,4,4
6957,보다,6,6
6958,보도,1367,1369
6959,보도돼,2,2
6960,보도되,8,8
6961,보도되었,22,22
6962,보도된,4,4
6963,보도될,3,3
6964,보도자료,10,10
6965,보도한,17,17
6966,보도함,39,39
6967,보도해,25,25
6968,보도했으,13,13
6969,보령,2,2
6970,보령머드축제,2,2
6971,보미,4,4
6972,보바스병원,3,3
6973,보보경심,8,9
6974,보수,3,3
6975,보스,3,4
6976,보스턴,4,4
6977,보아,45,47
6978,보여,4,4
6979,보여온,2,2
6980,보여주,10,10
6981,보여주었,5,5
6982,보여주었다,2,2
6983,보여준,81,81
6984,보여준다,5,5
6985,보여줌,23,23
6986,보여줬,40,40
6987,보여줬다,3,3
6988,보였,42,42
6989,보였다,16,16
6990,보였으,2,2
6991,보유,15,16
6992,보유자,2,2
6993,보유하,26,26
6994,보유한,3,3
6995,보유해,2,2
6996,보유했으,2,2
6997,보이,15,15
6998,보이그룹,32,32
6999,보이넥스트도어,3,3
7000,보이밴드,4,4
7001,보이스,5,5
7002,보이자,2,2
7003,보이콧,2,2
7004,보이후드,2,2
7005,보인,5,5
7006,보임,2,2
7007,보자,9,9
7008,보컬,35,36
7009,보탰,2,2
7010,보테,2,2
7011,보통,2,2
7012,보해양조,2,2
7013,보호,7,8
7014,보호소,3,3
7015,복구,22,22
7016,복귀,34,35
7017,복귀시켰,2,2
7018,복귀였,2,2
7019,복귀작,2,2
7020,복귀한,2,2
7021,복귀한다,4,4
7022,복귀해,11,11
7023,복귀했다,4,4
7024,복면가왕,31,32
7025,복무,18,18
7026,복무한,2,2
7027,복수,3,3
7028,복합,3,3
7029,본격,3,3
7030,본격적,2,2
7031,본격적인,2,2
7032,본격화,2,2
7033,본명,14,14
7034,본문,23,23
7035,본문임,4,4
7036,본밍싱,2,2
7037,본사,3,3
7038,본상,17,17
7039,본선,2,2
7040,본인,30,30
7041,볼론,3,3
7042,볼빨간사춘기,44,44
7043,봄날,2,2
7044,봄바람,3,3
7045,봄봄봄,3,3
7046,봄여름,4,4
7047,봄이,6,6
7048,봄처럼,2,2
7049,봉구미,2,2
7050,봉사,9,10
7051,봉사활동,8,8
7052,봉주르꼬레,2,2
7053,봉화군,2,2
7054,부담,3,3
7055,부담감,4,4
7056,부르,39,40
7057,부르면,2,2
7058,부른,35,35
7059,부를,8,8
7060,부리람,3,4
7061,부모,3,3
7062,부모님,7,7
7063,부문,106,117
7064,부문상,5,5
7065,부부,8,8
7066,부분,2,2
7067,부산,115,124
7068,부산관광공사,4,5
7069,부산광역시,5,5
7070,부산국제영화제,3,3
7071,부산대,4,5
7072,부산시,4,7
7073,부산에서,2,2
7074,부산원아시아페스티벌,9,9
7075,부산항,2,2
7076,부상,7,7
7077,부쉐론,2,3
7078,부스,2,2
7079,부에노스아이레스,7,7
7080,부여,2,2
7081,부인,3,3
7082,부일이동통신,2,2
7083,부작용,2,2
7084,부정,2,2
7085,부정적,4,4
7086,부제,3,3
7087,부족,5,5
7088,부진,2,2
7089,부천,3,3
7090,부천국제애니메이션페스티벌,6,6
7091,부천시,3,3
7092,부친,4,4
7093,부캐,4,5
7094,부탁해,12,12
7095,부터,9,9
7096,부합,3,3
7097,부합한다,5,5
7098,부활,7,8
7099,부흥,4,4
7100,북미,46,48
7101,북미투어,4,4
7102,북한,5,5
7103,분다,2,2
7104,분당,2,2
7105,분량,5,5
7106,분류,2,2
7107,분류상,3,3
7108,분류해,2,2
7109,분석,47,48
7110,분석된,2,2
7111,분석한,6,6
7112,분석함,2,2
7113,분야,11,11
7114,분양,3,3
7115,분위기,26,26
7116,분장해,2,2
7117,분쟁,12,12
7118,불가,4,4
7119,불가능,2,2
7120,불가리,3,3
7121,불거지,2,2
7122,불거지자,3,3
7123,불과,3,3
7124,불구하,8,8
7125,불꽃놀,2,2
7126,불꽃쇼,2,2
7127,불라칸,5,5
7128,불러,32,32
7129,불렀,22,22
7130,불렀다,4,4
7131,불렀으,5,5
7132,불렸,3,3
7133,불리,10,10
7134,불린,8,8
7135,불릴,9,9
7136,불만,7,7
7137,불매운동,2,2
7138,불면,2,2
7139,불법,4,4
7140,불시착,6,6
7141,불안,4,4
7142,불우이웃,2,2
7143,불응해,3,3
7144,불참,5,5
7145,불참하,2,2
7146,불참한,2,2
7147,불황,3,3
7148,불후,31,31
7149,붉은,3,3
7150,붉은노,2,2
7151,붐을,3,3
7152,뷔가,5,5
7153,뷰를,23,24
7154,뷰에,2,2
7155,뷰티,50,56
7156,뷰티풀,4,4
7157,브라운,2,2
7158,브라운아이드소울,19,19
7159,브라운아이즈,26,27
7160,브라질,104,145
7161,브랜드,531,662
7162,브랜드고객충성도대상,2,2
7163,브랜드명,3,3
7164,브랜드송,3,3
7165,브랜드와,4,4
7166,브랜드평판,41,42
7167,브랜드평판지수,8,8
7168,브랜딩,2,2
7169,브로커,4,4
7170,브루노,3,3
7171,브루클린,2,2
7172,브리즈,12,13
7173,브이로그,10,10
7174,블라인드,2,2
7175,블락비,2,2
7176,블랙,5,5
7177,블랙박스,2,2
7178,블랙야크,2,2
7179,블랙핑크,73,74
7180,블러썸,2,2
7181,블럭,18,18
7182,블로거,3,3
7183,블로그,32,32
7184,블로그라바나나,3,3
7185,블로쿠,2,2
7186,블록베리크리에이티브,2,2
7187,블루,5,5
7188,블루수칸,2,2
7189,블루스,7,7
7190,블루스퀘어,12,12
7191,블루카펫,2,2
7192,블리자드,4,4
7193,블링,2,2
7194,블링크,7,7
7195,비가,3,3
7196,비결,2,2
7197,비공식,5,5
7198,비교,3,3
7199,비긴어게인,7,7
7200,비누,4,7
7201,비디오,4,4
7202,비디오스타,2,2
7203,비롯한,9,9
7204,비롯해,10,10
7205,비리비리,2,2
7206,비밀,5,5
7207,비밥바룰라,2,2
7208,비버,4,4
7209,비보,2,2
7210,비비,41,42
7211,비빔밥,3,3
7212,비상금,2,2
7213,비스테이지,8,8
7214,비스트,2,2
7215,비슷한,2,2
7216,비씨카드,2,2
7217,비아,2,2
7218,비아이돌,6,6
7219,비연속,3,3
7220,비오레,2,2
7221,비와,3,3
7222,비욘드,3,3
7223,비욘드라이브,2,2
7224,비용,3,3
7225,비율,2,2
7226,비일본인,2,2
7227,비자,2,2
7228,비전,2,2
7229,비정상회담,2,2
7230,비주얼,17,18
7231,비중,6,6
7232,비즈니스,2,2
7233,비타르,2,2
7234,비투비,18,18
7235,비트,2,2
7236,비판,10,10
7237,비판한,2,2
7238,비하인드,22,22
7239,비화,5,5
7240,빅데이터,11,11
7241,빅마마,35,36
7242,빅뱅,64,64
7243,빅세일,3,3
7244,빅히트,3,3
7245,빈지노,72,78
7246,빈티지,6,6
7247,빌더스,2,2
7248,빌런,3,4
7249,빌리빌리,4,4
7250,빌리언스,2,2
7251,빌리프랩,5,5
7252,빌보드,199,233
7253,빌보드200,14,16
7254,빌보드재팬,14,14
7255,빙그레,12,15
7256,빚었,2,2
7257,빛나,12,12
7258,빠르게,16,16
7259,빠른,7,7
7260,빨간,2,2
7261,빼빼,3,3
7262,뺏기,2,2
7263,뺑소니,7,7
7264,뽑는,3,3
7265,뽑혔,2,2
7266,뽕숭아학당,4,4
7267,뿅뿅,3,3
7268,뿌려진,2,2
7269,뿐인데,5,5
7270,사건,31,33
7271,사고,4,5
7272,사과,10,10
7273,사과하,2,2
7274,사과한,3,3
7275,사과했다,3,3
7276,사극,5,6
7277,사기,2,2
7278,사나,18,19
7279,사는,7,7
7280,사다리,2,2
7281,사단법인,3,3
7282,사라졌,2,2
7283,사람,34,35
7284,사람들,9,9
7285,사랑,64,66
7286,사랑노래,2,2
7287,사랑만큼,2,2
7288,사랑받,5,5
7289,사랑방,4,4
7290,사랑실천,2,2
7291,사랑의열매,22,22
7292,사랑이야,7,8
7293,사랑하,16,16
7294,사랑하겠어,3,3
7295,사랑합니,2,2
7296,사랑해,7,7
7297,사랑해요,3,3
7298,사례,102,103
7299,사례였,3,3
7300,사로잡,2,2
7301,사로잡았다,3,3
7302,사료,3,3
7303,사망,7,7
7304,사무소,3,3
7305,사부,2,2
7306,사상,17,17
7307,사생팬들,2,2
7308,사생활,4,4
7309,사실,50,52
7310,사실상,5,5
7311,사안,3,3
7312,사업,19,20
7313,사연,15,15
7314,사옥,3,4
7315,사용,17,17
7316,사용되,2,2
7317,사용되도록,4,4
7318,사용되었,2,2
7319,사용될,7,7
7320,사우디아라비아,3,3
7321,사운드,12,12
7322,사운드체크,2,2
7323,사운드트랙,11,13
7324,사원,3,3
7325,사월,3,3
7326,사유,4,4
7327,사이,51,51
7328,사이먼,2,2
7329,사이에서,3,3
7330,사이타마,7,7
7331,사이타마현,2,2
7332,사이트,68,69
7333,사인,8,9
7334,사전,16,16
7335,사전예매,2,2
7336,사전예약,11,14
7337,사전판매,2,2
7338,사정,3,3
7339,사직구장,2,2
7340,사직동,2,3
7341,사진,24,25
7342,사진작,3,3
7343,사진전,2,2
7344,사천시,5,5
7345,사쿠라,14,14
7346,사탕,2,3
7347,사태,7,7
7348,사하라,3,3
7349,사회,6,7
7350,사회공헌,10,10
7351,사회복지공동모금회,10,10
7352,사회복지시설,3,3
7353,사회자,2,2
7354,사회적,15,15
7355,사흘,2,2
7356,사흘간,6,6
7357,삭제,2,2
7358,산골,2,2
7359,산다,15,15
7360,산다라박,4,4
7361,산불,35,37
7362,산업,15,15
7363,산업군,2,2
7364,산업에서,2,2
7365,산업적,5,5
7366,산이,2,2
7367,산장,3,3
7368,산책,11,11
7369,산트,2,2
7370,산티아,12,12
7371,산하,27,28
7372,살다,2,3
7373,살롱드립2,3,3
7374,살린,2,2
7375,살림하,9,9
7376,살아남기,2,2
7377,살아있,3,3
7378,삶은,4,4
7379,삼다수,3,3
7380,삼성,10,11
7381,삼성서울병원,5,5
7382,삼성전자,15,15
7383,삼성홀,4,4
7384,삼아,2,2
7385,삼천포대교공원,2,2
7386,삼천포종합사회복지관,2,2
7387,삼천포초등학교,2,2
7388,삽입,4,4
7389,삽입곡,13,13
7390,삽입되,2,2
7391,삽입된,2,2
7392,상고,2,2
7393,상권,10,10
7394,상금,5,5
7395,상남자,6,6
7396,상담,3,3
7397,상담소,3,3
7398,상당,20,20
7399,상당한,5,5
7400,상대,10,10
7401,상대적,2,2
7402,상반기,21,22
7403,상상,2,2
7404,상세,36,36
7405,상세히,16,16
7406,상속자들,4,4
7407,상승,11,11
7408,상승하,2,2
7409,상승한,5,5
7410,상승해,3,3
7411,상승했,3,3
7412,상승했다,3,3
7413,상시,11,12
7414,상업,5,5
7415,상업광,5,5
7416,상업적,15,15
7417,상영,10,11
7418,상영관,6,6
7419,상영되,3,3
7420,상영된다,5,5
7421,상영한다,2,2
7422,상위,5,5
7423,상위권,15,16
7424,상을,12,12
7425,상인,2,2
7426,상장,3,3
7427,상징,6,6
7428,상징색,5,5
7429,상징색인,4,4
7430,상징적,7,7
7431,상징하,6,6
7432,상징한다,2,2
7433,상처,2,2
7434,상큼한,2,2
7435,상태,11,11
7436,상파울루,24,24
7437,상표권,3,3
7438,상품,19,23
7439,상하,3,3
7440,상하이,2,2
7441,상호,2,2
7442,상황,16,16
7443,상황에서,2,2
7444,새긴,2,2
7445,새끼,18,18
7446,새로,9,9
7447,새로운,64,64
7448,새롭게,6,6
7449,새마을금,2,2
7450,새벽,2,2
7451,새침떼기,2,2
7452,새해,2,2
7453,새해맞,2,2
7454,색깔,2,2
7455,색상,10,10
7456,색인되,2,2
7457,샌드위치,2,3
7458,샌프란시스코,4,4
7459,샘터,2,2
7460,샘플링,2,2
7461,생각,5,5
7462,생겼,2,2
7463,생계,2,2
7464,생기,2,2
7465,생년월일,2,2
7466,생로랑,4,4
7467,생방송,6,6
7468,생산량,2,2
7469,생애,7,7
7470,생일,70,73
7471,생일마,3,3
7472,생일파티,2,2
7473,생중계,14,15
7474,생중계된다,2,2
7475,생태계,3,3
7476,생필품,2,2
7477,생활,10,10
7478,생활용품,2,2
7479,샤넬,22,24
7480,샤오쥔,3,6
7481,샤우팅,2,2
7482,샤월,2,2
7483,샤이니,44,45
7484,샤키라,2,2
7485,샴푸,2,2
7486,샹스,2,4
7487,샹치,2,2
7488,서강대,4,4
7489,서고,2,2
7490,서구,7,7
7491,서구권,2,2
7492,서는,2,2
7493,서동욱,3,3
7494,서든어택,18,20
7495,서로,9,9
7496,서머,4,4
7497,서머소닉,2,2
7498,서며,2,2
7499,서면,2,2
7500,서명,2,2
7501,서명호,2,2
7502,서밋,2,2
7503,서바이벌,25,25
7504,서버,7,7
7505,서브유닛,11,13
7506,서비스,45,46
7507,서사,7,7
7508,서술,6,7
7509,서술함,3,3
7510,서스테이너블,4,4
7511,서울,364,380
7512,서울가요대상,21,21
7513,서울경제,2,2
7514,서울교통공사,2,2
7515,서울국제드라마어워즈,2,2
7516,서울대,3,3
7517,서울대공원,2,2
7518,서울대병원,2,2
7519,서울드라마어워즈,2,2
7520,서울랜드,2,2
7521,서울뿐,3,3
7522,서울숲,4,4
7523,서울시,11,13
7524,서울시장,3,3
7525,서울시청,2,2
7526,서울아산병원,7,7
7527,서울어린이대공원,2,2
7528,서울역,2,2
7529,서울올림픽,3,3
7530,서울올림픽주경기장,4,4
7531,서울올림픽체조경기장,3,3
7532,서울우유,2,2
7533,서울월드컵경기장,6,6
7534,서울중앙지법,6,6
7535,서울지하철,3,3
7536,서울특별시,6,7
7537,서울패션위크,3,3
7538,서은광,4,4
7539,서인국,2,2
7540,서클,10,10
7541,서클차트,14,14
7542,서포트,7,7
7543,서프라이즈,5,5
7544,서현,6,6
7545,석권,15,15
7546,석권하,2,2
7547,석권한,2,2
7548,석권했다,2,2
7549,석씩,2,2
7550,석을,2,2
7551,석이,9,9
7552,석촌호수,3,3
7553,섞인,2,2
7554,선공개,5,5
7555,선공개곡,9,9
7556,선구자,2,2
7557,선구적,2,2
7558,선글라스,2,2
7559,선례,3,3
7560,선물,17,18
7561,선물하,3,3
7562,선물해,2,2
7563,선물했다,2,2
7564,선미,3,3
7565,선발,3,3
7566,선배,8,8
7567,선보,26,26
7568,선보여,6,6
7569,선보였,66,66
7570,선보였다,17,17
7571,선보였으,9,9
7572,선보이,5,5
7573,선보이자,5,5
7574,선보인,11,11
7575,선보일,3,3
7576,선사,10,10
7577,선생님,2,2
7578,선수,3,3
7579,선언한,4,4
7580,선예매,53,53
7581,선예매만,10,10
7582,선예매에서,2,2
7583,선우정아,3,3
7584,선을,2,2
7585,선재,2,2
7586,선전,2,2
7587,선정,73,73
7588,선정돼,8,8
7589,선정됐,2,2
7590,선정됐다,2,2
7591,선정됐으,3,3
7592,선정되,7,7
7593,선정된,3,3
7594,선정성,3,3
7595,선정하,6,6
7596,선정한,4,4
7597,선정해,8,8
7598,선정했다,4,4
7599,선정했으,2,2
7600,선주문,14,17
7601,선주문량,2,2
7602,선택,7,7
7603,선판매,2,2
7604,선포식,3,3
7605,선풍기,7,7
7606,선플라자홀,2,2
7607,선한,3,3
7608,선행,24,25
7609,선행예매,2,2
7610,선호,2,2
7611,설날,2,2
7612,설렁탕,2,2
7613,설립,7,7
7614,설립된,2,2
7615,설립하,2,2
7616,설립한,11,11
7617,설립해,3,3
7618,설립했다,2,2
7619,설명,16,17
7620,설명했다,3,3
7621,설문,5,5
7622,설문조사,5,5
7623,설운,4,4
7624,설윤,5,9
7625,설정,3,3
7626,설치,2,2
7627,설치하,2,2
7628,섬마,2,2
7629,섬의,3,3
7630,섭외,17,21
7631,섰다,10,10
7632,섰으,3,3
7633,성격,6,6
7634,성공,30,32
7635,성공적,11,11
7636,성공한,7,7
7637,성공했다,2,2
7638,성과,27,28
7639,성균관대,2,2
7640,성금,23,25
7641,성남,12,12
7642,성남시,3,3
7643,성남아트센터,2,2
7644,성대,2,2
7645,성동구,5,5
7646,성료,7,7
7647,성료했으,2,2
7648,성명,2,2
7649,성별,2,2
7650,성사,3,3
7651,성사됐다,2,2
7652,성사된,2,2
7653,성사시켰,5,5
7654,성수,3,3
7655,성숙한,3,3
7656,성시경,57,64
7657,성신여대,2,2
7658,성원,4,4
7659,성의,2,2
7660,성인,4,4
7661,성장,16,16
7662,성장세,4,5
7663,성장하,2,2
7664,성장한,4,4
7665,성장해,5,5
7666,성장했,2,2
7667,성장했다,2,2
7668,성장했으,3,3
7669,성적,10,10
7670,성지순례,3,3
7671,성진,7,7
7672,성찬,3,3
7673,성화,8,9
7674,성황,3,3
7675,성황리,17,17
7676,성훈,2,2
7677,세계,91,91
7678,세계2,2,2
7679,세계관,2,2
7680,세계기록,9,9
7681,세계여행,2,2
7682,세계유산위원회,5,6
7683,세계일보,2,2
7684,세계적,8,8
7685,세관,3,3
7686,세금,3,3
7687,세끼,2,2
7688,세나얀,2,2
7689,세대,40,43
7690,세대별,3,3
7691,세대차이,2,2
7692,세럼,3,3
7693,세련된,5,5
7694,세부,5,5
7695,세분화된,2,2
7696,세브란스,2,2
7697,세브란스병원,4,4
7698,세븐일레븐,5,5
7699,세븐틴,47,52
7700,세상,19,19
7701,세션,9,9
7702,세우,4,4
7703,세운,8,8
7704,세움,2,2
7705,세워,2,2
7706,세월호,2,2
7707,세웠,119,119
7708,세웠다,15,15
7709,세웠으,9,9
7710,세이부,2,2
7711,세이브더칠드런,4,4
7712,세일즈,14,16
7713,세자,2,2
7714,세제,2,2
7715,세종문화회관,17,19
7716,세트,6,6
7717,세트리스트,10,10
7718,세훈,6,7
7719,섹션,4,4
7720,섹시,2,2
7721,센세이션,2,2
7722,센치너,4,4
7723,센터,8,8
7724,셀러브리티,6,6
7725,셀린느,9,11
7726,셋리스트,2,2
7727,셔누,4,4
7728,셔츠,2,2
7729,션과,2,2
7730,셰프,6,7
7731,소감,57,57
7732,소개,235,244
7733,소개되,10,10
7734,소개되었,5,5
7735,소개된,4,4
7736,소개하,44,44
7737,소개한,3,3
7738,소개함,23,23
7739,소개했,3,3
7740,소개했다,3,3
7741,소개했으,4,4
7742,소규모,5,5
7743,소극장,7,7
7744,소나기,2,2
7745,소녀,18,21
7746,소녀시대,94,99
7747,소년,10,10
7748,소니,7,7
7749,소닉시티,2,2
7750,소동,2,2
7751,소록도,2,2
7752,소름,5,5
7753,소리,11,11
7754,소리길,3,3
7755,소리바,4,4
7756,소망교도소,2,2
7757,소문,2,2
7758,소방관,4,4
7759,소비,29,29
7760,소비되,3,3
7761,소비력,6,6
7762,소비자,13,13
7763,소비자들,2,2
7764,소비자보호기구,2,2
7765,소비재,7,7
7766,소셜,6,6
7767,소셜러스,2,2
7768,소셜미디어,9,9
7769,소속,53,54
7770,소속된,4,4
7771,소속사,144,152
7772,소송,10,10
7773,소스뮤직,2,2
7774,소식,273,276
7775,소아암,10,11
7776,소아청소년,2,2
7777,소연,2,2
7778,소외계층,4,4
7779,소울,11,12
7780,소울트리,7,7
7781,소원,9,9
7782,소유,6,6
7783,소장품,2,2
7784,소장한,3,3
7785,소재,15,15
7786,소주,14,18
7787,소중한,3,3
7788,소중히,2,2
7789,소코도모,2,2
7790,소통,40,40
7791,소통하,11,11
7792,소통했다,2,2
7793,소품집,2,2
7794,소화,9,9
7795,소화하,3,3
7796,소회,4,4
7797,소후,2,2
7798,소희,2,2
7799,속내,2,2
7800,속도,6,6
7801,속삭,3,3
7802,속았수,2,2
7803,속어,2,2
7804,속에,11,11
7805,속에서,8,8
7806,속옷,4,4
7807,속초,11,11
7808,속한,5,5
7809,손나은,5,6
7810,손석구,2,2
7811,손수건,2,2
7812,손을,2,2
7813,손이,2,2
7814,손잡,8,8
7815,손태진,2,2
7816,손편지,5,5
7817,손해배상,5,5
7818,손호영,5,5
7819,손흥민,4,4
7820,솔드아웃,3,3
7821,솔라,8,9
7822,솔로,153,170
7823,솔로곡,19,19
7824,솔로몬저축은행,3,3
7825,솔로앨범,2,2
7826,솔로투어,2,2
7827,솔루션,2,2
7828,솔직한,3,3
7829,송가인,65,70
7830,송도컨벤시아,3,3
7831,송라이터,2,2
7832,송민호,2,2
7833,송즈,2,2
7834,송지오,2,2
7835,송출되,2,2
7836,송출되었,2,2
7837,송파구,3,3
7838,송하영,2,2
7839,송혜교,2,2
7840,쇄도해,2,2
7841,쇼미더머니,6,6
7842,쇼미더머니11,4,4
7843,쇼미더머니12,3,3
7844,쇼미더머니6,2,2
7845,쇼음악중심,4,4
7846,쇼챔피언,8,10
7847,쇼케이스,16,17
7848,쇼타,9,11
7849,쇼타로,9,9
7850,쇼파드,2,2
7851,쇼파르뮤직,2,2
7852,쇼피,8,8
7853,쇼핑,9,10
7854,쇼핑몰,5,5
7855,숏드라마,2,3
7856,숏폼,11,12
7857,수가,15,15
7858,수감,3,3
7859,수년,4,4
7860,수년간,2,2
7861,수는,6,6
7862,수도,2,2
7863,수도권,4,4
7864,수량,3,3
7865,수록,11,11
7866,수록곡,35,35
7867,수록된,6,6
7868,수록했으,3,3
7869,수립,2,2
7870,수만,5,5
7871,수목,2,2
7872,수목금,2,2
7873,수목드라마,2,2
7874,수민,2,3
7875,수밖,2,2
7876,수백,4,4
7877,수사,2,2
7878,수상,196,203
7879,수상이었,2,2
7880,수상자,4,4
7881,수상한,5,5
7882,수상해,7,7
7883,수상했,10,10
7884,수상했다,12,12
7885,수상했으,12,12
7886,수술,2,2
7887,수술비,4,4
7888,수식어,2,2
7889,수십,6,6
7890,수십억,4,4
7891,수여,4,4
7892,수여받았,2,2
7893,수영,9,9
7894,수영복,2,2
7895,수요,52,52
7896,수요일,2,2
7897,수원,11,11
7898,수원시,3,3
7899,수익,44,48
7900,수익금,21,21
7901,수익만,2,2
7902,수입,7,8
7903,수준,13,13
7904,수천,4,4
7905,수출,4,4
7906,수치,7,7
7907,수프라,2,2
7908,수해,11,11
7909,수행,2,2
7910,수현,2,2
7911,수호,12,14
7912,수훈,2,2
7913,숙박,6,6
7914,숙박업소,2,2
7915,숙소,5,5
7916,숙취해소제,5,5
7917,순간,32,32
7918,순간들,3,3
7919,순서,2,2
7920,순수,3,3
7921,순식간,9,9
7922,순심이,2,2
7923,순위,65,66
7924,순위권,2,2
7925,순위인,2,2
7926,순차,7,7
7927,순차적,3,3
7928,순천,2,2
7929,순항,2,2
7930,순회,25,25
7931,순회공연,7,7
7932,순회하,12,12
7933,순회한다,2,2
7934,술을,2,2
7935,숨피,3,4
7936,숭실대,4,4
7937,숲속,2,2
7938,쉐보레,3,3
7939,쉬는,2,2
7940,쉽게,2,2
7941,슈가,10,10
7942,슈가맨,4,4
7943,슈올즈,6,8
7944,슈주,2,2
7945,슈즈,2,2
7946,슈트,2,2
7947,슈퍼,6,6
7948,슈퍼드라,2,2
7949,슈퍼맨,5,5
7950,슈퍼스타k,6,6
7951,슈퍼스타k2,3,3
7952,슈퍼스타k4,4,4
7953,슈퍼주니어,60,68
7954,슈퍼콘,2,3
7955,슈퍼토픽,9,9
7956,슈퍼팬,2,2
7957,슈프림팀,2,2
7958,슈화,15,19
7959,스나얀,3,3
7960,스낵,3,4
7961,스니커즈,3,3
7962,스레드,3,4
7963,스마일게이트,4,4
7964,스마트tv,2,2
7965,스마트폰,14,14
7966,스무,2,2
7967,스물,2,2
7968,스스,5,5
7969,스스로,4,4
7970,스승,3,3
7971,스웨덴,3,3
7972,스위스,6,6
7973,스위프트,3,3
7974,스윗,2,2
7975,스윙엔터테인먼트,3,3
7976,스캔들,5,5
7977,스케일,2,2
7978,스케줄,20,20
7979,스케치북,16,16
7980,스코샤뱅크,2,2
7981,스코틀랜드,2,2
7982,스퀘어,4,4
7983,스크린,10,10
7984,스크린x,3,3
7985,스키니,2,2
7986,스킨케어,20,20
7987,스타,41,42
7988,스타뉴스,33,33
7989,스타덤,2,2
7990,스타드,2,2
7991,스타들,5,5
7992,스타디움,57,64
7993,스타랭킹,4,4
7994,스타상,3,3
7995,스타쉽,2,3
7996,스타일,14,14
7997,스타일리시한,2,2
7998,스타일링,7,7
7999,스타킹,5,5
8000,스타트롯,2,2
8001,스타트업,7,7
8002,스태프,4,5
8003,스탠다드프렌즈,3,3
8004,스탠딩,6,6
8005,스테,3,3
8006,스테디셀러,2,2
8007,스테레오,2,2
8008,스테이션,4,6
8009,스테이씨,8,8
8010,스테이지,9,10
8011,스테파니,5,6
8012,스텔라,2,2
8013,스토리,14,14
8014,스토어,4,4
8015,스톤에이지,2,2
8016,스튜디오,15,17
8017,스트레,22,22
8018,스트레스,2,2
8019,스트레이키즈,14,14
8020,스트리머,2,2
8021,스트리밍,102,118
8022,스트리밍곡,2,2
8023,스트리밍된,2,2
8024,스트리트,6,6
8025,스트림,6,7
8026,스트릿,3,5
8027,스트링,2,2
8028,스페셜,34,36
8029,스페이스,3,3
8030,스페인,48,51
8031,스페인어,16,17
8032,스페인어권,15,15
8033,스페인어판,2,2
8034,스포르티브,2,2
8035,스포츠,22,22
8036,스포츠경향,27,27
8037,스포츠서울,4,4
8038,스포츠서울일본판,3,3
8039,스포츠월드,2,2
8040,스포츠웨어,3,3
8041,스포츠음료,3,3
8042,스포티파,31,32
8043,스포티파이,7,7
8044,스폰,3,3
8045,스프라이트,6,6
8046,스프렉사코리아,3,3
8047,스피릿,3,3
8048,스픽,3,3
8049,스핀오프,5,5
8050,스필오버,2,2
8051,슬기,9,9
8052,슬럼프,5,5
8053,슬로건,10,10
8054,슬리핑,2,2
8055,슬픈,2,2
8056,습관,2,2
8057,습작,2,2
8058,승관,11,11
8059,승관과,2,2
8060,승리,4,4
8061,승민,3,5
8062,승소,2,2
8063,승일희망재단,2,2
8064,승한,3,3
8065,승희,6,6
8066,시간,38,39
8067,시간대,4,5
8068,시간이었,2,2
8069,시게루,2,2
8070,시계,2,4
8071,시골,3,3
8072,시구,3,3
8073,시구자,3,3
8074,시국,2,2
8075,시그니처,4,4
8076,시기,16,16
8077,시나,3,3
8078,시나닷컴,6,6
8079,시너지,6,6
8080,시네마,6,6
8081,시니어,2,2
8082,시대,4,4
8083,시대극,2,2
8084,시도,7,7
8085,시드니,28,30
8086,시리아,5,5
8087,시리즈,75,77
8088,시마,2,2
8089,시미,2,2
8090,시민,5,5
8091,시부야,9,9
8092,시사,10,10
8093,시사저널,6,6
8094,시상식,56,59
8095,시선,2,2
8096,시설,2,2
8097,시세이,4,4
8098,시스템,8,9
8099,시아라,2,2
8100,시애틀,9,9
8101,시야,2,2
8102,시야제한석,8,8
8103,시어터,7,7
8104,시연,7,7
8105,시우민,9,10
8106,시원,3,4
8107,시은,4,6
8108,시작,123,125
8109,시작되자,3,3
8110,시작된,10,10
8111,시작된다,3,3
8112,시작하,6,6
8113,시작한,3,3
8114,시작한다,3,3
8115,시작해,10,10
8116,시작했,3,3
8117,시작했는데,2,2
8118,시작했다,5,5
8119,시작했으,6,6
8120,시장,107,110
8121,시장에서,16,16
8122,시장으로,4,4
8123,시장점유율,3,3
8124,시절,26,27
8125,시절인,2,2
8126,시점,32,32
8127,시중은행,2,2
8128,시즈니,2,2
8129,시즌,50,51
8130,시즌1,12,12
8131,시즌2,34,35
8132,시즌3,9,9
8133,시즌4,8,8
8134,시즌5,3,3
8135,시즌6,4,5
8136,시즌9,2,2
8137,시즌즈,10,10
8138,시청,10,10
8139,시청률,27,29
8140,시청자,11,12
8141,시청하,2,2
8142,시청해주세요,2,2
8143,시초,4,4
8144,시카,12,12
8145,시카고,2,2
8146,시크릿,5,5
8147,시트콤,7,8
8148,시티투어2,2,2
8149,식당,2,2
8150,식사,2,2
8151,식스센스,3,3
8152,식품,7,7
8153,신고,2,2
8154,신곡,144,147
8155,신규,70,70
8156,신기록,15,15
8157,신기하기,2,2
8158,신나게,2,2
8159,신년,3,3
8160,신동,7,8
8161,신드롬,3,3
8162,신라면,4,6
8163,신라면세점,2,3
8164,신랑,11,11
8165,신랑닷컴,6,6
8166,신랑망,12,12
8167,신뢰,10,10
8168,신뢰도,5,5
8169,신메뉴,2,2
8170,신문,2,2
8171,신발,11,11
8172,신베,2,2
8173,신보,25,25
8174,신부,2,2
8175,신비,6,6
8176,신비주,2,2
8177,신사,6,6
8178,신상,2,2
8179,신상출시,6,6
8180,신상품,2,2
8181,신생,4,4
8182,신서유기,2,3
8183,신선한,2,2
8184,신설,3,3
8185,신성,2,2
8186,신세대,2,2
8187,신에,2,2
8188,신연아,3,3
8189,신영,2,2
8190,신용대출,2,2
8191,신용카드,3,3
8192,신유,2,2
8193,신의,8,8
8194,신인,52,52
8195,신인상,28,36
8196,신인임,3,3
8197,신작,3,3
8198,신장,2,2
8199,신제품,25,25
8200,신좡체육관,3,3
8201,신차,2,2
8202,신청,9,9
8203,신촌,2,2
8204,신한은행,4,4
8205,신한카드,8,8
8206,신해철,2,2
8207,신형,3,3
8208,신호탄,4,4
8209,신화,2,2
8210,신흥,3,3
8211,실력,14,14
8212,실력파,6,6
8213,실렸,8,8
8214,실렸으,2,2
8215,실린,4,4
8216,실망감,2,2
8217,실물,17,17
8218,실물앨범,2,2
8219,실버,4,4
8220,실버버튼,3,3
8221,실시간,39,39
8222,실시한,3,3
8223,실신,2,2
8224,실어,3,3
8225,실었,4,4
8226,실적,7,7
8227,실제,27,28
8228,실제로,3,3
8229,실질적,6,6
8230,실천,6,6
8231,실패,3,3
8232,실형,2,2
8233,실황,40,44
8234,실황영화,9,9
8235,심각성,2,2
8236,심경,3,3
8237,심리,8,8
8238,심리적,3,3
8239,심사,6,6
8240,심사위원,37,39
8241,심야,3,3
8242,심층,7,7
8243,심포니,2,2
8244,십센치,2,2
8245,십오야,2,3
8246,싱가포르,33,33
8247,싱글,186,200
8248,싱글즈,3,3
8249,싱글차트,19,19
8250,싱어,4,4
8251,싱어게인,2,2
8252,싱어송라이터,9,9
8253,싱어송라이터라,2,2
8254,싱크로유,2,2
8255,싱포레스트,2,2
8256,싶다,21,21
8257,싶어,10,10
8258,싶었,6,6
8259,싶었던,2,2
8260,싶은,5,5
8261,싶지,2,2
8262,싸이,86,92
8263,싸이월드,2,2
8264,싹쓰리,3,3
8265,쌀화환,2,2
8266,쌍갑포차,2,2
8267,쌍용자동차,3,3
8268,쌓아온,3,3
8269,쌓았,2,2
8270,써클,11,11
8271,써클차트,15,18
8272,썬더돔,4,4
8273,썸머,2,2
8274,썼다,5,5
8275,쏘스뮤직,3,3
8276,쏟아졌,4,4
8277,쏟아졌다,2,2
8278,쏠렸,2,2
8279,쓰고,6,6
8280,쓰레기,4,4
8281,쓰였,10,10
8282,쓰이,2,2
8283,쓰인,2,2
8284,쓸쓸하,5,5
8285,씨네21,2,2
8286,씨는,2,2
8287,씨스타,4,4
8288,씨야,2,2
8289,씨어터,5,5
8290,씨에이엠위더스,2,2
8291,씨엔블루,3,3
8292,아가새,6,6
8293,아가씨,4,4
8294,아기,3,3
8295,아깝지,2,2
8296,아내,5,5
8297,아너소사이어티,2,2
8298,아너스클럽,2,2
8299,아는,22,22
8300,아는형님,6,6
8301,아니,5,5
8302,아니냐,2,2
8303,아니라,15,15
8304,아니어,2,2
8305,아닌,13,13
8306,아님,2,2
8307,아동,25,26
8308,아동복지전문기관,2,2
8309,아들,10,10
8310,아디다스,6,7
8311,아라네타,2,2
8312,아라비카,2,2
8313,아람극장,2,2
8314,아랍어,72,113
8315,아랍어판,4,4
8316,아랍에미리트,3,3
8317,아래,7,7
8318,아레나,110,119
8319,아레나투어,2,2
8320,아로망,2,2
8321,아르바이트,3,3
8322,아르헨티나,20,22
8323,아름다운,14,14
8324,아름다운재단,7,7
8325,아름다움,2,2
8326,아름답,2,2
8327,아름답게,2,2
8328,아리랑,6,6
8329,아리스,24,24
8330,아린,7,8
8331,아마존,3,3
8332,아메리카,4,4
8333,아메리카노,5,6
8334,아메리칸,3,3
8335,아메바컬처,2,2
8336,아메바컬쳐,4,4
8337,아모레퍼시픽,5,5
8338,아모르,3,3
8339,아모르파티,7,7
8340,아무,4,4
8341,아무노래,10,10
8342,아뮤즈,3,3
8343,아미,14,16
8344,아미들,3,3
8345,아바타,2,2
8346,아버지,6,6
8347,아사,8,9
8348,아사히,2,2
8349,아산,2,2
8350,아쉬움,3,3
8351,아쉽,2,2
8352,아시아,139,143
8353,아시아경제,2,2
8354,아시아드,2,2
8355,아시아월드엑스포,7,7
8356,아시아태평양,3,3
8357,아시아투어,16,16
8358,아시안,8,8
8359,아역배우,2,2
8360,아우디토리오,2,2
8361,아우르,21,21
8362,아웃도어,10,11
8363,아워,3,3
8364,아이,5,5
8365,아이돌,98,103
8366,아이돌들,4,4
8367,아이돌로,4,4
8368,아이돌로서,2,2
8369,아이돌룸,3,3
8370,아이돌학교,3,3
8371,아이드,2,2
8372,아이들,69,70
8373,아이들과,3,3
8374,아이디어,4,4
8375,아이리스,4,4
8376,아이린,13,14
8377,아이브,32,35
8378,아이비클럽,2,2
8379,아이사,2,2
8380,아이스크림,5,5
8381,아이앤비100,5,5
8382,아이엔,2,3
8383,아이엠,6,6
8384,아이오아,34,37
8385,아이오아이,20,21
8386,아이웨어,9,9
8387,아이유,69,78
8388,아이유애나,3,3
8389,아이유와,3,3
8390,아이즈,6,6
8391,아이즈원,2,2
8392,아이치,3,3
8393,아이코닉,4,4
8394,아이콘,20,21
8395,아이튠즈,31,34
8396,아일랜드,2,2
8397,아일릿,47,55
8398,아임,8,9
8399,아저씨,4,4
8400,아주,3,3
8401,아주경제,2,2
8402,아직,10,10
8403,아침,10,10
8404,아카데미,2,2
8405,아카라카,8,9
8406,아카이브,5,5
8407,아코르,5,5
8408,아테나,3,3
8409,아트,3,3
8410,아트워크,5,5
8411,아티스트,256,265
8412,아티스트들,12,12
8413,아티스트로,11,11
8414,아티스트로서,4,4
8415,아티스트상,8,9
8416,아티스트와,7,7
8417,아파트,8,8
8418,아프리카,8,8
8419,아플,2,2
8420,아현,5,5
8421,아홉,2,2
8422,악귀,3,3
8423,악기,3,3
8424,악동들,2,2
8425,악동뮤지션,11,11
8426,악마,7,7
8427,악뮤,11,11
8428,악성,2,2
8429,악카데미,2,2
8430,악화,2,2
8431,안경,3,3
8432,안고,3,3
8433,안내,38,38
8434,안내되,2,2
8435,안내하,4,4
8436,안내할,2,2
8437,안녕,7,7
8438,안녕즈,2,2
8439,안녕하세요,5,5
8440,안동,3,4
8441,안드로이드,2,2
8442,안무,10,13
8443,안산,7,7
8444,안성훈,3,4
8445,안양,4,4
8446,안에,4,4
8447,안유진,7,7
8448,안전,3,3
8449,안정,2,2
8450,안정적,3,3
8451,안정적인,4,4
8452,안졍하세요,3,3
8453,안지영,22,23
8454,안착,3,3
8455,안타라,8,8
8456,안티팬,2,3
8457,않겠,2,2
8458,않고,10,10
8459,않는,17,17
8460,않다,8,8
8461,않도록,2,2
8462,않아,7,7
8463,않았다,4,4
8464,않았던,2,2
8465,않았으나,2,2
8466,않았음,3,3
8467,않으,2,2
8468,않은,13,13
8469,않을,2,2
8470,않음,3,3
8471,알게,3,3
8472,알뜰폰,2,2
8473,알려져,2,2
8474,알려졌,14,14
8475,알려졌다,3,3
8476,알려졌으나,2,2
8477,알려지,4,4
8478,알려진,7,7
8479,알렸,14,14
8480,알로뱅크,3,3
8481,알리,27,27
8482,알리겠다,2,2
8483,알리기,4,4
8484,알린,4,4
8485,알아보,2,2
8486,알아요,2,2
8487,알아채,2,2
8488,알았는데,2,2
8489,알앤비,3,3
8490,알자지라,2,2
8491,암스테르담,3,3
8492,암표,24,25
8493,압도적,3,3
8494,압도적인,2,2
8495,압도했다,2,2
8496,앙둥,4,4
8497,앙앙코르,2,2
8498,앙코르,51,53
8499,앙코르에서,2,2
8500,앞까지,2,2
8501,앞당겨,2,2
8502,앞두,51,51
8503,앞둔,7,7
8504,앞서,25,25
8505,앞선,2,2
8506,앞섰다,2,2
8507,앞에,18,18
8508,앞으,3,3
8509,앞으로,3,3
8510,애니메이션,22,22
8511,애니모션,2,2
8512,애니스타,2,2
8513,애니콜,3,3
8514,애니클럽,2,2
8515,애도,5,5
8516,애장품,2,2
8517,애정,27,27
8518,애착,2,2
8519,애칭,10,11
8520,애틀랜타,11,12
8521,애플,2,2
8522,애플리케이션,2,2
8523,애플뮤직,6,6
8524,액션,4,5
8525,액트,3,4
8526,액티브,2,2
8527,앨리스,2,2
8528,앨범,371,442
8529,앨범들,2,2
8530,앨범으로,2,2
8531,앨범차트,30,32
8532,앰배서더,12,14
8533,앰버서더,288,308
8534,앰버서더로,3,3
8535,앱을,2,2
8536,앵콜,6,7
8537,야구,3,3
8538,야구장,2,2
8539,야놀자,2,2
8540,야마하,3,4
8541,야생,2,2
8542,야생화,6,6
8543,야심,2,2
8544,야외,8,8
8545,야호,4,4
8546,야후,6,6
8547,야후뉴스,4,4
8548,약물,5,5
8549,약물치료,2,2
8550,약속,11,11
8551,약속한,4,4
8552,약속했다,3,3
8553,양국,7,7
8554,양금명,2,2
8555,양말,2,2
8556,양상,2,2
8557,양성,3,3
8558,양일,8,8
8559,양일간,6,6
8560,양재천,2,2
8561,양화대교,4,4
8562,어게인,12,12
8563,어깨,3,3
8564,어느,7,7
8565,어도어,7,7
8566,어도어와,5,5
8567,어두운,2,2
8568,어디,7,7
8569,어떻게,5,5
8570,어려운,8,8
8571,어려움,6,6
8572,어려워지,2,2
8573,어려웠던,2,2
8574,어르신,2,2
8575,어르신들,2,2
8576,어린,14,14
8577,어린이,3,3
8578,어린이날,2,2
8579,어린이들,4,4
8580,어린이병원,5,5
8581,어린이재단,2,2
8582,어린이재활센터,3,3
8583,어릴,5,5
8584,어머나,7,7
8585,어머니,9,9
8586,어반피스,2,2
8587,어워드,28,30
8588,어워즈,42,42
8589,어쩔,2,2
8590,어쿠스틱,4,4
8591,어패럴,2,2
8592,억대,5,5
8593,언급,67,67
8594,언급되,2,2
8595,언급된,4,4
8596,언급하,4,4
8597,언급한,3,3
8598,언급함,2,2
8599,언급해,2,2
8600,언급했,3,3
8601,언급했다,6,6
8602,언더그라운드,2,2
8603,언더웨어,2,2
8604,언론,26,26
8605,언제,2,2
8606,언제나,2,2
8607,언제든,3,3
8608,얻고,3,3
8609,얻는,4,4
8610,얻어,19,19
8611,얻었,21,21
8612,얻었다,5,5
8613,얻었으,2,2
8614,얻으,6,6
8615,얻은,4,4
8616,얼굴,16,16
8617,얼리버드,3,3
8618,얼박사,3,4
8619,얼음처럼,2,2
8620,엄마,6,7
8621,엄정화,39,42
8622,엄지,3,3
8623,업계,25,25
8624,업계에서,2,2
8625,업고,2,2
8626,업데이트,6,6
8627,업로드,10,10
8628,업로드되,2,2
8629,업로드하,5,5
8630,업무,2,2
8631,업종,3,3
8632,업체,6,6
8633,없던,2,2
8634,없소,2,2
8635,없어,5,5
8636,없었,6,6
8637,없을,3,3
8638,없이,38,38
8639,없지,5,5
8640,에게,4,4
8641,에너제틱,2,2
8642,에너지,22,23
8643,에는,25,25
8644,에도,31,31
8645,에디션,11,11
8646,에뛰드,2,2
8647,에리카,2,2
8648,에버랜드,11,11
8649,에서,406,435
8650,에선,2,2
8651,에스콰이어,3,3
8652,에스쿱스,2,3
8653,에스타디오,2,2
8654,에스티로더,3,3
8655,에스파,49,50
8656,에어터치,2,2
8657,에이벡스,5,5
8658,에이블씨엔씨,2,2
8659,에이전시,5,5
8660,에이지,3,3
8661,에이티니,5,5
8662,에이티즈,32,32
8663,에이핑크,33,36
8664,에피소드,10,10
8665,에픽세븐,4,4
8666,에픽카세,2,3
8667,에픽하,27,27
8668,에픽하이,33,34
8669,에픽하이와,2,2
8670,엑센트,3,3
8671,엑셀시오르,2,2
8672,엑소,46,47
8673,엑소엘,2,2
8674,엑스,3,3
8675,엑스코,4,4
8676,엔딩,8,8
8677,엔딩곡,5,5
8678,엔믹스,46,51
8679,엔시티,2,2
8680,엔카,10,10
8681,엔터,5,5
8682,엔터테이너,4,4
8683,엔터테인먼트,29,29
8684,엔터테인먼트사,2,2
8685,엔하이픈,3,3
8686,엘렌,2,2
8687,엘리트,2,2
8688,엘소드,7,7
8689,엘에스펙타도르,2,2
8690,엘코메르시오,2,2
8691,엘튼,2,2
8692,엘티엠포,2,2
8693,엘피룸,3,3
8694,엠넷,9,9
8695,엠넷아시안뮤직어워드,2,2
8696,엠씨더맥스,2,2
8697,엠카운트다운,13,13
8698,엠케이팝,2,2
8699,여가수,2,2
8700,여고추리반,2,2
8701,여권,2,2
8702,여기,8,8
8703,여기서,2,2
8704,여기어때,3,3
8705,여는,24,24
8706,여는데,2,2
8707,여덟,2,3
8708,여동생,2,2
8709,여러,50,50
8710,여러분,7,7
8711,여론,6,7
8712,여론조사,2,2
8713,여름,30,31
8714,여름아,4,4
8715,여부,8,8
8716,여상,3,3
8717,여섯,6,6
8718,여성,69,72
8719,여성지,2,2
8720,여신,10,10
8721,여왕,16,16
8722,여유로운,2,2
8723,여자,83,85
8724,여자가수상,2,2
8725,여자최우수연기상,2,2
8726,여자친구,46,52
8727,여전한,4,4
8728,여전히,9,9
8729,여정,7,7
8730,여제,3,3
8731,여주,2,3
8732,여주도자기축제,2,2
8733,여주시,3,5
8734,여주인공,3,3
8735,여행,36,42
8736,여행법,2,2
8737,여행하,2,2
8738,역대,103,104
8739,역량,2,2
8740,역사,17,17
8741,역사상,15,15
8742,역사적,2,2
8743,역시,7,7
8744,역으,51,52
8745,역을,43,45
8746,역의,2,2
8747,역주행,23,23
8748,역주행해,3,3
8749,역할,33,33
8750,연가,3,3
8751,연간,33,33
8752,연간차트,9,10
8753,연결,8,8
8754,연결지어,2,2
8755,연계,22,22
8756,연계된,6,6
8757,연계한,5,5
8758,연계해,5,5
8759,연관된,2,2
8760,연구,3,4
8761,연극,4,5
8762,연기,48,48
8763,연기대상,2,2
8764,연기돌,2,2
8765,연기됐다,3,4
8766,연기상,2,2
8767,연기자,4,4
8768,연내,2,2
8769,연다,38,38
8770,연달아,3,3
8771,연도,10,10
8772,연동,3,3
8773,연령,2,2
8774,연령대,4,4
8775,연례,5,5
8776,연말,43,47
8777,연말결산,7,7
8778,연모,2,2
8779,연설,4,4
8780,연세대,10,12
8781,연세대학교,9,9
8782,연속,164,177
8783,연습,3,3
8784,연습생,9,9
8785,연애,15,15
8786,연애전쟁,2,2
8787,연예,18,18
8788,연예계,5,6
8789,연예뉴스,2,2
8790,연예대상,15,17
8791,연예매체,17,17
8792,연예인,20,21
8793,연이어,11,11
8794,연인,13,13
8795,연인들,6,6
8796,연장,2,2
8797,연주,2,2
8798,연주자,2,2
8799,연중,2,2
8800,연초,2,2
8801,연출,11,11
8802,연출하,3,3
8803,연출한,3,3
8804,연탄,9,11
8805,연호,2,2
8806,연회비,4,4
8807,연휴,3,3
8808,열고,24,24
8809,열광,5,5
8810,열광시켰다,2,2
8811,열광적,7,7
8812,열광했,2,2
8813,열광했다,3,3
8814,열기,26,26
8815,열대야,2,2
8816,열띤,6,6
8817,열람,3,3
8818,열람하지,3,3
8819,열람해,5,5
8820,열려,17,17
8821,열렬한,3,3
8822,열렸,12,12
8823,열렸으,6,6
8824,열리,39,39
8825,열린,200,203
8826,열린다,12,12
8827,열린음악회,2,2
8828,열릴,4,4
8829,열며,12,12
8830,열성,2,2
8831,열심히,2,2
8832,열애,7,7
8833,열애설,5,5
8834,열어,56,56
8835,열었,55,55
8836,열었는데,2,2
8837,열었다,12,12
8838,열었으,26,26
8839,열여덟,2,2
8840,열정,3,3
8841,열정적,5,5
8842,열차,2,2
8843,열창,5,5
8844,열창해,2,2
8845,열창했으,2,2
8846,열풍,13,13
8847,염정아,2,2
8848,였다,4,4
8849,영감,8,8
8850,영광,3,3
8851,영국,48,55
8852,영남,2,2
8853,영등포,2,2
8854,영문,6,6
8855,영문판,7,7
8856,영블스,3,3
8857,영상,166,170
8858,영상물,2,2
8859,영상편지,3,3
8860,영스트리트,2,2
8861,영어,47,48
8862,영어권,5,5
8863,영어판,23,23
8864,영업,2,2
8865,영업이익,2,3
8866,영역,27,27
8867,영웅시대,26,26
8868,영원파크,3,3
8869,영원한,2,2
8870,영원히,4,4
8871,영입,3,3
8872,영재,6,6
8873,영종,3,3
8874,영준,4,4
8875,영케,3,3
8876,영케이,3,3
8877,영탁,64,70
8878,영탁앤블루스,5,5
8879,영향,19,19
8880,영향력,54,55
8881,영화,148,182
8882,영화관,3,3
8883,영화부문,4,4
8884,영화음악,5,5
8885,영화제,5,6
8886,예고,55,55
8887,예고편,2,2
8888,예고함,2,2
8889,예고했,2,2
8890,예고했다,5,5
8891,예고했으,3,3
8892,예기치,2,2
8893,예나,2,2
8894,예능,289,330
8895,예능감,6,6
8896,예능돌,2,3
8897,예능에서,2,2
8898,예능인,2,2
8899,예능형,2,2
8900,예니카프,2,2
8901,예리,3,4
8902,예린,4,4
8903,예매,91,97
8904,예매율,2,2
8905,예매처,2,2
8906,예명,5,5
8907,예방,9,11
8908,예쁘,2,2
8909,예쁜,3,3
8910,예산,2,2
8911,예상,8,8
8912,예상된다,4,4
8913,예상보,2,2
8914,예선,3,3
8915,예성,2,2
8916,예술,5,5
8917,예술상,2,2
8918,예술의전당,6,6
8919,예술적,2,2
8920,예술적인,3,3
8921,예스24,9,10
8922,예약,6,6
8923,예약판매,7,8
8924,예온,3,3
8925,예전,5,5
8926,예정,49,49
8927,예정돼,4,4
8928,예정됐던,2,2
8929,예정된,11,11
8930,예정이,20,20
8931,예정이던,5,6
8932,예정이라,17,17
8933,예정이었,3,3
8934,예정인,7,7
8935,예정하,2,2
8936,예지,4,4
8937,예천양조,2,2
8938,예측,2,2
8939,예측단,3,3
8940,옐로우,4,4
8941,옐로우키스,5,5
8942,오가,4,4
8943,오내언사,2,2
8944,오는,8,8
8945,오늘,21,23
8946,오니츠카타이거,2,2
8947,오디션,23,23
8948,오락관,4,5
8949,오래,15,15
8950,오래된,11,11
8951,오래전,2,2
8952,오랜,29,30
8953,오랜만,6,6
8954,오랫동안,5,5
8955,오레오,2,2
8956,오로라,3,3
8957,오르,56,57
8958,오르지,2,2
8959,오른,26,26
8960,오른다,2,2
8961,오름,3,3
8962,오리지널,34,34
8963,오리지널스,2,2
8964,오리콘,112,128
8965,오리콘뉴스,5,5
8966,오마이걸,69,79
8967,오마이뉴스,2,2
8968,오미야,2,2
8969,오버,3,3
8970,오버워치,3,3
8971,오버워치2,2,2
8972,오브,11,13
8973,오빠,2,2
8974,오빠들,2,2
8975,오사카,49,53
8976,오사카성,2,2
8977,오사카조,3,3
8978,오세아니아,4,4
8979,오세훈,2,2
8980,오션월드,3,5
8981,오스,2,2
8982,오싹한,3,3
8983,오아시스,2,2
8984,오애순,2,2
8985,오일,2,2
8986,오전,9,9
8987,오지,2,2
8988,오징어축제,2,2
8989,오컬트,5,5
8990,오케,8,9
8991,오케스트라,13,13
8992,오케스트락,2,2
8993,오케스트락2,2,2
8994,오케스트락3,2,2
8995,오클랜드,13,14
8996,오키나,2,2
8997,오토트리뷴,3,3
8998,오트쿠튀르,3,3
8999,오페라극장,2,2
9000,오페라하우스,2,2
9001,오프닝,11,11
9002,오프라인,7,8
9003,오픈,115,116
9004,오픈된다,2,2
9005,오픈런,3,3
9006,오픈마켓,3,3
9007,오픈하,2,2
9008,오픈한,2,2
9009,오픈함,2,2
9010,오픈해,2,2
9011,오피셜,3,3
9012,오하영,3,3
9013,오후,53,54
9014,오히려,7,7
9015,옥관문화훈장,4,4
9016,옥외,3,3
9017,옥외광,2,2
9018,옥외광고,3,3
9019,옥탑방,4,4
9020,온기,3,3
9021,온다,4,4
9022,온도,4,4
9023,온라인,86,95
9024,온라인판,2,2
9025,온에어,2,2
9026,온유,10,10
9027,올드,2,2
9028,올라,73,73
9029,올라왔,2,2
9030,올라운더,2,2
9031,올랐,169,170
9032,올랐는데,2,2
9033,올랐다,16,16
9034,올랐으,21,21
9035,올랐으나,2,2
9036,올레뮤직,3,3
9037,올려,14,14
9038,올렸,34,34
9039,올렸다,11,11
9040,올렸으,5,5
9041,올록담,2,2
9042,올리,12,12
9043,올리자,2,2
9044,올린,12,12
9045,올림,4,4
9046,올림픽,6,6
9047,올림픽공원,54,54
9048,올림픽체조경기장,5,5
9049,올림픽홀,26,26
9050,올스타,3,3
9051,올킬,22,22
9052,올해,57,66
9053,옮겨,2,2
9054,옹성우,7,7
9055,옹호,2,2
9056,와글,2,3
9057,와의,10,10
9058,와이비즈,3,3
9059,와인,2,2
9060,와일드혼,2,2
9061,와중,2,2
9062,완도,3,3
9063,완도군,3,3
9064,완료,4,4
9065,완벽주의,3,3
9066,완벽한,9,9
9067,완벽히,3,3
9068,완성,6,6
9069,완성도,2,2
9070,완성했다,2,2
9071,완전,7,7
9072,완전체,119,125
9073,완전히,6,6
9074,완주,9,9
9075,완치,2,2
9076,완판,8,8
9077,완판되,3,3
9078,완판되었,2,2
9079,완판된,2,2
9080,왔다,5,5
9081,왔으,3,3
9082,왕과,3,3
9083,왕세자,2,2
9084,왕실,2,2
9085,왕은,6,6
9086,왕이,5,5
9087,왕이윈뮤직,2,2
9088,왕자,6,6
9089,왕중왕전,5,5
9090,외교,2,2
9091,외국,8,8
9092,외국인,14,14
9093,외모,3,3
9094,외식,6,6
9095,외에,10,10
9096,외지,2,2
9097,외쳤,2,2
9098,외출,3,3
9099,외치,4,4
9100,외치자,4,4
9101,요구하,4,4
9102,요구해,2,2
9103,요리,9,9
9104,요맘때,2,2
9105,요소,3,3
9106,요아소비,2,2
9107,요인,6,6
9108,요정,6,6
9109,요즘,2,2
9110,요청,16,16
9111,요청하,5,5
9112,요청했다,6,6
9113,요코하마,23,23
9114,욕설,2,2
9115,용산,2,2
9116,용인,3,3
9117,용인대학교,2,2
9118,용인시,2,2
9119,우기,12,12
9120,우려,5,5
9121,우리,64,65
9122,우리won뱅킹홀,2,2
9123,우리금융그룹,5,5
9124,우리나라,2,2
9125,우리동네,3,3
9126,우리들,10,10
9127,우리은행,5,5
9128,우먼,2,2
9129,우산,3,3
9130,우선,4,4
9131,우선예매,3,3
9132,우송대학교,2,2
9133,우수상,7,7
9134,우승,47,51
9135,우승곡,2,2
9136,우승자,4,4
9137,우승했,3,3
9138,우승했으,4,4
9139,우아함,2,2
9140,우영,2,2
9141,우정,6,6
9142,우주,6,6
9143,우주총동원,16,16
9144,우주항공,2,2
9145,우주항공청,2,3
9146,우진,2,2
9147,운동,5,5
9148,운명,3,3
9149,운영,68,69
9150,운영되,32,32
9151,운영되던,3,3
9152,운영된,5,5
9153,운영자,2,2
9154,운영하,30,30
9155,운영하기,2,2
9156,운영했으,3,3
9157,운집,6,6
9158,운집했,4,4
9159,운집했다,2,2
9160,울릉,2,2
9161,울림,2,2
9162,울산,17,19
9163,움직임,2,2
9164,웃는,2,2
9165,웃는남자,3,3
9166,웃으,2,2
9167,웃음,6,6
9168,웅장한,4,4
9169,워너블,2,2
9170,워너비,2,2
9171,워너원,75,80
9172,워니,4,4
9173,워리어스,3,3
9174,워싱턴dc,4,4
9175,워크돌,4,6
9176,워터밤,21,24
9177,워터파크,4,4
9178,워패스,2,2
9179,원곡,8,8
9180,원곡자,3,3
9181,원까지,2,2
9182,원년,4,4
9183,원대,3,4
9184,원더즈,5,5
9185,원더풀,2,2
9186,원동력,2,2
9187,원동력이라,2,2
9188,원래,8,8
9189,원로,2,2
9190,원문,8,8
9191,원빈,7,7
9192,원소주,11,19
9193,원슈타인,4,4
9194,원스,2,2
9195,원씩,3,3
9196,원에,9,9
9197,원우,2,2
9198,원을,84,88
9199,원의,7,7
9200,원이,10,10
9201,원이던,2,2
9202,원작,4,4
9203,원제,2,2
9204,원조,5,5
9205,원조가수,2,2
9206,원주,4,6
9207,원주시,2,2
9208,원필,8,8
9209,원형,2,2
9210,원호,2,2
9211,원희,9,10
9212,월간,14,15
9213,월간남친,3,3
9214,월드,34,34
9215,월드디지털송세일즈차트,2,2
9216,월드비전,5,6
9217,월드앨범,2,2
9218,월드앨범차트,9,9
9219,월드와이드,7,7
9220,월드컵,14,14
9221,월드클래스,2,2
9222,월드투어,264,267
9223,월드휴먼브리지,2,2
9224,월요일,2,2
9225,월화드라마,8,8
9226,웨이보,38,39
9227,웨이브,11,11
9228,웨이신v,5,5
9229,웬디,10,10
9230,웰라쥬,2,3
9231,웰컴백,2,2
9232,웸블리,7,7
9233,웹드라마,11,11
9234,웹사이트,2,2
9235,웹시리즈,3,3
9236,웹예능,7,7
9237,웹툰,4,4
9238,위기,2,2
9239,위대한,2,2
9240,위대한탄생,5,5
9241,위드어스,3,3
9242,위로하,2,2
9243,위버맨쉬,6,6
9244,위버멘쉬,5,5
9245,위버스,25,26
9246,위버스샵,9,9
9247,위상,9,9
9248,위생,3,3
9249,위생용품,2,2
9250,위성극장,2,2
9251,위스키,3,3
9252,위시,2,2
9253,위안,3,3
9254,위안부,2,2
9255,위에,4,4
9256,위주,2,2
9257,위촉,129,130
9258,위촉돼,6,6
9259,위촉됐으,4,4
9260,위촉되,2,2
9261,위촉되었,17,17
9262,위촉되었으,3,3
9263,위촉된,2,2
9264,위촉식,13,13
9265,위촉패,2,2
9266,위촉하,2,2
9267,위촉해,5,5
9268,위촉했으,2,2
9269,위치한,2,2
9270,위크,3,3
9271,위클리,11,11
9272,위키,2,2
9273,위키백,24,24
9274,위키백과,71,71
9275,위키트리,4,4
9276,위한,76,77
9277,위험한,2,2
9278,윈윈,9,9
9279,윈터,17,18
9280,윈터숲,2,2
9281,윌다방,8,8
9282,유겸,5,5
9283,유기견,5,5
9284,유기묘,4,4
9285,유나,10,10
9286,유네스코,10,12
9287,유노윤호,21,24
9288,유니레버,3,3
9289,유니버설,3,3
9290,유니버설뮤직재팬,2,2
9291,유니세프,12,14
9292,유니클,3,4
9293,유닛,31,32
9294,유닛별,3,3
9295,유대,13,13
9296,유동인구,2,2
9297,유래,2,2
9298,유럽,30,31
9299,유럽투어,3,3
9300,유력,2,2
9301,유료,16,17
9302,유리,5,5
9303,유명,8,8
9304,유명인,3,3
9305,유명한,4,5
9306,유병재,3,3
9307,유비키리,3,3
9308,유빈,2,2
9309,유사한,6,6
9310,유산균,3,4
9311,유아,4,5
9312,유애나,11,11
9313,유어,5,5
9314,유엔총회,2,2
9315,유연정,2,2
9316,유인라디오,2,2
9317,유일,8,8
9318,유일하게,10,10
9319,유일한,11,11
9320,유입,10,10
9321,유재석,9,9
9322,유제품,2,2
9323,유주,4,5
9324,유지,30,30
9325,유지되,3,3
9326,유지하,20,20
9327,유지함,3,3
9328,유지해,2,2
9329,유지해왔,2,2
9330,유창하게,2,2
9331,유창한,2,2
9332,유치,9,9
9333,유쾌한,2,2
9334,유퀴즈,6,6
9335,유타,4,6
9336,유통,7,7
9337,유통되,4,4
9338,유튜버,10,10
9339,유튜브,282,304
9340,유튜브뮤직,2,2
9341,유하,2,2
9342,유학,3,3
9343,유학생,2,2
9344,유행어,2,2
9345,유희열,18,19
9346,육군,5,6
9347,육박,3,3
9348,육박하,3,3
9349,육성,5,5
9350,육성재,13,13
9351,육아,5,5
9352,육아일기,3,3
9353,윤건,9,13
9354,윤계상,5,5
9355,윤도현,36,49
9356,윤도현밴드,13,13
9357,윤미래,4,4
9358,윤보미,3,3
9359,윤석열,2,2
9360,윤아,12,12
9361,윤은,3,3
9362,윤이,3,3
9363,윤종신,3,3
9364,윤지성,4,4
9365,윤하,50,53
9366,윤호,3,3
9367,율동,2,2
9368,으로,171,172
9369,은광,2,2
9370,은석,2,2
9371,은지,4,4
9372,은지원,7,8
9373,은퇴,11,12
9374,은퇴설,3,3
9375,은평구,2,2
9376,은하,4,4
9377,은행,7,7
9378,은혁,8,11
9379,음료,13,13
9380,음반,179,196
9381,음반상,5,5
9382,음반이었,2,2
9383,음색,4,4
9384,음성,2,2
9385,음식,10,10
9386,음악,182,191
9387,음악감독,2,2
9388,음악계,4,4
9389,음악나탈리,18,18
9390,음악대학,2,2
9391,음악매체,19,19
9392,음악방송,68,76
9393,음악사,2,2
9394,음악예능,2,2
9395,음악이야기,2,2
9396,음악인,6,6
9397,음악적,11,11
9398,음악중심,14,14
9399,음악축제,2,2
9400,음악캠프,7,7
9401,음악평론,2,2
9402,음역대,5,5
9403,음원,85,90
9404,음원부문,2,2
9405,음원사이트,8,8
9406,음원차트,32,32
9407,음주,4,4
9408,음주운전,6,6
9409,음향,2,2
9410,응답,2,2
9411,응답하라,3,3
9412,응모,4,6
9413,응원,36,39
9414,응원가,2,2
9415,응원법,4,4
9416,응원봉,28,29
9417,응원하,4,4
9418,응원해주,2,2
9419,응원해준,2,2
9420,응원했다,3,3
9421,의견,2,2
9422,의도,2,2
9423,의료,4,4
9424,의료비,5,5
9425,의료진,8,8
9426,의류,10,10
9427,의리,2,2
9428,의미,18,18
9429,의사,6,6
9430,의상,15,16
9431,의장,2,2
9432,의정부,9,10
9433,의지,5,5
9434,의해,12,12
9435,의혹,10,10
9436,이게,3,3
9437,이겨내,2,2
9438,이경규,2,2
9439,이곳,3,3
9440,이끄,6,6
9441,이끈,5,5
9442,이끌,2,2
9443,이끌어내,4,4
9444,이끌어냈,12,12
9445,이끌어냈다,4,4
9446,이끌었,9,9
9447,이끌었다,2,2
9448,이나경,5,5
9449,이날,2,2
9450,이남,3,3
9451,이내,2,2
9452,이너뷰티,2,2
9453,이는,119,119
9454,이니스프리,2,2
9455,이달,4,4
9456,이달의소녀,4,4
9457,이대휘,4,4
9458,이데일리,7,7
9459,이동,4,4
9460,이동통신사,3,3
9461,이동해,2,2
9462,이들,22,22
9463,이듬해,6,6
9464,이때,3,3
9465,이라,148,151
9466,이래,11,11
9467,이랜드,2,2
9468,이러지마,2,2
9469,이런,6,6
9470,이렇게,7,7
9471,이력,38,38
9472,이례적,13,13
9473,이례적인,16,16
9474,이로써,2,2
9475,이로하,11,11
9476,이루어졌,2,2
9477,이루어지,2,2
9478,이룬,3,3
9479,이뤄졌,4,4
9480,이뤄졌다,2,2
9481,이뤄지,2,2
9482,이뤘,2,2
9483,이뤘다,2,2
9484,이르,2,2
9485,이르렀,2,2
9486,이른,5,5
9487,이른바,7,7
9488,이를,54,54
9489,이름,111,112
9490,이름이,2,2
9491,이며,28,28
9492,이목,3,3
9493,이무진,4,4
9494,이문세,52,69
9495,이미,14,15
9496,이미지,41,42
9497,이번,26,26
9498,이베이코리아,2,2
9499,이벤트,59,61
9500,이별,7,7
9501,이보,2,2
9502,이사왔,2,2
9503,이상,225,246
9504,이상순,5,5
9505,이석훈,7,8
9506,이세계,3,3
9507,이센스,2,2
9508,이소라,3,3
9509,이소민,2,2
9510,이소은,2,2
9511,이수,7,7
9512,이수근,2,2
9513,이수현,11,13
9514,이슈,10,10
9515,이슈로,2,2
9516,이스탄불,9,11
9517,이스토라,3,3
9518,이승기,2,2
9519,이승철,55,60
9520,이승환,2,2
9521,이안,2,2
9522,이야기,18,18
9523,이어,106,106
9524,이어가,70,70
9525,이어가겠,2,2
9526,이어가기,4,4
9527,이어간,2,2
9528,이어간다,4,4
9529,이어감,5,5
9530,이어갔,61,61
9531,이어오,6,6
9532,이어온,5,5
9533,이어왔,13,13
9534,이어왔으,2,2
9535,이어져,8,8
9536,이어졌,39,39
9537,이어졌다,10,10
9538,이어졌으,3,3
9539,이어졌음,2,2
9540,이어지,43,43
9541,이어지자,2,2
9542,이어진,28,28
9543,이어진다,2,2
9544,이어질,4,4
9545,이어짐,7,7
9546,이었,4,4
9547,이었다,4,4
9548,이에,14,14
9549,이영지,76,80
9550,이영현,4,4
9551,이옴,2,2
9552,이용,3,3
9553,이용자,7,7
9554,이용자들,8,8
9555,이웃,3,3
9556,이웃돕기,2,2
9557,이원일,2,2
9558,이유,38,39
9559,이은,16,16
9560,이음,3,3
9561,이자,7,7
9562,이자벨마랑,2,2
9563,이재민,10,10
9564,이재원,5,5
9565,이재진,8,9
9566,이적,13,14
9567,이전,25,26
9568,이정신,3,3
9569,이제,7,8
9570,이제훈,2,2
9571,이종,2,2
9572,이종현,2,2
9573,이주,3,3
9574,이중,3,3
9575,이즈,5,5
9576,이지,2,2
9577,이지안,2,2
9578,이지영,2,2
9579,이찬원,67,68
9580,이찬혁,10,10
9581,이창섭,4,4
9582,이채영,4,5
9583,이카루스m,2,2
9584,이커머스,10,10
9585,이쿠라,2,2
9586,이쿠라와,2,2
9587,이쿠타,2,2
9588,이탈,2,2
9589,이탈리아,10,10
9590,이태원,5,5
9591,이터널,2,2
9592,이투데,2,2
9593,이특,2,3
9594,이틀,19,19
9595,이틀간,35,35
9596,이틀째,2,2
9597,이플러스,2,2
9598,이하,3,3
9599,이해리,4,4
9600,이행,6,7
9601,이혼,4,4
9602,이홍기,19,20
9603,이화여자대학교,5,5
9604,이효리,96,107
9605,익명,2,2
9606,익숙한,2,2
9607,인간,3,3
9608,인간극장,8,8
9609,인공와우,2,2
9610,인근,8,8
9611,인기,104,108
9612,인기가요,19,20
9613,인기곡,5,5
9614,인기상,9,9
9615,인기차트,3,3
9616,인도,17,19
9617,인도네시아,151,204
9618,인도네시아어,2,3
9619,인도네시아에서,2,2
9620,인도미,3,3
9621,인디,10,10
9622,인디밴드,6,6
9623,인디펜던트,2,2
9624,인맥,2,2
9625,인물,29,29
9626,인물이라,2,2
9627,인사,28,29
9628,인사동,2,2
9629,인사들,2,2
9630,인사말,5,5
9631,인사했다,2,2
9632,인산인해,2,2
9633,인상,3,3
9634,인생,21,22
9635,인수,2,2
9636,인순이,2,2
9637,인스타그램,38,40
9638,인스티즈,2,2
9639,인스파이어,20,20
9640,인식,2,2
9641,인연,19,19
9642,인용,11,11
9643,인용해,17,17
9644,인원,6,6
9645,인정,12,12
9646,인정받,4,4
9647,인정받아,6,6
9648,인정받았,16,16
9649,인정하,2,2
9650,인종차별,2,2
9651,인증,48,57
9652,인증서,2,2
9653,인지,13,13
9654,인지도,22,22
9655,인천,64,65
9656,인천국제공항,2,2
9657,인천문학경기장,8,8
9658,인천아시아드주경기장,4,4
9659,인코드,2,3
9660,인터넷,6,6
9661,인터랙티브,4,4
9662,인터뷰,145,146
9663,인터뷰어,2,2
9664,인터파크,11,12
9665,인텔,7,8
9666,인포바,3,3
9667,인포바에,5,5
9668,인프라,2,2
9669,인피니트,2,2
9670,인하대,2,2
9671,인하대학교,2,2
9672,인한,6,6
9673,인해,2,2
9674,인형,2,2
9675,일간,12,13
9676,일간스포츠,7,7
9677,일간지,12,12
9678,일간차트,3,5
9679,일간투데이,2,2
9680,일곱,4,4
9681,일기장,2,2
9682,일년,6,7
9683,일단,2,2
9684,일대,11,11
9685,일렉트로닉,3,3
9686,일리네어레코즈,2,2
9687,일명,2,2
9688,일반,17,17
9689,일반예매,14,14
9690,일반판매,3,3
9691,일본,596,790
9692,일본레코드협회,2,2
9693,일본어,52,57
9694,일본어판,18,18
9695,일본에서,16,16
9696,일본인,17,19
9697,일부,29,29
9698,일산,4,4
9699,일상,21,21
9700,일시,2,2
9701,일어나,3,3
9702,일었,2,2
9703,일었다,5,5
9704,일요일,7,8
9705,일원,3,3
9706,일으켰,5,5
9707,일으켰다,3,3
9708,일으킨,3,3
9709,일을,2,2
9710,일일,8,8
9711,일자,3,3
9712,일자리,2,2
9713,일정,68,68
9714,일정표,4,4
9715,일제히,4,4
9716,일주일,11,11
9717,일찍,2,2
9718,일품진,2,2
9719,일화,15,15
9720,일환,41,41
9721,일훈,2,2
9722,잃은,3,3
9723,임나영,3,3
9724,임명,7,7
9725,임시,3,3
9726,임영웅,84,90
9727,임을,4,4
9728,임진강,2,2
9729,임팩트,7,7
9730,입고,7,7
9731,입는,3,3
9732,입담,3,3
9733,입대,22,22
9734,입대해,6,6
9735,입대했으,2,2
9736,입문,2,2
9737,입상,3,3
9738,입생로랑,3,3
9739,입성,6,6
9740,입성해,2,2
9741,입실렌티,2,2
9742,입원,2,2
9743,입은,6,6
9744,입장,15,15
9745,입점,2,2
9746,입증,41,41
9747,입증함,4,4
9748,입증했다,8,8
9749,입지,11,11
9750,잇는,7,7
9751,잇다,2,2
9752,잇단,2,2
9753,잇달아,14,14
9754,잇따라,11,11
9755,잇츠,2,2
9756,있게,11,11
9757,있고,4,4
9758,있나,2,2
9759,있던,6,6
9760,있도록,5,5
9761,있어,49,50
9762,있었,16,16
9763,있었는데,2,2
9764,있었다,7,7
9765,있었던,2,2
9766,있었으,3,3
9767,있었음,3,3
9768,있었지,2,2
9769,있으,52,52
9770,있으나,4,4
9771,있을,7,7
9772,있음,77,77
9773,있지,13,15
9774,잊을,3,3
9775,잊지,11,11
9776,잎새주,3,3
9777,자격,6,6
9778,자긍심,3,3
9779,자기관리,2,2
9780,자녀,2,2
9781,자동차,5,5
9782,자란,2,2
9783,자랐,3,3
9784,자랑,3,3
9785,자랑스럽게,2,2
9786,자료,6,6
9787,자리,26,27
9788,자리매김,9,9
9789,자리매김함,3,3
9790,자리매김했다,5,5
9791,자리잡,4,4
9792,자리잡았,5,5
9793,자리잡음,3,3
9794,자립,5,5
9795,자립준비청년,3,3
9796,자막,2,2
9797,자발적,11,11
9798,자부심,2,2
9799,자사,10,10
9800,자산,3,3
9801,자선,8,8
9802,자선공연,3,3
9803,자선단체,2,2
9804,자신,96,97
9805,자신감,5,5
9806,자신들,7,7
9807,자신만,3,3
9808,자아,2,2
9809,자연스러운,4,4
9810,자연스럽게,2,2
9811,자외선,3,3
9812,자원봉사,3,3
9813,자유롭게,2,2
9814,자유시보,2,2
9815,자이,3,3
9816,자이글,2,2
9817,자이글on,3,3
9818,자이언티,31,33
9819,자작곡,11,11
9820,자전거,2,3
9821,자정,3,3
9822,자제,4,4
9823,자주,4,4
9824,자체,84,86
9825,자체적,7,7
9826,자축,3,3
9827,자카르타,119,124
9828,자켓,2,2
9829,자택,2,2
9830,자필,3,3
9831,작가,4,4
9832,작곡,33,34
9833,작곡가,3,3
9834,작곡한,4,4
9835,작별,2,3
9836,작사,28,28
9837,작사한,2,2
9838,작성자,2,2
9839,작업,17,18
9840,작업한,4,4
9841,작은,9,10
9842,작품,25,26
9843,작품이,2,2
9844,잔나비,47,56
9845,잔잔한,2,2
9846,잘못,5,5
9847,잘하,3,3
9848,잠시,2,2
9849,잠실,5,5
9850,잠실실내체육관,17,17
9851,잠실종합운동장,4,4
9852,잠실주경기장,2,2
9853,잠실학생체육관,2,2
9854,잠정,5,5
9855,잡았다,2,2
9856,잡지,3,3
9857,잡혀,2,2
9858,장공장장,2,2
9859,장관,2,2
9860,장구,5,5
9861,장기,13,13
9862,장기간,16,16
9863,장기적,2,2
9864,장기하,3,3
9865,장까지,2,2
9866,장당,2,2
9867,장르,21,21
9868,장만월,2,2
9869,장면,29,30
9870,장문,3,3
9871,장미,3,3
9872,장벽,2,2
9873,장병,2,2
9874,장소,13,13
9875,장수,2,2
9876,장수원,2,2
9877,장시간,2,2
9878,장식,17,17
9879,장식했다,2,2
9880,장식했으,3,3
9881,장악했다,2,2
9882,장애인,9,9
9883,장애인체육회,2,2
9884,장에,4,4
9885,장우혁,5,5
9886,장원영,8,8
9887,장윤정,59,66
9888,장으,7,7
9889,장을,78,81
9890,장의,9,9
9891,장이,35,35
9892,장이싱,13,13
9893,장인,2,2
9894,장충체육관,17,17
9895,장학금,8,9
9896,장흥,2,2
9897,재개,19,19
9898,재개한다,2,2
9899,재개할,2,2
9900,재개했다,3,3
9901,재개했으,2,2
9902,재결성,3,3
9903,재결합,92,97
9904,재결합한,6,6
9905,재결합해,6,6
9906,재계약,20,23
9907,재계약하지,2,2
9908,재계약했다,2,2
9909,재계약했으,4,4
9910,재고,2,2
9911,재고전문몰,2,2
9912,재능,3,3
9913,재능기부,5,5
9914,재단,8,9
9915,재데뷔,2,2
9916,재데뷔해,2,2
9917,재미,2,2
9918,재민,5,5
9919,재밌,2,2
9920,재발매,2,2
9921,재방문,14,14
9922,재생,5,5
9923,재외동포,3,3
9924,재위촉,6,6
9925,재조명,5,6
9926,재조명되,3,3
9927,재조명받,3,3
9928,재조직,3,3
9929,재즈,4,4
9930,재지팩트,6,6
9931,재진입,2,2
9932,재차,9,9
9933,재출연,2,2
9934,재치,2,2
9935,재킷,3,3
9936,재판매,3,3
9937,재팬,28,32
9938,재편,3,3
9939,재해,2,2
9940,재해석한,6,7
9941,재현,6,6
9942,재확인,8,8
9943,재확인시켰다,2,2
9944,재확인함,3,3
9945,재회,12,12
9946,재회해,2,2
9947,재회했다,2,2
9948,재회했으,3,3
9949,잭스키스,2,2
9950,잭슨,17,17
9951,쟈니,2,2
9952,저녁,4,4
9953,저는,2,2
9954,저동항,2,2
9955,저버,3,3
9956,저변,3,3
9957,저소득,12,12
9958,저소득층,6,6
9959,저스투,2,2
9960,저스틴,4,4
9961,저신뢰,12,12
9962,저우제룬,2,2
9963,저우제충,3,3
9964,저음,2,2
9965,저작권,9,11
9966,저작권료,4,4
9967,저조한,2,2
9968,저크시,2,2
9969,저희,3,3
9970,적극,3,3
9971,적극적,3,3
9972,적극적인,2,2
9973,적립하,3,3
9974,적부터,2,2
9975,적이,6,7
9976,적자,2,2
9977,적재,3,3
9978,적힌,3,3
9979,전개,27,27
9980,전개한다,4,4
9981,전격,2,2
9982,전곡,8,8
9983,전곡항,2,2
9984,전광판,6,6
9985,전국,87,90
9986,전국구,2,2
9987,전국노래자랑,6,6
9988,전국반짝투어,2,2
9989,전국장애인체육대회,2,2
9990,전국재해구호협회,13,13
9991,전국적,2,2
9992,전국체육대회,2,2
9993,전국투어,86,87
9994,전기차,2,2
9995,전날,5,5
9996,전남,10,10
9997,전년,27,30
9998,전달,27,27
9999,전달될,2,2
10000,전달하,7,7
10001,전달했으,4,4
10002,전담,4,4
10003,전당,6,6
10004,전라남,6,7
10005,전라남도,2,2
10006,전람회,8,9
10007,전략,16,18
10008,전략적,2,2
10009,전량,16,16
10010,전력질주,2,2
10011,전례,2,2
10012,전망,3,3
10013,전면,5,5
10014,전무후무한,2,2
10015,전문,24,24
10016,전문매체,9,9
10017,전문지,3,3
10018,전반,14,14
10019,전복,3,3
10020,전부,6,6
10021,전부터,11,11
10022,전북,8,8
10023,전북대학교,4,4
10024,전석,191,191
10025,전설,16,16
10026,전설적인,3,3
10027,전성기,4,4
10028,전성시대,4,4
10029,전소미,7,9
10030,전속,40,40
10031,전속계약,37,37
10032,전속모델,25,26
10033,전시,21,24
10034,전시회,3,6
10035,전액,19,19
10036,전에,4,4
10037,전역,24,25
10038,전역한,2,2
10039,전용,29,29
10040,전원,63,63
10041,전월,8,8
10042,전유진,2,2
10043,전인,11,11
10044,전자신문,4,4
10045,전작,9,9
10046,전재,6,6
10047,전쟁,12,12
10048,전주,21,22
10049,전지적,13,13
10050,전지현,2,2
10051,전참시,2,2
10052,전철,2,2
10053,전체,42,42
10054,전통,14,15
10055,전통주,3,3
10056,전하,40,40
10057,전하자,3,3
10058,전한,8,8
10059,전함,13,13
10060,전해,5,5
10061,전해졌,5,5
10062,전해진,2,2
10063,전했,233,235
10064,전했으,6,6
10065,전향해,3,3
10066,전혀,2,2
10067,전현무,4,4
10068,전화,3,3
10069,전환,12,13
10070,전환되,2,2
10071,전환점,2,2
10072,전환했다,2,2
10073,전회차,2,2
10074,전후,2,2
10075,절대,3,3
10076,절제된,2,2
10077,절차,8,8
10078,절친,2,2
10079,젊고,2,2
10080,젊은,11,13
10081,점과,2,2
10082,점도,2,2
10083,점수,2,2
10084,점에,7,7
10085,점유율,8,8
10086,점은,2,2
10087,점을,10,10
10088,점이,11,11
10089,점핑보아,8,8
10090,접근,18,18
10091,접목한,3,3
10092,접속,7,8
10093,접수,2,2
10094,접점,16,16
10095,접한,4,4
10096,정가,10,10
10097,정관장,6,10
10098,정교한,3,3
10099,정국,9,10
10100,정규,123,124
10101,정규앨범,52,54
10102,정글,4,4
10103,정기,3,3
10104,정기적,7,7
10105,정기적인,2,2
10106,정도,58,59
10107,정도였,2,2
10108,정동원,70,75
10109,정동원길,2,2
10110,정례,3,3
10111,정리,31,31
10112,정리하,3,3
10113,정리한,5,5
10114,정리함,2,2
10115,정리해,7,7
10116,정말,22,22
10117,정범식,2,2
10118,정보,53,55
10119,정부,13,13
10120,정산,2,2
10121,정산금,3,3
10122,정상,27,27
10123,정상곡,2,2
10124,정상급,2,2
10125,정상적인,2,2
10126,정상회,4,5
10127,정샘물,2,2
10128,정서적,3,3
10129,정수기,3,3
10130,정식,63,65
10131,정신,3,3
10132,정연,5,5
10133,정엽,3,3
10134,정오,2,2
10135,정용화,16,18
10136,정우,3,4
10137,정원,7,7
10138,정원삼,2,2
10139,정원초,4,4
10140,정은지,9,9
10141,정재형,2,2
10142,정정,3,3
10143,정준영,4,4
10144,정착,2,2
10145,정찬우,2,2
10146,정채연,5,6
10147,정책,9,9
10148,정체성,15,15
10149,정치적,2,2
10150,정하,2,2
10151,정한,4,4
10152,정형돈,4,4
10153,정화,2,2
10154,정확한,11,11
10155,정확히,2,2
10156,정황,3,3
10157,정회원,3,4
10158,제10회,2,2
10159,제12회,3,3
10160,제14회,3,3
10161,제15회,2,2
10162,제16회,2,2
10163,제17회,3,3
10164,제1회,5,5
10165,제2,2,2
10166,제21회,3,3
10167,제24회,2,2
10168,제25회,3,3
10169,제26회,2,2
10170,제28회,5,5
10171,제29회,3,3
10172,제2회,4,4
10173,제32회,2,2
10174,제36회,2,2
10175,제37회,2,2
10176,제3회,3,3
10177,제40회,3,3
10178,제48차,3,3
10179,제50회,2,2
10180,제5회,3,3
10181,제60회,3,3
10182,제62회,2,2
10183,제7회,2,2
10184,제9대,2,2
10185,제9회,2,2
10186,제가,2,2
10187,제고,3,3
10188,제공,25,25
10189,제공된,2,2
10190,제공하,7,7
10191,제공한다,3,3
10192,제공해,3,3
10193,제공했으,2,2
10194,제기,4,4
10195,제기했다,2,2
10196,제나,7,8
10197,제노,4,4
10198,제니,22,22
10199,제대,8,8
10200,제막식,3,3
10201,제목,144,155
10202,제발,2,2
10203,제시,5,5
10204,제시카,4,4
10205,제안,9,9
10206,제안했,2,2
10207,제약,2,2
10208,제왕,2,2
10209,제외,7,7
10210,제외한,5,5
10211,제이,2,2
10212,제이비,5,5
10213,제이에스티나,2,2
10214,제이홉,9,9
10215,제일,4,4
10216,제임스,15,15
10217,제임슨,2,2
10218,제작,56,57
10219,제작된,2,2
10220,제작발표회,4,4
10221,제작사,4,5
10222,제작자,3,3
10223,제작진,8,8
10224,제작하,3,3
10225,제작한,11,11
10226,제작해,12,12
10227,제조사,3,3
10228,제주,11,18
10229,제주삼다수,3,3
10230,제쳤,2,2
10231,제치,19,19
10232,제품,30,31
10233,제하,20,20
10234,제한,14,14
10235,젝스키스,52,54
10236,젝키,2,3
10237,젠틀맨,2,2
10238,조각,2,3
10239,조건,4,4
10240,조금,4,4
10241,조기,2,2
10242,조르디,2,2
10243,조립식,2,2
10244,조명,39,39
10245,조명받았,2,2
10246,조명하,7,7
10247,조명한,2,2
10248,조명했음,2,2
10249,조미,3,6
10250,조부모,2,2
10251,조비,2,2
10252,조사,23,23
10253,조선대학교,3,3
10254,조성,4,4
10255,조성돼,2,2
10256,조성했으,4,4
10257,조세호,4,4
10258,조소,2,2
10259,조손가정,2,2
10260,조슈아,9,10
10261,조언,3,3
10262,조연,4,4
10263,조용필,54,56
10264,조용히,3,3
10265,조위판,3,3
10266,조율,2,2
10267,조이,8,9
10268,조정,2,2
10269,조정석,4,4
10270,조지,2,2
10271,조직,7,7
10272,조직위원회,2,2
10273,조직적,9,9
10274,조직해,2,2
10275,조직해왔,2,2
10276,조직화,3,3
10277,조째즈,2,2
10278,조퇴금지령,2,2
10279,조합,3,3
10280,조형물,2,2
10281,조회,6,6
10282,조회수,106,112
10283,존경심,2,2
10284,존경하,2,2
10285,존재,12,12
10286,존재감,8,9
10287,존재함,5,5
10288,존재해,2,2
10289,존중,3,3
10290,졸업,6,6
10291,종료,33,38
10292,종료돼,2,2
10293,종료된,3,3
10294,종료하,3,3
10295,종목,2,2
10296,종영,2,2
10297,종영한,2,2
10298,종전,2,2
10299,종편,2,2
10300,종합,18,21
10301,종합체육관,2,2
10302,종현,8,8
10303,종호,3,4
10304,좋겠,3,3
10305,좋냐,3,3
10306,좋다,6,6
10307,좋아,10,10
10308,좋아요,6,6
10309,좋아하,14,14
10310,좋은,11,11
10311,좋지,2,2
10312,좌석,31,33
10313,좌석별,3,3
10314,죄송하,2,2
10315,죄와,2,2
10316,주가,4,5
10317,주간,31,38
10318,주간아이돌,12,12
10319,주간차트,3,3
10320,주거,4,4
10321,주거환경,2,2
10322,주결경,2,2
10323,주경기장,7,7
10324,주고,2,2
10325,주관,5,5
10326,주기,4,4
10327,주도,9,9
10328,주류,10,10
10329,주말,4,4
10330,주말드라마,5,5
10331,주목,6,6
10332,주목받,8,8
10333,주목받았,6,6
10334,주목받았다,2,2
10335,주목할,3,3
10336,주문,3,3
10337,주문했다,2,2
10338,주민,6,6
10339,주민들,5,5
10340,주방가전,2,2
10341,주시,2,2
10342,주식,2,2
10343,주얼리,10,10
10344,주에,2,2
10345,주역,2,2
10346,주연,56,63
10347,주연한,2,2
10348,주요,58,59
10349,주은,3,3
10350,주인,6,6
10351,주인공,16,16
10352,주자,6,6
10353,주저하,6,6
10354,주접,2,2
10355,주제,13,13
10356,주제가,5,5
10357,주제곡,5,6
10358,주제곡으로,2,2
10359,주최,15,15
10360,주최사,2,2
10361,주최하,3,3
10362,주최한,3,3
10363,주한,3,3
10364,주헌,5,5
10365,주현미,2,2
10366,주훈,2,2
10367,죽음,3,4
10368,죽전캠퍼스,2,2
10369,준비,29,29
10370,준비하,6,6
10371,준비한,8,8
10372,준비했,2,2
10373,준비했다,2,2
10374,준비했으,2,2
10375,준우승,4,4
10376,줄게,7,7
10377,줄을,2,2
10378,중계,5,5
10379,중국,183,226
10380,중국계,2,2
10381,중국신문망,2,2
10382,중국신설창,2,2
10383,중국어,25,25
10384,중국어권,5,5
10385,중국어권에서,2,2
10386,중국인,5,5
10387,중남미,6,7
10388,중년,2,2
10389,중단,12,12
10390,중단하,3,3
10391,중단한,2,2
10392,중단한다,2,2
10393,중단했다,4,4
10394,중단했으,2,2
10395,중독,3,3
10396,중독된,2,2
10397,중문,2,2
10398,중문판,2,2
10399,중반,2,2
10400,중심,28,28
10401,중앙대,3,3
10402,중에,11,11
10403,중에서,2,2
10404,중요성,2,2
10405,중요한,3,3
10406,중이,43,43
10407,중이던,5,5
10408,중이라,23,23
10409,중인,21,21
10410,중임,6,6
10411,중장년층,5,5
10412,중학교,4,4
10413,중한,3,3
10414,중화권,23,24
10415,줬다,3,4
10416,쥐뿔,5,5
10417,즈후,5,5
10418,즉각,6,6
10419,즉각적인,4,4
10420,즉석,4,4
10421,즉시,24,24
10422,즉흥,3,3
10423,즐거운,4,4
10424,즐거워,2,2
10425,즐겁게,2,2
10426,즐겨,2,2
10427,즐기,4,4
10428,증가,16,19
10429,증가하,2,2
10430,증가한,4,4
10431,증가했,4,4
10432,증가했다,3,3
10433,증가했으,5,5
10434,증명,2,2
10435,증정,4,4
10436,증정하,2,2
10437,지구,4,4
10438,지구미,9,10
10439,지구영상제,3,3
10440,지구오락실,2,2
10441,지금,14,14
10442,지금까지,2,2
10443,지금껏,2,2
10444,지기,2,2
10445,지나,6,6
10446,지나가면,2,2
10447,지나치게,2,2
10448,지난,24,24
10449,지난달,2,2
10450,지난해,7,7
10451,지내,3,3
10452,지녔다,2,2
10453,지누션,3,3
10454,지니,16,16
10455,지닌,7,7
10456,지드래곤,99,101
10457,지디월드,2,2
10458,지르,2,2
10459,지명,5,5
10460,지목,2,2
10461,지민,9,10
10462,지바,9,10
10463,지방,20,20
10464,지방시,5,5
10465,지부,3,3
10466,지붕킥,2,3
10467,지상파,28,31
10468,지성,2,2
10469,지속,21,21
10470,지속가능발전목표,2,2
10471,지속되,2,2
10472,지속적,50,50
10473,지속적인,14,14
10474,지속하,8,8
10475,지수,18,18
10476,지역,161,169
10477,지역경제,4,4
10478,지역별,2,2
10479,지역사회,8,8
10480,지역아동센터,4,4
10481,지역에서,2,2
10482,지역축제,3,3
10483,지연,2,2
10484,지연민트향기,2,2
10485,지오디,7,7
10486,지우,5,5
10487,지원,84,93
10488,지원금,2,2
10489,지원사격,3,3
10490,지원자,3,3
10491,지원하,8,8
10492,지원하기,2,2
10493,지원한,3,3
10494,지웰시티,3,3
10495,지위,4,4
10496,지인,3,3
10497,지자체,15,15
10498,지적,3,3
10499,지정,5,5
10500,지정석,2,2
10501,지젤,9,10
10502,지지,32,32
10503,지진,10,10
10504,지출,2,2
10505,지친,2,2
10506,지칭,6,6
10507,지켜츄,4,4
10508,지켰,5,5
10509,지켰다,2,2
10510,지코,68,73
10511,지키,5,5
10512,지킬,4,4
10513,지평선,8,8
10514,지표,7,7
10515,지하철,12,12
10516,지호,3,3
10517,지회,2,3
10518,지효,9,9
10519,지훈,2,2
10520,직속,2,2
10521,직원,4,4
10522,직장,2,2
10523,직장인들,6,7
10524,직전,7,7
10525,직접,155,157
10526,직접소비,2,2
10527,직접적,4,4
10528,직캠,7,7
10529,직후,43,44
10530,직후인,4,4
10531,진단,4,4
10532,진도,7,10
10533,진도군,15,17
10534,진로,3,4
10535,진솔한,4,4
10536,진실,2,2
10537,진심,2,2
10538,진영,6,6
10539,진의,3,3
10540,진이,5,5
10541,진입,80,83
10542,진입하,4,4
10543,진입한,5,5
10544,진입해,8,8
10545,진입했,4,4
10546,진입했다,4,4
10547,진입했으,12,12
10548,진정,2,2
10549,진정성,3,3
10550,진주시,4,6
10551,진짜,15,15
10552,진출,38,38
10553,진출해,4,4
10554,진학,2,2
10555,진한,2,2
10556,진행,252,254
10557,진행돼,3,3
10558,진행됐,3,3
10559,진행됐다,5,5
10560,진행됐으,4,4
10561,진행되,7,7
10562,진행되었,4,4
10563,진행되었으,2,2
10564,진행된,14,14
10565,진행된다,3,3
10566,진행자,15,15
10567,진행하,13,13
10568,진행한,20,21
10569,진행한다,7,7
10570,진행할,4,4
10571,진행함,6,6
10572,진행해,11,11
10573,진행해온,3,3
10574,진행해왔,2,2
10575,진행했,9,9
10576,진행했는데,2,2
10577,진행했다,11,11
10578,진행했으,15,15
10579,질렀,2,2
10580,질문,9,10
10581,짐빔,4,4
10582,집결,3,3
10583,집계,35,36
10584,집계되었,3,3
10585,집계된,5,5
10586,집과,2,2
10587,집단,2,2
10588,집단적,2,2
10589,집사부일체,3,3
10590,집에,4,4
10591,집중하,2,2
10592,집중호우,4,4
10593,짓이,3,3
10594,징역,2,2
10595,짚었,2,2
10596,짠짜라,2,2
10597,짧은,6,6
10598,쯔위,24,27
10599,찍고,2,2
10600,찍었,2,2
10601,찍은,3,3
10602,찐밤팅,5,5
10603,찐이야,6,6
10604,찐팬,2,2
10605,차단,10,10
10606,차량,3,4
10607,차례,33,33
10608,차린건,5,5
10609,차림,3,3
10610,차별화된,3,3
10611,차세대,4,4
10612,차에,5,5
10613,차원,10,10
10614,차이,4,4
10615,차쥐뿔,2,2
10616,차지,92,92
10617,차지하,5,5
10618,차지한,8,9
10619,차지해,2,2
10620,차지했,12,12
10621,차지했는데,2,2
10622,차지했다,10,10
10623,차지했으,21,21
10624,차트,269,310
10625,차트에서,10,10
10626,차트인,9,10
10627,착각할,2,2
10628,착용,3,3
10629,착용하,3,3
10630,착용한,4,4
10631,착용해,2,2
10632,착용했으,2,2
10633,착한팬클럽,3,3
10634,찬가,3,3
10635,찬란하,5,5
10636,찬란한,3,3
10637,찬스,12,12
10638,찬스타,4,4
10639,찬열,7,9
10640,찰리,3,3
10641,참가,9,9
10642,참가자,13,14
10643,참가해,7,7
10644,참견,12,12
10645,참고,3,3
10646,참사,4,4
10647,참석,32,33
10648,참석하,4,4
10649,참석한,4,4
10650,참석해,17,17
10651,참석했다,5,5
10652,참석했으,5,5
10653,참여,208,209
10654,참여곡,2,2
10655,참여시켰,5,5
10656,참여하,10,10
10657,참여한,27,27
10658,참여한다,2,2
10659,참여해,45,45
10660,참여해왔,2,2
10661,참여했,7,7
10662,참여했다,11,11
10663,참여했으,21,21
10664,참여형,9,9
10665,참이슬,3,3
10666,찼다,4,4
10667,창구,2,2
10668,창단,7,7
10669,창단식,3,3
10670,창립,16,16
10671,창법,3,3
10672,창사,6,10
10673,창원,7,7
10674,창작,6,6
10675,창출,3,3
10676,창출하,2,2
10677,창출함,2,2
10678,찾기,2,2
10679,찾는,2,2
10680,찾아,11,11
10681,찾아온,2,2
10682,찾았,3,3
10683,찾은,3,3
10684,채널,149,166
10685,채널a,9,9
10686,채동하,5,5
10687,채령,2,2
10688,채영,11,13
10689,채우,4,4
10690,채운,4,4
10691,채움,2,2
10692,채웠,6,6
10693,채팅방,2,3
10694,책임감,3,3
10695,책정,3,3
10696,챌린지,13,14
10697,챕터,2,2
10698,챙기자,3,3
10699,처리,2,2
10700,처음,116,117
10701,처음이라,5,5
10702,천국보,4,4
10703,천옥,2,2
10704,천우희,5,5
10705,천재,3,3
10706,철거,2,2
10707,철원,4,4
10708,철저함,2,2
10709,철학,6,6
10710,첫날,28,28
10711,첫날에,3,3
10712,첫날인,2,2
10713,첫눈,3,3
10714,첫사랑,3,3
10715,첫주,7,7
10716,첫해,2,2
10717,청각장애,2,2
10718,청각장애인,2,2
10719,청년,11,11
10720,청년층,2,2
10721,청량한,2,2
10722,청룡영화상,2,2
10723,청바지,2,2
10724,청소년,31,33
10725,청소년들,3,3
10726,청순,2,2
10727,청와대,5,6
10728,청주,5,5
10729,청춘,6,6
10730,청취자,4,4
10731,청하,54,57
10732,체감했다,2,2
10733,체결,24,24
10734,체결했다,3,3
10735,체결했으,2,2
10736,체계,6,6
10737,체계적,4,4
10738,체념,2,2
10739,체류,3,3
10740,체육,2,2
10741,체육관,3,3
10742,체제,25,25
10743,체조경기장,16,17
10744,체질,2,2
10745,체크인,2,2
10746,체크카드,3,3
10747,체험,3,3
10748,첸과,3,3
10749,첸백시,3,3
10750,초고속,18,18
10751,초과,3,3
10752,초기,21,22
10753,초단,4,4
10754,초대,15,15
10755,초대가수,2,2
10756,초대하,2,2
10757,초대해,3,3
10758,초대형,2,2
10759,초동,92,110
10760,초등학교,2,2
10761,초록우산,7,7
10762,초록우산어린이재단,9,9
10763,초롱,2,2
10764,초반,2,2
10765,초부터,11,11
10766,초연,2,2
10767,초청,20,20
10768,초청돼,3,3
10769,초청해,2,2
10770,초코콘,2,2
10771,초콜릿,2,2
10772,초호화,2,2
10773,초혼,2,2
10774,초화,6,6
10775,촉진,3,3
10776,촌뜨기들,3,3
10777,총공,2,2
10778,총괄,4,5
10779,총리,2,2
10780,총매출,2,2
10781,총통,2,2
10782,총학생회,2,2
10783,촬영,67,67
10784,촬영된,3,3
10785,촬영하,2,2
10786,촬영한,8,8
10787,촬영해,2,2
10788,촬영했다,4,4
10789,최강,2,2
10790,최강창민,14,14
10791,최고,152,156
10792,최고액,3,3
10793,최고치,3,3
10794,최근,20,20
10795,최다,80,81
10796,최다인,5,5
10797,최단,25,25
10798,최단기간,6,6
10799,최단시간,2,2
10800,최대,54,54
10801,최민환,2,2
10802,최선,3,3
10803,최소,5,5
10804,최속,6,6
10805,최수민,2,2
10806,최시원,3,3
10807,최신,4,4
10808,최애,5,5
10809,최연소,9,9
10810,최예나,51,54
10811,최우수,14,14
10812,최우수상,3,3
10813,최유정,3,3
10814,최자,7,7
10815,최자로드,3,3
10816,최장,6,6
10817,최장수,2,2
10818,최저,4,4
10819,최정훈,10,12
10820,최종,36,36
10821,최종편,2,2
10822,최종회,3,3
10823,최종훈,2,2
10824,최초,335,353
10825,최초이자,4,4
10826,추가,71,74
10827,추가공연,2,2
10828,추가했다,2,2
10829,추며,3,3
10830,추모,5,5
10831,추모하,2,2
10832,추산,5,5
10833,추석,9,9
10834,추석특집,4,4
10835,추성훈,3,3
10836,추억,18,18
10837,추적,4,4
10838,추적하,3,3
10839,추정,14,15
10840,추정된,3,3
10841,추진,6,6
10842,추천,3,3
10843,추첨,5,5
10844,추첨제,2,2
10845,축가,14,15
10846,축구,3,3
10847,축적되,2,2
10848,축적된,2,2
10849,축제,100,117
10850,축제에서,2,2
10851,축제인,3,3
10852,축하,17,17
10853,축하공연,8,10
10854,축하무대,2,2
10855,축하하,6,6
10856,축하하기,2,2
10857,축하해,2,2
10858,축하했다,3,3
10859,춘천,7,8
10860,출격,5,5
10861,출국,2,2
10862,출국하,2,2
10863,출발,5,5
10864,출범,8,8
10865,출생,5,5
10866,출석해,2,2
10867,출소,2,2
10868,출시,41,43
10869,출시한,2,2
10870,출시했으,5,5
10871,출신,93,97
10872,출신인,2,2
10873,출신임,2,2
10874,출신지,3,4
10875,출연,617,652
10876,출연료,10,11
10877,출연분,3,3
10878,출연자,11,11
10879,출연진,13,14
10880,출연하,22,22
10881,출연하지,3,3
10882,출연한,58,59
10883,출연한다,11,11
10884,출연할,3,3
10885,출연해,204,204
10886,출연했,48,48
10887,출연했다,13,13
10888,출연했던,2,2
10889,출연했으,45,45
10890,출전,3,5
10891,출전해,2,2
10892,출처,4,4
10893,춤과,3,3
10894,춤을,7,7
10895,충남,11,11
10896,충남대학교,2,2
10897,충북,5,5
10898,충분한,2,2
10899,충성,3,3
10900,충성도,6,6
10901,충칭,3,5
10902,췄고,2,2
10903,취소,11,11
10904,취소되었다,3,3
10905,취소된,3,3
10906,취소했다,3,3
10907,취약계층,18,18
10908,취임,2,2
10909,취재,7,7
10910,취재해,2,2
10911,취지,6,6
10912,취하,3,3
10913,취향,4,4
10914,츄가,20,20
10915,츄는,14,14
10916,츄를,5,5
10917,츄의,5,5
10918,츄파춥스,3,3
10919,츄하,2,2
10920,측과,2,2
10921,측에,3,3
10922,측은,17,17
10923,측이,7,7
10924,치렀,2,2
10925,치료,6,6
10926,치료비,15,15
10927,치바,2,2
10928,치솟,2,2
10929,치솟았다,2,2
10930,치열한,3,3
10931,치키타,11,13
10932,치킨,8,9
10933,치트키,2,3
10934,친구,8,8
10935,친구들,4,4
10936,친구야,2,2
10937,친근하,2,2
10938,친근한,3,3
10939,친분,2,2
10940,친선대사,4,4
10941,친필,2,2
10942,친환경,3,3
10943,칠레,29,39
10944,침구,2,2
10945,칭하,5,5
10946,칭호,2,2
10947,카니발,8,8
10948,카더가든,32,33
10949,카더정원,6,6
10950,카둥,2,2
10951,카드,10,10
10952,카드사,3,3
10953,카드섹션,2,2
10954,카라,2,2
10955,카르멘,17,21
10956,카리나,15,17
10957,카리스마,3,3
10958,카메라,5,5
10959,카메오,20,20
10960,카셰어링,2,3
10961,카시오페아,5,5
10962,카오슝,2,2
10963,카운트다운,2,2
10964,카이,11,12
10965,카이스트,2,2
10966,카이탁,5,5
10967,카즈하,11,11
10968,카지노,5,5
10969,카카오,2,2
10970,카카오tv,5,5
10971,카카오엔터테인먼트,4,4
10972,카테고리,5,5
10973,카트,2,2
10974,카트라이더,2,2
10975,카파,2,2
10976,카페,9,11
10977,칼럼,6,7
10978,캐나,23,26
10979,캐나다,7,7
10980,캐디,2,2
10981,캐럿,9,9
10982,캐리,2,2
10983,캐릭터,25,29
10984,캐비닛,2,2
10985,캐스터,2,2
10986,캐스팅,24,25
10987,캐스팅돼,3,3
10988,캐스팅되,6,6
10989,캐스팅했으,2,2
10990,캐주얼,6,6
10991,캐치,3,4
10992,캔디,5,5
10993,캔을,2,2
10994,캘리포니아,7,7
10995,캘린더,4,4
10996,캘빈클라인,4,4
10997,캠위드어스,2,2
10998,캠퍼스,6,6
10999,캠페인,261,278
11000,캠페인송,9,9
11001,캠프,2,2
11002,캡슐,3,3
11003,커런트,2,2
11004,커리어,16,16
11005,커뮤니티,85,90
11006,커버,33,34
11007,커버곡,3,3
11008,커버스토리,2,2
11009,커버하,3,3
11010,커버한,2,2
11011,커버해,6,6
11012,커셔스,2,2
11013,커졌,2,2
11014,커플,6,6
11015,커피,4,4
11016,컨디션,8,11
11017,컨버스,2,2
11018,컨셉,13,13
11019,컬래버레이션,7,7
11020,컬러,7,7
11021,컬럼비아,2,2
11022,컬렉션,39,40
11023,컬투쇼,2,2
11024,컴백,127,130
11025,컴백곡,8,8
11026,컴백전쟁,4,4
11027,컴백하,3,3
11028,컴백해,3,3
11029,컴백했,2,2
11030,컴백했다,9,9
11031,컴백했으,2,2
11032,컴투스,3,3
11033,컴퍼니,2,2
11034,컴퓨터,2,2
11035,컸다,5,5
11036,케냐,2,3
11037,케미,3,3
11038,케어,2,2
11039,케어링,2,2
11040,케이블,5,5
11041,케이스,3,3
11042,케이스티파,2,2
11043,케이오,2,2
11044,케이윌,45,53
11045,케이젠,2,2
11046,케이크,6,6
11047,케이팝,48,51
11048,케이팝레이더,2,2
11049,케인,2,2
11050,켈로그,2,2
11051,켈리,2,2
11052,코너,20,20
11053,코드,5,7
11054,코랄리크,2,2
11055,코레일,5,5
11056,코레진,38,38
11057,코레포,2,2
11058,코로나,3,3
11059,코로나19,34,35
11060,코르티스,41,42
11061,코리아,55,55
11062,코리아그랜드뮤직어워즈,2,2
11063,코리아부,2,2
11064,코리아중앙데일리,2,2
11065,코리아타임스,4,4
11066,코리아퍼스트브랜드대상,2,2
11067,코리아헤럴드,13,13
11068,코몬,3,3
11069,코몬이들,3,3
11070,코미디,7,7
11071,코믹,3,3
11072,코스,5,5
11073,코스메틱,6,6
11074,코스모닝,2,2
11075,코어,7,7
11076,코오롱스포츠,2,2
11077,코첼라,24,25
11078,코치,7,7
11079,코카콜라,9,10
11080,코트,4,4
11081,코튼시드,3,3
11082,코팩,3,3
11083,콘서트,1162,1233
11084,콘서트였,2,2
11085,콘셉트,41,41
11086,콘크리트,2,2
11087,콘택트렌즈,3,3
11088,콘텐츠,162,171
11089,콜드,2,2
11090,콜라보,17,17
11091,콜라보곡,3,3
11092,콜라보레이션,17,17
11093,콜롬비아,6,6
11094,콜리세움,3,3
11095,콜센타,2,2
11096,콤파스,2,2
11097,콩트,2,2
11098,쿠도스뱅크,5,5
11099,쿠션,3,3
11100,쿠알라룸푸르,23,23
11101,쿠팡플레,10,10
11102,쿠팡플레이,3,3
11103,쿤스트,2,3
11104,쿼드러플,2,2
11105,퀴즈,15,15
11106,퀸덤,5,5
11107,퀸덤2,3,3
11108,큐레이터,2,2
11109,큐브엔터테인먼트,5,5
11110,크게,19,19
11111,크다,9,9
11112,크라우드펀딩,2,2
11113,크라이오샷,2,2
11114,크랑크인,2,2
11115,크래프톤,3,3
11116,크러쉬,51,56
11117,크러쉬밤,5,5
11118,크레딧,2,2
11119,크레이그,2,2
11120,크로스오버,3,3
11121,크록스,2,2
11122,크루,2,2
11123,크리스마스,14,14
11124,크리에이터,3,3
11125,크리에이티브,5,5
11126,크안,3,4
11127,클라쓰,3,3
11128,클라우드뮤직,2,2
11129,클래식,9,9
11130,클럽,9,9
11131,클레,2,2
11132,클리어,2,2
11133,클리오,2,2
11134,클린,3,3
11135,클립,6,6
11136,키다리,2,2
11137,키드먼,2,2
11138,키링,2,3
11139,키스,2,3
11140,키우,2,2
11141,키워드,3,3
11142,키웠,3,3
11143,키즈,25,25
11144,키트,5,5
11145,킨텍스,8,8
11146,킬링보이스,5,5
11147,킹덤,3,3
11148,킹레코드,2,2
11149,타고,3,3
11150,타깃,2,2
11151,타마,2,2
11152,타미힐피거,2,2
11153,타블,6,6
11154,타블로,12,13
11155,타스,2,2
11156,타오위안,6,11
11157,타오위안시,2,2
11158,타워레코드,3,3
11159,타이거jk,3,3
11160,타이난,3,5
11161,타이랏,7,7
11162,타이베,67,72
11163,타이베이,5,5
11164,타이베이국제회의중심,3,3
11165,타이베이돔,2,2
11166,타이완,2,2
11167,타이틀,10,10
11168,타이틀곡,89,89
11169,타이틀롤,2,2
11170,타인니엔,4,4
11171,타임,11,12
11172,타임스프레드,4,4
11173,타임슬립,2,2
11174,타임지,2,2
11175,타투,2,2
11176,탄생,4,4
11177,탄탄한,3,3
11178,탈꺼야,2,2
11179,탈락,6,6
11180,탈퇴,19,19
11181,탑백귀,2,2
11182,탕그랑,2,2
11183,태국,204,280
11184,태국계,2,2
11185,태국관광청,3,4
11186,태국어,9,10
11187,태국인,6,6
11188,태국인들,2,2
11189,태그,14,14
11190,태도,6,7
11191,태민,13,13
11192,태양,32,32
11193,태어나,3,3
11194,태연,14,15
11195,태용,4,4
11196,태평양,5,5
11197,태풍,3,3
11198,태화복지재단,3,3
11199,택시,2,2
11200,택한,2,2
11201,택해,2,2
11202,택했다,2,2
11203,터졌,3,3
11204,터지,2,2
11205,터키,3,3
11206,터틀넥,2,2
11207,텅쉰신문,2,2
11208,테니스,2,2
11209,테라,3,3
11210,테레비,5,5
11211,테마,9,9
11212,테마곡,8,8
11213,테마길,3,3
11214,테마파크,5,6
11215,테스형,2,2
11216,테오,2,2
11217,테일러,3,3
11218,테일즈런너,2,2
11219,테크,2,2
11220,텍사스,3,3
11221,텐센트,5,5
11222,텐센트뮤직,3,3
11223,텐아시아,8,8
11224,텐의,2,2
11225,텐이,2,2
11226,템포,5,6
11227,톄바,5,5
11228,토끼,3,4
11229,토니,2,2
11230,토니안,9,9
11231,토로,2,2
11232,토론,13,13
11233,토론토,24,25
11234,토리든,2,2
11235,토요일,15,17
11236,토이,2,2
11237,토크,18,19
11238,토크쇼,8,9
11239,토털,2,2
11240,토토,2,2
11241,토토가2,4,4
11242,토픽,3,3
11243,톡파원,6,6
11244,톱10,37,39
11245,톱100,8,8
11246,톱2,2,2
11247,톱40,4,4
11248,톱5,4,4
11249,톱6,3,3
11250,톱송,6,7
11251,톱스타뉴스,7,7
11252,톱앨범,2,2
11253,톱앨범세일즈,2,2
11254,통보했으나,3,3
11255,통산,31,31
11256,통상,2,2
11257,통신,5,5
11258,통신사,4,4
11259,통영,3,3
11260,통증,3,3
11261,통하,3,3
11262,통합,11,11
11263,통해서,2,2
11264,통화,2,2
11265,퇴사,2,2
11266,퇴치,2,2
11267,투게더,2,2
11268,투데이쇼,5,5
11269,투모로우,3,3
11270,투병,8,8
11271,투싼,2,3
11272,투어,351,378
11273,투어스,6,6
11274,투어에서,2,2
11275,투어콘서트,3,3
11276,투유,3,3
11277,투입했으,2,2
11278,투자,2,3
11279,투컷,6,6
11280,투표,41,44
11281,튀르키예,50,54
11282,튀르키예어,21,22
11283,튀어,2,2
11284,트라,2,2
11285,트랙,5,5
11286,트랙스,2,2
11287,트러블,2,2
11288,트럭,2,2
11289,트레이너,3,3
11290,트레이닝,4,4
11291,트렌드,9,9
11292,트렌디한,2,2
11293,트렌딩,4,4
11294,트로트,95,109
11295,트로트가수,2,2
11296,트로피,9,9
11297,트롯,20,20
11298,트롯어워즈,2,2
11299,트루,2,2
11300,트리거,2,2
11301,트리뷴,2,2
11302,트리플,4,4
11303,트리플에스,2,2
11304,트리플크라운,6,6
11305,트립닷컴,2,2
11306,트바로티,2,2
11307,트와이스,35,37
11308,트위치,2,2
11309,트위터,17,17
11310,특별,34,34
11311,특별공연,3,3
11312,특별방송,2,2
11313,특별전,2,2
11314,특별출연,13,13
11315,특별출연했다,2,2
11316,특별판,3,3
11317,특별한,10,10
11318,특별해설위원,2,2
11319,특산물,3,4
11320,특산품,3,3
11321,특성상,2,2
11322,특수,3,3
11323,특유,9,9
11324,특전,11,11
11325,특정,6,6
11326,특집,71,71
11327,특화,2,2
11328,특히,6,6
11329,티니핑,2,2
11330,티빙,8,9
11331,티셔츠,9,10
11332,티저,19,19
11333,티켓,350,377
11334,티켓가,2,2
11335,티켓링크,3,3
11336,티켓링크라이브아레나,2,2
11337,티켓파워,13,13
11338,티켓피아,2,2
11339,티크톡,2,2
11340,티파니,7,7
11341,티파니앤코,2,2
11342,틱톡,13,13
11343,팀명,6,7
11344,팀에,2,2
11345,팀왕,2,2
11346,팀워크,4,5
11347,팀을,6,6
11348,팀의,3,3
11349,팀이,2,2
11350,파격,2,2
11351,파급,14,14
11352,파급력,30,30
11353,파급효,8,8
11354,파급효과,25,25
11355,파노라마,2,2
11356,파라곤,3,3
11357,파리,58,62
11358,파리타,9,11
11359,파리패션위크,3,3
11360,파문,2,2
11361,파블,2,2
11362,파스칼,2,2
11363,파스텔,2,2
11364,파시피코,2,2
11365,파운데이션,4,4
11366,파워,32,32
11367,파워fm,3,3
11368,파워에이드,2,2
11369,파워풀한,4,4
11370,파이,2,2
11371,파이낸셜뉴스,2,2
11372,파이널,7,7
11373,파인,3,3
11374,파인드,2,2
11375,파일,2,2
11376,파장,2,2
11377,파주,2,2
11378,파크,3,3
11379,파크콘서트,2,2
11380,파트,5,5
11381,파트너,10,10
11382,파트너십,10,10
11383,파티,17,17
11384,파파로티,2,2
11385,파파존스,2,2
11386,판결,2,2
11387,판도,2,2
11388,판매,216,237
11389,판매고,15,15
11390,판매돼,3,3
11391,판매됐,3,3
11392,판매됐으,6,6
11393,판매되,53,53
11394,판매되었,16,17
11395,판매되었으,4,4
11396,판매된,13,13
11397,판매량,170,185
11398,판매력,2,2
11399,판매율,3,3
11400,판매하,6,6
11401,판매한,4,4
11402,판매해,4,4
11403,판매했,2,2
11404,판매했으,2,2
11405,판정,6,6
11406,판타스틱,6,6
11407,판타지,6,6
11408,팔라시오,2,2
11409,팔라우,2,2
11410,팔려,7,7
11411,팔렸,6,6
11412,팔로워,27,32
11413,팔리,28,28
11414,팔린,11,11
11415,팝업,7,7
11416,팝업스토어,22,22
11417,패널,3,3
11418,패딩,2,3
11419,패러디,3,3
11420,패밀리,6,6
11421,패션,56,58
11422,패션드,2,2
11423,패션비즈,2,2
11424,패션쇼,6,6
11425,패션위크,10,10
11426,패션지,11,11
11427,패키지,6,6
11428,패턴,2,2
11429,팬과,13,13
11430,팬덤,347,374
11431,팬덤과,22,22
11432,팬덤명,70,74
11433,팬들,476,497
11434,팬들과,14,14
11435,팬들에게,2,2
11436,팬미팅,159,171
11437,팬베이스,2,2
11438,팬사이트,13,13
11439,팬사인회,8,8
11440,팬서비스,4,4
11441,팬송,3,3
11442,팬심,4,4
11443,팬앤스타,2,2
11444,팬에,3,3
11445,팬으,2,2
11446,팬은,3,3
11447,팬을,13,13
11448,팬의,5,5
11449,팬이,34,34
11450,팬이벤트,2,2
11451,팬임,6,6
11452,팬지,4,4
11453,팬지오디,4,4
11454,팬층,23,23
11455,팬카페,71,71
11456,팬콘,8,8
11457,팬콘서트,47,47
11458,팬클럽,389,418
11459,팬클럽명,44,44
11460,팬텀,2,2
11461,팬페이지,3,3
11462,퍼펙트,15,15
11463,퍼포머상,3,3
11464,퍼포먼스,20,20
11465,퍼포먼스상,5,5
11466,퍼플,6,6
11467,퍼플오션,2,2
11468,펀치,2,3
11469,펌프,2,2
11470,펑파이신문,3,3
11471,페드,2,2
11472,페라가모,2,2
11473,페루,21,22
11474,페르소나,2,2
11475,페스타,3,3
11476,페스티벌,89,103
11477,페어,2,2
11478,페이보릿,2,2
11479,페이스북,6,6
11480,페이지,79,84
11481,페창,5,6
11482,펜디,12,15
11483,펩시,6,7
11484,펩시콜라,2,2
11485,편곡,7,7
11486,편곡한,2,2
11487,편성,31,32
11488,편성됐으,2,2
11489,편성되,2,2
11490,편성되었습니,2,2
11491,편성된,3,3
11492,편성해,2,2
11493,편성했,2,2
11494,편성했으,2,2
11495,편스토랑,12,12
11496,편안한,2,2
11497,편에,12,12
11498,편을,2,2
11499,편의점,16,16
11500,편이,2,2
11501,편지,11,11
11502,편집된,2,2
11503,펼쳤,15,15
11504,펼쳤다,4,4
11505,펼치,8,8
11506,펼친,2,2
11507,평가,113,114
11508,평가된,6,6
11509,평가받,3,3
11510,평가받는,8,8
11511,평가받았,4,4
11512,평가받으,3,3
11513,평가하,5,5
11514,평가한,3,3
11515,평가했다,2,2
11516,평가했으,5,5
11517,평균,18,19
11518,평론,3,3
11519,평론가,3,3
11520,평소,6,6
11521,평양,5,6
11522,평을,4,4
11523,평이,2,2
11524,평일,2,2
11525,평점,5,5
11526,평창,2,2
11527,평창동계올림픽,2,2
11528,평판,7,7
11529,평판지수,2,2
11530,평하,2,2
11531,평했,3,3
11532,평화,4,4
11533,폐지하,3,3
11534,폐회식,2,2
11535,포니캐년,2,2
11536,포르투갈,2,2
11537,포르투갈어,3,3
11538,포맷,5,5
11539,포부,3,3
11540,포브스,7,7
11541,포브스코리아,8,8
11542,포스터,4,4
11543,포인트,11,11
11544,포지셔닝,2,2
11545,포지션,3,3
11546,포천,2,2
11547,포천시,4,5
11548,포카리스웨트,5,5
11549,포켓몬,3,5
11550,포털,18,18
11551,포털사이트,2,2
11552,포토,3,3
11553,포토존,3,3
11554,포토카드,7,7
11555,포함,62,62
11556,포함돼,3,3
11557,포함됐다,5,5
11558,포함되,5,5
11559,포함되었,2,2
11560,포함되었다,4,4
11561,포함되지,2,2
11562,포함된,5,5
11563,포함한,24,24
11564,포함해,17,17
11565,포함했다,2,2
11566,포항,5,5
11567,폭군,3,3
11568,폭넓,9,9
11569,폭력,3,3
11570,폭발,4,4
11571,폭발적,11,11
11572,폭발적인,8,8
11573,폭스바겐,2,2
11574,폭싹,2,2
11575,폭염,2,2
11576,폭우,7,8
11577,폭주,2,2
11578,폭탄,3,3
11579,폭풍,2,2
11580,폰케이스,2,2
11581,폴라로이드,4,4
11582,폴립,2,3
11583,폴킴,8,8
11584,표기,8,9
11585,표기돼,2,2
11586,표기된,3,3
11587,표절,6,6
11588,표제,4,4
11589,표지,14,14
11590,표창,7,7
11591,표하,6,6
11592,표한,3,3
11593,표했,5,5
11594,표했다,5,5
11595,표현,29,29
11596,표현력,3,3
11597,표현하,4,4
11598,표현한,3,3
11599,표현했다,4,4
11600,푸강,2,2
11601,푸르메재단,4,4
11602,푸르지오,2,2
11603,푸른,3,3
11604,푸른나무재단,2,2
11605,푸마,9,9
11606,풀무원,3,3
11607,풀밴드,2,2
11608,풀버전,2,2
11609,풀어준,2,2
11610,품은,5,5
11611,품절,6,7
11612,품절됐다,2,2
11613,품절된,2,2
11614,풍년,2,2
11615,풍선,5,5
11616,퓌르피플,2,2
11617,프니엘,2,2
11618,프라,3,3
11619,프라다,4,4
11620,프라보워,2,2
11621,프라이빗,2,2
11622,프랑소,3,3
11623,프랑스,98,108
11624,프랑스어,10,11
11625,프랑스판,2,2
11626,프랑크푸르트,4,4
11627,프래그런스,2,2
11628,프랜차이즈,12,12
11629,프랭크,3,3
11630,프레드피자,2,2
11631,프레스릴리스,3,3
11632,프렌들린,2,2
11633,프렌즈,5,5
11634,프로,4,5
11635,프로그램,121,129
11636,프로그램들,2,2
11637,프로덕션,6,6
11638,프로듀,19,21
11639,프로듀사,2,2
11640,프로듀서,14,14
11641,프로듀서들,3,3
11642,프로듀서로,2,2
11643,프로듀서상,2,2
11644,프로듀스101,7,7
11645,프로듀싱,11,11
11646,프로모션,16,16
11647,프로모터,10,12
11648,프로미스나인,43,45
11649,프로야구,9,9
11650,프로젝트,87,92
11651,프로젝트그룹,3,3
11652,프로틴,2,2
11653,프로필,34,35
11654,프리데뷔,3,3
11655,프리마돈나,6,6
11656,프리미어,6,6
11657,프리미엄,15,15
11658,프리세일,4,4
11659,프리스타일,3,3
11660,프리스틴,3,3
11661,프린세스,2,2
11662,플래닛,2,2
11663,플래시,3,3
11664,플래시몹,3,3
11665,플래티넘,30,35
11666,플랜,3,3
11667,플랫폼,104,106
11668,플레,6,6
11669,플레디스,7,7
11670,플레이리스트,2,2
11671,플렉스,2,2
11672,플로버,2,2
11673,플리마켓,4,4
11674,피가,3,3
11675,피날레,23,23
11676,피노,3,3
11677,피노키오,2,2
11678,피라미드,2,2
11679,피부,3,3
11680,피스마이너스원,4,4
11681,피아,4,4
11682,피아노,5,5
11683,피어나,7,8
11684,피의,2,2
11685,피자,4,6
11686,피지컬,3,3
11687,피처링,25,27
11688,피처링한,6,6
11689,피카소,2,2
11690,피콕시어터,2,2
11691,피크,2,2
11692,피플카,2,2
11693,피해,58,60
11694,피해자,9,10
11695,픽셀,3,4
11696,핀다,2,2
11697,핀란드어,3,4
11698,필름,17,17
11699,필리핀,110,135
11700,필릭스,18,19
11701,필명,3,3
11702,필모그래피,4,4
11703,필수연애교양,2,2
11704,필스타,2,2
11705,필승,2,2
11706,필요한,2,2
11707,필적하,2,2
11708,핌즈클럽,2,2
11709,핑크,11,12
11710,핑크팬서리스,2,2
11711,핑클,3,3
11712,하게,4,4
11713,하경,2,2
11714,하고,27,29
11715,하나,34,34
11716,하나뿐인,4,4
11717,하나은행,5,7
11718,하나인,2,2
11719,하노,14,16
11720,하노이,4,4
11721,하늘,2,2
11722,하늘색,5,6
11723,하니,12,12
11724,하다,3,3
11725,하동,3,3
11726,하동군,9,9
11727,하동균,2,2
11728,하루,45,45
11729,하며,10,10
11730,하면,2,2
11731,하반기,20,21
11732,하성운,4,4
11733,하얼빈,4,8
11734,하영,2,2
11735,하우스,19,19
11736,하이,3,3
11737,하이드,2,2
11738,하이드파크,2,2
11739,하이라이트,8,8
11740,하이브,20,20
11741,하이업엔터테인먼트,2,2
11742,하이원,3,3
11743,하이주얼리,5,6
11744,하이테크,2,2
11745,하이트,2,2
11746,하이트진,2,2
11747,하이트진로,9,9
11748,하이파이vtr,2,2
11749,하이파이브,2,2
11750,하지,7,7
11751,하차,6,7
11752,하츄,2,2
11753,하츠네,2,2
11754,하츠투하츠,29,32
11755,하트,6,7
11756,하트시그널5,4,4
11757,하퍼스,3,3
11758,하퍼스바자,2,2
11759,하프타,8,9
11760,하하,4,4
11761,하현우,2,2
11762,학교,13,14
11763,학교폭력,5,7
11764,학생,4,4
11765,학생들,15,16
11766,학습,7,7
11767,학습지,2,2
11768,학용품,3,3
11769,학창시절,5,5
11770,한가위,3,3
11771,한경,2,4
11772,한국,315,335
11773,한국갤럽,4,4
11774,한국걸스카우트연맹,2,2
11775,한국경제,10,10
11776,한국계,3,3
11777,한국관광,8,8
11778,한국관광공사,12,12
11779,한국기업평판연구소,21,21
11780,한국대중음악상,20,20
11781,한국문화,5,5
11782,한국미혼모가족협회,2,2
11783,한국방문,2,2
11784,한국백혈병소아암협회,4,4
11785,한국백혈병어린이재단,9,9
11786,한국뿐,3,3
11787,한국소리문화의전당,2,2
11788,한국소아암재단,3,3
11789,한국시간,4,4
11790,한국식,2,2
11791,한국야쿠르트,2,2
11792,한국어,30,32
11793,한국어방송,3,3
11794,한국어판,4,4
11795,한국영화,2,2
11796,한국위원회,5,5
11797,한국은행,4,4
11798,한국음반산업협회,4,4
11799,한국음악저작권협회,2,2
11800,한국음악콘텐츠협회,3,3
11801,한국인,15,15
11802,한국일보,6,6
11803,한국저작권보호원,2,2
11804,한국적,2,2
11805,한국철도공사,4,4
11806,한국콘텐츠진흥원,3,3
11807,한국판,4,4
11808,한국폴리텍대학,2,2
11809,한국프로골프협회,2,2
11810,한국해비타트,4,4
11811,한글과컴퓨터,2,2
11812,한때,2,2
11813,한류,38,41
11814,한류매체,3,3
11815,한류스타,2,2
11816,한류스타로,2,2
11817,한번,4,4
11818,한석규,2,2
11819,한소희,2,3
11820,한식,2,2
11821,한양대,3,3
11822,한은솔,2,2
11823,한인,5,5
11824,한일,19,20
11825,한일가왕전,7,7
11826,한정,17,18
11827,한정반,2,2
11828,한정판,16,16
11829,한촌,3,3
11830,한촌설렁탕,4,4
11831,한컴타자,2,2
11832,한터,3,3
11833,한터뮤직페스티벌,5,5
11834,한터차트,23,24
11835,한화,2,2
11836,한화생명,2,2
11837,할로윈,2,2
11838,할리우드,4,4
11839,할머니,4,4
11840,할인,3,3
11841,함께,464,479
11842,함께걷는아이들,2,2
11843,함께하,19,19
11844,함께한,44,44
11845,함께한다,2,2
11846,함께할,3,3
11847,함께했,2,2
11848,함께했다,3,3
11849,함부,2,2
11850,함성,25,26
11851,합계,4,4
11852,합동,11,11
11853,합류,8,8
11854,합류하,3,3
11855,합류한,2,2
11856,합류한다,2,2
11857,합류해,9,9
11858,합류했다,2,2
11859,합산,14,14
11860,합산해,2,2
11861,합작,3,3
11862,합작사,2,2
11863,합정역,2,2
11864,합창,5,5
11865,합쳐,7,7
11866,합치면,3,3
11867,합친,2,2
11868,핫100,26,30
11869,항목,25,26
11870,항상,3,3
11871,항의,9,9
11872,항해,2,2
11873,해당,94,95
11874,해를,7,7
11875,해린,5,5
11876,해명,7,7
11877,해밀턴,3,3
11878,해병대,11,11
11879,해서,4,4
11880,해석,4,4
11881,해설,3,3
11882,해시태그,17,18
11883,해야,2,2
11884,해에,7,7
11885,해외,121,125
11886,해외에서,3,3
11887,해외투어,3,3
11888,해외활동,5,5
11889,해원,7,10
11890,해지,4,4
11891,해지되,2,2
11892,해찬,3,3
11893,해체,33,34
11894,해체된,2,2
11895,해체설,3,3
11896,해촉,2,3
11897,해커,4,5
11898,해피니스,3,3
11899,해피빈,3,3
11900,해피투게더,7,7
11901,해피투게더3,2,2
11902,핵심,4,4
11903,핸드볼경기장,4,4
11904,했고,5,5
11905,했던,4,4
11906,했으,8,8
11907,했으나,2,2
11908,행동,3,3
11909,행렬,5,5
11910,행보,13,13
11911,행복,3,3
11912,행복하다,2,2
11913,행복한,3,3
11914,행복해,2,2
11915,행사,109,112
11916,행사라,2,2
11917,행위,2,2
11918,행정안전부,3,3
11919,행정자치부,2,2
11920,행주,2,2
11921,행진,4,4
11922,행태,2,2
11923,향수,6,8
11924,향한,8,8
11925,향해,5,5
11926,향후,11,11
11927,허브,2,2
11928,허위,3,3
11929,허윤진,3,3
11930,헌신,3,3
11931,헌터스,2,2
11932,헌혈,5,7
11933,헤드라이너,16,16
11934,헤드라인,14,14
11935,헤럴드,8,8
11936,헤럴드경제,8,8
11937,헤어케어,7,7
11938,헤이즈,6,6
11939,헨더리,2,2
11940,헬로,2,2
11941,헬스케어,4,4
11942,혁오,2,2
11943,현대,3,3
11944,현대경제연구원,2,2
11945,현대자동차,24,25
11946,현대차,3,3
11947,현대카드,3,4
11948,현대홈쇼핑,4,4
11949,현빈,3,3
11950,현상,15,15
11951,현수막,3,3
11952,현식,2,2
11953,현실,2,2
11954,현아,2,2
11955,현역,3,3
11956,현역가왕,5,5
11957,현역가왕2,8,8
11958,현역가왕3,2,2
11959,현장,82,84
11960,현재,34,34
11961,현재까지,2,2
11962,현지,195,202
11963,현지어,3,3
11964,현지에서,3,3
11965,현지화,3,3
11966,현진,7,7
11967,혐의,6,6
11968,협력,6,6
11969,협력해,3,3
11970,협상,3,3
11971,협약,2,2
11972,협업,110,112
11973,협업곡,13,13
11974,협업한,35,35
11975,협업함,2,2
11976,협업해,26,26
11977,협업했다,3,3
11978,협업했던,2,2
11979,협업했으,2,2
11980,협연,2,2
11981,협찬,5,6
11982,협회,4,4
11983,형나잇,6,7
11984,형님,20,20
11985,형성,18,18
11986,형성돼,3,3
11987,형성된,3,3
11988,형수,5,6
11989,형식,8,8
11990,형원,11,11
11991,형제,4,4
11992,형태,10,10
11993,형편,2,2
11994,혜인,3,4
11995,혜택,21,21
11996,호서대학교,3,3
11997,호스트,4,4
11998,호시,2,2
11999,호시노,6,6
12000,호우키보시,3,3
12001,호응,29,30
12002,호주,49,66
12003,호주관광청,2,2
12004,호주인,2,2
12005,호치민,8,8
12006,호치민시,5,5
12007,호텔,13,13
12008,호평,22,22
12009,호평받았으,2,2
12010,호흡,12,12
12011,혹은,2,2
12012,혹평,2,2
12013,혼란,3,3
12014,혼성,7,7
12015,혼자,17,17
12016,혼혈,2,3
12017,홀로,4,4
12018,홀리데,2,2
12019,홀릭스,2,2
12020,홀린,4,4
12021,홀에,5,5
12022,홈쇼핑,3,3
12023,홈앤쇼핑,2,2
12024,홈케어,2,3
12025,홈페이지,16,16
12026,홍대,7,7
12027,홍백가합전,17,22
12028,홍보,103,106
12029,홍보곡,2,2
12030,홍보대사,182,190
12031,홍보대사로,2,2
12032,홍보모델,13,13
12033,홍보물,2,2
12034,홍보영상,3,3
12035,홍보하,4,4
12036,홍삼,4,4
12037,홍은채,2,2
12038,홍주,3,3
12039,홍중,7,8
12040,홍지윤,2,2
12041,홍천방,2,2
12042,홍콩,121,165
12043,홍콩01,18,18
12044,홍콩달러,4,4
12045,홍콩판,2,2
12046,화가,2,2
12047,화답,7,7
12048,화답해,2,2
12049,화답했,4,4
12050,화답했다,4,4
12051,화란,4,4
12052,화랑,4,4
12053,화려한,4,4
12054,화려함,2,2
12055,화력,10,10
12056,화보,72,75
12057,화사,23,24
12058,화성,4,4
12059,화성시,5,6
12060,화이트,5,6
12061,화장실,2,2
12062,화장품,26,26
12063,화재,5,5
12064,화정체육관,10,10
12065,화제,146,147
12066,화제성,45,45
12067,화제였다,2,2
12068,화천산천어축제,2,2
12069,화해,2,2
12070,화환,3,3
12071,확대,37,37
12072,확대되,2,2
12073,확대하,5,5
12074,확보,11,11
12075,확보함,3,3
12076,확보했으,2,2
12077,확산,32,32
12078,확산됐다,2,2
12079,확산되,5,5
12080,확산된,4,4
12081,확산력,3,3
12082,확신,3,3
12083,확신도,2,2
12084,확인,154,159
12085,확인된,35,35
12086,확인시켰,5,5
12087,확인하지,2,2
12088,확인할,7,7
12089,확인함,7,7
12090,확인했다,3,3
12091,확장,57,58
12092,확장됐음,3,3
12093,확장되,6,6
12094,확장된,3,3
12095,확장하,2,2
12096,확장한,3,3
12097,확장한다,2,2
12098,확장함,5,5
12099,확정,73,73
12100,확정돼,2,2
12101,확정됐다,9,9
12102,확정됐으,2,2
12103,확정되었,5,5
12104,확정된,2,2
12105,확정하,3,3
12106,확정했다,15,15
12107,확진,2,2
12108,환경,4,4
12109,환대,2,2
12110,환불,5,5
12111,환불원정,2,2
12112,환불원정대,6,6
12113,환승연애4,4,4
12114,환아,8,8
12115,환영,6,6
12116,환영하,2,2
12117,환자,8,8
12118,환타,2,2
12119,환호,30,32
12120,환호성,5,5
12121,활동,593,628
12122,활동기,2,2
12123,활동기간,4,4
12124,활동명,3,3
12125,활동으로,2,2
12126,활동하,19,19
12127,활동한,9,9
12128,활동할,2,2
12129,활동함,3,3
12130,활동해,7,7
12131,활동해왔,4,4
12132,활동해왔으,2,2
12133,활동했,2,2
12134,활동했다,2,2
12135,활동했으,6,6
12136,활발한,5,5
12137,활발히,9,9
12138,활성,2,2
12139,활성화,8,8
12140,활약,15,16
12141,활약하,2,2
12142,활약할,2,2
12143,활용,7,7
12144,활용되,3,3
12145,활용하,4,4
12146,활용하기,2,2
12147,활용한,14,14
12148,활용해,7,7
12149,황금어장,2,2
12150,황민현,2,2
12151,황윤성,2,2
12152,황정민,3,3
12153,황제,5,5
12154,황태자,2,2
12155,회고,9,9
12156,회당,2,2
12157,회로,3,3
12158,회를,71,72
12159,회사,9,9
12160,회상,5,5
12161,회상하,2,2
12162,회에,4,4
12163,회원,61,66
12164,회원들,11,11
12165,회원수,6,6
12166,회원증,3,3
12167,회원카드,3,3
12168,회의,2,2
12169,회자되,4,4
12170,회장,5,5
12171,회차,43,43
12172,회차당,3,3
12173,회차마,3,3
12174,획득,7,7
12175,횟수,6,6
12176,효고,2,2
12177,효과,32,32
12178,효력정지,3,3
12179,효리,3,4
12180,효리네,6,6
12181,효리수,3,3
12182,효리투게더,2,2
12183,효연,4,6
12184,효정,7,10
12185,후기,22,22
12186,후렴,3,3
12187,후배,27,31
12188,후배들,3,3
12189,후보,22,22
12190,후속,14,14
12191,후속곡,4,4
12192,후속편,2,2
12193,후에,12,12
12194,후예,18,18
12195,후원,15,16
12196,후원금,13,14
12197,후원하,6,6
12198,후인,3,3
12199,후지tv,6,7
12200,후쿠오카,16,16
12201,훌륭하,2,2
12202,훔치,3,3
12203,훔친,2,2
12204,훗날,2,2
12205,훨씬,3,3
12206,휘성,2,2
12207,휘인,5,5
12208,휩쓴,3,3
12209,휩쓸,5,5
12210,휩쓸었,2,2
12211,휴대폰,7,8
12212,휴롬,2,2
12213,휴식,3,3
12214,흐름,7,7
12215,흑백,2,2
12216,흑인,2,2
12217,흑자,2,2
12218,흔들,4,4
12219,흔들림,4,4
12220,흔적,3,3
12221,흘리,4,4
12222,흠뻑,2,2
12223,흠뻑쇼,21,21
12224,흥행,43,43
12225,흥행력,3,3
12226,희귀,3,3
12227,희귀질환,2,2
12228,희망,2,2
12229,희망브리지,15,15
12230,희망조약돌,2,2
12231,희망친구,2,2
12232,희망한다,4,4
12233,희소성,2,2
12234,희철,2,2
12235,히나,6,7
12236,히든싱어,6,6
12237,히든싱어2,2,2
12238,히든싱어4,3,3
12239,히든싱어7,2,2
12240,히어,8,9
12241,히트,9,9
12242,히트곡,26,26
12243,힐링,4,4
12244,힐링되,2,2
12245,힘들,3,3
12246,힘들어,2,2
12247,힘쎈여자,5,5
12248,힘을,3,3
12249,힘이,5,5
12250,힘입어,12,12
12251,힙합,36,45
12252,힙합플레이야,2,2
