fandom,bullet_type,idx,domain,domain_lang,domain_basis,body_script,body_lang,body_margin,other_lang_candidate,latin_letter_share,agree
이영지,loyalty,0,www.facebook.com,en,override,ko,ko,1.0,,0.0,0
이영지,loyalty,1,x.com,en,override,ko,ko,0.947,,0.053,0
이영지,loyalty,2,www.kpop-radar.com,en,default,ko,ko,0.836,,0.164,0
이영지,loyalty,3,en.wikipedia.org,en,wiki,ko,ko,0.868,,0.132,0
이영지,loyalty,4,en.wikipedia.org,en,wiki,ko,ko,1.0,,0.0,0
이영지,loyalty,5,en.wikipedia.org,en,wiki,ko,ko,0.632,,0.368,0
이영지,loyalty,6,www.nocutnews.co.kr,ko,tld,ko,ko,0.689,,0.311,1
이영지,loyalty,7,www.nocutnews.co.kr,ko,tld,ko,ko,1.0,,0.0,1
이영지,loyalty,8,www.threads.com,en,override,ko,ko,1.0,,0.0,0
이영지,loyalty,9,news.tf.co.kr,ko,tld,ko,ko,0.947,,0.053,1
이영지,loyalty,10,nextshark.com,en,default,ko,ko,1.0,,0.0,0
이영지,loyalty,11,www.newsis.com,ko,override,ko,ko,1.0,,0.0,1
이영지,loyalty,12,www.newsis.com,ko,override,ko,ko,1.0,,0.0,1
이영지,loyalty,13,thereal.troomix.com,en,default,ko,ko,0.929,,0.071,0
이영지,loyalty,14,www.econovill.com,en,default,ko,ko,1.0,,0.0,0
이영지,loyalty,15,www.harpersbazaar.co.kr,ko,tld,ko,ko,1.0,,0.0,1
이영지,loyalty,16,news.mt.co.kr,ko,override,ko,ko,0.934,,0.066,1
이영지,loyalty,17,www.starnewskorea.com,en,override,ko,ko,0.978,,0.022,0
이영지,loyalty,18,www.onionproduction.com,en,default,ko,ko,0.667,,0.333,0
이영지,loyalty,19,en.wikipedia.org,en,wiki,ko,ko,1.0,,0.0,0
이영지,loyalty,20,en.wikipedia.org,en,wiki,ko,ko,1.0,,0.0,0
이영지,loyalty,21,www.newsis.com,ko,override,ko,ko,1.0,,0.0,1
이영지,loyalty,22,news.tf.co.kr,ko,tld,ko,ko,1.0,,0.0,1
이영지,loyalty,23,star.ettoday.net,zh,override,ko,ko,0.8,,0.2,0
이영지,loyalty,24,www.storm.mg,zh,override,ko,ko,0.683,,0.244,0
이영지,loyalty,25,wantrich.chinatimes.com,zh,override,ko,ko,0.733,,0.0,0
이영지,loyalty,26,www.idntimes.com,id,override,ko,ko,1.0,,0.0,0
이영지,loyalty,27,www.nautiljon.com,en,default,ko,ko,0.727,,0.273,0
이영지,loyalty,28,k-gen.fr,fr,tld,ko,ko,0.857,,0.143,0
이영지,loyalty,29,www.k-world.fr,fr,override,ko,ko,0.76,,0.24,0
이영지,loyalty,30,www.k-world.fr,fr,override,ko,ko,0.793,,0.207,0
이영지,loyalty,31,namu.wiki,ko,override,ko,ko,0.884,,0.116,1
이영지,loyalty,32,mb.com.ph,tl,override,ko,ko,0.941,,0.059,0
이영지,loyalty,33,tvreport.co.kr,ko,override,ko,ko,1.0,,0.0,1
이영지,loyalty,34,biz.heraldcorp.com,ko,override,ko,ko,1.0,,0.0,1
이영지,loyalty,35,www.newsis.com,ko,override,ko,ko,1.0,,0.0,1
이영지,loyalty,36,www.starnewskorea.com,en,override,ko,ko,0.947,,0.053,0
이영지,loyalty,37,www.creativeman.co.jp,ja,tld,ko,ko,0.613,,0.387,0
이영지,loyalty,38,www.klook.com,en,default,ko,ko,0.733,,0.267,0
이영지,spillover,0,www.fnnews.com,ko,override,ko,ko,1.0,,0.0,1
이영지,spillover,1,www.newswire.co.kr,ko,tld,ko,ko,0.623,,0.377,1
이영지,spillover,2,hookmeup.kr,ko,tld,ko,ko,0.862,,0.138,1
이영지,spillover,3,www.billboard.com,en,override,ko,ko,0.672,,0.328,0
이영지,spillover,4,en.wikipedia.org,en,wiki,ko,ko,0.951,,0.049,0
이영지,spillover,5,en.wikipedia.org,en,wiki,ko,ko,1.0,,0.0,0
이영지,spillover,6,nextshark.com,en,default,ko,ko,0.848,,0.152,0
이영지,spillover,7,www.nocutnews.co.kr,ko,tld,latin,en,0.851,,0.536,0
이영지,spillover,8,www.koreatimes.co.kr,en,override,ko,ko,0.825,,0.175,0
이영지,spillover,9,www.koreatimes.co.kr,en,override,ko,ko,0.702,,0.298,0
이영지,spillover,10,www.koreatimes.co.kr,en,override,ko,ko,1.0,,0.0,0
이영지,spillover,11,www.seoulfn.com,en,default,ko,ko,1.0,,0.0,0
이영지,spillover,12,www.fnnews.com,ko,override,ko,ko,0.959,,0.041,1
이영지,spillover,13,www.womennews.co.kr,ko,tld,ko,ko,0.695,,0.305,1
이영지,spillover,14,www.newsis.com,ko,override,ko,ko,0.585,,0.415,1
이영지,spillover,15,www.billboard.com,en,override,ko,ko,1.0,,0.0,0
이영지,spillover,16,www.sportsseoul.com,ko,override,ko,ko,0.828,,0.172,1
이영지,spillover,17,www.hankyung.com,ko,override,ko,ko,0.857,,0.143,1
이영지,spillover,18,www.nextdaily.co.kr,ko,tld,ko,ko,1.0,,0.0,1
이영지,spillover,19,ibabynews.com,en,default,ko,ko,1.0,,0.0,0
이영지,spillover,20,biz.heraldcorp.com,ko,override,ko,ko,1.0,,0.0,1
이영지,spillover,21,www.khan.co.kr,ko,tld,ko,ko,1.0,,0.0,1
이영지,spillover,22,sports.khan.co.kr,ko,override,ko,ko,1.0,,0.0,1
이영지,spillover,23,kr.trip.com,en,default,ko,ko,0.688,,0.312,0
이영지,spillover,24,kr.trip.com,en,default,ko,ko,0.568,,0.432,0
이영지,spillover,25,natalie.mu,ja,override,ko,ko,1.0,,0.0,0
이영지,spillover,26,natalie.mu,ja,override,ko,ko,1.0,,0.0,0
이영지,spillover,27,www.oricon.co.jp,ja,tld,ko,ko,0.667,,0.333,0
이영지,spillover,28,music.163.com,zh,override,ko,ko,0.717,,0.283,0
이영지,spillover,29,www.g-enews.com,en,default,ko,ko,0.892,,0.108,0
이영지,spillover,30,www.cosmorning.com,en,default,ko,ko,0.938,,0.062,0
이영지,spillover,31,www.fnnews.com,ko,override,ko,ko,0.908,,0.092,1
이영지,spillover,32,www.mediafine.co.kr,ko,tld,ko,ko,0.78,,0.22,1
이영지,spillover,33,kpopofficial.com,en,default,ko,ko,0.643,,0.357,0
이영지,spillover,34,en.wikipedia.org,en,wiki,ko,ko,1.0,,0.0,0
이영지,spillover,35,en.wikipedia.org,en,wiki,ko,ko,0.85,,0.15,0
이영지,spillover,36,www.hankookilbo.com,ko,override,ko,ko,1.0,,0.0,1
이영지,spillover,37,www.nbnnews.co.kr,ko,tld,ko,ko,0.846,,0.154,1
이영지,spillover,38,www.youtube.com,en,override,ko,ko,1.0,,0.0,0
이영지,spillover,39,www.harpersbazaar.co.kr,ko,tld,ko,ko,1.0,,0.0,1
이영지,spillover,40,www.segye.com,ko,override,ko,ko,1.0,,0.0,1
이영지,spillover,41,natalie.mu,ja,override,ko,ko,0.812,,0.188,0
이영지,spillover,42,rollingstonejapan.com,en,default,ko,ko,1.0,,0.0,0
이영지,spillover,43,www.sopitas.com,es,override,ko,ko,0.878,,0.122,0
이영지,spillover,44,heraldodemexico.com.mx,es,override,ko,ko,0.865,,0.135,0
이영지,spillover,45,hot.detik.com,id,override,ko,ko,0.833,,0.167,0
이영지,spillover,46,manado.tribunnews.com,id,override,ko,ko,1.0,,0.0,0
이영지,spillover,47,www.sanook.com,th,override,ko,ko,0.706,,0.294,0
이영지,spillover,48,namu.wiki,ko,override,ko,ko,0.833,,0.167,1
이영지,spillover,49,www.cnnbrasil.com.br,pt,override,ko,ko,0.893,,0.107,0
이영지,spillover,50,billboard.com.br,pt,tld,ko,ko,0.857,,0.143,0
이영지,spillover,51,mydramalist.com,en,default,ko,ko,0.756,,0.244,0
이영지,spillover,52,www.youtube.com,en,override,ko,ko,0.681,,0.319,0
이영지,spillover,53,www.wikitree.co.kr,ko,tld,ko,ko,1.0,,0.0,1
이영지,spillover,54,biz.heraldcorp.com,ko,override,ko,ko,1.0,,0.0,1
이영지,spillover,55,www.stagepick.co.kr,ko,tld,ko,ko,1.0,,0.0,1
이영지,spillover,56,www.sportsseoul.com,ko,override,ko,ko,0.875,,0.125,1
이영지,spillover,57,www.fnnews.com,ko,override,ko,ko,0.857,,0.143,1
이영지,spillover,58,www.khan.co.kr,ko,tld,ko,ko,1.0,,0.0,1
이영지,spillover,59,biz.heraldcorp.com,ko,override,ko,ko,1.0,,0.0,1
이영지,spillover,60,www.fnnews.com,ko,override,ko,ko,0.912,,0.088,1
이영지,spillover,61,www.womennews.co.kr,ko,tld,ko,ko,0.63,,0.37,1
이영지,spillover,62,hookmeup.kr,ko,tld,ko,ko,0.875,,0.125,1
이영지,spillover,63,www.bing.co.kr,ko,tld,ko,ko,1.0,,0.0,1
이영지,spillover,64,hk.ulifestyle.com.hk,zh,tld,ko,ko,0.835,,0.146,0
이영지,spillover,65,zh.soundoflife.com,en,default,ko,ko,0.591,,0.245,0
이영지,spillover,66,ar.wikipedia.org,ar,wiki,ko,ko,0.733,,0.213,0
이영지,spillover,67,www.nautiljon.com,en,default,ko,ko,0.796,,0.204,0
지드래곤 (G-Dragon),loyalty,0,www.marieclairekorea.com,en,default,ko,ko,0.756,,0.244,0
지드래곤 (G-Dragon),loyalty,1,www.marieclairekorea.com,en,default,ko,ko,1.0,,0.0,0
지드래곤 (G-Dragon),loyalty,2,news.nate.com,ko,override,ko,ko,1.0,,0.0,1
지드래곤 (G-Dragon),loyalty,3,www.threads.com,en,override,ko,ko,0.927,,0.073,0
지드래곤 (G-Dragon),loyalty,4,www.billboard.com,en,override,ko,ko,0.734,,0.266,0
지드래곤 (G-Dragon),loyalty,5,www.billboard.com,en,override,ko,ko,0.903,,0.097,0
지드래곤 (G-Dragon),loyalty,6,www.malaymail.com,en,override,ko,ko,0.783,,0.217,0
지드래곤 (G-Dragon),loyalty,7,v.daum.net,ko,override,ko,ko,0.878,,0.122,1
지드래곤 (G-Dragon),loyalty,8,www.maxmovie.com,en,default,ko,ko,1.0,,0.0,0
지드래곤 (G-Dragon),loyalty,9,www.vietnam.vn,vi,override,ko,ko,1.0,,0.0,0
지드래곤 (G-Dragon),loyalty,10,www.newsis.com,ko,override,ko,ko,1.0,,0.0,1
지드래곤 (G-Dragon),loyalty,11,www.newsis.com,ko,override,ko,ko,1.0,,0.0,1
지드래곤 (G-Dragon),loyalty,12,www.newsis.com,ko,override,ko,ko,1.0,,0.0,1
지드래곤 (G-Dragon),loyalty,13,sports.khan.co.kr,ko,override,ko,ko,0.88,,0.12,1
지드래곤 (G-Dragon),loyalty,14,sports.khan.co.kr,ko,override,ko,ko,1.0,,0.0,1
지드래곤 (G-Dragon),loyalty,15,purme.org,en,default,ko,ko,0.916,,0.084,0
지드래곤 (G-Dragon),loyalty,16,www.kukinews.com,en,default,ko,ko,1.0,,0.0,0
지드래곤 (G-Dragon),loyalty,17,www.marieclairekorea.com,en,default,ko,ko,0.73,,0.27,0
지드래곤 (G-Dragon),loyalty,18,www.luck-d.com,ko,override,ko,ko,0.943,,0.057,1
지드래곤 (G-Dragon),loyalty,19,www.oricon.co.jp,ja,tld,ko,ko,1.0,,0.0,0
지드래곤 (G-Dragon),loyalty,20,www.stnsports.co.kr,ko,tld,ko,ko,0.9,,0.1,1
지드래곤 (G-Dragon),loyalty,21,www.newsbuzz.co.kr,ko,tld,ko,ko,0.594,,0.406,1
지드래곤 (G-Dragon),loyalty,22,www.newsbuzz.co.kr,ko,tld,ko,ko,0.77,,0.23,1
지드래곤 (G-Dragon),loyalty,23,vnexpress.net,vi,override,ko,ko,0.887,,0.113,0
지드래곤 (G-Dragon),loyalty,24,kenh14.vn,vi,override,ko,ko,0.881,,0.119,0
지드래곤 (G-Dragon),loyalty,25,www.163.com,zh,override,ko,ko,0.5,,0.0,0
지드래곤 (G-Dragon),loyalty,26,www.billboard-japan.com,ja,override,ja,ja,0.5,,0.09,1
지드래곤 (G-Dragon),loyalty,27,www.hankyung.com,ko,override,ko,ko,1.0,,0.0,1
지드래곤 (G-Dragon),loyalty,28,biz.heraldcorp.com,ko,override,ko,ko,1.0,,0.0,1
지드래곤 (G-Dragon),loyalty,29,mgronline.com,th,override,th,th,0.698,,0.302,1
지드래곤 (G-Dragon),loyalty,30,vnexpress.net,vi,override,latin,vi,1.0,,1.0,1
지드래곤 (G-Dragon),loyalty,31,vnexpress.net,vi,override,latin,vi,1.0,,1.0,1
지드래곤 (G-Dragon),loyalty,32,www.rappler.com,tl,override,ko,ko,0.667,,0.333,0
지드래곤 (G-Dragon),loyalty,33,www.gmanetwork.com,tl,override,ko,ko,1.0,,0.0,0
지드래곤 (G-Dragon),loyalty,34,www.rappler.com,tl,override,ko,ko,0.694,,0.306,0
지드래곤 (G-Dragon),loyalty,35,www.kmib.co.kr,ko,override,ko,ko,0.852,,0.148,1
지드래곤 (G-Dragon),loyalty,36,purme.org,en,default,ko,ko,1.0,,0.0,0
지드래곤 (G-Dragon),loyalty,37,www.welfarenews.net,en,default,ko,ko,0.778,,0.222,0
지드래곤 (G-Dragon),loyalty,38,v.daum.net,ko,override,ko,ko,1.0,,0.0,1
지드래곤 (G-Dragon),loyalty,39,www.detik.com,id,override,ko,ko,0.93,,0.07,0
지드래곤 (G-Dragon),loyalty,40,www.douban.com,zh,override,ko,ko,0.899,,0.013,0
지드래곤 (G-Dragon),loyalty,41,www.sina.cn,zh,tld,ko,ko,0.528,,0.438,0
지드래곤 (G-Dragon),loyalty,42,www.wwdjapan.com,en,default,ko,ko,0.924,,0.076,0
지드래곤 (G-Dragon),loyalty,43,www.wwdjapan.com,en,default,ko,ko,0.947,,0.053,0
지드래곤 (G-Dragon),loyalty,44,fashionpost.jp,ja,tld,ko,ko,0.736,,0.165,0
지드래곤 (G-Dragon),loyalty,45,www.nzherald.co.nz,en,default,ko,ko,0.929,,0.071,0
지드래곤 (G-Dragon),loyalty,46,bangviparabs.wordpress.com,en,default,ko,ko,0.817,,0.183,0
지드래곤 (G-Dragon),spillover,0,www.newsis.com,ko,override,ko,ko,0.907,,0.093,1
지드래곤 (G-Dragon),spillover,1,sports.khan.co.kr,ko,override,ko,ko,1.0,,0.0,1
지드래곤 (G-Dragon),spillover,2,www.threads.com,en,override,ko,ko,1.0,,0.0,0
지드래곤 (G-Dragon),spillover,3,www.thefashionlaw.com,en,default,ko,ko,0.975,,0.025,0
지드래곤 (G-Dragon),spillover,4,www.thefashionlaw.com,en,default,ko,ko,1.0,,0.0,0
지드래곤 (G-Dragon),spillover,5,www.billboard.com,en,override,ko,ko,0.775,,0.225,0
지드래곤 (G-Dragon),spillover,6,www.starnewskorea.com,en,override,ko,ko,0.929,,0.071,0
지드래곤 (G-Dragon),spillover,7,www.starnewskorea.com,en,override,ko,ko,0.867,,0.133,0
지드래곤 (G-Dragon),spillover,8,www.vietnam.vn,vi,override,ko,ko,0.962,,0.038,0
지드래곤 (G-Dragon),spillover,9,www.vietnam.vn,vi,override,ko,ko,0.933,,0.067,0
지드래곤 (G-Dragon),spillover,10,www.koreaherald.com,en,override,ko,ko,1.0,,0.0,0
지드래곤 (G-Dragon),spillover,11,www.newsis.com,ko,override,ko,ko,0.936,,0.064,1
지드래곤 (G-Dragon),spillover,12,www.iworldtoday.com,en,default,ko,ko,1.0,,0.0,0
지드래곤 (G-Dragon),spillover,13,www.soompi.com,en,override,ko,ko,0.846,,0.154,0
지드래곤 (G-Dragon),spillover,14,www.soompi.com,en,override,ko,ko,1.0,,0.0,0
지드래곤 (G-Dragon),spillover,15,www.etoday.co.kr,ko,tld,ko,ko,1.0,,0.0,1
지드래곤 (G-Dragon),spillover,16,www.allkpop.com,en,override,ko,ko,1.0,,0.0,0
지드래곤 (G-Dragon),spillover,17,www.thirdanglenews.com,en,default,ko,ko,0.935,,0.065,0
지드래곤 (G-Dragon),spillover,18,www.autotribune.co.kr,ko,tld,ko,ko,0.955,,0.045,1
지드래곤 (G-Dragon),spillover,19,www.forbes.com,en,override,ko,ko,1.0,,0.0,0
지드래곤 (G-Dragon),spillover,20,www.mt.co.kr,ko,override,ko,ko,1.0,,0.0,1
지드래곤 (G-Dragon),spillover,21,v.daum.net,ko,override,ko,ko,1.0,,0.0,1
지드래곤 (G-Dragon),spillover,22,sports.khan.co.kr,ko,override,ko,ko,1.0,,0.0,1
지드래곤 (G-Dragon),spillover,23,v.daum.net,ko,override,ko,ko,1.0,,0.0,1
지드래곤 (G-Dragon),spillover,24,yg-life.com,ko,override,ko,ko,0.957,,0.0,1
지드래곤 (G-Dragon),spillover,25,www.topstarnews.net,ko,override,ko,ko,0.667,,0.333,1
지드래곤 (G-Dragon),spillover,26,www.starnewskorea.com,en,override,ko,ko,1.0,,0.0,0
지드래곤 (G-Dragon),spillover,27,www.vogue.co.kr,ko,tld,ko,ko,0.893,,0.107,1
지드래곤 (G-Dragon),spillover,28,www.harpersbazaar.co.kr,ko,tld,ko,ko,1.0,,0.0,1
지드래곤 (G-Dragon),spillover,29,news.sina.com.cn,zh,override,ko,ko,0.607,,0.393,0
지드래곤 (G-Dragon),spillover,30,www.163.com,zh,override,ko,ko,0.897,,0.103,0
지드래곤 (G-Dragon),spillover,31,www.oricon.co.jp,ja,tld,ko,ko,0.974,,0.0,0
지드래곤 (G-Dragon),spillover,32,www.infobae.com,es,override,ko,ko,0.712,,0.288,0
지드래곤 (G-Dragon),spillover,33,www.infobae.com,es,override,ko,ko,1.0,,0.0,0
지드래곤 (G-Dragon),spillover,34,www.infobae.com,es,override,ko,ko,1.0,,0.0,0
지드래곤 (G-Dragon),spillover,35,v.daum.net,ko,override,ko,ko,1.0,,0.0,1
지드래곤 (G-Dragon),spillover,36,m.ddaily.co.kr,ko,tld,ko,ko,0.748,,0.252,1
지드래곤 (G-Dragon),spillover,37,www.thestar.com.my,en,override,ko,ko,0.757,,0.243,0
지드래곤 (G-Dragon),spillover,38,www.malaymail.com,en,override,ko,ko,0.626,,0.374,0
지드래곤 (G-Dragon),spillover,39,en.wikipedia.org,en,wiki,ko,ko,1.0,,0.0,0
지드래곤 (G-Dragon),spillover,40,en.wikipedia.org,en,wiki,ko,ko,0.8,,0.2,0
지드래곤 (G-Dragon),spillover,41,en.wikipedia.org,en,wiki,ko,ko,0.835,,0.165,0
지드래곤 (G-Dragon),spillover,42,www.163.com,zh,override,zh,zh,0.443,,0.152,1
지드래곤 (G-Dragon),spillover,43,www.infobae.com,es,override,latin,es,1.058,,0.787,1
지드래곤 (G-Dragon),spillover,44,www.yesasia.ru,ru,override,latin,en,0.459,,0.437,0
지드래곤 (G-Dragon),spillover,45,digitalchosun.dizzo.com,ko,override,ko,ko,0.987,,0.013,1
지드래곤 (G-Dragon),spillover,46,www.lofficiel.com,en,default,latin,fr,1.986,,1.0,0
지드래곤 (G-Dragon),spillover,47,www.munhwa.com,ko,override,ko,ko,0.723,,0.277,1
지드래곤 (G-Dragon),spillover,48,www.munhwa.com,ko,override,ko,ko,0.928,,0.072,1
지드래곤 (G-Dragon),spillover,49,cine21.com,ko,override,ko,ko,0.741,,0.259,1
지드래곤 (G-Dragon),spillover,50,www.khan.co.kr,ko,tld,ko,ko,0.929,,0.071,1
지드래곤 (G-Dragon),spillover,51,v.daum.net,ko,override,ko,ko,1.0,,0.0,1
지드래곤 (G-Dragon),spillover,52,www.mhnse.com,en,default,ko,ko,0.912,,0.088,0
지드래곤 (G-Dragon),spillover,53,m.newsen.com,ko,override,ko,ko,1.0,,0.0,1
지드래곤 (G-Dragon),spillover,54,www.starnewskorea.com,en,override,ko,ko,1.0,,0.0,0
지드래곤 (G-Dragon),spillover,55,sports.khan.co.kr,ko,override,ko,ko,0.883,,0.117,1
지드래곤 (G-Dragon),spillover,56,www.omelete.com.br,pt,tld,latin,en,0.45,,0.625,0
지드래곤 (G-Dragon),spillover,57,recreio.com.br,pt,tld,ko,ko,0.795,,0.205,0
지드래곤 (G-Dragon),spillover,58,prtimes.jp,ja,tld,ko,ko,0.689,,0.311,0
지드래곤 (G-Dragon),spillover,59,kstyle.com,en,default,ko,ko,0.691,,0.309,0
지드래곤 (G-Dragon),spillover,60,www.dianyingjie.com.cn,zh,tld,ko,ko,0.571,,0.393,0
지드래곤 (G-Dragon),spillover,61,www.juksy.com,en,default,ko,ko,0.575,,0.425,0
지드래곤 (G-Dragon),spillover,62,news.knn.co.kr,ko,tld,ko,ko,1.0,,0.0,1
지드래곤 (G-Dragon),spillover,63,magazine.hankyung.com,ko,override,ko,ko,0.945,,0.055,1
지드래곤 (G-Dragon),spillover,64,www.mt.co.kr,ko,override,ko,ko,0.973,,0.027,1
지드래곤 (G-Dragon),spillover,65,www.hankyung.com,ko,override,ko,ko,1.0,,0.0,1
지드래곤 (G-Dragon),spillover,66,www.korezin.com,en,default,ko,ko,0.922,,0.078,0
지드래곤 (G-Dragon),spillover,67,www.koreaherald.com,en,override,ko,ko,0.984,,0.016,0
지드래곤 (G-Dragon),spillover,68,www.topstarnews.net,ko,override,ko,ko,0.802,,0.198,1
지드래곤 (G-Dragon),spillover,69,sports.khan.co.kr,ko,override,ko,ko,1.0,,0.0,1
지드래곤 (G-Dragon),spillover,70,v.daum.net,ko,override,ko,ko,0.955,,0.045,1
지드래곤 (G-Dragon),spillover,71,www.etnews.com,en,default,ko,ko,1.0,,0.0,0
지드래곤 (G-Dragon),spillover,72,www.asiae.co.kr,ko,tld,ko,ko,0.941,,0.059,1
지드래곤 (G-Dragon),spillover,73,www.vogue.co.kr,ko,tld,ko,ko,1.0,,0.0,1
지드래곤 (G-Dragon),spillover,74,hypebeast.kr,en,override,ko,ko,1.0,,0.0,0
지드래곤 (G-Dragon),spillover,75,www.newsis.com,ko,override,ko,ko,0.846,,0.154,1
지드래곤 (G-Dragon),spillover,76,www.freestyle666.com,en,default,ko,ko,0.832,,0.168,0
지드래곤 (G-Dragon),spillover,77,nowre.com,en,default,ko,ko,0.869,,0.131,0
지드래곤 (G-Dragon),spillover,78,tw.news.yahoo.com,en,default,ko,ko,0.638,,0.362,0
지드래곤 (G-Dragon),spillover,79,www.hk01.com,zh,override,ko,ko,0.641,,0.141,0
지드래곤 (G-Dragon),spillover,80,www.jiemian.com,en,default,ko,ko,0.758,,0.063,0
지드래곤 (G-Dragon),spillover,81,www.dazeddigital.com,en,default,ko,ko,0.885,,0.115,0
지드래곤 (G-Dragon),spillover,82,www.pinkvilla.com,en,default,ko,ko,0.875,,0.125,0
지드래곤 (G-Dragon),spillover,83,www.nzherald.co.nz,en,default,ko,ko,0.783,,0.217,0
지드래곤 (G-Dragon),spillover,84,www.mt.co.kr,ko,override,ko,ko,1.0,,0.0,1
지드래곤 (G-Dragon),spillover,85,www.purepeople.com,en,default,ko,ko,1.0,,0.0,0
지코,loyalty,0,namu.wiki,ko,override,ko,ko,0.829,,0.171,1
지코,loyalty,1,namu.wiki,ko,override,ko,ko,0.862,,0.138,1
지코,loyalty,2,www.munhwa.com,ko,override,ko,ko,1.0,,0.0,1
지코,loyalty,3,www.koreadaily.com,ko,override,ko,ko,0.75,,0.25,1
지코,loyalty,4,x.com,en,override,ko,ko,0.551,,0.449,0
지코,loyalty,5,en.wikipedia.org,en,wiki,ko,ko,1.0,,0.0,0
지코,loyalty,6,www.sportskeeda.com,en,override,ko,ko,1.0,,0.0,0
지코,loyalty,7,namu.wiki,ko,override,ko,ko,0.833,,0.167,1
지코,loyalty,8,www.hankyung.com,ko,override,ko,ko,1.0,,0.0,1
지코,loyalty,9,natalie.mu,ja,override,ko,ko,0.826,,0.087,0
지코,loyalty,10,www.fnnews.com,ko,override,ko,ko,0.952,,0.048,1
지코,loyalty,11,sports.khan.co.kr,ko,override,ko,ko,0.943,,0.057,1
지코,loyalty,12,www.etoday.co.kr,ko,tld,ko,ko,0.625,,0.375,1
지코,loyalty,13,star.ytn.co.kr,ko,override,ko,ko,0.954,,0.046,1
지코,loyalty,14,news.nate.com,ko,override,ko,ko,1.0,,0.0,1
지코,loyalty,15,www.billboard-japan.com,ja,override,ko,ko,0.714,,0.286,0
지코,loyalty,16,www.oricon.co.jp,ja,tld,ko,ko,0.852,,0.148,0
지코,loyalty,17,star.ettoday.net,zh,override,ko,ko,0.794,,0.206,0
지코,loyalty,18,www.sanook.com,th,override,latin,en,0.703,,0.627,0
지코,loyalty,19,www.sanook.com,th,override,ko,ko,0.84,,0.16,0
지코,loyalty,20,www.thairath.co.th,th,override,ko,ko,0.531,,0.469,0
지코,loyalty,21,kudago.com,en,default,ko,ko,0.756,,0.244,0
지코,loyalty,22,namu.wiki,ko,override,ko,ko,1.0,,0.0,1
지코,loyalty,23,namu.wiki,ko,override,ko,ko,0.829,,0.171,1
지코,loyalty,24,www.soompi.com,en,override,ko,ko,0.879,,0.121,0
지코,loyalty,25,www.munhwa.com,ko,override,ko,ko,1.0,,0.0,1
지코,loyalty,26,weibo.com,zh,override,ko,ko,0.677,,0.246,0
지코,loyalty,27,www.mkpop.fr,fr,tld,ko,ko,0.849,,0.151,0
지코,spillover,0,www.news1.kr,ko,override,ko,ko,1.0,,0.0,1
지코,spillover,1,namu.wiki,ko,override,ko,ko,1.0,,0.0,1
지코,spillover,2,namu.wiki,ko,override,ko,ko,0.943,,0.057,1
지코,spillover,3,en.wikipedia.org,en,wiki,ko,ko,0.652,,0.348,0
지코,spillover,4,www.soompi.com,en,override,ko,ko,0.811,,0.189,0
지코,spillover,5,en.wikipedia.org,en,wiki,ko,ko,0.768,,0.232,0
지코,spillover,6,en.wikipedia.org,en,wiki,ko,ko,1.0,,0.0,0
지코,spillover,7,en.wikipedia.org,en,wiki,ko,ko,0.883,,0.117,0
지코,spillover,8,en.wikipedia.org,en,wiki,ko,ko,1.0,,0.0,0
지코,spillover,9,en.wikipedia.org,en,wiki,ko,ko,0.915,,0.085,0
지코,spillover,10,en.wikipedia.org,en,wiki,ko,ko,1.0,,0.0,0
지코,spillover,11,en.wikipedia.org,en,wiki,ko,ko,1.0,,0.0,0
지코,spillover,12,en.wikipedia.org,en,wiki,ko,ko,1.0,,0.0,0
지코,spillover,13,en.wikipedia.org,en,wiki,ko,ko,0.955,,0.045,0
지코,spillover,14,en.wikipedia.org,en,wiki,ko,ko,0.8,,0.2,0
지코,spillover,15,en.wikipedia.org,en,wiki,ko,ko,0.875,,0.125,0
지코,spillover,16,en.wikipedia.org,en,wiki,ko,ko,1.0,,0.0,0
지코,spillover,17,en.wikipedia.org,en,wiki,ko,ko,0.788,,0.212,0
지코,spillover,18,en.wikipedia.org,en,wiki,ko,ko,0.911,,0.089,0
지코,spillover,19,www.news1.kr,ko,override,ko,ko,1.0,,0.0,1
지코,spillover,20,v.daum.net,ko,override,ko,ko,0.75,,0.25,1
지코,spillover,21,m.news1.kr,ko,override,ko,ko,0.9,,0.1,1
지코,spillover,22,www.appjournal.kr,ko,tld,ko,ko,1.0,,0.0,1
지코,spillover,23,www.koreadaily.com,ko,override,ko,ko,0.742,,0.258,1
지코,spillover,24,news.nate.com,ko,override,ko,ko,1.0,,0.0,1
지코,spillover,25,natalie.mu,ja,override,ko,ko,0.717,,0.283,0
지코,spillover,26,y.qq.com,zh,override,ko,ko,0.663,,0.337,0
지코,spillover,27,www.fnnews.com,ko,override,ko,ko,0.954,,0.046,1
지코,spillover,28,www.thefirstmedia.net,en,default,ko,ko,1.0,,0.0,0
지코,spillover,29,cosmorning.com,en,default,ko,ko,1.0,,0.0,0
지코,spillover,30,www.sedaily.com,ko,override,ko,ko,0.911,,0.089,1
지코,spillover,31,www.sedaily.com,ko,override,ko,ko,0.968,,0.032,1
지코,spillover,32,plus.hankyung.com,ko,override,ko,ko,0.935,,0.065,1
지코,spillover,33,biz.heraldcorp.com,ko,override,ko,ko,0.96,,0.04,1
지코,spillover,34,www.etoday.co.kr,ko,tld,ko,ko,0.918,,0.082,1
지코,spillover,35,femmusic.com,en,default,ko,ko,0.882,,0.118,0
지코,spillover,36,www.gqkorea.co.kr,ko,tld,ko,ko,1.0,,0.0,1
지코,spillover,37,www.gqkorea.co.kr,ko,tld,ko,ko,0.906,,0.094,1
지코,spillover,38,www.asiatoday.co.kr,ko,tld,ko,ko,1.0,,0.0,1
지코,spillover,39,www.harpersbazaar.co.kr,ko,tld,ko,ko,1.0,,0.0,1
지코,spillover,40,v.daum.net,ko,override,ko,ko,0.935,,0.065,1
지코,spillover,41,v.daum.net,ko,override,ko,ko,0.912,,0.088,1
지코,spillover,42,www.idntimes.com,id,override,ko,ko,1.0,,0.0,0
지코,spillover,43,www.sanook.com,th,override,latin,pt,0.14,,0.571,0
지코,spillover,44,www.wikitree.co.kr,ko,tld,ko,ko,1.0,,0.0,1
지코,spillover,45,namu.wiki,ko,override,ko,ko,1.0,,0.0,1
지코,spillover,46,star.ettoday.net,zh,override,ko,ko,0.776,,0.224,0
지코,spillover,47,www.thefirsttimes.jp,ja,tld,ko,ko,0.62,,0.315,0
지코,spillover,48,www.newsis.com,ko,override,ko,ko,1.0,,0.0,1
지코,spillover,49,www.korezin.com,en,default,ko,ko,1.0,,0.0,0
지코,spillover,50,tenbizt.com,en,default,ko,ko,0.875,,0.125,0
지코,spillover,51,tenbizt.com,en,default,ko,ko,0.873,,0.127,0
지코,spillover,52,www.news1.kr,ko,override,ko,ko,1.0,,0.0,1
지코,spillover,53,hypebeast.kr,en,override,ko,ko,0.861,,0.139,0
지코,spillover,54,www.thefirstmedia.net,en,default,ko,ko,1.0,,0.0,0
지코,spillover,55,www.ajunews.com,ko,override,ko,ko,1.0,,0.0,1
지코,spillover,56,v.daum.net,ko,override,ko,ko,0.875,,0.125,1
지코,spillover,57,www.ajunews.com,ko,override,ko,ko,1.0,,0.0,1
지코,spillover,58,namu.wiki,ko,override,ko,ko,1.0,,0.0,1
지코,spillover,59,namu.wiki,ko,override,ko,ko,1.0,,0.0,1
지코,spillover,60,www.sedaily.com,ko,override,ko,ko,0.979,,0.021,1
지코,spillover,61,www.chinatimes.com,zh,override,ko,ko,0.822,,0.159,0
지코,spillover,62,ilovekorea.jp,ja,tld,ko,ko,0.889,,0.111,0
지코,spillover,63,www.sina.cn,zh,tld,ko,ko,0.636,,0.364,0
지코,spillover,64,hk.ulifestyle.com.hk,zh,tld,ko,ko,0.6,,0.362,0
지코,spillover,65,www.oricon.co.jp,ja,tld,ko,ko,0.507,,0.493,0
지코,spillover,66,news.infoseek.co.jp,ja,tld,ko,ko,0.549,,0.245,0
지코,spillover,67,news.infoseek.co.jp,ja,tld,ko,ko,0.718,,0.282,0
지코,spillover,68,e.usen.com,en,default,ko,ko,0.632,,0.368,0
지코,spillover,69,www.tenasia.co.kr,ko,tld,ko,ko,0.782,,0.218,1
지코,spillover,70,3rabica.org,en,default,ko,ko,0.793,,0.207,0
지코,spillover,71,www.bloglabanana.com,en,default,ko,ko,0.634,,0.366,0
지코,spillover,72,www.bloglabanana.com,en,default,ko,ko,0.653,,0.347,0
박재범,loyalty,0,namu.wiki,ko,override,ko,ko,0.583,,0.417,1
박재범,loyalty,1,namu.wiki,ko,override,ko,ko,0.81,,0.19,1
박재범,loyalty,2,x.com,en,override,ko,ko,0.548,,0.452,0
박재범,loyalty,3,elle.com.sg,en,default,ko,ko,1.0,,0.0,0
박재범,loyalty,4,www.clashmusic.com,en,default,ko,ko,0.667,,0.333,0
박재범,loyalty,5,sports.khan.co.kr,ko,override,latin,en,1.184,,1.0,0
박재범,loyalty,6,sports.khan.co.kr,ko,override,latin,en,1.118,,1.0,0
박재범,loyalty,7,v.daum.net,ko,override,ko,ko,1.0,,0.0,1
박재범,loyalty,8,v.daum.net,ko,override,latin,en,1.33,,0.692,0
박재범,loyalty,9,tw.weibo.com,zh,override,ko,ko,0.591,,0.409,0
박재범,loyalty,10,natalie.mu,ja,override,ko,ko,1.0,,0.0,0
박재범,loyalty,11,www.bangkokpost.com,en,default,latin,en,0.817,,0.551,1
박재범,loyalty,12,x.com,en,override,ko,ko,0.66,,0.34,0
박재범,loyalty,13,dantri.com.vn,vi,tld,ko,ko,0.861,,0.139,0
박재범,loyalty,14,voi.id,id,tld,ko,ko,0.923,,0.077,0
박재범,loyalty,15,www.diodeo.com,en,default,ko,ko,0.694,,0.306,0
박재범,loyalty,16,www.jaypark.com,en,default,ko,ko,0.556,,0.444,0
박재범,loyalty,17,www.timeout.com,en,override,ko,ko,0.731,,0.269,0
박재범,loyalty,18,www.jaypark.com,en,default,ko,ko,0.71,,0.29,0
박재범,loyalty,19,m.kmib.co.kr,ko,override,ko,ko,1.0,,0.0,1
박재범,loyalty,20,news.sbs.co.kr,ko,override,ko,ko,1.0,,0.0,1
박재범,loyalty,21,barks.jp,ja,override,ko,ko,0.613,,0.387,0
박재범,loyalty,22,natalie.mu,ja,override,ko,ko,1.0,,0.0,0
박재범,loyalty,23,www.juksy.com,en,default,ko,ko,0.781,,0.156,0
박재범,loyalty,24,www.excelsior.com.mx,es,override,ko,ko,0.591,,0.409,0
박재범,loyalty,25,los40.com.mx,es,tld,ko,ko,0.571,,0.429,0
박재범,loyalty,26,hot.detik.com,id,override,ko,ko,1.0,,0.0,0
박재범,loyalty,27,www.idntimes.com,id,override,ko,ko,1.0,,0.0,0
박재범,loyalty,28,www.idntimes.com,id,override,ko,ko,1.0,,0.0,0
박재범,loyalty,29,musicstation.kapook.com,th,override,ko,ko,0.65,,0.35,0
박재범,loyalty,30,www.thairath.co.th,th,override,ko,ko,0.571,,0.429,0
박재범,loyalty,31,musicstation.kapook.com,th,override,ko,ko,0.517,,0.483,0
박재범,loyalty,32,workpointtoday.com,th,override,ko,ko,0.75,,0.25,0
박재범,loyalty,33,brightsideconcerts.com,en,default,ko,ko,0.545,,0.455,0
박재범,loyalty,34,kenh14.vn,vi,override,ko,ko,0.679,,0.321,0
박재범,loyalty,35,kenh14.vn,vi,override,ko,ko,0.576,,0.424,0
박재범,loyalty,36,www.k-world.fr,fr,override,ko,ko,0.567,,0.433,0
박재범,loyalty,37,www.philstar.com,tl,override,ko,ko,1.0,,0.0,0
박재범,loyalty,38,billboard.com.br,pt,tld,ko,ko,0.854,,0.146,0
박재범,loyalty,39,billboard.com.br,pt,tld,ko,ko,0.805,,0.195,0
박재범,loyalty,40,tvreport.co.kr,ko,override,ko,ko,1.0,,0.0,1
박재범,loyalty,41,news.sbs.co.kr,ko,override,ko,ko,1.0,,0.0,1
박재범,loyalty,42,www.jaypark.com,en,default,ko,ko,0.833,,0.167,0
박재범,loyalty,43,www.weibo.com,zh,override,ko,ko,0.821,,0.125,0
박재범,loyalty,44,kenh14.vn,vi,override,ko,ko,0.805,,0.195,0
박재범,loyalty,45,2sao.vn,vi,tld,latin,vi,1.0,,0.522,1
박재범,loyalty,46,www.nzherald.co.nz,en,default,ko,ko,0.836,,0.164,0
박재범,loyalty,47,sports.khan.co.kr,ko,override,ko,ko,0.871,,0.129,1
박재범,loyalty,48,www.nuitscoreennes.fr,fr,tld,ko,ko,0.544,,0.456,0
박재범,spillover,0,bizhankook.com,ko,override,ko,ko,1.0,,0.0,1
박재범,spillover,1,bizhankook.com,ko,override,ko,ko,1.0,,0.0,1
박재범,spillover,2,bizhankook.com,ko,override,ko,ko,1.0,,0.0,1
박재범,spillover,3,www.seoul.co.kr,ko,tld,ko,ko,1.0,,0.0,1
박재범,spillover,4,www.billboard.com,en,override,latin,en,0.538,,0.531,1
박재범,spillover,5,elle.com.sg,en,default,ko,ko,0.776,,0.224,0
박재범,spillover,6,elle.com.sg,en,default,ko,ko,0.844,,0.156,0
박재범,spillover,7,elle.com.sg,en,default,ko,ko,0.596,,0.404,0
박재범,spillover,8,hypebeast.kr,en,override,latin,en,1.066,,1.0,1
박재범,spillover,9,en.wikipedia.org,en,wiki,latin,en,1.047,,1.0,1
박재범,spillover,10,en.wikipedia.org,en,wiki,latin,en,1.228,,1.0,1
박재범,spillover,11,en.wikipedia.org,en,wiki,latin,en,1.094,,1.0,1
박재범,spillover,12,www.wikitree.co.kr,ko,tld,ko,ko,1.0,,0.0,1
박재범,spillover,13,m.ddaily.co.kr,ko,tld,ko,ko,1.0,,0.0,1
박재범,spillover,14,www.eyesmag.com,en,default,ko,ko,0.7,,0.3,0
박재범,spillover,15,www.hankyung.com,ko,override,ko,ko,1.0,,0.0,1
박재범,spillover,16,billboard.co.kr,ko,tld,ko,ko,1.0,,0.0,1
박재범,spillover,17,www.youtube.com,en,override,ko,ko,0.786,,0.214,0
박재범,spillover,18,cj.sina.com.cn,zh,override,ko,ko,0.565,,0.435,0
박재범,spillover,19,www.infobae.com,es,override,ko,ko,0.673,,0.327,0
박재범,spillover,20,www.bizhankook.com,ko,override,ko,ko,1.0,,0.0,1
박재범,spillover,21,www.theguru.co.kr,ko,tld,ko,ko,1.0,,0.0,1
박재범,spillover,22,dantri.com.vn,vi,tld,ko,ko,0.812,,0.188,0
박재범,spillover,23,www.etoday.co.kr,ko,tld,ko,ko,0.612,,0.388,1
박재범,spillover,24,www.etoday.co.kr,ko,tld,ko,ko,0.704,,0.296,1
박재범,spillover,25,www.prnewswire.com,en,default,latin,en,0.933,,0.912,1
박재범,spillover,26,www.jaypark.com,en,default,latin,fr,0.137,,0.735,0
박재범,spillover,27,www.kado.net,en,default,ko,ko,1.0,,0.0,0
박재범,spillover,28,www.hidomin.com,en,default,ko,ko,1.0,,0.0,0
박재범,spillover,29,www.idntimes.com,id,override,ko,ko,1.0,,0.0,0
박재범,spillover,30,www.wikitree.co.kr,ko,tld,ko,ko,1.0,,0.0,1
박재범,spillover,31,www.ggilbo.com,en,default,ko,ko,1.0,,0.0,0
박재범,spillover,32,namu.wiki,ko,override,ko,ko,0.94,,0.06,1
박재범,spillover,33,namu.wiki,ko,override,ko,ko,1.0,,0.0,1
박재범,spillover,34,mb.com.ph,tl,override,ko,ko,0.723,,0.277,0
박재범,spillover,35,www.hancinema.net,en,default,ko,ko,0.714,,0.286,0
박재범,spillover,36,www.hancinema.net,en,default,ko,ko,0.767,,0.233,0
박재범,spillover,37,www.koreatimes.co.kr,en,override,ko,ko,0.776,,0.224,0
박재범,spillover,38,hypebeast.com,en,override,ko,ko,0.769,,0.141,0
박재범,spillover,39,ko.wikipedia.org,ko,wiki,ko,ko,1.0,,0.0,1
박재범,spillover,40,ko.wikipedia.org,ko,wiki,ko,ko,1.0,,0.0,1
박재범,spillover,41,ko.wikipedia.org,ko,wiki,ko,ko,1.0,,0.0,1
박재범,spillover,42,ko.wikipedia.org,ko,wiki,ko,ko,0.88,,0.12,1
박재범,spillover,43,www.bizhankook.com,ko,override,ko,ko,1.0,,0.0,1
박재범,spillover,44,www.mt.co.kr,ko,override,ko,ko,0.97,,0.03,1
박재범,spillover,45,www.korezin.com,en,default,ko,ko,0.847,,0.153,0
박재범,spillover,46,www.stagepick.co.kr,ko,tld,ko,ko,1.0,,0.0,1
박재범,spillover,47,hypebeast.kr,en,override,ko,ko,0.853,,0.147,0
박재범,spillover,48,www.weloveadidas.com,en,default,ko,ko,1.0,,0.0,0
박재범,spillover,49,www.newspim.com,en,default,ko,ko,0.935,,0.065,0
박재범,spillover,50,news.mt.co.kr,ko,override,ko,ko,0.714,,0.286,1
박재범,spillover,51,www.prnewswire.com,en,default,latin,en,0.849,,0.57,1
박재범,spillover,52,block.fm,en,default,ko,ko,0.602,,0.398,0
박재범,spillover,53,www.hk01.com,zh,override,ko,ko,0.869,,0.033,0
박재범,spillover,54,www.hk01.com,zh,override,ko,ko,0.91,,0.026,0
박재범,spillover,55,baomoi.com,en,default,ko,ko,0.612,,0.388,0
박재범,spillover,56,rollingstoneindia.com,en,default,ko,ko,0.5,,0.5,0
박재범,spillover,57,rollingstoneindia.com,en,default,latin,en,0.706,,0.612,1
박재범,spillover,58,www.nzherald.co.nz,en,default,ko,ko,0.967,,0.033,0
박재범,spillover,59,tvreport.co.kr,ko,override,ko,ko,0.843,,0.157,1
박재범,spillover,60,ar.wikipedia.org,ar,wiki,ko,ko,0.824,,0.081,0
다이나믹듀오,loyalty,0,namu.wiki,ko,override,ko,ko,0.886,,0.114,1
다이나믹듀오,loyalty,1,www.starnewskorea.com,en,override,ko,ko,1.0,,0.0,0
다이나믹듀오,loyalty,2,www.starnewskorea.com,en,override,ko,ko,1.0,,0.0,0
다이나믹듀오,loyalty,3,www.nocutnews.co.kr,ko,tld,ko,ko,1.0,,0.0,1
다이나믹듀오,loyalty,4,www.forbes.com,en,override,ko,ko,1.0,,0.0,0
다이나믹듀오,loyalty,5,www.forbes.com,en,override,ko,ko,0.902,,0.098,0
다이나믹듀오,loyalty,6,www.andongdaily.com,ko,override,latin,en,1.429,,0.932,0
다이나믹듀오,loyalty,7,www.andongdaily.com,ko,override,latin,en,0.781,,1.0,0
다이나믹듀오,loyalty,8,v.daum.net,ko,override,ko,ko,1.0,,0.0,1
다이나믹듀오,loyalty,9,www.asiaartistawards.com,en,default,ko,ko,1.0,,0.0,0
다이나믹듀오,loyalty,10,www.myrealtrip.com,en,default,ko,ko,1.0,,0.0,0
다이나믹듀오,loyalty,11,www.andongdaily.com,ko,override,ko,ko,1.0,,0.0,1
다이나믹듀오,loyalty,12,www.goodkyung.com,en,default,ko,ko,1.0,,0.0,0
다이나믹듀오,loyalty,13,enews.imbc.com,en,default,ko,ko,1.0,,0.0,0
다이나믹듀오,loyalty,14,v.daum.net,ko,override,ko,ko,1.0,,0.0,1
다이나믹듀오,loyalty,15,v.daum.net,ko,override,ko,ko,1.0,,0.0,1
다이나믹듀오,loyalty,16,prtimes.jp,ja,tld,ko,ko,0.733,,0.267,0
다이나믹듀오,loyalty,17,ototoy.jp,ja,tld,ko,ko,0.538,,0.41,0
다이나믹듀오,loyalty,18,www.koimagazine.fr,fr,tld,ko,ko,0.745,,0.255,0
다이나믹듀오,loyalty,19,actukoncerts.com,en,default,ko,ko,0.692,,0.308,0
다이나믹듀오,loyalty,20,mb.com.ph,tl,override,ko,ko,0.559,,0.441,0
다이나믹듀오,loyalty,21,v.daum.net,ko,override,ko,ko,1.0,,0.0,1
다이나믹듀오,loyalty,22,namu.wiki,ko,override,ko,ko,0.921,,0.079,1
다이나믹듀오,loyalty,23,prtimes.jp,ja,tld,ko,ko,0.55,,0.45,0
다이나믹듀오,loyalty,24,buzzyroots.com,en,default,ko,ko,0.647,,0.353,0
다이나믹듀오,loyalty,25,bonjour-coree.org,en,default,ko,ko,0.815,,0.185,0
다이나믹듀오,spillover,0,namu.wiki,ko,override,ko,ko,1.0,,0.0,1
다이나믹듀오,spillover,1,www.starnewskorea.com,en,override,ko,ko,0.955,,0.045,0
다이나믹듀오,spillover,2,www.forbes.com,en,override,ko,ko,0.81,,0.19,0
다이나믹듀오,spillover,3,www.forbes.com,en,override,ko,ko,0.744,,0.256,0
다이나믹듀오,spillover,4,www.forbes.com,en,override,ko,ko,0.846,,0.154,0
다이나믹듀오,spillover,5,kpop.fandom.com,en,default,ko,ko,0.95,,0.05,0
다이나믹듀오,spillover,6,en.wikipedia.org,en,wiki,latin,en,1.349,,1.0,1
다이나믹듀오,spillover,7,en.wikipedia.org,en,wiki,latin,en,1.009,,1.0,1
다이나믹듀오,spillover,8,www.koreadaily.com,ko,override,ko,ko,1.0,,0.0,1
다이나믹듀오,spillover,9,sports.khan.co.kr,ko,override,ko,ko,1.0,,0.0,1
다이나믹듀오,spillover,10,sports.khan.co.kr,ko,override,ko,ko,1.0,,0.0,1
다이나믹듀오,spillover,11,m.thesegye.com,en,default,ko,ko,1.0,,0.0,0
다이나믹듀오,spillover,12,namu.wiki,ko,override,ko,ko,0.722,,0.278,1
다이나믹듀오,spillover,13,namu.wiki,ko,override,ko,ko,0.782,,0.218,1
다이나믹듀오,spillover,14,www.wikitree.co.kr,ko,tld,ko,ko,1.0,,0.0,1
다이나믹듀오,spillover,15,namu.wiki,ko,override,ko,ko,0.917,,0.083,1
다이나믹듀오,spillover,16,namu.wiki,ko,override,ko,ko,0.942,,0.058,1
다이나믹듀오,spillover,17,m.ticketlink.co.kr,ko,tld,ko,ko,1.0,,0.0,1
다이나믹듀오,spillover,18,www.mydaily.co.kr,ko,override,ko,ko,1.0,,0.0,1
다이나믹듀오,spillover,19,www.newstnt.com,en,default,ko,ko,1.0,,0.0,0
다이나믹듀오,spillover,20,sports.khan.co.kr,ko,override,ko,ko,1.0,,0.0,1
다이나믹듀오,spillover,21,www.dailian.co.kr,ko,tld,ko,ko,0.969,,0.031,1
다이나믹듀오,spillover,22,namu.wiki,ko,override,ko,ko,1.0,,0.0,1
다이나믹듀오,spillover,23,namu.wiki,ko,override,latin,en,0.97,,0.583,0
다이나믹듀오,spillover,24,isplus.com,ko,override,ko,ko,1.0,,0.0,1
다이나믹듀오,spillover,25,www.korezin.com,en,default,ko,ko,1.0,,0.0,0
다이나믹듀오,spillover,26,namu.wiki,ko,override,ko,ko,0.734,,0.266,1
다이나믹듀오,spillover,27,namu.wiki,ko,override,ko,ko,0.75,,0.25,1
다이나믹듀오,spillover,28,namu.wiki,ko,override,ko,ko,0.526,,0.474,1
다이나믹듀오,spillover,29,namu.wiki,ko,override,ko,ko,0.617,,0.383,1
다이나믹듀오,spillover,30,namu.wiki,ko,override,ko,ko,0.893,,0.107,1
다이나믹듀오,spillover,31,namu.wiki,ko,override,ko,ko,1.0,,0.0,1
다이나믹듀오,spillover,32,www.topstarnews.net,ko,override,ko,ko,0.725,,0.275,1
다이나믹듀오,spillover,33,sports.khan.co.kr,ko,override,ko,ko,0.654,,0.346,1
다이나믹듀오,spillover,34,www.mt.co.kr,ko,override,ko,ko,1.0,,0.0,1
다이나믹듀오,spillover,35,news.tf.co.kr,ko,tld,ko,ko,0.733,,0.267,1
다이나믹듀오,spillover,36,news.tf.co.kr,ko,tld,ko,ko,1.0,,0.0,1
다이나믹듀오,spillover,37,v.daum.net,ko,override,ko,ko,0.757,,0.243,1
다이나믹듀오,spillover,38,sports.khan.co.kr,ko,override,ko,ko,0.969,,0.031,1
다이나믹듀오,spillover,39,sports.khan.co.kr,ko,override,ko,ko,1.0,,0.0,1
다이나믹듀오,spillover,40,www.sedaily.com,ko,override,ko,ko,0.809,,0.191,1
다이나믹듀오,spillover,41,baike.baidu.com,zh,override,ko,ko,0.771,,0.171,0
에픽하이,loyalty,0,sports.khan.co.kr,ko,override,ko,ko,0.842,,0.158,1
에픽하이,loyalty,1,www.mhns.co.kr,ko,override,ko,ko,0.935,,0.065,1
에픽하이,loyalty,2,namu.wiki,ko,override,ko,ko,1.0,,0.0,1
에픽하이,loyalty,3,www.imbc.com,en,default,ko,ko,1.0,,0.0,0
에픽하이,loyalty,4,kpopisforeveryone.wordpress.com,en,default,ko,ko,0.7,,0.3,0
에픽하이,loyalty,5,www.nbcnews.com,en,override,ko,ko,1.0,,0.0,0
에픽하이,loyalty,6,hiphopkr.com,en,default,ko,ko,0.732,,0.268,0
에픽하이,loyalty,7,www.hankyung.com,ko,override,latin,en,0.915,,1.0,0
에픽하이,loyalty,8,tickets.interpark.com,en,default,ko,ko,0.524,,0.476,0
에픽하이,loyalty,9,sports.khan.co.kr,ko,override,ko,ko,1.0,,0.0,1
에픽하이,loyalty,10,www.coloradotimesnews.com,en,default,ko,ko,1.0,,0.0,0
에픽하이,loyalty,11,overseas.weibo.com,zh,override,ko,ko,0.532,,0.468,0
에픽하이,loyalty,12,music.oricon.co.jp,ja,tld,ko,ko,0.679,,0.321,0
에픽하이,loyalty,13,x.com,en,override,ko,ko,0.953,,0.047,0
에픽하이,loyalty,14,tickets.interpark.com,en,default,ko,ko,0.906,,0.094,0
에픽하이,loyalty,15,hot.detik.com,id,override,ko,ko,0.902,,0.098,0
에픽하이,loyalty,16,hiphopkr.com,en,default,ko,ko,0.739,,0.261,0
에픽하이,loyalty,17,www.topstarnews.net,ko,override,ko,ko,0.833,,0.167,1
에픽하이,loyalty,18,today.line.me,en,default,ko,ko,0.6,,0.3,0
에픽하이,loyalty,19,sonica.mx,es,tld,ko,ko,0.612,,0.388,0
에픽하이,loyalty,20,www.publimetro.com.mx,es,tld,ko,ko,0.583,,0.417,0
에픽하이,loyalty,21,hot.detik.com,id,override,ko,ko,1.0,,0.0,0
에픽하이,loyalty,22,hot.detik.com,id,override,ko,ko,1.0,,0.0,0
에픽하이,loyalty,23,www.idntimes.com,id,override,ko,ko,1.0,,0.0,0
에픽하이,loyalty,24,www.idntimes.com,id,override,ko,ko,0.894,,0.106,0
에픽하이,loyalty,25,www.idntimes.com,id,override,ko,ko,0.794,,0.206,0
에픽하이,loyalty,26,www.sanook.com,th,override,ko,ko,0.714,,0.286,0
에픽하이,loyalty,27,www.sanook.com,th,override,ko,ko,0.68,,0.32,0
에픽하이,loyalty,28,tuoitre.vn,vi,override,ko,ko,1.0,,0.0,0
에픽하이,loyalty,29,hanoionline.vn,vi,tld,ko,ko,1.0,,0.0,0
에픽하이,loyalty,30,www.nautiljon.com,en,default,ko,ko,0.679,,0.321,0
에픽하이,loyalty,31,www.nautiljon.com,en,default,ko,ko,0.804,,0.196,0
에픽하이,loyalty,32,koreasowls.fr,fr,override,ko,ko,0.808,,0.192,0
에픽하이,loyalty,33,www.k-world.fr,fr,override,ko,ko,0.778,,0.222,0
에픽하이,loyalty,34,namu.wiki,ko,override,ko,ko,0.743,,0.257,1
에픽하이,loyalty,35,mb.com.ph,tl,override,ko,ko,1.0,,0.0,0
에픽하이,loyalty,36,www.cafecomkimchi.com.br,pt,tld,ko,ko,0.681,,0.319,0
에픽하이,loyalty,37,sports.khan.co.kr,ko,override,ko,ko,1.0,,0.0,1
에픽하이,loyalty,38,www.twig24.com,ko,override,ko,ko,0.925,,0.075,1
에픽하이,loyalty,39,sports.khan.co.kr,ko,override,ko,ko,1.0,,0.0,1
에픽하이,loyalty,40,news.nate.com,ko,override,ko,ko,1.0,,0.0,1
에픽하이,loyalty,41,ko.wikipedia.org,ko,wiki,ko,ko,0.625,,0.375,1
에픽하이,loyalty,42,namu.wiki,ko,override,ko,ko,1.0,,0.0,1
에픽하이,loyalty,43,www.douban.com,zh,override,ko,ko,0.746,,0.209,0
에픽하이,loyalty,44,www.wwdjapan.com,en,default,ko,ko,0.678,,0.059,0
에픽하이,loyalty,45,ent.sina.cn,zh,tld,ko,ko,0.78,,0.053,0
에픽하이,spillover,0,namu.wiki,ko,override,ko,ko,1.0,,0.0,1
에픽하이,spillover,1,www.nbcnews.com,en,override,ko,ko,0.984,,0.016,0
에픽하이,spillover,2,www.nbcnews.com,en,override,ko,ko,0.689,,0.311,0
에픽하이,spillover,3,hiphopkr.com,en,default,ko,ko,0.938,,0.062,0
에픽하이,spillover,4,en.wikipedia.org,en,wiki,latin,en,0.914,,1.0,1
에픽하이,spillover,5,en.wikipedia.org,en,wiki,latin,en,1.081,,1.0,1
에픽하이,spillover,6,en.wikipedia.org,en,wiki,latin,en,1.08,,1.0,1
에픽하이,spillover,7,www.sportsworldi.com,ko,override,ko,ko,1.0,,0.0,1
에픽하이,spillover,8,www.newstomato.com,en,default,ko,ko,1.0,,0.0,0
에픽하이,spillover,9,natalie.mu,ja,override,ko,ko,0.8,,0.2,0
에픽하이,spillover,10,www.oricon.co.jp,ja,tld,ko,ko,1.0,,0.0,0
에픽하이,spillover,11,www.infobae.com,es,override,ko,ko,1.0,,0.0,0
에픽하이,spillover,12,www.infobae.com,es,override,ko,ko,1.0,,0.0,0
에픽하이,spillover,13,www.kompas.com,id,override,ko,ko,0.87,,0.13,0
에픽하이,spillover,14,namu.wiki,ko,override,ko,ko,0.909,,0.091,1
에픽하이,spillover,15,namu.wiki,ko,override,latin,en,0.526,,0.64,0
에픽하이,spillover,16,namu.wiki,ko,override,ko,ko,1.0,,0.0,1
에픽하이,spillover,17,m.hankookilbo.com,ko,override,ko,ko,0.958,,0.042,1
에픽하이,spillover,18,tvreport.co.kr,ko,override,ko,ko,0.95,,0.05,1
에픽하이,spillover,19,natalie.mu,ja,override,ko,ko,0.623,,0.377,0
에픽하이,spillover,20,sports.khan.co.kr,ko,override,ko,ko,1.0,,0.0,1
에픽하이,spillover,21,namu.wiki,ko,override,ko,ko,1.0,,0.0,1
에픽하이,spillover,22,www.cnnbrasil.com.br,pt,override,ko,ko,0.921,,0.079,0
에픽하이,spillover,23,thekdaily.com,en,default,ko,ko,0.859,,0.141,0
에픽하이,spillover,24,en.namu.wiki,en,wiki,ko,ko,0.787,,0.213,0
에픽하이,spillover,25,ko.wikipedia.org,ko,wiki,ko,ko,1.0,,0.0,1
에픽하이,spillover,26,www.korezin.com,en,default,ko,ko,0.868,,0.132,0
에픽하이,spillover,27,www.ksw-news.com,en,default,ko,ko,0.903,,0.097,0
에픽하이,spillover,28,m.newsprime.co.kr,ko,tld,ko,ko,1.0,,0.0,1
에픽하이,spillover,29,www.fnnews.com,ko,override,ko,ko,0.795,,0.205,1
에픽하이,spillover,30,www.brandbrief.co.kr,ko,tld,ko,ko,0.897,,0.103,1
에픽하이,spillover,31,www.newstomato.com,en,default,ko,ko,1.0,,0.0,0
에픽하이,spillover,32,namu.wiki,ko,override,ko,ko,0.795,,0.205,1
에픽하이,spillover,33,danmee.jp,ja,tld,ko,ko,0.807,,0.193,0
에픽하이,spillover,34,k-plaza.com,en,default,ko,ko,0.73,,0.27,0
에픽하이,spillover,35,www.hk01.com,zh,override,ko,ko,0.554,,0.193,0
에픽하이,spillover,36,www.facebook.com,en,override,ko,ko,0.735,,0.265,0
에픽하이,spillover,37,hk.news.yahoo.com,en,default,ko,ko,0.772,,0.228,0
에픽하이,spillover,38,www.threads.com,en,override,latin,en,0.546,,0.504,1
에픽하이,spillover,39,rollingstoneindia.com,en,default,ko,ko,0.515,,0.485,0
에픽하이,spillover,40,www.asiaholic.net,en,default,ko,ko,0.733,,0.267,0
악동뮤지션,loyalty,0,www.spotvnews.co.kr,ko,tld,ko,ko,0.849,,0.151,1
악동뮤지션,loyalty,1,v.daum.net,ko,override,ko,ko,1.0,,0.0,1
악동뮤지션,loyalty,2,m.segye.com,ko,override,ko,ko,1.0,,0.0,1
악동뮤지션,loyalty,3,namu.wiki,ko,override,ko,ko,0.821,,0.179,1
악동뮤지션,loyalty,4,yg-life.com,ko,override,ko,ko,0.919,,0.081,1
악동뮤지션,loyalty,5,www.allkpop.com,en,override,ko,ko,1.0,,0.0,0
악동뮤지션,loyalty,6,namu.wiki,ko,override,ko,ko,1.0,,0.0,1
악동뮤지션,loyalty,7,namu.wiki,ko,override,ko,ko,1.0,,0.0,1
악동뮤지션,loyalty,8,namu.wiki,ko,override,ko,ko,0.826,,0.174,1
악동뮤지션,loyalty,9,en.wikipedia.org,en,wiki,latin,en,1.345,,1.0,1
악동뮤지션,loyalty,10,en.wikipedia.org,en,wiki,latin,en,0.71,,1.0,1
악동뮤지션,loyalty,11,www.starnewskorea.com,en,override,latin,en,1.339,,0.973,1
악동뮤지션,loyalty,12,music.163.com,zh,override,latin,en,1.483,,0.955,0
악동뮤지션,loyalty,13,namu.wiki,ko,override,ko,ko,0.812,,0.188,1
악동뮤지션,loyalty,14,www.detik.com,id,override,ko,ko,0.85,,0.15,0
악동뮤지션,loyalty,15,en.wikipedia.org,en,wiki,ko,ko,0.806,,0.194,0
악동뮤지션,loyalty,16,en.wikipedia.org,en,wiki,ko,ko,1.0,,0.0,0
악동뮤지션,loyalty,17,hk.news.yahoo.com,en,default,ko,ko,0.633,,0.3,0
악동뮤지션,loyalty,18,mb.com.ph,tl,override,ko,ko,0.725,,0.275,0
악동뮤지션,loyalty,19,thankuinfo.shinnyhyonae300.com,en,default,ko,ko,0.72,,0.28,0
악동뮤지션,loyalty,20,www.ptt.cc,en,default,ko,ko,0.746,,0.159,0
악동뮤지션,loyalty,21,www.weibo.com,zh,override,ko,ko,0.795,,0.181,0
악동뮤지션,loyalty,22,akmuarabfans.wordpress.com,en,default,ko,ko,0.709,,0.291,0
악동뮤지션,spillover,0,stories.amorepacific.com,en,default,ko,ko,1.0,,0.0,0
악동뮤지션,spillover,1,namu.wiki,ko,override,ko,ko,0.857,,0.143,1
악동뮤지션,spillover,2,m.segye.com,ko,override,ko,ko,1.0,,0.0,1
악동뮤지션,spillover,3,www.allkpop.com,en,override,ko,ko,1.0,,0.0,0
악동뮤지션,spillover,4,www.allkpop.com,en,override,ko,ko,0.895,,0.105,0
악동뮤지션,spillover,5,www.allkpop.com,en,override,ko,ko,0.9,,0.1,0
악동뮤지션,spillover,6,www.allkpop.com,en,override,ko,ko,0.909,,0.091,0
악동뮤지션,spillover,7,yg-life.com,ko,override,ko,ko,1.0,,0.0,1
악동뮤지션,spillover,8,yg-life.com,ko,override,ko,ko,0.692,,0.282,1
악동뮤지션,spillover,9,www.allkpop.com,en,override,ko,ko,0.676,,0.324,0
악동뮤지션,spillover,10,en.wikipedia.org,en,wiki,latin,en,1.276,,1.0,1
악동뮤지션,spillover,11,en.wikipedia.org,en,wiki,latin,en,1.289,,1.0,1
악동뮤지션,spillover,12,en.wikipedia.org,en,wiki,latin,en,1.233,,1.0,1
악동뮤지션,spillover,13,www.koreaherald.com,en,override,latin,en,1.357,,0.985,1
악동뮤지션,spillover,14,weverse.io,en,default,latin,en,0.979,,0.963,1
악동뮤지션,spillover,15,m.163.com,zh,override,latin,en,1.198,,0.905,0
악동뮤지션,spillover,16,namu.wiki,ko,override,ko,ko,0.926,,0.074,1
악동뮤지션,spillover,17,www.lawissue.co.kr,ko,tld,ko,ko,0.922,,0.078,1
악동뮤지션,spillover,18,www.lawissue.co.kr,ko,tld,ko,ko,0.949,,0.051,1
악동뮤지션,spillover,19,www.lawissue.co.kr,ko,tld,ko,ko,0.861,,0.139,1
악동뮤지션,spillover,20,www.lawissue.co.kr,ko,tld,ko,ko,1.0,,0.0,1
악동뮤지션,spillover,21,www.newsis.com,ko,override,ko,ko,0.95,,0.05,1
악동뮤지션,spillover,22,news.tf.co.kr,ko,tld,ko,ko,0.851,,0.149,1
악동뮤지션,spillover,23,www.youtube.com,en,override,latin,en,0.814,,0.76,1
악동뮤지션,spillover,24,sf.koreatimes.com,en,override,ko,ko,1.0,,0.0,0
악동뮤지션,spillover,25,v.daum.net,ko,override,ko,ko,0.962,,0.038,1
악동뮤지션,spillover,26,news.nate.com,ko,override,ko,ko,1.0,,0.0,1
악동뮤지션,spillover,27,namu.wiki,ko,override,ko,ko,0.979,,0.021,1
악동뮤지션,spillover,28,namu.wiki,ko,override,ko,ko,0.591,,0.409,1
악동뮤지션,spillover,29,www.xportsnews.com,ko,override,ko,ko,0.93,,0.07,1
악동뮤지션,spillover,30,enews.imbc.com,en,default,ko,ko,0.966,,0.034,0
악동뮤지션,spillover,31,v.daum.net,ko,override,ko,ko,1.0,,0.0,1
악동뮤지션,spillover,32,www.starnewskorea.com,en,override,ko,ko,1.0,,0.0,0
악동뮤지션,spillover,33,www.soompi.com,en,override,ko,ko,0.74,,0.26,0
악동뮤지션,spillover,34,namu.wiki,ko,override,ko,ko,0.725,,0.275,1
악동뮤지션,spillover,35,namu.wiki,ko,override,ko,ko,0.75,,0.25,1
악동뮤지션,spillover,36,namu.wiki,ko,override,ko,ko,0.971,,0.0,1
악동뮤지션,spillover,37,namu.wiki,ko,override,ko,ko,0.963,,0.037,1
악동뮤지션,spillover,38,namu.wiki,ko,override,ko,ko,0.797,,0.203,1
악동뮤지션,spillover,39,namu.wiki,ko,override,ko,ko,0.842,,0.158,1
악동뮤지션,spillover,40,news.mt.co.kr,ko,override,ko,ko,0.884,,0.116,1
악동뮤지션,spillover,41,www.starnewskorea.com,en,override,ko,ko,1.0,,0.0,0
악동뮤지션,spillover,42,en.wikipedia.org,en,wiki,ko,ko,0.853,,0.147,0
악동뮤지션,spillover,43,www.korezin.com,en,default,ko,ko,1.0,,0.0,0
악동뮤지션,spillover,44,www.apgroup.com,en,default,ko,ko,0.918,,0.082,0
악동뮤지션,spillover,45,www.businesskorea.co.kr,ko,tld,ko,ko,0.804,,0.196,1
악동뮤지션,spillover,46,namu.wiki,ko,override,ko,ko,0.789,,0.211,1
악동뮤지션,spillover,47,star.ettoday.net,zh,override,ko,ko,0.571,,0.377,0
악동뮤지션,spillover,48,ticketjam.jp,ja,tld,ko,ko,0.654,,0.113,0
악동뮤지션,spillover,49,wiki.y.qq.com,zh,override,ko,ko,0.655,,0.262,0
악동뮤지션,spillover,50,k-gen.fr,fr,tld,ko,ko,0.882,,0.118,0
임영웅,loyalty,0,v.daum.net,ko,override,ko,ko,1.0,,0.0,1
임영웅,loyalty,1,v.daum.net,ko,override,ko,ko,1.0,,0.0,1
임영웅,loyalty,2,www.fnnews.com,ko,override,ko,ko,0.91,,0.09,1
임영웅,loyalty,3,www.hankyung.com,ko,override,ko,ko,1.0,,0.0,1
임영웅,loyalty,4,biz.heraldcorp.com,ko,override,ko,ko,1.0,,0.0,1
임영웅,loyalty,5,www.scmp.com,en,override,ko,ko,1.0,,0.0,0
임영웅,loyalty,6,sports.khan.co.kr,ko,override,ko,ko,1.0,,0.0,1
임영웅,loyalty,7,www.koreaherald.com,en,override,ko,ko,1.0,,0.0,0
임영웅,loyalty,8,www.koreaherald.com,en,override,ko,ko,1.0,,0.0,0
임영웅,loyalty,9,tenasia.hankyung.com,ko,override,ko,ko,1.0,,0.0,1
임영웅,loyalty,10,fanmaum.com,en,default,ko,ko,1.0,,0.0,0
임영웅,loyalty,11,www.youtube.com,en,override,ko,ko,1.0,,0.0,0
임영웅,loyalty,12,alphabiz.co.kr,ko,tld,ko,ko,1.0,,0.0,1
임영웅,loyalty,13,enews.imbc.com,en,default,ko,ko,1.0,,0.0,0
임영웅,loyalty,14,sports.khan.co.kr,ko,override,ko,ko,1.0,,0.0,1
임영웅,loyalty,15,www.koreatimes.com,en,override,ko,ko,1.0,,0.0,0
임영웅,loyalty,16,www.sportsseoul.com,ko,override,ko,ko,1.0,,0.0,1
임영웅,loyalty,17,www.starnewskorea.com,en,override,ko,ko,1.0,,0.0,0
임영웅,loyalty,18,en.wikipedia.org,en,wiki,latin,en,1.11,,0.948,1
임영웅,loyalty,19,www.hankyung.com,ko,override,latin,en,1.542,,0.937,0
임영웅,loyalty,20,en.wikipedia.org,en,wiki,latin,en,1.496,,1.0,1
임영웅,loyalty,21,biz.heraldcorp.com,ko,override,latin,en,1.223,,0.969,0
임영웅,loyalty,22,www.asiae.co.kr,ko,tld,latin,en,1.605,,0.879,0
임영웅,loyalty,23,www.starnewskorea.com,en,override,latin,en,1.731,,0.876,1
임영웅,loyalty,24,www.starnewskorea.com,en,override,latin,en,0.959,,0.935,1
임영웅,loyalty,25,www.fnnews.com,ko,override,latin,en,1.094,,1.0,0
임영웅,loyalty,26,sports.khan.co.kr,ko,override,latin,en,1.177,,1.0,0
임영웅,loyalty,27,biz.heraldcorp.com,ko,override,ko,ko,1.0,,0.0,1
임영웅,loyalty,28,www.starnewskorea.com,en,override,ko,ko,1.0,,0.0,0
임영웅,loyalty,29,www.fnnews.com,ko,override,ko,ko,1.0,,0.0,1
임영웅,loyalty,30,www.dwbnews.kr,ko,tld,ko,ko,1.0,,0.0,1
임영웅,loyalty,31,www.detik.com,id,override,ko,ko,0.947,,0.053,0
임영웅,loyalty,32,www.liputan6.com,id,override,ko,ko,0.92,,0.08,0
임영웅,loyalty,33,biz.heraldcorp.com,ko,override,ko,ko,1.0,,0.0,1
임영웅,loyalty,34,biz.heraldcorp.com,ko,override,ko,ko,0.956,,0.044,1
임영웅,loyalty,35,www.starnewskorea.com,en,override,ko,ko,1.0,,0.0,0
임영웅,loyalty,36,www.cbci.co.kr,ko,tld,ko,ko,1.0,,0.0,1
임영웅,loyalty,37,www.dailian.co.kr,ko,tld,ko,ko,0.842,,0.158,1
임영웅,loyalty,38,www.starnewskorea.com,en,override,ko,ko,1.0,,0.0,0
임영웅,loyalty,39,www.pocheon.go.kr,ko,tld,ko,ko,1.0,,0.0,1
임영웅,loyalty,40,v.daum.net,ko,override,ko,ko,0.867,,0.133,1
임영웅,loyalty,41,www.starnewskorea.com,en,override,ko,ko,1.0,,0.0,0
임영웅,loyalty,42,sports.khan.co.kr,ko,override,latin,en,1.578,,1.0,0
임영웅,loyalty,43,www.starnewskorea.com,en,override,ko,ko,1.0,,0.0,0
임영웅,loyalty,44,www.starnewskorea.com,en,override,ko,ko,1.0,,0.0,0
임영웅,loyalty,45,www.starnewskorea.com,en,override,ko,ko,1.0,,0.0,0
임영웅,loyalty,46,namu.wiki,ko,override,ko,ko,0.895,,0.105,1
임영웅,loyalty,47,mb.com.ph,tl,override,ko,ko,0.941,,0.059,0
임영웅,loyalty,48,mb.com.ph,tl,override,ko,ko,0.829,,0.171,0
임영웅,loyalty,49,www.asiaartistawards.com,en,default,ko,ko,1.0,,0.0,0
임영웅,loyalty,50,www.newsis.com,ko,override,ko,ko,1.0,,0.0,1
임영웅,loyalty,51,v.daum.net,ko,override,ko,ko,1.0,,0.0,1
임영웅,loyalty,52,v.daum.net,ko,override,ko,ko,1.0,,0.0,1
임영웅,loyalty,53,www.fnnews.com,ko,override,ko,ko,1.0,,0.0,1
임영웅,loyalty,54,www.topstarnews.net,ko,override,ko,ko,0.8,,0.2,1
임영웅,loyalty,55,weibo.com,zh,override,ko,ko,0.836,,0.096,0
임영웅,loyalty,56,www.hankyung.com,ko,override,ko,ko,0.812,,0.188,1
임영웅,loyalty,57,www.financialpost.co.kr,ko,tld,ko,ko,0.787,,0.213,1
임영웅,loyalty,58,www.segye.com,ko,override,ko,ko,0.907,,0.093,1
임영웅,spillover,0,biz.heraldcorp.com,ko,override,ko,ko,0.941,,0.059,1
임영웅,spillover,1,tv.edaily.co.kr,ko,override,ko,ko,1.0,,0.0,1
임영웅,spillover,2,www.etnews.com,en,default,ko,ko,1.0,,0.0,0
임영웅,spillover,3,www.wikitree.co.kr,ko,tld,ko,ko,1.0,,0.0,1
임영웅,spillover,4,biz.heraldcorp.com,ko,override,ko,ko,1.0,,0.0,1
임영웅,spillover,5,www.pressreader.com,en,override,ko,ko,1.0,,0.0,0
임영웅,spillover,6,www.pressreader.com,en,override,ko,ko,1.0,,0.0,0
임영웅,spillover,7,www.ibtimes.com.au,en,default,ko,ko,1.0,,0.0,0
임영웅,spillover,8,www.scmp.com,en,override,ko,ko,0.963,,0.037,0
임영웅,spillover,9,www.starnewskorea.com,en,override,ko,ko,1.0,,0.0,0
임영웅,spillover,10,www.hankyung.com,ko,override,ko,ko,0.974,,0.026,1
임영웅,spillover,11,www.topstarnews.net,ko,override,ko,ko,1.0,,0.0,1
임영웅,spillover,12,www.hankyung.com,ko,override,ko,ko,0.812,,0.188,1
임영웅,spillover,13,www.koreatimes.com,en,override,ko,ko,1.0,,0.0,0
임영웅,spillover,14,www.koreatimes.com,en,override,ko,ko,0.667,,0.333,0
임영웅,spillover,15,tvreport.co.kr,ko,override,ko,ko,1.0,,0.0,1
임영웅,spillover,16,www.pressreader.com,en,override,ko,ko,1.0,,0.0,0
임영웅,spillover,17,www.koreatimes.com,en,override,ko,ko,1.0,,0.0,0
임영웅,spillover,18,www.hankyung.com,ko,override,latin,en,1.146,,1.0,0
임영웅,spillover,19,www.hankyung.com,ko,override,latin,en,1.447,,1.0,0
임영웅,spillover,20,en.wikipedia.org,en,wiki,latin,en,1.352,,1.0,1
임영웅,spillover,21,www.mhns.co.kr,ko,override,latin,en,1.526,,1.0,0
임영웅,spillover,22,www.starnewskorea.com,en,override,latin,en,1.404,,1.0,1
임영웅,spillover,23,www.pointdaily.co.kr,ko,tld,ko,ko,0.818,,0.182,1
임영웅,spillover,24,baike.baidu.com,zh,override,latin,en,1.172,,0.932,0
임영웅,spillover,25,www.newsweekjapan.jp,ja,tld,latin,en,1.391,,0.963,0
임영웅,spillover,26,www.hankyung.com,ko,override,ko,ko,1.0,,0.0,1
임영웅,spillover,27,www.starnewskorea.com,en,override,ko,ko,0.931,,0.069,0
임영웅,spillover,28,www.detik.com,id,override,ko,ko,0.96,,0.04,0
임영웅,spillover,29,www.dt.co.kr,ko,override,ko,ko,0.941,,0.059,1
임영웅,spillover,30,sports.khan.co.kr,ko,override,ko,ko,0.654,,0.346,1
임영웅,spillover,31,sports.khan.co.kr,ko,override,ko,ko,1.0,,0.0,1
임영웅,spillover,32,www.hankookilbo.com,ko,override,ko,ko,0.893,,0.107,1
임영웅,spillover,33,v.daum.net,ko,override,ko,ko,1.0,,0.0,1
임영웅,spillover,34,namu.wiki,ko,override,ko,ko,0.698,,0.302,1
임영웅,spillover,35,namu.wiki,ko,override,ko,ko,1.0,,0.0,1
임영웅,spillover,36,entertainment.inquirer.net,tl,override,ko,ko,0.93,,0.07,0
임영웅,spillover,37,www.facebook.com,en,override,ko,ko,0.949,,0.051,0
임영웅,spillover,38,www.cineplay.co.kr,ko,tld,ko,ko,0.989,,0.011,1
임영웅,spillover,39,www.jeonmae.co.kr,ko,tld,ko,ko,1.0,,0.0,1
임영웅,spillover,40,news.mt.co.kr,ko,override,ko,ko,1.0,,0.0,1
임영웅,spillover,41,www.entermedia.co.kr,ko,tld,ko,ko,0.977,,0.023,1
임영웅,spillover,42,www.fnnews.com,ko,override,ko,ko,1.0,,0.0,1
임영웅,spillover,43,www.topstarnews.net,ko,override,ko,ko,1.0,,0.0,1
임영웅,spillover,44,www.viva100.com,en,default,ko,ko,0.809,,0.191,0
임영웅,spillover,45,v.daum.net,ko,override,ko,ko,0.882,,0.118,1
임영웅,spillover,46,namu.wiki,ko,override,ko,ko,0.846,,0.154,1
임영웅,spillover,47,esquiresg.com,en,default,ko,ko,0.66,,0.34,0
임영웅,spillover,48,www.ragnet.co.jp,ja,tld,ko,ko,0.844,,0.156,0
임영웅,spillover,49,www.news1.kr,ko,override,ko,ko,1.0,,0.0,1
임영웅,spillover,50,www.asiaartistawards.com,en,default,ko,ko,0.967,,0.033,0
임영웅,spillover,51,biz.heraldcorp.com,ko,override,ko,ko,0.977,,0.023,1
임영웅,spillover,52,www.hankyung.com,ko,override,ko,ko,1.0,,0.0,1
임영웅,spillover,53,www.korezin.com,en,default,ko,ko,0.828,,0.172,0
임영웅,spillover,54,www.topstarnews.net,ko,override,ko,ko,1.0,,0.0,1
임영웅,spillover,55,sports.khan.co.kr,ko,override,ko,ko,1.0,,0.0,1
임영웅,spillover,56,www.starnewskorea.com,en,override,ko,ko,0.756,,0.244,0
임영웅,spillover,57,www.brandbrief.co.kr,ko,tld,ko,ko,0.927,,0.073,1
임영웅,spillover,58,www.kgc.co.kr,ko,tld,ko,ko,0.921,,0.079,1
임영웅,spillover,59,sports.khan.co.kr,ko,override,ko,ko,1.0,,0.0,1
임영웅,spillover,60,www.foodicon.co.kr,ko,tld,ko,ko,1.0,,0.0,1
임영웅,spillover,61,www.segye.com,ko,override,ko,ko,0.97,,0.03,1
임영웅,spillover,62,www.edaily.co.kr,ko,override,ko,ko,0.955,,0.045,1
임영웅,spillover,63,m.tf.co.kr,ko,tld,ko,ko,1.0,,0.0,1
임영웅,spillover,64,www.psnews.co.kr,ko,tld,ko,ko,1.0,,0.0,1
임영웅,spillover,65,namu.wiki,ko,override,ko,ko,1.0,,0.0,1
임영웅,spillover,66,namu.wiki,ko,override,ko,ko,0.851,,0.149,1
임영웅,spillover,67,www.fnnews.com,ko,override,ko,ko,1.0,,0.0,1
임영웅,spillover,68,www.hankyung.com,ko,override,ko,ko,0.962,,0.038,1
임영웅,spillover,69,www.dianyingjie.com.cn,zh,tld,ko,ko,0.661,,0.314,0
임영웅,spillover,70,www.gukjenews.com,en,default,ko,ko,1.0,,0.0,0
임영웅,spillover,71,www.apnews.kr,ko,tld,ko,ko,0.827,,0.173,1
송가인,loyalty,0,namu.wiki,ko,override,ko,ko,0.808,,0.192,1
송가인,loyalty,1,namu.wiki,ko,override,ko,ko,1.0,,0.0,1
송가인,loyalty,2,www.huffingtonpost.kr,ko,tld,ko,ko,0.909,,0.091,1
송가인,loyalty,3,namu.wiki,ko,override,ko,ko,1.0,,0.0,1
송가인,loyalty,4,bstage.in,en,default,ko,ko,0.807,,0.193,0
송가인,loyalty,5,bstage.in,en,default,ko,ko,0.917,,0.083,0
송가인,loyalty,6,namu.wiki,ko,override,ko,ko,0.821,,0.179,1
송가인,loyalty,7,namu.wiki,ko,override,ko,ko,0.939,,0.061,1
송가인,loyalty,8,imnews.imbc.com,ko,override,ko,ko,0.926,,0.0,1
송가인,loyalty,9,namu.wiki,ko,override,ko,ko,1.0,,0.0,1
송가인,loyalty,10,namu.wiki,ko,override,ko,ko,0.833,,0.167,1
송가인,loyalty,11,namu.wiki,ko,override,latin,en,1.748,,0.972,0
송가인,loyalty,12,www.pressian.com,en,default,latin,en,1.374,,0.952,1
송가인,loyalty,13,www.sportsseoul.com,ko,override,ko,ko,1.0,,0.0,1
송가인,loyalty,14,www.pressian.com,en,default,ko,ko,1.0,,0.0,0
송가인,loyalty,15,www.imbc.com,en,default,ko,ko,0.84,,0.16,0
송가인,loyalty,16,www.sportsseoul.com,ko,override,ko,ko,1.0,,0.0,1
송가인,loyalty,17,www.ticketlink.co.kr,ko,tld,ko,ko,0.8,,0.2,1
송가인,loyalty,18,www.thefairnews.co.kr,ko,tld,ko,ko,1.0,,0.0,1
송가인,loyalty,19,www.newscj.com,en,default,ko,ko,1.0,,0.0,0
송가인,loyalty,20,www.etoday.co.kr,ko,tld,ko,ko,1.0,,0.0,1
송가인,loyalty,21,www.sportsworldi.com,ko,override,ko,ko,1.0,,0.0,1
송가인,loyalty,22,www.news1.kr,ko,override,ko,ko,1.0,,0.0,1
송가인,loyalty,23,www.nocutnews.co.kr,ko,tld,ko,ko,1.0,,0.0,1
송가인,loyalty,24,www.foodtoday.or.kr,ko,tld,ko,ko,1.0,,0.0,1
송가인,loyalty,25,www.yesasia.ru,ru,override,ko,ko,0.69,,0.31,0
송가인,loyalty,26,kstationtv.com,en,default,ko,ko,0.722,,0.278,0
송가인,loyalty,27,namu.wiki,ko,override,ko,ko,1.0,,0.0,1
송가인,loyalty,28,www.pressian.com,en,default,ko,ko,1.0,,0.0,0
송가인,loyalty,29,www.news1.kr,ko,override,ko,ko,1.0,,0.0,1
송가인,loyalty,30,www.pressian.com,en,default,ko,ko,1.0,,0.0,0
송가인,loyalty,31,www.news1.kr,ko,override,ko,ko,1.0,,0.0,1
송가인,loyalty,32,news.lghellovision.net,en,default,ko,ko,1.0,,0.0,0
송가인,loyalty,33,ja.wikipedia.org,ja,wiki,ko,ko,0.881,,0.119,0
송가인,spillover,0,www.m-i.kr,ko,override,ko,ko,1.0,,0.0,1
송가인,spillover,1,namu.wiki,ko,override,ko,ko,1.0,,0.0,1
송가인,spillover,2,sports.khan.co.kr,ko,override,ko,ko,1.0,,0.0,1
송가인,spillover,3,en.sedaily.com,ko,override,ko,ko,1.0,,0.0,1
송가인,spillover,4,en.sedaily.com,ko,override,ko,ko,1.0,,0.0,1
송가인,spillover,5,www.imaeil.com,ko,override,ko,ko,1.0,,0.0,1
송가인,spillover,6,namu.wiki,ko,override,ko,ko,1.0,,0.0,1
송가인,spillover,7,www.m-i.kr,ko,override,ko,ko,1.0,,0.0,1
송가인,spillover,8,www.imbc.com,en,default,ko,ko,0.882,,0.118,0
송가인,spillover,9,namu.wiki,ko,override,ko,ko,1.0,,0.0,1
송가인,spillover,10,en.wikipedia.org,en,wiki,latin,en,0.918,,1.0,1
송가인,spillover,11,en.wikipedia.org,en,wiki,latin,en,0.892,,1.0,1
송가인,spillover,12,www.sportsseoul.com,ko,override,latin,en,1.25,,1.0,0
송가인,spillover,13,enews.imbc.com,en,default,latin,en,1.404,,0.961,1
송가인,spillover,14,www.huffingtonpost.kr,ko,tld,ko,ko,0.957,,0.043,1
송가인,spillover,15,www.atlantajoongang.com,en,default,ko,ko,0.957,,0.043,0
송가인,spillover,16,www.etoday.co.kr,ko,tld,ko,ko,1.0,,0.0,1
송가인,spillover,17,www.kpinews.kr,ko,tld,ko,ko,1.0,,0.0,1
송가인,spillover,18,www.spotvnews.co.kr,ko,tld,ko,ko,1.0,,0.0,1
송가인,spillover,19,www.idaegu.com,en,default,ko,ko,1.0,,0.0,0
송가인,spillover,20,cine21.com,ko,override,ko,ko,1.0,,0.0,1
송가인,spillover,21,www.kyongbuk.co.kr,ko,tld,ko,ko,1.0,,0.0,1
송가인,spillover,22,www.womennews.co.kr,ko,tld,ko,ko,1.0,,0.0,1
송가인,spillover,23,sports.khan.co.kr,ko,override,ko,ko,1.0,,0.0,1
송가인,spillover,24,namu.wiki,ko,override,ko,ko,1.0,,0.0,1
송가인,spillover,25,namu.wiki,ko,override,ko,ko,0.667,,0.333,1
송가인,spillover,26,ko.wikipedia.org,ko,wiki,ko,ko,0.729,,0.271,1
송가인,spillover,27,namu.wiki,ko,override,ko,ko,1.0,,0.0,1
송가인,spillover,28,namu.wiki,ko,override,ko,ko,1.0,,0.0,1
송가인,spillover,29,namu.wiki,ko,override,ko,ko,0.93,,0.07,1
송가인,spillover,30,namu.wiki,ko,override,ko,ko,0.949,,0.051,1
송가인,spillover,31,namu.wiki,ko,override,ko,ko,0.951,,0.049,1
송가인,spillover,32,www.sportsseoul.com,ko,override,ko,ko,1.0,,0.0,1
송가인,spillover,33,www.sportsseoul.com,ko,override,ko,ko,1.0,,0.0,1
송가인,spillover,34,www.foodtoday.or.kr,ko,tld,ko,ko,1.0,,0.0,1
송가인,spillover,35,www.sisajournal.com,en,default,ko,ko,1.0,,0.0,0
송가인,spillover,36,www.sisajournal.com,en,default,ko,ko,1.0,,0.0,0
송가인,spillover,37,www.topstarnews.net,ko,override,ko,ko,0.947,,0.053,1
송가인,spillover,38,www.starnewskorea.com,en,override,ko,ko,1.0,,0.0,0
송가인,spillover,39,namu.wiki,ko,override,ko,ko,0.932,,0.068,1
송가인,spillover,40,www.starnewskorea.com,en,override,ko,ko,1.0,,0.0,0
송가인,spillover,41,www.sportsseoul.com,ko,override,ko,ko,1.0,,0.0,1
송가인,spillover,42,www.viva100.com,en,default,ko,ko,1.0,,0.0,0
송가인,spillover,43,www.starnewskorea.com,en,override,ko,ko,1.0,,0.0,0
송가인,spillover,44,namu.wiki,ko,override,ko,ko,1.0,,0.0,1
송가인,spillover,45,namu.wiki,ko,override,ko,ko,1.0,,0.0,1
송가인,spillover,46,namu.wiki,ko,override,ko,ko,1.0,,0.0,1
송가인,spillover,47,namu.wiki,ko,override,ko,ko,0.676,,0.324,1
송가인,spillover,48,namu.wiki,ko,override,ko,ko,1.0,,0.0,1
송가인,spillover,49,namu.wiki,ko,override,ko,ko,1.0,,0.0,1
송가인,spillover,50,ja.wikipedia.org,ja,wiki,ko,ko,0.955,,0.045,0
송가인,spillover,51,kanstarpress.com,en,default,ko,ko,0.879,,0.121,0
송가인,spillover,52,star.ettoday.net,zh,override,ko,ko,0.881,,0.119,0
송가인,spillover,53,kstyle.com,en,default,ko,ko,0.782,,0.182,0
송가인,spillover,54,www.koreaherald.com,en,override,ko,ko,0.966,,0.034,0
송가인,spillover,55,www.koreajoongangdaily.com,en,default,ko,ko,0.975,,0.025,0
송가인,spillover,56,www.starnewskorea.com,en,override,ko,ko,1.0,,0.0,0
송가인,spillover,57,www.soompi.com,en,override,ko,ko,0.908,,0.092,0
영탁,loyalty,0,sports.khan.co.kr,ko,override,ko,ko,1.0,,0.0,1
영탁,loyalty,1,sports.khan.co.kr,ko,override,ko,ko,1.0,,0.0,1
영탁,loyalty,2,www.mksports.co.kr,ko,tld,ko,ko,0.78,,0.22,1
영탁,loyalty,3,v.daum.net,ko,override,ko,ko,1.0,,0.0,1
영탁,loyalty,4,www.cbci.co.kr,ko,tld,ko,ko,0.892,,0.108,1
영탁,loyalty,5,www.pep.ph,tl,override,ko,ko,1.0,,0.0,0
영탁,loyalty,6,www.pep.ph,tl,override,ko,ko,1.0,,0.0,0
영탁,loyalty,7,namu.wiki,ko,override,ko,ko,1.0,,0.0,1
영탁,loyalty,8,www.msn.com,en,override,ko,ko,1.0,,0.0,0
영탁,loyalty,9,www.starnewskorea.com,en,override,ko,ko,1.0,,0.0,0
영탁,loyalty,10,namu.wiki,ko,override,ko,ko,0.781,,0.219,1
영탁,loyalty,11,sports.khan.co.kr,ko,override,ko,ko,1.0,,0.0,1
영탁,loyalty,12,sports.khan.co.kr,ko,override,ko,ko,1.0,,0.0,1
영탁,loyalty,13,www.trotmagazine.co.kr,ko,tld,ko,ko,1.0,,0.0,1
영탁,loyalty,14,namu.wiki,ko,override,latin,en,1.07,,1.0,0
영탁,loyalty,15,v.daum.net,ko,override,latin,en,0.91,,1.0,0
영탁,loyalty,16,www.starnewskorea.com,en,override,latin,en,1.454,,1.0,1
영탁,loyalty,17,sports.khan.co.kr,ko,override,latin,en,1.765,,0.857,0
영탁,loyalty,18,news.nate.com,ko,override,latin,en,1.153,,1.0,0
영탁,loyalty,19,www.thepublic.kr,ko,tld,latin,en,0.849,,0.938,0
영탁,loyalty,20,en.wikipedia.org,en,wiki,latin,en,0.932,,1.0,1
영탁,loyalty,21,www.topstarnews.net,ko,override,latin,en,0.748,,1.0,0
영탁,loyalty,22,www.trotmagazine.co.kr,ko,tld,ko,ko,0.789,,0.211,1
영탁,loyalty,23,sports.khan.co.kr,ko,override,ko,ko,0.821,,0.179,1
영탁,loyalty,24,www.topstarnews.net,ko,override,ko,ko,0.822,,0.178,1
영탁,loyalty,25,www.munhwa.com,ko,override,ko,ko,0.837,,0.163,1
영탁,loyalty,26,www.fnnews.com,ko,override,ko,ko,0.965,,0.035,1
영탁,loyalty,27,www.kmib.co.kr,ko,override,ko,ko,1.0,,0.0,1
영탁,loyalty,28,www.xportsnews.com,ko,override,ko,ko,1.0,,0.0,1
영탁,loyalty,29,www.cbci.co.kr,ko,tld,ko,ko,0.759,,0.241,1
영탁,loyalty,30,plus.hankyung.com,ko,override,ko,ko,1.0,,0.0,1
영탁,loyalty,31,namu.wiki,ko,override,ko,ko,0.846,,0.154,1
영탁,loyalty,32,mb.com.ph,tl,override,ko,ko,1.0,,0.0,0
영탁,loyalty,33,www.mksports.co.kr,ko,tld,ko,ko,1.0,,0.0,1
영탁,loyalty,34,www.starnewskorea.com,en,override,ko,ko,1.0,,0.0,0
영탁,loyalty,35,www.starnewskorea.com,en,override,ko,ko,1.0,,0.0,0
영탁,loyalty,36,www.kyongbuk.co.kr,ko,tld,ko,ko,1.0,,0.0,1
영탁,loyalty,37,www.instagram.com,en,override,ko,ko,0.814,,0.093,0
영탁,loyalty,38,sports.khan.co.kr,ko,override,ko,ko,0.949,,0.051,1
영탁,spillover,0,v.daum.net,ko,override,ko,ko,1.0,,0.0,1
영탁,spillover,1,sports.khan.co.kr,ko,override,ko,ko,1.0,,0.0,1
영탁,spillover,2,www.pep.ph,tl,override,ko,ko,1.0,,0.0,0
영탁,spillover,3,www.pep.ph,tl,override,ko,ko,0.972,,0.028,0
영탁,spillover,4,sports.khan.co.kr,ko,override,ko,ko,1.0,,0.0,1
영탁,spillover,5,namu.wiki,ko,override,ko,ko,0.923,,0.077,1
영탁,spillover,6,namu.wiki,ko,override,ko,ko,1.0,,0.0,1
영탁,spillover,7,namu.wiki,ko,override,ko,ko,1.0,,0.0,1
영탁,spillover,8,en.wikipedia.org,en,wiki,latin,en,0.762,,1.0,1
영탁,spillover,9,en.wikipedia.org,en,wiki,latin,en,0.756,,1.0,1
영탁,spillover,10,namu.wiki,ko,override,latin,en,0.897,,1.0,0
영탁,spillover,11,en.wikipedia.org,en,wiki,latin,en,1.362,,1.0,1
영탁,spillover,12,en.wikipedia.org,en,wiki,latin,en,1.199,,1.0,1
영탁,spillover,13,en.wikipedia.org,en,wiki,latin,en,1.282,,1.0,1
영탁,spillover,14,www.apnews.kr,ko,tld,latin,en,1.251,,0.798,0
영탁,spillover,15,star.ytn.co.kr,ko,override,ko,ko,0.881,,0.119,1
영탁,spillover,16,mobile.newsis.com,ko,override,ko,ko,1.0,,0.0,1
영탁,spillover,17,baike.baidu.com,zh,override,latin,en,1.33,,0.974,0
영탁,spillover,18,tvreport.co.kr,ko,override,ko,ko,0.969,,0.031,1
영탁,spillover,19,sbsfune.sbs.co.kr,ko,tld,ko,ko,0.936,,0.064,1
영탁,spillover,20,v.daum.net,ko,override,ko,ko,0.696,,0.304,1
영탁,spillover,21,v.daum.net,ko,override,ko,ko,1.0,,0.0,1
영탁,spillover,22,www.etoday.co.kr,ko,tld,ko,ko,0.977,,0.023,1
영탁,spillover,23,www.starnewskorea.com,en,override,ko,ko,0.925,,0.075,0
영탁,spillover,24,www.maxmovie.com,en,default,ko,ko,0.939,,0.061,0
영탁,spillover,25,www.gpkorea.com,en,default,ko,ko,1.0,,0.0,0
영탁,spillover,26,namu.wiki,ko,override,ko,ko,0.8,,0.2,1
영탁,spillover,27,entertainment.inquirer.net,tl,override,ko,ko,1.0,,0.0,0
영탁,spillover,28,namu.wiki,ko,override,ko,ko,0.917,,0.083,1
영탁,spillover,29,namu.wiki,ko,override,ko,ko,0.742,,0.258,1
영탁,spillover,30,namu.wiki,ko,override,ko,ko,0.912,,0.088,1
영탁,spillover,31,namu.wiki,ko,override,ko,ko,0.871,,0.129,1
영탁,spillover,32,namu.wiki,ko,override,ko,ko,0.824,,0.176,1
영탁,spillover,33,namu.wiki,ko,override,ko,ko,1.0,,0.0,1
영탁,spillover,34,ko.wikipedia.org,ko,wiki,ko,ko,0.917,,0.083,1
영탁,spillover,35,namu.wiki,ko,override,ko,ko,0.867,,0.133,1
영탁,spillover,36,ko.wikipedia.org,ko,wiki,ko,ko,0.891,,0.109,1
영탁,spillover,37,www.redaily.co.kr,ko,tld,ko,ko,0.952,,0.048,1
영탁,spillover,38,www.mt.co.kr,ko,override,ko,ko,1.0,,0.0,1
영탁,spillover,39,sports.khan.co.kr,ko,override,ko,ko,1.0,,0.0,1
영탁,spillover,40,www.korezin.com,en,default,ko,ko,0.825,,0.175,0
영탁,spillover,41,www.gpkorea.com,en,default,ko,ko,0.951,,0.049,0
영탁,spillover,42,www.gpkorea.com,en,default,ko,ko,0.94,,0.06,0
영탁,spillover,43,www.starnewskorea.com,en,override,ko,ko,1.0,,0.0,0
영탁,spillover,44,sports.khan.co.kr,ko,override,ko,ko,0.823,,0.177,1
영탁,spillover,45,www.gukjenews.com,en,default,ko,ko,0.864,,0.136,0
영탁,spillover,46,www.redaily.co.kr,ko,tld,ko,ko,0.893,,0.107,1
영탁,spillover,47,sports.news.nate.com,ko,override,ko,ko,1.0,,0.0,1
영탁,spillover,48,sports.khan.co.kr,ko,override,ko,ko,1.0,,0.0,1
영탁,spillover,49,www.munhwa.com,ko,override,ko,ko,1.0,,0.0,1
영탁,spillover,50,www.shinailbo.co.kr,ko,tld,ko,ko,0.905,,0.095,1
영탁,spillover,51,www.hankyung.com,ko,override,ko,ko,1.0,,0.0,1
영탁,spillover,52,namu.wiki,ko,override,ko,ko,0.848,,0.152,1
영탁,spillover,53,news.mt.co.kr,ko,override,ko,ko,1.0,,0.0,1
영탁,spillover,54,namu.wiki,ko,override,ko,ko,0.93,,0.07,1
영탁,spillover,55,namu.wiki,ko,override,ko,ko,0.935,,0.065,1
영탁,spillover,56,namu.wiki,ko,override,ko,ko,0.783,,0.217,1
영탁,spillover,57,namu.wiki,ko,override,ko,ko,1.0,,0.0,1
영탁,spillover,58,namu.wiki,ko,override,ko,ko,1.0,,0.0,1
영탁,spillover,59,danmee.jp,ja,tld,ko,ko,0.855,,0.145,0
영탁,spillover,60,www.korezin.com,en,default,ko,ko,0.849,,0.151,0
영탁,spillover,61,www.korezin.com,en,default,ko,ko,1.0,,0.0,0
영탁,spillover,62,www.korezin.com,en,default,ko,ko,1.0,,0.0,0
영탁,spillover,63,www.korezin.com,en,default,ko,ko,1.0,,0.0,0
영탁,spillover,64,www.ragnet.co.jp,ja,tld,ko,ko,0.651,,0.349,0
김호중,loyalty,0,www.koreatowndaily.com,en,default,ko,ko,1.0,,0.0,0
김호중,loyalty,1,v.daum.net,ko,override,ko,ko,1.0,,0.0,1
김호중,loyalty,2,v.daum.net,ko,override,ko,ko,1.0,,0.0,1
김호중,loyalty,3,www.topstarnews.net,ko,override,ko,ko,1.0,,0.0,1
김호중,loyalty,4,www.paxetv.com,en,default,ko,ko,1.0,,0.0,0
김호중,loyalty,5,www.koreaboo.com,en,override,ko,ko,1.0,,0.0,0
김호중,loyalty,6,www.koreaboo.com,en,override,ko,ko,0.958,,0.042,0
김호중,loyalty,7,www.allkpop.com,en,override,ko,ko,1.0,,0.0,0
김호중,loyalty,8,www.koreatowndaily.com,en,default,ko,ko,1.0,,0.0,0
김호중,loyalty,9,namu.wiki,ko,override,ko,ko,0.815,,0.185,1
김호중,loyalty,10,www.hjfocus.com,ko,override,ko,ko,1.0,,0.0,1
김호중,loyalty,11,www.hjfocus.com,ko,override,ko,ko,1.0,,0.0,1
김호중,loyalty,12,www.hjfocus.com,ko,override,ko,ko,1.0,,0.0,1
김호중,loyalty,13,v.daum.net,ko,override,ko,ko,1.0,,0.0,1
김호중,loyalty,14,www.xportsnews.com,ko,override,ko,ko,1.0,,0.0,1
김호중,loyalty,15,www.paxetv.com,en,default,ko,ko,1.0,,0.0,0
김호중,loyalty,16,namu.wiki,ko,override,latin,en,0.587,,0.929,0
김호중,loyalty,17,www.hankyung.com,ko,override,latin,en,1.57,,1.0,0
김호중,loyalty,18,www.hjfocus.com,ko,override,latin,en,1.878,,1.0,0
김호중,loyalty,19,biz.heraldcorp.com,ko,override,latin,en,1.313,,0.986,0
김호중,loyalty,20,biz.heraldcorp.com,ko,override,latin,en,1.436,,0.972,0
김호중,loyalty,21,www.newsis.com,ko,override,latin,en,1.364,,0.92,0
김호중,loyalty,22,biz.heraldcorp.com,ko,override,latin,en,0.862,,1.0,0
김호중,loyalty,23,www.asiae.co.kr,ko,tld,ko,ko,1.0,,0.0,1
김호중,loyalty,24,news.nate.com,ko,override,ko,ko,1.0,,0.0,1
김호중,loyalty,25,namu.wiki,ko,override,ko,ko,0.938,,0.062,1
김호중,loyalty,26,www.hankyung.com,ko,override,ko,ko,1.0,,0.0,1
김호중,loyalty,27,www.hjfocus.com,ko,override,ko,ko,1.0,,0.0,1
김호중,loyalty,28,news.imaeil.com,ko,override,ko,ko,1.0,,0.0,1
김호중,loyalty,29,www.asiae.co.kr,ko,tld,ko,ko,1.0,,0.0,1
김호중,loyalty,30,www.goodmorningcc.com,en,default,ko,ko,1.0,,0.0,0
김호중,loyalty,31,www.msn.com,en,override,ko,ko,0.935,,0.065,0
김호중,loyalty,32,namu.wiki,ko,override,ko,ko,0.893,,0.107,1
김호중,loyalty,33,v.daum.net,ko,override,ko,ko,1.0,,0.0,1
김호중,loyalty,34,www.asiae.co.kr,ko,tld,ko,ko,1.0,,0.0,1
김호중,loyalty,35,www.paxetv.com,en,default,ko,ko,1.0,,0.0,0
김호중,loyalty,36,www.goodmorningcc.com,en,default,ko,ko,1.0,,0.0,0
김호중,loyalty,37,www.hjfocus.com,ko,override,ko,ko,1.0,,0.0,1
김호중,loyalty,38,kstyle.com,en,default,ko,ko,0.88,,0.12,0
김호중,spillover,0,www.segye.com,ko,override,ko,ko,1.0,,0.0,1
김호중,spillover,1,www.segye.com,ko,override,ko,ko,1.0,,0.0,1
김호중,spillover,2,www.hgnet.co.kr,ko,tld,ko,ko,1.0,,0.0,1
김호중,spillover,3,www.allkpop.com,en,override,ko,ko,1.0,,0.0,0
김호중,spillover,4,www.koreaboo.com,en,override,ko,ko,1.0,,0.0,0
김호중,spillover,5,www.koreaboo.com,en,override,ko,ko,1.0,,0.0,0
김호중,spillover,6,www.womennews.co.kr,ko,tld,ko,ko,1.0,,0.0,1
김호중,spillover,7,namu.wiki,ko,override,ko,ko,1.0,,0.0,1
김호중,spillover,8,namu.wiki,ko,override,ko,ko,0.714,,0.286,1
김호중,spillover,9,namu.wiki,ko,override,ko,ko,1.0,,0.0,1
김호중,spillover,10,namu.wiki,ko,override,ko,ko,1.0,,0.0,1
김호중,spillover,11,namu.wiki,ko,override,ko,ko,1.0,,0.0,1
김호중,spillover,12,en.wikipedia.org,en,wiki,latin,en,0.897,,1.0,1
김호중,spillover,13,en.wikipedia.org,en,wiki,latin,en,1.35,,1.0,1
김호중,spillover,14,en.wikipedia.org,en,wiki,latin,en,1.043,,1.0,1
김호중,spillover,15,en.wikipedia.org,en,wiki,latin,en,0.394,,1.0,1
김호중,spillover,16,namu.wiki,ko,override,latin,en,1.747,,1.0,0
김호중,spillover,17,www.asiae.co.kr,ko,tld,latin,en,1.398,,0.991,0
김호중,spillover,18,www.koreadaily.com,ko,override,ko,ko,0.798,,0.202,1
김호중,spillover,19,baike.baidu.com,zh,override,latin,en,0.985,,0.926,0
김호중,spillover,20,news.imaeil.com,ko,override,ko,ko,1.0,,0.0,1
김호중,spillover,21,www.asiae.co.kr,ko,tld,ko,ko,1.0,,0.0,1
김호중,spillover,22,www.paxetv.com,en,default,ko,ko,1.0,,0.0,0
김호중,spillover,23,www.hjfocus.com,ko,override,ko,ko,1.0,,0.0,1
김호중,spillover,24,www.goodmorningcc.com,en,default,ko,ko,1.0,,0.0,0
김호중,spillover,25,namu.wiki,ko,override,ko,ko,0.982,,0.0,1
김호중,spillover,26,namu.wiki,ko,override,ko,ko,0.986,,0.0,1
김호중,spillover,27,www.segye.com,ko,override,ko,ko,1.0,,0.0,1
김호중,spillover,28,www.starnewskorea.com,en,override,ko,ko,1.0,,0.0,0
김호중,spillover,29,news.sbs.co.kr,ko,override,ko,ko,1.0,,0.0,1
김호중,spillover,30,v.daum.net,ko,override,ko,ko,1.0,,0.0,1
김호중,spillover,31,www.seoul.co.kr,ko,tld,ko,ko,1.0,,0.0,1
김호중,spillover,32,v.daum.net,ko,override,ko,ko,0.922,,0.078,1
김호중,spillover,33,namu.wiki,ko,override,ko,ko,1.0,,0.0,1
김호중,spillover,34,namu.wiki,ko,override,ko,ko,1.0,,0.0,1
김호중,spillover,35,namu.wiki,ko,override,ko,ko,0.933,,0.067,1
김호중,spillover,36,namu.wiki,ko,override,ko,ko,0.948,,0.052,1
김호중,spillover,37,namu.wiki,ko,override,ko,ko,1.0,,0.0,1
김호중,spillover,38,news.nate.com,ko,override,ko,ko,1.0,,0.0,1
김호중,spillover,39,v.daum.net,ko,override,ko,ko,0.815,,0.185,1
김호중,spillover,40,www.afpbb.com,en,default,ko,ko,0.884,,0.116,0
김호중,spillover,41,www.cineplay.co.kr,ko,tld,ko,ko,0.867,,0.133,1
김호중,spillover,42,news.livedoor.com,en,default,ko,ko,0.982,,0.018,0
김호중,spillover,43,biz.heraldcorp.com,ko,override,ko,ko,0.758,,0.242,1
김호중,spillover,44,www.cmn.co.kr,ko,tld,ko,ko,1.0,,0.0,1
김호중,spillover,45,www.news1.kr,ko,override,ko,ko,0.911,,0.089,1
김호중,spillover,46,www.ragnet.co.jp,ja,tld,ko,ko,0.653,,0.182,0
김호중,spillover,47,www.thepaper.cn,zh,tld,ko,ko,0.935,,0.0,0
김호중,spillover,48,www.sohu.com,en,default,ko,ko,0.969,,0.0,0
김호중,spillover,49,www.epochtimes.com,en,default,ko,ko,0.809,,0.147,0
김호중,spillover,50,ekr.chosunonline.com,en,default,ko,ko,0.7,,0.3,0
김호중,spillover,51,www.rbbtoday.com,en,default,ko,ko,0.862,,0.138,0
이찬원,loyalty,0,www.starnewskorea.com,en,override,ko,ko,1.0,,0.0,0
이찬원,loyalty,1,www.xportsnews.com,ko,override,ko,ko,1.0,,0.0,1
이찬원,loyalty,2,www.starnewskorea.com,en,override,ko,ko,1.0,,0.0,0
이찬원,loyalty,3,www.insight.co.kr,ko,tld,ko,ko,1.0,,0.0,1
이찬원,loyalty,4,www.starnewskorea.com,en,override,ko,ko,1.0,,0.0,0
이찬원,loyalty,5,www.starnewskorea.com,en,override,ko,ko,1.0,,0.0,0
이찬원,loyalty,6,www.imaeil.com,ko,override,ko,ko,1.0,,0.0,1
이찬원,loyalty,7,news.nate.com,ko,override,ko,ko,1.0,,0.0,1
이찬원,loyalty,8,www.topstarnews.net,ko,override,ko,ko,1.0,,0.0,1
이찬원,loyalty,9,www.starnewskorea.com,en,override,ko,ko,1.0,,0.0,0
이찬원,loyalty,10,www.starnewskorea.com,en,override,ko,ko,1.0,,0.0,0
이찬원,loyalty,11,www.starnewskorea.com,en,override,ko,ko,1.0,,0.0,0
이찬원,loyalty,12,namu.wiki,ko,override,ko,ko,1.0,,0.0,1
이찬원,loyalty,13,www.insight.co.kr,ko,tld,ko,ko,1.0,,0.0,1
이찬원,loyalty,14,namu.wiki,ko,override,latin,en,0.439,,1.0,0
이찬원,loyalty,15,beautifulfund.org,en,default,latin,en,1.191,,0.976,1
이찬원,loyalty,16,biz.heraldcorp.com,ko,override,latin,en,1.695,,1.0,0
이찬원,loyalty,17,namu.wiki,ko,override,latin,en,0.576,,1.0,0
이찬원,loyalty,18,biz.chosun.com,ko,override,latin,en,1.194,,0.96,0
이찬원,loyalty,19,sports.hankooki.com,en,default,latin,en,1.515,,1.0,1
이찬원,loyalty,20,m.ticket.yes24.com,en,default,ko,ko,1.0,,0.0,0
이찬원,loyalty,21,namu.wiki,ko,override,ko,ko,0.934,,0.066,1
이찬원,loyalty,22,www.starnewskorea.com,en,override,ko,ko,0.939,,0.061,0
이찬원,loyalty,23,v.daum.net,ko,override,ko,ko,1.0,,0.0,1
이찬원,loyalty,24,www.starnewskorea.com,en,override,ko,ko,1.0,,0.0,0
이찬원,loyalty,25,v.daum.net,ko,override,ko,ko,1.0,,0.0,1
이찬원,loyalty,26,namu.wiki,ko,override,ko,ko,0.655,,0.345,1
이찬원,loyalty,27,beautifulfund.org,en,default,ko,ko,1.0,,0.0,0
이찬원,loyalty,28,www.ibabynews.com,en,default,ko,ko,1.0,,0.0,0
이찬원,loyalty,29,sports.khan.co.kr,ko,override,ko,ko,1.0,,0.0,1
이찬원,loyalty,30,www.asiaartistawards.com,en,default,ko,ko,0.875,,0.125,0
이찬원,loyalty,31,biz.heraldcorp.com,ko,override,ko,ko,1.0,,0.0,1
이찬원,loyalty,32,enews.imbc.com,en,default,ko,ko,1.0,,0.0,0
이찬원,loyalty,33,www.starnewskorea.com,en,override,ko,ko,0.907,,0.093,0
이찬원,loyalty,34,v.daum.net,ko,override,ko,ko,1.0,,0.0,1
이찬원,loyalty,35,www.imaeil.com,ko,override,ko,ko,1.0,,0.0,1
이찬원,loyalty,36,www.timespread.co.kr,ko,tld,ko,ko,1.0,,0.0,1
이찬원,spillover,0,www.insight.co.kr,ko,tld,ko,ko,1.0,,0.0,1
이찬원,spillover,1,www.brandbrief.co.kr,ko,tld,ko,ko,0.917,,0.083,1
이찬원,spillover,2,www.asiae.co.kr,ko,tld,ko,ko,1.0,,0.0,1
이찬원,spillover,3,www.starnewskorea.com,en,override,ko,ko,0.953,,0.047,0
이찬원,spillover,4,www.starnewskorea.com,en,override,ko,ko,1.0,,0.0,0
이찬원,spillover,5,www.starnewskorea.com,en,override,ko,ko,1.0,,0.0,0
이찬원,spillover,6,namu.wiki,ko,override,ko,ko,1.0,,0.0,1
이찬원,spillover,7,namu.wiki,ko,override,ko,ko,1.0,,0.0,1
이찬원,spillover,8,namu.wiki,ko,override,ko,ko,0.923,,0.077,1
이찬원,spillover,9,www.insight.co.kr,ko,tld,ko,ko,1.0,,0.0,1
이찬원,spillover,10,www.starnewskorea.com,en,override,ko,ko,1.0,,0.0,0
이찬원,spillover,11,www.topstarnews.net,ko,override,ko,ko,1.0,,0.0,1
이찬원,spillover,12,en.wikipedia.org,en,wiki,latin,en,0.694,,0.972,1
이찬원,spillover,13,en.wikipedia.org,en,wiki,latin,en,1.192,,1.0,1
이찬원,spillover,14,en.wikipedia.org,en,wiki,latin,en,1.177,,1.0,1
이찬원,spillover,15,en.wikipedia.org,en,wiki,latin,en,1.213,,1.0,1
이찬원,spillover,16,en.wikipedia.org,en,wiki,latin,en,1.347,,1.0,1
이찬원,spillover,17,en.wikipedia.org,en,wiki,latin,en,0.839,,1.0,1
이찬원,spillover,18,zdnet.co.kr,ko,tld,latin,en,1.493,,0.875,0
이찬원,spillover,19,baike.baidu.com,zh,override,latin,en,1.132,,0.932,0
이찬원,spillover,20,www.newsweekjapan.jp,ja,tld,latin,en,1.42,,0.965,0
이찬원,spillover,21,www.hankookilbo.com,ko,override,ko,ko,1.0,,0.0,1
이찬원,spillover,22,www.koreadaily.com,ko,override,ko,ko,1.0,,0.0,1
이찬원,spillover,23,news.nate.com,ko,override,ko,ko,1.0,,0.0,1
이찬원,spillover,24,namu.wiki,ko,override,ko,ko,1.0,,0.0,1
이찬원,spillover,25,namu.wiki,ko,override,ko,ko,1.0,,0.0,1
이찬원,spillover,26,ko.wikipedia.org,ko,wiki,ko,ko,0.679,,0.321,1
이찬원,spillover,27,v.daum.net,ko,override,ko,ko,0.843,,0.157,1
이찬원,spillover,28,v.daum.net,ko,override,ko,ko,0.925,,0.075,1
이찬원,spillover,29,www.koreadaily.com,ko,override,ko,ko,0.925,,0.075,1
이찬원,spillover,30,v.daum.net,ko,override,ko,ko,0.909,,0.091,1
이찬원,spillover,31,www.topstarnews.net,ko,override,ko,ko,1.0,,0.0,1
이찬원,spillover,32,namu.wiki,ko,override,ko,ko,0.925,,0.075,1
이찬원,spillover,33,namu.wiki,ko,override,ko,ko,1.0,,0.0,1
이찬원,spillover,34,namu.wiki,ko,override,ko,ko,1.0,,0.0,1
이찬원,spillover,35,v.daum.net,ko,override,ko,ko,1.0,,0.0,1
이찬원,spillover,36,v.daum.net,ko,override,ko,ko,1.0,,0.0,1
이찬원,spillover,37,namu.wiki,ko,override,ko,ko,1.0,,0.0,1
이찬원,spillover,38,namu.wiki,ko,override,ko,ko,0.93,,0.07,1
이찬원,spillover,39,namu.wiki,ko,override,ko,ko,1.0,,0.0,1
이찬원,spillover,40,namu.wiki,ko,override,ko,ko,0.944,,0.056,1
이찬원,spillover,41,www.korezin.com,en,default,ko,ko,0.823,,0.177,0
이찬원,spillover,42,www.topstarnews.net,ko,override,ko,ko,0.922,,0.078,1
이찬원,spillover,43,www.topstarnews.net,ko,override,ko,ko,0.862,,0.138,1
이찬원,spillover,44,www.starnewskorea.com,en,override,ko,ko,1.0,,0.0,0
이찬원,spillover,45,www.gukjenews.com,en,default,ko,ko,0.629,,0.371,0
이찬원,spillover,46,fannstar.tf.co.kr,ko,tld,ko,ko,1.0,,0.0,1
이찬원,spillover,47,www.medifonews.com,en,default,ko,ko,1.0,,0.0,0
이찬원,spillover,48,www.thepublic.kr,ko,tld,ko,ko,1.0,,0.0,1
이찬원,spillover,49,m.ekn.kr,ko,tld,ko,ko,1.0,,0.0,1
이찬원,spillover,50,www.ftoday.co.kr,ko,tld,ko,ko,1.0,,0.0,1
이찬원,spillover,51,www.tenasia.co.kr,ko,tld,ko,ko,1.0,,0.0,1
이찬원,spillover,52,v.daum.net,ko,override,ko,ko,0.931,,0.069,1
이찬원,spillover,53,www.starnewskorea.com,en,override,ko,ko,0.945,,0.055,0
이찬원,spillover,54,www.starnewskorea.com,en,override,ko,ko,0.964,,0.036,0
이찬원,spillover,55,wowkorea.jp,ja,tld,ko,ko,0.892,,0.108,0
이찬원,spillover,56,www.dailian.co.kr,ko,tld,ko,ko,1.0,,0.0,1
이찬원,spillover,57,www.discoverynews.kr,ko,tld,ko,ko,1.0,,0.0,1
이찬원,spillover,58,www.fntoday.co.kr,ko,tld,ko,ko,1.0,,0.0,1
이찬원,spillover,59,www.jnilbo.com,en,default,ko,ko,1.0,,0.0,0
이찬원,spillover,60,www.hankyung.com,ko,override,ko,ko,1.0,,0.0,1
이찬원,spillover,61,www.mhns.co.kr,ko,override,ko,ko,1.0,,0.0,1
이찬원,spillover,62,m.ekn.kr,ko,tld,ko,ko,1.0,,0.0,1
이찬원,spillover,63,www.ragnet.co.jp,ja,tld,ko,ko,0.747,,0.121,0
이찬원,spillover,64,sports.khan.co.kr,ko,override,ko,ko,0.947,,0.053,1
이찬원,spillover,65,sports.khan.co.kr,ko,override,ko,ko,0.945,,0.055,1
이찬원,spillover,66,www.starnewskorea.com,en,override,ko,ko,0.949,,0.051,0
이찬원,spillover,67,www.allkpop.com,en,override,ko,ko,0.657,,0.343,0
이찬원,spillover,68,www.newsweekjapan.jp,ja,tld,ko,ko,0.822,,0.178,0
장윤정,loyalty,0,m.cafe.daum.net,ko,override,ko,ko,1.0,,0.0,1
장윤정,loyalty,1,www.ticketlink.co.kr,ko,tld,ko,ko,1.0,,0.0,1
장윤정,loyalty,2,news.nate.com,ko,override,ko,ko,1.0,,0.0,1
장윤정,loyalty,3,en.wikipedia.org,en,wiki,ko,ko,1.0,,0.0,0
장윤정,loyalty,4,www.tenasia.com,en,default,ko,ko,1.0,,0.0,0
장윤정,loyalty,5,en.wikipedia.org,en,wiki,ko,ko,1.0,,0.0,0
장윤정,loyalty,6,namu.wiki,ko,override,ko,ko,1.0,,0.0,1
장윤정,loyalty,7,m.cafe.daum.net,ko,override,ko,ko,1.0,,0.0,1
장윤정,loyalty,8,tickets.interpark.com,en,default,ko,ko,0.8,,0.2,0
장윤정,loyalty,9,namu.wiki,ko,override,latin,en,1.397,,0.939,0
장윤정,loyalty,10,m.newsen.com,ko,override,latin,en,1.575,,1.0,0
장윤정,loyalty,11,www.facebook.com,en,override,ko,ko,1.0,,0.0,0
장윤정,loyalty,12,m.cafe.daum.net,ko,override,ko,ko,0.893,,0.107,1
장윤정,loyalty,13,namu.wiki,ko,override,ko,ko,0.92,,0.08,1
장윤정,loyalty,14,news.nate.com,ko,override,ko,ko,1.0,,0.0,1
장윤정,loyalty,15,m.miral.org,en,default,ko,ko,1.0,,0.0,0
장윤정,loyalty,16,www.facebook.com,en,override,ko,ko,1.0,,0.0,0
장윤정,loyalty,17,namu.wiki,ko,override,ko,ko,1.0,,0.0,1
장윤정,loyalty,18,fanmaum.com,en,default,ko,ko,1.0,,0.0,0
장윤정,loyalty,19,tickets.interpark.com,en,default,ko,ko,0.833,,0.167,0
장윤정,loyalty,20,v.daum.net,ko,override,ko,ko,1.0,,0.0,1
장윤정,loyalty,21,v.daum.net,ko,override,ko,ko,1.0,,0.0,1
장윤정,loyalty,22,www.news1.kr,ko,override,ko,ko,1.0,,0.0,1
장윤정,loyalty,23,v.daum.net,ko,override,ko,ko,0.957,,0.043,1
장윤정,loyalty,24,fanmaum.com,en,default,ko,ko,1.0,,0.0,0
장윤정,loyalty,25,sports.khan.co.kr,ko,override,ko,ko,1.0,,0.0,1
장윤정,loyalty,26,www.timespread.co.kr,ko,tld,ko,ko,0.824,,0.176,1
장윤정,spillover,0,www.asiae.co.kr,ko,tld,ko,ko,1.0,,0.0,1
장윤정,spillover,1,news.nate.com,ko,override,ko,ko,1.0,,0.0,1
장윤정,spillover,2,en.wikipedia.org,en,wiki,ko,ko,1.0,,0.0,0
장윤정,spillover,3,www.starnewskorea.com,en,override,ko,ko,0.915,,0.085,0
장윤정,spillover,4,en.wikipedia.org,en,wiki,ko,ko,1.0,,0.0,0
장윤정,spillover,5,v.daum.net,ko,override,ko,ko,1.0,,0.0,1
장윤정,spillover,6,www.wikitree.co.kr,ko,tld,ko,ko,1.0,,0.0,1
장윤정,spillover,7,namu.wiki,ko,override,ko,ko,0.88,,0.12,1
장윤정,spillover,8,namu.wiki,ko,override,ko,ko,1.0,,0.0,1
장윤정,spillover,9,namu.wiki,ko,override,ko,ko,1.0,,0.0,1
장윤정,spillover,10,namu.wiki,ko,override,latin,en,1.214,,1.0,0
장윤정,spillover,11,namu.wiki,ko,override,latin,en,2.238,,1.0,0
장윤정,spillover,12,namu.wiki,ko,override,latin,en,1.528,,1.0,0
장윤정,spillover,13,namu.wiki,ko,override,latin,en,1.356,,1.0,0
장윤정,spillover,14,www.stardailynews.co.kr,ko,tld,latin,en,1.027,,0.94,0
장윤정,spillover,15,v.daum.net,ko,override,latin,en,1.38,,0.979,0
장윤정,spillover,16,www.koreadaily.com,ko,override,ko,ko,0.753,,0.247,1
장윤정,spillover,17,v.daum.net,ko,override,ko,ko,0.981,,0.019,1
장윤정,spillover,18,v.daum.net,ko,override,ko,ko,1.0,,0.0,1
장윤정,spillover,19,namu.wiki,ko,override,ko,ko,1.0,,0.0,1
장윤정,spillover,20,namu.wiki,ko,override,ko,ko,1.0,,0.0,1
장윤정,spillover,21,www.fnnews.com,ko,override,ko,ko,1.0,,0.0,1
장윤정,spillover,22,www.stardailynews.co.kr,ko,tld,ko,ko,0.778,,0.222,1
장윤정,spillover,23,v.daum.net,ko,override,ko,ko,1.0,,0.0,1
장윤정,spillover,24,sports.khan.co.kr,ko,override,ko,ko,0.94,,0.06,1
장윤정,spillover,25,v.daum.net,ko,override,ko,ko,1.0,,0.0,1
장윤정,spillover,26,v.daum.net,ko,override,ko,ko,0.952,,0.048,1
장윤정,spillover,27,www.asiaartistawards.com,en,default,ko,ko,1.0,,0.0,0
장윤정,spillover,28,namu.wiki,ko,override,ko,ko,1.0,,0.0,1
장윤정,spillover,29,namu.wiki,ko,override,ko,ko,0.964,,0.036,1
장윤정,spillover,30,namu.wiki,ko,override,ko,ko,0.909,,0.091,1
장윤정,spillover,31,namu.wiki,ko,override,ko,ko,0.889,,0.111,1
장윤정,spillover,32,namu.wiki,ko,override,ko,ko,0.932,,0.068,1
장윤정,spillover,33,namu.wiki,ko,override,ko,ko,0.943,,0.057,1
장윤정,spillover,34,namu.wiki,ko,override,ko,ko,1.0,,0.0,1
장윤정,spillover,35,namu.wiki,ko,override,ko,ko,1.0,,0.0,1
장윤정,spillover,36,www.starnewskorea.com,en,override,ko,ko,1.0,,0.0,0
장윤정,spillover,37,sports.khan.co.kr,ko,override,ko,ko,1.0,,0.0,1
장윤정,spillover,38,www.cosinkorea.com,en,default,ko,ko,1.0,,0.0,0
장윤정,spillover,39,www.us-knews.com,en,default,ko,ko,0.959,,0.041,0
장윤정,spillover,40,enews.imbc.com,en,default,ko,ko,1.0,,0.0,0
장윤정,spillover,41,namu.wiki,ko,override,ko,ko,0.975,,0.025,1
장윤정,spillover,42,www.stardailynews.co.kr,ko,tld,ko,ko,0.931,,0.069,1
장윤정,spillover,43,namu.wiki,ko,override,ko,ko,0.937,,0.063,1
장윤정,spillover,44,v.daum.net,ko,override,ko,ko,1.0,,0.0,1
장윤정,spillover,45,namu.wiki,ko,override,ko,ko,0.88,,0.12,1
장윤정,spillover,46,v.daum.net,ko,override,ko,ko,0.969,,0.031,1
장윤정,spillover,47,v.daum.net,ko,override,ko,ko,1.0,,0.0,1
장윤정,spillover,48,www.xportsnews.com,ko,override,ko,ko,1.0,,0.0,1
장윤정,spillover,49,www.koreadaily.com,ko,override,ko,ko,1.0,,0.0,1
장윤정,spillover,50,namu.wiki,ko,override,ko,ko,0.934,,0.0,1
장윤정,spillover,51,view.asiae.co.kr,ko,tld,ko,ko,1.0,,0.0,1
장윤정,spillover,52,tvreport.co.kr,ko,override,ko,ko,1.0,,0.0,1
장윤정,spillover,53,ja.wikipedia.org,ja,wiki,ko,ko,0.88,,0.0,0
장윤정,spillover,54,ja.wikipedia.org,ja,wiki,ko,ko,0.804,,0.059,0
장윤정,spillover,55,ja.wikipedia.org,ja,wiki,ko,ko,0.836,,0.0,0
장윤정,spillover,56,ja.wikipedia.org,ja,wiki,ko,ko,1.0,,0.0,0
장윤정,spillover,57,baike.baidu.com,zh,override,ko,ko,0.867,,0.0,0
장윤정,spillover,58,www.timespread.co.kr,ko,tld,ko,ko,1.0,,0.0,1
장윤정,spillover,59,culturaasiatica.com,es,override,ko,ko,0.729,,0.271,0
장윤정,spillover,60,mikiki.tokyo.jp,ja,tld,ko,ko,0.913,,0.087,0
장윤정,spillover,61,www.koreatimes.co.kr,en,override,ko,ko,1.0,,0.0,0
장윤정,spillover,62,www.soompi.com,en,override,ko,ko,1.0,,0.0,0
장윤정,spillover,63,www.allkpop.com,en,override,ko,ko,0.885,,0.115,0
장윤정,spillover,64,www.allkpop.com,en,override,ko,ko,0.896,,0.104,0
정동원,loyalty,0,namu.wiki,ko,override,ko,ko,1.0,,0.0,1
정동원,loyalty,1,namu.wiki,ko,override,ko,ko,1.0,,0.0,1
정동원,loyalty,2,www.munhwa.com,ko,override,ko,ko,0.93,,0.07,1
정동원,loyalty,3,tkad.co.kr,ko,tld,ko,ko,1.0,,0.0,1
정동원,loyalty,4,www.dipe.co.kr,ko,tld,ko,ko,1.0,,0.0,1
정동원,loyalty,5,www.ngonews.kr,ko,tld,ko,ko,1.0,,0.0,1
정동원,loyalty,6,news.lghellovision.net,en,default,ko,ko,1.0,,0.0,0
정동원,loyalty,7,namu.wiki,ko,override,ko,ko,1.0,,0.0,1
정동원,loyalty,8,www.starnewskorea.com,en,override,ko,ko,1.0,,0.0,0
정동원,loyalty,9,www.facebook.com,en,override,ko,ko,1.0,,0.0,0
정동원,loyalty,10,www.munhwa.com,ko,override,ko,ko,1.0,,0.0,1
정동원,loyalty,11,namu.wiki,ko,override,ko,ko,1.0,,0.0,1
정동원,loyalty,12,www.topstarnews.net,ko,override,latin,en,0.545,,0.884,0
정동원,loyalty,13,v.daum.net,ko,override,latin,en,1.886,,0.934,0
정동원,loyalty,14,biz.heraldcorp.com,ko,override,latin,en,1.913,,1.0,0
정동원,loyalty,15,v.daum.net,ko,override,latin,en,1.284,,0.949,0
정동원,loyalty,16,biz.heraldcorp.com,ko,override,ko,ko,1.0,,0.0,1
정동원,loyalty,17,sports.khan.co.kr,ko,override,ko,ko,1.0,,0.0,1
정동원,loyalty,18,redcross.or.kr,ko,tld,ko,ko,1.0,,0.0,1
정동원,loyalty,19,vod.bloodinfo.net,en,default,ko,ko,1.0,,0.0,0
정동원,loyalty,20,www.welfarenews.net,en,default,ko,ko,1.0,,0.0,0
정동원,loyalty,21,www.joyagdol.com,en,default,ko,ko,1.0,,0.0,0
정동원,loyalty,22,v.daum.net,ko,override,ko,ko,1.0,,0.0,1
정동원,loyalty,23,www.hankyung.com,ko,override,ko,ko,1.0,,0.0,1
정동원,loyalty,24,www.ilyoseoul.co.kr,ko,tld,ko,ko,1.0,,0.0,1
정동원,loyalty,25,www.ohmynews.com,ko,override,ko,ko,1.0,,0.0,1
정동원,loyalty,26,www.mydaily.co.kr,ko,override,ko,ko,0.918,,0.082,1
정동원,loyalty,27,www.srtimes.kr,ko,tld,ko,ko,1.0,,0.0,1
정동원,loyalty,28,www.hankyung.com,ko,override,ko,ko,1.0,,0.0,1
정동원,loyalty,29,www.busan.com,en,default,ko,ko,1.0,,0.0,0
정동원,loyalty,30,www.ilyoseoul.co.kr,ko,tld,ko,ko,1.0,,0.0,1
정동원,loyalty,31,www.ohmynews.com,ko,override,ko,ko,1.0,,0.0,1
정동원,loyalty,32,namu.wiki,ko,override,ko,ko,0.824,,0.176,1
정동원,loyalty,33,sports.khan.co.kr,ko,override,ko,ko,1.0,,0.0,1
정동원,loyalty,34,v.daum.net,ko,override,ko,ko,1.0,,0.0,1
정동원,loyalty,35,www.welfarenews.net,en,default,ko,ko,1.0,,0.0,0
정동원,loyalty,36,www.ngonews.kr,ko,tld,ko,ko,1.0,,0.0,1
정동원,loyalty,37,biz.heraldcorp.com,ko,override,ko,ko,1.0,,0.0,1
정동원,loyalty,38,www.cbci.co.kr,ko,tld,ko,ko,0.957,,0.043,1
정동원,loyalty,39,www.cbci.co.kr,ko,tld,ko,ko,1.0,,0.0,1
정동원,loyalty,40,sports.khan.co.kr,ko,override,ko,ko,1.0,,0.0,1
정동원,loyalty,41,namu.wiki,ko,override,ko,ko,1.0,,0.0,1
정동원,loyalty,42,www.sentv.co.kr,ko,tld,ko,ko,0.956,,0.044,1
정동원,loyalty,43,v.daum.net,ko,override,ko,ko,1.0,,0.0,1
정동원,loyalty,44,y.qq.com,zh,override,ko,ko,0.864,,0.061,0
정동원,loyalty,45,weibo.com,zh,override,ko,ko,0.923,,0.0,0
정동원,loyalty,46,zh.wikipedia.org,zh,wiki,ko,ko,0.962,,0.0,0
정동원,loyalty,47,www.cbci.co.kr,ko,tld,ko,ko,0.96,,0.04,1
정동원,spillover,0,www.munhwa.com,ko,override,ko,ko,1.0,,0.0,1
정동원,spillover,1,www.hankyung.com,ko,override,ko,ko,1.0,,0.0,1
정동원,spillover,2,m.newsen.com,ko,override,ko,ko,1.0,,0.0,1
정동원,spillover,3,www.dipe.co.kr,ko,tld,ko,ko,1.0,,0.0,1
정동원,spillover,4,www.dipe.co.kr,ko,tld,ko,ko,0.936,,0.064,1
정동원,spillover,5,www.allkpop.com,en,override,ko,ko,0.83,,0.17,0
정동원,spillover,6,namu.wiki,ko,override,ko,ko,1.0,,0.0,1
정동원,spillover,7,namu.wiki,ko,override,ko,ko,1.0,,0.0,1
정동원,spillover,8,namu.wiki,ko,override,ko,ko,1.0,,0.0,1
정동원,spillover,9,namu.wiki,ko,override,ko,ko,0.893,,0.107,1
정동원,spillover,10,namu.wiki,ko,override,ko,ko,1.0,,0.0,1
정동원,spillover,11,www.facebook.com,en,override,ko,ko,1.0,,0.0,0
정동원,spillover,12,en.wikipedia.org,en,wiki,latin,en,0.835,,1.0,1
정동원,spillover,13,en.wikipedia.org,en,wiki,latin,en,1.568,,1.0,1
정동원,spillover,14,www.segye.com,ko,override,latin,en,1.118,,1.0,0
정동원,spillover,15,en.wikipedia.org,en,wiki,latin,en,0.497,,1.0,1
정동원,spillover,16,en.wikipedia.org,en,wiki,latin,en,0.955,,1.0,1
정동원,spillover,17,baike.baidu.com,zh,override,latin,en,1.339,,0.934,0
정동원,spillover,18,namu.wiki,ko,override,ko,ko,0.981,,0.019,1
정동원,spillover,19,namu.wiki,ko,override,ko,ko,1.0,,0.0,1
정동원,spillover,20,www.tenasia.co.kr,ko,tld,ko,ko,1.0,,0.0,1
정동원,spillover,21,news.sbs.co.kr,ko,override,ko,ko,0.875,,0.125,1
정동원,spillover,22,hanteonews.com,ko,override,ko,ko,1.0,,0.0,1
정동원,spillover,23,imnews.imbc.com,ko,override,ko,ko,1.0,,0.0,1
정동원,spillover,24,www.hankookilbo.com,ko,override,ko,ko,1.0,,0.0,1
정동원,spillover,25,news.sbs.co.kr,ko,override,ko,ko,1.0,,0.0,1
정동원,spillover,26,sports.khan.co.kr,ko,override,ko,ko,1.0,,0.0,1
정동원,spillover,27,www.betanews.net,en,default,ko,ko,1.0,,0.0,0
정동원,spillover,28,www.cbci.co.kr,ko,tld,ko,ko,1.0,,0.0,1
정동원,spillover,29,www.newsinstar.com,en,default,ko,ko,1.0,,0.0,0
정동원,spillover,30,www.xportsnews.com,ko,override,ko,ko,1.0,,0.0,1
정동원,spillover,31,namu.wiki,ko,override,ko,ko,0.88,,0.12,1
정동원,spillover,32,namu.wiki,ko,override,ko,ko,1.0,,0.0,1
정동원,spillover,33,namu.wiki,ko,override,ko,ko,0.6,,0.4,1
정동원,spillover,34,namu.wiki,ko,override,ko,ko,0.735,,0.265,1
정동원,spillover,35,namu.wiki,ko,override,ko,ko,0.912,,0.088,1
정동원,spillover,36,namu.wiki,ko,override,ko,ko,0.875,,0.125,1
정동원,spillover,37,namu.wiki,ko,override,ko,ko,0.579,,0.421,1
정동원,spillover,38,www.fnnews.com,ko,override,ko,ko,0.967,,0.033,1
정동원,spillover,39,namu.wiki,ko,override,ko,ko,1.0,,0.0,1
정동원,spillover,40,www.ajunews.com,ko,override,ko,ko,0.946,,0.054,1
정동원,spillover,41,www.munhwa.com,ko,override,ko,ko,1.0,,0.0,1
정동원,spillover,42,www.news1.kr,ko,override,ko,ko,0.957,,0.043,1
정동원,spillover,43,www.newsinside.kr,ko,tld,ko,ko,1.0,,0.0,1
정동원,spillover,44,cine21.com,ko,override,ko,ko,1.0,,0.0,1
정동원,spillover,45,www.topstarnews.net,ko,override,ko,ko,0.969,,0.031,1
정동원,spillover,46,mbiz.heraldcorp.com,ko,override,ko,ko,0.949,,0.051,1
정동원,spillover,47,isplus.com,ko,override,ko,ko,1.0,,0.0,1
정동원,spillover,48,namu.wiki,ko,override,ko,ko,0.815,,0.185,1
정동원,spillover,49,namu.wiki,ko,override,ko,ko,0.743,,0.257,1
정동원,spillover,50,danmee.jp,ja,tld,ko,ko,0.89,,0.11,0
정동원,spillover,51,www.spotvnews.co.kr,ko,tld,ko,ko,1.0,,0.0,1
정동원,spillover,52,www.enpnow.com,en,default,ko,ko,1.0,,0.0,0
정동원,spillover,53,www.ragnet.co.jp,ja,tld,ko,ko,0.602,,0.398,0
정동원,spillover,54,www.allkpop.com,en,override,ko,ko,0.817,,0.183,0
정동원,spillover,55,www.allkpop.com,en,override,ko,ko,0.696,,0.304,0
정동원,spillover,56,www.allkpop.com,en,override,ko,ko,0.894,,0.106,0
정동원,spillover,57,www.allkpop.com,en,override,ko,ko,0.892,,0.108,0
정동원,spillover,58,danmee.jp,ja,tld,ko,ko,0.753,,0.233,0
김연자,loyalty,0,v.daum.net,ko,override,ko,ko,1.0,,0.0,1
김연자,loyalty,1,m.news.nate.com,ko,override,ko,ko,0.943,,0.057,1
김연자,loyalty,2,nol.yanolja.com,en,default,ko,ko,1.0,,0.0,0
김연자,loyalty,3,grokipedia.com,en,override,ko,ko,1.0,,0.0,0
김연자,loyalty,4,grokipedia.com,en,override,ko,ko,1.0,,0.0,0
김연자,loyalty,5,sports.khan.co.kr,ko,override,ko,ko,0.948,,0.052,1
김연자,loyalty,6,namu.wiki,ko,override,ko,ko,1.0,,0.0,1
김연자,loyalty,7,news.sbs.co.kr,ko,override,ko,ko,1.0,,0.0,1
김연자,loyalty,8,www.koreatowndaily.com,en,default,ko,ko,0.913,,0.087,0
김연자,loyalty,9,www.youtube.com,en,override,ko,ko,0.927,,0.073,0
김연자,loyalty,10,namu.wiki,ko,override,ko,ko,1.0,,0.0,1
김연자,loyalty,11,namu.wiki,ko,override,ko,ko,1.0,,0.0,1
김연자,loyalty,12,namu.wiki,ko,override,latin,en,1.283,,1.0,0
김연자,loyalty,13,namu.wiki,ko,override,latin,en,1.492,,1.0,0
김연자,loyalty,14,www.crownrecord.co.jp,ja,tld,latin,en,1.08,,0.935,0
김연자,loyalty,15,www.billboard-japan.com,ja,override,latin,en,1.285,,0.95,0
김연자,loyalty,16,v.daum.net,ko,override,ko,ko,0.971,,0.029,1
김연자,loyalty,17,v.daum.net,ko,override,ko,ko,1.0,,0.0,1
김연자,loyalty,18,namu.wiki,ko,override,ko,ko,1.0,,0.0,1
김연자,loyalty,19,namu.wiki,ko,override,ko,ko,1.0,,0.0,1
김연자,loyalty,20,ja.wikipedia.org,ja,wiki,ko,ko,0.767,,0.023,0
김연자,spillover,0,v.daum.net,ko,override,ko,ko,1.0,,0.0,1
김연자,spillover,1,nol.yanolja.com,en,default,ko,ko,1.0,,0.0,0
김연자,spillover,2,www.soompi.com,en,override,ko,ko,0.856,,0.144,0
김연자,spillover,3,grokipedia.com,en,override,ko,ko,1.0,,0.0,0
김연자,spillover,4,grokipedia.com,en,override,ko,ko,0.98,,0.02,0
김연자,spillover,5,namu.wiki,ko,override,ko,ko,1.0,,0.0,1
김연자,spillover,6,namu.wiki,ko,override,ko,ko,0.824,,0.176,1
김연자,spillover,7,namu.wiki,ko,override,ko,ko,1.0,,0.0,1
김연자,spillover,8,namu.wiki,ko,override,ko,ko,1.0,,0.0,1
김연자,spillover,9,namu.wiki,ko,override,ko,ko,1.0,,0.0,1
김연자,spillover,10,www.kyeonggi.com,en,default,latin,en,0.971,,1.0,1
김연자,spillover,11,namu.wiki,ko,override,latin,en,1.099,,1.0,0
김연자,spillover,12,namu.wiki,ko,override,latin,en,0.576,,1.0,0
김연자,spillover,13,namu.wiki,ko,override,latin,en,1.266,,1.0,0
김연자,spillover,14,v.daum.net,ko,override,latin,en,1.295,,1.0,0
김연자,spillover,15,v.daum.net,ko,override,latin,en,1.31,,1.0,0
김연자,spillover,16,www.nc.press,ko,override,ko,ko,0.904,,0.096,1
김연자,spillover,17,www.nc.press,ko,override,ko,ko,0.821,,0.077,1
김연자,spillover,18,www.nc.press,ko,override,ko,ko,0.918,,0.0,1
김연자,spillover,19,v.daum.net,ko,override,ko,ko,0.947,,0.053,1
김연자,spillover,20,namu.wiki,ko,override,ko,ko,1.0,,0.0,1
김연자,spillover,21,namu.wiki,ko,override,ko,ko,1.0,,0.0,1
김연자,spillover,22,ko.wikipedia.org,ko,wiki,ko,ko,1.0,,0.0,1
김연자,spillover,23,namu.wiki,ko,override,ko,ko,1.0,,0.0,1
김연자,spillover,24,namu.wiki,ko,override,ko,ko,1.0,,0.0,1
김연자,spillover,25,v.daum.net,ko,override,ko,ko,1.0,,0.0,1
김연자,spillover,26,news.sbs.co.kr,ko,override,ko,ko,1.0,,0.0,1
김연자,spillover,27,fmkorea.com,en,default,ko,ko,1.0,,0.0,0
김연자,spillover,28,v.daum.net,ko,override,ko,ko,0.968,,0.032,1
김연자,spillover,29,news.nate.com,ko,override,ko,ko,0.95,,0.05,1
김연자,spillover,30,namu.wiki,ko,override,ko,ko,0.914,,0.086,1
김연자,spillover,31,namu.wiki,ko,override,ko,ko,0.849,,0.057,1
김연자,spillover,32,namu.wiki,ko,override,ko,ko,0.931,,0.069,1
김연자,spillover,33,namu.wiki,ko,override,ko,ko,0.933,,0.067,1
김연자,spillover,34,namu.wiki,ko,override,ko,ko,0.909,,0.091,1
김연자,spillover,35,namu.wiki,ko,override,ko,ko,0.909,,0.091,1
김연자,spillover,36,namu.wiki,ko,override,ko,ko,1.0,,0.0,1
김연자,spillover,37,namu.wiki,ko,override,ko,ko,1.0,,0.0,1
김연자,spillover,38,namu.wiki,ko,override,ko,ko,1.0,,0.0,1
김연자,spillover,39,www.starnewskorea.com,en,override,ko,ko,1.0,,0.0,0
김연자,spillover,40,namu.wiki,ko,override,ko,ko,0.893,,0.107,1
김연자,spillover,41,www.newstap.co.kr,ko,tld,ko,ko,0.886,,0.114,1
김연자,spillover,42,www.newstap.co.kr,ko,tld,ko,ko,0.913,,0.087,1
김연자,spillover,43,www.newstap.co.kr,ko,tld,ko,ko,0.96,,0.04,1
김연자,spillover,44,namu.wiki,ko,override,ko,ko,1.0,,0.0,1
김연자,spillover,45,www.jiji.com,en,default,ko,ko,0.962,,0.0,0
김연자,spillover,46,www.epochtimes.com,en,default,ko,ko,0.963,,0.0,0
김연자,spillover,47,www.min-on.or.jp,ja,tld,ko,ko,0.683,,0.019,0
김연자,spillover,48,www.min-on.or.jp,ja,tld,ko,ko,0.78,,0.0,0
김연자,spillover,49,www.min-on.or.jp,ja,tld,ko,ko,0.939,,0.061,0
김연자,spillover,50,www.min-on.or.jp,ja,tld,ko,ko,1.0,,0.0,0
김연자,spillover,51,ototoy.jp,ja,tld,ko,ko,0.913,,0.087,0
나훈아,loyalty,0,www.ytn.co.kr,ko,override,ko,ko,1.0,,0.0,1
나훈아,loyalty,1,www.hankyung.com,ko,override,ko,ko,1.0,,0.0,1
나훈아,loyalty,2,www.womansense.co.kr,ko,tld,ko,ko,1.0,,0.0,1
나훈아,loyalty,3,www.ilyo.co.kr,ko,tld,ko,ko,1.0,,0.0,1
나훈아,loyalty,4,www.hankyung.com,ko,override,ko,ko,1.0,,0.0,1
나훈아,loyalty,5,www.koreatimes.co.kr,en,override,ko,ko,0.849,,0.151,0
나훈아,loyalty,6,www.munhwa.com,ko,override,ko,ko,1.0,,0.0,1
나훈아,loyalty,7,www.ilyo.co.kr,ko,tld,ko,ko,0.964,,0.036,1
나훈아,loyalty,8,www.hankyung.com,ko,override,ko,ko,1.0,,0.0,1
나훈아,loyalty,9,www.hankyung.com,ko,override,ko,ko,1.0,,0.0,1
나훈아,loyalty,10,www.news1.kr,ko,override,ko,ko,1.0,,0.0,1
나훈아,loyalty,11,www.ilyo.co.kr,ko,tld,ko,ko,1.0,,0.0,1
나훈아,loyalty,12,www.ilyo.co.kr,ko,tld,ko,ko,0.871,,0.129,1
나훈아,loyalty,13,www.ilyo.co.kr,ko,tld,ko,ko,0.958,,0.042,1
나훈아,loyalty,14,namu.wiki,ko,override,ko,ko,1.0,,0.0,1
나훈아,loyalty,15,namu.wiki,ko,override,ko,ko,1.0,,0.0,1
나훈아,loyalty,16,www.hankyung.com,ko,override,latin,en,1.041,,1.0,0
나훈아,loyalty,17,www.khan.co.kr,ko,tld,latin,en,0.822,,1.0,0
나훈아,loyalty,18,v.daum.net,ko,override,latin,en,1.031,,1.0,0
나훈아,loyalty,19,www.ilyo.co.kr,ko,tld,latin,en,1.927,,0.859,0
나훈아,loyalty,20,en.wikipedia.org,en,wiki,latin,en,1.324,,1.0,1
나훈아,loyalty,21,v.daum.net,ko,override,latin,en,1.677,,1.0,0
나훈아,loyalty,22,www.ytn.co.kr,ko,override,ko,ko,1.0,,0.0,1
나훈아,loyalty,23,www.ilyo.co.kr,ko,tld,ko,ko,0.875,,0.125,1
나훈아,loyalty,24,namu.wiki,ko,override,ko,ko,1.0,,0.0,1
나훈아,loyalty,25,www.ilyo.co.kr,ko,tld,ko,ko,0.99,,0.01,1
나훈아,loyalty,26,mobile.busan.com,en,default,ko,ko,1.0,,0.0,0
나훈아,loyalty,27,www.ilyo.co.kr,ko,tld,ko,ko,0.926,,0.074,1
나훈아,loyalty,28,www.hankyung.com,ko,override,ko,ko,1.0,,0.0,1
나훈아,loyalty,29,www.idaegu.com,en,default,ko,ko,1.0,,0.0,0
나훈아,loyalty,30,namu.wiki,ko,override,ko,ko,1.0,,0.0,1
나훈아,loyalty,31,namu.wiki,ko,override,ko,ko,1.0,,0.0,1
나훈아,loyalty,32,ja.wikipedia.org,ja,wiki,ko,ko,0.904,,0.0,0
나훈아,spillover,0,www.womansense.co.kr,ko,tld,ko,ko,1.0,,0.0,1
나훈아,spillover,1,www.munhwa.com,ko,override,ko,ko,1.0,,0.0,1
나훈아,spillover,2,www.ilyo.co.kr,ko,tld,ko,ko,0.946,,0.054,1
나훈아,spillover,3,www.koreatimes.co.kr,en,override,ko,ko,1.0,,0.0,0
나훈아,spillover,4,namu.wiki,ko,override,ko,ko,0.85,,0.15,1
나훈아,spillover,5,namu.wiki,ko,override,ko,ko,0.842,,0.158,1
나훈아,spillover,6,www.newsis.com,ko,override,ko,ko,0.947,,0.0,1
나훈아,spillover,7,www.newsis.com,ko,override,ko,ko,1.0,,0.0,1
나훈아,spillover,8,www.ulsanpress.net,en,default,latin,en,2.159,,1.0,1
나훈아,spillover,9,www.etnews.com,en,default,latin,en,1.894,,1.0,1
나훈아,spillover,10,en.wikipedia.org,en,wiki,latin,en,1.432,,1.0,1
나훈아,spillover,11,www.tenasia.co.kr,ko,tld,latin,en,1.307,,1.0,0
나훈아,spillover,12,namu.wiki,ko,override,ko,ko,0.902,,0.0,1
나훈아,spillover,13,namu.wiki,ko,override,ko,ko,0.69,,0.31,1
나훈아,spillover,14,namu.wiki,ko,override,ko,ko,0.707,,0.293,1
나훈아,spillover,15,baike.baidu.com,zh,override,latin,en,1.091,,0.936,0
나훈아,spillover,16,baike.baidu.com,zh,override,latin,en,1.196,,0.979,0
나훈아,spillover,17,recochoku.jp,ja,tld,latin,en,1.124,,0.943,0
나훈아,spillover,18,namu.wiki,ko,override,ko,ko,0.958,,0.042,1
나훈아,spillover,19,namu.wiki,ko,override,ko,ko,0.829,,0.171,1
나훈아,spillover,20,v.daum.net,ko,override,ko,ko,1.0,,0.0,1
나훈아,spillover,21,www.newsis.com,ko,override,ko,ko,1.0,,0.0,1
나훈아,spillover,22,www.joynews24.com,en,default,ko,ko,1.0,,0.0,0
나훈아,spillover,23,namu.wiki,ko,override,ko,ko,1.0,,0.0,1
나훈아,spillover,24,namu.wiki,ko,override,ko,ko,0.815,,0.185,1
나훈아,spillover,25,namu.wiki,ko,override,ko,ko,0.911,,0.089,1
나훈아,spillover,26,namu.wiki,ko,override,ko,ko,0.939,,0.061,1
나훈아,spillover,27,namu.wiki,ko,override,ko,ko,1.0,,0.0,1
나훈아,spillover,28,namu.wiki,ko,override,ko,ko,0.925,,0.075,1
나훈아,spillover,29,namu.wiki,ko,override,ko,ko,0.944,,0.056,1
나훈아,spillover,30,namu.wiki,ko,override,ko,ko,1.0,,0.0,1
나훈아,spillover,31,www.starnewskorea.com,en,override,ko,ko,1.0,,0.0,0
나훈아,spillover,32,www.hankyung.com,ko,override,ko,ko,0.944,,0.056,1
나훈아,spillover,33,www.wowkorea.jp,ja,tld,ko,ko,0.911,,0.089,0
나훈아,spillover,34,www.thenewslens.com,en,default,ko,ko,0.849,,0.092,0
나훈아,spillover,35,www.kyoto-music.net,en,default,ko,ko,0.739,,0.0,0
나훈아,spillover,36,culturaasiatica.com,es,override,ko,ko,0.592,,0.408,0
god,loyalty,0,www.starnewskorea.com,en,override,ko,ko,0.862,,0.138,0
god,loyalty,1,ent.sbs.co.kr,ko,tld,ko,ko,1.0,,0.0,1
god,loyalty,2,news.mt.co.kr,ko,override,ko,ko,1.0,,0.0,1
god,loyalty,3,namu.wiki,ko,override,ko,ko,0.946,,0.054,1
god,loyalty,4,namu.wiki,ko,override,ko,ko,0.878,,0.122,1
god,loyalty,5,news.sbs.co.kr,ko,override,ko,ko,0.881,,0.119,1
god,loyalty,6,news.sbs.co.kr,ko,override,ko,ko,1.0,,0.0,1
god,loyalty,7,www.starnewskorea.com,en,override,ko,ko,0.627,,0.373,0
god,loyalty,8,www.nocutnews.co.kr,ko,tld,ko,ko,0.818,,0.182,1
god,loyalty,9,www.fnnews.com,ko,override,ko,ko,1.0,,0.0,1
god,loyalty,10,plus.hankyung.com,ko,override,ko,ko,0.867,,0.133,1
god,loyalty,11,v.daum.net,ko,override,ko,ko,0.795,,0.205,1
god,loyalty,12,mydaily.co.kr,ko,override,ko,ko,0.774,,0.226,1
god,loyalty,13,www.nocutnews.co.kr,ko,tld,ko,ko,0.625,,0.375,1
god,loyalty,14,www.ytn.co.kr,ko,override,ko,ko,0.842,,0.158,1
god,loyalty,15,www.nocutnews.co.kr,ko,tld,ko,ko,0.833,,0.167,1
god,loyalty,16,fangod.co.kr,ko,tld,latin,en,1.629,,0.922,0
god,loyalty,17,v.daum.net,ko,override,latin,en,1.21,,1.0,0
god,loyalty,18,namu.wiki,ko,override,latin,en,1.147,,1.0,0
god,loyalty,19,news.sbs.co.kr,ko,override,ko,ko,0.512,,0.488,1
god,loyalty,20,koreadailytimes.com,en,default,ko,ko,1.0,,0.0,0
god,loyalty,21,www.asiaartistawards.com,en,default,ko,ko,0.897,,0.103,0
god,loyalty,22,kenh14.vn,vi,override,ko,ko,0.779,,0.221,0
god,loyalty,23,sports.khan.co.kr,ko,override,ko,ko,0.959,,0.041,1
god,loyalty,24,ent.sbs.co.kr,ko,tld,ko,ko,1.0,,0.0,1
god,loyalty,25,www.fnnews.com,ko,override,ko,ko,0.952,,0.048,1
god,loyalty,26,www.cineplay.co.kr,ko,tld,ko,ko,0.951,,0.049,1
god,loyalty,27,ko.wikipedia.org,ko,wiki,ko,ko,0.895,,0.105,1
god,loyalty,28,sports.khan.co.kr,ko,override,ko,ko,0.75,,0.25,1
god,loyalty,29,koreadailytimes.com,en,default,ko,ko,0.833,,0.167,0
god,loyalty,30,v.daum.net,ko,override,ko,ko,0.782,,0.218,1
god,loyalty,31,www.hankyung.com,ko,override,ko,ko,0.864,,0.136,1
god,loyalty,32,www.hankookilbo.com,ko,override,ko,ko,0.885,,0.115,1
god,loyalty,33,v.daum.net,ko,override,ko,ko,0.76,,0.24,1
god,loyalty,34,namu.wiki,ko,override,ko,ko,0.786,,0.214,1
god,loyalty,35,namu.wiki,ko,override,ko,ko,1.0,,0.0,1
god,loyalty,36,ko.wikipedia.org,ko,wiki,ko,ko,0.943,,0.057,1
god,loyalty,37,ko.wikipedia.org,ko,wiki,ko,ko,0.961,,0.039,1
god,loyalty,38,www.fnnews.com,ko,override,ko,ko,0.943,,0.057,1
god,loyalty,39,www.hankookilbo.com,ko,override,ko,ko,0.915,,0.085,1
god,loyalty,40,www.starnewskorea.com,en,override,ko,ko,0.641,,0.359,0
god,loyalty,41,ent.sbs.co.kr,ko,tld,ko,ko,0.843,,0.157,1
god,loyalty,42,namu.wiki,ko,override,ko,ko,0.824,,0.176,1
god,loyalty,43,sports.khan.co.kr,ko,override,ko,ko,0.883,,0.117,1
god,loyalty,44,sports.khan.co.kr,ko,override,ko,ko,0.909,,0.091,1
god,loyalty,45,v.daum.net,ko,override,ko,ko,0.892,,0.108,1
god,loyalty,46,www.sina.cn,zh,tld,ko,ko,0.812,,0.099,0
god,loyalty,47,www.allkpop.com,en,override,ko,ko,0.5,,0.5,0
god,loyalty,48,www.allkpop.com,en,override,ko,ko,0.773,,0.227,0
god,loyalty,49,www.allkpop.com,en,override,ko,ko,0.766,,0.234,0
god,loyalty,50,www.allkpop.com,en,override,ko,ko,0.525,,0.475,0
god,spillover,0,biz.heraldcorp.com,ko,override,ko,ko,0.939,,0.061,1
god,spillover,1,magazine.musicow.com,en,default,ko,ko,0.904,,0.096,0
god,spillover,2,www.starnewskorea.com,en,override,ko,ko,0.959,,0.041,0
god,spillover,3,www.starnewskorea.com,en,override,ko,ko,0.939,,0.061,0
god,spillover,4,brunch.co.kr,ko,tld,ko,ko,0.794,,0.206,1
god,spillover,5,brunch.co.kr,ko,tld,ko,ko,0.933,,0.067,1
god,spillover,6,www.fnnews.com,ko,override,ko,ko,0.857,,0.143,1
god,spillover,7,brunch.co.kr,ko,tld,ko,ko,1.0,,0.0,1
god,spillover,8,namu.wiki,ko,override,latin,en,1.208,,1.0,0
god,spillover,9,v.daum.net,ko,override,latin,en,1.687,,1.0,0
god,spillover,10,ko.wikipedia.org,ko,wiki,latin,en,1.271,,0.984,0
god,spillover,11,sports.khan.co.kr,ko,override,ko,ko,0.957,,0.043,1
god,spillover,12,ko.wikipedia.org,ko,wiki,ko,ko,0.726,,0.274,1
god,spillover,13,www.ytn.co.kr,ko,override,ko,ko,1.0,,0.0,1
god,spillover,14,www.ajunews.com,ko,override,ko,ko,0.714,,0.286,1
god,spillover,15,www.queen.co.kr,ko,tld,ko,ko,0.941,,0.059,1
god,spillover,16,isplus.com,ko,override,ko,ko,1.0,,0.0,1
god,spillover,17,news.nate.com,ko,override,ko,ko,0.922,,0.078,1
god,spillover,18,isplus.com,ko,override,ko,ko,0.923,,0.077,1
god,spillover,19,namu.wiki,ko,override,ko,ko,0.898,,0.102,1
god,spillover,20,namu.wiki,ko,override,ko,ko,0.739,,0.261,1
god,spillover,21,namu.wiki,ko,override,ko,ko,0.778,,0.222,1
god,spillover,22,namu.wiki,ko,override,ko,ko,0.594,,0.406,1
god,spillover,23,namu.wiki,ko,override,ko,ko,0.729,,0.271,1
god,spillover,24,namu.wiki,ko,override,ko,ko,0.935,,0.065,1
god,spillover,25,tr.wikipedia.org,tr,wiki,ko,ko,0.68,,0.32,0
god,spillover,26,www.korezin.com,en,default,ko,ko,0.675,,0.325,0
god,spillover,27,namu.wiki,ko,override,ko,ko,0.8,,0.2,1
god,spillover,28,namu.wiki,ko,override,ko,ko,0.824,,0.176,1
god,spillover,29,ko.wikipedia.org,ko,wiki,ko,ko,0.727,,0.273,1
god,spillover,30,ko.wikipedia.org,ko,wiki,ko,ko,0.781,,0.219,1
god,spillover,31,ko.wikipedia.org,ko,wiki,ko,ko,0.915,,0.085,1
god,spillover,32,ko.wikipedia.org,ko,wiki,ko,ko,0.947,,0.053,1
god,spillover,33,www.fnnews.com,ko,override,ko,ko,0.8,,0.2,1
god,spillover,34,news.nate.com,ko,override,ko,ko,0.901,,0.099,1
god,spillover,35,znews.vn,vi,tld,ko,ko,0.892,,0.108,0
god,spillover,36,ja.wikipedia.org,ja,wiki,ko,ko,0.944,,0.056,0
god,spillover,37,v.daum.net,ko,override,ko,ko,0.902,,0.098,1
god,spillover,38,plus.hankyung.com,ko,override,ko,ko,0.945,,0.055,1
god,spillover,39,www.starnewskorea.com,en,override,ko,ko,0.904,,0.096,0
god,spillover,40,v.daum.net,ko,override,ko,ko,0.818,,0.182,1
god,spillover,41,www.topstarnews.net,ko,override,ko,ko,0.947,,0.053,1
god,spillover,42,music.douban.com,zh,override,ko,ko,0.767,,0.1,0
god,spillover,43,fr.wikipedia.org,fr,wiki,ko,ko,0.938,,0.062,0
god,spillover,44,gulfnews.com,en,default,ko,ko,0.84,,0.16,0
god,spillover,45,www.soompi.com,en,override,ko,ko,0.948,,0.052,0
god,spillover,46,www.koreaboo.com,en,override,ko,ko,0.953,,0.047,0
god,spillover,47,www.koreaboo.com,en,override,ko,ko,0.877,,0.123,0
HOT,loyalty,0,namu.wiki,ko,override,ko,ko,1.0,,0.0,1
HOT,loyalty,1,namu.wiki,ko,override,ko,ko,0.804,,0.196,1
HOT,loyalty,2,biz.heraldcorp.com,ko,override,ko,ko,1.0,,0.0,1
HOT,loyalty,3,www.hankookilbo.com,ko,override,ko,ko,1.0,,0.0,1
HOT,loyalty,4,www.hankookilbo.com,ko,override,ko,ko,1.0,,0.0,1
HOT,loyalty,5,en.wikipedia.org,en,wiki,ko,ko,0.968,,0.032,0
HOT,loyalty,6,www.allkpop.com,en,override,ko,ko,0.952,,0.048,0
HOT,loyalty,7,v.daum.net,ko,override,ko,ko,0.811,,0.189,1
HOT,loyalty,8,www.hankookilbo.com,ko,override,ko,ko,1.0,,0.0,1
HOT,loyalty,9,www.khan.co.kr,ko,tld,ko,ko,1.0,,0.0,1
HOT,loyalty,10,www.khan.co.kr,ko,tld,ko,ko,1.0,,0.0,1
HOT,loyalty,11,v.daum.net,ko,override,ko,ko,1.0,,0.0,1
HOT,loyalty,12,www.cineplay.co.kr,ko,tld,ko,ko,0.927,,0.073,1
HOT,loyalty,13,namu.wiki,ko,override,latin,en,0.922,,1.0,0
HOT,loyalty,14,en.wikipedia.org,en,wiki,latin,en,1.239,,1.0,1
HOT,loyalty,15,en.wikipedia.org,en,wiki,latin,en,0.809,,1.0,1
HOT,loyalty,16,namu.wiki,ko,override,ko,ko,0.839,,0.161,1
HOT,loyalty,17,namu.wiki,ko,override,ko,ko,0.932,,0.068,1
HOT,loyalty,18,www.kyeonggi.com,en,default,ko,ko,1.0,,0.0,0
HOT,loyalty,19,www.yesasia.ru,ru,override,ko,ko,0.567,,0.433,0
HOT,loyalty,20,namu.wiki,ko,override,ko,ko,0.677,,0.323,1
HOT,loyalty,21,namu.wiki,ko,override,ko,ko,0.935,,0.065,1
HOT,loyalty,22,namu.wiki,ko,override,ko,ko,0.939,,0.061,1
HOT,loyalty,23,namu.wiki,ko,override,ko,ko,0.923,,0.077,1
HOT,loyalty,24,biz.heraldcorp.com,ko,override,ko,ko,0.936,,0.064,1
HOT,loyalty,25,namu.wiki,ko,override,ko,ko,0.917,,0.083,1
HOT,loyalty,26,namu.wiki,ko,override,ko,ko,0.917,,0.083,1
HOT,loyalty,27,namu.wiki,ko,override,ko,ko,0.929,,0.071,1
HOT,loyalty,28,namu.wiki,ko,override,ko,ko,0.899,,0.101,1
HOT,loyalty,29,namu.wiki,ko,override,ko,ko,0.872,,0.128,1
HOT,loyalty,30,namu.wiki,ko,override,ko,ko,0.938,,0.062,1
HOT,loyalty,31,www.khan.co.kr,ko,tld,ko,ko,0.634,,0.366,1
HOT,loyalty,32,www.fnnews.com,ko,override,ko,ko,0.954,,0.046,1
HOT,loyalty,33,tvreport.co.kr,ko,override,ko,ko,0.597,,0.403,1
HOT,loyalty,34,prtimes.jp,ja,tld,ko,ko,0.62,,0.38,0
HOT,loyalty,35,www.nownews.com,zh,override,ko,ko,0.877,,0.123,0
HOT,loyalty,36,www.sohu.com,en,default,ko,ko,0.944,,0.034,0
HOT,spillover,0,biz.heraldcorp.com,ko,override,ko,ko,1.0,,0.0,1
HOT,spillover,1,en.wikipedia.org,en,wiki,ko,ko,0.901,,0.099,0
HOT,spillover,2,en.wikipedia.org,en,wiki,ko,ko,0.925,,0.075,0
HOT,spillover,3,v.daum.net,ko,override,ko,ko,1.0,,0.0,1
HOT,spillover,4,v.daum.net,ko,override,ko,ko,1.0,,0.0,1
HOT,spillover,5,ko.wikipedia.org,ko,wiki,ko,ko,1.0,,0.0,1
HOT,spillover,6,en.wikipedia.org,en,wiki,latin,en,1.083,,1.0,1
HOT,spillover,7,en.wikipedia.org,en,wiki,latin,en,0.731,,1.0,1
HOT,spillover,8,en.wikipedia.org,en,wiki,latin,en,1.13,,1.0,1
HOT,spillover,9,namu.wiki,ko,override,latin,en,1.522,,0.973,0
HOT,spillover,10,namu.wiki,ko,override,latin,en,1.234,,0.983,0
HOT,spillover,11,www.kyeonggi.com,en,default,ko,ko,0.95,,0.05,0
HOT,spillover,12,ko.wikipedia.org,ko,wiki,latin,en,1.101,,0.989,0
HOT,spillover,13,www.hankyung.com,ko,override,latin,en,1.053,,0.968,0
HOT,spillover,14,namu.wiki,ko,override,ko,ko,0.886,,0.114,1
HOT,spillover,15,namu.wiki,ko,override,ko,ko,0.891,,0.109,1
HOT,spillover,16,namu.wiki,ko,override,ko,ko,0.958,,0.042,1
HOT,spillover,17,ko.wikipedia.org,ko,wiki,ko,ko,0.74,,0.26,1
HOT,spillover,18,www.kyeonggi.com,en,default,ko,ko,0.909,,0.091,0
HOT,spillover,19,www.newsis.com,ko,override,ko,ko,1.0,,0.0,1
HOT,spillover,20,www.newsis.com,ko,override,ko,ko,0.865,,0.135,1
HOT,spillover,21,www.koreadaily.com,ko,override,ko,ko,0.921,,0.079,1
HOT,spillover,22,www.segye.com,ko,override,ko,ko,0.921,,0.079,1
HOT,spillover,23,ko.wikipedia.org,ko,wiki,ko,ko,0.871,,0.129,1
HOT,spillover,24,namu.wiki,ko,override,ko,ko,0.898,,0.102,1
HOT,spillover,25,namu.wiki,ko,override,ko,ko,0.824,,0.176,1
HOT,spillover,26,namu.wiki,ko,override,ko,ko,0.727,,0.273,1
HOT,spillover,27,namu.wiki,ko,override,ko,ko,0.714,,0.286,1
HOT,spillover,28,biz.heraldcorp.com,ko,override,ko,ko,0.919,,0.081,1
HOT,spillover,29,www.etoday.co.kr,ko,tld,ko,ko,0.949,,0.051,1
HOT,spillover,30,www.dailian.co.kr,ko,tld,ko,ko,0.959,,0.041,1
HOT,spillover,31,www.huffingtonpost.kr,ko,tld,ko,ko,0.96,,0.04,1
HOT,spillover,32,tr.wikipedia.org,tr,wiki,ko,ko,0.66,,0.34,0
HOT,spillover,33,www.brandbrief.co.kr,ko,tld,ko,ko,0.926,,0.074,1
HOT,spillover,34,v.daum.net,ko,override,ko,ko,0.918,,0.082,1
HOT,spillover,35,tvreport.co.kr,ko,override,ko,ko,0.903,,0.097,1
HOT,spillover,36,namu.wiki,ko,override,ko,ko,0.914,,0.086,1
HOT,spillover,37,namu.wiki,ko,override,ko,ko,0.925,,0.075,1
HOT,spillover,38,namu.wiki,ko,override,ko,ko,0.865,,0.135,1
HOT,spillover,39,namu.wiki,ko,override,ko,ko,0.925,,0.075,1
HOT,spillover,40,namu.wiki,ko,override,ko,ko,0.929,,0.071,1
HOT,spillover,41,v.daum.net,ko,override,ko,ko,0.837,,0.163,1
HOT,spillover,42,www.fnnews.com,ko,override,ko,ko,0.909,,0.091,1
HOT,spillover,43,www.newsis.com,ko,override,ko,ko,0.961,,0.039,1
HOT,spillover,44,www.newsis.com,ko,override,ko,ko,0.959,,0.041,1
HOT,spillover,45,www.newsis.com,ko,override,ko,ko,0.946,,0.054,1
HOT,spillover,46,www.busan.com,en,default,ko,ko,0.934,,0.066,0
HOT,spillover,47,v.daum.net,ko,override,ko,ko,0.83,,0.17,1
HOT,spillover,48,www.busan.com,en,default,ko,ko,0.909,,0.091,0
HOT,spillover,49,www.starnewskorea.com,en,override,ko,ko,0.934,,0.066,0
HOT,spillover,50,www.koreatimes.co.kr,en,override,ko,ko,0.966,,0.034,0
HOT,spillover,51,www.news-wa.com,en,default,ko,ko,0.952,,0.048,0
HOT,spillover,52,www.goodmorningvietnam.co.kr,ko,tld,ko,ko,0.945,,0.046,1
HOT,spillover,53,isplus.com,ko,override,ko,ko,0.927,,0.073,1
HOT,spillover,54,www.newsis.com,ko,override,ko,ko,0.931,,0.069,1
HOT,spillover,55,www.gukjenews.com,en,default,ko,ko,0.963,,0.037,0
HOT,spillover,56,k.sina.cn,zh,tld,ko,ko,0.947,,0.032,0
HOT,spillover,57,news.qq.com,zh,override,ko,ko,0.659,,0.341,0
HOT,spillover,58,www.zhihu.com,en,default,ko,ko,0.75,,0.1,0
HOT,spillover,59,www.kochina21.com,en,default,ko,ko,0.846,,0.141,0
잭스키스,loyalty,0,ko.wikipedia.org,ko,wiki,ko,ko,0.792,,0.208,1
잭스키스,loyalty,1,ko.wikipedia.org,ko,wiki,ko,ko,1.0,,0.0,1
잭스키스,loyalty,2,ko.wikipedia.org,ko,wiki,ko,ko,1.0,,0.0,1
잭스키스,loyalty,3,ko.wikipedia.org,ko,wiki,ko,ko,0.552,,0.448,1
잭스키스,loyalty,4,www.hellokpop.com,en,default,ko,ko,0.818,,0.182,0
잭스키스,loyalty,5,www.hellokpop.com,en,default,ko,ko,1.0,,0.0,0
잭스키스,loyalty,6,namu.wiki,ko,override,ko,ko,1.0,,0.0,1
잭스키스,loyalty,7,ko.wikipedia.org,ko,wiki,ko,ko,0.885,,0.115,1
잭스키스,loyalty,8,namu.wiki,ko,override,ko,ko,1.0,,0.0,1
잭스키스,loyalty,9,ko.wikipedia.org,ko,wiki,ko,ko,1.0,,0.0,1
잭스키스,loyalty,10,ko.wikipedia.org,ko,wiki,ko,ko,1.0,,0.0,1
잭스키스,loyalty,11,ko.wikipedia.org,ko,wiki,ko,ko,1.0,,0.0,1
잭스키스,loyalty,12,en.wikipedia.org,en,wiki,latin,en,0.687,,0.962,1
잭스키스,loyalty,13,en.wikipedia.org,en,wiki,latin,en,0.925,,1.0,1
잭스키스,loyalty,14,en.wikipedia.org,en,wiki,latin,en,1.046,,1.0,1
잭스키스,loyalty,15,namu.wiki,ko,override,latin,en,1.273,,1.0,0
잭스키스,loyalty,16,v.daum.net,ko,override,ko,ko,1.0,,0.0,1
잭스키스,loyalty,17,www.starnewskorea.com,en,override,ko,ko,1.0,,0.0,0
잭스키스,loyalty,18,m.edaily.co.kr,ko,override,ko,ko,1.0,,0.0,1
잭스키스,loyalty,19,www.kclf.org,en,default,ko,ko,1.0,,0.0,0
잭스키스,loyalty,20,www.newsis.com,ko,override,ko,ko,1.0,,0.0,1
잭스키스,loyalty,21,tkad.co.kr,ko,tld,ko,ko,1.0,,0.0,1
잭스키스,loyalty,22,kns.tv,en,default,ko,ko,1.0,,0.0,0
잭스키스,loyalty,23,www.kyeongin.com,en,default,ko,ko,1.0,,0.0,0
잭스키스,loyalty,24,mnetjp.com,en,default,ko,ko,0.565,,0.435,0
잭스키스,loyalty,25,namu.wiki,ko,override,ko,ko,0.875,,0.125,1
잭스키스,loyalty,26,www.starnewskorea.com,en,override,ko,ko,0.949,,0.051,0
잭스키스,loyalty,27,www.newsis.com,ko,override,ko,ko,1.0,,0.0,1
잭스키스,loyalty,28,www.greened.kr,ko,tld,ko,ko,0.962,,0.038,1
잭스키스,loyalty,29,www.greened.kr,ko,tld,ko,ko,0.959,,0.041,1
잭스키스,loyalty,30,www.hankookilbo.com,ko,override,ko,ko,0.895,,0.105,1
잭스키스,loyalty,31,m.edaily.co.kr,ko,override,ko,ko,1.0,,0.0,1
잭스키스,loyalty,32,www.starnewskorea.com,en,override,ko,ko,0.962,,0.038,0
잭스키스,loyalty,33,ko.wikipedia.org,ko,wiki,ko,ko,1.0,,0.0,1
잭스키스,loyalty,34,ko.wikipedia.org,ko,wiki,ko,ko,1.0,,0.0,1
잭스키스,loyalty,35,ko.wikipedia.org,ko,wiki,ko,ko,0.698,,0.302,1
잭스키스,loyalty,36,namu.wiki,ko,override,ko,ko,1.0,,0.0,1
잭스키스,loyalty,37,namu.wiki,ko,override,ko,ko,0.741,,0.259,1
잭스키스,loyalty,38,namu.wiki,ko,override,ko,ko,0.778,,0.222,1
잭스키스,loyalty,39,namu.wiki,ko,override,ko,ko,0.583,,0.417,1
잭스키스,loyalty,40,www.barks.jp,ja,override,ko,ko,0.535,,0.313,0
잭스키스,spillover,0,ko.wikipedia.org,ko,wiki,ko,ko,0.967,,0.033,1
잭스키스,spillover,1,yg-life.com,ko,override,ko,ko,0.971,,0.029,1
잭스키스,spillover,2,namu.wiki,ko,override,ko,ko,1.0,,0.0,1
잭스키스,spillover,3,ko.wikipedia.org,ko,wiki,ko,ko,1.0,,0.0,1
잭스키스,spillover,4,en.wikipedia.org,en,wiki,latin,en,1.498,,1.0,1
잭스키스,spillover,5,en.wikipedia.org,en,wiki,latin,en,1.026,,1.0,1
잭스키스,spillover,6,en.wikipedia.org,en,wiki,latin,en,1.322,,1.0,1
잭스키스,spillover,7,en.wikipedia.org,en,wiki,latin,en,0.939,,1.0,1
잭스키스,spillover,8,www.oricon.co.jp,ja,tld,latin,en,0.878,,1.0,0
잭스키스,spillover,9,www.oricon.co.jp,ja,tld,latin,en,1.128,,1.0,0
잭스키스,spillover,10,www.osen.co.kr,ko,tld,ko,ko,0.939,,0.061,1
잭스키스,spillover,11,namu.wiki,ko,override,ko,ko,1.0,,0.0,1
잭스키스,spillover,12,namu.wiki,ko,override,ko,ko,1.0,,0.0,1
잭스키스,spillover,13,v.daum.net,ko,override,ko,ko,1.0,,0.0,1
잭스키스,spillover,14,www.kookje.co.kr,ko,tld,ko,ko,0.844,,0.156,1
잭스키스,spillover,15,m.newsen.com,ko,override,ko,ko,1.0,,0.0,1
잭스키스,spillover,16,yg-life.com,ko,override,ko,ko,1.0,,0.0,1
잭스키스,spillover,17,www.sedaily.com,ko,override,ko,ko,1.0,,0.0,1
잭스키스,spillover,18,www.sedaily.com,ko,override,ko,ko,0.923,,0.077,1
잭스키스,spillover,19,namu.wiki,ko,override,ko,ko,0.872,,0.128,1
잭스키스,spillover,20,en.wikipedia.org,en,wiki,ko,ko,1.0,,0.0,0
잭스키스,spillover,21,biz.heraldcorp.com,ko,override,ko,ko,0.912,,0.088,1
잭스키스,spillover,22,biz.heraldcorp.com,ko,override,ko,ko,1.0,,0.0,1
잭스키스,spillover,23,biz.heraldcorp.com,ko,override,ko,ko,0.933,,0.067,1
잭스키스,spillover,24,namu.wiki,ko,override,ko,ko,0.97,,0.03,1
잭스키스,spillover,25,www.youtube.com,en,override,ko,ko,0.592,,0.408,0
잭스키스,spillover,26,www.nocutnews.co.kr,ko,tld,ko,ko,1.0,,0.0,1
잭스키스,spillover,27,www.news1.kr,ko,override,ko,ko,1.0,,0.0,1
잭스키스,spillover,28,nocutnews.co.kr,ko,tld,ko,ko,0.929,,0.071,1
잭스키스,spillover,29,biz.heraldcorp.com,ko,override,ko,ko,0.863,,0.137,1
잭스키스,spillover,30,ko.wikipedia.org,ko,wiki,ko,ko,0.929,,0.071,1
잭스키스,spillover,31,ko.wikipedia.org,ko,wiki,ko,ko,0.932,,0.068,1
잭스키스,spillover,32,ko.wikipedia.org,ko,wiki,ko,ko,0.68,,0.32,1
잭스키스,spillover,33,ko.wikipedia.org,ko,wiki,ko,ko,1.0,,0.0,1
잭스키스,spillover,34,m.edaily.co.kr,ko,override,ko,ko,1.0,,0.0,1
잭스키스,spillover,35,www.spotvnews.co.kr,ko,tld,ko,ko,0.962,,0.038,1
잭스키스,spillover,36,ko.wikipedia.org,ko,wiki,ko,ko,1.0,,0.0,1
잭스키스,spillover,37,namu.wiki,ko,override,ko,ko,1.0,,0.0,1
잭스키스,spillover,38,www.news-wa.com,en,default,ko,ko,0.961,,0.039,0
잭스키스,spillover,39,www.newdaily.co.kr,ko,tld,ko,ko,0.971,,0.029,1
잭스키스,spillover,40,v.daum.net,ko,override,ko,ko,1.0,,0.0,1
잭스키스,spillover,41,www.weibo.com,zh,override,ko,ko,0.622,,0.243,0
잭스키스,spillover,42,avexnet.jp,ja,tld,ko,ko,0.429,,0.206,0
잭스키스,spillover,43,www.bloglabanana.com,en,default,ko,ko,0.558,,0.442,0
보아,loyalty,0,namu.wiki,ko,override,ko,ko,0.643,,0.357,1
보아,loyalty,1,ko.wikipedia.org,ko,wiki,latin,en,0.764,,0.623,0
보아,loyalty,2,namu.wiki,ko,override,ko,ko,0.951,,0.049,1
보아,loyalty,3,namu.wiki,ko,override,ko,ko,1.0,,0.0,1
보아,loyalty,4,namu.wiki,ko,override,ko,ko,0.9,,0.1,1
보아,loyalty,5,en.wikipedia.org,en,wiki,ko,ko,0.697,,0.303,0
보아,loyalty,6,en.wikipedia.org,en,wiki,ko,ko,1.0,,0.0,0
보아,loyalty,7,en.wikipedia.org,en,wiki,ko,ko,1.0,,0.0,0
보아,loyalty,8,www.tenasia.co.kr,ko,tld,latin,en,1.118,,0.995,0
보아,loyalty,9,sports.khan.co.kr,ko,override,ko,ko,1.0,,0.0,1
보아,loyalty,10,www.starnewskorea.com,en,override,ko,ko,0.957,,0.043,0
보아,loyalty,11,www.tenasia.co.kr,ko,tld,ko,ko,0.937,,0.063,1
보아,loyalty,12,www.starnewskorea.com,en,override,ko,ko,0.966,,0.034,0
보아,loyalty,13,namu.wiki,ko,override,ko,ko,0.943,,0.057,1
보아,loyalty,14,namu.wiki,ko,override,ko,ko,0.857,,0.143,1
보아,loyalty,15,www.chunichi.co.jp,ja,tld,ko,ko,0.461,,0.196,0
보아,loyalty,16,natalie.mu,ja,override,ko,ko,0.939,,0.061,0
보아,loyalty,17,natalie.mu,ja,override,ko,ko,0.897,,0.103,0
보아,loyalty,18,tw.news.yahoo.com,en,default,ko,ko,0.727,,0.152,0
보아,loyalty,19,stars.udn.com,zh,override,ko,ko,0.694,,0.083,0
보아,loyalty,20,www.epochtimes.com,en,default,ko,ko,0.649,,0.27,0
보아,loyalty,21,www.idntimes.com,id,override,ko,ko,1.0,,0.0,0
보아,loyalty,22,www.idntimes.com,id,override,ko,ko,0.75,,0.25,0
보아,loyalty,23,vietnamnet.vn,vi,tld,ko,ko,1.0,,0.0,0
보아,loyalty,24,www.saostar.vn,vi,tld,ko,ko,1.0,,0.0,0
보아,loyalty,25,www.asiaartistawards.com,en,default,ko,ko,0.806,,0.194,0
보아,loyalty,26,www.starnewskorea.com,en,override,ko,ko,0.959,,0.041,0
보아,loyalty,27,sports.khan.co.kr,ko,override,ko,ko,1.0,,0.0,1
보아,loyalty,28,avex.jp,ja,tld,ko,ko,0.816,,0.184,0
보아,loyalty,29,www.mykpopmania.com,en,default,ko,ko,0.772,,0.228,0
보아,spillover,0,v.daum.net,ko,override,ko,ko,0.917,,0.083,1
보아,spillover,1,en.wikipedia.org,en,wiki,ko,ko,0.935,,0.065,0
보아,spillover,2,en.wikipedia.org,en,wiki,ko,ko,0.847,,0.153,0
보아,spillover,3,en.wikipedia.org,en,wiki,ko,ko,0.639,,0.361,0
보아,spillover,4,en.wikipedia.org,en,wiki,ko,ko,0.889,,0.111,0
보아,spillover,5,en.wikipedia.org,en,wiki,ko,ko,0.976,,0.024,0
보아,spillover,6,en.wikipedia.org,en,wiki,latin,en,1.155,,1.0,1
보아,spillover,7,en.wikipedia.org,en,wiki,latin,vi,1.0,,1.0,0
보아,spillover,8,www.news1.kr,ko,override,ko,ko,0.767,,0.233,1
보아,spillover,9,www.segye.com,ko,override,latin,en,1.336,,0.988,0
보아,spillover,10,www.segye.com,ko,override,latin,en,1.394,,0.977,0
보아,spillover,11,www.khan.co.kr,ko,tld,latin,en,1.375,,0.941,0
보아,spillover,12,www.oricon.co.jp,ja,tld,latin,en,1.287,,1.0,0
보아,spillover,13,www.oricon.co.jp,ja,tld,latin,en,1.236,,1.0,0
보아,spillover,14,namu.wiki,ko,override,ko,ko,0.987,,0.013,1
보아,spillover,15,en.wikipedia.org,en,wiki,ko,ko,0.929,,0.071,0
보아,spillover,16,en.wikipedia.org,en,wiki,ko,ko,0.533,,0.467,0
보아,spillover,17,en.wikipedia.org,en,wiki,ko,ko,0.742,,0.258,0
보아,spillover,18,www.thepaper.cn,zh,tld,ko,ko,0.558,,0.035,0
보아,spillover,19,kmagazine.mx,es,tld,latin,vi,1.0,,0.766,0
보아,spillover,20,cine21.com,ko,override,ko,ko,1.0,,0.0,1
보아,spillover,21,www.topstarnews.net,ko,override,ko,ko,1.0,,0.0,1
보아,spillover,22,kmagazine.mx,es,tld,ko,ko,0.617,,0.383,0
보아,spillover,23,www.sanook.com,th,override,ko,ko,0.676,,0.324,0
보아,spillover,24,www.sanook.com,th,override,ko,ko,0.69,,0.31,0
보아,spillover,25,namu.wiki,ko,override,ko,ko,0.694,,0.306,1
보아,spillover,26,www.btspurpleyou.com,en,default,ko,ko,0.879,,0.121,0
보아,spillover,27,ko.wikipedia.org,ko,wiki,ko,ko,0.897,,0.103,1
보아,spillover,28,ko.wikipedia.org,ko,wiki,ko,ko,0.685,,0.315,1
보아,spillover,29,namu.wiki,ko,override,ko,ko,0.75,,0.25,1
보아,spillover,30,www.btspurpleyou.com,en,default,ko,ko,0.9,,0.1,0
보아,spillover,31,www.btspurpleyou.com,en,default,ko,ko,0.857,,0.143,0
보아,spillover,32,www.btspurpleyou.com,en,default,ko,ko,0.677,,0.097,0
보아,spillover,33,www.ytn.co.kr,ko,override,ko,ko,0.929,,0.071,1
보아,spillover,34,ko.wikipedia.org,ko,wiki,ko,ko,1.0,,0.0,1
보아,spillover,35,avex.jp,ja,tld,ko,ko,0.736,,0.113,0
보아,spillover,36,www.sina.cn,zh,tld,ko,ko,0.859,,0.127,0
보아,spillover,37,www.avex.com.tw,zh,tld,ko,ko,0.701,,0.195,0
보아,spillover,38,www.douban.com,zh,override,ko,ko,0.955,,0.027,0
보아,spillover,39,korepo.com,en,default,ko,ko,0.739,,0.261,0
보아,spillover,40,www.jprime.jp,ja,tld,ko,ko,0.68,,0.186,0
보아,spillover,41,sportsseoulweb.jp,ja,tld,ko,ko,0.763,,0.237,0
보아,spillover,42,au.rollingstone.com,en,default,ko,ko,0.62,,0.38,0
보아,spillover,43,koreasowls.fr,fr,override,ko,ko,0.714,,0.286,0
보아,spillover,44,envimedia.co,es,tld,ko,ko,0.85,,0.15,0
보아,spillover,45,www.bloglabanana.com,en,default,ko,ko,0.6,,0.4,0
싸이,loyalty,0,namu.wiki,ko,override,ko,ko,0.8,,0.2,1
싸이,loyalty,1,namu.wiki,ko,override,ko,ko,1.0,,0.0,1
싸이,loyalty,2,namu.wiki,ko,override,ko,ko,1.0,,0.0,1
싸이,loyalty,3,namu.wiki,ko,override,ko,ko,1.0,,0.0,1
싸이,loyalty,4,www.dipe.co.kr,ko,tld,ko,ko,0.867,,0.133,1
싸이,loyalty,5,www.dipe.co.kr,ko,tld,ko,ko,1.0,,0.0,1
싸이,loyalty,6,en.wikipedia.org,en,wiki,ko,ko,1.0,,0.0,0
싸이,loyalty,7,namu.wiki,ko,override,ko,ko,1.0,,0.0,1
싸이,loyalty,8,en.wikipedia.org,en,wiki,ko,ko,1.0,,0.0,0
싸이,loyalty,9,en.wikipedia.org,en,wiki,ko,ko,1.0,,0.0,0
싸이,loyalty,10,en.wikipedia.org,en,wiki,ko,ko,0.741,,0.222,0
싸이,loyalty,11,namu.wiki,ko,override,ko,ko,1.0,,0.0,1
싸이,loyalty,12,en.wikipedia.org,en,wiki,latin,en,1.362,,1.0,1
싸이,loyalty,13,www.spotvnews.co.kr,ko,tld,ko,ko,1.0,,0.0,1
싸이,loyalty,14,www.starnewskorea.com,en,override,ko,ko,1.0,,0.0,0
싸이,loyalty,15,www.imaeil.com,ko,override,ko,ko,1.0,,0.0,1
싸이,loyalty,16,musicstation.kapook.com,th,override,ko,ko,0.852,,0.148,0
싸이,loyalty,17,mgronline.com,th,override,ko,ko,0.778,,0.222,0
싸이,loyalty,18,news.nate.com,ko,override,ko,ko,1.0,,0.0,1
싸이,loyalty,19,namu.wiki,ko,override,ko,ko,1.0,,0.0,1
싸이,loyalty,20,news.knn.co.kr,ko,tld,ko,ko,1.0,,0.0,1
싸이,loyalty,21,www.fnnews.com,ko,override,ko,ko,1.0,,0.0,1
싸이,loyalty,22,www.topstarnews.net,ko,override,ko,ko,1.0,,0.0,1
싸이,loyalty,23,www.insight.co.kr,ko,tld,ko,ko,0.971,,0.029,1
싸이,loyalty,24,sports.khan.co.kr,ko,override,ko,ko,0.935,,0.065,1
싸이,loyalty,25,mb.com.ph,tl,override,ko,ko,0.706,,0.294,0
싸이,loyalty,26,www.xportsnews.com,ko,override,ko,ko,1.0,,0.0,1
싸이,loyalty,27,www.newsworks.co.kr,ko,tld,ko,ko,1.0,,0.0,1
싸이,loyalty,28,karaoke-lyric.com,en,default,ko,ko,0.636,,0.224,0
싸이,loyalty,29,kenh14.vn,vi,override,ko,ko,0.642,,0.358,0
싸이,spillover,0,m.sedaily.com,ko,override,ko,ko,1.0,,0.0,1
싸이,spillover,1,www.imaeil.com,ko,override,ko,ko,1.0,,0.0,1
싸이,spillover,2,m.ekn.kr,ko,tld,ko,ko,1.0,,0.0,1
싸이,spillover,3,www.billboard.com,en,override,ko,ko,0.897,,0.103,0
싸이,spillover,4,www.billboard.com,en,override,ko,ko,0.961,,0.039,0
싸이,spillover,5,en.wikipedia.org,en,wiki,ko,ko,1.0,,0.0,0
싸이,spillover,6,en.wikipedia.org,en,wiki,ko,ko,0.92,,0.08,0
싸이,spillover,7,en.wikipedia.org,en,wiki,ko,ko,0.98,,0.02,0
싸이,spillover,8,en.wikipedia.org,en,wiki,ko,ko,0.93,,0.07,0
싸이,spillover,9,en.wikipedia.org,en,wiki,ko,ko,1.0,,0.0,0
싸이,spillover,10,edaily.co.kr,ko,override,latin,en,1.569,,1.0,0
싸이,spillover,11,en.wikipedia.org,en,wiki,latin,en,1.14,,1.0,1
싸이,spillover,12,biz.heraldcorp.com,ko,override,ko,ko,0.973,,0.027,1
싸이,spillover,13,biz.heraldcorp.com,ko,override,ko,ko,0.944,,0.037,1
싸이,spillover,14,v.daum.net,ko,override,ko,ko,1.0,,0.0,1
싸이,spillover,15,www.xxlmag.com,en,default,latin,en,1.245,,0.946,1
싸이,spillover,16,www.soompi.com,en,override,latin,en,1.282,,0.975,1
싸이,spillover,17,www.billboard.com,en,override,latin,en,1.358,,0.979,1
싸이,spillover,18,www.163.com,zh,override,latin,en,1.251,,1.0,0
싸이,spillover,19,y.qq.com,zh,override,latin,en,1.072,,1.0,0
싸이,spillover,20,music.163.com,zh,override,latin,en,1.142,,1.0,0
싸이,spillover,21,v.daum.net,ko,override,ko,ko,1.0,,0.0,1
싸이,spillover,22,www.imaeil.com,ko,override,ko,ko,1.0,,0.0,1
싸이,spillover,23,issuegate.com,en,default,ko,ko,1.0,,0.0,0
싸이,spillover,24,vnexpress.net,vi,override,ko,ko,0.75,,0.25,0
싸이,spillover,25,vietnamnet.vn,vi,tld,latin,vi,0.818,,0.523,1
싸이,spillover,26,www.bangkokbiznews.com,en,default,ko,ko,0.544,,0.456,0
싸이,spillover,27,www.kompas.tv,en,default,ko,ko,0.615,,0.385,0
싸이,spillover,28,www.topstarnews.net,ko,override,ko,ko,1.0,,0.0,1
싸이,spillover,29,en.wikipedia.org,en,wiki,ko,ko,1.0,,0.0,0
싸이,spillover,30,www.hg-times.com,en,default,ko,ko,1.0,,0.0,0
싸이,spillover,31,worldyan.com,en,default,ko,ko,1.0,,0.0,0
싸이,spillover,32,star.ohmynews.com,ko,override,ko,ko,1.0,,0.0,1
싸이,spillover,33,v.daum.net,ko,override,ko,ko,1.0,,0.0,1
싸이,spillover,34,www.thetrippick.com,en,default,ko,ko,1.0,,0.0,0
싸이,spillover,35,www.infobae.com,es,override,latin,vi,1.0,,1.0,0
싸이,spillover,36,ria.ru,ru,override,ru,ru,1.0,,0.0,1
싸이,spillover,37,ria.ru,ru,override,ru,ru,0.617,,0.383,1
싸이,spillover,38,ria.ru,ru,override,ru,ru,0.82,,0.18,1
싸이,spillover,39,v.daum.net,ko,override,ko,ko,1.0,,0.0,1
싸이,spillover,40,namu.wiki,ko,override,ko,ko,0.824,,0.176,1
싸이,spillover,41,www.khan.co.kr,ko,tld,ko,ko,0.986,,0.014,1
싸이,spillover,42,www.munhwa.com,ko,override,ko,ko,0.95,,0.05,1
싸이,spillover,43,namu.wiki,ko,override,ko,ko,0.842,,0.158,1
싸이,spillover,44,namu.wiki,ko,override,ko,ko,0.5,,0.5,1
싸이,spillover,45,namu.wiki,ko,override,ko,ko,0.556,,0.444,1
싸이,spillover,46,namu.wiki,ko,override,ko,ko,0.961,,0.039,1
싸이,spillover,47,en.wikipedia.org,en,wiki,ko,ko,0.885,,0.115,0
싸이,spillover,48,www.youtube.com,en,override,ko,ko,0.603,,0.397,0
싸이,spillover,49,www.korea.kr,ko,tld,ko,ko,1.0,,0.0,1
싸이,spillover,50,www.kukinews.com,en,default,ko,ko,1.0,,0.0,0
싸이,spillover,51,magazine.hankyung.com,ko,override,ko,ko,0.963,,0.037,1
싸이,spillover,52,www.sisajournal.com,en,default,ko,ko,0.943,,0.057,0
싸이,spillover,53,www.aa.com.tr,tr,tld,ko,ko,0.967,,0.033,0
싸이,spillover,54,www.cnnturk.com,tr,override,ko,ko,0.841,,0.159,0
싸이,spillover,55,view.asiae.co.kr,ko,tld,ko,ko,0.842,,0.158,1
싸이,spillover,56,www.pharmnews.com,en,default,ko,ko,0.96,,0.04,0
싸이,spillover,57,www.etnews.com,en,default,ko,ko,0.932,,0.068,0
싸이,spillover,58,www.mt.co.kr,ko,override,ko,ko,0.882,,0.118,1
싸이,spillover,59,www.brandbrief.co.kr,ko,tld,ko,ko,0.958,,0.042,1
싸이,spillover,60,www.mt.co.kr,ko,override,ko,ko,0.935,,0.065,1
싸이,spillover,61,www.khan.co.kr,ko,tld,ko,ko,1.0,,0.0,1
싸이,spillover,62,ototoy.jp,ja,tld,ko,ko,0.667,,0.333,0
싸이,spillover,63,www.thinkfood.co.kr,ko,tld,ko,ko,1.0,,0.0,1
싸이,spillover,64,www.wonderful.com,en,default,ko,ko,0.6,,0.4,0
싸이,spillover,65,www.pharmnews.com,en,default,ko,ko,1.0,,0.0,0
싸이,spillover,66,www.news1.kr,ko,override,ko,ko,1.0,,0.0,1
싸이,spillover,67,sports.khan.co.kr,ko,override,ko,ko,0.985,,0.015,1
싸이,spillover,68,zdnet.co.kr,ko,tld,ko,ko,1.0,,0.0,1
싸이,spillover,69,news.sbs.co.kr,ko,override,ko,ko,0.769,,0.231,1
싸이,spillover,70,www.foodtoday.or.kr,ko,tld,ko,ko,0.951,,0.049,1
싸이,spillover,71,www.chinanews.com.cn,zh,tld,ko,ko,0.67,,0.241,0
싸이,spillover,72,www.hk01.com,zh,override,ko,ko,0.692,,0.111,0
싸이,spillover,73,www.philstar.com,tl,override,latin,en,0.055,,0.536,0
싸이,spillover,74,www.philstar.com,tl,override,latin,en,0.336,,0.58,0
싸이,spillover,75,www.officialcharts.com,en,default,ko,ko,0.696,,0.304,0
싸이,spillover,76,www.officialcharts.com,en,default,ko,ko,0.829,,0.171,0
싸이,spillover,77,www.cbc.ca,en,default,ko,ko,0.887,,0.113,0
싸이,spillover,78,www.cbc.ca,en,default,ko,ko,0.701,,0.299,0
싸이,spillover,79,www.cbc.ca,en,default,ko,ko,0.949,,0.051,0
싸이,spillover,80,www.cbc.ca,en,default,ko,ko,0.921,,0.079,0
싸이,spillover,81,www.sbs.com.au,en,default,ko,ko,0.741,,0.259,0
싸이,spillover,82,www.abc.net.au,en,default,ko,ko,0.961,,0.039,0
싸이,spillover,83,nzherald.co.nz,en,default,ko,ko,0.947,,0.053,0
싸이,spillover,84,www.stuff.co.nz,en,default,ko,ko,0.685,,0.315,0
싸이,spillover,85,iol.co.za,en,default,ko,ko,0.789,,0.211,0
싸이,spillover,86,koreaworld.net,en,default,ko,ko,0.864,,0.136,0
싸이,spillover,87,www.arabnews.fr,fr,tld,ko,ko,1.0,,0.0,0
싸이,spillover,88,www.purepeople.com,en,default,ko,ko,1.0,,0.0,0
싸이,spillover,89,www.eltiempo.com,en,default,ko,ko,0.877,,0.123,0
싸이,spillover,90,www.elespectador.com,en,default,ko,ko,0.81,,0.19,0
싸이,spillover,91,diariodecuyo.com.ar,es,tld,ko,ko,0.706,,0.294,0
아이유,loyalty,0,namu.wiki,ko,override,ko,ko,1.0,,0.0,1
아이유,loyalty,1,namu.wiki,ko,override,ko,ko,0.803,,0.197,1
아이유,loyalty,2,v.daum.net,ko,override,ko,ko,0.981,,0.019,1
아이유,loyalty,3,www.g-enews.com,en,default,ko,ko,1.0,,0.0,0
아이유,loyalty,4,namu.wiki,ko,override,ko,ko,1.0,,0.0,1
아이유,loyalty,5,www.cineplay.co.kr,ko,tld,ko,ko,0.7,,0.3,1
아이유,loyalty,6,www.cineplay.co.kr,ko,tld,ko,ko,1.0,,0.0,1
아이유,loyalty,7,namu.wiki,ko,override,ko,ko,0.882,,0.118,1
아이유,loyalty,8,en.wikipedia.org,en,wiki,ko,ko,0.756,,0.244,0
아이유,loyalty,9,en.wikipedia.org,en,wiki,ko,ko,0.873,,0.127,0
아이유,loyalty,10,en.wikipedia.org,en,wiki,ko,ko,1.0,,0.0,0
아이유,loyalty,11,en.wikipedia.org,en,wiki,ko,ko,0.8,,0.2,0
아이유,loyalty,12,en.wikipedia.org,en,wiki,ko,ko,1.0,,0.0,0
아이유,loyalty,13,en.wikipedia.org,en,wiki,ko,ko,1.0,,0.0,0
아이유,loyalty,14,namu.wiki,ko,override,latin,en,1.322,,1.0,0
아이유,loyalty,15,en.wikipedia.org,en,wiki,latin,en,0.972,,1.0,1
아이유,loyalty,16,en.wikipedia.org,en,wiki,ko,ko,1.0,,0.0,0
아이유,loyalty,17,weibo.com,zh,override,latin,en,0.997,,0.964,0
아이유,loyalty,18,weibo.com,zh,override,latin,en,0.877,,0.964,0
아이유,loyalty,19,www.oricon.co.jp,ja,tld,latin,en,1.033,,1.0,0
아이유,loyalty,20,namu.wiki,ko,override,ko,ko,0.567,,0.433,1
아이유,loyalty,21,namu.wiki,ko,override,ko,ko,0.844,,0.156,1
아이유,loyalty,22,v.daum.net,ko,override,ko,ko,1.0,,0.0,1
아이유,loyalty,23,www.detik.com,id,override,ko,ko,0.695,,0.305,0
아이유,loyalty,24,www.sanook.com,th,override,ko,ko,0.803,,0.197,0
아이유,loyalty,25,www.khan.co.kr,ko,tld,ko,ko,1.0,,0.0,1
아이유,loyalty,26,v.daum.net,ko,override,ko,ko,1.0,,0.0,1
아이유,loyalty,27,www.yesasia.ru,ru,override,ru,ru,0.913,,0.0,1
아이유,loyalty,28,www.hk01.com,zh,override,zh,zh,0.525,,0.05,1
아이유,loyalty,29,www.ypnews.kr,ko,tld,ko,ko,1.0,,0.0,1
아이유,loyalty,30,v.daum.net,ko,override,ko,ko,0.958,,0.042,1
아이유,loyalty,31,mb.com.ph,tl,override,ko,ko,0.708,,0.292,0
아이유,loyalty,32,www.philstar.com,tl,override,ko,ko,0.906,,0.094,0
아이유,loyalty,33,v.daum.net,ko,override,ko,ko,1.0,,0.0,1
아이유,loyalty,34,jieunturkey.wixsite.com,en,default,ko,ko,0.803,,0.197,0
아이유,loyalty,35,enews.imbc.com,en,default,ko,ko,1.0,,0.0,0
아이유,loyalty,36,v.daum.net,ko,override,ko,ko,1.0,,0.0,1
아이유,loyalty,37,www.ngonews.kr,ko,tld,ko,ko,1.0,,0.0,1
아이유,loyalty,38,v.daum.net,ko,override,ko,ko,1.0,,0.0,1
아이유,loyalty,39,www.sina.cn,zh,tld,ko,ko,0.812,,0.104,0
아이유,loyalty,40,www.douban.com,zh,override,ko,ko,0.733,,0.114,0
아이유,loyalty,41,www.edaily.co.kr,ko,override,ko,ko,1.0,,0.0,1
아이유,spillover,0,www.instagram.com,en,override,ko,ko,1.0,,0.0,0
아이유,spillover,1,news.mt.co.kr,ko,override,ko,ko,1.0,,0.0,1
아이유,spillover,2,www.allkpop.com,en,override,ko,ko,0.938,,0.062,0
아이유,spillover,3,en.wikipedia.org,en,wiki,ko,ko,0.965,,0.035,0
아이유,spillover,4,en.wikipedia.org,en,wiki,ko,ko,1.0,,0.0,0
아이유,spillover,5,en.wikipedia.org,en,wiki,ko,ko,0.93,,0.07,0
아이유,spillover,6,en.wikipedia.org,en,wiki,latin,en,1.271,,1.0,1
아이유,spillover,7,en.wikipedia.org,en,wiki,latin,en,0.895,,1.0,1
아이유,spillover,8,en.wikipedia.org,en,wiki,latin,en,0.888,,0.983,1
아이유,spillover,9,en.wikipedia.org,en,wiki,latin,en,0.991,,0.963,1
아이유,spillover,10,en.wikipedia.org,en,wiki,latin,en,1.323,,0.956,1
아이유,spillover,11,www.oricon.co.jp,ja,tld,latin,en,0.951,,1.0,0
아이유,spillover,12,www.oricon.co.jp,ja,tld,latin,en,1.263,,1.0,0
아이유,spillover,13,www.oricon.co.jp,ja,tld,latin,en,1.12,,1.0,0
아이유,spillover,14,y.qq.com,zh,override,latin,en,1.41,,1.0,0
아이유,spillover,15,y.qq.com,zh,override,latin,en,1.402,,1.0,0
아이유,spillover,16,namu.wiki,ko,override,ko,ko,0.907,,0.093,1
아이유,spillover,17,namu.wiki,ko,override,ko,ko,1.0,,0.0,1
아이유,spillover,18,www.kompas.com,id,override,ko,ko,0.845,,0.155,0
아이유,spillover,19,www.hanteonews.com,ko,override,ko,ko,0.892,,0.108,1
아이유,spillover,20,www.billboard-japan.com,ja,override,ja,ja,0.704,,0.037,1
아이유,spillover,21,www.infobae.com,es,override,latin,vi,1.0,,0.848,0
아이유,spillover,22,www.yesasia.ru,ru,override,ru,ru,0.604,,0.248,1
아이유,spillover,23,v.daum.net,ko,override,ko,ko,1.0,,0.0,1
아이유,spillover,24,kenh14.vn,vi,override,latin,vi,1.0,,1.0,1
아이유,spillover,25,m.ekn.kr,ko,tld,ko,ko,1.0,,0.0,1
아이유,spillover,26,www.ytn.co.kr,ko,override,ko,ko,1.0,,0.0,1
아이유,spillover,27,www.marieclairekorea.com,en,default,ko,ko,1.0,,0.0,0
아이유,spillover,28,namu.wiki,ko,override,ko,ko,0.833,,0.167,1
아이유,spillover,29,namu.wiki,ko,override,ko,ko,1.0,,0.0,1
아이유,spillover,30,namu.wiki,ko,override,ko,ko,0.944,,0.056,1
아이유,spillover,31,namu.wiki,ko,override,ko,ko,0.829,,0.171,1
아이유,spillover,32,namu.wiki,ko,override,ko,ko,0.945,,0.055,1
아이유,spillover,33,namu.wiki,ko,override,ko,ko,1.0,,0.0,1
아이유,spillover,34,namu.wiki,ko,override,ko,ko,1.0,,0.0,1
아이유,spillover,35,www.newsis.com,ko,override,ko,ko,0.953,,0.047,1
아이유,spillover,36,www.ilyosisa.co.kr,ko,tld,ko,ko,0.966,,0.034,1
아이유,spillover,37,news.mtn.co.kr,ko,tld,ko,ko,0.936,,0.064,1
아이유,spillover,38,tr.wikipedia.org,tr,wiki,ko,ko,0.842,,0.158,0
아이유,spillover,39,www.tenasia.co.kr,ko,tld,ko,ko,0.954,,0.046,1
아이유,spillover,40,www.eroun.net,en,default,ko,ko,1.0,,0.0,0
아이유,spillover,41,biz.newdaily.co.kr,ko,tld,ko,ko,1.0,,0.0,1
아이유,spillover,42,news.mt.co.kr,ko,override,ko,ko,1.0,,0.0,1
아이유,spillover,43,biz.heraldcorp.com,ko,override,ko,ko,1.0,,0.0,1
아이유,spillover,44,www.hankookilbo.com,ko,override,ko,ko,1.0,,0.0,1
아이유,spillover,45,news.mt.co.kr,ko,override,ko,ko,1.0,,0.0,1
아이유,spillover,46,sports.khan.co.kr,ko,override,ko,ko,0.978,,0.022,1
아이유,spillover,47,news.mt.co.kr,ko,override,ko,ko,0.89,,0.11,1
아이유,spillover,48,www.headlinejeju.co.kr,ko,tld,ko,ko,1.0,,0.0,1
아이유,spillover,49,www.marieclairekorea.com,en,default,ko,ko,1.0,,0.0,0
아이유,spillover,50,www.newsis.com,ko,override,ko,ko,1.0,,0.0,1
아이유,spillover,51,www.hankyung.com,ko,override,ko,ko,1.0,,0.0,1
아이유,spillover,52,namu.wiki,ko,override,ko,ko,0.951,,0.049,1
아이유,spillover,53,www.slist.kr,ko,tld,ko,ko,1.0,,0.0,1
아이유,spillover,54,www.marieclairekorea.com,en,default,ko,ko,0.797,,0.203,0
아이유,spillover,55,zdnet.co.kr,ko,tld,ko,ko,0.894,,0.106,1
아이유,spillover,56,biz.heraldcorp.com,ko,override,ko,ko,1.0,,0.0,1
아이유,spillover,57,www.newspim.com,en,default,ko,ko,1.0,,0.0,0
아이유,spillover,58,sports.khan.co.kr,ko,override,ko,ko,1.0,,0.0,1
아이유,spillover,59,www.chinanews.com.cn,zh,tld,ko,ko,0.692,,0.246,0
아이유,spillover,60,amp.nspna.com,en,default,ko,ko,0.597,,0.195,0
아이유,spillover,61,natalie.mu,ja,override,ko,ko,0.823,,0.177,0
아이유,spillover,62,mdpr.jp,ja,tld,ko,ko,0.759,,0.138,0
아이유,spillover,63,www.nme.com,en,override,ko,ko,0.766,,0.234,0
아이유,spillover,64,3rabica.org,en,default,ko,ko,0.676,,0.324,0
아이유,spillover,65,www.lofficiel.com,en,default,ko,ko,1.0,,0.0,0
아이유,spillover,66,larepublica.pe,es,override,ko,ko,0.81,,0.19,0
아이유,spillover,67,larepublica.pe,es,override,ko,ko,0.817,,0.183,0
비비,loyalty,0,x.com,en,override,ko,ko,0.818,,0.182,0
비비,loyalty,1,en.wikipedia.org,en,wiki,ko,ko,0.946,,0.054,0
비비,loyalty,2,en.wikipedia.org,en,wiki,ko,ko,0.7,,0.3,0
비비,loyalty,3,v.daum.net,ko,override,ko,ko,0.963,,0.037,1
비비,loyalty,4,v.daum.net,ko,override,ko,ko,1.0,,0.0,1
비비,loyalty,5,namu.wiki,ko,override,ko,ko,0.739,,0.261,1
비비,loyalty,6,en.wikipedia.org,en,wiki,ko,ko,0.903,,0.097,0
비비,loyalty,7,en.wikipedia.org,en,wiki,ko,ko,0.545,,0.455,0
비비,loyalty,8,en.wikipedia.org,en,wiki,latin,en,0.722,,0.707,1
비비,loyalty,9,namu.wiki,ko,override,latin,en,1.075,,1.0,0
비비,loyalty,10,music.douban.com,zh,override,latin,en,0.989,,0.964,0
비비,loyalty,11,www.douban.com,zh,override,latin,en,1.466,,1.0,0
비비,loyalty,12,en.wikipedia.org,en,wiki,ko,ko,0.613,,0.387,0
비비,loyalty,13,en.wikipedia.org,en,wiki,ko,ko,0.935,,0.065,0
비비,loyalty,14,www.idntimes.com,id,override,ko,ko,1.0,,0.0,0
비비,loyalty,15,www.tribunnews.com,id,override,ko,ko,1.0,,0.0,0
비비,loyalty,16,www.idntimes.com,id,override,ko,ko,0.875,,0.125,0
비비,loyalty,17,www.thairath.co.th,th,override,ko,ko,0.826,,0.174,0
비비,loyalty,18,workpointtoday.com,th,override,latin,en,0.394,,0.871,0
비비,loyalty,19,www.dailynews.co.th,th,tld,ko,ko,0.8,,0.2,0
비비,loyalty,20,thanhnien.vn,vi,override,ko,ko,0.862,,0.138,0
비비,loyalty,21,kstationtv.com,en,default,ko,ko,0.611,,0.389,0
비비,loyalty,22,namu.wiki,ko,override,ko,ko,1.0,,0.0,1
비비,loyalty,23,v.daum.net,ko,override,ko,ko,1.0,,0.0,1
비비,loyalty,24,x.com,en,override,ko,ko,0.846,,0.154,0
비비,loyalty,25,star.ettoday.net,zh,override,ko,ko,0.679,,0.107,0
비비,spillover,0,en.wikipedia.org,en,wiki,ko,ko,0.825,,0.175,0
비비,spillover,1,m.enuri.com,en,default,ko,ko,0.778,,0.222,0
비비,spillover,2,fredpizza.co.kr,ko,tld,ko,ko,0.806,,0.194,1
비비,spillover,3,www.koreatimes.co.kr,en,override,ko,ko,1.0,,0.0,0
비비,spillover,4,koreacrate.com,en,default,ko,ko,1.0,,0.0,0
비비,spillover,5,en.wikipedia.org,en,wiki,ko,ko,1.0,,0.0,0
비비,spillover,6,en.wikipedia.org,en,wiki,ko,ko,0.824,,0.176,0
비비,spillover,7,en.wikipedia.org,en,wiki,ko,ko,1.0,,0.0,0
비비,spillover,8,namu.wiki,ko,override,ko,ko,1.0,,0.0,1
비비,spillover,9,en.wikipedia.org,en,wiki,ko,ko,0.939,,0.061,0
비비,spillover,10,en.wikipedia.org,en,wiki,latin,en,1.108,,1.0,1
비비,spillover,11,en.wikipedia.org,en,wiki,latin,en,0.776,,1.0,1
비비,spillover,12,namu.wiki,ko,override,ko,ko,1.0,,0.0,1
비비,spillover,13,www.bandwagon.asia,en,override,latin,en,0.851,,0.957,1
비비,spillover,14,www.timeout.com,en,override,latin,en,0.798,,0.98,1
비비,spillover,15,v.daum.net,ko,override,ko,ko,0.952,,0.048,1
비비,spillover,16,en.wikipedia.org,en,wiki,ko,ko,0.583,,0.417,0
비비,spillover,17,en.wikipedia.org,en,wiki,ko,ko,1.0,,0.0,0
비비,spillover,18,v.daum.net,ko,override,ko,ko,1.0,,0.0,1
비비,spillover,19,v.daum.net,ko,override,ko,ko,1.0,,0.0,1
비비,spillover,20,v.daum.net,ko,override,ko,ko,0.955,,0.045,1
비비,spillover,21,www.topstarnews.net,ko,override,ko,ko,1.0,,0.0,1
비비,spillover,22,spincoaster.com,en,default,ko,ko,0.643,,0.357,0
비비,spillover,23,www.wikitree.co.kr,ko,tld,ko,ko,0.882,,0.118,1
비비,spillover,24,www.wikitree.co.kr,ko,tld,ko,ko,0.81,,0.19,1
비비,spillover,25,namu.wiki,ko,override,ko,ko,0.914,,0.086,1
비비,spillover,26,namu.wiki,ko,override,ko,ko,0.574,,0.426,1
비비,spillover,27,namu.wiki,ko,override,ko,ko,0.95,,0.05,1
비비,spillover,28,namu.wiki,ko,override,ko,ko,0.934,,0.066,1
비비,spillover,29,www.ilerigazetesi.com.tr,tr,tld,ko,ko,0.787,,0.213,0
비비,spillover,30,www.wedding21.co.kr,ko,tld,ko,ko,0.867,,0.133,1
비비,spillover,31,www.newsis.com,ko,override,ko,ko,0.93,,0.07,1
비비,spillover,32,www.mhns.co.kr,ko,override,ko,ko,0.917,,0.083,1
비비,spillover,33,www.digitaltoday.co.kr,ko,tld,ko,ko,0.907,,0.093,1
비비,spillover,34,www.starnewskorea.com,en,override,ko,ko,0.923,,0.077,0
비비,spillover,35,www.startupn.kr,ko,tld,ko,ko,0.94,,0.06,1
비비,spillover,36,www.marieclairekorea.com,en,default,ko,ko,1.0,,0.0,0
비비,spillover,37,www.etnews.com,en,default,ko,ko,0.885,,0.115,0
비비,spillover,38,buzzyroots.com,en,default,latin,en,0.601,,0.573,1
비비,spillover,39,kstyle.com,en,default,ko,ko,0.91,,0.09,0
비비,spillover,40,kstyle.com,en,default,latin,en,0.872,,0.519,1
비비,spillover,41,www.chinatimes.com,zh,override,ko,ko,0.587,,0.233,0
비비,spillover,42,news.yahoo.co.jp,ja,tld,ko,ko,0.773,,0.227,0
비비,spillover,43,news.yahoo.co.jp,ja,tld,ko,ko,0.717,,0.075,0
비비,spillover,44,sports.khan.co.kr,ko,override,ko,ko,1.0,,0.0,1
비비,spillover,45,kpopna.com,en,default,ko,ko,0.541,,0.459,0
비비,spillover,46,fr.wikipedia.org,fr,wiki,ko,ko,0.886,,0.114,0
비비,spillover,47,www.bloglabanana.com,en,default,ko,ko,0.607,,0.393,0
윤하,loyalty,0,www.facebook.com,en,override,ko,ko,0.868,,0.132,0
윤하,loyalty,1,imnews.imbc.com,ko,override,ko,ko,1.0,,0.0,1
윤하,loyalty,2,www.newsis.com,ko,override,ko,ko,1.0,,0.0,1
윤하,loyalty,3,m.news.nate.com,ko,override,ko,ko,1.0,,0.0,1
윤하,loyalty,4,world.nol.com,en,default,ko,ko,0.848,,0.152,0
윤하,loyalty,5,www.allkpop.com,en,override,ko,ko,1.0,,0.0,0
윤하,loyalty,6,en.wikipedia.org,en,wiki,ko,ko,0.73,,0.27,0
윤하,loyalty,7,namu.wiki,ko,override,ko,ko,0.8,,0.2,1
윤하,loyalty,8,en.wikipedia.org,en,wiki,ko,ko,1.0,,0.0,0
윤하,loyalty,9,en.wikipedia.org,en,wiki,ko,ko,0.556,,0.444,0
윤하,loyalty,10,en.wikipedia.org,en,wiki,ko,ko,1.0,,0.0,0
윤하,loyalty,11,en.wikipedia.org,en,wiki,ko,ko,0.914,,0.086,0
윤하,loyalty,12,en.wikipedia.org,en,wiki,ko,ko,0.556,,0.444,0
윤하,loyalty,13,en.wikipedia.org,en,wiki,ko,ko,0.72,,0.28,0
윤하,loyalty,14,www.sisamagazine.co.kr,ko,tld,latin,en,1.116,,1.0,0
윤하,loyalty,15,en.wikipedia.org,en,wiki,ko,ko,1.0,,0.0,0
윤하,loyalty,16,ototoy.jp,ja,tld,ko,ko,0.75,,0.25,0
윤하,loyalty,17,marisol.hpplus.jp,ja,tld,ko,ko,0.492,,0.458,0
윤하,loyalty,18,www.yesasia.ru,ru,override,ko,ko,0.735,,0.265,0
윤하,loyalty,19,k-pop.ru,ru,tld,ko,ko,0.811,,0.189,0
윤하,loyalty,20,m.dhnews.co.kr,ko,tld,ko,ko,0.865,,0.135,1
윤하,loyalty,21,m.news.nate.com,ko,override,ko,ko,1.0,,0.0,1
윤하,loyalty,22,www.musicpress.kr,ko,tld,ko,ko,0.938,,0.062,1
윤하,loyalty,23,imnews.imbc.com,ko,override,ko,ko,1.0,,0.0,1
윤하,loyalty,24,imnews.imbc.com,ko,override,ko,ko,0.907,,0.093,1
윤하,loyalty,25,x.com,en,override,ko,ko,0.821,,0.179,0
윤하,loyalty,26,ko.wikipedia.org,ko,wiki,ko,ko,1.0,,0.0,1
윤하,loyalty,27,namu.wiki,ko,override,ko,ko,0.613,,0.387,1
윤하,loyalty,28,www.sisamagazine.co.kr,ko,tld,ko,ko,0.795,,0.205,1
윤하,loyalty,29,www.sisamagazine.co.kr,ko,tld,ko,ko,1.0,,0.0,1
윤하,loyalty,30,www.sisamagazine.co.kr,ko,tld,ko,ko,1.0,,0.0,1
윤하,loyalty,31,sports.khan.co.kr,ko,override,ko,ko,1.0,,0.0,1
윤하,loyalty,32,ko.wikipedia.org,ko,wiki,ko,ko,0.794,,0.206,1
윤하,spillover,0,www.ytn.co.kr,ko,override,ko,ko,1.0,,0.0,1
윤하,spillover,1,news.mt.co.kr,ko,override,ko,ko,1.0,,0.0,1
윤하,spillover,2,en.wikipedia.org,en,wiki,ko,ko,0.685,,0.315,0
윤하,spillover,3,www.allkpop.com,en,override,ko,ko,1.0,,0.0,0
윤하,spillover,4,en.wikipedia.org,en,wiki,ko,ko,0.667,,0.333,0
윤하,spillover,5,en.wikipedia.org,en,wiki,ko,ko,0.895,,0.105,0
윤하,spillover,6,en.wikipedia.org,en,wiki,ko,ko,0.585,,0.415,0
윤하,spillover,7,en.wikipedia.org,en,wiki,ko,ko,1.0,,0.0,0
윤하,spillover,8,en.wikipedia.org,en,wiki,latin,en,1.145,,1.0,1
윤하,spillover,9,en.wikipedia.org,en,wiki,latin,en,0.717,,1.0,1
윤하,spillover,10,www.oricon.co.jp,ja,tld,latin,en,0.981,,0.924,0
윤하,spillover,11,music.oricon.co.jp,ja,tld,latin,en,1.307,,0.931,0
윤하,spillover,12,www.detik.com,id,override,ko,ko,0.918,,0.082,0
윤하,spillover,13,en.wikipedia.org,en,wiki,ko,ko,1.0,,0.0,0
윤하,spillover,14,en.wikipedia.org,en,wiki,ko,ko,1.0,,0.0,0
윤하,spillover,15,en.wikipedia.org,en,wiki,ko,ko,0.554,,0.446,0
윤하,spillover,16,namu.wiki,ko,override,ko,ko,1.0,,0.0,1
윤하,spillover,17,sports.khan.co.kr,ko,override,ko,ko,1.0,,0.0,1
윤하,spillover,18,www.sportsseoul.com,ko,override,ko,ko,1.0,,0.0,1
윤하,spillover,19,vn.yamaha.com,en,default,ko,ko,1.0,,0.0,0
윤하,spillover,20,namu.wiki,ko,override,ko,ko,1.0,,0.0,1
윤하,spillover,21,namu.wiki,ko,override,ko,ko,0.854,,0.0,1
윤하,spillover,22,namu.wiki,ko,override,ko,ko,0.821,,0.107,1
윤하,spillover,23,namu.wiki,ko,override,ko,ko,1.0,,0.0,1
윤하,spillover,24,namu.wiki,ko,override,ko,ko,0.914,,0.086,1
윤하,spillover,25,namu.wiki,ko,override,ko,ko,0.9,,0.1,1
윤하,spillover,26,namu.wiki,ko,override,ko,ko,1.0,,0.0,1
윤하,spillover,27,namu.wiki,ko,override,ko,ko,1.0,,0.0,1
윤하,spillover,28,m.khan.co.kr,ko,tld,ko,ko,1.0,,0.0,1
윤하,spillover,29,isplus.com,ko,override,ko,ko,1.0,,0.0,1
윤하,spillover,30,www.korezin.com,en,default,ko,ko,0.722,,0.278,0
윤하,spillover,31,www.hankyung.com,ko,override,ko,ko,1.0,,0.0,1
윤하,spillover,32,www.newsis.com,ko,override,ko,ko,1.0,,0.0,1
윤하,spillover,33,isplus.com,ko,override,ko,ko,1.0,,0.0,1
윤하,spillover,34,namu.wiki,ko,override,ko,ko,0.946,,0.054,1
윤하,spillover,35,namu.wiki,ko,override,ko,ko,0.925,,0.075,1
윤하,spillover,36,namu.wiki,ko,override,ko,ko,0.937,,0.0,1
윤하,spillover,37,ko.wikipedia.org,ko,wiki,ko,ko,0.844,,0.156,1
윤하,spillover,38,namu.wiki,ko,override,ko,ko,0.632,,0.368,1
윤하,spillover,39,www.hellodd.com,en,default,ko,ko,0.897,,0.103,0
윤하,spillover,40,ko.wikipedia.org,ko,wiki,ko,ko,1.0,,0.0,1
윤하,spillover,41,www.newspim.com,en,default,ko,ko,0.955,,0.045,0
윤하,spillover,42,www.newspim.com,en,default,ko,ko,0.957,,0.043,0
윤하,spillover,43,www.newspim.com,en,default,ko,ko,0.93,,0.07,0
윤하,spillover,44,news.sbs.co.kr,ko,override,ko,ko,1.0,,0.0,1
윤하,spillover,45,www.ytn.co.kr,ko,override,ko,ko,1.0,,0.0,1
윤하,spillover,46,ja.wikipedia.org,ja,wiki,ko,ko,0.933,,0.0,0
윤하,spillover,47,ar.wikipedia.org,ar,wiki,ko,ko,0.9,,0.1,0
윤하,spillover,48,bonjour-coree.org,en,default,ko,ko,1.0,,0.0,0
윤하,spillover,49,www.bloglabanana.com,en,default,ko,ko,0.739,,0.261,0
청하,loyalty,0,namu.wiki,ko,override,ko,ko,0.841,,0.159,1
청하,loyalty,1,en.wikipedia.org,en,wiki,ko,ko,1.0,,0.0,0
청하,loyalty,2,en.wikipedia.org,en,wiki,ko,ko,1.0,,0.0,0
청하,loyalty,3,en.wikipedia.org,en,wiki,ko,ko,1.0,,0.0,0
청하,loyalty,4,www.soompi.com,en,override,ko,ko,0.817,,0.183,0
청하,loyalty,5,www.storykpop.com,en,default,ko,ko,0.88,,0.12,0
청하,loyalty,6,namu.wiki,ko,override,ko,ko,1.0,,0.0,1
청하,loyalty,7,tenbizt.com,en,default,ko,ko,0.909,,0.091,0
청하,loyalty,8,namu.wiki,ko,override,latin,en,1.678,,0.959,0
청하,loyalty,9,en.wikipedia.org,en,wiki,latin,en,1.651,,1.0,1
청하,loyalty,10,www.tenasia.co.kr,ko,tld,latin,en,1.252,,1.0,0
청하,loyalty,11,en.wikipedia.org,en,wiki,ko,ko,1.0,,0.0,0
청하,loyalty,12,en.wikipedia.org,en,wiki,ko,ko,1.0,,0.0,0
청하,loyalty,13,namu.wiki,ko,override,ko,ko,0.788,,0.212,1
청하,loyalty,14,makassar.tribunnews.com,id,override,ko,ko,1.0,,0.0,0
청하,loyalty,15,ko.wikipedia.org,ko,wiki,ko,ko,0.594,,0.406,1
청하,loyalty,16,www.tenasia.co.kr,ko,tld,ko,ko,0.902,,0.098,1
청하,loyalty,17,x.com,en,override,ko,ko,0.945,,0.055,0
청하,loyalty,18,www.christiantoday.co.kr,ko,tld,ko,ko,1.0,,0.0,1
청하,loyalty,19,sports.khan.co.kr,ko,override,ko,ko,0.705,,0.295,1
청하,spillover,0,en.wikipedia.org,en,wiki,ko,ko,0.795,,0.205,0
청하,spillover,1,en.wikipedia.org,en,wiki,ko,ko,0.667,,0.333,0
청하,spillover,2,en.wikipedia.org,en,wiki,ko,ko,0.526,,0.474,0
청하,spillover,3,en.wikipedia.org,en,wiki,latin,id,0.273,,0.536,0
청하,spillover,4,namu.wiki,ko,override,ko,ko,0.6,,0.4,1
청하,spillover,5,gulfnews.com,en,default,ko,ko,0.894,,0.106,0
청하,spillover,6,en.wikipedia.org,en,wiki,ko,ko,0.593,,0.407,0
청하,spillover,7,en.wikipedia.org,en,wiki,ko,ko,0.821,,0.179,0
청하,spillover,8,en.wikipedia.org,en,wiki,latin,en,0.747,,1.0,1
청하,spillover,9,en.wikipedia.org,en,wiki,latin,en,0.973,,1.0,1
청하,spillover,10,www.topdaily.kr,ko,tld,latin,en,1.186,,1.0,0
청하,spillover,11,www.koreapost.co.kr,ko,tld,latin,en,0.623,,1.0,0
청하,spillover,12,www.xportsnews.com,ko,override,latin,en,1.239,,0.889,0
청하,spillover,13,en.wikipedia.org,en,wiki,ko,ko,0.767,,0.233,0
청하,spillover,14,en.wikipedia.org,en,wiki,latin,en,0.93,,0.576,1
청하,spillover,15,www.oricon.co.jp,ja,tld,latin,en,1.265,,1.0,0
청하,spillover,16,namu.wiki,ko,override,ko,ko,0.949,,0.051,1
청하,spillover,17,en.wikipedia.org,en,wiki,ko,ko,0.731,,0.269,0
청하,spillover,18,en.wikipedia.org,en,wiki,ko,ko,0.737,,0.263,0
청하,spillover,19,en.wikipedia.org,en,wiki,ko,ko,0.509,,0.491,0
청하,spillover,20,en.wikipedia.org,en,wiki,ko,ko,0.613,,0.387,0
청하,spillover,21,en.wikipedia.org,en,wiki,ko,ko,0.593,,0.407,0
청하,spillover,22,namu.wiki,ko,override,latin,en,0.69,,0.545,0
청하,spillover,23,namu.wiki,ko,override,ko,ko,0.727,,0.273,1
청하,spillover,24,www.instagram.com,en,override,ko,ko,0.929,,0.071,0
청하,spillover,25,m.sportsseoul.com,ko,override,ko,ko,1.0,,0.0,1
청하,spillover,26,www.insight.co.kr,ko,tld,ko,ko,1.0,,0.0,1
청하,spillover,27,www.kstarfashion.com,en,default,ko,ko,1.0,,0.0,0
청하,spillover,28,www.thetvdb.com,en,default,ko,ko,1.0,,0.0,0
청하,spillover,29,www.dispatch.co.kr,ko,tld,ko,ko,0.925,,0.075,1
청하,spillover,30,www.koreadaily.com,ko,override,ko,ko,0.923,,0.077,1
청하,spillover,31,www.mundo-asia.com,en,default,ko,ko,0.877,,0.123,0
청하,spillover,32,www.idntimes.com,id,override,ko,ko,1.0,,0.0,0
청하,spillover,33,www.topstarnews.net,ko,override,ko,ko,0.712,,0.288,1
청하,spillover,34,www.joongboo.com,en,default,ko,ko,0.924,,0.076,0
청하,spillover,35,ko.wikipedia.org,ko,wiki,ko,ko,0.8,,0.2,1
청하,spillover,36,www.bandwagon.asia,en,override,ko,ko,0.568,,0.432,0
청하,spillover,37,www.starnewskorea.com,en,override,ko,ko,0.903,,0.097,0
청하,spillover,38,namu.wiki,ko,override,ko,ko,1.0,,0.0,1
청하,spillover,39,open.spotify.com,en,default,latin,en,0.433,,0.518,1
청하,spillover,40,en.wikipedia.org,en,wiki,latin,en,0.924,,0.831,1
청하,spillover,41,www.nbnnews.co.kr,ko,tld,ko,ko,0.635,,0.365,1
청하,spillover,42,www.hankookilbo.com,ko,override,ko,ko,1.0,,0.0,1
청하,spillover,43,ko.wikipedia.org,ko,wiki,ko,ko,0.946,,0.041,1
청하,spillover,44,www.korezin.com,en,default,ko,ko,0.82,,0.18,0
청하,spillover,45,isplus.com,ko,override,ko,ko,0.926,,0.074,1
청하,spillover,46,www.anewsa.com,en,default,ko,ko,0.897,,0.103,0
청하,spillover,47,www.tenasia.co.kr,ko,tld,ko,ko,0.864,,0.136,1
청하,spillover,48,www.tenasia.co.kr,ko,tld,ko,ko,0.882,,0.118,1
청하,spillover,49,www.marieclairekorea.com,en,default,ko,ko,0.9,,0.1,0
청하,spillover,50,www.starnewskorea.com,en,override,ko,ko,1.0,,0.0,0
청하,spillover,51,newsis.com,ko,override,ko,ko,1.0,,0.0,1
청하,spillover,52,www.inven.co.kr,ko,tld,ko,ko,0.927,,0.073,1
청하,spillover,53,namu.wiki,ko,override,ko,ko,1.0,,0.0,1
청하,spillover,54,namu.wiki,ko,override,ko,ko,0.821,,0.179,1
청하,spillover,55,namu.wiki,ko,override,ko,ko,1.0,,0.0,1
청하,spillover,56,www.arageek.com,en,default,latin,en,0.773,,0.569,1
청하,spillover,57,www.mkpop.fr,fr,tld,ko,ko,0.855,,0.145,0
청하,spillover,58,larepublica.pe,es,override,ko,ko,0.836,,0.164,0
최예나,loyalty,0,www.fnnews.com,ko,override,ko,ko,1.0,,0.0,1
최예나,loyalty,1,www.xportsnews.com,ko,override,ko,ko,1.0,,0.0,1
최예나,loyalty,2,m.news.nate.com,ko,override,ko,ko,1.0,,0.0,1
최예나,loyalty,3,v.daum.net,ko,override,ko,ko,1.0,,0.0,1
최예나,loyalty,4,x.com,en,override,ko,ko,0.786,,0.214,0
최예나,loyalty,5,tickets.interpark.com,en,default,ko,ko,0.936,,0.064,0
최예나,loyalty,6,x.com,en,override,ko,ko,0.625,,0.375,0
최예나,loyalty,7,namu.wiki,ko,override,ko,ko,1.0,,0.0,1
최예나,loyalty,8,namu.wiki,ko,override,ko,ko,0.591,,0.409,1
최예나,loyalty,9,namu.wiki,ko,override,ko,ko,0.633,,0.367,1
최예나,loyalty,10,namu.wiki,ko,override,latin,en,1.576,,0.581,0
최예나,loyalty,11,en.wikipedia.org,en,wiki,ko,ko,0.75,,0.25,0
최예나,loyalty,12,en.wikipedia.org,en,wiki,ko,ko,0.739,,0.261,0
최예나,loyalty,13,en.wikipedia.org,en,wiki,ko,ko,0.738,,0.262,0
최예나,loyalty,14,www.facebook.com,en,override,latin,en,1.078,,0.952,1
최예나,loyalty,15,www.xportsnews.com,ko,override,latin,en,1.182,,0.976,0
최예나,loyalty,16,www.xportsnews.com,ko,override,latin,en,1.056,,1.0,0
최예나,loyalty,17,www.timespread.co.kr,ko,tld,latin,en,1.083,,0.917,0
최예나,loyalty,18,www.oricon.co.jp,ja,tld,latin,en,1.381,,1.0,0
최예나,loyalty,19,namu.wiki,ko,override,ko,ko,0.831,,0.169,1
최예나,loyalty,20,namu.wiki,ko,override,ko,ko,0.852,,0.148,1
최예나,loyalty,21,namu.wiki,ko,override,ko,ko,0.512,,0.488,1
최예나,loyalty,22,www.xportsnews.com,ko,override,ko,ko,1.0,,0.0,1
최예나,loyalty,23,cine21.com,ko,override,ko,ko,0.927,,0.073,1
최예나,loyalty,24,www.youtube.com,en,override,ko,ko,0.971,,0.029,0
최예나,loyalty,25,stars.udn.com,zh,override,ko,ko,0.778,,0.156,0
최예나,loyalty,26,tw.news.yahoo.com,en,default,ko,ko,0.675,,0.225,0
최예나,loyalty,27,www.hk01.com,zh,override,ko,ko,0.76,,0.24,0
최예나,loyalty,28,www.sanook.com,th,override,latin,en,0.856,,0.857,0
최예나,loyalty,29,namu.wiki,ko,override,ko,ko,0.565,,0.435,1
최예나,loyalty,30,www.xportsnews.com,ko,override,ko,ko,1.0,,0.0,1
최예나,loyalty,31,www.xportsnews.com,ko,override,ko,ko,1.0,,0.0,1
최예나,loyalty,32,www.asiaartistawards.com,en,default,ko,ko,0.904,,0.096,0
최예나,loyalty,33,www.newspim.com,en,default,ko,ko,1.0,,0.0,0
최예나,loyalty,34,wanxing.kktix.cc,en,default,ko,ko,0.674,,0.283,0
최예나,loyalty,35,tokotokojournal.com,en,default,ko,ko,1.0,,0.0,0
최예나,loyalty,36,www.kpopmap.com,en,default,ko,ko,0.639,,0.344,0
최예나,loyalty,37,kpopchart.net,en,default,ko,ko,0.708,,0.292,0
최예나,loyalty,38,www.setlist.fm,en,default,ko,ko,0.771,,0.229,0
최예나,spillover,0,plus.hankyung.com,ko,override,ko,ko,1.0,,0.0,1
최예나,spillover,1,www.mediafine.co.kr,ko,tld,ko,ko,0.943,,0.057,1
최예나,spillover,2,www.pharmnews.com,en,default,ko,ko,0.875,,0.125,0
최예나,spillover,3,sports.khan.co.kr,ko,override,ko,ko,0.867,,0.133,1
최예나,spillover,4,www.efocus.co.kr,ko,tld,ko,ko,0.9,,0.1,1
최예나,spillover,5,www.starnewskorea.com,en,override,ko,ko,0.807,,0.193,0
최예나,spillover,6,www.starnewskorea.com,en,override,ko,ko,0.93,,0.07,0
최예나,spillover,7,namu.wiki,ko,override,ko,ko,1.0,,0.0,1
최예나,spillover,8,namu.wiki,ko,override,ko,ko,1.0,,0.0,1
최예나,spillover,9,en.wikipedia.org,en,wiki,ko,ko,0.576,,0.424,0
최예나,spillover,10,en.wikipedia.org,en,wiki,ko,ko,0.842,,0.158,0
최예나,spillover,11,en.wikipedia.org,en,wiki,latin,en,0.733,,1.0,1
최예나,spillover,12,en.wikipedia.org,en,wiki,latin,en,0.577,,1.0,1
최예나,spillover,13,m.news.nate.com,ko,override,latin,en,1.23,,0.941,0
최예나,spillover,14,www.starnewskorea.com,en,override,latin,en,1.353,,1.0,1
최예나,spillover,15,news.nate.com,ko,override,latin,en,1.613,,0.895,0
최예나,spillover,16,www.tenasia.co.kr,ko,tld,latin,en,1.291,,0.843,0
최예나,spillover,17,www.starnewskorea.com,en,override,latin,en,1.287,,0.922,1
최예나,spillover,18,m.news.nate.com,ko,override,ko,ko,0.69,,0.31,1
최예나,spillover,19,www.youtube.com,en,override,latin,en,1.371,,0.591,1
최예나,spillover,20,www.oricon.co.jp,ja,tld,latin,en,1.032,,1.0,0
최예나,spillover,21,www.starnewskorea.com,en,override,ko,ko,0.926,,0.074,0
최예나,spillover,22,sports.khan.co.kr,ko,override,ko,ko,0.78,,0.22,1
최예나,spillover,23,namu.wiki,ko,override,ko,ko,0.953,,0.047,1
최예나,spillover,24,www.fnnews.com,ko,override,ko,ko,0.894,,0.106,1
최예나,spillover,25,en.wikipedia.org,en,wiki,ko,ko,0.503,,0.497,0
최예나,spillover,26,www.hankookilbo.com,ko,override,ko,ko,1.0,,0.0,1
최예나,spillover,27,sports.khan.co.kr,ko,override,ko,ko,0.947,,0.053,1
최예나,spillover,28,www.joynews24.com,en,default,ko,ko,0.931,,0.069,0
최예나,spillover,29,sports.khan.co.kr,ko,override,ko,ko,0.933,,0.067,1
최예나,spillover,30,www.ytn.co.kr,ko,override,ko,ko,0.897,,0.103,1
최예나,spillover,31,www.sanook.com,th,override,ko,ko,0.703,,0.297,0
최예나,spillover,32,www.khaosod.co.th,th,override,ko,ko,0.913,,0.087,0
최예나,spillover,33,www.ggilbo.com,en,default,ko,ko,1.0,,0.0,0
최예나,spillover,34,namu.wiki,ko,override,ko,ko,0.86,,0.14,1
최예나,spillover,35,www.mediafine.co.kr,ko,tld,ko,ko,0.854,,0.146,1
최예나,spillover,36,sports.khan.co.kr,ko,override,ko,ko,0.94,,0.06,1
최예나,spillover,37,namu.wiki,ko,override,ko,ko,0.881,,0.119,1
최예나,spillover,38,namu.wiki,ko,override,ko,ko,0.876,,0.124,1
최예나,spillover,39,x.com,en,override,ko,ko,0.926,,0.074,0
최예나,spillover,40,www.starnewskorea.com,en,override,ko,ko,0.938,,0.062,0
최예나,spillover,41,www.imdb.com,en,default,ko,ko,0.653,,0.347,0
최예나,spillover,42,www.gscmovies.com.my,en,default,ko,ko,0.855,,0.145,0
최예나,spillover,43,iz-one.fandom.com,en,default,ko,ko,0.769,,0.231,0
최예나,spillover,44,www.seattlen.com,en,default,ko,ko,0.947,,0.053,0
최예나,spillover,45,www.ajunews.com,ko,override,ko,ko,0.689,,0.311,1
최예나,spillover,46,yhent.co.kr,ko,tld,ko,ko,1.0,,0.0,1
최예나,spillover,47,yhent.co.kr,ko,tld,ko,ko,1.0,,0.0,1
최예나,spillover,48,yhent.co.kr,ko,tld,ko,ko,1.0,,0.0,1
최예나,spillover,49,www.mediafine.co.kr,ko,tld,ko,ko,1.0,,0.0,1
최예나,spillover,50,www.pharmnews.com,en,default,ko,ko,1.0,,0.0,0
최예나,spillover,51,www.ktnews.com,en,default,ko,ko,1.0,,0.0,0
최예나,spillover,52,www.mediafine.co.kr,ko,tld,ko,ko,0.788,,0.212,1
최예나,spillover,53,www.tenasia.co.kr,ko,tld,ko,ko,0.918,,0.082,1
최예나,spillover,54,www.mediafine.co.kr,ko,tld,ko,ko,0.851,,0.149,1
최예나,spillover,55,www.asiaworldmusic.fr,fr,tld,ko,ko,0.817,,0.183,0
최예나,spillover,56,www.bloglabanana.com,en,default,ko,ko,0.711,,0.289,0
권은비,loyalty,0,www.cbci.co.kr,ko,tld,ko,ko,0.78,,0.22,1
권은비,loyalty,1,x.com,en,override,ko,ko,0.714,,0.286,0
권은비,loyalty,2,hanteonews.com,ko,override,ko,ko,0.9,,0.1,1
권은비,loyalty,3,www.etnews.com,en,default,ko,ko,0.914,,0.086,0
권은비,loyalty,4,en.fannstar.tf.co.kr,ko,tld,ko,ko,0.741,,0.259,1
권은비,loyalty,5,x.com,en,override,ko,ko,0.82,,0.18,0
권은비,loyalty,6,en.wikipedia.org,en,wiki,ko,ko,0.692,,0.308,0
권은비,loyalty,7,en.wikipedia.org,en,wiki,ko,ko,0.861,,0.139,0
권은비,loyalty,8,en.wikipedia.org,en,wiki,ko,ko,0.654,,0.346,0
권은비,loyalty,9,en.wikipedia.org,en,wiki,ko,ko,0.652,,0.348,0
권은비,loyalty,10,en.wikipedia.org,en,wiki,ko,ko,0.818,,0.182,0
권은비,loyalty,11,en.wikipedia.org,en,wiki,ko,ko,0.852,,0.148,0
권은비,loyalty,12,en.wikipedia.org,en,wiki,latin,en,1.073,,1.0,1
권은비,loyalty,13,www.sportsseoul.com,ko,override,latin,en,1.05,,0.986,0
권은비,loyalty,14,kopis.or.kr,ko,tld,latin,en,1.29,,1.0,0
권은비,loyalty,15,www.koreaboo.com,en,override,ko,ko,0.71,,0.29,0
권은비,loyalty,16,v.daum.net,ko,override,ko,ko,1.0,,0.0,1
권은비,loyalty,17,namu.wiki,ko,override,ko,ko,0.877,,0.123,1
권은비,loyalty,18,www.etnews.com,en,default,ko,ko,0.647,,0.353,0
권은비,loyalty,19,www.youtube.com,en,override,ko,ko,1.0,,0.0,0
권은비,loyalty,20,namu.wiki,ko,override,ko,ko,0.65,,0.35,1
권은비,loyalty,21,www.asiaartistawards.com,en,default,ko,ko,1.0,,0.0,0
권은비,loyalty,22,www.newsis.com,ko,override,ko,ko,1.0,,0.0,1
권은비,loyalty,23,sports.khan.co.kr,ko,override,ko,ko,0.816,,0.184,1
권은비,loyalty,24,www.asiaartistawards.com,en,default,ko,ko,0.636,,0.364,0
권은비,spillover,0,www.starnewskorea.com,en,override,ko,ko,0.87,,0.13,0
권은비,spillover,1,fashionbiz.co.kr,ko,tld,ko,ko,1.0,,0.0,1
권은비,spillover,2,sports.khan.co.kr,ko,override,ko,ko,1.0,,0.0,1
권은비,spillover,3,x.com,en,override,ko,ko,0.887,,0.113,0
권은비,spillover,4,www.koreatimes.co.kr,en,override,ko,ko,1.0,,0.0,0
권은비,spillover,5,www.koreatimes.co.kr,en,override,ko,ko,1.0,,0.0,0
권은비,spillover,6,namu.wiki,ko,override,ko,ko,0.767,,0.233,1
권은비,spillover,7,en.wikipedia.org,en,wiki,ko,ko,0.514,,0.486,0
권은비,spillover,8,en.wikipedia.org,en,wiki,ko,ko,0.767,,0.233,0
권은비,spillover,9,en.wikipedia.org,en,wiki,ko,ko,0.815,,0.185,0
권은비,spillover,10,en.wikipedia.org,en,wiki,ko,ko,1.0,,0.0,0
권은비,spillover,11,en.wikipedia.org,en,wiki,ko,ko,0.923,,0.077,0
권은비,spillover,12,en.wikipedia.org,en,wiki,latin,en,0.676,,1.0,1
권은비,spillover,13,en.wikipedia.org,en,wiki,latin,en,1.111,,1.0,1
권은비,spillover,14,www.koreadaily.com,ko,override,latin,en,1.242,,0.976,0
권은비,spillover,15,www.pap-magazine.com,en,default,latin,en,1.617,,0.97,1
권은비,spillover,16,www.msn.com,en,override,latin,en,1.392,,1.0,1
권은비,spillover,17,www.dailian.co.kr,ko,tld,latin,en,0.654,,0.892,0
권은비,spillover,18,www.hanteonews.com,ko,override,ko,ko,1.0,,0.0,1
권은비,spillover,19,www.oricon.co.jp,ja,tld,latin,en,1.195,,1.0,0
권은비,spillover,20,www.oricon.co.jp,ja,tld,latin,en,1.238,,1.0,0
권은비,spillover,21,www.oricon.co.jp,ja,tld,latin,en,1.462,,1.0,0
권은비,spillover,22,www.oricon.co.jp,ja,tld,latin,en,1.32,,0.846,0
권은비,spillover,23,www.oricon.co.jp,ja,tld,latin,en,1.11,,1.0,0
권은비,spillover,24,www.oricon.co.jp,ja,tld,latin,en,1.358,,1.0,0
권은비,spillover,25,fashionbiz.co.kr,ko,tld,ko,ko,0.982,,0.018,1
권은비,spillover,26,www.pap-magazine.com,en,default,ko,ko,0.778,,0.222,0
권은비,spillover,27,en.wikipedia.org,en,wiki,ko,ko,0.516,,0.484,0
권은비,spillover,28,en.wikipedia.org,en,wiki,ko,ko,0.578,,0.422,0
권은비,spillover,29,en.wikipedia.org,en,wiki,ko,ko,0.568,,0.432,0
권은비,spillover,30,www.msn.com,en,override,ko,ko,1.0,,0.0,0
권은비,spillover,31,www.starnewskorea.com,en,override,ko,ko,1.0,,0.0,0
권은비,spillover,32,www.mydaily.co.kr,ko,override,ko,ko,1.0,,0.0,1
권은비,spillover,33,www.youtube.com,en,override,ko,ko,1.0,,0.0,0
권은비,spillover,34,v.daum.net,ko,override,ko,ko,1.0,,0.0,1
권은비,spillover,35,news.nate.com,ko,override,ko,ko,1.0,,0.0,1
권은비,spillover,36,v.daum.net,ko,override,ko,ko,1.0,,0.0,1
권은비,spillover,37,www.youtube.com,en,override,ko,ko,0.929,,0.071,0
권은비,spillover,38,news.sbs.co.kr,ko,override,ko,ko,0.921,,0.079,1
권은비,spillover,39,www.ytn.co.kr,ko,override,ko,ko,0.941,,0.059,1
권은비,spillover,40,v.daum.net,ko,override,ko,ko,1.0,,0.0,1
권은비,spillover,41,v.daum.net,ko,override,ko,ko,1.0,,0.0,1
권은비,spillover,42,namu.wiki,ko,override,ko,ko,1.0,,0.0,1
권은비,spillover,43,fashionbiz.co.kr,ko,tld,ko,ko,1.0,,0.0,1
권은비,spillover,44,www.anewsa.com,en,default,ko,ko,0.61,,0.39,0
권은비,spillover,45,namu.wiki,ko,override,ko,ko,0.8,,0.2,1
권은비,spillover,46,namu.wiki,ko,override,ko,ko,0.937,,0.063,1
권은비,spillover,47,namu.wiki,ko,override,ko,ko,1.0,,0.0,1
권은비,spillover,48,namu.wiki,ko,override,ko,ko,0.944,,0.056,1
권은비,spillover,49,www.edaily.co.kr,ko,override,ko,ko,0.868,,0.132,1
권은비,spillover,50,news.nate.com,ko,override,ko,ko,0.944,,0.056,1
권은비,spillover,51,www.autotribune.co.kr,ko,tld,ko,ko,1.0,,0.0,1
권은비,spillover,52,www.haber3.com,en,default,ko,ko,0.554,,0.446,0
권은비,spillover,53,www.anewsa.com,en,default,ko,ko,0.898,,0.102,0
권은비,spillover,54,www.cbci.co.kr,ko,tld,ko,ko,0.919,,0.081,1
권은비,spillover,55,www.gukjenews.com,en,default,ko,ko,0.833,,0.167,0
권은비,spillover,56,sports.khan.co.kr,ko,override,ko,ko,0.909,,0.091,1
권은비,spillover,57,www.meconomynews.com,en,default,ko,ko,1.0,,0.0,0
권은비,spillover,58,www.mydaily.co.kr,ko,override,ko,ko,0.949,,0.051,1
권은비,spillover,59,www.hankyung.com,ko,override,ko,ko,1.0,,0.0,1
권은비,spillover,60,sports.khan.co.kr,ko,override,ko,ko,1.0,,0.0,1
권은비,spillover,61,www.beauty321.com,en,default,ko,ko,0.782,,0.069,0
권은비,spillover,62,k-gen.fr,fr,tld,ko,ko,0.979,,0.021,0
권은비,spillover,63,fr.wikipedia.org,fr,wiki,ko,ko,0.894,,0.106,0
권은비,spillover,64,www.bloglabanana.com,en,default,ko,ko,0.724,,0.276,0
츄,loyalty,0,plus.hankyung.com,ko,override,ko,ko,0.909,,0.091,1
츄,loyalty,1,plus.hankyung.com,ko,override,ko,ko,1.0,,0.0,1
츄,loyalty,2,sports.khan.co.kr,ko,override,ko,ko,0.942,,0.058,1
츄,loyalty,3,biz.heraldcorp.com,ko,override,ko,ko,0.922,,0.078,1
츄,loyalty,4,kstationtv.com,en,default,ko,ko,0.935,,0.065,0
츄,loyalty,5,kstationtv.com,en,default,ko,ko,0.784,,0.216,0
츄,loyalty,6,namu.wiki,ko,override,ko,ko,0.714,,0.286,1
츄,loyalty,7,namu.wiki,ko,override,ko,ko,1.0,,0.0,1
츄,loyalty,8,namu.wiki,ko,override,ko,ko,1.0,,0.0,1
츄,loyalty,9,en.wikipedia.org,en,wiki,ko,ko,0.867,,0.133,0
츄,loyalty,10,en.wikipedia.org,en,wiki,ko,ko,0.696,,0.304,0
츄,loyalty,11,en.wikipedia.org,en,wiki,ko,ko,0.74,,0.26,0
츄,loyalty,12,namu.wiki,ko,override,latin,en,1.071,,1.0,0
츄,loyalty,13,namu.wiki,ko,override,latin,en,1.345,,1.0,0
츄,loyalty,14,sports.khan.co.kr,ko,override,latin,en,0.984,,1.0,0
츄,loyalty,15,en.wikipedia.org,en,wiki,latin,en,1.502,,1.0,1
츄,loyalty,16,www.hankyung.com,ko,override,latin,en,1.13,,0.989,0
츄,loyalty,17,biz.heraldcorp.com,ko,override,ko,ko,0.932,,0.068,1
츄,loyalty,18,biz.heraldcorp.com,ko,override,ko,ko,1.0,,0.0,1
츄,loyalty,19,en.wikipedia.org,en,wiki,ko,ko,0.615,,0.385,0
츄,loyalty,20,www.asiae.co.kr,ko,tld,ko,ko,1.0,,0.0,1
츄,loyalty,21,www.youtube.com,en,override,ko,ko,1.0,,0.0,0
츄,loyalty,22,biz.heraldcorp.com,ko,override,ko,ko,0.957,,0.043,1
츄,loyalty,23,biz.heraldcorp.com,ko,override,ko,ko,1.0,,0.0,1
츄,loyalty,24,biz.heraldcorp.com,ko,override,ko,ko,1.0,,0.0,1
츄,loyalty,25,biz.heraldcorp.com,ko,override,ko,ko,1.0,,0.0,1
츄,loyalty,26,www.topstarnews.net,ko,override,ko,ko,0.729,,0.271,1
츄,loyalty,27,thegirl.ru,ru,tld,ko,ko,0.86,,0.14,0
츄,loyalty,28,www.terra.com.br,pt,override,ko,ko,0.558,,0.442,0
츄,loyalty,29,recreio.com.br,pt,tld,ko,ko,0.72,,0.28,0
츄,loyalty,30,v.daum.net,ko,override,ko,ko,1.0,,0.0,1
츄,loyalty,31,www.etnews.com,en,default,ko,ko,1.0,,0.0,0
츄,loyalty,32,www.hankyung.com,ko,override,ko,ko,1.0,,0.0,1
츄,loyalty,33,www.dcard.tw,zh,tld,ko,ko,0.941,,0.042,0
츄,spillover,0,www.newsis.com,ko,override,ko,ko,0.905,,0.095,1
츄,spillover,1,www.hankyung.com,ko,override,ko,ko,0.909,,0.091,1
츄,spillover,2,edaily.co.kr,ko,override,ko,ko,1.0,,0.0,1
츄,spillover,3,www.allkpop.com,en,override,ko,ko,0.949,,0.051,0
츄,spillover,4,www.allkpop.com,en,override,ko,ko,0.756,,0.244,0
츄,spillover,5,www.allkpop.com,en,override,ko,ko,1.0,,0.0,0
츄,spillover,6,namu.wiki,ko,override,ko,ko,1.0,,0.0,1
츄,spillover,7,namu.wiki,ko,override,ko,ko,1.0,,0.0,1
츄,spillover,8,namu.wiki,ko,override,ko,ko,1.0,,0.0,1
츄,spillover,9,namu.wiki,ko,override,ko,ko,0.913,,0.087,1
츄,spillover,10,namu.wiki,ko,override,ko,ko,0.9,,0.1,1
츄,spillover,11,namu.wiki,ko,override,ko,ko,1.0,,0.0,1
츄,spillover,12,en.wikipedia.org,en,wiki,latin,en,1.42,,1.0,1
츄,spillover,13,en.wikipedia.org,en,wiki,latin,en,0.746,,1.0,1
츄,spillover,14,en.wikipedia.org,en,wiki,latin,en,0.818,,1.0,1
츄,spillover,15,www.facebook.com,en,override,latin,en,0.96,,0.966,1
츄,spillover,16,www.allkpop.com,en,override,latin,en,1.239,,1.0,1
츄,spillover,17,www.nme.com,en,override,ko,ko,0.772,,0.228,0
츄,spillover,18,www.allkpop.com,en,override,ko,ko,0.75,,0.25,0
츄,spillover,19,en.wikipedia.org,en,wiki,ko,ko,0.542,,0.458,0
츄,spillover,20,www.yesasia.ru,ru,override,ko,ko,0.685,,0.315,0
츄,spillover,21,www.specialtimes.co.kr,ko,tld,ko,ko,1.0,,0.0,1
츄,spillover,22,biz.heraldcorp.com,ko,override,ko,ko,0.953,,0.047,1
츄,spillover,23,www.topstarnews.net,ko,override,ko,ko,1.0,,0.0,1
츄,spillover,24,www.news1.kr,ko,override,ko,ko,1.0,,0.0,1
츄,spillover,25,v.daum.net,ko,override,ko,ko,1.0,,0.0,1
츄,spillover,26,www.sportsworldi.com,ko,override,ko,ko,1.0,,0.0,1
츄,spillover,27,www.mydaily.co.kr,ko,override,ko,ko,1.0,,0.0,1
츄,spillover,28,namu.wiki,ko,override,ko,ko,0.811,,0.189,1
츄,spillover,29,en.wikipedia.org,en,wiki,ko,ko,0.822,,0.178,0
츄,spillover,30,en.wikipedia.org,en,wiki,ko,ko,0.7,,0.3,0
츄,spillover,31,en.wikipedia.org,en,wiki,ko,ko,0.796,,0.204,0
츄,spillover,32,ko.wikipedia.org,ko,wiki,ko,ko,1.0,,0.0,1
츄,spillover,33,en.wikipedia.org,en,wiki,ko,ko,0.953,,0.047,0
츄,spillover,34,en.wikipedia.org,en,wiki,ko,ko,0.528,,0.472,0
츄,spillover,35,namu.wiki,ko,override,ko,ko,1.0,,0.0,1
츄,spillover,36,www.hankyung.com,ko,override,ko,ko,0.857,,0.143,1
츄,spillover,37,v.daum.net,ko,override,ko,ko,1.0,,0.0,1
츄,spillover,38,namu.wiki,ko,override,ko,ko,0.889,,0.111,1
츄,spillover,39,namu.wiki,ko,override,ko,ko,0.875,,0.125,1
츄,spillover,40,namu.wiki,ko,override,ko,ko,0.867,,0.133,1
츄,spillover,41,namu.wiki,ko,override,ko,ko,0.865,,0.135,1
츄,spillover,42,www.yeongnam.com,en,default,ko,ko,0.881,,0.119,0
츄,spillover,43,m.inven.co.kr,ko,tld,ko,ko,0.863,,0.137,1
츄,spillover,44,www.topdaily.kr,ko,tld,ko,ko,0.943,,0.057,1
츄,spillover,45,namu.wiki,ko,override,ko,ko,1.0,,0.0,1
츄,spillover,46,namu.wiki,ko,override,ko,ko,0.851,,0.149,1
츄,spillover,47,namu.wiki,ko,override,ko,ko,0.806,,0.194,1
츄,spillover,48,namu.wiki,ko,override,ko,ko,1.0,,0.0,1
츄,spillover,49,namu.wiki,ko,override,ko,ko,1.0,,0.0,1
츄,spillover,50,namu.wiki,ko,override,ko,ko,0.879,,0.121,1
츄,spillover,51,thanhnien.vn,vi,override,ko,ko,0.823,,0.177,0
츄,spillover,52,ja.wikipedia.org,ja,wiki,ko,ko,0.892,,0.108,0
츄,spillover,53,music.163.com,zh,override,ko,ko,0.796,,0.157,0
츄,spillover,54,arakpop.com,en,default,ko,ko,0.718,,0.282,0
츄,spillover,55,kstationtv.com,en,default,ko,ko,0.95,,0.05,0
츄,spillover,56,www.excelsior.com.mx,es,override,ko,ko,0.787,,0.213,0
츄,spillover,57,www.lacuarta.com,en,default,ko,ko,0.833,,0.167,0
츄,spillover,58,www.terra.com.co,es,tld,ko,ko,0.907,,0.093,0
10CM,loyalty,0,namu.wiki,ko,override,ko,ko,0.742,,0.258,1
10CM,loyalty,1,en.wikipedia.org,en,wiki,ko,ko,1.0,,0.0,0
10CM,loyalty,2,en.wikipedia.org,en,wiki,ko,ko,0.847,,0.153,0
10CM,loyalty,3,en.wikipedia.org,en,wiki,ko,ko,1.0,,0.0,0
10CM,loyalty,4,x.com,en,override,ko,ko,0.796,,0.204,0
10CM,loyalty,5,en.wikipedia.org,en,wiki,ko,ko,1.0,,0.0,0
10CM,loyalty,6,en.wikipedia.org,en,wiki,ko,ko,0.836,,0.164,0
10CM,loyalty,7,namu.wiki,ko,override,ko,ko,1.0,,0.0,1
10CM,loyalty,8,namu.wiki,ko,override,ko,ko,1.0,,0.0,1
10CM,loyalty,9,en.wikipedia.org,en,wiki,ko,ko,0.905,,0.095,0
10CM,loyalty,10,namu.wiki,ko,override,ko,ko,1.0,,0.0,1
10CM,loyalty,11,en.wikipedia.org,en,wiki,ko,ko,0.83,,0.17,0
10CM,loyalty,12,en.wikipedia.org,en,wiki,ko,ko,1.0,,0.0,0
10CM,loyalty,13,en.wikipedia.org,en,wiki,ko,ko,1.0,,0.0,0
10CM,loyalty,14,en.wikipedia.org,en,wiki,latin,en,0.817,,1.0,1
10CM,loyalty,15,en.wikipedia.org,en,wiki,latin,en,0.505,,1.0,1
10CM,loyalty,16,en.wikipedia.org,en,wiki,latin,en,0.56,,1.0,1
10CM,loyalty,17,en.wikipedia.org,en,wiki,latin,en,1.434,,1.0,1
10CM,loyalty,18,tickets.interpark.com,en,default,ko,ko,0.542,,0.458,0
10CM,loyalty,19,www.detik.com,id,override,ko,ko,0.833,,0.167,0
10CM,loyalty,20,namu.wiki,ko,override,ko,ko,0.822,,0.178,1
10CM,loyalty,21,x.com,en,override,ko,ko,0.571,,0.429,0
10CM,loyalty,22,x.com,en,override,ko,ko,0.723,,0.277,0
10CM,loyalty,23,www.mcst.go.kr,ko,tld,ko,ko,0.735,,0.265,1
10CM,loyalty,24,www.unicornfactory.co.kr,ko,tld,ko,ko,0.962,,0.038,1
10CM,loyalty,25,www.billboard-japan.com,ja,override,ko,ko,0.946,,0.054,0
10CM,loyalty,26,www.idntimes.com,id,override,ko,ko,0.618,,0.382,0
10CM,loyalty,27,www.idntimes.com,id,override,ko,ko,0.552,,0.448,0
10CM,loyalty,28,kenh14.vn,vi,override,ko,ko,0.917,,0.083,0
10CM,loyalty,29,www.gmanetwork.com,tl,override,ko,ko,0.711,,0.289,0
10CM,loyalty,30,namu.wiki,ko,override,ko,ko,0.643,,0.357,1
10CM,loyalty,31,namu.wiki,ko,override,ko,ko,0.938,,0.062,1
10CM,loyalty,32,namu.wiki,ko,override,ko,ko,0.929,,0.071,1
10CM,loyalty,33,www.munhwa.com,ko,override,ko,ko,0.66,,0.34,1
10CM,loyalty,34,prtimes.jp,ja,tld,latin,en,0.727,,0.568,0
10CM,loyalty,35,laruedesign.kktix.cc,en,default,ko,ko,0.603,,0.397,0
10CM,loyalty,36,timable.com,en,default,ko,ko,0.742,,0.258,0
10CM,spillover,0,tickets.interpark.com,en,default,ko,ko,0.75,,0.25,0
10CM,spillover,1,www.kyosu.net,en,default,ko,ko,1.0,,0.0,0
10CM,spillover,2,namu.wiki,ko,override,ko,ko,1.0,,0.0,1
10CM,spillover,3,www.allkpop.com,en,override,ko,ko,0.851,,0.149,0
10CM,spillover,4,en.wikipedia.org,en,wiki,ko,ko,1.0,,0.0,0
10CM,spillover,5,en.wikipedia.org,en,wiki,ko,ko,0.62,,0.38,0
10CM,spillover,6,namu.wiki,ko,override,ko,ko,1.0,,0.0,1
10CM,spillover,7,en.wikipedia.org,en,wiki,ko,ko,1.0,,0.0,0
10CM,spillover,8,en.wikipedia.org,en,wiki,ko,ko,1.0,,0.0,0
10CM,spillover,9,en.wikipedia.org,en,wiki,ko,ko,1.0,,0.0,0
10CM,spillover,10,namu.wiki,ko,override,ko,ko,0.903,,0.097,1
10CM,spillover,11,en.wikipedia.org,en,wiki,ko,ko,0.667,,0.333,0
10CM,spillover,12,en.wikipedia.org,en,wiki,latin,en,1.403,,1.0,1
10CM,spillover,13,www.goodkyung.com,en,default,latin,en,0.569,,1.0,1
10CM,spillover,14,en.wikipedia.org,en,wiki,latin,en,1.054,,1.0,1
10CM,spillover,15,sports.khan.co.kr,ko,override,latin,en,1.209,,0.985,0
10CM,spillover,16,ib.eplus.jp,ja,tld,ko,ko,0.659,,0.341,0
10CM,spillover,17,namu.wiki,ko,override,ko,ko,0.917,,0.083,1
10CM,spillover,18,namu.wiki,ko,override,ko,ko,0.92,,0.08,1
10CM,spillover,19,namu.wiki,ko,override,ko,ko,0.909,,0.091,1
10CM,spillover,20,v.daum.net,ko,override,ko,ko,1.0,,0.0,1
10CM,spillover,21,www.etoday.co.kr,ko,tld,ko,ko,0.965,,0.035,1
10CM,spillover,22,enews.imbc.com,en,default,ko,ko,0.963,,0.037,0
10CM,spillover,23,www.mydaily.co.kr,ko,override,ko,ko,0.851,,0.149,1
10CM,spillover,24,v.daum.net,ko,override,ko,ko,0.946,,0.054,1
10CM,spillover,25,www.insight.co.kr,ko,tld,ko,ko,0.939,,0.061,1
10CM,spillover,26,v.daum.net,ko,override,ko,ko,1.0,,0.0,1
10CM,spillover,27,svvn.tienphong.vn,vi,tld,ko,ko,0.943,,0.057,0
10CM,spillover,28,www.gukjenews.com,en,default,ko,ko,0.857,,0.143,0
10CM,spillover,29,www.sedaily.com,ko,override,ko,ko,0.9,,0.1,1
10CM,spillover,30,www.gmanetwork.com,tl,override,ko,ko,0.673,,0.327,0
10CM,spillover,31,en.wikipedia.org,en,wiki,ko,ko,0.662,,0.338,0
10CM,spillover,32,en.wikipedia.org,en,wiki,latin,en,0.996,,0.642,1
10CM,spillover,33,en.wikipedia.org,en,wiki,ko,ko,0.944,,0.056,0
10CM,spillover,34,www.newsis.com,ko,override,ko,ko,0.975,,0.025,1
10CM,spillover,35,sports.khan.co.kr,ko,override,ko,ko,0.825,,0.175,1
10CM,spillover,36,musicking.co.kr,ko,tld,ko,ko,0.945,,0.055,1
10CM,spillover,37,musicking.co.kr,ko,tld,ko,ko,0.952,,0.048,1
10CM,spillover,38,prtimes.jp,ja,tld,ko,ko,0.506,,0.494,0
10CM,spillover,39,goldendeerjr.kktix.cc,en,default,latin,en,0.265,,0.569,1
10CM,spillover,40,168production.kktix.cc,en,default,ko,ko,0.76,,0.14,0
10CM,spillover,41,memeon-music.com,en,default,ko,ko,0.686,,0.2,0
10CM,spillover,42,global.hk01.com,zh,override,ko,ko,0.701,,0.062,0
10CM,spillover,43,timable.com,en,default,ko,ko,0.764,,0.189,0
10CM,spillover,44,www.sundaymore.com,en,default,ko,ko,0.774,,0.226,0
10CM,spillover,45,bonjour-coree.org,en,default,ko,ko,0.957,,0.043,0
10CM,spillover,46,www.c-k-jpopnews.fr,fr,tld,ko,ko,0.833,,0.167,0
10CM,spillover,47,www.buzzfeed.com,en,default,ko,ko,0.784,,0.216,0
카더가든,loyalty,0,namu.wiki,ko,override,ko,ko,1.0,,0.0,1
카더가든,loyalty,1,www.khan.co.kr,ko,tld,ko,ko,0.909,,0.091,1
카더가든,loyalty,2,v.daum.net,ko,override,ko,ko,1.0,,0.0,1
카더가든,loyalty,3,namu.wiki,ko,override,ko,ko,1.0,,0.0,1
카더가든,loyalty,4,www.kpop-radar.com,en,default,ko,ko,0.88,,0.12,0
카더가든,loyalty,5,namu.wiki,ko,override,ko,ko,1.0,,0.0,1
카더가든,loyalty,6,namu.wiki,ko,override,ko,ko,0.943,,0.057,1
카더가든,loyalty,7,namu.wiki,ko,override,ko,ko,1.0,,0.0,1
카더가든,loyalty,8,namu.wiki,ko,override,ko,ko,0.75,,0.25,1
카더가든,loyalty,9,namu.wiki,ko,override,ko,ko,0.946,,0.054,1
카더가든,loyalty,10,namu.wiki,ko,override,latin,en,1.135,,0.947,0
카더가든,loyalty,11,namu.wiki,ko,override,latin,en,1.214,,0.98,0
카더가든,loyalty,12,namu.wiki,ko,override,latin,en,1.241,,1.0,0
카더가든,loyalty,13,www.topstarnews.net,ko,override,latin,en,0.754,,1.0,0
카더가든,loyalty,14,namu.wiki,ko,override,ko,ko,1.0,,0.0,1
카더가든,loyalty,15,www.topstarnews.net,ko,override,latin,en,0.45,,0.562,0
카더가든,loyalty,16,kopis.or.kr,ko,tld,ko,ko,1.0,,0.0,1
카더가든,loyalty,17,www.wikitree.co.kr,ko,tld,ko,ko,0.949,,0.051,1
카더가든,loyalty,18,namu.wiki,ko,override,ko,ko,0.939,,0.061,1
카더가든,loyalty,19,namu.wiki,ko,override,ko,ko,1.0,,0.0,1
카더가든,loyalty,20,namu.wiki,ko,override,ko,ko,1.0,,0.0,1
카더가든,loyalty,21,namu.wiki,ko,override,ko,ko,0.567,,0.433,1
카더가든,loyalty,22,m.programs.sbs.co.kr,ko,tld,ko,ko,0.941,,0.059,1
카더가든,loyalty,23,namu.wiki,ko,override,ko,ko,1.0,,0.0,1
카더가든,loyalty,24,ameblo.jp,ja,tld,ko,ko,0.769,,0.218,0
카더가든,loyalty,25,www.douban.com,zh,override,ko,ko,0.851,,0.105,0
카더가든,spillover,0,www.imaeil.com,ko,override,ko,ko,0.965,,0.035,1
카더가든,spillover,1,v.daum.net,ko,override,ko,ko,0.949,,0.051,1
카더가든,spillover,2,namu.wiki,ko,override,ko,ko,1.0,,0.0,1
카더가든,spillover,3,en.wikipedia.org,en,wiki,ko,ko,0.763,,0.237,0
카더가든,spillover,4,www.khan.co.kr,ko,tld,ko,ko,0.93,,0.07,1
카더가든,spillover,5,en.wikipedia.org,en,wiki,ko,ko,1.0,,0.0,0
카더가든,spillover,6,namu.wiki,ko,override,ko,ko,0.731,,0.269,1
카더가든,spillover,7,namu.wiki,ko,override,ko,ko,1.0,,0.0,1
카더가든,spillover,8,namu.wiki,ko,override,ko,ko,0.94,,0.06,1
카더가든,spillover,9,namu.wiki,ko,override,ko,ko,1.0,,0.0,1
카더가든,spillover,10,namu.wiki,ko,override,ko,ko,0.562,,0.438,1
카더가든,spillover,11,namu.wiki,ko,override,ko,ko,0.7,,0.3,1
카더가든,spillover,12,namu.wiki,ko,override,latin,en,1.046,,0.808,0
카더가든,spillover,13,namu.wiki,ko,override,latin,en,0.991,,0.949,0
카더가든,spillover,14,namu.wiki,ko,override,latin,en,1.381,,1.0,0
카더가든,spillover,15,namu.wiki,ko,override,latin,en,1.18,,0.938,0
카더가든,spillover,16,v.daum.net,ko,override,latin,en,1.136,,0.961,0
카더가든,spillover,17,isplus.com,ko,override,latin,en,1.569,,1.0,0
카더가든,spillover,18,www.fnnews.com,ko,override,ko,ko,0.982,,0.018,1
카더가든,spillover,19,namu.wiki,ko,override,ko,ko,0.958,,0.042,1
카더가든,spillover,20,namu.wiki,ko,override,ko,ko,0.935,,0.065,1
카더가든,spillover,21,namu.wiki,ko,override,ko,ko,0.948,,0.052,1
카더가든,spillover,22,news.nate.com,ko,override,ko,ko,0.667,,0.333,1
카더가든,spillover,23,www.timespread.co.kr,ko,tld,ko,ko,1.0,,0.0,1
카더가든,spillover,24,www.elle.co.kr,ko,tld,ko,ko,1.0,,0.0,1
카더가든,spillover,25,www.elle.co.kr,ko,tld,ko,ko,1.0,,0.0,1
카더가든,spillover,26,news.nate.com,ko,override,ko,ko,0.943,,0.057,1
카더가든,spillover,27,news.nate.com,ko,override,ko,ko,1.0,,0.0,1
카더가든,spillover,28,www.wikitree.co.kr,ko,tld,ko,ko,1.0,,0.0,1
카더가든,spillover,29,www.jejuinnews.co.kr,ko,tld,ko,ko,1.0,,0.0,1
카더가든,spillover,30,www.gukjenews.com,en,default,ko,ko,1.0,,0.0,0
카더가든,spillover,31,namu.wiki,ko,override,ko,ko,0.889,,0.111,1
카더가든,spillover,32,namu.wiki,ko,override,ko,ko,0.773,,0.227,1
카더가든,spillover,33,namu.wiki,ko,override,ko,ko,0.92,,0.08,1
카더가든,spillover,34,namu.wiki,ko,override,ko,ko,0.972,,0.028,1
카더가든,spillover,35,namu.wiki,ko,override,ko,ko,0.918,,0.082,1
카더가든,spillover,36,namu.wiki,ko,override,ko,ko,0.968,,0.032,1
카더가든,spillover,37,v.daum.net,ko,override,ko,ko,0.967,,0.033,1
카더가든,spillover,38,isplus.com,ko,override,ko,ko,0.964,,0.036,1
카더가든,spillover,39,isplus.com,ko,override,ko,ko,0.964,,0.036,1
카더가든,spillover,40,namu.wiki,ko,override,ko,ko,1.0,,0.0,1
카더가든,spillover,41,v.daum.net,ko,override,ko,ko,0.966,,0.034,1
카더가든,spillover,42,www.m-joongang.com,en,default,ko,ko,0.952,,0.048,0
카더가든,spillover,43,www.elle.co.kr,ko,tld,ko,ko,1.0,,0.0,1
카더가든,spillover,44,namu.wiki,ko,override,ko,ko,0.908,,0.092,1
카더가든,spillover,45,karaichi.com,en,default,ko,ko,0.689,,0.208,0
카더가든,spillover,46,www.soompi.com,en,override,ko,ko,0.717,,0.283,0
카더가든,spillover,47,www.songkick.com,en,default,ko,ko,0.896,,0.104,0
Zion.T,loyalty,0,news.sbs.co.kr,ko,override,ko,ko,0.762,,0.238,1
Zion.T,loyalty,1,namu.wiki,ko,override,ko,ko,1.0,,0.0,1
Zion.T,loyalty,2,www.newspim.com,en,default,ko,ko,1.0,,0.0,0
Zion.T,loyalty,3,sports.khan.co.kr,ko,override,ko,ko,1.0,,0.0,1
Zion.T,loyalty,4,m.ticket.yes24.com,en,default,ko,ko,1.0,,0.0,0
Zion.T,loyalty,5,namu.wiki,ko,override,ko,ko,0.917,,0.083,1
Zion.T,loyalty,6,en.wikipedia.org,en,wiki,ko,ko,1.0,,0.0,0
Zion.T,loyalty,7,mobileticket.interpark.com,en,default,ko,ko,0.937,,0.063,0
Zion.T,loyalty,8,tickets.interpark.com,en,default,ko,ko,1.0,,0.0,0
Zion.T,loyalty,9,tw.news.yahoo.com,en,default,ko,ko,0.576,,0.303,0
Zion.T,loyalty,10,www.carture.com.tw,zh,tld,ko,ko,0.556,,0.333,0
Zion.T,loyalty,11,hot.detik.com,id,override,ko,ko,0.844,,0.156,0
Zion.T,loyalty,12,thanhnien.vn,vi,override,ko,ko,0.667,,0.333,0
Zion.T,loyalty,13,namu.wiki,ko,override,ko,ko,1.0,,0.0,1
Zion.T,loyalty,14,namu.wiki,ko,override,ko,ko,1.0,,0.0,1
Zion.T,loyalty,15,sports.khan.co.kr,ko,override,ko,ko,0.913,,0.087,1
Zion.T,loyalty,16,en.wikipedia.org,en,wiki,ko,ko,0.935,,0.065,0
Zion.T,loyalty,17,en.wikipedia.org,en,wiki,ko,ko,0.824,,0.176,0
Zion.T,loyalty,18,www.kpopn.com,en,default,ko,ko,0.914,,0.086,0
Zion.T,loyalty,19,www.kpopn.com,en,default,ko,ko,0.914,,0.086,0
Zion.T,loyalty,20,m.weibo.cn,zh,tld,ko,ko,0.743,,0.143,0
Zion.T,loyalty,21,star.ettoday.net,zh,override,ko,ko,0.575,,0.212,0
Zion.T,loyalty,22,sports.khan.co.kr,ko,override,ko,ko,0.965,,0.035,1
Zion.T,loyalty,23,kpopna.com,en,default,ko,ko,0.667,,0.333,0
Zion.T,spillover,0,yg-life.com,ko,override,ko,ko,0.894,,0.106,1
Zion.T,spillover,1,en.wikipedia.org,en,wiki,ko,ko,0.857,,0.143,0
Zion.T,spillover,2,en.wikipedia.org,en,wiki,ko,ko,1.0,,0.0,0
Zion.T,spillover,3,www.brandinginasia.com,en,default,ko,ko,0.865,,0.135,0
Zion.T,spillover,4,www.brandinginasia.com,en,default,ko,ko,0.837,,0.163,0
Zion.T,spillover,5,en.wikipedia.org,en,wiki,ko,ko,0.722,,0.278,0
Zion.T,spillover,6,en.wikipedia.org,en,wiki,ko,ko,0.83,,0.17,0
Zion.T,spillover,7,en.wikipedia.org,en,wiki,ko,ko,1.0,,0.0,0
Zion.T,spillover,8,en.wikipedia.org,en,wiki,ko,ko,1.0,,0.0,0
Zion.T,spillover,9,en.wikipedia.org,en,wiki,ko,ko,1.0,,0.0,0
Zion.T,spillover,10,en.wikipedia.org,en,wiki,latin,en,0.713,,0.981,1
Zion.T,spillover,11,en.wikipedia.org,en,wiki,latin,en,0.824,,0.925,1
Zion.T,spillover,12,en.wikipedia.org,en,wiki,latin,en,1.272,,0.984,1
Zion.T,spillover,13,en.wikipedia.org,en,wiki,latin,en,0.834,,1.0,1
Zion.T,spillover,14,en.wikipedia.org,en,wiki,latin,en,1.474,,1.0,1
Zion.T,spillover,15,www.twig24.com,ko,override,latin,en,0.893,,0.993,0
Zion.T,spillover,16,www.inletsgo.com,en,default,ko,ko,0.952,,0.048,0
Zion.T,spillover,17,ent.sina.com.cn,zh,override,latin,en,1.072,,0.979,0
Zion.T,spillover,18,y.qq.com,zh,override,latin,en,1.159,,1.0,0
Zion.T,spillover,19,namu.wiki,ko,override,ko,ko,0.689,,0.311,1
Zion.T,spillover,20,namu.wiki,ko,override,ko,ko,0.884,,0.116,1
Zion.T,spillover,21,www.hankookilbo.com,ko,override,ko,ko,1.0,,0.0,1
Zion.T,spillover,22,www.billboard-japan.com,ja,override,ko,ko,0.628,,0.372,0
Zion.T,spillover,23,www.khaosod.co.th,th,override,ko,ko,0.5,,0.5,0
Zion.T,spillover,24,namu.wiki,ko,override,ko,ko,1.0,,0.0,1
Zion.T,spillover,25,namu.wiki,ko,override,latin,en,0.283,,0.571,0
Zion.T,spillover,26,namu.wiki,ko,override,ko,ko,0.724,,0.276,1
Zion.T,spillover,27,www.philstar.com,tl,override,ko,ko,0.886,,0.114,0
Zion.T,spillover,28,en.wikipedia.org,en,wiki,ko,ko,0.79,,0.21,0
Zion.T,spillover,29,en.wikipedia.org,en,wiki,ko,ko,0.68,,0.32,0
Zion.T,spillover,30,en.wikipedia.org,en,wiki,ko,ko,0.902,,0.098,0
Zion.T,spillover,31,en.wikipedia.org,en,wiki,ko,ko,0.788,,0.212,0
Zion.T,spillover,32,en.wikipedia.org,en,wiki,ko,ko,0.754,,0.246,0
Zion.T,spillover,33,namu.wiki,ko,override,ko,ko,0.902,,0.098,1
Zion.T,spillover,34,namu.wiki,ko,override,ko,ko,1.0,,0.0,1
Zion.T,spillover,35,www.kukinews.com,en,default,ko,ko,0.943,,0.057,0
Zion.T,spillover,36,news.mtn.co.kr,ko,tld,ko,ko,0.923,,0.077,1
Zion.T,spillover,37,namu.wiki,ko,override,ko,ko,0.846,,0.154,1
Zion.T,spillover,38,culture.seoul.go.kr,ko,tld,ko,ko,1.0,,0.0,1
Zion.T,spillover,39,www.marieclairekorea.com,en,default,ko,ko,0.841,,0.159,0
Zion.T,spillover,40,news.sbs.co.kr,ko,override,ko,ko,0.976,,0.024,1
Zion.T,spillover,41,www.izm.co.kr,ko,tld,ko,ko,0.681,,0.319,1
Zion.T,spillover,42,yg-life.com,ko,override,ko,ko,0.955,,0.045,1
Zion.T,spillover,43,sports.khan.co.kr,ko,override,ko,ko,0.953,,0.047,1
Zion.T,spillover,44,www.mt.co.kr,ko,override,ko,ko,0.957,,0.043,1
Zion.T,spillover,45,www.mt.co.kr,ko,override,ko,ko,1.0,,0.0,1
Zion.T,spillover,46,m.kartprice.net,en,default,ko,ko,0.983,,0.017,0
Zion.T,spillover,47,www.timeout.com.hk,zh,tld,ko,ko,0.667,,0.333,0
Zion.T,spillover,48,star.ettoday.net,zh,override,ko,ko,0.667,,0.192,0
Zion.T,spillover,49,hypebeast.cn,zh,tld,ko,ko,0.606,,0.298,0
Zion.T,spillover,50,news.yahoo.co.jp,ja,tld,latin,en,0.012,,0.598,0
Zion.T,spillover,51,news.kstyle.com,en,default,ko,ko,0.543,,0.152,0
Zion.T,spillover,52,www.agoravox.fr,fr,tld,ko,ko,0.852,,0.148,0
Zion.T,spillover,53,www.bloglabanana.com,en,default,latin,tl,0.439,,0.518,0
Zion.T,spillover,54,kpoplat.com,es,override,ko,ko,0.873,,0.127,0
이효리,loyalty,0,namu.wiki,ko,override,ko,ko,1.0,,0.0,1
이효리,loyalty,1,news.nate.com,ko,override,ko,ko,1.0,,0.0,1
이효리,loyalty,2,www.starnewskorea.com,en,override,ko,ko,0.978,,0.022,0
이효리,loyalty,3,en.wikipedia.org,en,wiki,ko,ko,0.883,,0.117,0
이효리,loyalty,4,en.wikipedia.org,en,wiki,ko,ko,0.741,,0.259,0
이효리,loyalty,5,en.wikipedia.org,en,wiki,ko,ko,0.71,,0.29,0
이효리,loyalty,6,en.wikipedia.org,en,wiki,latin,en,1.35,,1.0,1
이효리,loyalty,7,en.wikipedia.org,en,wiki,latin,en,1.311,,1.0,1
이효리,loyalty,8,en.wikipedia.org,en,wiki,latin,en,1.076,,1.0,1
이효리,loyalty,9,ko.wikipedia.org,ko,wiki,ko,ko,1.0,,0.0,1
이효리,loyalty,10,ko.wikipedia.org,ko,wiki,ko,ko,1.0,,0.0,1
이효리,loyalty,11,ko.wikipedia.org,ko,wiki,ko,ko,1.0,,0.0,1
이효리,loyalty,12,ko.wikipedia.org,ko,wiki,ko,ko,1.0,,0.0,1
이효리,loyalty,13,www.starnewskorea.com,en,override,ko,ko,1.0,,0.0,0
이효리,loyalty,14,m.cafe.daum.net,ko,override,ko,ko,1.0,,0.0,1
이효리,loyalty,15,ja.wikipedia.org,ja,wiki,ko,ko,1.0,,0.0,0
이효리,loyalty,16,mawsoati.com,en,default,ko,ko,0.685,,0.315,0
이효리,spillover,0,www.mt.co.kr,ko,override,ko,ko,1.0,,0.0,1
이효리,spillover,1,www.mt.co.kr,ko,override,ko,ko,1.0,,0.0,1
이효리,spillover,2,namu.wiki,ko,override,ko,ko,0.851,,0.149,1
이효리,spillover,3,en.wikipedia.org,en,wiki,ko,ko,0.98,,0.02,0
이효리,spillover,4,en.wikipedia.org,en,wiki,ko,ko,1.0,,0.0,0
이효리,spillover,5,www.allkpop.com,en,override,ko,ko,0.912,,0.088,0
이효리,spillover,6,en.wikipedia.org,en,wiki,ko,ko,0.961,,0.039,0
이효리,spillover,7,en.wikipedia.org,en,wiki,ko,ko,0.947,,0.053,0
이효리,spillover,8,en.wikipedia.org,en,wiki,ko,ko,0.915,,0.085,0
이효리,spillover,9,en.wikipedia.org,en,wiki,ko,ko,1.0,,0.0,0
이효리,spillover,10,en.wikipedia.org,en,wiki,ko,ko,1.0,,0.0,0
이효리,spillover,11,en.wikipedia.org,en,wiki,ko,ko,1.0,,0.0,0
이효리,spillover,12,en.wikipedia.org,en,wiki,ko,ko,1.0,,0.0,0
이효리,spillover,13,en.wikipedia.org,en,wiki,ko,ko,0.9,,0.1,0
이효리,spillover,14,en.wikipedia.org,en,wiki,latin,en,1.192,,1.0,1
이효리,spillover,15,en.wikipedia.org,en,wiki,latin,en,1.051,,1.0,1
이효리,spillover,16,www.news-wa.com,en,default,latin,en,1.545,,1.0,1
이효리,spillover,17,m.ilyoweekly.co.kr,ko,tld,latin,en,1.058,,0.896,0
이효리,spillover,18,en.wikipedia.org,en,wiki,latin,en,0.739,,1.0,1
이효리,spillover,19,www.segye.com,ko,override,latin,en,1.318,,0.941,0
이효리,spillover,20,ent.sbs.co.kr,ko,tld,latin,en,1.213,,1.0,0
이효리,spillover,21,news.pulmuone.co.kr,ko,tld,ko,ko,1.0,,0.0,1
이효리,spillover,22,m.khan.co.kr,ko,tld,ko,ko,0.955,,0.0,1
이효리,spillover,23,v.daum.net,ko,override,ko,ko,1.0,,0.0,1
이효리,spillover,24,v.daum.net,ko,override,ko,ko,1.0,,0.0,1
이효리,spillover,25,www.labortoday.co.kr,ko,tld,ko,ko,1.0,,0.0,1
이효리,spillover,26,www.mydaily.co.kr,ko,override,ko,ko,1.0,,0.0,1
이효리,spillover,27,www.starnewskorea.com,en,override,ko,ko,1.0,,0.0,0
이효리,spillover,28,www.khan.co.kr,ko,tld,ko,ko,1.0,,0.0,1
이효리,spillover,29,www.visitjeju.net,en,default,ko,ko,0.824,,0.176,0
이효리,spillover,30,news.nate.com,ko,override,ko,ko,1.0,,0.0,1
이효리,spillover,31,m.news.nate.com,ko,override,ko,ko,1.0,,0.0,1
이효리,spillover,32,vop.co.kr,ko,tld,ko,ko,1.0,,0.0,1
이효리,spillover,33,www.news1.kr,ko,override,ko,ko,0.957,,0.043,1
이효리,spillover,34,v.daum.net,ko,override,ko,ko,0.818,,0.182,1
이효리,spillover,35,v.daum.net,ko,override,ko,ko,1.0,,0.0,1
이효리,spillover,36,www.idntimes.com,id,override,ko,ko,0.969,,0.031,0
이효리,spillover,37,www.sanook.com,th,override,ko,ko,1.0,,0.0,0
이효리,spillover,38,www.sanook.com,th,override,ko,ko,1.0,,0.0,0
이효리,spillover,39,news.kapook.com,th,override,ko,ko,0.556,,0.444,0
이효리,spillover,40,www.ajunews.com,ko,override,ko,ko,1.0,,0.0,1
이효리,spillover,41,www.khan.co.kr,ko,tld,ko,ko,1.0,,0.0,1
이효리,spillover,42,namu.wiki,ko,override,ko,ko,0.789,,0.211,1
이효리,spillover,43,v.daum.net,ko,override,ko,ko,0.843,,0.157,1
이효리,spillover,44,isplus.com,ko,override,ko,ko,1.0,,0.0,1
이효리,spillover,45,namu.wiki,ko,override,ko,ko,0.939,,0.061,1
이효리,spillover,46,namu.wiki,ko,override,ko,ko,1.0,,0.0,1
이효리,spillover,47,en.wikipedia.org,en,wiki,ko,ko,0.906,,0.094,0
이효리,spillover,48,en.wikipedia.org,en,wiki,ko,ko,0.901,,0.099,0
이효리,spillover,49,en.wikipedia.org,en,wiki,ko,ko,0.874,,0.126,0
이효리,spillover,50,www.wikitree.co.kr,ko,tld,ko,ko,1.0,,0.0,1
이효리,spillover,51,www.wikitree.co.kr,ko,tld,ko,ko,0.966,,0.034,1
이효리,spillover,52,www.wikitree.co.kr,ko,tld,ko,ko,1.0,,0.0,1
이효리,spillover,53,www.autotribune.co.kr,ko,tld,ko,ko,1.0,,0.0,1
이효리,spillover,54,www.autotribune.co.kr,ko,tld,ko,ko,1.0,,0.0,1
이효리,spillover,55,magazine.hankyung.com,ko,override,ko,ko,1.0,,0.0,1
이효리,spillover,56,isplus.com,ko,override,ko,ko,0.938,,0.062,1
이효리,spillover,57,biz.heraldcorp.com,ko,override,ko,ko,0.938,,0.062,1
이효리,spillover,58,www.newspim.com,en,default,ko,ko,1.0,,0.0,0
이효리,spillover,59,www.fnnews.com,ko,override,ko,ko,1.0,,0.0,1
이효리,spillover,60,news.mt.co.kr,ko,override,ko,ko,0.896,,0.104,1
이효리,spillover,61,asiaartistawards.com,en,default,ko,ko,0.786,,0.214,0
이효리,spillover,62,namu.wiki,ko,override,ko,ko,0.756,,0.244,1
이효리,spillover,63,zdnet.co.kr,ko,tld,ko,ko,0.821,,0.179,1
이효리,spillover,64,namu.wiki,ko,override,ko,ko,0.905,,0.095,1
이효리,spillover,65,namu.wiki,ko,override,ko,ko,1.0,,0.0,1
이효리,spillover,66,namu.wiki,ko,override,ko,ko,0.971,,0.0,1
이효리,spillover,67,namu.wiki,ko,override,ko,ko,1.0,,0.0,1
이효리,spillover,68,namu.wiki,ko,override,ko,ko,0.71,,0.29,1
이효리,spillover,69,namu.wiki,ko,override,ko,ko,1.0,,0.0,1
이효리,spillover,70,namu.wiki,ko,override,ko,ko,1.0,,0.0,1
이효리,spillover,71,namu.wiki,ko,override,ko,ko,0.913,,0.087,1
이효리,spillover,72,namu.wiki,ko,override,ko,ko,0.821,,0.179,1
이효리,spillover,73,namu.wiki,ko,override,ko,ko,1.0,,0.0,1
이효리,spillover,74,www.brandbrief.co.kr,ko,tld,ko,ko,1.0,,0.0,1
이효리,spillover,75,www.sisajournal.com,en,default,ko,ko,1.0,,0.0,0
이효리,spillover,76,www.sisajournal.com,en,default,ko,ko,1.0,,0.0,0
이효리,spillover,77,www.sisajournal.com,en,default,ko,ko,0.944,,0.056,0
이효리,spillover,78,www.sisajournal.com,en,default,ko,ko,1.0,,0.0,0
이효리,spillover,79,m.seoul.co.kr,ko,tld,ko,ko,1.0,,0.0,1
이효리,spillover,80,www.sportsworldi.com,ko,override,ko,ko,1.0,,0.0,1
이효리,spillover,81,isplus.com,ko,override,ko,ko,0.907,,0.093,1
이효리,spillover,82,ko.wikipedia.org,ko,wiki,ko,ko,0.824,,0.176,1
이효리,spillover,83,ko.wikipedia.org,ko,wiki,ko,ko,0.944,,0.056,1
이효리,spillover,84,ja.wikipedia.org,ja,wiki,ko,ko,1.0,,0.0,0
이효리,spillover,85,ja.wikipedia.org,ja,wiki,ko,ko,1.0,,0.0,0
이효리,spillover,86,ja.wikipedia.org,ja,wiki,ko,ko,1.0,,0.0,0
이효리,spillover,87,www.hk01.com,zh,override,ko,ko,0.797,,0.029,0
이효리,spillover,88,www.inmediahk.net,en,default,ko,ko,0.494,,0.247,0
이효리,spillover,89,www.harpersbazaar.hk,zh,tld,ko,ko,0.529,,0.191,0
이효리,spillover,90,www.douban.com,zh,override,ko,ko,0.795,,0.0,0
이효리,spillover,91,t.pia.jp,ja,tld,ko,ko,0.701,,0.042,0
이효리,spillover,92,www.cosmorning.com,en,default,ko,ko,0.912,,0.088,0
이효리,spillover,93,www.seoul.co.kr,ko,tld,ko,ko,1.0,,0.0,1
이효리,spillover,94,www.newsis.com,ko,override,ko,ko,1.0,,0.0,1
이효리,spillover,95,sports.khan.co.kr,ko,override,ko,ko,0.906,,0.094,1
이효리,spillover,96,biz.heraldcorp.com,ko,override,ko,ko,1.0,,0.0,1
이효리,spillover,97,www.hankyung.com,ko,override,ko,ko,1.0,,0.0,1
이효리,spillover,98,www.ddaily.co.kr,ko,tld,ko,ko,0.913,,0.087,1
이효리,spillover,99,fashionbiz.co.kr,ko,tld,ko,ko,1.0,,0.0,1
이효리,spillover,100,www.twig24.com,ko,override,ko,ko,1.0,,0.0,1
이효리,spillover,101,kpoplat.com,es,override,ko,ko,0.881,,0.119,0
이효리,spillover,102,kpoplat.com,es,override,ko,ko,0.883,,0.117,0
엄정화,loyalty,0,namu.wiki,ko,override,ko,ko,0.7,,0.3,1
엄정화,loyalty,1,news.sbs.co.kr,ko,override,ko,ko,1.0,,0.0,1
엄정화,loyalty,2,news.sbs.co.kr,ko,override,ko,ko,1.0,,0.0,1
엄정화,loyalty,3,www.pinkvilla.com,en,default,ko,ko,0.853,,0.147,0
엄정화,loyalty,4,www.pinkvilla.com,en,default,ko,ko,1.0,,0.0,0
엄정화,loyalty,5,www.pinkvilla.com,en,default,ko,ko,1.0,,0.0,0
엄정화,loyalty,6,en.wikipedia.org,en,wiki,ko,ko,1.0,,0.0,0
엄정화,loyalty,7,en.wikipedia.org,en,wiki,ko,ko,1.0,,0.0,0
엄정화,loyalty,8,en.wikipedia.org,en,wiki,latin,en,1.572,,1.0,1
엄정화,loyalty,9,en.wikipedia.org,en,wiki,latin,en,1.393,,1.0,1
엄정화,loyalty,10,v.daum.net,ko,override,latin,en,1.324,,1.0,0
엄정화,loyalty,11,www.uhmjunghwa.com,en,default,ko,ko,0.824,,0.176,0
엄정화,loyalty,12,m.edaily.co.kr,ko,override,ko,ko,1.0,,0.0,1
엄정화,loyalty,13,tickets.interpark.com,en,default,ko,ko,1.0,,0.0,0
엄정화,loyalty,14,m.ticket.yes24.com,en,default,ko,ko,1.0,,0.0,0
엄정화,loyalty,15,sports.khan.co.kr,ko,override,ko,ko,1.0,,0.0,1
엄정화,loyalty,16,www.marieclairekorea.com,en,default,ko,ko,0.824,,0.176,0
엄정화,loyalty,17,www.marieclairekorea.com,en,default,ko,ko,1.0,,0.0,0
엄정화,loyalty,18,ja.wikipedia.org,ja,wiki,ko,ko,0.872,,0.128,0
엄정화,loyalty,19,areq.net,en,default,ko,ko,0.785,,0.19,0
엄정화,spillover,0,www.ceorankingnews.com,en,default,ko,ko,0.923,,0.077,0
엄정화,spillover,1,mksports.co.kr,ko,tld,ko,ko,1.0,,0.0,1
엄정화,spillover,2,en.wikipedia.org,en,wiki,ko,ko,1.0,,0.0,0
엄정화,spillover,3,en.wikipedia.org,en,wiki,ko,ko,0.863,,0.137,0
엄정화,spillover,4,en.wikipedia.org,en,wiki,ko,ko,1.0,,0.0,0
엄정화,spillover,5,en.wikipedia.org,en,wiki,ko,ko,0.684,,0.316,0
엄정화,spillover,6,en.wikipedia.org,en,wiki,ko,ko,1.0,,0.0,0
엄정화,spillover,7,en.wikipedia.org,en,wiki,ko,ko,1.0,,0.0,0
엄정화,spillover,8,en.wikipedia.org,en,wiki,ko,ko,0.771,,0.229,0
엄정화,spillover,9,en.wikipedia.org,en,wiki,ko,ko,1.0,,0.0,0
엄정화,spillover,10,en.wikipedia.org,en,wiki,ko,ko,0.593,,0.407,0
엄정화,spillover,11,en.wikipedia.org,en,wiki,ko,ko,1.0,,0.0,0
엄정화,spillover,12,en.wikipedia.org,en,wiki,latin,en,0.703,,1.0,1
엄정화,spillover,13,en.wikipedia.org,en,wiki,latin,en,1.143,,0.924,1
엄정화,spillover,14,en.wikipedia.org,en,wiki,latin,en,0.945,,1.0,1
엄정화,spillover,15,en.wikipedia.org,en,wiki,latin,en,0.999,,1.0,1
엄정화,spillover,16,m.edaily.co.kr,ko,override,ko,ko,1.0,,0.0,1
엄정화,spillover,17,namu.wiki,ko,override,ko,ko,0.773,,0.227,1
엄정화,spillover,18,namu.wiki,ko,override,ko,ko,1.0,,0.0,1
엄정화,spillover,19,namu.wiki,ko,override,ko,ko,0.6,,0.375,1
엄정화,spillover,20,namu.wiki,ko,override,ko,ko,1.0,,0.0,1
엄정화,spillover,21,v.daum.net,ko,override,ko,ko,1.0,,0.0,1
엄정화,spillover,22,v.daum.net,ko,override,ko,ko,1.0,,0.0,1
엄정화,spillover,23,www.youtube.com,en,override,ko,ko,1.0,,0.0,0
엄정화,spillover,24,www.news1.kr,ko,override,ko,ko,0.957,,0.043,1
엄정화,spillover,25,www.youtube.com,en,override,latin,en,0.56,,0.577,1
엄정화,spillover,26,www.newsis.com,ko,override,ko,ko,1.0,,0.0,1
엄정화,spillover,27,namu.wiki,ko,override,ko,ko,1.0,,0.0,1
엄정화,spillover,28,namu.wiki,ko,override,ko,ko,1.0,,0.0,1
엄정화,spillover,29,namu.wiki,ko,override,ko,ko,1.0,,0.0,1
엄정화,spillover,30,en.wikipedia.org,en,wiki,ko,ko,0.885,,0.115,0
엄정화,spillover,31,en.wikipedia.org,en,wiki,ko,ko,1.0,,0.0,0
엄정화,spillover,32,en.wikipedia.org,en,wiki,ko,ko,0.857,,0.143,0
엄정화,spillover,33,www.edaily.co.kr,ko,override,ko,ko,1.0,,0.0,1
엄정화,spillover,34,v.daum.net,ko,override,ko,ko,0.963,,0.037,1
엄정화,spillover,35,sports.khan.co.kr,ko,override,ko,ko,1.0,,0.0,1
엄정화,spillover,36,www.marieclairekorea.com,en,default,ko,ko,1.0,,0.0,0
엄정화,spillover,37,v.daum.net,ko,override,ko,ko,1.0,,0.0,1
엄정화,spillover,38,ko.wikipedia.org,ko,wiki,ko,ko,1.0,,0.0,1
엄정화,spillover,39,ko.wikipedia.org,ko,wiki,ko,ko,0.913,,0.087,1
엄정화,spillover,40,ko.wikipedia.org,ko,wiki,ko,ko,1.0,,0.0,1
엄정화,spillover,41,ko.wikipedia.org,ko,wiki,ko,ko,1.0,,0.0,1
엄정화,spillover,42,ko.wikipedia.org,ko,wiki,ko,ko,0.893,,0.107,1
엄정화,spillover,43,www.ceorankingnews.com,en,default,ko,ko,0.936,,0.064,0
엄정화,spillover,44,www.seoulfn.com,en,default,ko,ko,0.923,,0.077,0
엄정화,spillover,45,www.ceorankingnews.com,en,default,ko,ko,0.963,,0.037,0
엄정화,spillover,46,ja.wikipedia.org,ja,wiki,ko,ko,1.0,,0.0,0
엄정화,spillover,47,ja.wikipedia.org,ja,wiki,ko,ko,0.705,,0.295,0
엄정화,spillover,48,www.dtoday.co.kr,ko,tld,ko,ko,1.0,,0.0,1
엄정화,spillover,49,www.bloglabanana.com,en,default,ko,ko,0.661,,0.339,0
엄정화,spillover,50,kpoplat.com,es,override,ko,ko,0.877,,0.123,0
볼빨간사춘기,loyalty,0,namu.wiki,ko,override,ko,ko,0.875,,0.125,1
볼빨간사춘기,loyalty,1,namu.wiki,ko,override,ko,ko,0.684,,0.316,1
볼빨간사춘기,loyalty,2,v.daum.net,ko,override,ko,ko,1.0,,0.0,1
볼빨간사춘기,loyalty,3,namu.wiki,ko,override,ko,ko,0.741,,0.259,1
볼빨간사춘기,loyalty,4,namu.wiki,ko,override,ko,ko,0.88,,0.12,1
볼빨간사춘기,loyalty,5,namu.wiki,ko,override,ko,ko,1.0,,0.0,1
볼빨간사춘기,loyalty,6,namu.wiki,ko,override,ko,ko,1.0,,0.0,1
볼빨간사춘기,loyalty,7,namu.wiki,ko,override,ko,ko,0.733,,0.267,1
볼빨간사춘기,loyalty,8,en.wikipedia.org,en,wiki,ko,ko,1.0,,0.0,0
볼빨간사춘기,loyalty,9,en.wikipedia.org,en,wiki,ko,ko,1.0,,0.0,0
볼빨간사춘기,loyalty,10,en.wikipedia.org,en,wiki,ko,ko,1.0,,0.0,0
볼빨간사춘기,loyalty,11,en.wikipedia.org,en,wiki,ko,ko,1.0,,0.0,0
볼빨간사춘기,loyalty,12,namu.wiki,ko,override,latin,en,0.478,,1.0,0
볼빨간사춘기,loyalty,13,namu.wiki,ko,override,latin,en,1.203,,1.0,0
볼빨간사춘기,loyalty,14,tickets.interpark.com,en,default,latin,en,1.267,,1.0,1
볼빨간사춘기,loyalty,15,news.sbs.co.kr,ko,override,latin,en,0.806,,1.0,0
볼빨간사춘기,loyalty,16,tickets.interpark.com,en,default,ko,ko,0.792,,0.208,0
볼빨간사춘기,loyalty,17,nodeul.org,en,default,ko,ko,1.0,,0.0,0
볼빨간사춘기,loyalty,18,namu.wiki,ko,override,ko,ko,0.833,,0.167,1
볼빨간사춘기,loyalty,19,tickets.interpark.com,en,default,ko,ko,0.5,,0.5,0
볼빨간사춘기,loyalty,20,www.instagram.com,en,override,ko,ko,1.0,,0.0,0
볼빨간사춘기,loyalty,21,www.facebook.com,en,override,ko,ko,1.0,,0.0,0
볼빨간사춘기,loyalty,22,m.facebook.com,en,override,ko,ko,1.0,,0.0,0
볼빨간사춘기,loyalty,23,www.starnewskorea.com,en,override,ko,ko,0.926,,0.074,0
볼빨간사춘기,loyalty,24,namu.wiki,ko,override,ko,ko,0.829,,0.171,1
볼빨간사춘기,loyalty,25,bol4.bstage.in,en,default,ko,ko,0.875,,0.125,0
볼빨간사춘기,loyalty,26,namu.wiki,ko,override,ko,ko,0.842,,0.158,1
볼빨간사춘기,loyalty,27,www.cctoday.co.kr,ko,tld,ko,ko,0.855,,0.145,1
볼빨간사춘기,loyalty,28,www.cctoday.co.kr,ko,tld,ko,ko,1.0,,0.0,1
볼빨간사춘기,loyalty,29,news.mt.co.kr,ko,override,ko,ko,0.846,,0.154,1
볼빨간사춘기,loyalty,30,www.tenasia.co.kr,ko,tld,ko,ko,1.0,,0.0,1
볼빨간사춘기,loyalty,31,tickets.interpark.com,en,default,ko,ko,0.788,,0.212,0
볼빨간사춘기,loyalty,32,bol4.bstage.in,en,default,ko,ko,0.829,,0.171,0
볼빨간사춘기,loyalty,33,edaily.co.kr,ko,override,ko,ko,1.0,,0.0,1
볼빨간사춘기,loyalty,34,isplus.com,ko,override,ko,ko,1.0,,0.0,1
볼빨간사춘기,loyalty,35,bol4.jp,ja,tld,ko,ko,0.708,,0.283,0
볼빨간사춘기,loyalty,36,teri-translate.hateblo.jp,ja,tld,ko,ko,0.784,,0.216,0
볼빨간사춘기,loyalty,37,sports.khan.co.kr,ko,override,ko,ko,1.0,,0.0,1
볼빨간사춘기,spillover,0,www.kpinews.kr,ko,tld,ko,ko,1.0,,0.0,1
볼빨간사춘기,spillover,1,www.news1.kr,ko,override,ko,ko,1.0,,0.0,1
볼빨간사춘기,spillover,2,www.allkpop.com,en,override,ko,ko,0.92,,0.08,0
볼빨간사춘기,spillover,3,en.wikipedia.org,en,wiki,ko,ko,0.83,,0.17,0
볼빨간사춘기,spillover,4,en.wikipedia.org,en,wiki,ko,ko,1.0,,0.0,0
볼빨간사춘기,spillover,5,namu.wiki,ko,override,ko,ko,1.0,,0.0,1
볼빨간사춘기,spillover,6,namu.wiki,ko,override,ko,ko,1.0,,0.0,1
볼빨간사춘기,spillover,7,namu.wiki,ko,override,ko,ko,1.0,,0.0,1
볼빨간사춘기,spillover,8,en.wikipedia.org,en,wiki,ko,ko,1.0,,0.0,0
볼빨간사춘기,spillover,9,namu.wiki,ko,override,ko,ko,1.0,,0.0,1
볼빨간사춘기,spillover,10,en.wikipedia.org,en,wiki,latin,en,1.408,,1.0,1
볼빨간사춘기,spillover,11,en.wikipedia.org,en,wiki,latin,en,0.706,,1.0,1
볼빨간사춘기,spillover,12,www.spotvnews.co.kr,ko,tld,latin,en,1.541,,1.0,0
볼빨간사춘기,spillover,13,v.daum.net,ko,override,latin,en,1.211,,0.949,0
볼빨간사춘기,spillover,14,www.hellokpop.com,en,default,ko,ko,0.614,,0.386,0
볼빨간사춘기,spillover,15,www.oricon.co.jp,ja,tld,latin,en,1.155,,1.0,0
볼빨간사춘기,spillover,16,namu.wiki,ko,override,ko,ko,0.776,,0.224,1
볼빨간사춘기,spillover,17,www.starnewskorea.com,en,override,ko,ko,1.0,,0.0,0
볼빨간사춘기,spillover,18,namu.wiki,ko,override,ko,ko,1.0,,0.0,1
볼빨간사춘기,spillover,19,www.ajunews.com,ko,override,ko,ko,1.0,,0.0,1
볼빨간사춘기,spillover,20,www.xportsnews.com,ko,override,ko,ko,1.0,,0.0,1
볼빨간사춘기,spillover,21,v.daum.net,ko,override,ko,ko,0.957,,0.043,1
볼빨간사춘기,spillover,22,m.news.nate.com,ko,override,ko,ko,1.0,,0.0,1
볼빨간사춘기,spillover,23,m.news.nate.com,ko,override,ko,ko,1.0,,0.0,1
볼빨간사춘기,spillover,24,kmagazine.mx,es,tld,ko,ko,0.627,,0.373,0
볼빨간사춘기,spillover,25,sports.khan.co.kr,ko,override,ko,ko,0.948,,0.052,1
볼빨간사춘기,spillover,26,www.ajunews.com,ko,override,ko,ko,1.0,,0.0,1
볼빨간사춘기,spillover,27,m.news.nate.com,ko,override,ko,ko,1.0,,0.0,1
볼빨간사춘기,spillover,28,namu.wiki,ko,override,ko,ko,0.885,,0.115,1
볼빨간사춘기,spillover,29,ko.wikipedia.org,ko,wiki,ko,ko,0.864,,0.136,1
볼빨간사춘기,spillover,30,ko.wikipedia.org,ko,wiki,ko,ko,0.906,,0.094,1
볼빨간사춘기,spillover,31,namu.wiki,ko,override,ko,ko,0.9,,0.1,1
볼빨간사춘기,spillover,32,namu.wiki,ko,override,ko,ko,0.523,,0.477,1
볼빨간사춘기,spillover,33,www.news1.kr,ko,override,ko,ko,1.0,,0.0,1
볼빨간사춘기,spillover,34,www.enewstoday.co.kr,ko,tld,ko,ko,1.0,,0.0,1
볼빨간사춘기,spillover,35,www.news1.kr,ko,override,ko,ko,1.0,,0.0,1
볼빨간사춘기,spillover,36,www.kmib.co.kr,ko,override,ko,ko,1.0,,0.0,1
볼빨간사춘기,spillover,37,namu.wiki,ko,override,ko,ko,1.0,,0.0,1
볼빨간사춘기,spillover,38,namu.wiki,ko,override,ko,ko,1.0,,0.0,1
볼빨간사춘기,spillover,39,namu.wiki,ko,override,ko,ko,1.0,,0.0,1
볼빨간사춘기,spillover,40,v.daum.net,ko,override,ko,ko,1.0,,0.0,1
볼빨간사춘기,spillover,41,www.tving.com,en,default,ko,ko,1.0,,0.0,0
볼빨간사춘기,spillover,42,v.daum.net,ko,override,ko,ko,0.919,,0.081,1
볼빨간사춘기,spillover,43,edaily.co.kr,ko,override,ko,ko,1.0,,0.0,1
볼빨간사춘기,spillover,44,m-world.kktix.cc,en,default,ko,ko,0.682,,0.318,0
볼빨간사춘기,spillover,45,star.ettoday.net,zh,override,ko,ko,0.75,,0.25,0
볼빨간사춘기,spillover,46,fr.wikipedia.org,fr,wiki,ko,ko,0.982,,0.018,0
볼빨간사춘기,spillover,47,kdramareunion.wordpress.com,en,default,ko,ko,0.703,,0.297,0
볼빨간사춘기,spillover,48,www.bloglabanana.com,en,default,ko,ko,0.806,,0.194,0
볼빨간사춘기,spillover,49,www.bloglabanana.com,en,default,ko,ko,0.904,,0.096,0
Crush,loyalty,0,sports.khan.co.kr,ko,override,ko,ko,0.836,,0.164,1
Crush,loyalty,1,www.newsis.com,ko,override,ko,ko,1.0,,0.0,1
Crush,loyalty,2,mbiz.heraldcorp.com,ko,override,ko,ko,1.0,,0.0,1
Crush,loyalty,3,sports.khan.co.kr,ko,override,ko,ko,0.786,,0.214,1
Crush,loyalty,4,sports.khan.co.kr,ko,override,ko,ko,1.0,,0.0,1
Crush,loyalty,5,tickets.interpark.com,en,default,ko,ko,0.8,,0.2,0
Crush,loyalty,6,www.newsis.com,ko,override,ko,ko,0.667,,0.333,1
Crush,loyalty,7,www.viva100.com,en,default,ko,ko,1.0,,0.0,0
Crush,loyalty,8,x.com,en,override,ko,ko,0.727,,0.273,0
Crush,loyalty,9,tickets.interpark.com,en,default,ko,ko,0.814,,0.186,0
Crush,loyalty,10,www.luck-d.com,ko,override,ko,ko,0.947,,0.053,1
Crush,loyalty,11,www.luck-d.com,ko,override,ko,ko,0.617,,0.383,1
Crush,loyalty,12,crush.bstage.in,en,default,latin,en,0.799,,0.963,1
Crush,loyalty,13,en.wikipedia.org,en,wiki,latin,en,1.216,,1.0,1
Crush,loyalty,14,mydaily.co.kr,ko,override,latin,en,1.363,,1.0,0
Crush,loyalty,15,m.etnews.com,en,default,latin,en,1.196,,1.0,1
Crush,loyalty,16,hot.detik.com,id,override,latin,id,0.184,,0.541,1
Crush,loyalty,17,hot.detik.com,id,override,ko,ko,0.59,,0.41,0
Crush,loyalty,18,namu.wiki,ko,override,ko,ko,0.805,,0.195,1
Crush,loyalty,19,ototoy.jp,ja,tld,ja,ja,0.385,,0.269,1
Crush,loyalty,20,www.musicman.co.jp,ja,tld,ko,ko,0.59,,0.41,0
Crush,loyalty,21,ototoy.jp,ja,tld,ko,ko,0.649,,0.351,0
Crush,loyalty,22,20.detik.com,id,override,ko,ko,0.611,,0.389,0
Crush,loyalty,23,20.detik.com,id,override,ko,ko,0.839,,0.161,0
Crush,loyalty,24,hot.detik.com,id,override,ko,ko,0.6,,0.4,0
Crush,loyalty,25,mgronline.com,th,override,latin,en,0.366,,0.689,0
Crush,loyalty,26,www.sanook.com,th,override,ko,ko,0.783,,0.217,0
Crush,loyalty,27,www.sanook.com,th,override,latin,en,0.366,,0.838,0
Crush,loyalty,28,www.sanook.com,th,override,ko,ko,0.688,,0.312,0
Crush,loyalty,29,www.sanook.com,th,override,ko,ko,0.8,,0.2,0
Crush,loyalty,30,www.nautiljon.com,en,default,ko,ko,0.517,,0.483,0
Crush,loyalty,31,www.nautiljon.com,en,default,ko,ko,0.562,,0.438,0
Crush,loyalty,32,m.etnews.com,en,default,ko,ko,0.743,,0.257,0
Crush,loyalty,33,m.etnews.com,en,default,ko,ko,1.0,,0.0,0
Crush,loyalty,34,www.viva100.com,en,default,ko,ko,1.0,,0.0,0
Crush,spillover,0,www.etnews.com,en,default,ko,ko,1.0,,0.0,0
Crush,spillover,1,www.instagram.com,en,override,ko,ko,1.0,,0.0,0
Crush,spillover,2,www.munhwa.com,ko,override,ko,ko,0.843,,0.157,1
Crush,spillover,3,en.wikipedia.org,en,wiki,ko,ko,0.968,,0.032,0
Crush,spillover,4,en.wikipedia.org,en,wiki,ko,ko,0.852,,0.148,0
Crush,spillover,5,en.wikipedia.org,en,wiki,ko,ko,0.809,,0.191,0
Crush,spillover,6,en.wikipedia.org,en,wiki,ko,ko,0.828,,0.172,0
Crush,spillover,7,www.busan.com,en,default,ko,ko,1.0,,0.0,0
Crush,spillover,8,sports.khan.co.kr,ko,override,ko,ko,1.0,,0.0,1
Crush,spillover,9,www.wowtv.co.kr,ko,tld,ko,ko,0.738,,0.262,1
Crush,spillover,10,www.billboard.com,en,override,ko,ko,0.547,,0.453,0
Crush,spillover,11,www.soompi.com,en,override,ko,ko,0.667,,0.333,0
Crush,spillover,12,www.tenasia.co.kr,ko,tld,ko,ko,1.0,,0.0,1
Crush,spillover,13,www.etnews.com,en,default,ko,ko,1.0,,0.0,0
Crush,spillover,14,en.wikipedia.org,en,wiki,latin,en,1.391,,1.0,1
Crush,spillover,15,en.wikipedia.org,en,wiki,latin,en,0.793,,1.0,1
Crush,spillover,16,www.etnews.com,en,default,latin,en,1.145,,1.0,1
Crush,spillover,17,en.wikipedia.org,en,wiki,latin,en,0.975,,1.0,1
Crush,spillover,18,y.qq.com,zh,override,latin,en,1.115,,1.0,0
Crush,spillover,19,natalie.mu,ja,override,latin,en,0.802,,1.0,0
Crush,spillover,20,madamefigaro.jp,ja,tld,latin,en,1.284,,1.0,0
Crush,spillover,21,www.etnews.com,en,default,ko,ko,1.0,,0.0,0
Crush,spillover,22,www.etnews.com,en,default,ko,ko,0.84,,0.16,0
Crush,spillover,23,hot.detik.com,id,override,ko,ko,0.857,,0.143,0
Crush,spillover,24,namu.wiki,ko,override,ko,ko,0.909,,0.091,1
Crush,spillover,25,en.wikipedia.org,en,wiki,ko,ko,0.622,,0.378,0
Crush,spillover,26,en.wikipedia.org,en,wiki,latin,en,0.308,,0.6,1
Crush,spillover,27,en.wikipedia.org,en,wiki,ko,ko,0.517,,0.483,0
Crush,spillover,28,en.wikipedia.org,en,wiki,latin,en,0.769,,0.779,1
Crush,spillover,29,namu.wiki,ko,override,ko,ko,0.686,,0.314,1
Crush,spillover,30,news.now.com,en,default,ko,ko,0.516,,0.14,0
Crush,spillover,31,www.eluniverso.com,en,default,latin,vi,1.0,,0.612,0
Crush,spillover,32,www.topstarnews.net,ko,override,ko,ko,1.0,,0.0,1
Crush,spillover,33,www.wikitree.co.kr,ko,tld,ko,ko,1.0,,0.0,1
Crush,spillover,34,numero.jp,ja,tld,ko,ko,0.66,,0.34,0
Crush,spillover,35,www.sanook.com,th,override,ko,ko,0.576,,0.424,0
Crush,spillover,36,www.ggilbo.com,en,default,ko,ko,0.839,,0.161,0
Crush,spillover,37,www.ggilbo.com,en,default,ko,ko,0.765,,0.235,0
Crush,spillover,38,namu.wiki,ko,override,ko,ko,1.0,,0.0,1
Crush,spillover,39,namu.wiki,ko,override,ko,ko,0.536,,0.429,1
Crush,spillover,40,www.terra.com.br,pt,override,ko,ko,0.652,,0.348,0
Crush,spillover,41,en.wikipedia.org,en,wiki,ko,ko,0.494,,0.494,0
Crush,spillover,42,namu.wiki,ko,override,ko,ko,0.854,,0.146,1
Crush,spillover,43,sports.khan.co.kr,ko,override,ko,ko,0.75,,0.25,1
Crush,spillover,44,www.etnews.com,en,default,ko,ko,0.867,,0.133,0
Crush,spillover,45,v.daum.net,ko,override,ko,ko,0.838,,0.162,1
Crush,spillover,46,en.wikipedia.org,en,wiki,ko,ko,0.611,,0.389,0
Crush,spillover,47,www.hankyung.com,ko,override,ko,ko,0.945,,0.055,1
Crush,spillover,48,v.daum.net,ko,override,ko,ko,0.926,,0.074,1
Crush,spillover,49,namu.wiki,ko,override,ko,ko,1.0,,0.0,1
Crush,spillover,50,www.etnews.com,en,default,ko,ko,0.826,,0.174,0
Crush,spillover,51,www.etnews.com,en,default,ko,ko,1.0,,0.0,0
Crush,spillover,52,tnnews.co.kr,ko,tld,ko,ko,0.645,,0.355,1
Crush,spillover,53,www.etnews.com,en,default,ko,ko,0.862,,0.138,0
Crush,spillover,54,www.newspim.com,en,default,ko,ko,0.876,,0.124,0
Crush,spillover,55,www.bastillepost.com,en,default,ko,ko,0.568,,0.432,0
Crush,spillover,56,star.ettoday.net,zh,override,ko,ko,0.68,,0.32,0
Crush,spillover,57,star.ettoday.net,zh,override,ko,ko,0.743,,0.21,0
Crush,spillover,58,spice.eplus.jp,ja,tld,latin,en,0.489,,0.504,0
Crush,spillover,59,spice.eplus.jp,ja,tld,ko,ko,0.518,,0.482,0
Crush,spillover,60,spincoaster.com,en,default,ko,ko,0.617,,0.383,0
Crush,spillover,61,fr.wikipedia.org,fr,wiki,ko,ko,0.938,,0.062,0
Crush,spillover,62,l-frii.com,en,default,ko,ko,0.677,,0.323,0
Crush,spillover,63,kpoplat.com,es,override,ko,ko,0.884,,0.116,0
성시경,loyalty,0,news.nate.com,ko,override,ko,ko,1.0,,0.0,1
성시경,loyalty,1,www.topstarnews.net,ko,override,ko,ko,0.92,,0.08,1
성시경,loyalty,2,v.daum.net,ko,override,ko,ko,1.0,,0.0,1
성시경,loyalty,3,news.nate.com,ko,override,ko,ko,1.0,,0.0,1
성시경,loyalty,4,tickets.interpark.com,en,default,ko,ko,0.738,,0.262,0
성시경,loyalty,5,www.dipe.co.kr,ko,tld,ko,ko,1.0,,0.0,1
성시경,loyalty,6,www.allkpop.com,en,override,ko,ko,1.0,,0.0,0
성시경,loyalty,7,www.allkpop.com,en,override,ko,ko,1.0,,0.0,0
성시경,loyalty,8,www.koreadaily.com,ko,override,ko,ko,1.0,,0.0,1
성시경,loyalty,9,www.topstarnews.net,ko,override,ko,ko,1.0,,0.0,1
성시경,loyalty,10,news.nate.com,ko,override,ko,ko,1.0,,0.0,1
성시경,loyalty,11,www.dipe.co.kr,ko,tld,ko,ko,0.889,,0.111,1
성시경,loyalty,12,www.allkpop.com,en,override,ko,ko,0.825,,0.175,0
성시경,loyalty,13,www.allkpop.com,en,override,ko,ko,0.759,,0.241,0
성시경,loyalty,14,kstationtv.com,en,default,ko,ko,0.677,,0.323,0
성시경,loyalty,15,www.hankyung.com,ko,override,ko,ko,1.0,,0.0,1
성시경,loyalty,16,v.daum.net,ko,override,latin,en,1.18,,1.0,0
성시경,loyalty,17,v.daum.net,ko,override,latin,en,1.977,,1.0,0
성시경,loyalty,18,www.newsis.com,ko,override,latin,en,1.41,,0.987,0
성시경,loyalty,19,ssk-purpleocean.kr,ko,tld,ko,ko,0.81,,0.19,1
성시경,loyalty,20,news.nate.com,ko,override,ko,ko,1.0,,0.0,1
성시경,loyalty,21,www.topstarnews.net,ko,override,ko,ko,1.0,,0.0,1
성시경,loyalty,22,www.sisajournal.com,en,default,ko,ko,0.938,,0.062,0
성시경,loyalty,23,www.news.cn,zh,tld,ko,ko,0.8,,0.037,0
성시경,loyalty,24,ssk-purpleocean.jp,ja,tld,ja,ja,0.638,,0.0,1
성시경,loyalty,25,sarak.yes24.com,en,default,ko,ko,1.0,,0.0,0
성시경,loyalty,26,www.mydaily.co.kr,ko,override,ko,ko,1.0,,0.0,1
성시경,loyalty,27,www.mydaily.co.kr,ko,override,ko,ko,0.955,,0.045,1
성시경,loyalty,28,v.daum.net,ko,override,ko,ko,1.0,,0.0,1
성시경,loyalty,29,namu.wiki,ko,override,ko,ko,1.0,,0.0,1
성시경,loyalty,30,www.twig24.com,ko,override,ko,ko,0.945,,0.055,1
성시경,loyalty,31,www.topstarnews.net,ko,override,ko,ko,1.0,,0.0,1
성시경,loyalty,32,v.daum.net,ko,override,ko,ko,1.0,,0.0,1
성시경,loyalty,33,l-tike.com,en,default,ko,ko,0.571,,0.429,0
성시경,loyalty,34,eplus.jp,ja,tld,ko,ko,0.775,,0.108,0
성시경,loyalty,35,www.heraldmuse.com,en,default,ko,ko,1.0,,0.0,0
성시경,loyalty,36,www.gukjenews.com,en,default,ko,ko,0.828,,0.172,0
성시경,spillover,0,ko.wikipedia.org,ko,wiki,ko,ko,0.7,,0.3,1
성시경,spillover,1,ko.wikipedia.org,ko,wiki,ko,ko,0.737,,0.263,1
성시경,spillover,2,www.topstarnews.net,ko,override,ko,ko,0.932,,0.068,1
성시경,spillover,3,kstationtv.com,en,default,ko,ko,1.0,,0.0,0
성시경,spillover,4,www.allkpop.com,en,override,ko,ko,1.0,,0.0,0
성시경,spillover,5,news.mt.co.kr,ko,override,ko,ko,1.0,,0.0,1
성시경,spillover,6,isplus.com,ko,override,ko,ko,1.0,,0.0,1
성시경,spillover,7,v.daum.net,ko,override,ko,ko,1.0,,0.0,1
성시경,spillover,8,www.pharmnews.com,en,default,ko,ko,0.917,,0.083,0
성시경,spillover,9,v.daum.net,ko,override,ko,ko,0.946,,0.054,1
성시경,spillover,10,en.wikipedia.org,en,wiki,latin,en,1.017,,1.0,1
성시경,spillover,11,en.wikipedia.org,en,wiki,latin,en,1.617,,1.0,1
성시경,spillover,12,en.wikipedia.org,en,wiki,latin,en,1.328,,1.0,1
성시경,spillover,13,www.hankookilbo.com,ko,override,latin,en,1.907,,1.0,0
성시경,spillover,14,sports.khan.co.kr,ko,override,latin,en,1.558,,0.971,0
성시경,spillover,15,www.radiokorea.com,en,default,ko,ko,0.653,,0.347,0
성시경,spillover,16,natalie.mu,ja,override,latin,en,1.314,,1.0,0
성시경,spillover,17,natalie.mu,ja,override,latin,en,1.08,,1.0,0
성시경,spillover,18,y.qq.com,zh,override,latin,en,1.108,,0.904,0
성시경,spillover,19,www.allurekorea.com,en,default,ko,ko,0.705,,0.295,0
성시경,spillover,20,en.wikipedia.org,en,wiki,ko,ko,0.5,,0.5,0
성시경,spillover,21,v.daum.net,ko,override,ko,ko,1.0,,0.0,1
성시경,spillover,22,www.koreadaily.com,ko,override,ko,ko,1.0,,0.0,1
성시경,spillover,23,namu.wiki,ko,override,ko,ko,0.85,,0.15,1
성시경,spillover,24,namu.wiki,ko,override,ko,ko,0.87,,0.13,1
성시경,spillover,25,en.wikipedia.org,en,wiki,latin,en,0.534,,0.553,1
성시경,spillover,26,www.starnewskorea.com,en,override,ko,ko,0.925,,0.075,0
성시경,spillover,27,namu.wiki,ko,override,ko,ko,0.833,,0.167,1
성시경,spillover,28,en.wikipedia.org,en,wiki,ko,ko,0.878,,0.122,0
성시경,spillover,29,en.wikipedia.org,en,wiki,ko,ko,0.784,,0.216,0
성시경,spillover,30,namu.wiki,ko,override,ko,ko,0.759,,0.241,1
성시경,spillover,31,isplus.com,ko,override,ko,ko,0.817,,0.183,1
성시경,spillover,32,en.wikipedia.org,en,wiki,ko,ko,0.765,,0.235,0
성시경,spillover,33,www.newsis.com,ko,override,ko,ko,1.0,,0.0,1
성시경,spillover,34,www.hankyung.com,ko,override,ko,ko,1.0,,0.0,1
성시경,spillover,35,www.hankyung.com,ko,override,ko,ko,1.0,,0.0,1
성시경,spillover,36,www.ajunews.com,ko,override,ko,ko,1.0,,0.0,1
성시경,spillover,37,m.programs.sbs.co.kr,ko,tld,ko,ko,0.947,,0.053,1
성시경,spillover,38,mhnse.com,en,default,ko,ko,1.0,,0.0,0
성시경,spillover,39,www.newsis.com,ko,override,ko,ko,1.0,,0.0,1
성시경,spillover,40,mhnse.com,en,default,ko,ko,1.0,,0.0,0
성시경,spillover,41,mhnse.com,en,default,ko,ko,1.0,,0.0,0
성시경,spillover,42,oppastore.com,en,default,ko,ko,0.705,,0.295,0
케이윌,loyalty,0,www.newdaily.co.kr,ko,tld,ko,ko,1.0,,0.0,1
케이윌,loyalty,1,enews.imbc.com,en,default,ko,ko,1.0,,0.0,0
케이윌,loyalty,2,enews.imbc.com,en,default,ko,ko,1.0,,0.0,0
케이윌,loyalty,3,enews.imbc.com,en,default,ko,ko,1.0,,0.0,0
케이윌,loyalty,4,www.asiaartistawards.com,en,default,ko,ko,0.702,,0.298,0
케이윌,loyalty,5,www.asiaartistawards.com,en,default,ko,ko,1.0,,0.0,0
케이윌,loyalty,6,www.starnewskorea.com,en,override,ko,ko,1.0,,0.0,0
케이윌,loyalty,7,enews.imbc.com,en,default,ko,ko,0.895,,0.105,0
케이윌,loyalty,8,www.newsis.com,ko,override,ko,ko,1.0,,0.0,1
케이윌,loyalty,9,www.xportsnews.com,ko,override,ko,ko,1.0,,0.0,1
케이윌,loyalty,10,www.tenasia.co.kr,ko,tld,ko,ko,1.0,,0.0,1
케이윌,loyalty,11,www.asiaartistawards.com,en,default,ko,ko,1.0,,0.0,0
케이윌,loyalty,12,plus.hankyung.com,ko,override,ko,ko,1.0,,0.0,1
케이윌,loyalty,13,tickets.interpark.com,en,default,ko,ko,1.0,,0.0,0
케이윌,loyalty,14,www.starnewskorea.com,en,override,latin,en,0.949,,0.966,1
케이윌,loyalty,15,en.wikipedia.org,en,wiki,latin,en,0.744,,1.0,1
케이윌,loyalty,16,en.wikipedia.org,en,wiki,latin,en,1.239,,1.0,1
케이윌,loyalty,17,v.daum.net,ko,override,latin,en,1.61,,0.977,0
케이윌,loyalty,18,www.mhns.co.kr,ko,override,latin,en,0.855,,0.983,0
케이윌,loyalty,19,v.daum.net,ko,override,ko,ko,1.0,,0.0,1
케이윌,loyalty,20,www.starnewskorea.com,en,override,ko,ko,1.0,,0.0,0
케이윌,loyalty,21,tickets.interpark.com,en,default,ko,ko,0.903,,0.097,0
케이윌,loyalty,22,www.catcare.or.kr,ko,tld,ko,ko,0.875,,0.125,1
케이윌,loyalty,23,ototoy.jp,ja,tld,ja,ja,0.433,,0.146,1
케이윌,loyalty,24,tvreport.co.kr,ko,override,ko,ko,1.0,,0.0,1
케이윌,loyalty,25,tvreport.co.kr,ko,override,ko,ko,1.0,,0.0,1
케이윌,loyalty,26,v.daum.net,ko,override,ko,ko,1.0,,0.0,1
케이윌,loyalty,27,jisin.jp,ja,tld,ko,ko,0.583,,0.333,0
케이윌,loyalty,28,ototoy.jp,ja,tld,ko,ko,0.607,,0.393,0
케이윌,loyalty,29,www.yesasia.ru,ru,override,ko,ko,0.632,,0.368,0
케이윌,loyalty,30,www.bandwagon.asia,en,override,ko,ko,0.718,,0.282,0
케이윌,loyalty,31,sports.khan.co.kr,ko,override,ko,ko,1.0,,0.0,1
케이윌,loyalty,32,www.news1.kr,ko,override,ko,ko,1.0,,0.0,1
케이윌,loyalty,33,prtimes.jp,ja,tld,ko,ko,0.674,,0.257,0
케이윌,loyalty,34,korepo.com,en,default,ko,ko,0.775,,0.225,0
케이윌,loyalty,35,ar.unionpedia.org,en,default,ko,ko,0.662,,0.338,0
케이윌,spillover,0,namu.wiki,ko,override,ko,ko,1.0,,0.0,1
케이윌,spillover,1,www.newsbuzz.co.kr,ko,tld,ko,ko,0.919,,0.081,1
케이윌,spillover,2,www.asiaartistawards.com,en,default,ko,ko,0.93,,0.07,0
케이윌,spillover,3,www.soompi.com,en,override,ko,ko,0.696,,0.304,0
케이윌,spillover,4,www.starnewskorea.com,en,override,ko,ko,1.0,,0.0,0
케이윌,spillover,5,v.daum.net,ko,override,ko,ko,1.0,,0.0,1
케이윌,spillover,6,www.topstarnews.net,ko,override,ko,ko,1.0,,0.0,1
케이윌,spillover,7,sports.khan.co.kr,ko,override,ko,ko,1.0,,0.0,1
케이윌,spillover,8,en.wikipedia.org,en,wiki,latin,en,1.293,,1.0,1
케이윌,spillover,9,en.wikipedia.org,en,wiki,latin,en,1.381,,1.0,1
케이윌,spillover,10,en.wikipedia.org,en,wiki,latin,en,1.13,,1.0,1
케이윌,spillover,11,sports.khan.co.kr,ko,override,latin,en,1.502,,0.967,0
케이윌,spillover,12,y.qq.com,zh,override,latin,en,1.088,,0.9,0
케이윌,spillover,13,y.qq.com,zh,override,latin,en,1.351,,0.932,0
케이윌,spillover,14,v.daum.net,ko,override,ko,ko,1.0,,0.0,1
케이윌,spillover,15,star.ohmynews.com,ko,override,ko,ko,1.0,,0.0,1
케이윌,spillover,16,v.daum.net,ko,override,ko,ko,1.0,,0.0,1
케이윌,spillover,17,tvreport.co.kr,ko,override,ko,ko,1.0,,0.0,1
케이윌,spillover,18,www.news1.kr,ko,override,ko,ko,0.744,,0.256,1
케이윌,spillover,19,namu.wiki,ko,override,ko,ko,0.917,,0.083,1
케이윌,spillover,20,www.news1.kr,ko,override,ko,ko,1.0,,0.0,1
케이윌,spillover,21,www.etnews.com,en,default,ko,ko,1.0,,0.0,0
케이윌,spillover,22,en.wikipedia.org,en,wiki,ko,ko,0.906,,0.094,0
케이윌,spillover,23,en.wikipedia.org,en,wiki,ko,ko,0.891,,0.109,0
케이윌,spillover,24,en.wikipedia.org,en,wiki,ko,ko,0.885,,0.115,0
케이윌,spillover,25,namu.wiki,ko,override,ko,ko,0.878,,0.122,1
케이윌,spillover,26,namu.wiki,ko,override,ko,ko,0.815,,0.185,1
케이윌,spillover,27,en.wikipedia.org,en,wiki,ko,ko,0.774,,0.226,0
케이윌,spillover,28,en.wikipedia.org,en,wiki,ko,ko,0.672,,0.328,0
케이윌,spillover,29,www.korezin.com,en,default,ko,ko,0.916,,0.084,0
케이윌,spillover,30,namu.wiki,ko,override,ko,ko,1.0,,0.0,1
케이윌,spillover,31,namu.wiki,ko,override,ko,ko,1.0,,0.0,1
케이윌,spillover,32,www.ticket.co.jp,ja,tld,ko,ko,0.582,,0.418,0
케이윌,spillover,33,star.ettoday.net,zh,override,ko,ko,0.86,,0.14,0
케이윌,spillover,34,www.bloglabanana.com,en,default,ko,ko,0.721,,0.25,0
이승철,loyalty,0,m.cafe.daum.net,ko,override,ko,ko,1.0,,0.0,1
이승철,loyalty,1,ko.wikipedia.org,ko,wiki,ko,ko,1.0,,0.0,1
이승철,loyalty,2,biz.heraldcorp.com,ko,override,ko,ko,1.0,,0.0,1
이승철,loyalty,3,m.cafe.daum.net,ko,override,ko,ko,1.0,,0.0,1
이승철,loyalty,4,sports.khan.co.kr,ko,override,ko,ko,0.688,,0.312,1
이승철,loyalty,5,sports.khan.co.kr,ko,override,ko,ko,1.0,,0.0,1
이승철,loyalty,6,tickets.interpark.com,en,default,latin,en,1.477,,1.0,1
이승철,loyalty,7,kopis.or.kr,ko,tld,latin,en,1.478,,0.885,0
이승철,loyalty,8,biz.heraldcorp.com,ko,override,latin,en,1.15,,1.0,0
이승철,loyalty,9,www.news1.kr,ko,override,latin,en,1.163,,0.931,0
이승철,loyalty,10,zhidao.baidu.com,en,default,latin,en,1.047,,1.0,1
이승철,loyalty,11,biz.heraldcorp.com,ko,override,ko,ko,0.759,,0.241,1
이승철,loyalty,12,namu.wiki,ko,override,ko,ko,0.966,,0.034,1
이승철,loyalty,13,edaily.co.kr,ko,override,ko,ko,0.68,,0.32,1
이승철,loyalty,14,namu.wiki,ko,override,ko,ko,1.0,,0.0,1
이승철,loyalty,15,namu.wiki,ko,override,ko,ko,1.0,,0.0,1
이승철,loyalty,16,namu.wiki,ko,override,ko,ko,1.0,,0.0,1
이승철,loyalty,17,namu.wiki,ko,override,ko,ko,1.0,,0.0,1
이승철,loyalty,18,sf.koreatimes.com,en,override,ko,ko,1.0,,0.0,0
이승철,loyalty,19,m.cafe.daum.net,ko,override,ko,ko,1.0,,0.0,1
이승철,loyalty,20,imnews.imbc.com,ko,override,ko,ko,1.0,,0.0,1
이승철,loyalty,21,namu.wiki,ko,override,ko,ko,1.0,,0.0,1
이승철,loyalty,22,www.radiokorea.com,en,default,ko,ko,0.973,,0.027,0
이승철,loyalty,23,www.edaily.co.kr,ko,override,ko,ko,1.0,,0.0,1
이승철,spillover,0,biz.heraldcorp.com,ko,override,ko,ko,0.846,,0.154,1
이승철,spillover,1,www.soompi.com,en,override,ko,ko,1.0,,0.0,0
이승철,spillover,2,sports.khan.co.kr,ko,override,ko,ko,1.0,,0.0,1
이승철,spillover,3,en.wikipedia.org,en,wiki,latin,en,1.384,,1.0,1
이승철,spillover,4,en.wikipedia.org,en,wiki,latin,en,1.039,,1.0,1
이승철,spillover,5,en.wikipedia.org,en,wiki,latin,en,0.67,,1.0,1
이승철,spillover,6,enews.imbc.com,en,default,latin,en,1.253,,0.977,1
이승철,spillover,7,www.kookje.co.kr,ko,tld,ko,ko,1.0,,0.0,1
이승철,spillover,8,www.newsis.com,ko,override,ko,ko,1.0,,0.0,1
이승철,spillover,9,namu.wiki,ko,override,ko,ko,1.0,,0.0,1
이승철,spillover,10,en.wikipedia.org,en,wiki,ko,ko,1.0,,0.0,0
이승철,spillover,11,namu.wiki,ko,override,ko,ko,1.0,,0.0,1
이승철,spillover,12,www.stagepick.co.kr,ko,tld,ko,ko,1.0,,0.0,1
이승철,spillover,13,www.yu.ac.kr,ko,tld,ko,ko,0.826,,0.174,1
이승철,spillover,14,www.mcst.go.kr,ko,tld,ko,ko,1.0,,0.0,1
이승철,spillover,15,edaily.co.kr,ko,override,ko,ko,0.893,,0.107,1
이승철,spillover,16,www.koreadaily.com,ko,override,ko,ko,0.963,,0.037,1
이승철,spillover,17,namu.wiki,ko,override,ko,ko,0.842,,0.158,1
이승철,spillover,18,namu.wiki,ko,override,ko,ko,1.0,,0.0,1
이승철,spillover,19,namu.wiki,ko,override,ko,ko,0.886,,0.114,1
이승철,spillover,20,namu.wiki,ko,override,ko,ko,0.83,,0.17,1
이승철,spillover,21,en.wikipedia.org,en,wiki,ko,ko,0.87,,0.13,0
이승철,spillover,22,en.wikipedia.org,en,wiki,ko,ko,1.0,,0.0,0
이승철,spillover,23,en.wikipedia.org,en,wiki,ko,ko,0.891,,0.109,0
이승철,spillover,24,namu.wiki,ko,override,ko,ko,1.0,,0.0,1
이승철,spillover,25,view.asiae.co.kr,ko,tld,ko,ko,0.948,,0.052,1
이승철,spillover,26,www.munhwa.com,ko,override,ko,ko,0.942,,0.058,1
이승철,spillover,27,view.asiae.co.kr,ko,tld,ko,ko,0.947,,0.053,1
이승철,spillover,28,www.starnewskorea.com,en,override,ko,ko,1.0,,0.0,0
이승철,spillover,29,biz.heraldcorp.com,ko,override,ko,ko,1.0,,0.0,1
이승철,spillover,30,www.viva100.com,en,default,ko,ko,0.84,,0.16,0
이승철,spillover,31,www.edaily.co.kr,ko,override,ko,ko,1.0,,0.0,1
이승철,spillover,32,www.viva100.com,en,default,ko,ko,0.837,,0.163,0
이승철,spillover,33,www.edaily.co.kr,ko,override,ko,ko,1.0,,0.0,1
이승철,spillover,34,namu.wiki,ko,override,ko,ko,0.904,,0.096,1
이승철,spillover,35,namu.wiki,ko,override,ko,ko,0.8,,0.2,1
이승철,spillover,36,namu.wiki,ko,override,ko,ko,0.846,,0.154,1
이승철,spillover,37,namu.wiki,ko,override,ko,ko,1.0,,0.0,1
이승철,spillover,38,namu.wiki,ko,override,ko,ko,0.97,,0.03,1
이승철,spillover,39,www.edaily.co.kr,ko,override,ko,ko,1.0,,0.0,1
이승철,spillover,40,www.joynews24.com,en,default,ko,ko,0.944,,0.056,0
이승철,spillover,41,v.daum.net,ko,override,ko,ko,1.0,,0.0,1
이승철,spillover,42,news.sbs.co.kr,ko,override,ko,ko,1.0,,0.0,1
이승철,spillover,43,v.daum.net,ko,override,ko,ko,0.954,,0.046,1
이승철,spillover,44,v.daum.net,ko,override,ko,ko,0.967,,0.033,1
이승철,spillover,45,www.hankookilbo.com,ko,override,ko,ko,0.97,,0.03,1
이승철,spillover,46,star.ohmynews.com,ko,override,ko,ko,1.0,,0.0,1
이승철,spillover,47,ja.wikipedia.org,ja,wiki,ko,ko,0.78,,0.102,0
이승철,spillover,48,ja.wikipedia.org,ja,wiki,ko,ko,1.0,,0.0,0
이승철,spillover,49,www.epochtimes.com,en,default,ko,ko,0.679,,0.123,0
이승철,spillover,50,ent.yuetol.com,en,default,ko,ko,0.796,,0.0,0
이승철,spillover,51,y.qq.com,zh,override,ko,ko,0.707,,0.259,0
이승철,spillover,52,www.dtoday.co.kr,ko,tld,ko,ko,1.0,,0.0,1
이승철,spillover,53,www.edaily.co.kr,ko,override,ko,ko,0.957,,0.043,1
거미,loyalty,0,m.cafe.daum.net,ko,override,ko,ko,1.0,,0.0,1
거미,loyalty,1,v.daum.net,ko,override,ko,ko,0.765,,0.235,1
거미,loyalty,2,v.daum.net,ko,override,ko,ko,1.0,,0.0,1
거미,loyalty,3,v.daum.net,ko,override,ko,ko,1.0,,0.0,1
거미,loyalty,4,www.newsis.com,ko,override,ko,ko,1.0,,0.0,1
거미,loyalty,5,www.kmib.co.kr,ko,override,ko,ko,0.784,,0.216,1
거미,loyalty,6,m.sedaily.com,ko,override,latin,en,1.281,,1.0,0
거미,loyalty,7,m.sedaily.com,ko,override,latin,en,1.139,,1.0,0
거미,loyalty,8,www.etoday.co.kr,ko,tld,latin,en,1.059,,1.0,0
거미,loyalty,9,m.facebook.com,en,override,ko,ko,0.838,,0.162,0
거미,loyalty,10,tickets.interpark.com,en,default,ko,ko,0.875,,0.125,0
거미,loyalty,11,www.wandonews.com,en,default,ko,ko,1.0,,0.0,0
거미,loyalty,12,www.huffingtonpost.kr,ko,tld,ko,ko,1.0,,0.0,1
거미,loyalty,13,www.wandonews.com,en,default,ko,ko,1.0,,0.0,0
거미,loyalty,14,kenh14.vn,vi,override,ko,ko,0.815,,0.185,0
거미,loyalty,15,namu.wiki,ko,override,ko,ko,0.783,,0.217,1
거미,loyalty,16,namu.wiki,ko,override,ko,ko,0.917,,0.083,1
거미,loyalty,17,namu.wiki,ko,override,ko,ko,1.0,,0.0,1
거미,loyalty,18,www.sedaily.com,ko,override,ko,ko,0.879,,0.121,1
거미,loyalty,19,inside.ytn.co.kr,ko,override,ko,ko,1.0,,0.0,1
거미,loyalty,20,www.stagepick.co.kr,ko,tld,ko,ko,1.0,,0.0,1
거미,loyalty,21,www.wandonews.com,en,default,ko,ko,1.0,,0.0,0
거미,loyalty,22,www.wandonews.com,en,default,ko,ko,1.0,,0.0,0
거미,loyalty,23,www.asiaartistawards.com,en,default,ko,ko,1.0,,0.0,0
거미,loyalty,24,www.newspim.com,en,default,ko,ko,0.873,,0.127,0
거미,loyalty,25,www.newspim.com,en,default,ko,ko,0.895,,0.105,0
거미,loyalty,26,inside.ytn.co.kr,ko,override,ko,ko,0.6,,0.4,1
거미,loyalty,27,inside.ytn.co.kr,ko,override,ko,ko,1.0,,0.0,1
거미,loyalty,28,www.kmib.co.kr,ko,override,ko,ko,1.0,,0.0,1
거미,loyalty,29,www.kmib.co.kr,ko,override,ko,ko,1.0,,0.0,1
거미,loyalty,30,cafe311.daum.net,ko,override,ko,ko,1.0,,0.0,1
거미,loyalty,31,www.kmib.co.kr,ko,override,ko,ko,1.0,,0.0,1
거미,loyalty,32,m.sedaily.com,ko,override,ko,ko,0.825,,0.175,1
거미,loyalty,33,areq.net,en,default,ko,ko,0.779,,0.221,0
거미,spillover,0,ko.wikipedia.org,ko,wiki,ko,ko,1.0,,0.0,1
거미,spillover,1,www.kmib.co.kr,ko,override,ko,ko,1.0,,0.0,1
거미,spillover,2,www.kmib.co.kr,ko,override,ko,ko,1.0,,0.0,1
거미,spillover,3,www.soompi.com,en,override,ko,ko,0.762,,0.238,0
거미,spillover,4,en.wikipedia.org,en,wiki,latin,en,0.982,,1.0,1
거미,spillover,5,en.wikipedia.org,en,wiki,latin,en,0.734,,1.0,1
거미,spillover,6,en.wikipedia.org,en,wiki,latin,en,1.379,,1.0,1
거미,spillover,7,www.asiaartistawards.com,en,default,latin,en,0.982,,1.0,1
거미,spillover,8,ggc.ggcf.kr,ko,tld,ko,ko,0.974,,0.026,1
거미,spillover,9,namu.wiki,ko,override,ko,ko,1.0,,0.0,1
거미,spillover,10,www.youtube.com,en,override,ko,ko,0.741,,0.259,0
거미,spillover,11,www.youtube.com,en,override,latin,en,0.007,,0.576,1
거미,spillover,12,namu.wiki,ko,override,ko,ko,1.0,,0.0,1
거미,spillover,13,namu.wiki,ko,override,ko,ko,0.864,,0.136,1
거미,spillover,14,namu.wiki,ko,override,ko,ko,0.923,,0.077,1
거미,spillover,15,namu.wiki,ko,override,ko,ko,0.778,,0.222,1
거미,spillover,16,namu.wiki,ko,override,ko,ko,0.769,,0.231,1
거미,spillover,17,namu.wiki,ko,override,latin,en,0.913,,0.615,0
거미,spillover,18,namu.wiki,ko,override,ko,ko,0.803,,0.197,1
거미,spillover,19,namu.wiki,ko,override,ko,ko,0.789,,0.211,1
거미,spillover,20,tr.wikipedia.org,tr,wiki,ko,ko,0.554,,0.446,0
거미,spillover,21,www.yakup.com,en,default,ko,ko,1.0,,0.0,0
거미,spillover,22,namu.wiki,ko,override,ko,ko,0.903,,0.097,1
거미,spillover,23,namu.wiki,ko,override,ko,ko,0.816,,0.184,1
거미,spillover,24,namu.wiki,ko,override,ko,ko,0.917,,0.083,1
거미,spillover,25,namu.wiki,ko,override,ko,ko,0.857,,0.143,1
거미,spillover,26,namu.wiki,ko,override,latin,en,1.208,,0.568,0
거미,spillover,27,namu.wiki,ko,override,ko,ko,0.85,,0.15,1
거미,spillover,28,v.daum.net,ko,override,ko,ko,0.84,,0.16,1
거미,spillover,29,www.asiaartistawards.com,en,default,ko,ko,1.0,,0.0,0
거미,spillover,30,www.tenasia.co.kr,ko,tld,ko,ko,0.948,,0.052,1
거미,spillover,31,namu.wiki,ko,override,ko,ko,0.87,,0.13,1
거미,spillover,32,www.stagepick.co.kr,ko,tld,ko,ko,1.0,,0.0,1
거미,spillover,33,www.stagepick.co.kr,ko,tld,ko,ko,0.628,,0.372,1
거미,spillover,34,www.asiaartistawards.com,en,default,ko,ko,0.703,,0.297,0
거미,spillover,35,www.starnewskorea.com,en,override,ko,ko,0.75,,0.25,0
거미,spillover,36,biz.heraldcorp.com,ko,override,ko,ko,0.65,,0.35,1
거미,spillover,37,biz.heraldcorp.com,ko,override,ko,ko,0.9,,0.1,1
거미,spillover,38,digitalchosun.dizzo.com,ko,override,ko,ko,0.561,,0.439,1
거미,spillover,39,sports.khan.co.kr,ko,override,ko,ko,0.882,,0.118,1
거미,spillover,40,ko.wikipedia.org,ko,wiki,ko,ko,0.833,,0.167,1
거미,spillover,41,ko.wikipedia.org,ko,wiki,ko,ko,0.892,,0.108,1
거미,spillover,42,ko.wikipedia.org,ko,wiki,ko,ko,1.0,,0.0,1
거미,spillover,43,ko.wikipedia.org,ko,wiki,ko,ko,1.0,,0.0,1
거미,spillover,44,ko.wikipedia.org,ko,wiki,ko,ko,0.921,,0.079,1
거미,spillover,45,www.hankyung.com,ko,override,ko,ko,0.87,,0.13,1
거미,spillover,46,www.starnewskorea.com,en,override,ko,ko,1.0,,0.0,0
거미,spillover,47,sports.khan.co.kr,ko,override,ko,ko,1.0,,0.0,1
거미,spillover,48,whoop-japan.com,en,default,ko,ko,0.735,,0.265,0
거미,spillover,49,www.ntdtv.com,en,default,ko,ko,0.632,,0.272,0
거미,spillover,50,www.bilibili.com,en,default,ko,ko,0.639,,0.269,0
거미,spillover,51,universalmusic.fr,fr,tld,ko,ko,1.0,,0.0,0
거미,spillover,52,kpoplat.com,es,override,ko,ko,0.889,,0.111,0
린,loyalty,0,namu.wiki,ko,override,ko,ko,1.0,,0.0,1
린,loyalty,1,www.psnews.co.kr,ko,tld,ko,ko,0.875,,0.125,1
린,loyalty,2,www.psnews.co.kr,ko,tld,ko,ko,0.882,,0.118,1
린,loyalty,3,www.newsbuzz.co.kr,ko,tld,ko,ko,0.545,,0.455,1
린,loyalty,4,namu.wiki,ko,override,ko,ko,1.0,,0.0,1
린,loyalty,5,namu.wiki,ko,override,ko,ko,1.0,,0.0,1
린,loyalty,6,www.psnews.co.kr,ko,tld,latin,en,1.269,,1.0,0
린,loyalty,7,tickets.interpark.com,en,default,latin,en,1.393,,1.0,1
린,loyalty,8,namu.wiki,ko,override,ko,ko,0.976,,0.024,1
린,loyalty,9,www.onews.tv,en,default,ko,ko,0.883,,0.117,0
린,loyalty,10,namu.wiki,ko,override,ko,ko,0.956,,0.044,1
린,loyalty,11,tickets.interpark.com,en,default,ko,ko,0.81,,0.19,0
린,loyalty,12,sisatoday.co.kr,ko,tld,latin,en,1.247,,0.652,0
린,loyalty,13,www.bandwagon.asia,en,override,ko,ko,0.732,,0.268,0
린,loyalty,14,www.etnews.com,en,default,ko,ko,0.792,,0.208,0
린,loyalty,15,namu.wiki,ko,override,ko,ko,1.0,,0.0,1
린,loyalty,16,namu.wiki,ko,override,ko,ko,1.0,,0.0,1
린,loyalty,17,namu.wiki,ko,override,ko,ko,1.0,,0.0,1
린,loyalty,18,m.cafe.daum.net,ko,override,ko,ko,0.917,,0.083,1
린,loyalty,19,m.cafe.daum.net,ko,override,ko,ko,1.0,,0.0,1
린,loyalty,20,www.newsis.com,ko,override,ko,ko,0.933,,0.067,1
린,loyalty,21,tickets.interpark.com,en,default,ko,ko,0.643,,0.357,0
린,loyalty,22,mhnse.com,en,default,ko,ko,1.0,,0.0,0
린,spillover,0,www.newsbuzz.co.kr,ko,tld,ko,ko,0.897,,0.103,1
린,spillover,1,namu.wiki,ko,override,ko,ko,0.619,,0.381,1
린,spillover,2,www.asiaartistawards.com,en,default,ko,ko,1.0,,0.0,0
린,spillover,3,en.wikipedia.org,en,wiki,latin,en,1.191,,1.0,1
린,spillover,4,en.wikipedia.org,en,wiki,latin,en,1.027,,1.0,1
린,spillover,5,v.daum.net,ko,override,latin,en,1.696,,0.963,0
린,spillover,6,en.wikipedia.org,en,wiki,latin,en,0.89,,0.592,1
린,spillover,7,en.wikipedia.org,en,wiki,ko,ko,0.581,,0.419,0
린,spillover,8,en.wikipedia.org,en,wiki,ko,ko,0.914,,0.086,0
린,spillover,9,www.etnews.com,en,default,latin,en,1.247,,0.536,1
린,spillover,10,ticket.yes24.com,en,default,ko,ko,1.0,,0.0,0
린,spillover,11,ticket.yes24.com,en,default,ko,ko,1.0,,0.0,0
린,spillover,12,www.starnewskorea.com,en,override,ko,ko,0.924,,0.076,0
린,spillover,13,mhnse.com,en,default,ko,ko,0.932,,0.068,0
린,spillover,14,namu.wiki,ko,override,ko,ko,0.85,,0.15,1
린,spillover,15,namu.wiki,ko,override,ko,ko,1.0,,0.0,1
린,spillover,16,namu.wiki,ko,override,ko,ko,0.647,,0.353,1
린,spillover,17,namu.wiki,ko,override,ko,ko,0.75,,0.25,1
린,spillover,18,namu.wiki,ko,override,ko,ko,0.667,,0.333,1
린,spillover,19,namu.wiki,ko,override,ko,ko,0.893,,0.107,1
린,spillover,20,namu.wiki,ko,override,ko,ko,0.885,,0.115,1
린,spillover,21,namu.wiki,ko,override,ko,ko,0.731,,0.269,1
린,spillover,22,namu.wiki,ko,override,ko,ko,0.842,,0.158,1
린,spillover,23,namu.wiki,ko,override,ko,ko,0.962,,0.038,1
린,spillover,24,namu.wiki,ko,override,ko,ko,0.58,,0.42,1
린,spillover,25,namu.wiki,ko,override,ko,ko,0.714,,0.286,1
린,spillover,26,www.starnewskorea.com,en,override,ko,ko,1.0,,0.0,0
린,spillover,27,www.starnewskorea.com,en,override,ko,ko,1.0,,0.0,0
린,spillover,28,namu.wiki,ko,override,ko,ko,0.9,,0.1,1
린,spillover,29,namu.wiki,ko,override,ko,ko,0.864,,0.136,1
린,spillover,30,namu.wiki,ko,override,ko,ko,1.0,,0.0,1
린,spillover,31,namu.wiki,ko,override,ko,ko,0.8,,0.2,1
린,spillover,32,namu.wiki,ko,override,ko,ko,0.917,,0.083,1
린,spillover,33,namu.wiki,ko,override,ko,ko,0.864,,0.136,1
린,spillover,34,www.dailian.co.kr,ko,tld,ko,ko,1.0,,0.0,1
린,spillover,35,www.xportsnews.com,ko,override,ko,ko,0.917,,0.083,1
린,spillover,36,www.tenasia.co.kr,ko,tld,ko,ko,0.911,,0.089,1
린,spillover,37,www.edaily.co.kr,ko,override,ko,ko,1.0,,0.0,1
린,spillover,38,biz.heraldcorp.com,ko,override,ko,ko,1.0,,0.0,1
린,spillover,39,www.newsis.com,ko,override,ko,ko,0.824,,0.176,1
린,spillover,40,v.daum.net,ko,override,ko,ko,0.952,,0.048,1
린,spillover,41,www.trotnews.co.kr,ko,tld,ko,ko,0.83,,0.17,1
린,spillover,42,en.wikipedia.org,en,wiki,ko,ko,0.787,,0.213,0
린,spillover,43,en.wikipedia.org,en,wiki,ko,ko,0.746,,0.254,0
린,spillover,44,en.wikipedia.org,en,wiki,ko,ko,0.765,,0.235,0
린,spillover,45,ko.wikipedia.org,ko,wiki,ko,ko,0.93,,0.07,1
린,spillover,46,ko.wikipedia.org,ko,wiki,ko,ko,0.87,,0.13,1
린,spillover,47,ko.wikipedia.org,ko,wiki,ko,ko,1.0,,0.0,1
린,spillover,48,www.newsis.com,ko,override,ko,ko,0.8,,0.2,1
린,spillover,49,www.joongangenews.com,en,default,ko,ko,0.955,,0.045,0
린,spillover,50,ko.wikipedia.org,ko,wiki,ko,ko,1.0,,0.0,1
린,spillover,51,youziyo.cc,en,default,ko,ko,0.91,,0.09,0
린,spillover,52,www.hk01.com,zh,override,ko,ko,0.803,,0.051,0
린,spillover,53,y.qq.com,zh,override,ko,ko,0.867,,0.111,0
린,spillover,54,bonjour-coree.org,en,default,ko,ko,0.775,,0.225,0
백지영,loyalty,0,namu.wiki,ko,override,ko,ko,0.857,,0.143,1
백지영,loyalty,1,ko.wikipedia.org,ko,wiki,ko,ko,0.719,,0.281,1
백지영,loyalty,2,ko.wikipedia.org,ko,wiki,ko,ko,0.775,,0.225,1
백지영,loyalty,3,kbizoom.com,ko,override,ko,ko,1.0,,0.0,1
백지영,loyalty,4,www.allkpop.com,en,override,ko,ko,1.0,,0.0,0
백지영,loyalty,5,namu.wiki,ko,override,latin,en,0.783,,0.929,0
백지영,loyalty,6,en.wikipedia.org,en,wiki,latin,en,0.836,,1.0,1
백지영,loyalty,7,namu.wiki,ko,override,latin,en,1.016,,1.0,0
백지영,loyalty,8,www.starnewskorea.com,en,override,latin,en,0.913,,1.0,1
백지영,loyalty,9,www.radiok1230.com,en,default,latin,en,0.611,,1.0,1
백지영,loyalty,10,ko.wikipedia.org,ko,wiki,ko,ko,0.53,,0.47,1
백지영,loyalty,11,namu.wiki,ko,override,ko,ko,0.765,,0.235,1
백지영,loyalty,12,m.radiokorea.com,en,default,ko,ko,1.0,,0.0,0
백지영,loyalty,13,tuoitre.vn,vi,override,ko,ko,1.0,,0.0,0
백지영,loyalty,14,thethaovanhoa.vn,vi,tld,ko,ko,1.0,,0.0,0
백지영,loyalty,15,mb.com.ph,tl,override,ko,ko,1.0,,0.0,0
백지영,loyalty,16,namu.wiki,ko,override,ko,ko,1.0,,0.0,1
백지영,loyalty,17,www.sportsseoul.com,ko,override,ko,ko,0.971,,0.029,1
백지영,loyalty,18,www.newsis.com,ko,override,ko,ko,1.0,,0.0,1
백지영,loyalty,19,isplus.com,ko,override,ko,ko,1.0,,0.0,1
백지영,loyalty,20,cndreams.com,en,default,ko,ko,1.0,,0.0,0
백지영,loyalty,21,www.ibabynews.com,en,default,ko,ko,1.0,,0.0,0
백지영,loyalty,22,tuoitre.vn,vi,override,ko,ko,0.574,,0.426,0
백지영,loyalty,23,www.asiaholic.net,en,default,ko,ko,0.841,,0.159,0
백지영,spillover,0,ko.wikipedia.org,ko,wiki,ko,ko,1.0,,0.0,1
백지영,spillover,1,kbizoom.com,ko,override,ko,ko,0.872,,0.128,1
백지영,spillover,2,www.soompi.com,en,override,ko,ko,0.897,,0.103,0
백지영,spillover,3,kbizoom.com,ko,override,ko,ko,1.0,,0.0,1
백지영,spillover,4,en.wikipedia.org,en,wiki,latin,en,0.898,,1.0,1
백지영,spillover,5,en.wikipedia.org,en,wiki,latin,en,0.527,,1.0,1
백지영,spillover,6,en.wikipedia.org,en,wiki,latin,en,0.857,,0.961,1
백지영,spillover,7,www.cbci.co.kr,ko,tld,latin,en,1.387,,1.0,0
백지영,spillover,8,www.thefairnews.co.kr,ko,tld,latin,en,0.922,,1.0,0
백지영,spillover,9,faith4.net,en,default,ko,ko,0.795,,0.205,0
백지영,spillover,10,en.wikipedia.org,en,wiki,ko,ko,1.0,,0.0,0
백지영,spillover,11,www.goodmorningvietnam.co.kr,ko,tld,ko,ko,1.0,,0.0,1
백지영,spillover,12,www.atlantajoongang.com,en,default,ko,ko,1.0,,0.0,0
백지영,spillover,13,m.ticketlink.co.kr,ko,tld,ko,ko,1.0,,0.0,1
백지영,spillover,14,www.ticketlink.co.kr,ko,tld,ko,ko,0.805,,0.195,1
백지영,spillover,15,www.mmnews.co.kr,ko,tld,ko,ko,1.0,,0.0,1
백지영,spillover,16,v.daum.net,ko,override,ko,ko,1.0,,0.0,1
백지영,spillover,17,digitalchosun.dizzo.com,ko,override,ko,ko,0.832,,0.168,1
백지영,spillover,18,www.starnewskorea.com,en,override,ko,ko,0.934,,0.066,0
백지영,spillover,19,namu.wiki,ko,override,ko,ko,1.0,,0.0,1
백지영,spillover,20,en.wikipedia.org,en,wiki,ko,ko,0.713,,0.287,0
백지영,spillover,21,en.wikipedia.org,en,wiki,ko,ko,0.818,,0.182,0
백지영,spillover,22,en.wikipedia.org,en,wiki,ko,ko,0.646,,0.354,0
백지영,spillover,23,en.wikipedia.org,en,wiki,ko,ko,0.862,,0.138,0
백지영,spillover,24,en.wikipedia.org,en,wiki,ko,ko,0.736,,0.264,0
백지영,spillover,25,en.wikipedia.org,en,wiki,ko,ko,1.0,,0.0,0
백지영,spillover,26,namu.wiki,ko,override,ko,ko,0.797,,0.203,1
백지영,spillover,27,namu.wiki,ko,override,ko,ko,0.73,,0.27,1
백지영,spillover,28,www.tenasia.co.kr,ko,tld,ko,ko,1.0,,0.0,1
백지영,spillover,29,www.wowtv.co.kr,ko,tld,ko,ko,0.972,,0.028,1
백지영,spillover,30,www.koreadaily.com,ko,override,ko,ko,1.0,,0.0,1
백지영,spillover,31,www.yna.co.kr,ko,override,ko,ko,0.955,,0.045,1
백지영,spillover,32,www.yna.co.kr,ko,override,ko,ko,1.0,,0.0,1
백지영,spillover,33,namu.wiki,ko,override,ko,ko,0.7,,0.3,1
백지영,spillover,34,namu.wiki,ko,override,ko,ko,0.88,,0.12,1
백지영,spillover,35,namu.wiki,ko,override,ko,ko,0.824,,0.176,1
백지영,spillover,36,www.moneys.co.kr,ko,tld,ko,ko,1.0,,0.0,1
백지영,spillover,37,www.mhns.co.kr,ko,override,ko,ko,1.0,,0.0,1
백지영,spillover,38,www.cbci.co.kr,ko,tld,ko,ko,1.0,,0.0,1
백지영,spillover,39,www.fnewstv.com,en,default,ko,ko,1.0,,0.0,0
백지영,spillover,40,www.topstarnews.net,ko,override,ko,ko,1.0,,0.0,1
백지영,spillover,41,sports.khan.co.kr,ko,override,ko,ko,1.0,,0.0,1
백지영,spillover,42,tuoitre.vn,vi,override,ko,ko,0.892,,0.108,0
백지영,spillover,43,www.bilibili.com,en,default,ko,ko,0.849,,0.041,0
백지영,spillover,44,blog.sina.com.cn,zh,override,ko,ko,0.707,,0.259,0
백지영,spillover,45,ar.celeb-true.com,en,default,ko,ko,0.557,,0.443,0
백지영,spillover,46,www.c-k-jpopnews.fr,fr,tld,ko,ko,1.0,,0.0,0
백지영,spillover,47,www.c-k-jpopnews.fr,fr,tld,ko,ko,0.548,,0.452,0
김동률,loyalty,0,www.starnewskorea.com,en,override,ko,ko,0.889,,0.111,0
김동률,loyalty,1,www.starnewskorea.com,en,override,ko,ko,0.864,,0.136,0
김동률,loyalty,2,ko.wikipedia.org,ko,wiki,ko,ko,1.0,,0.0,1
김동률,loyalty,3,ko.wikipedia.org,ko,wiki,ko,ko,1.0,,0.0,1
김동률,loyalty,4,ko.wikipedia.org,ko,wiki,ko,ko,0.78,,0.22,1
김동률,loyalty,5,www.dipe.co.kr,ko,tld,ko,ko,0.845,,0.155,1
김동률,loyalty,6,news.sbs.co.kr,ko,override,ko,ko,1.0,,0.0,1
김동률,loyalty,7,www.dipe.co.kr,ko,tld,ko,ko,1.0,,0.0,1
김동률,loyalty,8,news.sbs.co.kr,ko,override,latin,en,1.198,,0.99,0
김동률,loyalty,9,en.wikipedia.org,en,wiki,latin,en,1.226,,1.0,1
김동률,loyalty,10,www.khan.co.kr,ko,tld,latin,en,1.689,,0.975,0
김동률,loyalty,11,news.sbs.co.kr,ko,override,ko,ko,0.815,,0.185,1
김동률,loyalty,12,www.rnx.kr,ko,tld,ko,ko,1.0,,0.0,1
김동률,loyalty,13,namu.wiki,ko,override,ko,ko,0.814,,0.186,1
김동률,loyalty,14,namu.wiki,ko,override,ko,ko,0.683,,0.317,1
김동률,loyalty,15,www.munhwa.com,ko,override,ko,ko,0.953,,0.047,1
김동률,loyalty,16,namu.wiki,ko,override,ko,ko,1.0,,0.0,1
김동률,loyalty,17,digitalchosun.dizzo.com,ko,override,ko,ko,1.0,,0.0,1
김동률,loyalty,18,namu.wiki,ko,override,ko,ko,1.0,,0.0,1
김동률,loyalty,19,www.seoul.co.kr,ko,tld,ko,ko,0.952,,0.048,1
김동률,loyalty,20,www.news1.kr,ko,override,ko,ko,0.935,,0.065,1
김동률,loyalty,21,www.khan.co.kr,ko,tld,ko,ko,1.0,,0.0,1
김동률,loyalty,22,www.khan.co.kr,ko,tld,ko,ko,1.0,,0.0,1
김동률,loyalty,23,namu.wiki,ko,override,ko,ko,1.0,,0.0,1
김동률,loyalty,24,www.starnewskorea.com,en,override,ko,ko,1.0,,0.0,0
김동률,loyalty,25,www.starnewskorea.com,en,override,ko,ko,0.833,,0.167,0
김동률,loyalty,26,www.munhwa.com,ko,override,ko,ko,0.948,,0.052,1
김동률,loyalty,27,ko.wikipedia.org,ko,wiki,ko,ko,1.0,,0.0,1
김동률,loyalty,28,ko.wikipedia.org,ko,wiki,ko,ko,1.0,,0.0,1
김동률,loyalty,29,ko.wikipedia.org,ko,wiki,ko,ko,0.6,,0.4,1
김동률,loyalty,30,ko.wikipedia.org,ko,wiki,ko,ko,1.0,,0.0,1
김동률,loyalty,31,ko.wikipedia.org,ko,wiki,ko,ko,1.0,,0.0,1
김동률,loyalty,32,ko.wikipedia.org,ko,wiki,ko,ko,1.0,,0.0,1
김동률,loyalty,33,ko.wikipedia.org,ko,wiki,ko,ko,1.0,,0.0,1
김동률,loyalty,34,ameblo.jp,ja,tld,ko,ko,0.833,,0.167,0
김동률,loyalty,35,music.163.com,zh,override,ko,ko,0.74,,0.151,0
김동률,loyalty,36,star.ytn.co.kr,ko,override,ko,ko,0.967,,0.033,1
김동률,spillover,0,ko.wikipedia.org,ko,wiki,ko,ko,0.83,,0.17,1
김동률,spillover,1,www.starnewskorea.com,en,override,ko,ko,0.938,,0.062,0
김동률,spillover,2,www.dipe.co.kr,ko,tld,ko,ko,1.0,,0.0,1
김동률,spillover,3,en.wikipedia.org,en,wiki,latin,en,1.452,,1.0,1
김동률,spillover,4,en.wikipedia.org,en,wiki,latin,en,1.222,,1.0,1
김동률,spillover,5,en.wikipedia.org,en,wiki,ko,ko,0.569,,0.431,0
김동률,spillover,6,en.wikipedia.org,en,wiki,ko,ko,1.0,,0.0,0
김동률,spillover,7,www.tenasia.co.kr,ko,tld,ko,ko,1.0,,0.0,1
김동률,spillover,8,namu.wiki,ko,override,ko,ko,1.0,,0.0,1
김동률,spillover,9,namu.wiki,ko,override,ko,ko,1.0,,0.0,1
김동률,spillover,10,namu.wiki,ko,override,ko,ko,0.822,,0.178,1
김동률,spillover,11,namu.wiki,ko,override,ko,ko,1.0,,0.0,1
김동률,spillover,12,namu.wiki,ko,override,ko,ko,0.643,,0.357,1
김동률,spillover,13,namu.wiki,ko,override,ko,ko,0.88,,0.12,1
김동률,spillover,14,en.wikipedia.org,en,wiki,ko,ko,0.938,,0.062,0
김동률,spillover,15,isplus.com,ko,override,ko,ko,1.0,,0.0,1
김동률,spillover,16,sports.khan.co.kr,ko,override,ko,ko,0.958,,0.042,1
김동률,spillover,17,namu.wiki,ko,override,ko,ko,0.929,,0.071,1
김동률,spillover,18,namu.wiki,ko,override,ko,ko,1.0,,0.0,1
김동률,spillover,19,namu.wiki,ko,override,ko,ko,0.9,,0.1,1
김동률,spillover,20,namu.wiki,ko,override,ko,ko,0.763,,0.237,1
김동률,spillover,21,namu.wiki,ko,override,ko,ko,0.889,,0.111,1
김동률,spillover,22,namu.wiki,ko,override,ko,ko,0.794,,0.206,1
김동률,spillover,23,lady.khan.co.kr,ko,tld,ko,ko,1.0,,0.0,1
김동률,spillover,24,www.diodeo.com,en,default,ko,ko,0.957,,0.043,0
김동률,spillover,25,www.khan.co.kr,ko,tld,ko,ko,1.0,,0.0,1
김동률,spillover,26,namu.wiki,ko,override,ko,ko,1.0,,0.0,1
김동률,spillover,27,star.ytn.co.kr,ko,override,ko,ko,1.0,,0.0,1
김동률,spillover,28,ko.wikipedia.org,ko,wiki,ko,ko,0.9,,0.1,1
김동률,spillover,29,namu.wiki,ko,override,ko,ko,0.84,,0.16,1
김동률,spillover,30,namu.wiki,ko,override,ko,ko,1.0,,0.0,1
김동률,spillover,31,ko.wikipedia.org,ko,wiki,ko,ko,1.0,,0.0,1
김동률,spillover,32,ko.wikipedia.org,ko,wiki,ko,ko,1.0,,0.0,1
김동률,spillover,33,ko.wikipedia.org,ko,wiki,ko,ko,0.893,,0.107,1
김동률,spillover,34,ko.wikipedia.org,ko,wiki,ko,ko,1.0,,0.0,1
김동률,spillover,35,namu.wiki,ko,override,ko,ko,1.0,,0.0,1
김동률,spillover,36,namu.wiki,ko,override,ko,ko,1.0,,0.0,1
김동률,spillover,37,tower.jp,ja,tld,latin,en,0.83,,0.583,0
김동률,spillover,38,www.tenasia.com,en,default,ko,ko,0.596,,0.115,0
김동률,spillover,39,www.starnewskorea.com,en,override,ko,ko,0.561,,0.245,0
김동률,spillover,40,www.bilibili.com,en,default,ko,ko,0.863,,0.084,0
김동률,spillover,41,www.kcrush.com,en,default,ko,ko,0.797,,0.203,0
김동률,spillover,42,www.hellokpop.com,en,default,ko,ko,0.625,,0.375,0
김동률,spillover,43,www.allkpop.com,en,override,ko,ko,0.789,,0.211,0
김동률,spillover,44,www.soompi.com,en,override,ko,ko,0.917,,0.083,0
김동률,spillover,45,www.cineplay.co.kr,ko,tld,ko,ko,0.727,,0.273,1
조용필,loyalty,0,www.segye.com,ko,override,ko,ko,0.9,,0.1,1
조용필,loyalty,1,namu.wiki,ko,override,ko,ko,1.0,,0.0,1
조용필,loyalty,2,namu.wiki,ko,override,ko,ko,1.0,,0.0,1
조용필,loyalty,3,namu.wiki,ko,override,ko,ko,1.0,,0.0,1
조용필,loyalty,4,tickets.interpark.com,en,default,ko,ko,1.0,,0.0,0
조용필,loyalty,5,en.wikipedia.org,en,wiki,ko,ko,1.0,,0.0,0
조용필,loyalty,6,www.koreaherald.com,en,override,ko,ko,1.0,,0.0,0
조용필,loyalty,7,en.namu.wiki,en,wiki,ko,ko,1.0,,0.0,0
조용필,loyalty,8,m.koreaherald.com,en,override,ko,ko,0.905,,0.095,0
조용필,loyalty,9,choyongpil.net,en,default,latin,en,1.184,,0.971,1
조용필,loyalty,10,en.wikipedia.org,en,wiki,latin,en,1.014,,1.0,1
조용필,loyalty,11,tickets.interpark.com,en,default,latin,en,1.285,,1.0,1
조용필,loyalty,12,www.ohmynews.com,ko,override,latin,en,1.104,,0.947,0
조용필,loyalty,13,www.ohmynews.com,ko,override,latin,en,1.373,,1.0,0
조용필,loyalty,14,namu.wiki,ko,override,ko,ko,0.952,,0.048,1
조용필,loyalty,15,namu.wiki,ko,override,ko,ko,1.0,,0.0,1
조용필,loyalty,16,choyongpil.com,en,default,ko,ko,1.0,,0.0,0
조용필,loyalty,17,www.hsj.co.kr,ko,tld,ko,ko,1.0,,0.0,1
조용필,loyalty,18,www.hsj.co.kr,ko,tld,ko,ko,1.0,,0.0,1
조용필,loyalty,19,www.hsj.co.kr,ko,tld,ko,ko,1.0,,0.0,1
조용필,loyalty,20,www.hsj.co.kr,ko,tld,ko,ko,1.0,,0.0,1
조용필,loyalty,21,www.ohmynews.com,ko,override,ko,ko,1.0,,0.0,1
조용필,loyalty,22,fanasia.ru,ru,tld,ko,ko,0.821,,0.179,0
조용필,loyalty,23,namu.wiki,ko,override,ko,ko,1.0,,0.0,1
조용필,loyalty,24,namu.wiki,ko,override,ko,ko,1.0,,0.0,1
조용필,loyalty,25,namu.wiki,ko,override,ko,ko,1.0,,0.0,1
조용필,loyalty,26,namu.wiki,ko,override,ko,ko,1.0,,0.0,1
조용필,loyalty,27,ja.wikipedia.org,ja,wiki,ko,ko,0.761,,0.045,0
조용필,spillover,0,choyongpil.net,en,default,ko,ko,1.0,,0.0,0
조용필,spillover,1,namu.wiki,ko,override,ko,ko,0.958,,0.042,1
조용필,spillover,2,tickets.interpark.com,en,default,ko,ko,1.0,,0.0,0
조용필,spillover,3,en.wikipedia.org,en,wiki,ko,ko,0.943,,0.057,0
조용필,spillover,4,en.wikipedia.org,en,wiki,ko,ko,0.667,,0.333,0
조용필,spillover,5,en.namu.wiki,en,wiki,ko,ko,1.0,,0.0,0
조용필,spillover,6,en.wikipedia.org,en,wiki,ko,ko,1.0,,0.0,0
조용필,spillover,7,en.wikipedia.org,en,wiki,latin,en,0.922,,1.0,1
조용필,spillover,8,en.wikipedia.org,en,wiki,latin,en,1.096,,1.0,1
조용필,spillover,9,enews.imbc.com,en,default,latin,en,0.654,,0.897,1
조용필,spillover,10,www.thefairnews.co.kr,ko,tld,latin,en,1.274,,1.0,0
조용필,spillover,11,ko.wikipedia.org,ko,wiki,ko,ko,1.0,,0.0,1
조용필,spillover,12,ko.wikipedia.org,ko,wiki,ko,ko,0.836,,0.164,1
조용필,spillover,13,baike.baidu.com,zh,override,latin,en,0.965,,0.981,0
조용필,spillover,14,word.baidu.com,en,default,latin,en,0.948,,0.957,1
조용필,spillover,15,music.163.com,zh,override,latin,en,0.819,,1.0,0
조용필,spillover,16,www.oricon.co.jp,ja,tld,latin,en,1.242,,1.0,0
조용필,spillover,17,barks.jp,ja,override,latin,en,1.33,,1.0,0
조용필,spillover,18,tickets.interpark.com,en,default,ko,ko,1.0,,0.0,0
조용필,spillover,19,ko.wikipedia.org,ko,wiki,ko,ko,1.0,,0.0,1
조용필,spillover,20,ko.wikipedia.org,ko,wiki,ko,ko,1.0,,0.0,1
조용필,spillover,21,ko.wikipedia.org,ko,wiki,ko,ko,1.0,,0.0,1
조용필,spillover,22,v.daum.net,ko,override,ko,ko,0.855,,0.145,1
조용필,spillover,23,m.news.nate.com,ko,override,ko,ko,1.0,,0.0,1
조용필,spillover,24,www.khan.co.kr,ko,tld,ko,ko,1.0,,0.0,1
조용필,spillover,25,www.khan.co.kr,ko,tld,ko,ko,1.0,,0.0,1
조용필,spillover,26,namu.wiki,ko,override,ko,ko,0.875,,0.125,1
조용필,spillover,27,namu.wiki,ko,override,ko,ko,0.944,,0.056,1
조용필,spillover,28,namu.wiki,ko,override,ko,ko,0.88,,0.12,1
조용필,spillover,29,en.wikipedia.org,en,wiki,ko,ko,0.969,,0.031,0
조용필,spillover,30,en.wikipedia.org,en,wiki,ko,ko,0.763,,0.237,0
조용필,spillover,31,en.wikipedia.org,en,wiki,ko,ko,0.839,,0.161,0
조용필,spillover,32,tvreport.co.kr,ko,override,ko,ko,0.978,,0.022,1
조용필,spillover,33,choyongpil.co.kr,ko,tld,ko,ko,1.0,,0.0,1
조용필,spillover,34,ko.wikipedia.org,ko,wiki,ko,ko,0.931,,0.069,1
조용필,spillover,35,namu.wiki,ko,override,ko,ko,0.913,,0.087,1
조용필,spillover,36,namu.wiki,ko,override,ko,ko,1.0,,0.0,1
조용필,spillover,37,namu.wiki,ko,override,ko,ko,1.0,,0.0,1
조용필,spillover,38,namu.wiki,ko,override,ko,ko,0.91,,0.09,1
조용필,spillover,39,namu.wiki,ko,override,ko,ko,1.0,,0.0,1
조용필,spillover,40,namu.wiki,ko,override,ko,ko,1.0,,0.0,1
조용필,spillover,41,namu.wiki,ko,override,ko,ko,1.0,,0.0,1
조용필,spillover,42,namu.wiki,ko,override,ko,ko,0.837,,0.163,1
조용필,spillover,43,namu.wiki,ko,override,ko,ko,0.875,,0.125,1
조용필,spillover,44,namu.wiki,ko,override,ko,ko,0.889,,0.111,1
조용필,spillover,45,namu.wiki,ko,override,ko,ko,0.85,,0.15,1
조용필,spillover,46,namu.wiki,ko,override,ko,ko,0.944,,0.056,1
조용필,spillover,47,www.weblio.jp,ja,tld,ko,ko,0.942,,0.058,0
조용필,spillover,48,y.qq.com,zh,override,ko,ko,0.605,,0.298,0
조용필,spillover,49,www.cbci.co.kr,ko,tld,ko,ko,0.957,,0.043,1
조용필,spillover,50,k-gen.fr,fr,tld,ko,ko,0.95,,0.05,0
조용필,spillover,51,www.c-k-jpopnews.fr,fr,tld,ko,ko,1.0,,0.0,0
조용필,spillover,52,argentina.korean-culture.org,en,default,ko,ko,0.573,,0.427,0
박효신,loyalty,0,sports.khan.co.kr,ko,override,ko,ko,1.0,,0.0,1
박효신,loyalty,1,www.jnmnews.com,en,default,ko,ko,1.0,,0.0,0
박효신,loyalty,2,www.koreadaily.com,ko,override,ko,ko,1.0,,0.0,1
박효신,loyalty,3,namu.wiki,ko,override,ko,ko,1.0,,0.0,1
박효신,loyalty,4,en.namu.wiki,en,wiki,ko,ko,0.694,,0.306,0
박효신,loyalty,5,musicrambling.wordpress.com,en,default,ko,ko,1.0,,0.0,0
박효신,loyalty,6,musicrambling.wordpress.com,en,default,ko,ko,1.0,,0.0,0
박효신,loyalty,7,www.soompi.com,en,override,ko,ko,1.0,,0.0,0
박효신,loyalty,8,www.starnewskorea.com,en,override,latin,en,0.963,,0.982,1
박효신,loyalty,9,v.daum.net,ko,override,latin,en,1.091,,1.0,0
박효신,loyalty,10,www.stnsports.co.kr,ko,tld,latin,en,1.422,,0.983,0
박효신,loyalty,11,www.jnmnews.com,en,default,ko,ko,1.0,,0.0,0
박효신,loyalty,12,www.gpkorea.com,en,default,ko,ko,1.0,,0.0,0
박효신,loyalty,13,v.daum.net,ko,override,ko,ko,1.0,,0.0,1
박효신,loyalty,14,news.sbs.co.kr,ko,override,ko,ko,0.769,,0.231,1
박효신,loyalty,15,namu.wiki,ko,override,ko,ko,1.0,,0.0,1
박효신,loyalty,16,www.hankookilbo.com,ko,override,ko,ko,1.0,,0.0,1
박효신,loyalty,17,www.hankookilbo.com,ko,override,ko,ko,0.947,,0.053,1
박효신,loyalty,18,www.hankookilbo.com,ko,override,ko,ko,0.759,,0.241,1
박효신,loyalty,19,www.hankookilbo.com,ko,override,ko,ko,0.958,,0.042,1
박효신,loyalty,20,namu.wiki,ko,override,ko,ko,0.952,,0.048,1
박효신,loyalty,21,www.kyeongin.com,en,default,ko,ko,1.0,,0.0,0
박효신,loyalty,22,v.daum.net,ko,override,ko,ko,1.0,,0.0,1
박효신,loyalty,23,v.daum.net,ko,override,ko,ko,1.0,,0.0,1
박효신,loyalty,24,www.newsis.com,ko,override,ko,ko,1.0,,0.0,1
박효신,loyalty,25,mbiz.heraldcorp.com,ko,override,ko,ko,0.957,,0.043,1
박효신,loyalty,26,www.starnewskorea.com,en,override,ko,ko,0.942,,0.058,0
박효신,loyalty,27,www.newsis.com,ko,override,ko,ko,0.885,,0.115,1
박효신,loyalty,28,www.jnmnews.com,en,default,ko,ko,1.0,,0.0,0
박효신,loyalty,29,www.hankyung.com,ko,override,ko,ko,1.0,,0.0,1
박효신,loyalty,30,ko.wikipedia.org,ko,wiki,ko,ko,1.0,,0.0,1
박효신,loyalty,31,ko.wikipedia.org,ko,wiki,ko,ko,1.0,,0.0,1
박효신,loyalty,32,sports.khan.co.kr,ko,override,ko,ko,1.0,,0.0,1
박효신,loyalty,33,www.kukinews.com,en,default,ko,ko,1.0,,0.0,0
박효신,loyalty,34,www.asiaholic.net,en,default,ko,ko,0.72,,0.28,0
박효신,loyalty,35,www.kpopisforcoolkids.com,en,default,ko,ko,0.818,,0.182,0
박효신,loyalty,36,www.allkpop.com,en,override,ko,ko,0.899,,0.101,0
박효신,spillover,0,en.namu.wiki,en,wiki,ko,ko,1.0,,0.0,0
박효신,spillover,1,en.namu.wiki,en,wiki,ko,ko,1.0,,0.0,0
박효신,spillover,2,en.namu.wiki,en,wiki,ko,ko,1.0,,0.0,0
박효신,spillover,3,www.soompi.com,en,override,ko,ko,1.0,,0.0,0
박효신,spillover,4,en.wikipedia.org,en,wiki,latin,en,1.047,,1.0,1
박효신,spillover,5,en.wikipedia.org,en,wiki,latin,en,0.983,,1.0,1
박효신,spillover,6,namu.wiki,ko,override,ko,ko,1.0,,0.0,1
박효신,spillover,7,www.yna.co.kr,ko,override,ko,ko,1.0,,0.0,1
박효신,spillover,8,www.newsis.com,ko,override,ko,ko,1.0,,0.0,1
박효신,spillover,9,namu.wiki,ko,override,ko,ko,1.0,,0.0,1
박효신,spillover,10,namu.wiki,ko,override,ko,ko,1.0,,0.0,1
박효신,spillover,11,namu.wiki,ko,override,ko,ko,0.795,,0.205,1
박효신,spillover,12,namu.wiki,ko,override,ko,ko,0.846,,0.115,1
박효신,spillover,13,en.wikipedia.org,en,wiki,ko,ko,0.727,,0.273,0
박효신,spillover,14,en.wikipedia.org,en,wiki,latin,en,0.364,,0.607,1
박효신,spillover,15,namu.wiki,ko,override,latin,en,0.225,,0.514,0
박효신,spillover,16,www.korezin.com,en,default,ko,ko,0.893,,0.107,0
박효신,spillover,17,namu.wiki,ko,override,ko,ko,1.0,,0.0,1
박효신,spillover,18,wardnam.tistory.com,en,default,ko,ko,0.918,,0.082,0
박효신,spillover,19,www.mediapen.com,en,default,ko,ko,0.979,,0.021,0
박효신,spillover,20,namu.wiki,ko,override,ko,ko,1.0,,0.0,1
박효신,spillover,21,namu.wiki,ko,override,ko,ko,1.0,,0.0,1
박효신,spillover,22,namu.wiki,ko,override,ko,ko,0.634,,0.366,1
박효신,spillover,23,mbiz.heraldcorp.com,ko,override,ko,ko,0.938,,0.062,1
박효신,spillover,24,namu.wiki,ko,override,ko,ko,1.0,,0.0,1
박효신,spillover,25,www.starnewskorea.com,en,override,ko,ko,1.0,,0.0,0
박효신,spillover,26,www.tenasia.co.kr,ko,tld,ko,ko,0.932,,0.068,1
박효신,spillover,27,www.etnews.com,en,default,ko,ko,1.0,,0.0,0
박효신,spillover,28,www.diodeo.com,en,default,ko,ko,0.957,,0.043,0
박효신,spillover,29,www.fnnews.com,ko,override,ko,ko,1.0,,0.0,1
박효신,spillover,30,www.themusical.co.kr,ko,tld,ko,ko,1.0,,0.0,1
박효신,spillover,31,mbiz.heraldcorp.com,ko,override,ko,ko,0.919,,0.081,1
박효신,spillover,32,mbiz.heraldcorp.com,ko,override,ko,ko,0.882,,0.118,1
박효신,spillover,33,www.artkoreatv.com,en,default,ko,ko,0.632,,0.368,0
박효신,spillover,34,ko.wikipedia.org,ko,wiki,ko,ko,1.0,,0.0,1
박효신,spillover,35,ko.wikipedia.org,ko,wiki,ko,ko,0.912,,0.088,1
박효신,spillover,36,ko.wikipedia.org,ko,wiki,ko,ko,1.0,,0.0,1
박효신,spillover,37,ko.wikipedia.org,ko,wiki,ko,ko,1.0,,0.0,1
박효신,spillover,38,ko.wikipedia.org,ko,wiki,ko,ko,1.0,,0.0,1
박효신,spillover,39,www.sedaily.com,ko,override,ko,ko,1.0,,0.0,1
박효신,spillover,40,www.huffingtonpost.kr,ko,tld,ko,ko,1.0,,0.0,1
박효신,spillover,41,namu.wiki,ko,override,ko,ko,0.941,,0.059,1
박효신,spillover,42,www.dispatch.co.kr,ko,tld,ko,ko,1.0,,0.0,1
박효신,spillover,43,xiahpop.com,en,default,ko,ko,0.733,,0.267,0
박효신,spillover,44,zh.wikipedia.org,zh,wiki,ko,ko,0.883,,0.0,0
박효신,spillover,45,reporteasia.com,en,default,ko,ko,0.767,,0.233,0
박효신,spillover,46,www.bloglabanana.com,en,default,ko,ko,0.584,,0.416,0
박효신,spillover,47,xiahpop.com,en,default,ko,ko,0.881,,0.119,0
박효신,spillover,48,www.allkpop.com,en,override,ko,ko,0.867,,0.133,0
박효신,spillover,49,www.koreaboo.com,en,override,ko,ko,0.712,,0.288,0
박효신,spillover,50,www.allkpop.com,en,override,ko,ko,0.787,,0.213,0
박효신,spillover,51,www.allkpop.com,en,override,ko,ko,0.75,,0.25,0
박효신,spillover,52,www.allkpop.com,en,override,ko,ko,0.731,,0.269,0
박효신,spillover,53,www.wowkorea.jp,ja,tld,ko,ko,0.846,,0.154,0
박정현,loyalty,0,namu.wiki,ko,override,ko,ko,1.0,,0.0,1
박정현,loyalty,1,namu.wiki,ko,override,ko,ko,1.0,,0.0,1
박정현,loyalty,2,en.namu.wiki,en,wiki,ko,ko,0.75,,0.25,0
박정현,loyalty,3,en.namu.wiki,en,wiki,ko,ko,1.0,,0.0,0
박정현,loyalty,4,en.wikipedia.org,en,wiki,ko,ko,1.0,,0.0,0
박정현,loyalty,5,web.archive.org,en,override,ko,ko,0.689,,0.311,0
박정현,loyalty,6,web.archive.org,en,override,ko,ko,0.667,,0.333,0
박정현,loyalty,7,web.archive.org,en,override,ko,ko,0.92,,0.08,0
박정현,loyalty,8,en.wikipedia.org,en,wiki,ko,ko,0.853,,0.147,0
박정현,loyalty,9,www.newsjesus.net,en,default,ko,ko,1.0,,0.0,0
박정현,loyalty,10,en.wikipedia.org,en,wiki,latin,en,1.333,,0.975,1
박정현,loyalty,11,m.cafe.daum.net,ko,override,latin,en,1.417,,0.929,0
박정현,loyalty,12,www.munhwa.com,ko,override,ko,ko,1.0,,0.0,1
박정현,loyalty,13,www.news1.kr,ko,override,ko,ko,1.0,,0.0,1
박정현,loyalty,14,www.etnews.com,en,default,ko,ko,0.956,,0.044,0
박정현,loyalty,15,www.spotvnews.co.kr,ko,tld,ko,ko,1.0,,0.0,1
박정현,loyalty,16,namu.wiki,ko,override,ko,ko,0.577,,0.423,1
박정현,loyalty,17,namu.wiki,ko,override,latin,en,0.559,,0.554,0
박정현,spillover,0,namu.wiki,ko,override,ko,ko,1.0,,0.0,1
박정현,spillover,1,en.namu.wiki,en,wiki,ko,ko,1.0,,0.0,0
박정현,spillover,2,en.namu.wiki,en,wiki,ko,ko,1.0,,0.0,0
박정현,spillover,3,en.namu.wiki,en,wiki,ko,ko,0.864,,0.136,0
박정현,spillover,4,en.wikipedia.org,en,wiki,ko,ko,1.0,,0.0,0
박정현,spillover,5,namu.wiki,ko,override,ko,ko,0.914,,0.086,1
박정현,spillover,6,namu.wiki,ko,override,ko,ko,1.0,,0.0,1
박정현,spillover,7,www.newsis.com,ko,override,ko,ko,1.0,,0.0,1
박정현,spillover,8,web.archive.org,en,override,ko,ko,0.9,,0.1,0
박정현,spillover,9,namu.wiki,ko,override,ko,ko,1.0,,0.0,1
박정현,spillover,10,en.wikipedia.org,en,wiki,latin,en,1.361,,1.0,1
박정현,spillover,11,en.wikipedia.org,en,wiki,latin,en,0.788,,1.0,1
박정현,spillover,12,v.daum.net,ko,override,ko,ko,1.0,,0.0,1
박정현,spillover,13,mobile.newsis.com,ko,override,ko,ko,1.0,,0.0,1
박정현,spillover,14,www.mksports.co.kr,ko,tld,ko,ko,0.846,,0.154,1
박정현,spillover,15,www.starnewskorea.com,en,override,ko,ko,1.0,,0.0,0
박정현,spillover,16,en.wikipedia.org,en,wiki,ko,ko,0.812,,0.188,0
박정현,spillover,17,baike.baidu.com,zh,override,latin,en,1.32,,0.974,0
박정현,spillover,18,music.163.com,zh,override,latin,en,0.879,,1.0,0
박정현,spillover,19,en.wikipedia.org,en,wiki,ko,ko,0.667,,0.333,0
박정현,spillover,20,www.dominilbo.com,en,default,ko,ko,1.0,,0.0,0
박정현,spillover,21,www.starnewskorea.com,en,override,ko,ko,1.0,,0.0,0
박정현,spillover,22,v.daum.net,ko,override,ko,ko,0.929,,0.071,1
박정현,spillover,23,namu.wiki,ko,override,ko,ko,1.0,,0.0,1
박정현,spillover,24,namu.wiki,ko,override,ko,ko,0.92,,0.08,1
박정현,spillover,25,namu.wiki,ko,override,ko,ko,0.906,,0.094,1
박정현,spillover,26,www.fnnews.com,ko,override,ko,ko,0.962,,0.038,1
박정현,spillover,27,namu.wiki,ko,override,ko,ko,1.0,,0.0,1
박정현,spillover,28,namu.wiki,ko,override,ko,ko,0.783,,0.217,1
박정현,spillover,29,namu.wiki,ko,override,ko,ko,0.929,,0.071,1
박정현,spillover,30,namu.wiki,ko,override,ko,ko,0.893,,0.107,1
박정현,spillover,31,namu.wiki,ko,override,ko,ko,0.889,,0.111,1
박정현,spillover,32,namu.wiki,ko,override,ko,ko,0.697,,0.303,1
박정현,spillover,33,namu.wiki,ko,override,ko,ko,0.903,,0.097,1
박정현,spillover,34,namu.wiki,ko,override,ko,ko,0.897,,0.103,1
박정현,spillover,35,namu.wiki,ko,override,ko,ko,0.889,,0.111,1
박정현,spillover,36,namu.wiki,ko,override,ko,ko,0.75,,0.25,1
박정현,spillover,37,namu.wiki,ko,override,ko,ko,0.893,,0.107,1
박정현,spillover,38,ko.wikipedia.org,ko,wiki,ko,ko,0.571,,0.429,1
박정현,spillover,39,ko.wikipedia.org,ko,wiki,ko,ko,1.0,,0.0,1
박정현,spillover,40,ko.wikipedia.org,ko,wiki,latin,en,0.618,,0.556,0
박정현,spillover,41,namu.wiki,ko,override,ko,ko,0.667,,0.222,1
박정현,spillover,42,namu.wiki,ko,override,ko,ko,0.687,,0.209,1
박정현,spillover,43,namu.wiki,ko,override,ko,ko,0.875,,0.125,1
박정현,spillover,44,namu.wiki,ko,override,ko,ko,0.821,,0.179,1
박정현,spillover,45,namu.wiki,ko,override,ko,ko,0.865,,0.135,1
박정현,spillover,46,namu.wiki,ko,override,ko,ko,0.9,,0.1,1
박정현,spillover,47,namu.wiki,ko,override,ko,ko,1.0,,0.0,1
박정현,spillover,48,www.universal-music.co.jp,ja,tld,ko,ko,0.627,,0.373,0
박정현,spillover,49,y.qq.com,zh,override,ko,ko,0.757,,0.1,0
박정현,spillover,50,music.douban.com,zh,override,ko,ko,0.804,,0.157,0
박정현,spillover,51,www.c-k-jpopnews.fr,fr,tld,ko,ko,0.744,,0.256,0
빅마마,loyalty,0,namu.wiki,ko,override,ko,ko,0.684,,0.316,1
빅마마,loyalty,1,ko.wikipedia.org,ko,wiki,ko,ko,1.0,,0.0,1
빅마마,loyalty,2,namu.wiki,ko,override,ko,ko,1.0,,0.0,1
빅마마,loyalty,3,namu.wiki,ko,override,ko,ko,1.0,,0.0,1
빅마마,loyalty,4,namu.wiki,ko,override,ko,ko,1.0,,0.0,1
빅마마,loyalty,5,en.namu.wiki,en,wiki,ko,ko,0.84,,0.16,0
빅마마,loyalty,6,en.wikipedia.org,en,wiki,ko,ko,0.688,,0.312,0
빅마마,loyalty,7,en.wikipedia.org,en,wiki,ko,ko,0.52,,0.48,0
빅마마,loyalty,8,en.wikipedia.org,en,wiki,ko,ko,0.714,,0.286,0
빅마마,loyalty,9,en.wikipedia.org,en,wiki,ko,ko,0.64,,0.36,0
빅마마,loyalty,10,en.wikipedia.org,en,wiki,latin,en,1.543,,0.571,1
빅마마,loyalty,11,en.wikipedia.org,en,wiki,latin,en,0.012,,0.636,1
빅마마,loyalty,12,en.wikipedia.org,en,wiki,latin,en,0.765,,0.586,1
빅마마,loyalty,13,en.wikipedia.org,en,wiki,ko,ko,0.643,,0.357,0
빅마마,loyalty,14,namu.wiki,ko,override,ko,ko,1.0,,0.0,1
빅마마,loyalty,15,namu.wiki,ko,override,ko,ko,1.0,,0.0,1
빅마마,loyalty,16,namu.wiki,ko,override,latin,en,1.208,,0.983,0
빅마마,loyalty,17,namu.wiki,ko,override,latin,en,0.981,,1.0,0
빅마마,loyalty,18,www.xportsnews.com,ko,override,ko,ko,1.0,,0.0,1
빅마마,loyalty,19,www.hankyung.com,ko,override,ko,ko,0.889,,0.111,1
빅마마,loyalty,20,www.gbprimenews.com,en,default,ko,ko,1.0,,0.0,0
빅마마,loyalty,21,namu.wiki,ko,override,ko,ko,1.0,,0.0,1
빅마마,loyalty,22,namu.wiki,ko,override,ko,ko,1.0,,0.0,1
빅마마,loyalty,23,namu.wiki,ko,override,ko,ko,0.667,,0.333,1
빅마마,loyalty,24,namu.wiki,ko,override,ko,ko,0.917,,0.083,1
빅마마,loyalty,25,ko.wikipedia.org,ko,wiki,ko,ko,0.6,,0.4,1
빅마마,loyalty,26,ko.wikipedia.org,ko,wiki,ko,ko,0.625,,0.375,1
빅마마,loyalty,27,news.mt.co.kr,ko,override,ko,ko,1.0,,0.0,1
빅마마,loyalty,28,namu.wiki,ko,override,ko,ko,1.0,,0.0,1
빅마마,loyalty,29,www.hankyung.com,ko,override,ko,ko,1.0,,0.0,1
빅마마,loyalty,30,news.sbs.co.kr,ko,override,ko,ko,1.0,,0.0,1
빅마마,spillover,0,namu.wiki,ko,override,ko,ko,0.889,,0.111,1
빅마마,spillover,1,namu.wiki,ko,override,ko,ko,0.906,,0.094,1
빅마마,spillover,2,namu.wiki,ko,override,ko,ko,1.0,,0.0,1
빅마마,spillover,3,en.namu.wiki,en,wiki,ko,ko,1.0,,0.0,0
빅마마,spillover,4,en.namu.wiki,en,wiki,ko,ko,1.0,,0.0,0
빅마마,spillover,5,en.wikipedia.org,en,wiki,ko,ko,0.857,,0.143,0
빅마마,spillover,6,en.wikipedia.org,en,wiki,ko,ko,1.0,,0.0,0
빅마마,spillover,7,namu.wiki,ko,override,ko,ko,1.0,,0.0,1
빅마마,spillover,8,en.wikipedia.org,en,wiki,ko,ko,0.692,,0.308,0
빅마마,spillover,9,en.wikipedia.org,en,wiki,ko,ko,0.783,,0.217,0
빅마마,spillover,10,en.wikipedia.org,en,wiki,ko,ko,0.692,,0.308,0
빅마마,spillover,11,namu.wiki,ko,override,ko,ko,1.0,,0.0,1
빅마마,spillover,12,namu.wiki,ko,override,ko,ko,0.778,,0.222,1
빅마마,spillover,13,namu.wiki,ko,override,ko,ko,1.0,,0.0,1
빅마마,spillover,14,namu.wiki,ko,override,latin,en,0.987,,1.0,0
빅마마,spillover,15,namu.wiki,ko,override,latin,en,1.071,,1.0,0
빅마마,spillover,16,news.sbs.co.kr,ko,override,ko,ko,1.0,,0.0,1
빅마마,spillover,17,www.xportsnews.com,ko,override,ko,ko,1.0,,0.0,1
빅마마,spillover,18,namu.wiki,ko,override,ko,ko,1.0,,0.0,1
빅마마,spillover,19,namu.wiki,ko,override,ko,ko,0.684,,0.316,1
빅마마,spillover,20,www.kookje.co.kr,ko,tld,ko,ko,1.0,,0.0,1
빅마마,spillover,21,tvreport.co.kr,ko,override,ko,ko,1.0,,0.0,1
빅마마,spillover,22,www.sedaily.com,ko,override,ko,ko,1.0,,0.0,1
빅마마,spillover,23,v.daum.net,ko,override,ko,ko,0.93,,0.07,1
빅마마,spillover,24,namu.wiki,ko,override,ko,ko,1.0,,0.0,1
빅마마,spillover,25,namu.wiki,ko,override,ko,ko,1.0,,0.0,1
빅마마,spillover,26,namu.wiki,ko,override,ko,ko,0.76,,0.24,1
빅마마,spillover,27,www.gukjenews.com,en,default,ko,ko,0.868,,0.132,0
빅마마,spillover,28,www.segyebiz.com,en,default,ko,ko,0.911,,0.089,0
빅마마,spillover,29,namu.wiki,ko,override,ko,ko,0.903,,0.097,1
빅마마,spillover,30,namu.wiki,ko,override,ko,ko,0.986,,0.014,1
빅마마,spillover,31,namu.wiki,ko,override,ko,ko,1.0,,0.0,1
빅마마,spillover,32,namu.wiki,ko,override,ko,ko,1.0,,0.0,1
빅마마,spillover,33,namu.wiki,ko,override,ko,ko,0.955,,0.0,1
빅마마,spillover,34,namu.wiki,ko,override,ko,ko,1.0,,0.0,1
빅마마,spillover,35,namu.wiki,ko,override,ko,ko,1.0,,0.0,1
빅마마,spillover,36,ko.wikipedia.org,ko,wiki,ko,ko,0.94,,0.06,1
빅마마,spillover,37,ko.wikipedia.org,ko,wiki,ko,ko,1.0,,0.0,1
빅마마,spillover,38,ko.wikipedia.org,ko,wiki,ko,ko,0.87,,0.13,1
빅마마,spillover,39,namu.wiki,ko,override,ko,ko,0.955,,0.045,1
빅마마,spillover,40,namu.wiki,ko,override,ko,ko,1.0,,0.0,1
빅마마,spillover,41,namu.wiki,ko,override,ko,ko,1.0,,0.0,1
다비치,loyalty,0,sports.khan.co.kr,ko,override,ko,ko,1.0,,0.0,1
다비치,loyalty,1,sports.khan.co.kr,ko,override,ko,ko,0.703,,0.297,1
다비치,loyalty,2,www.koreadaily.com,ko,override,ko,ko,0.857,,0.143,1
다비치,loyalty,3,www.mydaily.co.kr,ko,override,ko,ko,1.0,,0.0,1
다비치,loyalty,4,m.cafe.daum.net,ko,override,ko,ko,1.0,,0.0,1
다비치,loyalty,5,en.namu.wiki,en,wiki,ko,ko,0.718,,0.282,0
다비치,loyalty,6,en.namu.wiki,en,wiki,ko,ko,1.0,,0.0,0
다비치,loyalty,7,en.namu.wiki,en,wiki,ko,ko,1.0,,0.0,0
다비치,loyalty,8,namu.wiki,ko,override,ko,ko,1.0,,0.0,1
다비치,loyalty,9,en.wikipedia.org,en,wiki,ko,ko,1.0,,0.0,0
다비치,loyalty,10,en.wikipedia.org,en,wiki,ko,ko,1.0,,0.0,0
다비치,loyalty,11,en.wikipedia.org,en,wiki,ko,ko,0.543,,0.457,0
다비치,loyalty,12,en.wikipedia.org,en,wiki,ko,ko,0.659,,0.341,0
다비치,loyalty,13,en.wikipedia.org,en,wiki,ko,ko,0.733,,0.267,0
다비치,loyalty,14,namu.wiki,ko,override,ko,ko,1.0,,0.0,1
다비치,loyalty,15,en.wikipedia.org,en,wiki,ko,ko,0.676,,0.324,0
다비치,loyalty,16,namu.wiki,ko,override,latin,en,0.767,,1.0,0
다비치,loyalty,17,en.wikipedia.org,en,wiki,latin,en,1.532,,1.0,1
다비치,loyalty,18,www.koreadaily.com,ko,override,ko,ko,0.873,,0.127,1
다비치,loyalty,19,www.mydaily.co.kr,ko,override,ko,ko,0.693,,0.307,1
다비치,loyalty,20,sports.khan.co.kr,ko,override,ko,ko,0.79,,0.21,1
다비치,loyalty,21,sports.khan.co.kr,ko,override,ko,ko,0.656,,0.344,1
다비치,loyalty,22,www.edaily.co.kr,ko,override,ko,ko,0.714,,0.286,1
다비치,loyalty,23,www.cctoday.co.kr,ko,tld,ko,ko,1.0,,0.0,1
다비치,loyalty,24,www.topstarnews.net,ko,override,ko,ko,1.0,,0.0,1
다비치,loyalty,25,news.nate.com,ko,override,ko,ko,1.0,,0.0,1
다비치,loyalty,26,namu.wiki,ko,override,ko,ko,1.0,,0.0,1
다비치,loyalty,27,www.koreastardaily.com,en,default,ko,ko,0.937,,0.0,0
다비치,loyalty,28,k.sina.cn,zh,tld,ko,ko,0.821,,0.028,0
다비치,spillover,0,namu.wiki,ko,override,ko,ko,0.93,,0.07,1
다비치,spillover,1,www.koreadaily.com,ko,override,ko,ko,0.913,,0.087,1
다비치,spillover,2,en.wikipedia.org,en,wiki,ko,ko,1.0,,0.0,0
다비치,spillover,3,en.wikipedia.org,en,wiki,ko,ko,1.0,,0.0,0
다비치,spillover,4,en.namu.wiki,en,wiki,ko,ko,0.947,,0.053,0
다비치,spillover,5,en.namu.wiki,en,wiki,ko,ko,1.0,,0.0,0
다비치,spillover,6,en.wikipedia.org,en,wiki,ko,ko,0.7,,0.3,0
다비치,spillover,7,en.wikipedia.org,en,wiki,ko,ko,0.886,,0.114,0
다비치,spillover,8,en.wikipedia.org,en,wiki,latin,en,0.406,,0.818,1
다비치,spillover,9,en.wikipedia.org,en,wiki,ko,ko,0.676,,0.324,0
다비치,spillover,10,en.wikipedia.org,en,wiki,latin,en,1.6,,0.516,1
다비치,spillover,11,en.wikipedia.org,en,wiki,ko,ko,0.727,,0.273,0
다비치,spillover,12,en.wikipedia.org,en,wiki,latin,en,1.235,,1.0,1
다비치,spillover,13,en.wikipedia.org,en,wiki,latin,en,0.943,,1.0,1
다비치,spillover,14,enews.imbc.com,en,default,ko,ko,1.0,,0.0,0
다비치,spillover,15,www.concertarchives.org,en,default,ko,ko,0.915,,0.085,0
다비치,spillover,16,www.barks.jp,ja,override,latin,en,1.189,,1.0,0
다비치,spillover,17,ko.wikipedia.org,ko,wiki,ko,ko,1.0,,0.0,1
다비치,spillover,18,namu.wiki,ko,override,ko,ko,1.0,,0.0,1
다비치,spillover,19,www.imbc.com,en,default,ko,ko,0.633,,0.367,0
다비치,spillover,20,kpnnews.org,en,default,ko,ko,1.0,,0.0,0
다비치,spillover,21,app.dcinside.com,en,default,ko,ko,1.0,,0.0,0
다비치,spillover,22,www.news1.kr,ko,override,ko,ko,0.892,,0.108,1
다비치,spillover,23,www.bntnews.co.kr,ko,tld,ko,ko,0.878,,0.122,1
다비치,spillover,24,dantri.com.vn,vi,tld,ko,ko,1.0,,0.0,0
다비치,spillover,25,www.suwonilbo.kr,ko,tld,ko,ko,0.957,,0.043,1
다비치,spillover,26,www.youtube.com,en,override,ko,ko,0.897,,0.103,0
다비치,spillover,27,www.gukjenews.com,en,default,ko,ko,0.951,,0.049,0
다비치,spillover,28,namu.wiki,ko,override,ko,ko,0.867,,0.133,1
다비치,spillover,29,namu.wiki,ko,override,ko,ko,0.887,,0.113,1
다비치,spillover,30,namu.wiki,ko,override,ko,ko,0.806,,0.194,1
다비치,spillover,31,namu.wiki,ko,override,ko,ko,0.769,,0.231,1
다비치,spillover,32,namu.wiki,ko,override,ko,ko,0.842,,0.158,1
다비치,spillover,33,namu.wiki,ko,override,ko,ko,0.842,,0.158,1
다비치,spillover,34,namu.wiki,ko,override,ko,ko,0.793,,0.207,1
다비치,spillover,35,namu.wiki,ko,override,ko,ko,0.754,,0.246,1
다비치,spillover,36,namu.wiki,ko,override,ko,ko,0.943,,0.057,1
다비치,spillover,37,www.newsis.com,ko,override,ko,ko,1.0,,0.0,1
다비치,spillover,38,www.globalepic.co.kr,ko,tld,ko,ko,1.0,,0.0,1
다비치,spillover,39,namu.wiki,ko,override,ko,ko,1.0,,0.0,1
다비치,spillover,40,www.pharmnews.com,en,default,ko,ko,1.0,,0.0,0
다비치,spillover,41,www.redian.org,en,default,ko,ko,1.0,,0.0,0
다비치,spillover,42,namu.wiki,ko,override,ko,ko,0.88,,0.12,1
다비치,spillover,43,namu.wiki,ko,override,ko,ko,0.906,,0.094,1
다비치,spillover,44,namu.wiki,ko,override,ko,ko,0.885,,0.115,1
다비치,spillover,45,www.koreastardaily.com,en,default,ko,ko,0.924,,0.038,0
다비치,spillover,46,v.qq.com,zh,override,ko,ko,0.837,,0.0,0
다비치,spillover,47,www.anewsa.com,en,default,ko,ko,0.949,,0.051,0
다비치,spillover,48,www.c-k-jpopnews.fr,fr,tld,ko,ko,0.904,,0.096,0
다비치,spillover,49,www.bloglabanana.com,en,default,ko,ko,0.698,,0.302,0
다비치,spillover,50,www.bloglabanana.com,en,default,ko,ko,0.689,,0.311,0
로이킴,loyalty,0,www.newspim.com,en,default,ko,ko,1.0,,0.0,0
로이킴,loyalty,1,www.topstarnews.net,ko,override,ko,ko,0.907,,0.093,1
로이킴,loyalty,2,www.trotnews.co.kr,ko,tld,ko,ko,1.0,,0.0,1
로이킴,loyalty,3,en.namu.wiki,en,wiki,ko,ko,0.562,,0.438,0
로이킴,loyalty,4,en.wikipedia.org,en,wiki,ko,ko,1.0,,0.0,0
로이킴,loyalty,5,en.namu.wiki,en,wiki,ko,ko,1.0,,0.0,0
로이킴,loyalty,6,en.wikipedia.org,en,wiki,ko,ko,0.96,,0.04,0
로이킴,loyalty,7,en.wikipedia.org,en,wiki,ko,ko,1.0,,0.0,0
로이킴,loyalty,8,en.wikipedia.org,en,wiki,ko,ko,0.774,,0.226,0
로이킴,loyalty,9,en.wikipedia.org,en,wiki,ko,ko,0.704,,0.296,0
로이킴,loyalty,10,namu.wiki,ko,override,ko,ko,1.0,,0.0,1
로이킴,loyalty,11,namu.wiki,ko,override,ko,ko,1.0,,0.0,1
로이킴,loyalty,12,namu.wiki,ko,override,latin,en,0.685,,0.875,0
로이킴,loyalty,13,en.wikipedia.org,en,wiki,latin,en,1.0,,1.0,1
로이킴,loyalty,14,www.newspim.com,en,default,ko,ko,1.0,,0.0,0
로이킴,loyalty,15,hbnpress.com,en,default,ko,ko,0.832,,0.168,0
로이킴,loyalty,16,namu.wiki,ko,override,ko,ko,0.865,,0.135,1
로이킴,loyalty,17,sports.khan.co.kr,ko,override,ko,ko,1.0,,0.0,1
로이킴,loyalty,18,kspnews.com,en,default,ko,ko,0.704,,0.296,0
로이킴,loyalty,19,www.asiaartistawards.com,en,default,ko,ko,1.0,,0.0,0
로이킴,loyalty,20,www.yna.co.kr,ko,override,ko,ko,0.988,,0.012,1
로이킴,loyalty,21,www.munhwa.com,ko,override,ko,ko,0.8,,0.2,1
로이킴,loyalty,22,m.news.nate.com,ko,override,ko,ko,1.0,,0.0,1
로이킴,loyalty,23,m.etnews.com,en,default,ko,ko,0.763,,0.237,0
로이킴,loyalty,24,sports.khan.co.kr,ko,override,ko,ko,0.766,,0.234,1
로이킴,loyalty,25,www.ytn.co.kr,ko,override,ko,ko,1.0,,0.0,1
로이킴,loyalty,26,namu.wiki,ko,override,ko,ko,1.0,,0.0,1
로이킴,loyalty,27,www.newspim.com,en,default,ko,ko,1.0,,0.0,0
로이킴,loyalty,28,www.newsbuzz.co.kr,ko,tld,ko,ko,1.0,,0.0,1
로이킴,loyalty,29,www.tenasia.co.kr,ko,tld,ko,ko,0.89,,0.11,1
로이킴,spillover,0,namu.wiki,ko,override,ko,ko,1.0,,0.0,1
로이킴,spillover,1,namu.wiki,ko,override,ko,ko,0.955,,0.045,1
로이킴,spillover,2,en.wikipedia.org,en,wiki,ko,ko,0.837,,0.163,0
로이킴,spillover,3,en.wikipedia.org,en,wiki,ko,ko,1.0,,0.0,0
로이킴,spillover,4,en.wikipedia.org,en,wiki,ko,ko,1.0,,0.0,0
로이킴,spillover,5,en.namu.wiki,en,wiki,ko,ko,1.0,,0.0,0
로이킴,spillover,6,en.wikipedia.org,en,wiki,ko,ko,0.524,,0.476,0
로이킴,spillover,7,en.wikipedia.org,en,wiki,ko,ko,0.778,,0.222,0
로이킴,spillover,8,en.wikipedia.org,en,wiki,ko,ko,1.0,,0.0,0
로이킴,spillover,9,en.wikipedia.org,en,wiki,ko,ko,0.708,,0.292,0
로이킴,spillover,10,en.wikipedia.org,en,wiki,ko,ko,1.0,,0.0,0
로이킴,spillover,11,namu.wiki,ko,override,ko,ko,0.833,,0.167,1
로이킴,spillover,12,en.wikipedia.org,en,wiki,latin,en,0.809,,1.0,1
로이킴,spillover,13,en.wikipedia.org,en,wiki,latin,en,1.204,,0.978,1
로이킴,spillover,14,www.concertarchives.org,en,default,ko,ko,0.681,,0.319,0
로이킴,spillover,15,baike.baidu.com,zh,override,latin,en,0.678,,0.923,0
로이킴,spillover,16,namu.wiki,ko,override,ko,ko,0.978,,0.022,1
로이킴,spillover,17,namu.wiki,ko,override,ko,ko,0.797,,0.203,1
로이킴,spillover,18,namu.wiki,ko,override,ko,ko,0.92,,0.08,1
로이킴,spillover,19,namu.wiki,ko,override,ko,ko,0.922,,0.078,1
로이킴,spillover,20,www.donga.com,en,default,ko,ko,1.0,,0.0,0
로이킴,spillover,21,sports.khan.co.kr,ko,override,ko,ko,0.979,,0.021,1
로이킴,spillover,22,www.starnewskorea.com,en,override,ko,ko,1.0,,0.0,0
로이킴,spillover,23,www.tenasia.co.kr,ko,tld,ko,ko,0.977,,0.023,1
로이킴,spillover,24,www.gukjenews.com,en,default,ko,ko,0.935,,0.065,0
로이킴,spillover,25,www.starnewskorea.com,en,override,ko,ko,1.0,,0.0,0
로이킴,spillover,26,sports.khan.co.kr,ko,override,ko,ko,0.927,,0.073,1
로이킴,spillover,27,v.daum.net,ko,override,ko,ko,0.919,,0.081,1
로이킴,spillover,28,sports.khan.co.kr,ko,override,ko,ko,0.975,,0.025,1
로이킴,spillover,29,www.cstimes.com,en,default,ko,ko,1.0,,0.0,0
로이킴,spillover,30,sports.khan.co.kr,ko,override,ko,ko,0.706,,0.294,1
로이킴,spillover,31,sports.khan.co.kr,ko,override,ko,ko,1.0,,0.0,1
로이킴,spillover,32,sports.khan.co.kr,ko,override,ko,ko,1.0,,0.0,1
로이킴,spillover,33,namu.wiki,ko,override,ko,ko,0.867,,0.133,1
로이킴,spillover,34,namu.wiki,ko,override,ko,ko,1.0,,0.0,1
로이킴,spillover,35,namu.wiki,ko,override,ko,ko,0.839,,0.161,1
로이킴,spillover,36,namu.wiki,ko,override,ko,ko,0.923,,0.077,1
로이킴,spillover,37,namu.wiki,ko,override,ko,ko,0.964,,0.036,1
로이킴,spillover,38,namu.wiki,ko,override,ko,ko,1.0,,0.0,1
로이킴,spillover,39,namu.wiki,ko,override,ko,ko,1.0,,0.0,1
로이킴,spillover,40,namu.wiki,ko,override,ko,ko,0.704,,0.296,1
로이킴,spillover,41,ko.wikipedia.org,ko,wiki,latin,en,0.475,,0.511,0
로이킴,spillover,42,ko.wikipedia.org,ko,wiki,ko,ko,1.0,,0.0,1
로이킴,spillover,43,ko.wikipedia.org,ko,wiki,ko,ko,1.0,,0.0,1
로이킴,spillover,44,www.socialvalue.kr,ko,tld,ko,ko,0.929,,0.071,1
로이킴,spillover,45,sports.khan.co.kr,ko,override,ko,ko,0.752,,0.248,1
로이킴,spillover,46,isplus.com,ko,override,ko,ko,0.884,,0.116,1
로이킴,spillover,47,namu.wiki,ko,override,ko,ko,1.0,,0.0,1
로이킴,spillover,48,namu.wiki,ko,override,ko,ko,1.0,,0.0,1
로이킴,spillover,49,namu.wiki,ko,override,ko,ko,0.852,,0.148,1
로이킴,spillover,50,namu.wiki,ko,override,ko,ko,0.68,,0.32,1
로이킴,spillover,51,namu.wiki,ko,override,ko,ko,1.0,,0.0,1
로이킴,spillover,52,namu.wiki,ko,override,ko,ko,0.956,,0.044,1
로이킴,spillover,53,buzzyroots.com,en,default,ko,ko,0.555,,0.445,0
로이킴,spillover,54,star.ettoday.net,zh,override,ko,ko,0.79,,0.185,0
로이킴,spillover,55,www.hk01.com,zh,override,ko,ko,0.902,,0.033,0
로이킴,spillover,56,prtimes.jp,ja,tld,ko,ko,0.527,,0.333,0
로이킴,spillover,57,www.oricon.co.jp,ja,tld,ko,ko,0.722,,0.185,0
로이킴,spillover,58,www.bloglabanana.com,en,default,ko,ko,0.689,,0.311,0
sg워너비,loyalty,0,namu.wiki,ko,override,ko,ko,1.0,,0.0,1
sg워너비,loyalty,1,namu.wiki,ko,override,ko,ko,1.0,,0.0,1
sg워너비,loyalty,2,ko.wikipedia.org,ko,wiki,ko,ko,1.0,,0.0,1
sg워너비,loyalty,3,ko.wikipedia.org,ko,wiki,ko,ko,1.0,,0.0,1
sg워너비,loyalty,4,namu.wiki,ko,override,ko,ko,1.0,,0.0,1
sg워너비,loyalty,5,en.namu.wiki,en,wiki,ko,ko,0.881,,0.119,0
sg워너비,loyalty,6,en.wikipedia.org,en,wiki,ko,ko,1.0,,0.0,0
sg워너비,loyalty,7,en.wikipedia.org,en,wiki,ko,ko,1.0,,0.0,0
sg워너비,loyalty,8,namu.wiki,ko,override,latin,en,1.34,,0.96,0
sg워너비,loyalty,9,en.wikipedia.org,en,wiki,latin,en,1.491,,1.0,1
sg워너비,loyalty,10,ko.wikipedia.org,ko,wiki,ko,ko,1.0,,0.0,1
sg워너비,loyalty,11,namu.wiki,ko,override,ko,ko,1.0,,0.0,1
sg워너비,loyalty,12,www.inews24.com,en,default,ko,ko,0.958,,0.042,0
sg워너비,loyalty,13,tickets.interpark.com,en,default,ko,ko,0.957,,0.043,0
sg워너비,loyalty,14,magazine.musicow.com,en,default,ko,ko,1.0,,0.0,0
sg워너비,loyalty,15,sports.khan.co.kr,ko,override,ko,ko,0.974,,0.026,1
sg워너비,loyalty,16,www.nikkei.com,en,default,latin,en,1.204,,0.697,1
sg워너비,loyalty,17,sports.khan.co.kr,ko,override,ko,ko,0.959,,0.041,1
sg워너비,loyalty,18,sports.khan.co.kr,ko,override,ko,ko,0.935,,0.065,1
sg워너비,loyalty,19,sports.khan.co.kr,ko,override,ko,ko,0.92,,0.08,1
sg워너비,loyalty,20,namu.wiki,ko,override,ko,ko,0.895,,0.105,1
sg워너비,loyalty,21,www.hankyung.com,ko,override,ko,ko,0.971,,0.029,1
sg워너비,loyalty,22,namu.wiki,ko,override,ko,ko,0.875,,0.125,1
sg워너비,loyalty,23,namu.wiki,ko,override,ko,ko,0.931,,0.069,1
sg워너비,loyalty,24,namu.wiki,ko,override,ko,ko,0.865,,0.135,1
sg워너비,loyalty,25,namu.wiki,ko,override,ko,ko,0.786,,0.214,1
sg워너비,loyalty,26,www.rnx.kr,ko,tld,ko,ko,0.978,,0.022,1
sg워너비,loyalty,27,www.rnx.kr,ko,tld,ko,ko,0.978,,0.022,1
sg워너비,loyalty,28,namu.wiki,ko,override,ko,ko,0.964,,0.036,1
sg워너비,loyalty,29,www.tenasia.co.kr,ko,tld,ko,ko,0.929,,0.071,1
sg워너비,loyalty,30,www.starnewskorea.com,en,override,ko,ko,0.952,,0.032,0
sg워너비,loyalty,31,namu.wiki,ko,override,ko,ko,0.912,,0.088,1
sg워너비,loyalty,32,www.wikitree.co.kr,ko,tld,ko,ko,0.976,,0.024,1
sg워너비,loyalty,33,prtimes.jp,ja,tld,ko,ko,0.73,,0.27,0
sg워너비,loyalty,34,ja.namu.wiki,ja,wiki,latin,en,0.846,,0.571,0
sg워너비,loyalty,35,www.munhwa.com,ko,override,ko,ko,0.977,,0.023,1
sg워너비,spillover,0,namu.wiki,ko,override,ko,ko,0.941,,0.059,1
sg워너비,spillover,1,namu.wiki,ko,override,ko,ko,1.0,,0.0,1
sg워너비,spillover,2,en.wikipedia.org,en,wiki,ko,ko,0.96,,0.04,0
sg워너비,spillover,3,en.namu.wiki,en,wiki,ko,ko,0.974,,0.026,0
sg워너비,spillover,4,en.wikipedia.org,en,wiki,ko,ko,0.837,,0.163,0
sg워너비,spillover,5,en.wikipedia.org,en,wiki,ko,ko,1.0,,0.0,0
sg워너비,spillover,6,en.wikipedia.org,en,wiki,latin,en,1.275,,1.0,1
sg워너비,spillover,7,en.wikipedia.org,en,wiki,latin,en,1.332,,1.0,1
sg워너비,spillover,8,ko.wikipedia.org,ko,wiki,ko,ko,0.8,,0.2,1
sg워너비,spillover,9,namu.wiki,ko,override,ko,ko,0.724,,0.276,1
sg워너비,spillover,10,zhidao.baidu.com,en,default,latin,en,1.228,,0.958,1
sg워너비,spillover,11,namu.wiki,ko,override,ko,ko,0.92,,0.08,1
sg워너비,spillover,12,namu.wiki,ko,override,ko,ko,0.733,,0.267,1
sg워너비,spillover,13,namu.wiki,ko,override,ko,ko,0.929,,0.071,1
sg워너비,spillover,14,www.nocutnews.co.kr,ko,tld,ko,ko,0.889,,0.111,1
sg워너비,spillover,15,www.gukjenews.com,en,default,ko,ko,0.897,,0.103,0
sg워너비,spillover,16,news.sbs.co.kr,ko,override,ko,ko,0.765,,0.235,1
sg워너비,spillover,17,www.gukjenews.com,en,default,ko,ko,0.912,,0.088,0
sg워너비,spillover,18,namu.wiki,ko,override,ko,ko,0.943,,0.057,1
sg워너비,spillover,19,namu.wiki,ko,override,ko,ko,0.5,,0.5,1
sg워너비,spillover,20,namu.wiki,ko,override,ko,ko,0.758,,0.242,1
sg워너비,spillover,21,namu.wiki,ko,override,ko,ko,0.805,,0.195,1
sg워너비,spillover,22,namu.wiki,ko,override,ko,ko,0.771,,0.229,1
sg워너비,spillover,23,namu.wiki,ko,override,ko,ko,0.81,,0.19,1
sg워너비,spillover,24,namu.wiki,ko,override,ko,ko,0.8,,0.2,1
sg워너비,spillover,25,namu.wiki,ko,override,ko,ko,0.822,,0.178,1
sg워너비,spillover,26,namu.wiki,ko,override,ko,ko,0.923,,0.077,1
sg워너비,spillover,27,namu.wiki,ko,override,ko,ko,0.868,,0.132,1
sg워너비,spillover,28,news.nate.com,ko,override,ko,ko,0.933,,0.067,1
sg워너비,spillover,29,www.mt.co.kr,ko,override,ko,ko,0.935,,0.065,1
sg워너비,spillover,30,www.viva100.com,en,default,ko,ko,0.95,,0.05,0
sg워너비,spillover,31,namu.wiki,ko,override,ko,ko,0.86,,0.14,1
sg워너비,spillover,32,namu.wiki,ko,override,ko,ko,0.952,,0.048,1
sg워너비,spillover,33,namu.wiki,ko,override,ko,ko,0.754,,0.246,1
sg워너비,spillover,34,namu.wiki,ko,override,ko,ko,0.983,,0.017,1
sg워너비,spillover,35,www.hankookilbo.com,ko,override,ko,ko,0.981,,0.019,1
sg워너비,spillover,36,www.rnx.kr,ko,tld,ko,ko,0.948,,0.052,1
sg워너비,spillover,37,hopamchuan.com,en,default,ko,ko,0.724,,0.276,0
sg워너비,spillover,38,www.japoninfos.com,en,default,ko,ko,0.842,,0.158,0
브라운아이즈,loyalty,0,namu.wiki,ko,override,ko,ko,1.0,,0.0,1
브라운아이즈,loyalty,1,namu.wiki,ko,override,ko,ko,1.0,,0.0,1
브라운아이즈,loyalty,2,namu.wiki,ko,override,ko,ko,1.0,,0.0,1
브라운아이즈,loyalty,3,en.wikipedia.org,en,wiki,ko,ko,0.965,,0.035,0
브라운아이즈,loyalty,4,en.wikipedia.org,en,wiki,ko,ko,1.0,,0.0,0
브라운아이즈,loyalty,5,namu.wiki,ko,override,latin,en,1.437,,0.961,0
브라운아이즈,loyalty,6,namu.wiki,ko,override,latin,en,1.464,,1.0,0
브라운아이즈,loyalty,7,namu.wiki,ko,override,ko,ko,1.0,,0.0,1
브라운아이즈,loyalty,8,v.daum.net,ko,override,ko,ko,1.0,,0.0,1
브라운아이즈,loyalty,9,mennoblesse.com,en,default,ko,ko,1.0,,0.0,0
브라운아이즈,loyalty,10,namu.wiki,ko,override,ko,ko,1.0,,0.0,1
브라운아이즈,loyalty,11,namu.wiki,ko,override,ko,ko,0.952,,0.048,1
브라운아이즈,loyalty,12,ent.sbs.co.kr,ko,tld,ko,ko,0.946,,0.054,1
브라운아이즈,loyalty,13,www.starnewskorea.com,en,override,ko,ko,0.868,,0.132,0
브라운아이즈,loyalty,14,www.starnewskorea.com,en,override,ko,ko,1.0,,0.0,0
브라운아이즈,loyalty,15,www.hankyung.com,ko,override,ko,ko,0.96,,0.04,1
브라운아이즈,loyalty,16,namu.wiki,ko,override,ko,ko,0.925,,0.075,1
브라운아이즈,loyalty,17,www.gqkorea.co.kr,ko,tld,ko,ko,0.971,,0.029,1
브라운아이즈,loyalty,18,www.gqkorea.co.kr,ko,tld,ko,ko,1.0,,0.0,1
브라운아이즈,loyalty,19,namu.wiki,ko,override,ko,ko,0.889,,0.111,1
브라운아이즈,loyalty,20,ko.wikipedia.org,ko,wiki,ko,ko,0.757,,0.243,1
브라운아이즈,loyalty,21,www.sedaily.com,ko,override,ko,ko,1.0,,0.0,1
브라운아이즈,loyalty,22,namu.wiki,ko,override,ko,ko,0.698,,0.302,1
브라운아이즈,loyalty,23,www.edaily.co.kr,ko,override,ko,ko,1.0,,0.0,1
브라운아이즈,loyalty,24,ko.wikipedia.org,ko,wiki,ko,ko,1.0,,0.0,1
브라운아이즈,loyalty,25,www.sedaily.com,ko,override,ko,ko,1.0,,0.0,1
브라운아이즈,loyalty,26,www.news1.kr,ko,override,ko,ko,1.0,,0.0,1
브라운아이즈,loyalty,27,v.daum.net,ko,override,ko,ko,0.867,,0.133,1
브라운아이즈,loyalty,28,ameblo.jp,ja,tld,ko,ko,0.791,,0.165,0
브라운아이즈,spillover,0,namu.wiki,ko,override,ko,ko,1.0,,0.0,1
브라운아이즈,spillover,1,namu.wiki,ko,override,ko,ko,1.0,,0.0,1
브라운아이즈,spillover,2,en.wikipedia.org,en,wiki,ko,ko,1.0,,0.0,0
브라운아이즈,spillover,3,en.wikipedia.org,en,wiki,ko,ko,0.959,,0.041,0
브라운아이즈,spillover,4,en.wikipedia.org,en,wiki,ko,ko,1.0,,0.0,0
브라운아이즈,spillover,5,en.wikipedia.org,en,wiki,ko,ko,1.0,,0.0,0
브라운아이즈,spillover,6,namu.wiki,ko,override,latin,en,1.006,,1.0,0
브라운아이즈,spillover,7,namu.wiki,ko,override,latin,en,1.014,,1.0,0
브라운아이즈,spillover,8,v.daum.net,ko,override,ko,ko,1.0,,0.0,1
브라운아이즈,spillover,9,namu.wiki,ko,override,ko,ko,1.0,,0.0,1
브라운아이즈,spillover,10,www.joynews24.com,en,default,latin,en,1.514,,0.526,1
브라운아이즈,spillover,11,sports.khan.co.kr,ko,override,ko,ko,1.0,,0.0,1
브라운아이즈,spillover,12,namu.wiki,ko,override,ko,ko,1.0,,0.0,1
브라운아이즈,spillover,13,namu.wiki,ko,override,ko,ko,1.0,,0.0,1
브라운아이즈,spillover,14,namu.wiki,ko,override,ko,ko,1.0,,0.0,1
브라운아이즈,spillover,15,ko.wikipedia.org,ko,wiki,ko,ko,0.97,,0.03,1
브라운아이즈,spillover,16,namu.wiki,ko,override,ko,ko,0.908,,0.092,1
브라운아이즈,spillover,17,namu.wiki,ko,override,ko,ko,0.725,,0.275,1
브라운아이즈,spillover,18,namu.wiki,ko,override,ko,ko,0.822,,0.178,1
브라운아이즈,spillover,19,namu.wiki,ko,override,ko,ko,0.92,,0.08,1
브라운아이즈,spillover,20,namu.wiki,ko,override,ko,ko,0.947,,0.053,1
브라운아이즈,spillover,21,namu.wiki,ko,override,ko,ko,1.0,,0.0,1
브라운아이즈,spillover,22,namu.wiki,ko,override,ko,ko,1.0,,0.0,1
브라운아이즈,spillover,23,namu.wiki,ko,override,ko,ko,1.0,,0.0,1
브라운아이즈,spillover,24,namu.wiki,ko,override,ko,ko,0.936,,0.064,1
브라운아이즈,spillover,25,namu.wiki,ko,override,ko,ko,1.0,,0.0,1
브라운아이즈,spillover,26,namu.wiki,ko,override,ko,ko,1.0,,0.0,1
브라운아이즈,spillover,27,www.cctoday.co.kr,ko,tld,ko,ko,1.0,,0.0,1
브라운아이즈,spillover,28,koreanmusicawards.com,en,default,ko,ko,0.726,,0.274,0
브라운아이즈,spillover,29,koreanmusicawards.com,en,default,ko,ko,0.726,,0.274,0
브라운아이즈,spillover,30,www.hankyung.com,ko,override,ko,ko,1.0,,0.0,1
브라운아이즈,spillover,31,www.mt.co.kr,ko,override,ko,ko,1.0,,0.0,1
브라운아이즈,spillover,32,www.segye.com,ko,override,ko,ko,1.0,,0.0,1
브라운아이즈,spillover,33,namu.wiki,ko,override,ko,ko,0.965,,0.035,1
브라운아이즈,spillover,34,v.daum.net,ko,override,ko,ko,0.797,,0.203,1
브라운아이즈,spillover,35,v.daum.net,ko,override,ko,ko,1.0,,0.0,1
브라운아이즈,spillover,36,ko.wikipedia.org,ko,wiki,ko,ko,1.0,,0.0,1
브라운아이즈,spillover,37,ko.wikipedia.org,ko,wiki,ko,ko,1.0,,0.0,1
브라운아이즈,spillover,38,ko.wikipedia.org,ko,wiki,ko,ko,1.0,,0.0,1
브라운아이즈,spillover,39,ko.wikipedia.org,ko,wiki,ko,ko,0.76,,0.24,1
브라운아이즈,spillover,40,ko.wikipedia.org,ko,wiki,ko,ko,1.0,,0.0,1
브라운아이즈,spillover,41,namu.wiki,ko,override,ko,ko,0.923,,0.077,1
브라운아이즈,spillover,42,www.sedaily.com,ko,override,ko,ko,1.0,,0.0,1
브라운아이즈,spillover,43,www.newsis.com,ko,override,ko,ko,1.0,,0.0,1
브라운아이즈,spillover,44,namu.wiki,ko,override,ko,ko,1.0,,0.0,1
브라운아이즈,spillover,45,news.utamap.com,en,default,ko,ko,0.781,,0.219,0
브라운아이즈,spillover,46,www.youtube.com,en,override,ko,ko,0.874,,0.074,0
브라운아이즈,spillover,47,www.soompi.com,en,override,ko,ko,0.873,,0.127,0
브라운아이즈,spillover,48,en.wikipedia.org,en,wiki,ko,ko,0.754,,0.246,0
브라운아이즈,spillover,49,en.wikipedia.org,en,wiki,ko,ko,0.93,,0.07,0
브라운아이즈,spillover,50,www.soompi.com,en,override,ko,ko,0.72,,0.28,0
브라운아이즈,spillover,51,www.soompi.com,en,override,ko,ko,0.685,,0.315,0
브라운아이즈,spillover,52,www.soompi.com,en,override,ko,ko,0.691,,0.309,0
이문세,loyalty,0,ko.wikipedia.org,ko,wiki,ko,ko,1.0,,0.0,1
이문세,loyalty,1,namu.wiki,ko,override,ko,ko,1.0,,0.0,1
이문세,loyalty,2,namu.wiki,ko,override,ko,ko,1.0,,0.0,1
이문세,loyalty,3,en.namu.wiki,en,wiki,ko,ko,0.821,,0.179,0
이문세,loyalty,4,en.namu.wiki,en,wiki,ko,ko,1.0,,0.0,0
이문세,loyalty,5,namu.wiki,ko,override,latin,en,1.455,,0.94,0
이문세,loyalty,6,namu.wiki,ko,override,latin,en,1.836,,0.948,0
이문세,loyalty,7,www.kbswa.com,en,default,ko,ko,1.0,,0.0,0
이문세,loyalty,8,namu.wiki,ko,override,ko,ko,0.898,,0.102,1
이문세,loyalty,9,www.nocutnews.co.kr,ko,tld,ko,ko,0.686,,0.314,1
이문세,loyalty,10,www.nocutnews.co.kr,ko,tld,ko,ko,0.75,,0.25,1
이문세,loyalty,11,www.hankookilbo.com,ko,override,ko,ko,1.0,,0.0,1
이문세,loyalty,12,www.hankookilbo.com,ko,override,ko,ko,1.0,,0.0,1
이문세,loyalty,13,namu.wiki,ko,override,ko,ko,1.0,,0.0,1
이문세,loyalty,14,www.news1.kr,ko,override,ko,ko,1.0,,0.0,1
이문세,loyalty,15,v.daum.net,ko,override,ko,ko,0.947,,0.053,1
이문세,loyalty,16,www.etnews.com,en,default,ko,ko,0.915,,0.085,0
이문세,loyalty,17,www.koreadaily.com,ko,override,ko,ko,0.933,,0.067,1
이문세,loyalty,18,namu.wiki,ko,override,ko,ko,0.808,,0.192,1
이문세,loyalty,19,www.hankookilbo.com,ko,override,ko,ko,1.0,,0.0,1
이문세,spillover,0,namu.wiki,ko,override,ko,ko,0.961,,0.039,1
이문세,spillover,1,ko.wikipedia.org,ko,wiki,ko,ko,0.956,,0.044,1
이문세,spillover,2,en.namu.wiki,en,wiki,ko,ko,1.0,,0.0,0
이문세,spillover,3,en.namu.wiki,en,wiki,ko,ko,1.0,,0.0,0
이문세,spillover,4,en.namu.wiki,en,wiki,ko,ko,1.0,,0.0,0
이문세,spillover,5,en.namu.wiki,en,wiki,ko,ko,1.0,,0.0,0
이문세,spillover,6,en.wikipedia.org,en,wiki,latin,en,1.125,,1.0,1
이문세,spillover,7,namu.wiki,ko,override,latin,en,1.736,,0.982,0
이문세,spillover,8,biz.heraldcorp.com,ko,override,ko,ko,1.0,,0.0,1
이문세,spillover,9,baike.baidu.com,zh,override,latin,en,1.075,,0.962,0
이문세,spillover,10,www.kbswa.com,en,default,ko,ko,1.0,,0.0,0
이문세,spillover,11,namu.wiki,ko,override,ko,ko,1.0,,0.0,1
이문세,spillover,12,ko.wikipedia.org,ko,wiki,ko,ko,0.953,,0.047,1
이문세,spillover,13,nol.yanolja.com,en,default,ko,ko,0.72,,0.28,0
이문세,spillover,14,www.kyilbo.com,en,default,ko,ko,1.0,,0.0,0
이문세,spillover,15,www.news1.kr,ko,override,ko,ko,1.0,,0.0,1
이문세,spillover,16,namu.wiki,ko,override,ko,ko,0.75,,0.25,1
이문세,spillover,17,namu.wiki,ko,override,ko,ko,0.818,,0.182,1
이문세,spillover,18,namu.wiki,ko,override,ko,ko,0.961,,0.039,1
이문세,spillover,19,namu.wiki,ko,override,ko,ko,0.829,,0.171,1
이문세,spillover,20,namu.wiki,ko,override,ko,ko,0.949,,0.051,1
이문세,spillover,21,namu.wiki,ko,override,ko,ko,0.912,,0.088,1
이문세,spillover,22,namu.wiki,ko,override,ko,ko,0.963,,0.037,1
이문세,spillover,23,www.youtube.com,en,override,ko,ko,0.504,,0.496,0
이문세,spillover,24,m.imbc.com,en,default,ko,ko,0.867,,0.133,0
이문세,spillover,25,namu.wiki,ko,override,ko,ko,1.0,,0.0,1
이문세,spillover,26,namu.wiki,ko,override,ko,ko,1.0,,0.0,1
이문세,spillover,27,namu.wiki,ko,override,ko,ko,0.812,,0.188,1
이문세,spillover,28,namu.wiki,ko,override,ko,ko,1.0,,0.0,1
이문세,spillover,29,namu.wiki,ko,override,ko,ko,1.0,,0.0,1
이문세,spillover,30,namu.wiki,ko,override,ko,ko,1.0,,0.0,1
이문세,spillover,31,namu.wiki,ko,override,ko,ko,1.0,,0.0,1
이문세,spillover,32,namu.wiki,ko,override,ko,ko,0.818,,0.182,1
이문세,spillover,33,namu.wiki,ko,override,ko,ko,1.0,,0.0,1
이문세,spillover,34,namu.wiki,ko,override,ko,ko,1.0,,0.0,1
이문세,spillover,35,namu.wiki,ko,override,ko,ko,1.0,,0.0,1
이문세,spillover,36,www.tenasia.co.kr,ko,tld,ko,ko,0.97,,0.03,1
이문세,spillover,37,www.topstarnews.net,ko,override,ko,ko,1.0,,0.0,1
이문세,spillover,38,v.daum.net,ko,override,ko,ko,0.889,,0.111,1
이문세,spillover,39,www.kbswa.com,en,default,ko,ko,0.983,,0.017,0
이문세,spillover,40,sports.khan.co.kr,ko,override,ko,ko,1.0,,0.0,1
이문세,spillover,41,www.fntoday.co.kr,ko,tld,ko,ko,0.905,,0.095,1
이문세,spillover,42,www.hankookilbo.com,ko,override,ko,ko,1.0,,0.0,1
이문세,spillover,43,www.soompi.com,en,override,ko,ko,0.743,,0.257,0
이문세,spillover,44,www.soompi.com,en,override,ko,ko,0.821,,0.179,0
이문세,spillover,45,www.allkpop.com,en,override,ko,ko,0.908,,0.092,0
이문세,spillover,46,www.soompi.com,en,override,ko,ko,0.899,,0.101,0
이문세,spillover,47,bestofkorea.com,en,default,ko,ko,0.758,,0.242,0
이문세,spillover,48,www.njpac.org,en,default,ko,ko,0.911,,0.089,0
이문세,spillover,49,zh.wikipedia.org,zh,wiki,ko,ko,1.0,,0.0,0
윤도현,loyalty,0,ko.wikipedia.org,ko,wiki,ko,ko,0.959,,0.041,1
윤도현,loyalty,1,namu.wiki,ko,override,ko,ko,0.944,,0.056,1
윤도현,loyalty,2,ko.wikipedia.org,ko,wiki,ko,ko,1.0,,0.0,1
윤도현,loyalty,3,namu.wiki,ko,override,ko,ko,1.0,,0.0,1
윤도현,loyalty,4,namu.wiki,ko,override,ko,ko,1.0,,0.0,1
윤도현,loyalty,5,evrimagaci.org,en,default,ko,ko,0.971,,0.029,0
윤도현,loyalty,6,en.wikipedia.org,en,wiki,latin,en,1.043,,1.0,1
윤도현,loyalty,7,www.radiok1230.com,en,default,latin,en,1.086,,1.0,1
윤도현,loyalty,8,namu.wiki,ko,override,ko,ko,1.0,,0.0,1
윤도현,loyalty,9,www.koreadaily.com,ko,override,ko,ko,0.969,,0.031,1
윤도현,loyalty,10,jstoryyou.com,en,default,ko,ko,0.953,,0.047,0
윤도현,loyalty,11,atlantak.com,en,default,ko,ko,1.0,,0.0,0
윤도현,loyalty,12,namu.wiki,ko,override,ko,ko,0.5,,0.5,1
윤도현,loyalty,13,namu.wiki,ko,override,ko,ko,1.0,,0.0,1
윤도현,loyalty,14,hope.greenkorea.org,en,default,ko,ko,0.931,,0.069,0
윤도현,loyalty,15,hope.greenkorea.org,en,default,ko,ko,0.937,,0.063,0
윤도현,loyalty,16,namu.wiki,ko,override,ko,ko,0.946,,0.054,1
윤도현,loyalty,17,namu.wiki,ko,override,ko,ko,0.966,,0.034,1
윤도현,loyalty,18,namu.wiki,ko,override,ko,ko,0.931,,0.069,1
윤도현,loyalty,19,namu.wiki,ko,override,ko,ko,0.953,,0.047,1
윤도현,loyalty,20,namu.wiki,ko,override,ko,ko,0.946,,0.054,1
윤도현,loyalty,21,namu.wiki,ko,override,ko,ko,0.957,,0.043,1
윤도현,loyalty,22,jstoryyou.com,en,default,ko,ko,0.909,,0.091,0
윤도현,loyalty,23,v.daum.net,ko,override,ko,ko,0.688,,0.312,1
윤도현,loyalty,24,www.goodneighbors.kr,ko,tld,ko,ko,0.919,,0.081,1
윤도현,loyalty,25,www.topstarnews.net,ko,override,ko,ko,0.971,,0.029,1
윤도현,loyalty,26,namu.wiki,ko,override,ko,ko,0.887,,0.113,1
윤도현,loyalty,27,www.topstarnews.net,ko,override,ko,ko,0.747,,0.253,1
윤도현,loyalty,28,v.daum.net,ko,override,ko,ko,0.97,,0.03,1
윤도현,spillover,0,ko.wikipedia.org,ko,wiki,ko,ko,0.972,,0.028,1
윤도현,spillover,1,newsis.com,ko,override,ko,ko,1.0,,0.0,1
윤도현,spillover,2,namu.wiki,ko,override,ko,ko,0.947,,0.053,1
윤도현,spillover,3,en.wikipedia.org,en,wiki,ko,ko,0.929,,0.071,0
윤도현,spillover,4,namu.wiki,ko,override,ko,ko,1.0,,0.0,1
윤도현,spillover,5,en.wikipedia.org,en,wiki,latin,en,1.24,,1.0,1
윤도현,spillover,6,en.wikipedia.org,en,wiki,latin,en,1.142,,1.0,1
윤도현,spillover,7,atlantak.com,en,default,ko,ko,0.963,,0.037,0
윤도현,spillover,8,www.ohmynews.com,ko,override,ko,ko,1.0,,0.0,1
윤도현,spillover,9,localm.kr,ko,tld,ko,ko,1.0,,0.0,1
윤도현,spillover,10,www.worldkorean.net,en,default,ko,ko,0.955,,0.045,0
윤도현,spillover,11,coconutnews.jp,ja,tld,ko,ko,0.476,,0.107,0
윤도현,spillover,12,www.newspim.com,en,default,ko,ko,0.961,,0.039,0
윤도현,spillover,13,news.nate.com,ko,override,ko,ko,1.0,,0.0,1
윤도현,spillover,14,namu.wiki,ko,override,ko,ko,0.688,,0.312,1
윤도현,spillover,15,namu.wiki,ko,override,ko,ko,0.862,,0.138,1
윤도현,spillover,16,namu.wiki,ko,override,ko,ko,0.8,,0.2,1
윤도현,spillover,17,namu.wiki,ko,override,ko,ko,0.798,,0.202,1
윤도현,spillover,18,namu.wiki,ko,override,ko,ko,0.913,,0.087,1
윤도현,spillover,19,namu.wiki,ko,override,ko,ko,0.946,,0.054,1
윤도현,spillover,20,namu.wiki,ko,override,ko,ko,0.934,,0.066,1
윤도현,spillover,21,namu.wiki,ko,override,ko,ko,0.963,,0.037,1
윤도현,spillover,22,www.mt.co.kr,ko,override,ko,ko,1.0,,0.0,1
윤도현,spillover,23,kcmusa.org,en,default,ko,ko,0.958,,0.042,0
윤도현,spillover,24,www.fnnews.com,ko,override,ko,ko,0.971,,0.029,1
윤도현,spillover,25,www.fnnews.com,ko,override,ko,ko,0.953,,0.047,1
윤도현,spillover,26,www.hankyung.com,ko,override,ko,ko,1.0,,0.0,1
윤도현,spillover,27,newsis.com,ko,override,ko,ko,0.887,,0.113,1
윤도현,spillover,28,www.starnewskorea.com,en,override,ko,ko,0.966,,0.034,0
윤도현,spillover,29,news.sbs.co.kr,ko,override,ko,ko,0.7,,0.3,1
윤도현,spillover,30,www.xportsnews.com,ko,override,ko,ko,1.0,,0.0,1
윤도현,spillover,31,www.mt.co.kr,ko,override,ko,ko,1.0,,0.0,1
윤도현,spillover,32,v.daum.net,ko,override,ko,ko,0.971,,0.029,1
윤도현,spillover,33,namu.wiki,ko,override,ko,ko,0.742,,0.258,1
윤도현,spillover,34,www.douban.com,zh,override,ko,ko,0.705,,0.054,0
윤도현,spillover,35,www.koreaherald.com,en,override,ko,ko,0.663,,0.337,0
윤도현,spillover,36,www.koreaherald.com,en,override,ko,ko,0.793,,0.207,0
윤도현,spillover,37,www.koreaherald.com,en,override,ko,ko,0.922,,0.078,0
윤도현,spillover,38,www.koreaherald.com,en,override,ko,ko,0.782,,0.218,0
윤도현,spillover,39,www.koreajoongangdaily.com,en,default,ko,ko,0.733,,0.267,0
윤도현,spillover,40,rollingstonephilippines.com,en,default,ko,ko,0.827,,0.173,0
윤도현,spillover,41,m.kpopherald.com,en,default,ko,ko,0.952,,0.048,0
잔나비,loyalty,0,borathis.com,en,default,ko,ko,0.8,,0.2,0
잔나비,loyalty,1,namu.wiki,ko,override,ko,ko,1.0,,0.0,1
잔나비,loyalty,2,namu.wiki,ko,override,ko,ko,1.0,,0.0,1
잔나비,loyalty,3,namu.wiki,ko,override,ko,ko,1.0,,0.0,1
잔나비,loyalty,4,www.starnewskorea.com,en,override,latin,en,1.139,,0.983,1
잔나비,loyalty,5,namu.wiki,ko,override,latin,en,0.849,,0.932,0
잔나비,loyalty,6,www.hankyung.com,ko,override,ko,ko,0.919,,0.081,1
잔나비,loyalty,7,www.marieclaire.com.tw,zh,tld,latin,en,0.246,,0.656,0
잔나비,loyalty,8,tw.news.yahoo.com,en,default,ko,ko,0.683,,0.317,0
잔나비,loyalty,9,www.edaily.co.kr,ko,override,ko,ko,1.0,,0.0,1
잔나비,loyalty,10,www.detik.com,id,override,ko,ko,0.793,,0.207,0
잔나비,loyalty,11,www.idntimes.com,id,override,ko,ko,1.0,,0.0,0
잔나비,loyalty,12,www.idntimes.com,id,override,ko,ko,0.927,,0.073,0
잔나비,loyalty,13,www.idntimes.com,id,override,ko,ko,1.0,,0.0,0
잔나비,loyalty,14,www.gmanetwork.com,tl,override,ko,ko,1.0,,0.0,0
잔나비,loyalty,15,www.gmanetwork.com,tl,override,ko,ko,1.0,,0.0,0
잔나비,loyalty,16,v.daum.net,ko,override,ko,ko,0.965,,0.035,1
잔나비,loyalty,17,namu.wiki,ko,override,ko,ko,1.0,,0.0,1
잔나비,loyalty,18,namu.wiki,ko,override,ko,ko,0.783,,0.217,1
잔나비,loyalty,19,www.hankyung.com,ko,override,ko,ko,0.902,,0.098,1
잔나비,spillover,0,namu.wiki,ko,override,ko,ko,1.0,,0.0,1
잔나비,spillover,1,namu.wiki,ko,override,ko,ko,1.0,,0.0,1
잔나비,spillover,2,namu.wiki,ko,override,ko,ko,1.0,,0.0,1
잔나비,spillover,3,namu.wiki,ko,override,ko,ko,1.0,,0.0,1
잔나비,spillover,4,namu.wiki,ko,override,ko,ko,0.898,,0.102,1
잔나비,spillover,5,namu.wiki,ko,override,latin,en,1.278,,0.957,0
잔나비,spillover,6,namu.wiki,ko,override,latin,en,1.174,,1.0,0
잔나비,spillover,7,www.asiae.co.kr,ko,tld,ko,ko,0.796,,0.204,1
잔나비,spillover,8,baike.baidu.com,zh,override,latin,en,1.128,,0.966,0
잔나비,spillover,9,namu.wiki,ko,override,ko,ko,0.706,,0.294,1
잔나비,spillover,10,x.com,en,override,ko,ko,0.845,,0.155,0
잔나비,spillover,11,namu.wiki,ko,override,ko,ko,1.0,,0.0,1
잔나비,spillover,12,namu.wiki,ko,override,ko,ko,1.0,,0.0,1
잔나비,spillover,13,www.marieclaire.com.tw,zh,tld,ko,ko,0.781,,0.219,0
잔나비,spillover,14,www.starnewskorea.com,en,override,ko,ko,1.0,,0.0,0
잔나비,spillover,15,www.koreadaily.com,ko,override,ko,ko,1.0,,0.0,1
잔나비,spillover,16,v.daum.net,ko,override,ko,ko,0.833,,0.167,1
잔나비,spillover,17,m.news.nate.com,ko,override,ko,ko,0.973,,0.027,1
잔나비,spillover,18,ent.sbs.co.kr,ko,tld,ko,ko,1.0,,0.0,1
잔나비,spillover,19,namu.wiki,ko,override,ko,ko,1.0,,0.0,1
잔나비,spillover,20,namu.wiki,ko,override,ko,ko,0.818,,0.182,1
잔나비,spillover,21,namu.wiki,ko,override,ko,ko,1.0,,0.0,1
잔나비,spillover,22,namu.wiki,ko,override,ko,ko,0.935,,0.065,1
잔나비,spillover,23,namu.wiki,ko,override,ko,ko,0.889,,0.111,1
잔나비,spillover,24,namu.wiki,ko,override,ko,ko,0.854,,0.146,1
잔나비,spillover,25,namu.wiki,ko,override,ko,ko,0.947,,0.053,1
잔나비,spillover,26,namu.wiki,ko,override,ko,ko,1.0,,0.0,1
잔나비,spillover,27,namu.wiki,ko,override,ko,ko,0.923,,0.077,1
잔나비,spillover,28,namu.wiki,ko,override,ko,ko,0.956,,0.044,1
잔나비,spillover,29,www.fnnews.com,ko,override,ko,ko,1.0,,0.0,1
잔나비,spillover,30,www.sedaily.com,ko,override,ko,ko,1.0,,0.0,1
잔나비,spillover,31,namu.wiki,ko,override,ko,ko,0.879,,0.121,1
잔나비,spillover,32,namu.wiki,ko,override,ko,ko,1.0,,0.0,1
잔나비,spillover,33,namu.wiki,ko,override,ko,ko,0.857,,0.143,1
잔나비,spillover,34,namu.wiki,ko,override,ko,ko,1.0,,0.0,1
잔나비,spillover,35,namu.wiki,ko,override,ko,ko,0.556,,0.444,1
잔나비,spillover,36,ko.wikipedia.org,ko,wiki,ko,ko,0.837,,0.163,1
잔나비,spillover,37,ko.wikipedia.org,ko,wiki,ko,ko,1.0,,0.0,1
잔나비,spillover,38,ko.wikipedia.org,ko,wiki,ko,ko,0.947,,0.053,1
잔나비,spillover,39,namu.wiki,ko,override,ko,ko,1.0,,0.0,1
잔나비,spillover,40,www.hankyung.com,ko,override,ko,ko,1.0,,0.0,1
잔나비,spillover,41,www.munhwa.com,ko,override,ko,ko,0.66,,0.34,1
잔나비,spillover,42,v.daum.net,ko,override,ko,ko,1.0,,0.0,1
잔나비,spillover,43,v.daum.net,ko,override,ko,ko,1.0,,0.0,1
잔나비,spillover,44,buzzyroots.com,en,default,ko,ko,0.575,,0.425,0
잔나비,spillover,45,500times.udn.com,zh,override,ko,ko,0.575,,0.291,0
잔나비,spillover,46,bhodhit.jp,ja,tld,ko,ko,0.508,,0.3,0
잔나비,spillover,47,www.nautiljon.com,en,default,ko,ko,0.875,,0.125,0
잔나비,spillover,48,www.chicaregia.com,en,default,ko,ko,0.859,,0.141,0
CNBLUE,loyalty,0,en.wikipedia.org,en,wiki,ko,ko,0.807,,0.193,0
CNBLUE,loyalty,1,en.wikipedia.org,en,wiki,ko,ko,0.814,,0.186,0
CNBLUE,loyalty,2,en.wikipedia.org,en,wiki,ko,ko,0.833,,0.167,0
CNBLUE,loyalty,3,fncent.com,en,default,ko,ko,0.846,,0.154,0
CNBLUE,loyalty,4,namu.wiki,ko,override,ko,ko,0.827,,0.173,1
CNBLUE,loyalty,5,www.allkpop.com,en,override,latin,en,1.296,,1.0,1
CNBLUE,loyalty,6,en.wikipedia.org,en,wiki,latin,en,1.105,,1.0,1
CNBLUE,loyalty,7,natalie.mu,ja,override,latin,en,1.189,,1.0,0
CNBLUE,loyalty,8,www.barks.jp,ja,override,latin,en,1.519,,1.0,0
CNBLUE,loyalty,9,barks.jp,ja,override,latin,en,1.355,,1.0,0
CNBLUE,loyalty,10,www.barks.jp,ja,override,latin,en,1.205,,1.0,0
CNBLUE,loyalty,11,m.weibo.cn,zh,tld,latin,en,0.868,,0.979,0
CNBLUE,loyalty,12,m.weibo.cn,zh,tld,latin,en,0.763,,0.966,0
CNBLUE,loyalty,13,namu.wiki,ko,override,ko,ko,0.93,,0.07,1
CNBLUE,loyalty,14,mgronline.com,th,override,ko,ko,0.537,,0.463,0
CNBLUE,loyalty,15,www.antaranews.com,id,override,ko,ko,0.568,,0.432,0
CNBLUE,loyalty,16,www.idntimes.com,id,override,ko,ko,0.579,,0.421,0
CNBLUE,loyalty,17,www.suara.com,en,default,ko,ko,0.82,,0.18,0
CNBLUE,loyalty,18,www.allkpop.com,en,override,ko,ko,0.589,,0.411,0
CNBLUE,loyalty,19,www.hellokpop.com,en,default,ko,ko,0.622,,0.378,0
CNBLUE,loyalty,20,natalie.mu,ja,override,ja,ja,0.806,,0.194,1
CNBLUE,loyalty,21,star.ettoday.net,zh,override,zh,zh,1.0,,0.0,1
CNBLUE,loyalty,22,v.daum.net,ko,override,ko,ko,1.0,,0.0,1
CNBLUE,loyalty,23,www.gmanetwork.com,tl,override,ko,ko,1.0,,0.0,0
CNBLUE,loyalty,24,www.rappler.com,tl,override,ko,ko,0.719,,0.281,0
CNBLUE,loyalty,25,www.rappler.com,tl,override,ko,ko,1.0,,0.0,0
CNBLUE,loyalty,26,www.letras.mus.br,pt,tld,latin,pt,1.054,,0.536,1
CNBLUE,loyalty,27,www.hurriyet.com.tr,tr,override,ko,ko,0.805,,0.195,0
CNBLUE,loyalty,28,namu.wiki,ko,override,ko,ko,0.535,,0.465,1
CNBLUE,loyalty,29,namu.wiki,ko,override,ko,ko,0.885,,0.115,1
CNBLUE,loyalty,30,www.hankyung.com,ko,override,ko,ko,0.701,,0.299,1
CNBLUE,loyalty,31,kpopinparis.com,en,default,ko,ko,0.703,,0.297,0
CNBLUE,loyalty,32,cnblueboicespain.wordpress.com,en,default,ko,ko,0.68,,0.32,0
CNBLUE,spillover,0,en.wikipedia.org,en,wiki,ko,ko,1.0,,0.0,0
CNBLUE,spillover,1,en.wikipedia.org,en,wiki,ko,ko,0.81,,0.19,0
CNBLUE,spillover,2,namu.wiki,ko,override,ko,ko,0.792,,0.208,1
CNBLUE,spillover,3,en.wikipedia.org,en,wiki,ko,ko,1.0,,0.0,0
CNBLUE,spillover,4,en.wikipedia.org,en,wiki,latin,en,1.078,,1.0,1
CNBLUE,spillover,5,en.wikipedia.org,en,wiki,latin,en,1.261,,1.0,1
CNBLUE,spillover,6,www.koreaherald.com,en,override,ko,ko,0.727,,0.273,0
CNBLUE,spillover,7,www.koreaherald.com,en,override,ko,ko,0.811,,0.189,0
CNBLUE,spillover,8,www.oricon.co.jp,ja,tld,latin,en,1.531,,0.982,0
CNBLUE,spillover,9,barks.jp,ja,override,latin,en,1.207,,1.0,0
CNBLUE,spillover,10,natalie.mu,ja,override,latin,en,1.298,,1.0,0
CNBLUE,spillover,11,natalie.mu,ja,override,latin,en,1.213,,1.0,0
CNBLUE,spillover,12,www.barks.jp,ja,override,latin,en,1.541,,1.0,0
CNBLUE,spillover,13,www.koreaherald.com,en,override,ko,ko,0.844,,0.156,0
CNBLUE,spillover,14,kenh14.vn,vi,override,ko,ko,0.867,,0.133,0
CNBLUE,spillover,15,dantri.com.vn,vi,tld,ko,ko,0.624,,0.376,0
CNBLUE,spillover,16,www.antaranews.com,id,override,ko,ko,1.0,,0.0,0
CNBLUE,spillover,17,en.wikipedia.org,en,wiki,ko,ko,0.63,,0.37,0
CNBLUE,spillover,18,en.wikipedia.org,en,wiki,ko,ko,0.571,,0.429,0
CNBLUE,spillover,19,en.wikipedia.org,en,wiki,ko,ko,0.667,,0.333,0
CNBLUE,spillover,20,en.wikipedia.org,en,wiki,ko,ko,0.7,,0.3,0
CNBLUE,spillover,21,en.wikipedia.org,en,wiki,ko,ko,0.641,,0.359,0
CNBLUE,spillover,22,www.allkpop.com,en,override,ko,ko,0.857,,0.143,0
CNBLUE,spillover,23,natalie.mu,ja,override,ja,ja,0.793,,0.207,1
CNBLUE,spillover,24,m.ytn.co.kr,ko,override,ko,ko,0.93,,0.07,1
CNBLUE,spillover,25,www.mhnse.com,en,default,ko,ko,0.804,,0.196,0
CNBLUE,spillover,26,www.joynews24.com,en,default,ko,ko,1.0,,0.0,0
CNBLUE,spillover,27,www.mhnse.com,en,default,ko,ko,1.0,,0.0,0
CNBLUE,spillover,28,www.hankyung.com,ko,override,ko,ko,1.0,,0.0,1
CNBLUE,spillover,29,namu.wiki,ko,override,ko,ko,0.78,,0.22,1
CNBLUE,spillover,30,www.koreaherald.com,en,override,ko,ko,0.667,,0.333,0
CNBLUE,spillover,31,www.koreaherald.com,en,override,ko,ko,0.85,,0.15,0
CNBLUE,spillover,32,namu.wiki,ko,override,ko,ko,0.76,,0.24,1
CNBLUE,spillover,33,namu.wiki,ko,override,ko,ko,0.792,,0.208,1
CNBLUE,spillover,34,namu.wiki,ko,override,ko,ko,0.843,,0.157,1
CNBLUE,spillover,35,namu.wiki,ko,override,ko,ko,0.84,,0.064,1
CNBLUE,spillover,36,namu.wiki,ko,override,ko,ko,0.679,,0.321,1
CNBLUE,spillover,37,namu.wiki,ko,override,ko,ko,0.698,,0.302,1
CNBLUE,spillover,38,www.skyperfectv.co.jp,ja,tld,ko,ko,0.555,,0.416,0
CNBLUE,spillover,39,www.busan.go.kr,ko,tld,ko,ko,0.829,,0.171,1
CNBLUE,spillover,40,news.nate.com,ko,override,ko,ko,0.833,,0.167,1
CNBLUE,spillover,41,www.hurriyet.com.tr,tr,override,ko,ko,0.553,,0.447,0
CNBLUE,spillover,42,namu.wiki,ko,override,ko,ko,0.712,,0.288,1
CNBLUE,spillover,43,namu.wiki,ko,override,ko,ko,0.708,,0.292,1
CNBLUE,spillover,44,namu.wiki,ko,override,ko,ko,0.745,,0.255,1
CNBLUE,spillover,45,panamericana.pe,es,tld,ko,ko,0.677,,0.323,0
CNBLUE,spillover,46,v.daum.net,ko,override,ko,ko,0.943,,0.057,1
CNBLUE,spillover,47,stars.udn.com,zh,override,ko,ko,0.692,,0.023,0
CNBLUE,spillover,48,www.hk01.com,zh,override,ko,ko,0.819,,0.181,0
CNBLUE,spillover,49,3rabica.org,en,default,ko,ko,0.802,,0.198,0
CNBLUE,spillover,50,www.k-world.fr,fr,override,ko,ko,0.765,,0.235,0
BTS,loyalty,0,v.daum.net,ko,override,ko,ko,0.865,,0.135,1
BTS,loyalty,1,www.sedaily.com,ko,override,ko,ko,0.935,,0.065,1
BTS,loyalty,2,en.wikipedia.org,en,wiki,ko,ko,0.94,,0.06,0
BTS,loyalty,3,en.wikipedia.org,en,wiki,ko,ko,0.755,,0.245,0
BTS,loyalty,4,www.fnnews.com,ko,override,ko,ko,1.0,,0.0,1
BTS,loyalty,5,en.wikipedia.org,en,wiki,ko,ko,0.931,,0.069,0
BTS,loyalty,6,en.wikipedia.org,en,wiki,ko,ko,0.957,,0.043,0
BTS,loyalty,7,en.wikipedia.org,en,wiki,ko,ko,0.695,,0.305,0
BTS,loyalty,8,en.wikipedia.org,en,wiki,ko,ko,1.0,,0.0,0
BTS,loyalty,9,www.koreaherald.com,en,override,ko,ko,1.0,,0.0,0
BTS,loyalty,10,www.forbes.com,en,override,ko,ko,0.794,,0.206,0
BTS,loyalty,11,news24online.com,en,default,ko,ko,1.0,,0.0,0
BTS,loyalty,12,www.koreaherald.com,en,override,ko,ko,0.806,,0.194,0
BTS,loyalty,13,www.starnewskorea.com,en,override,ko,ko,0.825,,0.175,0
BTS,loyalty,14,www.starnewskorea.com,en,override,ko,ko,1.0,,0.0,0
BTS,loyalty,15,www.starnewskorea.com,en,override,ko,ko,0.974,,0.026,0
BTS,loyalty,16,www.starnewskorea.com,en,override,ko,ko,0.947,,0.053,0
BTS,loyalty,17,gizmodo.com,en,default,ko,ko,0.618,,0.382,0
BTS,loyalty,18,en.wikipedia.org,en,wiki,latin,en,0.838,,1.0,1
BTS,loyalty,19,en.wikipedia.org,en,wiki,latin,en,1.37,,1.0,1
BTS,loyalty,20,en.wikipedia.org,en,wiki,latin,en,0.745,,1.0,1
BTS,loyalty,21,en.wikipedia.org,en,wiki,latin,en,1.435,,1.0,1
BTS,loyalty,22,en.wikipedia.org,en,wiki,latin,en,1.535,,1.0,1
BTS,loyalty,23,www.dispatch.co.kr,ko,tld,latin,en,1.381,,1.0,0
BTS,loyalty,24,www.starnewskorea.com,en,override,latin,en,1.338,,1.0,1
BTS,loyalty,25,barks.jp,ja,override,ko,ko,0.789,,0.211,0
BTS,loyalty,26,barks.jp,ja,override,ko,ko,0.667,,0.333,0
BTS,loyalty,27,barks.jp,ja,override,ko,ko,0.737,,0.263,0
BTS,loyalty,28,barks.jp,ja,override,ko,ko,0.714,,0.286,0
BTS,loyalty,29,www.univision.com,es,override,ko,ko,0.827,,0.173,0
BTS,loyalty,30,www.univision.com,es,override,ko,ko,0.66,,0.34,0
BTS,loyalty,31,www.sisain.co.kr,ko,tld,ko,ko,1.0,,0.0,1
BTS,loyalty,32,www.medcom.id,id,tld,ko,ko,0.891,,0.109,0
BTS,loyalty,33,www.medcom.id,id,tld,ko,ko,0.825,,0.175,0
BTS,loyalty,34,www.cnnindonesia.com,id,override,ko,ko,0.933,,0.067,0
BTS,loyalty,35,www.sisain.co.kr,ko,tld,ko,ko,0.795,,0.205,1
BTS,loyalty,36,www.sisain.co.kr,ko,tld,ko,ko,1.0,,0.0,1
BTS,loyalty,37,www.sisain.co.kr,ko,tld,ko,ko,1.0,,0.0,1
BTS,loyalty,38,v.daum.net,ko,override,ko,ko,1.0,,0.0,1
BTS,loyalty,39,v.daum.net,ko,override,ko,ko,0.915,,0.085,1
BTS,loyalty,40,natalie.mu,ja,override,ja,ja,0.788,,0.212,1
BTS,loyalty,41,stars.udn.com,zh,override,zh,zh,1.0,,0.0,1
BTS,loyalty,42,www.infobae.com,es,override,latin,vi,1.0,,1.0,0
BTS,loyalty,43,www.eluniversal.com.mx,es,override,latin,vi,1.0,,1.0,0
BTS,loyalty,44,www.tribunnews.com,id,override,latin,id,2.174,,1.0,1
BTS,loyalty,45,www.tribunnews.com,id,override,latin,id,2.494,,1.0,1
BTS,loyalty,46,www.bharian.com.my,en,default,latin,id,2.439,,1.0,0
BTS,loyalty,47,ria.ru,ru,override,ru,ru,1.0,,0.0,1
BTS,loyalty,48,ria.ru,ru,override,ru,ru,1.0,,0.0,1
BTS,loyalty,49,tuoitre.vn,vi,override,latin,vi,1.0,,1.0,1
BTS,loyalty,50,www.starnewskorea.com,en,override,ko,ko,0.98,,0.02,0
BTS,loyalty,51,www.starnewskorea.com,en,override,ko,ko,0.884,,0.116,0
BTS,loyalty,52,v.daum.net,ko,override,ko,ko,0.739,,0.261,1
BTS,loyalty,53,namu.wiki,ko,override,ko,ko,0.88,,0.12,1
BTS,loyalty,54,namu.wiki,ko,override,ko,ko,0.586,,0.414,1
BTS,loyalty,55,www.gmanetwork.com,tl,override,ko,ko,0.868,,0.132,0
BTS,loyalty,56,www.pep.ph,tl,override,ko,ko,0.651,,0.349,0
BTS,loyalty,57,istoe.com.br,pt,tld,ko,ko,0.851,,0.149,0
BTS,loyalty,58,billboard.com.br,pt,tld,ko,ko,1.0,,0.0,0
BTS,loyalty,59,www.letras.mus.br,pt,tld,ko,ko,0.517,,0.483,0
BTS,loyalty,60,billboard.com.br,pt,tld,ko,ko,0.862,,0.138,0
BTS,loyalty,61,t24.com.tr,tr,tld,ko,ko,0.797,,0.203,0
BTS,loyalty,62,www.hankyung.com,ko,override,ko,ko,0.943,,0.057,1
BTS,loyalty,63,www.hankyung.com,ko,override,ko,ko,0.88,,0.12,1
BTS,loyalty,64,www.hankyung.com,ko,override,ko,ko,0.933,,0.067,1
BTS,loyalty,65,idea-noto.com,en,default,ko,ko,0.86,,0.132,0
BTS,loyalty,66,www.nme.com,en,override,ko,ko,0.875,,0.125,0
BTS,loyalty,67,www.cbc.ca,en,default,ko,ko,0.729,,0.271,0
BTS,loyalty,68,www.cbc.ca,en,default,ko,ko,0.696,,0.304,0
BTS,loyalty,69,www.timeout.com,en,override,ko,ko,0.733,,0.267,0
BTS,loyalty,70,www.allkpop.com,en,override,ko,ko,0.767,,0.233,0
BTS,loyalty,71,ar.wikipedia.org,ar,wiki,ko,ko,0.73,,0.27,0
BTS,loyalty,72,www.bts-armyfrance.fr,fr,tld,ko,ko,0.767,,0.233,0
BTS,loyalty,73,www.btsarmyspain.com,en,default,ko,ko,0.815,,0.185,0
BTS,spillover,0,en.wikipedia.org,en,wiki,ko,ko,0.882,,0.118,0
BTS,spillover,1,v.daum.net,ko,override,ko,ko,1.0,,0.0,1
BTS,spillover,2,v.daum.net,ko,override,ko,ko,0.954,,0.046,1
BTS,spillover,3,innosight.innocean.com,en,default,ko,ko,0.723,,0.277,0
BTS,spillover,4,en.wikipedia.org,en,wiki,ko,ko,0.917,,0.083,0
BTS,spillover,5,en.wikipedia.org,en,wiki,ko,ko,0.854,,0.146,0
BTS,spillover,6,en.wikipedia.org,en,wiki,ko,ko,0.942,,0.058,0
BTS,spillover,7,en.wikipedia.org,en,wiki,ko,ko,0.915,,0.085,0
BTS,spillover,8,en.wikipedia.org,en,wiki,ko,ko,0.905,,0.095,0
BTS,spillover,9,www.fnnews.com,ko,override,ko,ko,0.953,,0.047,1
BTS,spillover,10,www.khan.co.kr,ko,tld,ko,ko,0.919,,0.081,1
BTS,spillover,11,www.forbes.com,en,override,ko,ko,0.903,,0.097,0
BTS,spillover,12,www.starnewskorea.com,en,override,ko,ko,0.833,,0.167,0
BTS,spillover,13,www.hollywoodreporter.com,en,default,ko,ko,0.781,,0.219,0
BTS,spillover,14,www.malaymail.com,en,override,ko,ko,1.0,,0.0,0
BTS,spillover,15,www.forbes.com,en,override,ko,ko,0.914,,0.086,0
BTS,spillover,16,www.forbes.com,en,override,ko,ko,0.804,,0.196,0
BTS,spillover,17,www.forbes.com,en,override,ko,ko,0.978,,0.022,0
BTS,spillover,18,en.wikipedia.org,en,wiki,latin,en,1.345,,1.0,1
BTS,spillover,19,en.wikipedia.org,en,wiki,latin,en,1.598,,1.0,1
BTS,spillover,20,en.wikipedia.org,en,wiki,latin,en,1.289,,1.0,1
BTS,spillover,21,en.wikipedia.org,en,wiki,latin,en,1.068,,1.0,1
BTS,spillover,22,en.wikipedia.org,en,wiki,latin,en,1.273,,1.0,1
BTS,spillover,23,v.daum.net,ko,override,latin,en,1.451,,1.0,0
BTS,spillover,24,www.forbes.com,en,override,latin,en,1.287,,1.0,1
BTS,spillover,25,www.thespiritsbusiness.com,en,default,latin,en,1.037,,1.0,1
BTS,spillover,26,www.digitalmusicnews.com,en,default,latin,en,1.211,,1.0,1
BTS,spillover,27,news.livenationentertainment.com,en,default,latin,en,1.232,,1.0,1
BTS,spillover,28,www.kedglobal.com,ko,override,latin,en,1.038,,1.0,0
BTS,spillover,29,www.grammy.com,en,default,latin,en,0.775,,1.0,1
BTS,spillover,30,www.forbes.com,en,override,latin,en,1.369,,1.0,1
BTS,spillover,31,www.oricon.co.jp,ja,tld,ko,ko,0.68,,0.32,0
BTS,spillover,32,www.oricon.co.jp,ja,tld,ko,ko,0.893,,0.107,0
BTS,spillover,33,www.oricon.co.jp,ja,tld,ko,ko,0.875,,0.125,0
BTS,spillover,34,www.oricon.co.jp,ja,tld,ko,ko,0.906,,0.094,0
BTS,spillover,35,www.oricon.co.jp,ja,tld,ko,ko,0.914,,0.086,0
BTS,spillover,36,natalie.mu,ja,override,ko,ko,0.774,,0.226,0
BTS,spillover,37,barks.jp,ja,override,ko,ko,0.621,,0.379,0
BTS,spillover,38,barks.jp,ja,override,ko,ko,0.698,,0.302,0
BTS,spillover,39,news.sina.com.cn,zh,override,ko,ko,0.742,,0.258,0
BTS,spillover,40,finance.sina.com.cn,zh,override,ko,ko,0.727,,0.273,0
BTS,spillover,41,ent.sina.com.cn,zh,override,ko,ko,0.681,,0.319,0
BTS,spillover,42,www.infobae.com,es,override,ko,ko,0.821,,0.179,0
BTS,spillover,43,www.infobae.com,es,override,ko,ko,0.6,,0.4,0
BTS,spillover,44,www.univision.com,es,override,ko,ko,0.755,,0.245,0
BTS,spillover,45,www.univision.com,es,override,ko,ko,0.783,,0.217,0
BTS,spillover,46,www.univision.com,es,override,ko,ko,0.625,,0.375,0
BTS,spillover,47,www.univision.com,es,override,ko,ko,0.7,,0.3,0
BTS,spillover,48,www.etoday.co.kr,ko,tld,ko,ko,0.948,,0.052,1
BTS,spillover,49,www.gwnews.org,en,default,ko,ko,0.933,,0.067,0
BTS,spillover,50,vntravellive.com,en,default,ko,ko,0.831,,0.169,0
BTS,spillover,51,www.medcom.id,id,tld,ko,ko,0.936,,0.064,0
BTS,spillover,52,oppal.co.id,id,tld,ko,ko,0.881,,0.119,0
BTS,spillover,53,en.wikipedia.org,en,wiki,latin,en,0.742,,0.711,1
BTS,spillover,54,en.wikipedia.org,en,wiki,latin,en,1.12,,0.809,1
BTS,spillover,55,en.wikipedia.org,en,wiki,ko,ko,0.681,,0.319,0
BTS,spillover,56,en.wikipedia.org,en,wiki,ko,ko,0.645,,0.355,0
BTS,spillover,57,en.wikipedia.org,en,wiki,ko,ko,0.867,,0.133,0
BTS,spillover,58,en.wikipedia.org,en,wiki,ko,ko,1.0,,0.0,0
BTS,spillover,59,love.seoul.go.kr,ko,tld,ko,ko,0.932,,0.068,1
BTS,spillover,60,www.hankyung.com,ko,override,ko,ko,0.875,,0.125,1
BTS,spillover,61,news.nate.com,ko,override,ko,ko,0.935,,0.065,1
BTS,spillover,62,www.visitbusan.net,en,default,ko,ko,0.919,,0.081,0
BTS,spillover,63,tournwine.com,en,default,ko,ko,0.929,,0.071,0
BTS,spillover,64,natalie.mu,ja,override,ja,ja,0.88,,0.12,1
BTS,spillover,65,www.infobae.com,es,override,latin,vi,1.0,,1.0,0
BTS,spillover,66,www.infobae.com,es,override,latin,es,1.476,,1.0,1
BTS,spillover,67,ria.ru,ru,override,ru,ru,0.927,,0.073,1
BTS,spillover,68,ria.ru,ru,override,ru,ru,0.816,,0.184,1
BTS,spillover,69,www.allkpop.com,en,override,latin,en,0.826,,1.0,1
BTS,spillover,70,www.starnewskorea.com,en,override,ko,ko,1.0,,0.0,0
BTS,spillover,71,www.sisajournal.com,en,default,ko,ko,0.883,,0.117,0
BTS,spillover,72,www.philstar.com,tl,override,ko,ko,0.938,,0.062,0
BTS,spillover,73,www.terra.com.br,pt,override,ko,ko,0.789,,0.211,0
BTS,spillover,74,sports.khan.co.kr,ko,override,ko,ko,0.833,,0.167,1
BTS,spillover,75,variety.com,en,default,ko,ko,0.709,,0.291,0
BTS,spillover,76,www.koreaboo.com,en,override,ko,ko,0.783,,0.217,0
BTS,spillover,77,www.malaymail.com,en,override,ko,ko,0.769,,0.231,0
BTS,spillover,78,vtv.vn,vi,tld,ko,ko,0.75,,0.25,0
BTS,spillover,79,time.com,en,default,ko,ko,0.614,,0.386,0
BTS,spillover,80,prtimes.jp,ja,tld,ko,ko,0.743,,0.076,0
BTS,spillover,81,www.cnnbrasil.com.br,pt,override,ko,ko,0.573,,0.427,0
BTS,spillover,82,www.idntimes.com,id,override,latin,en,0.377,,0.558,0
BTS,spillover,83,news.qq.com,zh,override,ko,ko,0.812,,0.062,0
BTS,spillover,84,en.wikipedia.org,en,wiki,ko,ko,0.721,,0.279,0
BTS,spillover,85,www.ohmynews.com,ko,override,ko,ko,0.92,,0.08,1
BTS,spillover,86,www.hankookilbo.com,ko,override,ko,ko,0.881,,0.119,1
BTS,spillover,87,www.hankookilbo.com,ko,override,ko,ko,0.921,,0.079,1
BTS,spillover,88,www.hankookilbo.com,ko,override,ko,ko,0.91,,0.09,1
BTS,spillover,89,www.hankookilbo.com,ko,override,ko,ko,0.936,,0.064,1
BTS,spillover,90,www.hankookilbo.com,ko,override,ko,ko,0.806,,0.194,1
BTS,spillover,91,www.hankookilbo.com,ko,override,ko,ko,0.909,,0.091,1
BTS,spillover,92,www.hankookilbo.com,ko,override,ko,ko,0.921,,0.079,1
BTS,spillover,93,www.forbeskorea.co.kr,ko,tld,ko,ko,0.968,,0.032,1
BTS,spillover,94,www.dtoday.co.kr,ko,tld,ko,ko,0.96,,0.04,1
BTS,spillover,95,www.hankyung.com,ko,override,ko,ko,0.935,,0.065,1
BTS,spillover,96,bigpara.hurriyet.com.tr,tr,override,ko,ko,0.788,,0.212,0
BTS,spillover,97,www.numberone.com.tr,tr,tld,ko,ko,0.882,,0.118,0
BTS,spillover,98,kr.trip.com,en,default,ko,ko,0.735,,0.265,0
BTS,spillover,99,design.co.kr,ko,tld,ko,ko,0.903,,0.097,1
BTS,spillover,100,mobile.newsis.com,ko,override,ko,ko,0.897,,0.103,1
BTS,spillover,101,design.co.kr,ko,tld,ko,ko,0.864,,0.136,1
BTS,spillover,102,design.co.kr,ko,tld,ko,ko,0.875,,0.125,1
BTS,spillover,103,design.co.kr,ko,tld,ko,ko,0.929,,0.071,1
BTS,spillover,104,namu.wiki,ko,override,ko,ko,0.893,,0.107,1
BTS,spillover,105,namu.wiki,ko,override,ko,ko,0.867,,0.133,1
BTS,spillover,106,namu.wiki,ko,override,ko,ko,0.906,,0.094,1
BTS,spillover,107,namu.wiki,ko,override,ko,ko,0.923,,0.077,1
BTS,spillover,108,namu.wiki,ko,override,ko,ko,0.841,,0.159,1
BTS,spillover,109,namu.wiki,ko,override,ko,ko,0.78,,0.22,1
BTS,spillover,110,namu.wiki,ko,override,ko,ko,0.854,,0.146,1
BTS,spillover,111,namu.wiki,ko,override,ko,ko,0.595,,0.405,1
BTS,spillover,112,namu.wiki,ko,override,ko,ko,0.9,,0.1,1
BTS,spillover,113,namu.wiki,ko,override,ko,ko,0.721,,0.279,1
BTS,spillover,114,namu.wiki,ko,override,ko,ko,0.919,,0.081,1
BTS,spillover,115,namu.wiki,ko,override,ko,ko,0.667,,0.333,1
BTS,spillover,116,namu.wiki,ko,override,ko,ko,0.805,,0.195,1
BTS,spillover,117,namu.wiki,ko,override,ko,ko,1.0,,0.0,1
BTS,spillover,118,namu.wiki,ko,override,ko,ko,0.581,,0.419,1
BTS,spillover,119,www.brandinginasia.com,en,default,ko,ko,0.766,,0.234,0
BTS,spillover,120,namu.wiki,ko,override,ko,ko,0.735,,0.265,1
BTS,spillover,121,v.daum.net,ko,override,ko,ko,0.829,,0.171,1
BTS,spillover,122,k-gen.fr,fr,tld,ko,ko,0.847,,0.153,0
BTS,spillover,123,v.daum.net,ko,override,ko,ko,0.853,,0.147,1
BTS,spillover,124,radiokorea.com,en,default,ko,ko,0.967,,0.033,0
BTS,spillover,125,mbiz.heraldcorp.com,ko,override,ko,ko,0.8,,0.2,1
BTS,spillover,126,www.starnewskorea.com,en,override,ko,ko,0.92,,0.08,0
BTS,spillover,127,www.allkpop.com,en,override,ko,ko,0.945,,0.055,0
BTS,spillover,128,www.vogue.co.kr,ko,tld,ko,ko,0.94,,0.06,1
BTS,spillover,129,www.nme.com,en,override,ko,ko,0.912,,0.088,0
BTS,spillover,130,www.cbc.ca,en,default,ko,ko,0.878,,0.122,0
BTS,spillover,131,www.theglobeandmail.com,en,default,ko,ko,0.69,,0.31,0
BTS,spillover,132,ca.billboard.com,en,override,ko,ko,0.936,,0.064,0
BTS,spillover,133,www.cbc.ca,en,default,ko,ko,0.778,,0.222,0
BTS,spillover,134,www.deccanchronicle.com,en,default,ko,ko,0.509,,0.491,0
BTS,spillover,135,sportskeeda.com,en,override,ko,ko,0.547,,0.453,0
BTS,spillover,136,www.pinkvilla.com,en,default,ko,ko,0.628,,0.372,0
BTS,spillover,137,www.pinkvilla.com,en,default,ko,ko,0.506,,0.494,0
BTS,spillover,138,www.aria.com.au,en,default,ko,ko,0.811,,0.189,0
BTS,spillover,139,www.aria.com.au,en,default,ko,ko,0.597,,0.403,0
BTS,spillover,140,www.stuff.co.nz,en,default,ko,ko,0.871,,0.129,0
BTS,spillover,141,www.stuff.co.nz,en,default,ko,ko,0.879,,0.121,0
BTS,spillover,142,iol.co.za,en,default,ko,ko,0.758,,0.242,0
BTS,spillover,143,m.channel24.co.za,en,default,ko,ko,0.848,,0.152,0
BTS,spillover,144,www.iol.co.za,en,default,ko,ko,0.814,,0.186,0
BTS,spillover,145,iol.co.za,en,default,ko,ko,0.827,,0.173,0
BTS,spillover,146,www.allkpop.com,en,override,ko,ko,0.651,,0.349,0
BTS,spillover,147,ar.wikipedia.org,ar,wiki,ko,ko,0.888,,0.112,0
BTS,spillover,148,www.lofficiel.com,en,default,ko,ko,0.745,,0.255,0
BTS,spillover,149,fr.wikipedia.org,fr,wiki,ko,ko,0.95,,0.05,0
BTS,spillover,150,www.lanacion.com.ar,es,override,ko,ko,0.823,,0.177,0
BTS,spillover,151,www.revistagente.com,en,default,ko,ko,0.795,,0.205,0
BTS,spillover,152,es.rollingstone.com,en,default,ko,ko,0.898,,0.102,0
SEVENTEEN,loyalty,0,namu.wiki,ko,override,ko,ko,0.9,,0.1,1
SEVENTEEN,loyalty,1,en.wikipedia.org,en,wiki,ko,ko,0.684,,0.316,0
SEVENTEEN,loyalty,2,en.wikipedia.org,en,wiki,ko,ko,0.854,,0.146,0
SEVENTEEN,loyalty,3,en.wikipedia.org,en,wiki,ko,ko,0.779,,0.221,0
SEVENTEEN,loyalty,4,en.wikipedia.org,en,wiki,ko,ko,1.0,,0.0,0
SEVENTEEN,loyalty,5,en.wikipedia.org,en,wiki,ko,ko,0.589,,0.411,0
SEVENTEEN,loyalty,6,en.wikipedia.org,en,wiki,ko,ko,0.921,,0.079,0
SEVENTEEN,loyalty,7,en.wikipedia.org,en,wiki,ko,ko,0.633,,0.367,0
SEVENTEEN,loyalty,8,en.wikipedia.org,en,wiki,ko,ko,0.851,,0.149,0
SEVENTEEN,loyalty,9,en.wikipedia.org,en,wiki,ko,ko,0.617,,0.383,0
SEVENTEEN,loyalty,10,en.wikipedia.org,en,wiki,ko,ko,0.692,,0.308,0
SEVENTEEN,loyalty,11,en.wikipedia.org,en,wiki,ko,ko,0.781,,0.219,0
SEVENTEEN,loyalty,12,en.wikipedia.org,en,wiki,ko,ko,0.756,,0.244,0
SEVENTEEN,loyalty,13,en.wikipedia.org,en,wiki,ko,ko,1.0,,0.0,0
SEVENTEEN,loyalty,14,en.wikipedia.org,en,wiki,ko,ko,1.0,,0.0,0
SEVENTEEN,loyalty,15,en.wikipedia.org,en,wiki,ko,ko,1.0,,0.0,0
SEVENTEEN,loyalty,16,en.wikipedia.org,en,wiki,latin,en,1.431,,1.0,1
SEVENTEEN,loyalty,17,en.wikipedia.org,en,wiki,latin,en,1.395,,1.0,1
SEVENTEEN,loyalty,18,en.wikipedia.org,en,wiki,latin,en,1.452,,1.0,1
SEVENTEEN,loyalty,19,www.starnewskorea.com,en,override,latin,en,1.476,,1.0,1
SEVENTEEN,loyalty,20,www.oricon.co.jp,ja,tld,ko,ko,1.0,,0.0,0
SEVENTEEN,loyalty,21,www.infobae.com,es,override,ko,ko,0.725,,0.275,0
SEVENTEEN,loyalty,22,www.infobae.com,es,override,ko,ko,0.689,,0.311,0
SEVENTEEN,loyalty,23,www.breaknews.com,en,default,ko,ko,0.865,,0.135,0
SEVENTEEN,loyalty,24,www.breaknews.com,en,default,ko,ko,0.714,,0.286,0
SEVENTEEN,loyalty,25,www.cnnindonesia.com,id,override,ko,ko,0.516,,0.484,0
SEVENTEEN,loyalty,26,en.wikipedia.org,en,wiki,ko,ko,1.0,,0.0,0
SEVENTEEN,loyalty,27,en.wikipedia.org,en,wiki,ko,ko,1.0,,0.0,0
SEVENTEEN,loyalty,28,en.wikipedia.org,en,wiki,ko,ko,1.0,,0.0,0
SEVENTEEN,loyalty,29,en.wikipedia.org,en,wiki,latin,id,0.157,,0.474,0
SEVENTEEN,loyalty,30,en.wikipedia.org,en,wiki,ko,ko,0.706,,0.294,0
SEVENTEEN,loyalty,31,en.wikipedia.org,en,wiki,ko,ko,0.577,,0.423,0
SEVENTEEN,loyalty,32,en.wikipedia.org,en,wiki,ko,ko,0.649,,0.243,0
SEVENTEEN,loyalty,33,en.wikipedia.org,en,wiki,ko,ko,0.903,,0.097,0
SEVENTEEN,loyalty,34,www.sina.cn,zh,tld,ko,ko,0.781,,0.094,0
SEVENTEEN,loyalty,35,sportskeeda.com,en,override,latin,en,0.719,,0.8,1
SEVENTEEN,loyalty,36,www.sina.cn,zh,tld,ko,ko,0.684,,0.316,0
SEVENTEEN,loyalty,37,www.ellechina.com,en,default,ko,ko,0.674,,0.326,0
SEVENTEEN,loyalty,38,benmingxing.com,en,default,ko,ko,1.0,,0.0,0
SEVENTEEN,loyalty,39,www.sina.cn,zh,tld,ko,ko,0.5,,0.5,0
SEVENTEEN,loyalty,40,benmingxing.com,en,default,ko,ko,0.773,,0.0,0
SEVENTEEN,loyalty,41,en.wikipedia.org,en,wiki,ko,ko,0.846,,0.0,0
SEVENTEEN,loyalty,42,en.wikipedia.org,en,wiki,ko,ko,0.8,,0.0,0
SEVENTEEN,loyalty,43,en.namu.wiki,en,wiki,latin,en,0.415,,0.525,1
SEVENTEEN,loyalty,44,en.wikipedia.org,en,wiki,latin,en,0.582,,0.512,1
SEVENTEEN,loyalty,45,en.wikipedia.org,en,wiki,ko,ko,0.517,,0.483,0
SEVENTEEN,loyalty,46,www.koreaboo.com,en,override,ko,ko,0.952,,0.048,0
SEVENTEEN,loyalty,47,vogue.sg,en,default,ko,ko,0.692,,0.308,0
SEVENTEEN,loyalty,48,wwd.com,en,override,ko,ko,0.783,,0.217,0
SEVENTEEN,loyalty,49,culted.com,en,default,ko,ko,0.75,,0.25,0
SEVENTEEN,loyalty,50,sportskeeda.com,en,override,ko,ko,0.611,,0.389,0
SEVENTEEN,loyalty,51,en.wikipedia.org,en,wiki,ko,ko,0.529,,0.471,0
SEVENTEEN,loyalty,52,en.wikipedia.org,en,wiki,latin,en,1.189,,0.842,1
SEVENTEEN,loyalty,53,en.wikipedia.org,en,wiki,latin,en,0.621,,0.754,1
SEVENTEEN,loyalty,54,www.jejusori.net,en,default,ko,ko,1.0,,0.0,0
SEVENTEEN,loyalty,55,isplus.com,ko,override,ko,ko,1.0,,0.0,1
SEVENTEEN,loyalty,56,www.detik.com,id,override,latin,id,2.822,,1.0,1
SEVENTEEN,loyalty,57,www.thairath.co.th,th,override,th,th,0.87,,0.13,1
SEVENTEEN,loyalty,58,vietnamnet.vn,vi,tld,latin,vi,1.0,,1.0,1
SEVENTEEN,loyalty,59,www.hankookilbo.com,ko,override,ko,ko,0.955,,0.0,1
SEVENTEEN,loyalty,60,v.daum.net,ko,override,ko,ko,1.0,,0.0,1
SEVENTEEN,loyalty,61,pop.inquirer.net,tl,override,latin,en,1.09,,0.566,0
SEVENTEEN,loyalty,62,mb.com.ph,tl,override,ko,ko,0.757,,0.243,0
SEVENTEEN,loyalty,63,www.bandwagon.asia,en,override,ko,ko,0.805,,0.195,0
SEVENTEEN,loyalty,64,zukkabrasil.com.br,pt,tld,ko,ko,0.641,,0.359,0
SEVENTEEN,loyalty,65,seventeencaratstr.wixsite.com,en,default,ko,ko,0.744,,0.256,0
SEVENTEEN,loyalty,66,v.daum.net,ko,override,ko,ko,0.821,,0.179,1
SEVENTEEN,loyalty,67,news.nate.com,ko,override,ko,ko,1.0,,0.0,1
SEVENTEEN,loyalty,68,www.seoul.co.kr,ko,tld,ko,ko,1.0,,0.0,1
SEVENTEEN,loyalty,69,www.seventeen-17.jp,ja,tld,ko,ko,0.711,,0.289,0
SEVENTEEN,loyalty,70,www.nzherald.co.nz,en,default,ko,ko,0.84,,0.16,0
SEVENTEEN,spillover,0,en.wikipedia.org,en,wiki,ko,ko,0.722,,0.278,0
SEVENTEEN,spillover,1,en.wikipedia.org,en,wiki,ko,ko,0.769,,0.231,0
SEVENTEEN,spillover,2,en.wikipedia.org,en,wiki,ko,ko,0.842,,0.158,0
SEVENTEEN,spillover,3,en.wikipedia.org,en,wiki,ko,ko,0.97,,0.03,0
SEVENTEEN,spillover,4,en.wikipedia.org,en,wiki,ko,ko,0.875,,0.125,0
SEVENTEEN,spillover,5,en.wikipedia.org,en,wiki,ko,ko,0.591,,0.409,0
SEVENTEEN,spillover,6,en.wikipedia.org,en,wiki,ko,ko,0.895,,0.105,0
SEVENTEEN,spillover,7,en.wikipedia.org,en,wiki,ko,ko,0.979,,0.021,0
SEVENTEEN,spillover,8,en.wikipedia.org,en,wiki,ko,ko,0.964,,0.036,0
SEVENTEEN,spillover,9,en.wikipedia.org,en,wiki,ko,ko,0.962,,0.038,0
SEVENTEEN,spillover,10,en.wikipedia.org,en,wiki,ko,ko,0.958,,0.042,0
SEVENTEEN,spillover,11,en.wikipedia.org,en,wiki,ko,ko,1.0,,0.0,0
SEVENTEEN,spillover,12,en.wikipedia.org,en,wiki,ko,ko,1.0,,0.0,0
SEVENTEEN,spillover,13,en.wikipedia.org,en,wiki,ko,ko,0.72,,0.28,0
SEVENTEEN,spillover,14,en.wikipedia.org,en,wiki,ko,ko,0.778,,0.222,0
SEVENTEEN,spillover,15,en.wikipedia.org,en,wiki,latin,en,0.863,,0.533,1
SEVENTEEN,spillover,16,www.allkpop.com,en,override,latin,en,0.948,,1.0,1
SEVENTEEN,spillover,17,en.wikipedia.org,en,wiki,latin,en,0.959,,1.0,1
SEVENTEEN,spillover,18,en.wikipedia.org,en,wiki,latin,en,1.217,,1.0,1
SEVENTEEN,spillover,19,en.wikipedia.org,en,wiki,latin,en,0.812,,1.0,1
SEVENTEEN,spillover,20,biz.heraldcorp.com,ko,override,latin,en,1.292,,1.0,0
SEVENTEEN,spillover,21,m.sedaily.com,ko,override,latin,en,0.927,,0.993,0
SEVENTEEN,spillover,22,www.koreaherald.com,en,override,latin,en,0.979,,1.0,1
SEVENTEEN,spillover,23,www.allkpop.com,en,override,latin,en,1.178,,1.0,1
SEVENTEEN,spillover,24,www.tokyohive.com,en,default,latin,en,1.164,,1.0,1
SEVENTEEN,spillover,25,www.koreajoongangdaily.com,en,default,latin,en,1.46,,1.0,1
SEVENTEEN,spillover,26,www.dipe.co.kr,ko,tld,latin,en,1.082,,1.0,0
SEVENTEEN,spillover,27,www.ticketmaster.com,en,default,latin,en,1.351,,1.0,1
SEVENTEEN,spillover,28,www.oricon.co.jp,ja,tld,ko,ko,1.0,,0.0,0
SEVENTEEN,spillover,29,www.oricon.co.jp,ja,tld,ko,ko,1.0,,0.0,0
SEVENTEEN,spillover,30,www.oricon.co.jp,ja,tld,ko,ko,1.0,,0.0,0
SEVENTEEN,spillover,31,www.infobae.com,es,override,ko,ko,0.698,,0.302,0
SEVENTEEN,spillover,32,www.rnx.kr,ko,tld,ko,ko,0.934,,0.066,1
SEVENTEEN,spillover,33,www.idntimes.com,id,override,ko,ko,0.877,,0.123,0
SEVENTEEN,spillover,34,www.hankyung.com,ko,override,ko,ko,1.0,,0.0,1
SEVENTEEN,spillover,35,www.hankyung.com,ko,override,ko,ko,1.0,,0.0,1
SEVENTEEN,spillover,36,en.wikipedia.org,en,wiki,ko,ko,0.758,,0.242,0
SEVENTEEN,spillover,37,www.oricon.co.jp,ja,tld,ko,ko,0.654,,0.346,0
SEVENTEEN,spillover,38,en.wikipedia.org,en,wiki,latin,en,0.833,,0.672,1
SEVENTEEN,spillover,39,www.sina.cn,zh,tld,ko,ko,0.929,,0.071,0
SEVENTEEN,spillover,40,en.wikipedia.org,en,wiki,ko,ko,0.588,,0.412,0
SEVENTEEN,spillover,41,en.wikipedia.org,en,wiki,ko,ko,0.656,,0.344,0
SEVENTEEN,spillover,42,en.wikipedia.org,en,wiki,latin,en,0.656,,0.634,1
SEVENTEEN,spillover,43,en.wikipedia.org,en,wiki,ko,ko,0.757,,0.243,0
SEVENTEEN,spillover,44,www.jejusori.net,en,default,ko,ko,1.0,,0.0,0
SEVENTEEN,spillover,45,www.instagram.com,en,override,ko,ko,1.0,,0.0,0
SEVENTEEN,spillover,46,x.com,en,override,ko,ko,1.0,,0.0,0
SEVENTEEN,spillover,47,star.ettoday.net,zh,override,zh,zh,0.789,,0.211,1
SEVENTEEN,spillover,48,www.infobae.com,es,override,latin,es,1.511,,1.0,1
SEVENTEEN,spillover,49,www.topstarnews.net,ko,override,ko,ko,1.0,,0.0,1
SEVENTEEN,spillover,50,www.topstarnews.net,ko,override,ko,ko,1.0,,0.0,1
SEVENTEEN,spillover,51,www.starnewskorea.com,en,override,ko,ko,1.0,,0.0,0
SEVENTEEN,spillover,52,namu.wiki,ko,override,ko,ko,0.72,,0.28,1
SEVENTEEN,spillover,53,namu.wiki,ko,override,ko,ko,0.767,,0.233,1
SEVENTEEN,spillover,54,v.daum.net,ko,override,ko,ko,1.0,,0.0,1
SEVENTEEN,spillover,55,billboard.com.br,pt,tld,ko,ko,1.0,,0.0,0
SEVENTEEN,spillover,56,en.wikipedia.org,en,wiki,ko,ko,0.676,,0.324,0
SEVENTEEN,spillover,57,en.wikipedia.org,en,wiki,ko,ko,0.654,,0.346,0
SEVENTEEN,spillover,58,en.wikipedia.org,en,wiki,ko,ko,0.556,,0.444,0
SEVENTEEN,spillover,59,en.wikipedia.org,en,wiki,ko,ko,0.506,,0.494,0
SEVENTEEN,spillover,60,en.wikipedia.org,en,wiki,ko,ko,0.506,,0.494,0
SEVENTEEN,spillover,61,www.jemin.com,en,default,ko,ko,0.88,,0.12,0
SEVENTEEN,spillover,62,www.starnewskorea.com,en,override,ko,ko,0.898,,0.102,0
SEVENTEEN,spillover,63,design.co.kr,ko,tld,ko,ko,1.0,,0.0,1
SEVENTEEN,spillover,64,namu.wiki,ko,override,ko,ko,0.867,,0.0,1
SEVENTEEN,spillover,65,prtimes.jp,ja,tld,ko,ko,0.702,,0.298,0
SEVENTEEN,spillover,66,www.kukinews.com,en,default,ko,ko,0.96,,0.04,0
SEVENTEEN,spillover,67,www.dispatch.co.kr,ko,tld,ko,ko,1.0,,0.0,1
SEVENTEEN,spillover,68,biz.heraldcorp.com,ko,override,ko,ko,1.0,,0.0,1
SEVENTEEN,spillover,69,v.daum.net,ko,override,ko,ko,0.69,,0.31,1
SEVENTEEN,spillover,70,v.daum.net,ko,override,ko,ko,0.69,,0.31,1
SEVENTEEN,spillover,71,www.topstarnews.net,ko,override,ko,ko,0.924,,0.038,1
SEVENTEEN,spillover,72,www.hankyung.com,ko,override,ko,ko,0.812,,0.188,1
SEVENTEEN,spillover,73,v.daum.net,ko,override,ko,ko,0.826,,0.174,1
SEVENTEEN,spillover,74,sports.khan.co.kr,ko,override,ko,ko,0.638,,0.362,1
SEVENTEEN,spillover,75,sports.khan.co.kr,ko,override,ko,ko,0.684,,0.316,1
SEVENTEEN,spillover,76,www.hk01.com,zh,override,ko,ko,0.385,,0.308,0
SEVENTEEN,spillover,77,benmingxing.com,en,default,ko,ko,0.783,,0.12,0
SEVENTEEN,spillover,78,www.bilibili.com,en,default,ko,ko,0.788,,0.076,0
SEVENTEEN,spillover,79,www.officialcharts.com,en,default,ko,ko,0.625,,0.375,0
SEVENTEEN,spillover,80,www.nzherald.co.nz,en,default,ko,ko,0.925,,0.075,0
SEVENTEEN,spillover,81,www.rnz.co.nz,en,default,ko,ko,0.902,,0.098,0
SEVENTEEN,spillover,82,www.aljazeera.net,ar,override,ko,ko,0.783,,0.217,0
SEVENTEEN,spillover,83,www.aljazeera.net,ar,override,ko,ko,0.676,,0.324,0
SEVENTEEN,spillover,84,www.nautiljon.com,en,default,ko,ko,0.73,,0.27,0
SEVENTEEN,spillover,85,www.excelsior.com.mx,es,override,ko,ko,0.824,,0.176,0
Stray Kids,loyalty,0,namu.wiki,ko,override,latin,en,1.335,,0.558,0
Stray Kids,loyalty,1,en.wikipedia.org,en,wiki,ko,ko,0.868,,0.132,0
Stray Kids,loyalty,2,en.wikipedia.org,en,wiki,ko,ko,1.0,,0.0,0
Stray Kids,loyalty,3,en.wikipedia.org,en,wiki,ko,ko,0.75,,0.25,0
Stray Kids,loyalty,4,en.wikipedia.org,en,wiki,ko,ko,0.882,,0.118,0
Stray Kids,loyalty,5,en.wikipedia.org,en,wiki,ko,ko,0.7,,0.3,0
Stray Kids,loyalty,6,en.wikipedia.org,en,wiki,ko,ko,0.865,,0.135,0
Stray Kids,loyalty,7,en.wikipedia.org,en,wiki,ko,ko,1.0,,0.0,0
Stray Kids,loyalty,8,en.wikipedia.org,en,wiki,ko,ko,0.809,,0.191,0
Stray Kids,loyalty,9,en.wikipedia.org,en,wiki,ko,ko,0.861,,0.139,0
Stray Kids,loyalty,10,en.wikipedia.org,en,wiki,ko,ko,1.0,,0.0,0
Stray Kids,loyalty,11,en.wikipedia.org,en,wiki,ko,ko,0.911,,0.089,0
Stray Kids,loyalty,12,en.wikipedia.org,en,wiki,ko,ko,0.725,,0.275,0
Stray Kids,loyalty,13,en.wikipedia.org,en,wiki,ko,ko,0.745,,0.255,0
Stray Kids,loyalty,14,en.wikipedia.org,en,wiki,latin,en,1.188,,1.0,1
Stray Kids,loyalty,15,en.wikipedia.org,en,wiki,latin,en,1.125,,1.0,1
Stray Kids,loyalty,16,www.allkpop.com,en,override,latin,en,1.123,,1.0,1
Stray Kids,loyalty,17,en.wikipedia.org,en,wiki,latin,en,1.111,,1.0,1
Stray Kids,loyalty,18,v.daum.net,ko,override,latin,en,1.038,,1.0,0
Stray Kids,loyalty,19,www.infobae.com,es,override,ko,ko,0.868,,0.132,0
Stray Kids,loyalty,20,www.oricon.co.jp,ja,tld,ko,ko,1.0,,0.0,0
Stray Kids,loyalty,21,m.ticket.yes24.com,en,default,ko,ko,0.614,,0.386,0
Stray Kids,loyalty,22,www.starnewskorea.com,en,override,ko,ko,0.616,,0.384,0
Stray Kids,loyalty,23,www.thairath.co.th,th,override,latin,en,0.938,,0.547,0
Stray Kids,loyalty,24,wolipop.detik.com,id,override,ko,ko,0.714,,0.286,0
Stray Kids,loyalty,25,20.detik.com,id,override,ko,ko,0.676,,0.324,0
Stray Kids,loyalty,26,hot.detik.com,id,override,latin,id,1.487,,0.527,1
Stray Kids,loyalty,27,www.tickettw.com,en,default,ko,ko,0.595,,0.405,0
Stray Kids,loyalty,28,www.infobae.com,es,override,ko,ko,0.589,,0.411,0
Stray Kids,loyalty,29,www.thestandard.com.hk,zh,tld,ko,ko,0.935,,0.065,0
Stray Kids,loyalty,30,au.rollingstone.com,en,default,ko,ko,0.691,,0.309,0
Stray Kids,loyalty,31,www.ibtimes.com,en,default,ko,ko,0.97,,0.03,0
Stray Kids,loyalty,32,natalie.mu,ja,override,ja,ja,0.759,,0.241,1
Stray Kids,loyalty,33,www.eluniversal.com.mx,es,override,latin,vi,1.0,,1.0,0
Stray Kids,loyalty,34,www.idntimes.com,id,override,latin,id,3.312,,1.0,1
Stray Kids,loyalty,35,www.idntimes.com,id,override,latin,id,2.313,,1.0,1
Stray Kids,loyalty,36,www.idntimes.com,id,override,latin,id,2.956,,1.0,1
Stray Kids,loyalty,37,mgronline.com,th,override,th,th,0.941,,0.059,1
Stray Kids,loyalty,38,mgronline.com,th,override,th,th,1.0,,0.0,1
Stray Kids,loyalty,39,www.mk.ru,ru,override,ru,ru,0.81,,0.19,1
Stray Kids,loyalty,40,www.yesasia.ru,ru,override,ru,ru,1.0,,0.0,1
Stray Kids,loyalty,41,www.yesasia.ru,ru,override,ru,ru,1.0,,0.0,1
Stray Kids,loyalty,42,www.yesasia.ru,ru,override,ru,ru,1.0,,0.0,1
Stray Kids,loyalty,43,www.yesasia.ru,ru,override,ru,ru,0.927,,0.073,1
Stray Kids,loyalty,44,v.daum.net,ko,override,ko,ko,0.977,,0.023,1
Stray Kids,loyalty,45,www.starnewskorea.com,en,override,ko,ko,1.0,,0.0,0
Stray Kids,loyalty,46,namu.wiki,ko,override,ko,ko,0.8,,0.2,1
Stray Kids,loyalty,47,www.philstar.com,tl,override,ko,ko,0.758,,0.242,0
Stray Kids,loyalty,48,www.rappler.com,tl,override,ko,ko,0.783,,0.217,0
Stray Kids,loyalty,49,www.terra.com.br,pt,override,ko,ko,0.674,,0.326,0
Stray Kids,loyalty,50,billboard.com.br,pt,tld,ko,ko,0.973,,0.027,0
Stray Kids,loyalty,51,billboard.com.br,pt,tld,ko,ko,0.974,,0.026,0
Stray Kids,loyalty,52,www.omelete.com.br,pt,tld,ko,ko,0.72,,0.28,0
Stray Kids,loyalty,53,x.com,en,override,latin,en,1.53,,0.522,1
Stray Kids,loyalty,54,fanplus.co.kr,ko,tld,ko,ko,0.86,,0.14,1
Stray Kids,loyalty,55,ko.wikipedia.org,ko,wiki,ko,ko,0.845,,0.155,1
Stray Kids,loyalty,56,www.infobae.com,es,override,ko,ko,0.849,,0.151,0
Stray Kids,loyalty,57,straykidsfrance.com,en,default,ko,ko,0.742,,0.258,0
Stray Kids,spillover,0,en.wikipedia.org,en,wiki,ko,ko,1.0,,0.0,0
Stray Kids,spillover,1,en.wikipedia.org,en,wiki,latin,en,1.217,,0.536,1
Stray Kids,spillover,2,en.wikipedia.org,en,wiki,ko,ko,0.875,,0.125,0
Stray Kids,spillover,3,en.wikipedia.org,en,wiki,ko,ko,1.0,,0.0,0
Stray Kids,spillover,4,en.wikipedia.org,en,wiki,ko,ko,0.86,,0.14,0
Stray Kids,spillover,5,en.wikipedia.org,en,wiki,ko,ko,1.0,,0.0,0
Stray Kids,spillover,6,en.wikipedia.org,en,wiki,ko,ko,0.983,,0.017,0
Stray Kids,spillover,7,en.wikipedia.org,en,wiki,ko,ko,0.979,,0.021,0
Stray Kids,spillover,8,en.wikipedia.org,en,wiki,ko,ko,0.917,,0.083,0
Stray Kids,spillover,9,en.wikipedia.org,en,wiki,ko,ko,1.0,,0.0,0
Stray Kids,spillover,10,en.wikipedia.org,en,wiki,ko,ko,1.0,,0.0,0
Stray Kids,spillover,11,en.wikipedia.org,en,wiki,ko,ko,1.0,,0.0,0
Stray Kids,spillover,12,en.wikipedia.org,en,wiki,ko,ko,1.0,,0.0,0
Stray Kids,spillover,13,en.wikipedia.org,en,wiki,ko,ko,1.0,,0.0,0
Stray Kids,spillover,14,en.wikipedia.org,en,wiki,ko,ko,0.909,,0.091,0
Stray Kids,spillover,15,en.wikipedia.org,en,wiki,latin,en,0.982,,1.0,1
Stray Kids,spillover,16,www.allkpop.com,en,override,latin,en,1.586,,1.0,1
Stray Kids,spillover,17,en.wikipedia.org,en,wiki,latin,en,1.17,,1.0,1
Stray Kids,spillover,18,en.wikipedia.org,en,wiki,latin,en,0.962,,1.0,1
Stray Kids,spillover,19,www.starnewskorea.com,en,override,latin,en,1.316,,1.0,1
Stray Kids,spillover,20,www.fnnews.com,ko,override,latin,en,1.14,,1.0,0
Stray Kids,spillover,21,wwd.com,en,override,latin,en,1.225,,1.0,1
Stray Kids,spillover,22,wwd.com,en,override,latin,en,1.144,,1.0,1
Stray Kids,spillover,23,bookingagentinfo.com,en,default,latin,en,1.074,,1.0,1
Stray Kids,spillover,24,www.billboard.com,en,override,latin,en,1.653,,1.0,1
Stray Kids,spillover,25,mb.com.ph,tl,override,latin,en,1.44,,1.0,0
Stray Kids,spillover,26,www.malaymail.com,en,override,latin,en,0.784,,1.0,1
Stray Kids,spillover,27,thebeat.asia,en,default,latin,en,1.373,,1.0,1
Stray Kids,spillover,28,www.oricon.co.jp,ja,tld,ko,ko,0.923,,0.077,0
Stray Kids,spillover,29,www.oricon.co.jp,ja,tld,ko,ko,1.0,,0.0,0
Stray Kids,spillover,30,www.oricon.co.jp,ja,tld,ko,ko,0.818,,0.182,0
Stray Kids,spillover,31,www.oricon.co.jp,ja,tld,ko,ko,1.0,,0.0,0
Stray Kids,spillover,32,www.oricon.co.jp,ja,tld,ko,ko,0.895,,0.105,0
Stray Kids,spillover,33,www.infobae.com,es,override,ko,ko,0.794,,0.206,0
Stray Kids,spillover,34,www.infobae.com,es,override,ko,ko,0.568,,0.432,0
Stray Kids,spillover,35,www.infobae.com,es,override,ko,ko,0.83,,0.17,0
Stray Kids,spillover,36,www.starnewskorea.com,en,override,ko,ko,0.929,,0.071,0
Stray Kids,spillover,37,respawn.outlookindia.com,en,default,ko,ko,0.66,,0.34,0
Stray Kids,spillover,38,www.kompas.com,id,override,ko,ko,0.824,,0.176,0
Stray Kids,spillover,39,www.thairath.co.th,th,override,ko,ko,0.779,,0.221,0
Stray Kids,spillover,40,20.detik.com,id,override,ko,ko,0.75,,0.25,0
Stray Kids,spillover,41,en.wikipedia.org,en,wiki,ko,ko,0.509,,0.491,0
Stray Kids,spillover,42,en.wikipedia.org,en,wiki,ko,ko,0.621,,0.379,0
Stray Kids,spillover,43,en.wikipedia.org,en,wiki,ko,ko,0.881,,0.119,0
Stray Kids,spillover,44,www.yesasia.ru,ru,override,ru,ru,0.615,,0.0,1
Stray Kids,spillover,45,www.mk.ru,ru,override,ru,ru,0.651,,0.216,1
Stray Kids,spillover,46,www.mk.ru,ru,override,latin,en,0.366,,0.392,0
Stray Kids,spillover,47,www.oricon.co.jp,ja,tld,ko,ko,0.818,,0.182,0
Stray Kids,spillover,48,www.infobae.com,es,override,ko,ko,0.66,,0.34,0
Stray Kids,spillover,49,www.allkpop.com,en,override,ko,ko,0.588,,0.412,0
Stray Kids,spillover,50,www.topdigital.com.au,en,default,ko,ko,0.741,,0.259,0
Stray Kids,spillover,51,www.sbs.com.au,en,default,ko,ko,0.814,,0.186,0
Stray Kids,spillover,52,www.russh.com,en,default,ko,ko,0.585,,0.415,0
Stray Kids,spillover,53,www.allkpop.com,en,override,ko,ko,0.793,,0.207,0
Stray Kids,spillover,54,www.businesswire.com,en,default,ko,ko,0.841,,0.159,0
Stray Kids,spillover,55,hypebeast.com,en,override,ko,ko,0.815,,0.185,0
Stray Kids,spillover,56,www.sportskeeda.com,en,override,ko,ko,0.882,,0.118,0
Stray Kids,spillover,57,hypebeast.com,en,override,latin,en,0.51,,0.541,1
Stray Kids,spillover,58,www.nme.com,en,override,ko,ko,0.52,,0.48,0
Stray Kids,spillover,59,natalie.mu,ja,override,ja,ja,0.795,,0.205,1
Stray Kids,spillover,60,money.udn.com,zh,override,zh,zh,1.0,,0.0,1
Stray Kids,spillover,61,www.eluniversal.com.mx,es,override,latin,vi,1.0,,1.0,0
Stray Kids,spillover,62,www.mk.ru,ru,override,ru,ru,0.957,,0.043,1
Stray Kids,spillover,63,x.com,en,override,ko,ko,0.944,,0.0,0
Stray Kids,spillover,64,www.youtube.com,en,override,latin,en,1.0,,0.786,1
Stray Kids,spillover,65,www.news1.kr,ko,override,ko,ko,0.775,,0.225,1
Stray Kids,spillover,66,en.wikipedia.org,en,wiki,ko,ko,0.515,,0.485,0
Stray Kids,spillover,67,en.wikipedia.org,en,wiki,latin,en,1.663,,0.635,1
Stray Kids,spillover,68,en.wikipedia.org,en,wiki,latin,en,1.082,,0.62,1
Stray Kids,spillover,69,en.wikipedia.org,en,wiki,ko,ko,0.534,,0.398,0
Stray Kids,spillover,70,en.wikipedia.org,en,wiki,ko,ko,0.542,,0.458,0
Stray Kids,spillover,71,www.newspim.com,en,default,ko,ko,1.0,,0.0,0
Stray Kids,spillover,72,www.korezin.com,en,default,ko,ko,0.819,,0.181,0
Stray Kids,spillover,73,kpopofficial.com,en,default,ko,ko,0.575,,0.425,0
Stray Kids,spillover,74,www.newspim.com,en,default,ko,ko,0.849,,0.151,0
Stray Kids,spillover,75,namu.wiki,ko,override,ko,ko,0.695,,0.305,1
Stray Kids,spillover,76,design.co.kr,ko,tld,ko,ko,1.0,,0.0,1
Stray Kids,spillover,77,design.co.kr,ko,tld,ko,ko,1.0,,0.0,1
Stray Kids,spillover,78,en.wikipedia.org,en,wiki,ko,ko,1.0,,0.0,0
Stray Kids,spillover,79,en.wikipedia.org,en,wiki,ko,ko,1.0,,0.0,0
Stray Kids,spillover,80,namu.wiki,ko,override,ko,ko,0.714,,0.286,1
Stray Kids,spillover,81,en.wikipedia.org,en,wiki,ko,ko,0.675,,0.325,0
Stray Kids,spillover,82,en.wikipedia.org,en,wiki,latin,en,1.166,,0.508,1
Stray Kids,spillover,83,en.wikipedia.org,en,wiki,ko,ko,0.829,,0.171,0
Stray Kids,spillover,84,en.wikipedia.org,en,wiki,ko,ko,1.0,,0.0,0
Stray Kids,spillover,85,www.mt.co.kr,ko,override,ko,ko,0.921,,0.079,1
Stray Kids,spillover,86,v.daum.net,ko,override,ko,ko,0.922,,0.078,1
Stray Kids,spillover,87,www.marieclairekorea.com,en,default,ko,ko,0.806,,0.194,0
Stray Kids,spillover,88,www.marieclairekorea.com,en,default,ko,ko,1.0,,0.0,0
Stray Kids,spillover,89,www.koreaboo.com,en,override,ko,ko,0.887,,0.113,0
Stray Kids,spillover,90,www.harpersbazaar.co.kr,ko,tld,ko,ko,1.0,,0.0,1
Stray Kids,spillover,91,star.ettoday.net,zh,override,ko,ko,0.644,,0.23,0
Stray Kids,spillover,92,www.officialcharts.com,en,default,ko,ko,0.544,,0.456,0
Stray Kids,spillover,93,www.officialcharts.com,en,default,ko,ko,0.542,,0.458,0
Stray Kids,spillover,94,www.theglobeandmail.com,en,default,ko,ko,1.0,,0.0,0
Stray Kids,spillover,95,www.theglobeandmail.com,en,default,ko,ko,1.0,,0.0,0
Stray Kids,spillover,96,ca.billboard.com,en,override,ko,ko,0.819,,0.181,0
Stray Kids,spillover,97,www.pinkvilla.com,en,default,ko,ko,0.575,,0.425,0
Stray Kids,spillover,98,www.pinkvilla.com,en,default,ko,ko,0.661,,0.339,0
Stray Kids,spillover,99,fortemagazine.com.au,en,default,ko,ko,0.8,,0.2,0
Stray Kids,spillover,100,www.aria.com.au,en,default,ko,ko,0.697,,0.303,0
Stray Kids,spillover,101,www.riotimesonline.com,en,default,ko,ko,0.709,,0.291,0
Stray Kids,spillover,102,blog.delivered.co.kr,ko,tld,ko,ko,0.633,,0.311,1
Stray Kids,spillover,103,rpp.pe,es,tld,ko,ko,0.941,,0.059,0
Stray Kids,spillover,104,www.elespectador.com,en,default,ko,ko,0.753,,0.247,0
RIIZE,loyalty,0,namu.wiki,ko,override,ko,ko,0.811,,0.189,1
RIIZE,loyalty,1,en.wikipedia.org,en,wiki,ko,ko,0.821,,0.179,0
RIIZE,loyalty,2,en.wikipedia.org,en,wiki,ko,ko,0.788,,0.212,0
RIIZE,loyalty,3,en.wikipedia.org,en,wiki,ko,ko,0.887,,0.113,0
RIIZE,loyalty,4,en.wikipedia.org,en,wiki,ko,ko,0.853,,0.147,0
RIIZE,loyalty,5,en.wikipedia.org,en,wiki,ko,ko,1.0,,0.0,0
RIIZE,loyalty,6,en.wikipedia.org,en,wiki,ko,ko,0.783,,0.217,0
RIIZE,loyalty,7,en.wikipedia.org,en,wiki,ko,ko,1.0,,0.0,0
RIIZE,loyalty,8,en.wikipedia.org,en,wiki,ko,ko,0.981,,0.019,0
RIIZE,loyalty,9,en.wikipedia.org,en,wiki,ko,ko,1.0,,0.0,0
RIIZE,loyalty,10,en.wikipedia.org,en,wiki,ko,ko,1.0,,0.0,0
RIIZE,loyalty,11,en.wikipedia.org,en,wiki,ko,ko,1.0,,0.0,0
RIIZE,loyalty,12,en.wikipedia.org,en,wiki,latin,en,1.048,,1.0,1
RIIZE,loyalty,13,en.wikipedia.org,en,wiki,latin,en,1.012,,1.0,1
RIIZE,loyalty,14,en.wikipedia.org,en,wiki,latin,en,0.942,,1.0,1
RIIZE,loyalty,15,www.rbbtoday.com,en,default,latin,en,1.255,,1.0,1
RIIZE,loyalty,16,www.msn.com,en,override,latin,en,0.963,,1.0,1
RIIZE,loyalty,17,www.oricon.co.jp,ja,tld,ko,ko,1.0,,0.0,0
RIIZE,loyalty,18,v.daum.net,ko,override,ko,ko,1.0,,0.0,1
RIIZE,loyalty,19,www.sportsworldi.com,ko,override,ko,ko,1.0,,0.0,1
RIIZE,loyalty,20,news.sbs.co.kr,ko,override,ko,ko,0.921,,0.079,1
RIIZE,loyalty,21,www.thaitv5hd.com,en,default,ko,ko,0.692,,0.308,0
RIIZE,loyalty,22,www.starnewskorea.com,en,override,ko,ko,0.878,,0.122,0
RIIZE,loyalty,23,www.yesasia.ru,ru,override,ko,ko,0.94,,0.06,0
RIIZE,loyalty,24,www.yesasia.ru,ru,override,ko,ko,0.514,,0.486,0
RIIZE,loyalty,25,www.infobae.com,es,override,latin,es,1.297,,0.612,1
RIIZE,loyalty,26,mdpr.jp,ja,tld,ja,ja,0.93,,0.07,1
RIIZE,loyalty,27,www.thairath.co.th,th,override,th,th,0.919,,0.081,1
RIIZE,loyalty,28,m.dailian.co.kr,ko,tld,ko,ko,1.0,,0.0,1
RIIZE,loyalty,29,star.ytn.co.kr,ko,override,ko,ko,0.957,,0.043,1
RIIZE,loyalty,30,www.smentertainment.com,ko,override,ko,ko,0.5,,0.5,1
RIIZE,loyalty,31,mb.com.ph,tl,override,ko,ko,0.806,,0.194,0
RIIZE,loyalty,32,www.cnnbrasil.com.br,pt,override,ko,ko,0.769,,0.231,0
RIIZE,loyalty,33,billboard.com.br,pt,tld,ko,ko,0.898,,0.102,0
RIIZE,loyalty,34,www.nocutnews.co.kr,ko,tld,ko,ko,0.861,,0.139,1
RIIZE,loyalty,35,www.ngojournal.co.kr,ko,tld,ko,ko,0.873,,0.127,1
RIIZE,loyalty,36,biz.heraldcorp.com,ko,override,ko,ko,0.849,,0.151,1
RIIZE,loyalty,37,isplus.com,ko,override,ko,ko,1.0,,0.0,1
RIIZE,loyalty,38,isplus.com,ko,override,ko,ko,0.75,,0.25,1
RIIZE,loyalty,39,www.hankyung.com,ko,override,ko,ko,1.0,,0.0,1
RIIZE,loyalty,40,www.asiaartistawards.com,en,default,ko,ko,0.872,,0.128,0
RIIZE,loyalty,41,www.ngojournal.co.kr,ko,tld,ko,ko,0.977,,0.023,1
RIIZE,loyalty,42,www.asiaartistawards.com,en,default,ko,ko,1.0,,0.0,0
RIIZE,loyalty,43,www.sina.cn,zh,tld,ko,ko,0.733,,0.216,0
RIIZE,loyalty,44,arakpop.com,en,default,ko,ko,0.705,,0.295,0
RIIZE,spillover,0,namu.wiki,ko,override,ko,ko,0.8,,0.2,1
RIIZE,spillover,1,namu.wiki,ko,override,ko,ko,1.0,,0.0,1
RIIZE,spillover,2,namu.wiki,ko,override,ko,ko,0.909,,0.091,1
RIIZE,spillover,3,en.wikipedia.org,en,wiki,ko,ko,0.773,,0.227,0
RIIZE,spillover,4,en.wikipedia.org,en,wiki,ko,ko,0.878,,0.122,0
RIIZE,spillover,5,en.wikipedia.org,en,wiki,ko,ko,1.0,,0.0,0
RIIZE,spillover,6,en.wikipedia.org,en,wiki,ko,ko,0.986,,0.014,0
RIIZE,spillover,7,en.wikipedia.org,en,wiki,ko,ko,0.95,,0.05,0
RIIZE,spillover,8,en.wikipedia.org,en,wiki,ko,ko,0.84,,0.16,0
RIIZE,spillover,9,en.wikipedia.org,en,wiki,ko,ko,1.0,,0.0,0
RIIZE,spillover,10,en.wikipedia.org,en,wiki,ko,ko,1.0,,0.0,0
RIIZE,spillover,11,en.wikipedia.org,en,wiki,ko,ko,1.0,,0.0,0
RIIZE,spillover,12,en.wikipedia.org,en,wiki,ko,ko,1.0,,0.0,0
RIIZE,spillover,13,hypebeast.com,en,override,latin,en,1.246,,1.0,1
RIIZE,spillover,14,en.wikipedia.org,en,wiki,latin,en,1.155,,1.0,1
RIIZE,spillover,15,en.wikipedia.org,en,wiki,latin,en,0.699,,1.0,1
RIIZE,spillover,16,biz.chosun.com,ko,override,latin,en,1.23,,1.0,0
RIIZE,spillover,17,www.koreaherald.com,en,override,latin,en,1.271,,1.0,1
RIIZE,spillover,18,www.digitalmusicnews.com,en,default,latin,en,1.081,,1.0,1
RIIZE,spillover,19,vergemagazine.co.uk,en,default,latin,en,0.789,,1.0,1
RIIZE,spillover,20,www.allkpop.com,en,override,latin,en,1.119,,1.0,1
RIIZE,spillover,21,www.allkpop.com,en,override,latin,en,1.068,,1.0,1
RIIZE,spillover,22,www.oricon.co.jp,ja,tld,ko,ko,0.975,,0.025,0
RIIZE,spillover,23,www.oricon.co.jp,ja,tld,ko,ko,1.0,,0.0,0
RIIZE,spillover,24,www.oricon.co.jp,ja,tld,ko,ko,0.914,,0.086,0
RIIZE,spillover,25,www.oricon.co.jp,ja,tld,ko,ko,1.0,,0.0,0
RIIZE,spillover,26,natalie.mu,ja,override,ko,ko,0.809,,0.191,0
RIIZE,spillover,27,jasumo.com,en,default,ko,ko,0.781,,0.219,0
RIIZE,spillover,28,www.kapanlagi.com,id,override,ko,ko,0.685,,0.315,0
RIIZE,spillover,29,sports.khan.co.kr,ko,override,ko,ko,0.862,,0.138,1
RIIZE,spillover,30,sports.khan.co.kr,ko,override,ko,ko,0.931,,0.069,1
RIIZE,spillover,31,namu.wiki,ko,override,ko,ko,0.833,,0.167,1
RIIZE,spillover,32,k.sina.com.cn,zh,override,ko,ko,0.578,,0.12,0
RIIZE,spillover,33,www.oricon.co.jp,ja,tld,ko,ko,0.484,,0.198,0
RIIZE,spillover,34,www.oricon.co.jp,ja,tld,ja,ja,0.431,,0.215,1
RIIZE,spillover,35,www.yesasia.ru,ru,override,ko,ko,0.667,,0.333,0
RIIZE,spillover,36,kstyle.com,en,default,ko,ko,0.605,,0.395,0
RIIZE,spillover,37,numero.jp,ja,tld,ko,ko,0.667,,0.333,0
RIIZE,spillover,38,prtimes.jp,ja,tld,ko,ko,0.896,,0.104,0
RIIZE,spillover,39,www.oricon.co.jp,ja,tld,ko,ko,1.0,,0.0,0
RIIZE,spillover,40,www.sanyonews.jp,ja,tld,ko,ko,1.0,,0.0,0
RIIZE,spillover,41,v.daum.net,ko,override,ko,ko,1.0,,0.0,1
RIIZE,spillover,42,www.koreadaily.com,ko,override,ko,ko,1.0,,0.0,1
RIIZE,spillover,43,mdpr.jp,ja,tld,ja,ja,0.528,,0.472,1
RIIZE,spillover,44,enews.imbc.com,en,default,ko,ko,0.679,,0.321,0
RIIZE,spillover,45,news.nate.com,ko,override,ko,ko,0.741,,0.259,1
RIIZE,spillover,46,enews.imbc.com,en,default,ko,ko,0.639,,0.361,0
RIIZE,spillover,47,www.asiae.co.kr,ko,tld,ko,ko,0.926,,0.074,1
RIIZE,spillover,48,www.cnnbrasil.com.br,pt,override,ko,ko,0.843,,0.157,0
RIIZE,spillover,49,exame.com,en,default,ko,ko,0.756,,0.244,0
RIIZE,spillover,50,en.wikipedia.org,en,wiki,ko,ko,0.569,,0.431,0
RIIZE,spillover,51,en.wikipedia.org,en,wiki,ko,ko,0.792,,0.208,0
RIIZE,spillover,52,en.wikipedia.org,en,wiki,ko,ko,0.604,,0.396,0
RIIZE,spillover,53,www.korezin.com,en,default,ko,ko,0.915,,0.085,0
RIIZE,spillover,54,www.starnewskorea.com,en,override,ko,ko,0.894,,0.106,0
RIIZE,spillover,55,namu.wiki,ko,override,ko,ko,0.512,,0.488,1
RIIZE,spillover,56,www.bizwnews.com,en,default,ko,ko,0.896,,0.104,0
RIIZE,spillover,57,design.co.kr,ko,tld,ko,ko,1.0,,0.0,1
RIIZE,spillover,58,news.samsung.com,en,default,ko,ko,0.984,,0.016,0
RIIZE,spillover,59,namu.wiki,ko,override,ko,ko,1.0,,0.0,1
RIIZE,spillover,60,namu.wiki,ko,override,ko,ko,1.0,,0.0,1
RIIZE,spillover,61,namu.wiki,ko,override,ko,ko,0.82,,0.18,1
RIIZE,spillover,62,fan.books.rakuten.co.jp,ja,tld,ko,ko,0.768,,0.232,0
RIIZE,spillover,63,www.ajunews.com,ko,override,ko,ko,1.0,,0.0,1
RIIZE,spillover,64,www.edaily.co.kr,ko,override,ko,ko,0.97,,0.03,1
RIIZE,spillover,65,www.koreadaily.com,ko,override,ko,ko,0.968,,0.032,1
RIIZE,spillover,66,www.marieclairekorea.com,en,default,ko,ko,1.0,,0.0,0
RIIZE,spillover,67,www.starnewskorea.com,en,override,ko,ko,0.851,,0.149,0
RIIZE,spillover,68,www.oricon.co.jp,ja,tld,ko,ko,0.889,,0.111,0
RIIZE,spillover,69,www.esquirekorea.co.kr,ko,tld,ko,ko,0.756,,0.244,1
RIIZE,spillover,70,www.epochtimes.com,en,default,ko,ko,0.584,,0.065,0
RIIZE,spillover,71,www.dazeddigital.com,en,default,ko,ko,0.719,,0.281,0
RIIZE,spillover,72,www.rollingstone.co.uk,en,default,ko,ko,0.73,,0.27,0
RIIZE,spillover,73,leclaireur.fnac.com,en,default,ko,ko,0.677,,0.323,0
RIIZE,spillover,74,heraldodemexico.com.mx,es,override,ko,ko,0.728,,0.272,0
RIIZE,spillover,75,www.adn40.mx,es,tld,ko,ko,0.954,,0.046,0
NCT,loyalty,0,en.wikipedia.org,en,wiki,ko,ko,0.746,,0.254,0
NCT,loyalty,1,en.wikipedia.org,en,wiki,ko,ko,0.754,,0.246,0
NCT,loyalty,2,en.wikipedia.org,en,wiki,ko,ko,0.788,,0.212,0
NCT,loyalty,3,en.wikipedia.org,en,wiki,ko,ko,0.667,,0.333,0
NCT,loyalty,4,en.wikipedia.org,en,wiki,ko,ko,0.667,,0.333,0
NCT,loyalty,5,en.wikipedia.org,en,wiki,ko,ko,0.719,,0.281,0
NCT,loyalty,6,en.wikipedia.org,en,wiki,ko,ko,0.724,,0.276,0
NCT,loyalty,7,namu.wiki,ko,override,ko,ko,0.958,,0.042,1
NCT,loyalty,8,en.wikipedia.org,en,wiki,ko,ko,0.977,,0.023,0
NCT,loyalty,9,en.wikipedia.org,en,wiki,ko,ko,0.72,,0.28,0
NCT,loyalty,10,en.wikipedia.org,en,wiki,ko,ko,0.725,,0.275,0
NCT,loyalty,11,en.wikipedia.org,en,wiki,ko,ko,0.653,,0.347,0
NCT,loyalty,12,en.wikipedia.org,en,wiki,ko,ko,0.532,,0.468,0
NCT,loyalty,13,en.wikipedia.org,en,wiki,latin,en,1.086,,0.576,1
NCT,loyalty,14,en.wikipedia.org,en,wiki,ko,ko,0.923,,0.077,0
NCT,loyalty,15,en.wikipedia.org,en,wiki,ko,ko,0.793,,0.207,0
NCT,loyalty,16,www.koreatimes.co.kr,en,override,latin,en,0.992,,1.0,1
NCT,loyalty,17,en.wikipedia.org,en,wiki,latin,en,1.217,,1.0,1
NCT,loyalty,18,en.wikipedia.org,en,wiki,latin,en,1.176,,1.0,1
NCT,loyalty,19,www.allkpop.com,en,override,latin,en,1.393,,1.0,1
NCT,loyalty,20,www.allkpop.com,en,override,latin,en,1.244,,1.0,1
NCT,loyalty,21,www.khaosodenglish.com,en,default,latin,en,0.724,,1.0,1
NCT,loyalty,22,www.oricon.co.jp,ja,tld,ko,ko,0.912,,0.088,0
NCT,loyalty,23,www.oricon.co.jp,ja,tld,ko,ko,0.75,,0.25,0
NCT,loyalty,24,namu.wiki,ko,override,ko,ko,0.649,,0.351,1
NCT,loyalty,25,www.suara.com,en,default,ko,ko,0.731,,0.269,0
NCT,loyalty,26,www.antaranews.com,id,override,ko,ko,0.69,,0.31,0
NCT,loyalty,27,dantri.com.vn,vi,tld,ko,ko,0.843,,0.157,0
NCT,loyalty,28,www.malaymail.com,en,override,ko,ko,0.56,,0.44,0
NCT,loyalty,29,x.com,en,override,ko,ko,0.604,,0.396,0
NCT,loyalty,30,www.detik.com,id,override,ko,ko,0.636,,0.364,0
NCT,loyalty,31,www.antaranews.com,id,override,ko,ko,0.802,,0.198,0
NCT,loyalty,32,www.hk01.com,zh,override,ko,ko,0.558,,0.117,0
NCT,loyalty,33,www.infobae.com,es,override,latin,en,0.653,,0.581,0
NCT,loyalty,34,www.xportsnews.com,ko,override,ko,ko,0.81,,0.19,1
NCT,loyalty,35,news.nate.com,ko,override,ko,ko,0.889,,0.111,1
NCT,loyalty,36,www.sina.cn,zh,tld,ko,ko,0.849,,0.151,0
NCT,loyalty,37,www.ellemen.com,en,default,ko,ko,0.618,,0.206,0
NCT,loyalty,38,fanplus.co.kr,ko,tld,ko,ko,0.909,,0.091,1
NCT,loyalty,39,fanplus.co.kr,ko,tld,ko,ko,0.914,,0.086,1
NCT,loyalty,40,www.thairath.co.th,th,override,th,th,0.861,,0.139,1
NCT,loyalty,41,v.daum.net,ko,override,ko,ko,0.82,,0.18,1
NCT,loyalty,42,namu.wiki,ko,override,latin,en,0.356,,0.704,0
NCT,loyalty,43,interaksyon.philstar.com,tl,override,ko,ko,0.592,,0.408,0
NCT,loyalty,44,mb.com.ph,tl,override,ko,ko,0.909,,0.091,0
NCT,loyalty,45,www.philstar.com,tl,override,latin,vi,0.043,,0.526,0
NCT,loyalty,46,pop.inquirer.net,tl,override,ko,ko,0.509,,0.491,0
NCT,loyalty,47,www.terra.com.br,pt,override,ko,ko,0.692,,0.308,0
NCT,loyalty,48,www.terra.com.br,pt,override,ko,ko,0.552,,0.448,0
NCT,loyalty,49,www.terra.com.br,pt,override,ko,ko,0.659,,0.341,0
NCT,loyalty,50,futurechosun.com,en,default,ko,ko,0.853,,0.147,0
NCT,loyalty,51,www.dailian.co.kr,ko,tld,ko,ko,0.946,,0.054,1
NCT,loyalty,52,www.gukjenews.com,en,default,ko,ko,0.955,,0.045,0
NCT,loyalty,53,v.daum.net,ko,override,ko,ko,0.963,,0.037,1
NCT,loyalty,54,www.sina.cn,zh,tld,ko,ko,0.85,,0.12,0
NCT,loyalty,55,www.sina.cn,zh,tld,ko,ko,0.688,,0.312,0
NCT,loyalty,56,pantip.com,en,default,ko,ko,0.579,,0.105,0
NCT,loyalty,57,pantip.com,en,default,ko,ko,0.592,,0.1,0
NCT,loyalty,58,m.weibo.cn,zh,tld,ko,ko,0.811,,0.038,0
NCT,loyalty,59,weibo.com,zh,override,ko,ko,0.93,,0.0,0
NCT,loyalty,60,www.douban.com,zh,override,ko,ko,0.88,,0.0,0
NCT,loyalty,61,www.sina.cn,zh,tld,latin,en,1.036,,0.534,0
NCT,loyalty,62,www.sina.cn,zh,tld,ko,ko,0.879,,0.03,0
NCT,loyalty,63,yule.360.com,en,default,ko,ko,0.547,,0.32,0
NCT,loyalty,64,www.officialcharts.com,en,default,ko,ko,0.614,,0.386,0
NCT,loyalty,65,www.munhwa.com,ko,override,ko,ko,0.958,,0.042,1
NCT,loyalty,66,www.k-world.fr,fr,override,ko,ko,0.781,,0.219,0
NCT,spillover,0,en.wikipedia.org,en,wiki,ko,ko,0.725,,0.275,0
NCT,spillover,1,en.wikipedia.org,en,wiki,ko,ko,0.977,,0.023,0
NCT,spillover,2,en.wikipedia.org,en,wiki,ko,ko,0.767,,0.233,0
NCT,spillover,3,en.wikipedia.org,en,wiki,ko,ko,0.619,,0.381,0
NCT,spillover,4,en.wikipedia.org,en,wiki,ko,ko,0.644,,0.356,0
NCT,spillover,5,en.wikipedia.org,en,wiki,ko,ko,0.848,,0.152,0
NCT,spillover,6,en.wikipedia.org,en,wiki,latin,en,1.331,,1.0,1
NCT,spillover,7,en.wikipedia.org,en,wiki,latin,en,1.124,,1.0,1
NCT,spillover,8,www.koreatimes.co.kr,en,override,latin,en,0.687,,1.0,1
NCT,spillover,9,ww.fashionnetwork.com,en,default,latin,en,1.065,,1.0,1
NCT,spillover,10,www.allkpop.com,en,override,latin,en,1.159,,1.0,1
NCT,spillover,11,www.billboard.com,en,override,latin,en,0.896,,1.0,1
NCT,spillover,12,www.billboard.com,en,override,latin,en,1.394,,1.0,1
NCT,spillover,13,www.billboard.com,en,override,latin,en,1.274,,1.0,1
NCT,spillover,14,www.pressreader.com,en,override,latin,en,1.021,,1.0,1
NCT,spillover,15,www.oricon.co.jp,ja,tld,ko,ko,0.618,,0.382,0
NCT,spillover,16,www.oricon.co.jp,ja,tld,ko,ko,0.621,,0.379,0
NCT,spillover,17,www.oricon.co.jp,ja,tld,ko,ko,0.805,,0.195,0
NCT,spillover,18,www.oricon.co.jp,ja,tld,ko,ko,0.875,,0.125,0
NCT,spillover,19,www.heraldmuse.com,en,default,ko,ko,0.951,,0.049,0
NCT,spillover,20,food.detik.com,id,override,ko,ko,0.73,,0.27,0
NCT,spillover,21,dantri.com.vn,vi,tld,ko,ko,0.839,,0.161,0
NCT,spillover,22,news.mt.co.kr,ko,override,ko,ko,0.896,,0.104,1
NCT,spillover,23,v.daum.net,ko,override,ko,ko,0.879,,0.121,1
NCT,spillover,24,sports.khan.co.kr,ko,override,ko,ko,0.778,,0.222,1
NCT,spillover,25,www.allkpop.com,en,override,ko,ko,0.714,,0.286,0
NCT,spillover,26,www.infobae.com,es,override,ko,ko,0.81,,0.19,0
NCT,spillover,27,ria.ru,ru,override,ru,ru,0.421,,0.252,1
NCT,spillover,28,www.thairath.co.th,th,override,ko,ko,0.683,,0.317,0
NCT,spillover,29,mgronline.com,th,override,ko,ko,0.708,,0.292,0
NCT,spillover,30,www.starnewskorea.com,en,override,ko,ko,0.571,,0.429,0
NCT,spillover,31,pantip.com,en,default,ko,ko,0.658,,0.342,0
NCT,spillover,32,www.sina.cn,zh,tld,ko,ko,0.846,,0.0,0
NCT,spillover,33,www.sina.cn,zh,tld,ko,ko,0.765,,0.0,0
NCT,spillover,34,www.sina.cn,zh,tld,ko,ko,0.864,,0.0,0
NCT,spillover,35,ent.sina.cn,zh,tld,ko,ko,0.8,,0.0,0
NCT,spillover,36,ent.sina.cn,zh,tld,ko,ko,0.667,,0.333,0
NCT,spillover,37,www.timespread.co.kr,ko,tld,ko,ko,0.525,,0.373,1
NCT,spillover,38,www.hankyung.com,ko,override,ko,ko,0.897,,0.103,1
NCT,spillover,39,sports.khan.co.kr,ko,override,ko,ko,0.908,,0.092,1
NCT,spillover,40,www.starnewskorea.com,en,override,ko,ko,0.8,,0.2,0
NCT,spillover,41,mdpr.jp,ja,tld,ja,ja,0.528,,0.472,1
NCT,spillover,42,mdpr.jp,ja,tld,ja,ja,0.622,,0.378,1
NCT,spillover,43,news.sbs.co.kr,ko,override,ko,ko,0.87,,0.13,1
NCT,spillover,44,www.smentertainment.com,ko,override,ko,ko,0.88,,0.12,1
NCT,spillover,45,www.elle.co.kr,ko,tld,ko,ko,0.818,,0.182,1
NCT,spillover,46,v.daum.net,ko,override,ko,ko,0.676,,0.324,1
NCT,spillover,47,v.daum.net,ko,override,ko,ko,0.731,,0.269,1
NCT,spillover,48,namu.wiki,ko,override,ko,ko,0.833,,0.167,1
NCT,spillover,49,namu.wiki,ko,override,ko,ko,0.815,,0.185,1
NCT,spillover,50,namu.wiki,ko,override,ko,ko,0.826,,0.174,1
NCT,spillover,51,namu.wiki,ko,override,latin,en,0.399,,0.522,0
NCT,spillover,52,namu.wiki,ko,override,ko,ko,1.0,,0.0,1
NCT,spillover,53,zh.wikipedia.org,zh,wiki,ko,ko,0.664,,0.262,0
NCT,spillover,54,zh.wikipedia.org,zh,wiki,ko,ko,0.68,,0.288,0
NCT,spillover,55,namu.wiki,ko,override,ko,ko,0.838,,0.162,1
NCT,spillover,56,www.korezin.com,en,default,ko,ko,0.521,,0.479,0
NCT,spillover,57,www.starnewskorea.com,en,override,ko,ko,0.929,,0.071,0
NCT,spillover,58,view.asiae.co.kr,ko,tld,ko,ko,0.938,,0.062,1
NCT,spillover,59,view.asiae.co.kr,ko,tld,ko,ko,0.887,,0.113,1
NCT,spillover,60,www.postype.com,en,default,ko,ko,0.567,,0.433,0
NCT,spillover,61,www.ibabynews.com,en,default,ko,ko,0.932,,0.068,0
NCT,spillover,62,design.co.kr,ko,tld,ko,ko,0.903,,0.097,1
NCT,spillover,63,design.co.kr,ko,tld,ko,ko,0.919,,0.081,1
NCT,spillover,64,namu.wiki,ko,override,ko,ko,0.865,,0.135,1
NCT,spillover,65,namu.wiki,ko,override,ko,ko,0.912,,0.088,1
NCT,spillover,66,namu.wiki,ko,override,ko,ko,0.73,,0.27,1
NCT,spillover,67,namu.wiki,ko,override,ko,ko,0.889,,0.111,1
NCT,spillover,68,namu.wiki,ko,override,ko,ko,0.731,,0.269,1
NCT,spillover,69,namu.wiki,ko,override,ko,ko,0.576,,0.424,1
NCT,spillover,70,namu.wiki,ko,override,ko,ko,0.643,,0.357,1
NCT,spillover,71,namu.wiki,ko,override,ko,ko,0.704,,0.296,1
NCT,spillover,72,namu.wiki,ko,override,ko,ko,0.659,,0.341,1
NCT,spillover,73,namu.wiki,ko,override,ko,ko,0.567,,0.433,1
NCT,spillover,74,avexnet.jp,ja,tld,ko,ko,0.717,,0.283,0
NCT,spillover,75,v.daum.net,ko,override,ko,ko,0.945,,0.055,1
NCT,spillover,76,www.marieclairekorea.com,en,default,ko,ko,0.934,,0.066,0
NCT,spillover,77,www.timespread.co.kr,ko,tld,ko,ko,0.965,,0.035,1
NCT,spillover,78,v.daum.net,ko,override,ko,ko,0.951,,0.049,1
NCT,spillover,79,www.nocutnews.co.kr,ko,tld,ko,ko,0.781,,0.219,1
NCT,spillover,80,www.tenasia.co.kr,ko,tld,ko,ko,0.786,,0.214,1
NCT,spillover,81,www.nocutnews.co.kr,ko,tld,ko,ko,0.942,,0.058,1
NCT,spillover,82,v.daum.net,ko,override,ko,ko,0.795,,0.205,1
NCT,spillover,83,www.tenasia.co.kr,ko,tld,ko,ko,0.957,,0.043,1
NCT,spillover,84,www.mintmagth.com,en,default,ko,ko,0.477,,0.272,0
NCT,spillover,85,k.sina.cn,zh,tld,ko,ko,0.8,,0.02,0
NCT,spillover,86,mdpr.jp,ja,tld,ko,ko,0.661,,0.05,0
NCT,spillover,87,www.oricon.co.jp,ja,tld,ko,ko,0.668,,0.129,0
NCT,spillover,88,x.com,en,override,ko,ko,0.742,,0.146,0
NCT,spillover,89,benmingxing.com,en,default,ko,ko,0.833,,0.015,0
NCT,spillover,90,www.youtube.com,en,override,ko,ko,0.742,,0.118,0
NCT,spillover,91,www.officialcharts.com,en,default,ko,ko,0.558,,0.442,0
NCT,spillover,92,www.officialcharts.com,en,default,ko,ko,0.512,,0.487,0
NCT,spillover,93,au.rollingstone.com,en,default,ko,ko,0.592,,0.408,0
NCT,spillover,94,kpopna.com,en,default,ko,ko,0.607,,0.393,0
NCT,spillover,95,www.cnnchile.com,en,default,ko,ko,0.596,,0.404,0
NCT,spillover,96,larepublica.pe,es,override,ko,ko,0.763,,0.237,0
동방신기,loyalty,0,www.allkpop.com,en,override,ko,ko,1.0,,0.0,0
동방신기,loyalty,1,news.nate.com,ko,override,ko,ko,1.0,,0.0,1
동방신기,loyalty,2,bbs.ruliweb.com,en,default,ko,ko,1.0,,0.0,0
동방신기,loyalty,3,www.newsis.com,ko,override,ko,ko,0.94,,0.06,1
동방신기,loyalty,4,en.wikipedia.org,en,wiki,ko,ko,1.0,,0.0,0
동방신기,loyalty,5,en.wikipedia.org,en,wiki,ko,ko,0.8,,0.2,0
동방신기,loyalty,6,en.wikipedia.org,en,wiki,ko,ko,0.84,,0.16,0
동방신기,loyalty,7,en.wikipedia.org,en,wiki,ko,ko,0.892,,0.108,0
동방신기,loyalty,8,en.wikipedia.org,en,wiki,latin,en,1.43,,1.0,1
동방신기,loyalty,9,en.wikipedia.org,en,wiki,latin,en,1.387,,1.0,1
동방신기,loyalty,10,en.wikipedia.org,en,wiki,latin,en,1.307,,1.0,1
동방신기,loyalty,11,en.wikipedia.org,en,wiki,latin,en,1.184,,1.0,1
동방신기,loyalty,12,www.wkorea.com,en,default,latin,en,1.278,,1.0,1
동방신기,loyalty,13,abouttvxq.wordpress.com,en,default,latin,en,1.205,,1.0,1
동방신기,loyalty,14,www.topstarnews.net,ko,override,ko,ko,0.591,,0.348,1
동방신기,loyalty,15,20.detik.com,id,override,ko,ko,0.619,,0.381,0
동방신기,loyalty,16,www.thairath.co.th,th,override,ko,ko,0.901,,0.099,0
동방신기,loyalty,17,www.starnewskorea.com,en,override,ko,ko,1.0,,0.0,0
동방신기,loyalty,18,www.oricon.co.jp,ja,tld,ja,ja,1.0,,0.0,1
동방신기,loyalty,19,www.oricon.co.jp,ja,tld,ja,ja,1.0,,0.0,1
동방신기,loyalty,20,www.sedaily.com,ko,override,ko,ko,1.0,,0.0,1
동방신기,loyalty,21,bbs.ruliweb.com,en,default,ko,ko,1.0,,0.0,0
동방신기,loyalty,22,biz.heraldcorp.com,ko,override,ko,ko,1.0,,0.0,1
동방신기,loyalty,23,pop.inquirer.net,tl,override,latin,en,0.643,,0.724,0
동방신기,loyalty,24,www.rappler.com,tl,override,ko,ko,1.0,,0.0,0
동방신기,loyalty,25,pop.inquirer.net,tl,override,ko,ko,1.0,,0.0,0
동방신기,loyalty,26,www.starnewskorea.com,en,override,ko,ko,1.0,,0.0,0
동방신기,loyalty,27,m.kfhi.or.kr,ko,tld,ko,ko,1.0,,0.0,1
동방신기,loyalty,28,www.starnewskorea.com,en,override,ko,ko,1.0,,0.0,0
동방신기,loyalty,29,www.starnewskorea.com,en,override,ko,ko,1.0,,0.0,0
동방신기,loyalty,30,avexnet.jp,ja,tld,ko,ko,0.711,,0.261,0
동방신기,spillover,0,biz.heraldcorp.com,ko,override,ko,ko,1.0,,0.0,1
동방신기,spillover,1,www.youthdaily.co.kr,ko,tld,ko,ko,0.985,,0.015,1
동방신기,spillover,2,en.wikipedia.org,en,wiki,ko,ko,0.729,,0.271,0
동방신기,spillover,3,en.wikipedia.org,en,wiki,ko,ko,0.833,,0.167,0
동방신기,spillover,4,en.wikipedia.org,en,wiki,latin,en,1.189,,1.0,1
동방신기,spillover,5,en.wikipedia.org,en,wiki,latin,en,0.992,,1.0,1
동방신기,spillover,6,en.wikipedia.org,en,wiki,latin,en,1.867,,1.0,1
동방신기,spillover,7,en.wikipedia.org,en,wiki,latin,en,0.827,,1.0,1
동방신기,spillover,8,www.starnewskorea.com,en,override,latin,en,0.797,,1.0,1
동방신기,spillover,9,www.soompi.com,en,override,latin,en,1.029,,1.0,1
동방신기,spillover,10,www.kpopmap.com,en,default,latin,en,0.909,,1.0,1
동방신기,spillover,11,www.k-ennews.com,en,default,latin,en,1.048,,1.0,1
동방신기,spillover,12,www.oricon.co.jp,ja,tld,ko,ko,0.618,,0.382,0
동방신기,spillover,13,www.oricon.co.jp,ja,tld,ko,ko,0.595,,0.405,0
동방신기,spillover,14,www.oricon.co.jp,ja,tld,ko,ko,1.0,,0.0,0
동방신기,spillover,15,www.topstarnews.net,ko,override,ko,ko,1.0,,0.0,1
동방신기,spillover,16,www.koreadaily.com,ko,override,ko,ko,0.917,,0.083,1
동방신기,spillover,17,www.detik.com,id,override,ko,ko,0.728,,0.272,0
동방신기,spillover,18,ko.wikipedia.org,ko,wiki,ko,ko,1.0,,0.0,1
동방신기,spillover,19,ko.wikipedia.org,ko,wiki,ko,ko,0.8,,0.2,1
동방신기,spillover,20,ko.wikipedia.org,ko,wiki,ko,ko,0.9,,0.1,1
동방신기,spillover,21,www.oricon.co.jp,ja,tld,ko,ko,0.691,,0.0,0
동방신기,spillover,22,www.oricon.co.jp,ja,tld,ko,ko,0.712,,0.22,0
동방신기,spillover,23,www.oricon.co.jp,ja,tld,ko,ko,0.852,,0.0,0
동방신기,spillover,24,natalie.mu,ja,override,ja,ja,1.0,,0.0,1
동방신기,spillover,25,natalie.mu,ja,override,ja,ja,1.0,,0.0,1
동방신기,spillover,26,www.smentertainment.com,ko,override,ko,ko,1.0,,0.0,1
동방신기,spillover,27,www.starnewskorea.com,en,override,ko,ko,1.0,,0.0,0
동방신기,spillover,28,v.daum.net,ko,override,ko,ko,1.0,,0.0,1
동방신기,spillover,29,www.smentertainment.com,ko,override,ko,ko,0.951,,0.049,1
동방신기,spillover,30,www.pressian.com,en,default,ko,ko,1.0,,0.0,0
동방신기,spillover,31,namu.wiki,ko,override,ko,ko,1.0,,0.0,1
동방신기,spillover,32,namu.wiki,ko,override,ko,ko,1.0,,0.0,1
동방신기,spillover,33,www.soompi.com,en,override,ko,ko,1.0,,0.0,0
동방신기,spillover,34,en.wikipedia.org,en,wiki,ko,ko,0.759,,0.241,0
동방신기,spillover,35,en.wikipedia.org,en,wiki,ko,ko,0.736,,0.209,0
동방신기,spillover,36,en.wikipedia.org,en,wiki,ko,ko,0.873,,0.032,0
동방신기,spillover,37,en.wikipedia.org,en,wiki,ko,ko,0.742,,0.258,0
동방신기,spillover,38,en.wikipedia.org,en,wiki,ko,ko,0.609,,0.266,0
동방신기,spillover,39,www.korea.kr,ko,tld,ko,ko,0.902,,0.098,1
동방신기,spillover,40,www.korezin.com,en,default,ko,ko,0.938,,0.062,0
동방신기,spillover,41,www.starnewskorea.com,en,override,ko,ko,1.0,,0.0,0
동방신기,spillover,42,www.topstarnews.net,ko,override,ko,ko,0.615,,0.385,1
동방신기,spillover,43,news.nate.com,ko,override,ko,ko,1.0,,0.0,1
동방신기,spillover,44,namu.wiki,ko,override,ko,ko,0.921,,0.079,1
동방신기,spillover,45,namu.wiki,ko,override,ko,ko,1.0,,0.0,1
동방신기,spillover,46,namu.wiki,ko,override,ko,ko,0.875,,0.125,1
동방신기,spillover,47,www.ettoday.net,zh,override,ko,ko,0.75,,0.25,0
동방신기,spillover,48,star.ettoday.net,zh,override,ko,ko,0.833,,0.061,0
동방신기,spillover,49,www.c-k-jpopnews.fr,fr,tld,ko,ko,0.767,,0.233,0
동방신기,spillover,50,www.bloglabanana.com,en,default,ko,ko,0.835,,0.165,0
빅뱅,loyalty,0,v.daum.net,ko,override,ko,ko,0.954,,0.046,1
빅뱅,loyalty,1,www.goodmorningvietnam.co.kr,ko,tld,ko,ko,0.936,,0.064,1
빅뱅,loyalty,2,www.goodmorningvietnam.co.kr,ko,tld,ko,ko,1.0,,0.0,1
빅뱅,loyalty,3,en.wikipedia.org,en,wiki,ko,ko,0.698,,0.302,0
빅뱅,loyalty,4,en.wikipedia.org,en,wiki,ko,ko,0.516,,0.484,0
빅뱅,loyalty,5,en.wikipedia.org,en,wiki,ko,ko,0.909,,0.091,0
빅뱅,loyalty,6,en.wikipedia.org,en,wiki,latin,en,1.355,,1.0,1
빅뱅,loyalty,7,en.wikipedia.org,en,wiki,latin,en,1.16,,1.0,1
빅뱅,loyalty,8,ygex.jp,ja,tld,latin,en,1.335,,1.0,0
빅뱅,loyalty,9,www.koreatimes.com,en,override,latin,en,1.293,,1.0,1
빅뱅,loyalty,10,www.pap-magazine.com,en,default,latin,en,0.962,,1.0,1
빅뱅,loyalty,11,www.oricon.co.jp,ja,tld,ko,ko,1.0,,0.0,0
빅뱅,loyalty,12,v.daum.net,ko,override,ko,ko,0.878,,0.122,1
빅뱅,loyalty,13,v.daum.net,ko,override,ko,ko,1.0,,0.0,1
빅뱅,loyalty,14,dtinews.dantri.com.vn,vi,tld,ko,ko,0.624,,0.376,0
빅뱅,loyalty,15,news.tuoitre.vn,vi,override,ko,ko,0.877,,0.123,0
빅뱅,loyalty,16,kenh14.vn,vi,override,latin,vi,1.0,,1.0,1
빅뱅,loyalty,17,kenh14.vn,vi,override,latin,vi,1.0,,1.0,1
빅뱅,loyalty,18,www.etoday.co.kr,ko,tld,ko,ko,1.0,,0.0,1
빅뱅,loyalty,19,www.gukjenews.com,en,default,ko,ko,0.841,,0.159,0
빅뱅,loyalty,20,pop.inquirer.net,tl,override,ko,ko,0.9,,0.1,0
빅뱅,loyalty,21,pop.inquirer.net,tl,override,ko,ko,0.684,,0.316,0
빅뱅,loyalty,22,www.rappler.com,tl,override,ko,ko,1.0,,0.0,0
빅뱅,loyalty,23,billboard.com.br,pt,tld,ko,ko,1.0,,0.0,0
빅뱅,loyalty,24,www.terra.com.br,pt,override,ko,ko,0.8,,0.2,0
빅뱅,loyalty,25,www.stnsports.co.kr,ko,tld,ko,ko,0.912,,0.088,1
빅뱅,loyalty,26,namu.wiki,ko,override,ko,ko,0.735,,0.265,1
빅뱅,loyalty,27,www.starnewskorea.com,en,override,ko,ko,1.0,,0.0,0
빅뱅,loyalty,28,www.koreatimes.com,en,override,ko,ko,1.0,,0.0,0
빅뱅,loyalty,29,namu.wiki,ko,override,ko,ko,0.918,,0.082,1
빅뱅,loyalty,30,www.asiaholic.net,en,default,ko,ko,0.704,,0.296,0
빅뱅,spillover,0,wwd.com,en,override,ko,ko,0.814,,0.186,0
빅뱅,spillover,1,www.goodmorningvietnam.co.kr,ko,tld,ko,ko,1.0,,0.0,1
빅뱅,spillover,2,en.wikipedia.org,en,wiki,ko,ko,1.0,,0.0,0
빅뱅,spillover,3,en.wikipedia.org,en,wiki,ko,ko,1.0,,0.0,0
빅뱅,spillover,4,en.wikipedia.org,en,wiki,latin,en,1.114,,1.0,1
빅뱅,spillover,5,en.wikipedia.org,en,wiki,latin,en,1.182,,1.0,1
빅뱅,spillover,6,en.wikipedia.org,en,wiki,latin,en,0.772,,1.0,1
빅뱅,spillover,7,en.wikipedia.org,en,wiki,latin,en,1.892,,1.0,1
빅뱅,spillover,8,www.hankookilbo.com,ko,override,latin,en,1.234,,1.0,0
빅뱅,spillover,9,www.starnewskorea.com,en,override,latin,en,1.365,,1.0,1
빅뱅,spillover,10,www.taipeitimes.com,en,default,latin,en,0.961,,1.0,1
빅뱅,spillover,11,variety.com,en,default,latin,en,1.221,,1.0,1
빅뱅,spillover,12,bigbang.bstage.in,en,default,latin,en,1.057,,1.0,1
빅뱅,spillover,13,www.oricon.co.jp,ja,tld,ko,ko,1.0,,0.0,0
빅뱅,spillover,14,www.oricon.co.jp,ja,tld,ko,ko,1.0,,0.0,0
빅뱅,spillover,15,www.oricon.co.jp,ja,tld,ko,ko,1.0,,0.0,0
빅뱅,spillover,16,www.oricon.co.jp,ja,tld,ko,ko,1.0,,0.0,0
빅뱅,spillover,17,www.coupangplay.com,en,default,ko,ko,0.817,,0.183,0
빅뱅,spillover,18,dtinews.dantri.com.vn,vi,tld,ko,ko,0.922,,0.078,0
빅뱅,spillover,19,www.sanook.com,th,override,ko,ko,0.634,,0.366,0
빅뱅,spillover,20,en.wikipedia.org,en,wiki,ko,ko,1.0,,0.0,0
빅뱅,spillover,21,www.yesasia.ru,ru,override,ru,ru,0.483,,0.116,1
빅뱅,spillover,22,mgronline.com,th,override,th,th,0.843,,0.157,1
빅뱅,spillover,23,mgronline.com,th,override,th,th,0.89,,0.11,1
빅뱅,spillover,24,www.hankookilbo.com,ko,override,ko,ko,1.0,,0.0,1
빅뱅,spillover,25,v.daum.net,ko,override,ko,ko,1.0,,0.0,1
빅뱅,spillover,26,m.view.nate.com,en,default,ko,ko,0.99,,0.01,0
빅뱅,spillover,27,www.etnews.com,en,default,ko,ko,1.0,,0.0,0
빅뱅,spillover,28,www.newsis.com,ko,override,ko,ko,0.955,,0.045,1
빅뱅,spillover,29,www.khan.co.kr,ko,tld,ko,ko,1.0,,0.0,1
빅뱅,spillover,30,www.youtube.com,en,override,ko,ko,1.0,,0.0,0
빅뱅,spillover,31,www.vagalume.com.br,pt,tld,ko,ko,0.784,,0.216,0
빅뱅,spillover,32,en.wikipedia.org,en,wiki,ko,ko,0.95,,0.05,0
빅뱅,spillover,33,en.wikipedia.org,en,wiki,ko,ko,0.953,,0.047,0
빅뱅,spillover,34,en.wikipedia.org,en,wiki,ko,ko,1.0,,0.0,0
빅뱅,spillover,35,en.wikipedia.org,en,wiki,ko,ko,0.806,,0.194,0
빅뱅,spillover,36,en.wikipedia.org,en,wiki,ko,ko,0.594,,0.406,0
빅뱅,spillover,37,www.hankyung.com,ko,override,ko,ko,0.929,,0.071,1
빅뱅,spillover,38,www.korezin.com,en,default,ko,ko,0.709,,0.291,0
빅뱅,spillover,39,www.starnewskorea.com,en,override,ko,ko,1.0,,0.0,0
빅뱅,spillover,40,www.marieclairekorea.com,en,default,ko,ko,0.909,,0.091,0
빅뱅,spillover,41,namu.wiki,ko,override,ko,ko,0.761,,0.239,1
빅뱅,spillover,42,www.marieclairekorea.com,en,default,ko,ko,0.957,,0.043,0
빅뱅,spillover,43,www.vogue.co.kr,ko,tld,ko,ko,1.0,,0.0,1
빅뱅,spillover,44,namu.wiki,ko,override,ko,ko,1.0,,0.0,1
빅뱅,spillover,45,namu.wiki,ko,override,ko,ko,1.0,,0.0,1
빅뱅,spillover,46,namu.wiki,ko,override,ko,ko,1.0,,0.0,1
빅뱅,spillover,47,ko.wikipedia.org,ko,wiki,ko,ko,1.0,,0.0,1
빅뱅,spillover,48,ko.wikipedia.org,ko,wiki,ko,ko,1.0,,0.0,1
빅뱅,spillover,49,ko.wikipedia.org,ko,wiki,ko,ko,1.0,,0.0,1
빅뱅,spillover,50,ko.wikipedia.org,ko,wiki,ko,ko,0.655,,0.345,1
빅뱅,spillover,51,namu.wiki,ko,override,ko,ko,0.977,,0.0,1
빅뱅,spillover,52,namu.wiki,ko,override,ko,ko,0.574,,0.426,1
빅뱅,spillover,53,namu.wiki,ko,override,ko,ko,1.0,,0.0,1
빅뱅,spillover,54,namu.wiki,ko,override,ko,ko,0.895,,0.105,1
빅뱅,spillover,55,namu.wiki,ko,override,ko,ko,0.957,,0.043,1
빅뱅,spillover,56,www.mainichikpop.com,en,default,ko,ko,0.835,,0.165,0
빅뱅,spillover,57,www.marieclairekorea.com,en,default,ko,ko,0.728,,0.272,0
빅뱅,spillover,58,www.starnewskorea.com,en,override,ko,ko,0.639,,0.361,0
빅뱅,spillover,59,www.topstarnews.net,ko,override,ko,ko,1.0,,0.0,1
빅뱅,spillover,60,www.hankyung.com,ko,override,ko,ko,1.0,,0.0,1
빅뱅,spillover,61,isplus.com,ko,override,ko,ko,1.0,,0.0,1
빅뱅,spillover,62,hk.news.yahoo.com,en,default,ko,ko,0.892,,0.108,0
빅뱅,spillover,63,themusic.com.au,en,default,ko,ko,0.871,,0.129,0
빅뱅,spillover,64,au.rollingstone.com,en,default,latin,en,1.041,,0.541,1
빅뱅,spillover,65,unniepop.cl,es,tld,ko,ko,0.787,,0.213,0
EXO,loyalty,0,star.mt.co.kr,ko,override,ko,ko,0.897,,0.103,1
EXO,loyalty,1,namu.wiki,ko,override,ko,ko,0.889,,0.111,1
EXO,loyalty,2,news.nate.com,ko,override,ko,ko,1.0,,0.0,1
EXO,loyalty,3,en.wikipedia.org,en,wiki,ko,ko,0.615,,0.385,0
EXO,loyalty,4,en.wikipedia.org,en,wiki,ko,ko,1.0,,0.0,0
EXO,loyalty,5,en.wikipedia.org,en,wiki,ko,ko,1.0,,0.0,0
EXO,loyalty,6,en.wikipedia.org,en,wiki,latin,en,0.959,,1.0,1
EXO,loyalty,7,en.wikipedia.org,en,wiki,latin,en,1.142,,1.0,1
EXO,loyalty,8,en.wikipedia.org,en,wiki,latin,en,0.687,,1.0,1
EXO,loyalty,9,en.wikipedia.org,en,wiki,latin,en,1.586,,1.0,1
EXO,loyalty,10,www.newdaily.co.kr,ko,tld,latin,en,0.749,,1.0,0
EXO,loyalty,11,sports.khan.co.kr,ko,override,latin,en,0.798,,1.0,0
EXO,loyalty,12,v.daum.net,ko,override,ko,ko,0.873,,0.127,1
EXO,loyalty,13,www.wolyo.co.kr,ko,tld,ko,ko,0.766,,0.234,1
EXO,loyalty,14,www.detik.com,id,override,ko,ko,0.782,,0.218,0
EXO,loyalty,15,www.detik.com,id,override,ko,ko,0.867,,0.133,0
EXO,loyalty,16,v.daum.net,ko,override,ko,ko,1.0,,0.0,1
EXO,loyalty,17,v.daum.net,ko,override,ko,ko,1.0,,0.0,1
EXO,loyalty,18,v.daum.net,ko,override,ko,ko,1.0,,0.0,1
EXO,loyalty,19,www.hk01.com,zh,override,zh,zh,0.625,,0.094,1
EXO,loyalty,20,natalie.mu,ja,override,ja,ja,0.519,,0.13,1
EXO,loyalty,21,www.yesasia.ru,ru,override,ru,ru,0.527,,0.324,1
EXO,loyalty,22,www.sina.cn,zh,tld,ko,ko,0.943,,0.057,0
EXO,loyalty,23,overseasidol.com,en,default,ko,ko,1.0,,0.0,0
EXO,loyalty,24,www.hk01.com,zh,override,zh,zh,0.885,,0.115,1
EXO,loyalty,25,www.thairath.co.th,th,override,th,th,1.0,,0.0,1
EXO,loyalty,26,www.thairath.co.th,th,override,th,th,1.0,,0.0,1
EXO,loyalty,27,dantri.com.vn,vi,tld,latin,vi,1.0,,1.0,1
EXO,loyalty,28,www.joongangenews.com,en,default,ko,ko,0.752,,0.248,0
EXO,loyalty,29,www.kmib.co.kr,ko,override,ko,ko,1.0,,0.0,1
EXO,loyalty,30,namu.wiki,ko,override,ko,ko,0.806,,0.194,1
EXO,loyalty,31,mb.com.ph,tl,override,ko,ko,0.544,,0.456,0
EXO,loyalty,32,www.philstar.com,tl,override,ko,ko,0.895,,0.105,0
EXO,loyalty,33,www.gmanetwork.com,tl,override,ko,ko,1.0,,0.0,0
EXO,loyalty,34,mb.com.ph,tl,override,ko,ko,0.839,,0.161,0
EXO,loyalty,35,billboard.com.br,pt,tld,ko,ko,1.0,,0.0,0
EXO,loyalty,36,v.daum.net,ko,override,ko,ko,0.883,,0.117,1
EXO,loyalty,37,v.daum.net,ko,override,ko,ko,1.0,,0.0,1
EXO,loyalty,38,v.daum.net,ko,override,ko,ko,1.0,,0.0,1
EXO,loyalty,39,v.daum.net,ko,override,ko,ko,1.0,,0.0,1
EXO,loyalty,40,www.douban.com,zh,override,ko,ko,0.774,,0.075,0
EXO,loyalty,41,www.douban.com,zh,override,ko,ko,0.89,,0.082,0
EXO,loyalty,42,theprint.in,en,default,ko,ko,0.579,,0.421,0
EXO,loyalty,43,theprint.in,en,default,ko,ko,0.556,,0.444,0
EXO,loyalty,44,www.pinkvilla.com,en,default,ko,ko,0.653,,0.347,0
EXO,loyalty,45,isplus.com,ko,override,ko,ko,0.857,,0.143,1
EXO,loyalty,46,ar.wikipedia.org,ar,wiki,ko,ko,0.744,,0.256,0
EXO,spillover,0,www.sportsseoul.com,ko,override,ko,ko,0.906,,0.094,1
EXO,spillover,1,sports.khan.co.kr,ko,override,ko,ko,0.918,,0.082,1
EXO,spillover,2,en.wikipedia.org,en,wiki,ko,ko,0.886,,0.114,0
EXO,spillover,3,en.wikipedia.org,en,wiki,ko,ko,1.0,,0.0,0
EXO,spillover,4,en.wikipedia.org,en,wiki,latin,en,1.191,,1.0,1
EXO,spillover,5,en.wikipedia.org,en,wiki,latin,en,0.945,,1.0,1
EXO,spillover,6,en.wikipedia.org,en,wiki,latin,en,0.908,,1.0,1
EXO,spillover,7,en.wikipedia.org,en,wiki,latin,en,0.894,,1.0,1
EXO,spillover,8,www.newspim.com,en,default,latin,en,1.014,,1.0,1
EXO,spillover,9,www.starnewskorea.com,en,override,latin,en,0.863,,1.0,1
EXO,spillover,10,x.com,en,override,latin,en,0.257,,1.0,1
EXO,spillover,11,www.allkpop.com,en,override,latin,en,0.964,,1.0,1
EXO,spillover,12,www.wolyo.co.kr,ko,tld,ko,ko,0.775,,0.225,1
EXO,spillover,13,www.detik.com,id,override,ko,ko,0.858,,0.142,0
EXO,spillover,14,kenh14.vn,vi,override,ko,ko,0.923,,0.077,0
EXO,spillover,15,www.detik.com,id,override,ko,ko,0.957,,0.043,0
EXO,spillover,16,www.segye.com,ko,override,ko,ko,1.0,,0.0,1
EXO,spillover,17,www.segye.com,ko,override,ko,ko,1.0,,0.0,1
EXO,spillover,18,www.infobae.com,es,override,latin,vi,1.0,,0.841,0
EXO,spillover,19,www.yesasia.ru,ru,override,ru,ru,0.518,,0.286,1
EXO,spillover,20,www.bbtnews.com.cn,zh,tld,ko,ko,0.857,,0.0,0
EXO,spillover,21,daoinsights.com,en,default,ko,ko,0.824,,0.176,0
EXO,spillover,22,www.malemodelscene.net,en,default,ko,ko,0.742,,0.258,0
EXO,spillover,23,www.scmp.com,en,override,ko,ko,1.0,,0.0,0
EXO,spillover,24,www.sportsseoul.com,ko,override,ko,ko,1.0,,0.0,1
EXO,spillover,25,www.koreadaily.com,ko,override,ko,ko,1.0,,0.0,1
EXO,spillover,26,www.getnews.co.kr,ko,tld,ko,ko,0.76,,0.24,1
EXO,spillover,27,www.newsinside.kr,ko,tld,ko,ko,1.0,,0.0,1
EXO,spillover,28,www.weeklytoday.com,en,default,ko,ko,0.914,,0.086,0
EXO,spillover,29,namu.wiki,ko,override,ko,ko,0.839,,0.161,1
EXO,spillover,30,namu.wiki,ko,override,ko,ko,0.893,,0.107,1
EXO,spillover,31,billboard.com.br,pt,tld,ko,ko,0.75,,0.25,0
EXO,spillover,32,www.allkpop.com,en,override,ko,ko,0.878,,0.122,0
EXO,spillover,33,aramajapan.com,en,default,ko,ko,0.929,,0.071,0
EXO,spillover,34,kprofiles.com,en,default,ko,ko,0.909,,0.091,0
EXO,spillover,35,namu.wiki,ko,override,ko,ko,0.703,,0.297,1
EXO,spillover,36,namu.wiki,ko,override,ko,ko,0.705,,0.295,1
EXO,spillover,37,namu.wiki,ko,override,ko,ko,0.947,,0.053,1
EXO,spillover,38,ko.wikipedia.org,ko,wiki,ko,ko,0.596,,0.395,1
EXO,spillover,39,ko.wikipedia.org,ko,wiki,ko,ko,0.914,,0.086,1
EXO,spillover,40,www.newsinside.kr,ko,tld,ko,ko,0.935,,0.065,1
EXO,spillover,41,zh.wikipedia.org,zh,wiki,ko,ko,0.727,,0.112,0
EXO,spillover,42,zh.wikipedia.org,zh,wiki,ko,ko,0.761,,0.076,0
EXO,spillover,43,prtimes.jp,ja,tld,ko,ko,0.7,,0.15,0
EXO,spillover,44,en.wikipedia.org,en,wiki,ko,ko,0.586,,0.414,0
EXO,spillover,45,en.wikipedia.org,en,wiki,ko,ko,0.731,,0.269,0
EXO,spillover,46,en.wikipedia.org,en,wiki,ko,ko,0.614,,0.386,0
EXO,spillover,47,biz.heraldcorp.com,ko,override,ko,ko,0.947,,0.053,1
EXO,spillover,48,www.ajunews.com,ko,override,ko,ko,0.912,,0.088,1
EXO,spillover,49,www.korezin.com,en,default,ko,ko,0.75,,0.25,0
EXO,spillover,50,www.starnewskorea.com,en,override,ko,ko,0.929,,0.071,0
EXO,spillover,51,meconomynews.com,en,default,ko,ko,0.957,,0.043,0
EXO,spillover,52,namu.wiki,ko,override,ko,ko,1.0,,0.0,1
EXO,spillover,53,namu.wiki,ko,override,ko,ko,1.0,,0.0,1
EXO,spillover,54,namu.wiki,ko,override,ko,ko,0.572,,0.428,1
EXO,spillover,55,www.businesskorea.co.kr,ko,tld,ko,ko,0.962,,0.038,1
EXO,spillover,56,www.ellechina.com,en,default,ko,ko,0.797,,0.203,0
EXO,spillover,57,www.munhwa.com,ko,override,ko,ko,0.805,,0.195,1
EXO,spillover,58,www.hankookilbo.com,ko,override,ko,ko,0.844,,0.156,1
EXO,spillover,59,www.segye.com,ko,override,ko,ko,0.951,,0.049,1
EXO,spillover,60,www.segye.com,ko,override,ko,ko,0.971,,0.029,1
EXO,spillover,61,www.segye.com,ko,override,ko,ko,0.968,,0.032,1
EXO,spillover,62,v.daum.net,ko,override,ko,ko,0.91,,0.09,1
EXO,spillover,63,enews.imbc.com,en,default,ko,ko,0.963,,0.037,0
EXO,spillover,64,www.topstarnews.net,ko,override,ko,ko,0.98,,0.02,1
EXO,spillover,65,c.m.163.com,zh,override,ko,ko,0.87,,0.028,0
EXO,spillover,66,www.sohu.com,en,default,ko,ko,0.701,,0.0,0
EXO,spillover,67,m.thepaper.cn,zh,tld,ko,ko,0.778,,0.0,0
EXO,spillover,68,ent.ycwb.com,en,default,ko,ko,0.84,,0.0,0
EXO,spillover,69,www.cbc.ca,en,default,ko,ko,0.763,,0.237,0
EXO,spillover,70,www.pinkvilla.com,en,default,ko,ko,0.65,,0.35,0
EXO,spillover,71,fr.wikipedia.org,fr,wiki,ko,ko,0.898,,0.102,0
EXO,spillover,72,www.lacuarta.com,en,default,ko,ko,0.797,,0.203,0
EXO,spillover,73,plus.cusica.com,es,override,ko,ko,0.727,,0.273,0
슈퍼주니어,loyalty,0,www.mhnse.com,en,default,ko,ko,0.907,,0.093,0
슈퍼주니어,loyalty,1,www.mt.co.kr,ko,override,ko,ko,0.867,,0.133,1
슈퍼주니어,loyalty,2,edaily.co.kr,ko,override,ko,ko,0.957,,0.043,1
슈퍼주니어,loyalty,3,en.wikipedia.org,en,wiki,ko,ko,0.889,,0.111,0
슈퍼주니어,loyalty,4,en.wikipedia.org,en,wiki,ko,ko,1.0,,0.0,0
슈퍼주니어,loyalty,5,en.wikipedia.org,en,wiki,ko,ko,1.0,,0.0,0
슈퍼주니어,loyalty,6,en.wikipedia.org,en,wiki,latin,en,1.282,,1.0,1
슈퍼주니어,loyalty,7,en.wikipedia.org,en,wiki,latin,en,1.238,,1.0,1
슈퍼주니어,loyalty,8,en.wikipedia.org,en,wiki,latin,en,1.403,,1.0,1
슈퍼주니어,loyalty,9,www.edaily.co.kr,ko,override,latin,en,1.354,,1.0,0
슈퍼주니어,loyalty,10,www.smentertainment.com,ko,override,ko,ko,0.745,,0.255,1
슈퍼주니어,loyalty,11,www.koreadaily.com,ko,override,ko,ko,1.0,,0.0,1
슈퍼주니어,loyalty,12,kenh14.vn,vi,override,ko,ko,0.827,,0.173,0
슈퍼주니어,loyalty,13,www.kompas.com,id,override,ko,ko,0.74,,0.26,0
슈퍼주니어,loyalty,14,en.wikipedia.org,en,wiki,ko,ko,1.0,,0.0,0
슈퍼주니어,loyalty,15,star.ettoday.net,zh,override,ko,ko,0.653,,0.236,0
슈퍼주니어,loyalty,16,www.hk01.com,zh,override,zh,zh,0.667,,0.333,1
슈퍼주니어,loyalty,17,www.hk01.com,zh,override,zh,zh,0.656,,0.344,1
슈퍼주니어,loyalty,18,kenh14.vn,vi,override,latin,vi,1.0,,1.0,1
슈퍼주니어,loyalty,19,www.munhwa.com,ko,override,ko,ko,1.0,,0.0,1
슈퍼주니어,loyalty,20,mb.com.ph,tl,override,ko,ko,0.735,,0.265,0
슈퍼주니어,loyalty,21,mb.com.ph,tl,override,ko,ko,0.864,,0.136,0
슈퍼주니어,loyalty,22,www.pep.ph,tl,override,ko,ko,0.769,,0.231,0
슈퍼주니어,loyalty,23,www.terra.com.br,pt,override,ko,ko,0.8,,0.2,0
슈퍼주니어,loyalty,24,www.chorogusan.or.kr,ko,tld,ko,ko,0.928,,0.072,1
슈퍼주니어,loyalty,25,www.nocutnews.co.kr,ko,tld,ko,ko,1.0,,0.0,1
슈퍼주니어,loyalty,26,www.news1.kr,ko,override,ko,ko,1.0,,0.0,1
슈퍼주니어,loyalty,27,jisin.jp,ja,tld,ko,ko,0.847,,0.106,0
슈퍼주니어,loyalty,28,c.m.163.com,zh,override,ko,ko,0.931,,0.054,0
슈퍼주니어,loyalty,29,www.sina.cn,zh,tld,ko,ko,0.759,,0.138,0
슈퍼주니어,loyalty,30,ar.wikipedia.org,ar,wiki,ko,ko,0.882,,0.118,0
슈퍼주니어,spillover,0,www.dailyjn.com,en,default,ko,ko,1.0,,0.0,0
슈퍼주니어,spillover,1,www.munhwa.com,ko,override,ko,ko,0.937,,0.063,1
슈퍼주니어,spillover,2,en.wikipedia.org,en,wiki,ko,ko,0.8,,0.2,0
슈퍼주니어,spillover,3,en.wikipedia.org,en,wiki,ko,ko,1.0,,0.0,0
슈퍼주니어,spillover,4,en.wikipedia.org,en,wiki,latin,en,1.295,,1.0,1
슈퍼주니어,spillover,5,en.wikipedia.org,en,wiki,latin,en,0.95,,1.0,1
슈퍼주니어,spillover,6,en.wikipedia.org,en,wiki,latin,en,1.147,,1.0,1
슈퍼주니어,spillover,7,sports.khan.co.kr,ko,override,latin,en,0.693,,1.0,0
슈퍼주니어,spillover,8,www.alamy.com,en,default,latin,en,0.814,,1.0,1
슈퍼주니어,spillover,9,www.korea.net,en,default,latin,en,0.784,,1.0,1
슈퍼주니어,spillover,10,www.forbes.com,en,override,latin,en,1.316,,1.0,1
슈퍼주니어,spillover,11,www.koreaherald.com,en,override,latin,en,0.937,,1.0,1
슈퍼주니어,spillover,12,purpress.com,en,default,ko,ko,0.932,,0.068,0
슈퍼주니어,spillover,13,www.malaymail.com,en,override,ko,ko,0.794,,0.206,0
슈퍼주니어,spillover,14,en.wikipedia.org,en,wiki,ko,ko,0.714,,0.286,0
슈퍼주니어,spillover,15,namu.wiki,ko,override,ko,ko,0.636,,0.364,1
슈퍼주니어,spillover,16,en.wikipedia.org,en,wiki,ko,ko,0.533,,0.467,0
슈퍼주니어,spillover,17,en.wikipedia.org,en,wiki,ko,ko,0.667,,0.333,0
슈퍼주니어,spillover,18,mydaily.co.kr,ko,override,ko,ko,0.909,,0.091,1
슈퍼주니어,spillover,19,www.smentertainment.com,ko,override,ko,ko,1.0,,0.0,1
슈퍼주니어,spillover,20,v.daum.net,ko,override,ko,ko,1.0,,0.0,1
슈퍼주니어,spillover,21,www.pennmike.com,en,default,ko,ko,1.0,,0.0,0
슈퍼주니어,spillover,22,namu.wiki,ko,override,ko,ko,1.0,,0.0,1
슈퍼주니어,spillover,23,billboard.com.br,pt,tld,ko,ko,1.0,,0.0,0
슈퍼주니어,spillover,24,ko.wikipedia.org,ko,wiki,ko,ko,0.822,,0.178,1
슈퍼주니어,spillover,25,ko.wikipedia.org,ko,wiki,ko,ko,0.959,,0.041,1
슈퍼주니어,spillover,26,ko.wikipedia.org,ko,wiki,ko,ko,0.899,,0.101,1
슈퍼주니어,spillover,27,ko.wikipedia.org,ko,wiki,ko,ko,0.581,,0.378,1
슈퍼주니어,spillover,28,www.fujitv.co.jp,ja,tld,ko,ko,0.59,,0.41,0
슈퍼주니어,spillover,29,kstyle.com,en,default,ko,ko,0.812,,0.158,0
슈퍼주니어,spillover,30,www.munhwa.com,ko,override,ko,ko,1.0,,0.0,1
슈퍼주니어,spillover,31,www.khan.co.kr,ko,tld,ko,ko,1.0,,0.0,1
슈퍼주니어,spillover,32,www.mt.co.kr,ko,override,ko,ko,1.0,,0.0,1
슈퍼주니어,spillover,33,www.dailyjn.com,en,default,ko,ko,0.716,,0.284,0
슈퍼주니어,spillover,34,gazetebilkent.com,en,default,ko,ko,0.711,,0.289,0
슈퍼주니어,spillover,35,www.starnewskorea.com,en,override,ko,ko,1.0,,0.0,0
슈퍼주니어,spillover,36,namu.wiki,ko,override,ko,ko,1.0,,0.0,1
슈퍼주니어,spillover,37,namu.wiki,ko,override,ko,ko,0.868,,0.132,1
슈퍼주니어,spillover,38,namu.wiki,ko,override,ko,ko,1.0,,0.0,1
슈퍼주니어,spillover,39,namu.wiki,ko,override,ko,ko,0.88,,0.12,1
슈퍼주니어,spillover,40,namu.wiki,ko,override,ko,ko,0.714,,0.286,1
슈퍼주니어,spillover,41,namu.wiki,ko,override,ko,ko,1.0,,0.0,1
슈퍼주니어,spillover,42,namu.wiki,ko,override,ko,ko,0.909,,0.091,1
슈퍼주니어,spillover,43,namu.wiki,ko,override,ko,ko,0.75,,0.25,1
슈퍼주니어,spillover,44,www.starnewskorea.com,en,override,ko,ko,1.0,,0.0,0
슈퍼주니어,spillover,45,v.daum.net,ko,override,ko,ko,0.965,,0.035,1
슈퍼주니어,spillover,46,www.newsis.com,ko,override,ko,ko,0.973,,0.027,1
슈퍼주니어,spillover,47,www.newsis.com,ko,override,ko,ko,1.0,,0.0,1
슈퍼주니어,spillover,48,www.topstarnews.net,ko,override,ko,ko,0.967,,0.033,1
슈퍼주니어,spillover,49,v.daum.net,ko,override,ko,ko,0.727,,0.273,1
슈퍼주니어,spillover,50,m.163.com,zh,override,ko,ko,0.941,,0.016,0
슈퍼주니어,spillover,51,k.sina.com.cn,zh,override,ko,ko,0.864,,0.114,0
슈퍼주니어,spillover,52,ent.china.com,en,default,ko,ko,0.718,,0.113,0
슈퍼주니어,spillover,53,ent.sina.cn,zh,tld,ko,ko,0.814,,0.104,0
슈퍼주니어,spillover,54,www.pinkvilla.com,en,default,ko,ko,0.628,,0.372,0
슈퍼주니어,spillover,55,fr.wikipedia.org,fr,wiki,ko,ko,0.938,,0.062,0
슈퍼주니어,spillover,56,rpp.pe,es,tld,ko,ko,0.797,,0.203,0
슈퍼주니어,spillover,57,www.a24.com,en,default,ko,ko,0.985,,0.015,0
샤이니,loyalty,0,www.news1.kr,ko,override,ko,ko,1.0,,0.0,1
샤이니,loyalty,1,namu.wiki,ko,override,ko,ko,0.708,,0.292,1
샤이니,loyalty,2,en.wikipedia.org,en,wiki,ko,ko,0.686,,0.314,0
샤이니,loyalty,3,en.wikipedia.org,en,wiki,ko,ko,0.656,,0.344,0
샤이니,loyalty,4,en.wikipedia.org,en,wiki,ko,ko,1.0,,0.0,0
샤이니,loyalty,5,en.wikipedia.org,en,wiki,ko,ko,1.0,,0.0,0
샤이니,loyalty,6,www.marieclairekorea.com,en,default,latin,en,0.719,,1.0,1
샤이니,loyalty,7,www.topstarnews.net,ko,override,ko,ko,0.741,,0.259,1
샤이니,loyalty,8,www.detik.com,id,override,ko,ko,0.766,,0.234,0
샤이니,loyalty,9,www.detik.com,id,override,ko,ko,0.9,,0.1,0
샤이니,loyalty,10,dantri.com.vn,vi,tld,ko,ko,0.706,,0.294,0
샤이니,loyalty,11,www.thaiticketmajor.com,en,default,ko,ko,0.632,,0.368,0
샤이니,loyalty,12,www.weekendhk.com,en,default,ko,ko,0.478,,0.47,0
샤이니,loyalty,13,www.infobae.com,es,override,latin,vi,1.0,,0.706,0
샤이니,loyalty,14,www.wowow.co.jp,ja,tld,ko,ko,0.725,,0.275,0
샤이니,loyalty,15,www.informador.mx,es,tld,ko,ko,0.865,,0.135,0
샤이니,loyalty,16,www.excelsior.com.mx,es,override,ko,ko,1.0,,0.0,0
샤이니,loyalty,17,www.milenio.com,es,override,ko,ko,1.0,,0.0,0
샤이니,loyalty,18,www.detik.com,id,override,ko,ko,1.0,,0.0,0
샤이니,loyalty,19,www.detik.com,id,override,ko,ko,1.0,,0.0,0
샤이니,loyalty,20,www.thestar.com.my,en,override,ko,ko,0.794,,0.206,0
샤이니,loyalty,21,www.yesasia.ru,ru,override,ko,ko,0.625,,0.375,0
샤이니,loyalty,22,www.sortiraparis.com,en,default,ko,ko,0.727,,0.273,0
샤이니,loyalty,23,www.k-world.fr,fr,override,ko,ko,0.778,,0.222,0
샤이니,loyalty,24,www.pep.ph,tl,override,ko,ko,1.0,,0.0,0
샤이니,loyalty,25,mb.com.ph,tl,override,ko,ko,1.0,,0.0,0
샤이니,loyalty,26,www.gmanetwork.com,tl,override,ko,ko,1.0,,0.0,0
샤이니,loyalty,27,billboard.com.br,pt,tld,ko,ko,1.0,,0.0,0
샤이니,loyalty,28,billboard.com.br,pt,tld,ko,ko,1.0,,0.0,0
샤이니,loyalty,29,www.ngonews.kr,ko,tld,ko,ko,0.675,,0.325,1
샤이니,loyalty,30,www.smentertainment.com,ko,override,ko,ko,1.0,,0.0,1
샤이니,loyalty,31,www.koreadaily.com,ko,override,ko,ko,0.818,,0.182,1
샤이니,loyalty,32,www.starnewskorea.com,en,override,ko,ko,0.983,,0.0,0
샤이니,loyalty,33,baila.hpplus.jp,ja,tld,ko,ko,0.759,,0.241,0
샤이니,loyalty,34,ar.wikipedia.org,ar,wiki,ko,ko,0.861,,0.139,0
샤이니,loyalty,35,www.latercera.com,en,default,ko,ko,0.883,,0.117,0
샤이니,spillover,0,www.koreaboo.com,en,override,ko,ko,0.966,,0.034,0
샤이니,spillover,1,www.tatlerasia.com,en,default,ko,ko,0.867,,0.133,0
샤이니,spillover,2,biz.heraldcorp.com,ko,override,ko,ko,1.0,,0.0,1
샤이니,spillover,3,en.wikipedia.org,en,wiki,ko,ko,1.0,,0.0,0
샤이니,spillover,4,en.wikipedia.org,en,wiki,ko,ko,0.864,,0.136,0
샤이니,spillover,5,en.wikipedia.org,en,wiki,ko,ko,0.744,,0.256,0
샤이니,spillover,6,en.wikipedia.org,en,wiki,ko,ko,1.0,,0.0,0
샤이니,spillover,7,en.wikipedia.org,en,wiki,ko,ko,0.756,,0.244,0
샤이니,spillover,8,www.billboard.com,en,override,latin,en,0.886,,1.0,1
샤이니,spillover,9,www.setlist.fm,en,default,latin,en,0.514,,1.0,1
샤이니,spillover,10,www.antaranews.com,id,override,ko,ko,0.965,,0.026,0
샤이니,spillover,11,www.antaranews.com,id,override,ko,ko,0.869,,0.131,0
샤이니,spillover,12,en.wikipedia.org,en,wiki,ko,ko,0.754,,0.246,0
샤이니,spillover,13,en.wikipedia.org,en,wiki,ko,ko,0.739,,0.261,0
샤이니,spillover,14,en.wikipedia.org,en,wiki,ko,ko,0.958,,0.042,0
샤이니,spillover,15,numero.jp,ja,tld,ja,ja,0.522,,0.0,1
샤이니,spillover,16,www.eluniversal.com.mx,es,override,latin,vi,1.0,,0.774,0
샤이니,spillover,17,www.yesasia.ru,ru,override,ru,ru,0.731,,0.075,1
샤이니,spillover,18,imnews.imbc.com,ko,override,ko,ko,1.0,,0.0,1
샤이니,spillover,19,news.nate.com,ko,override,ko,ko,0.923,,0.077,1
샤이니,spillover,20,news.nextapple.com,en,default,ko,ko,0.61,,0.237,0
샤이니,spillover,21,namu.wiki,ko,override,ko,ko,1.0,,0.0,1
샤이니,spillover,22,namu.wiki,ko,override,ko,ko,1.0,,0.0,1
샤이니,spillover,23,en.wikipedia.org,en,wiki,ko,ko,0.961,,0.039,0
샤이니,spillover,24,en.wikipedia.org,en,wiki,ko,ko,0.881,,0.024,0
샤이니,spillover,25,en.wikipedia.org,en,wiki,ko,ko,0.8,,0.2,0
샤이니,spillover,26,en.wikipedia.org,en,wiki,ko,ko,0.603,,0.397,0
샤이니,spillover,27,en.wikipedia.org,en,wiki,ko,ko,0.829,,0.171,0
샤이니,spillover,28,en.wikipedia.org,en,wiki,ko,ko,0.768,,0.232,0
샤이니,spillover,29,www.olympics.com,en,default,ko,ko,0.909,,0.091,0
샤이니,spillover,30,www.sedaily.com,ko,override,ko,ko,1.0,,0.0,1
샤이니,spillover,31,kpopturkiye.com,en,default,ko,ko,0.819,,0.181,0
샤이니,spillover,32,www.starnewskorea.com,en,override,ko,ko,1.0,,0.0,0
샤이니,spillover,33,www.topstarnews.net,ko,override,ko,ko,0.541,,0.459,1
샤이니,spillover,34,musicking.co.kr,ko,tld,ko,ko,1.0,,0.0,1
샤이니,spillover,35,musicking.co.kr,ko,tld,ko,ko,0.972,,0.028,1
샤이니,spillover,36,www.starnewskorea.com,en,override,ko,ko,0.857,,0.143,0
샤이니,spillover,37,pickcon.co.kr,ko,tld,ko,ko,1.0,,0.0,1
샤이니,spillover,38,www.topstarnews.net,ko,override,ko,ko,0.547,,0.453,1
샤이니,spillover,39,view.asiae.co.kr,ko,tld,ko,ko,0.897,,0.103,1
샤이니,spillover,40,k-gen.fr,fr,tld,ko,ko,1.0,,0.0,0
ATEEZ,loyalty,0,x.com,en,override,ko,ko,0.889,,0.111,0
ATEEZ,loyalty,1,www.koreaboo.com,en,override,ko,ko,1.0,,0.0,0
ATEEZ,loyalty,2,www.koreatimes.co.kr,en,override,ko,ko,0.754,,0.246,0
ATEEZ,loyalty,3,www.allkpop.com,en,override,ko,ko,1.0,,0.0,0
ATEEZ,loyalty,4,www.forbes.com,en,override,ko,ko,1.0,,0.0,0
ATEEZ,loyalty,5,en.wikipedia.org,en,wiki,ko,ko,0.558,,0.442,0
ATEEZ,loyalty,6,en.wikipedia.org,en,wiki,ko,ko,0.533,,0.467,0
ATEEZ,loyalty,7,en.wikipedia.org,en,wiki,ko,ko,0.828,,0.172,0
ATEEZ,loyalty,8,en.wikipedia.org,en,wiki,ko,ko,0.966,,0.034,0
ATEEZ,loyalty,9,en.wikipedia.org,en,wiki,ko,ko,0.649,,0.351,0
ATEEZ,loyalty,10,en.wikipedia.org,en,wiki,ko,ko,0.809,,0.191,0
ATEEZ,loyalty,11,en.wikipedia.org,en,wiki,ko,ko,0.811,,0.189,0
ATEEZ,loyalty,12,www.soompi.com,en,override,latin,en,1.43,,1.0,1
ATEEZ,loyalty,13,www.allkpop.com,en,override,latin,en,1.076,,1.0,1
ATEEZ,loyalty,14,www.frontiertouring.com,en,default,latin,en,1.468,,1.0,1
ATEEZ,loyalty,15,www.infobae.com,es,override,latin,en,1.079,,1.0,0
ATEEZ,loyalty,16,www.infobae.com,es,override,latin,en,1.123,,1.0,0
ATEEZ,loyalty,17,www.infobae.com,es,override,latin,en,1.152,,1.0,0
ATEEZ,loyalty,18,www.oricon.co.jp,ja,tld,latin,en,0.924,,1.0,0
ATEEZ,loyalty,19,x.com,en,override,ko,ko,0.614,,0.386,0
ATEEZ,loyalty,20,ticket.yes24.com,en,default,ko,ko,0.506,,0.494,0
ATEEZ,loyalty,21,www.thairath.co.th,th,override,ko,ko,0.573,,0.427,0
ATEEZ,loyalty,22,en.thairath.co.th,th,override,ko,ko,0.889,,0.111,0
ATEEZ,loyalty,23,www.koreajoongangdaily.com,en,default,ko,ko,0.783,,0.217,0
ATEEZ,loyalty,24,en.wikipedia.org,en,wiki,ko,ko,0.864,,0.136,0
ATEEZ,loyalty,25,www.ajunews.com,ko,override,ko,ko,1.0,,0.0,1
ATEEZ,loyalty,26,www.ajunews.com,ko,override,ko,ko,0.978,,0.022,1
ATEEZ,loyalty,27,www.dispatch.co.kr,ko,tld,ko,ko,1.0,,0.0,1
ATEEZ,loyalty,28,www.thairath.co.th,th,override,th,th,1.0,,0.0,1
ATEEZ,loyalty,29,www.thairath.co.th,th,override,th,th,1.0,,0.0,1
ATEEZ,loyalty,30,mb.com.ph,tl,override,ko,ko,0.576,,0.424,0
ATEEZ,loyalty,31,www.philstar.com,tl,override,ko,ko,1.0,,0.0,0
ATEEZ,loyalty,32,billboard.com.br,pt,tld,ko,ko,0.865,,0.135,0
ATEEZ,loyalty,33,www.terra.com.br,pt,override,ko,ko,0.808,,0.192,0
ATEEZ,loyalty,34,www.hankyung.com,ko,override,ko,ko,0.986,,0.014,1
ATEEZ,loyalty,35,www.tenasia.co.kr,ko,tld,ko,ko,1.0,,0.0,1
ATEEZ,loyalty,36,www.starnewskorea.com,en,override,ko,ko,0.897,,0.103,0
ATEEZ,loyalty,37,www.breaknews.com,en,default,ko,ko,0.98,,0.02,0
ATEEZ,loyalty,38,www.blogto.com,en,default,ko,ko,0.914,,0.086,0
ATEEZ,loyalty,39,www.pinkvilla.com,en,default,ko,ko,0.707,,0.293,0
ATEEZ,loyalty,40,blog.namanecard.com,en,default,ko,ko,1.0,,0.0,0
ATEEZ,loyalty,41,koreaworld.net,en,default,ko,ko,0.782,,0.218,0
ATEEZ,spillover,0,www.hollywoodreporter.com,en,default,ko,ko,1.0,,0.0,0
ATEEZ,spillover,1,kstationtv.com,en,default,ko,ko,1.0,,0.0,0
ATEEZ,spillover,2,www.kpopmap.com,en,default,ko,ko,0.896,,0.104,0
ATEEZ,spillover,3,www.forbes.com,en,override,ko,ko,1.0,,0.0,0
ATEEZ,spillover,4,variety.com,en,default,ko,ko,0.622,,0.378,0
ATEEZ,spillover,5,en.wikipedia.org,en,wiki,ko,ko,0.655,,0.345,0
ATEEZ,spillover,6,en.wikipedia.org,en,wiki,ko,ko,0.735,,0.265,0
ATEEZ,spillover,7,en.wikipedia.org,en,wiki,latin,en,0.777,,0.538,1
ATEEZ,spillover,8,en.wikipedia.org,en,wiki,ko,ko,1.0,,0.0,0
ATEEZ,spillover,9,en.wikipedia.org,en,wiki,ko,ko,0.583,,0.417,0
ATEEZ,spillover,10,en.wikipedia.org,en,wiki,latin,en,0.858,,0.507,1
ATEEZ,spillover,11,en.wikipedia.org,en,wiki,ko,ko,0.753,,0.247,0
ATEEZ,spillover,12,www.billboard.com,en,override,latin,en,0.928,,1.0,1
ATEEZ,spillover,13,www.billboard.com,en,override,latin,en,0.928,,1.0,1
ATEEZ,spillover,14,www.noise11.com,en,default,latin,en,1.159,,1.0,1
ATEEZ,spillover,15,www.forbes.com,en,override,latin,en,1.039,,0.979,1
ATEEZ,spillover,16,www.infobae.com,es,override,latin,en,1.305,,1.0,0
ATEEZ,spillover,17,www.infobae.com,es,override,latin,en,1.219,,1.0,0
ATEEZ,spillover,18,www.infobae.com,es,override,latin,en,0.822,,1.0,0
ATEEZ,spillover,19,www.oricon.co.jp,ja,tld,latin,en,1.146,,1.0,0
ATEEZ,spillover,20,www.newsis.com,ko,override,ko,ko,0.806,,0.194,1
ATEEZ,spillover,21,www.kompas.com,id,override,ko,ko,0.683,,0.317,0
ATEEZ,spillover,22,www.thestar.com.my,en,override,ko,ko,0.746,,0.254,0
ATEEZ,spillover,23,en.thairath.co.th,th,override,ko,ko,0.84,,0.16,0
ATEEZ,spillover,24,en.wikipedia.org,en,wiki,ko,ko,0.609,,0.391,0
ATEEZ,spillover,25,en.wikipedia.org,en,wiki,latin,en,0.845,,0.667,1
ATEEZ,spillover,26,v.daum.net,ko,override,ko,ko,0.85,,0.15,1
ATEEZ,spillover,27,www.yesasia.ru,ru,override,ko,ko,0.4,,0.258,0
ATEEZ,spillover,28,natalie.mu,ja,override,latin,en,0.223,,0.633,0
ATEEZ,spillover,29,mdpr.jp,ja,tld,latin,en,0.68,,0.667,0
ATEEZ,spillover,30,www.thairath.co.th,th,override,th,th,1.0,,0.0,1
ATEEZ,spillover,31,www.youtube.com,en,override,ko,ko,0.8,,0.2,0
ATEEZ,spillover,32,namu.wiki,ko,override,ko,ko,0.75,,0.25,1
ATEEZ,spillover,33,namu.wiki,ko,override,ko,ko,0.885,,0.115,1
ATEEZ,spillover,34,www.philstar.com,tl,override,ko,ko,0.884,,0.116,0
ATEEZ,spillover,35,billboard.com.br,pt,tld,ko,ko,1.0,,0.0,0
ATEEZ,spillover,36,themusicuniverse.com,en,default,ko,ko,0.622,,0.378,0
ATEEZ,spillover,37,www.boxofficepro.com,en,default,latin,en,1.076,,0.734,1
ATEEZ,spillover,38,www.broadwayworld.com,en,default,ko,ko,0.6,,0.4,0
ATEEZ,spillover,39,mamasgeeky.com,en,default,ko,ko,0.713,,0.287,0
ATEEZ,spillover,40,en.wikipedia.org,en,wiki,ko,ko,0.855,,0.145,0
ATEEZ,spillover,41,en.wikipedia.org,en,wiki,ko,ko,0.722,,0.278,0
ATEEZ,spillover,42,namu.wiki,ko,override,ko,ko,0.52,,0.48,1
ATEEZ,spillover,43,www.hellokpop.com,en,default,ko,ko,0.912,,0.088,0
ATEEZ,spillover,44,www.emagine-entertainment.com,en,default,latin,en,0.946,,0.552,1
ATEEZ,spillover,45,www.upi.com,en,default,ko,ko,0.837,,0.163,0
ATEEZ,spillover,46,www.sozcu.com.tr,tr,override,ko,ko,0.8,,0.2,0
ATEEZ,spillover,47,www.dtoday.co.kr,ko,tld,ko,ko,1.0,,0.0,1
ATEEZ,spillover,48,www.starnewskorea.com,en,override,ko,ko,1.0,,0.0,0
ATEEZ,spillover,49,ateez.kqent.com,en,default,ko,ko,0.649,,0.351,0
ATEEZ,spillover,50,www.shinsegaegroupnewsroom.com,en,default,ko,ko,1.0,,0.0,0
ATEEZ,spillover,51,www.marieclairekorea.com,en,default,ko,ko,1.0,,0.0,0
ATEEZ,spillover,52,www.fnnews.com,ko,override,ko,ko,0.964,,0.036,1
ATEEZ,spillover,53,www.pap-magazine.com,en,default,ko,ko,1.0,,0.0,0
ATEEZ,spillover,54,www.munhwa.com,ko,override,ko,ko,1.0,,0.0,1
ATEEZ,spillover,55,kstyle.com,en,default,latin,en,0.537,,0.505,1
ATEEZ,spillover,56,www.worldvision.or.kr,ko,tld,ko,ko,0.867,,0.133,1
ATEEZ,spillover,57,v.daum.net,ko,override,ko,ko,0.966,,0.034,1
ATEEZ,spillover,58,v.daum.net,ko,override,ko,ko,1.0,,0.0,1
ATEEZ,spillover,59,v.daum.net,ko,override,ko,ko,1.0,,0.0,1
ATEEZ,spillover,60,www.handmk.com,en,default,ko,ko,0.918,,0.082,0
ATEEZ,spillover,61,www.nme.com,en,override,latin,en,0.898,,0.548,1
ATEEZ,spillover,62,www.rollingstone.co.uk,en,default,ko,ko,0.635,,0.365,0
ATEEZ,spillover,63,dailyhive.com,en,default,ko,ko,0.804,,0.196,0
ATEEZ,spillover,64,au.rollingstone.com,en,default,ko,ko,0.748,,0.252,0
ATEEZ,spillover,65,au.rollingstone.com,en,default,ko,ko,0.58,,0.42,0
ATEEZ,spillover,66,iol.co.za,en,default,ko,ko,0.741,,0.259,0
ATEEZ,spillover,67,blog.namanecard.com,en,default,ko,ko,0.952,,0.048,0
ATEEZ,spillover,68,www.k-world.fr,fr,override,ko,ko,1.0,,0.0,0
ATEEZ,spillover,69,www.biobiochile.cl,es,tld,ko,ko,0.725,,0.275,0
ATEEZ,spillover,70,recaplive.com,en,default,ko,ko,0.615,,0.385,0
DAY6,loyalty,0,en.wikipedia.org,en,wiki,ko,ko,0.865,,0.135,0
DAY6,loyalty,1,en.wikipedia.org,en,wiki,ko,ko,1.0,,0.0,0
DAY6,loyalty,2,en.wikipedia.org,en,wiki,ko,ko,0.627,,0.373,0
DAY6,loyalty,3,en.wikipedia.org,en,wiki,ko,ko,1.0,,0.0,0
DAY6,loyalty,4,en.wikipedia.org,en,wiki,ko,ko,0.815,,0.185,0
DAY6,loyalty,5,en.wikipedia.org,en,wiki,ko,ko,1.0,,0.0,0
DAY6,loyalty,6,en.wikipedia.org,en,wiki,ko,ko,0.889,,0.111,0
DAY6,loyalty,7,en.wikipedia.org,en,wiki,ko,ko,1.0,,0.0,0
DAY6,loyalty,8,en.wikipedia.org,en,wiki,ko,ko,1.0,,0.0,0
DAY6,loyalty,9,en.wikipedia.org,en,wiki,ko,ko,0.846,,0.154,0
DAY6,loyalty,10,sports.khan.co.kr,ko,override,latin,en,1.355,,1.0,0
DAY6,loyalty,11,sports.khan.co.kr,ko,override,latin,en,1.069,,1.0,0
DAY6,loyalty,12,beauty.oricon.co.jp,ja,tld,latin,en,1.086,,1.0,0
DAY6,loyalty,13,www.starnewskorea.com,en,override,ko,ko,0.787,,0.213,0
DAY6,loyalty,14,www.thepeople.co,es,tld,ko,ko,0.554,,0.446,0
DAY6,loyalty,15,day6.fandom.com,en,default,latin,en,1.316,,0.765,1
DAY6,loyalty,16,fanmaum.com,en,default,ko,ko,1.0,,0.0,0
DAY6,loyalty,17,news.yahoo.co.jp,ja,tld,ko,ko,0.923,,0.077,0
DAY6,loyalty,18,ototoy.jp,ja,tld,ko,ko,0.69,,0.31,0
DAY6,loyalty,19,www.hk01.com,zh,override,ko,ko,0.792,,0.208,0
DAY6,loyalty,20,www.detik.com,id,override,ko,ko,0.516,,0.484,0
DAY6,loyalty,21,www.idntimes.com,id,override,ko,ko,0.605,,0.395,0
DAY6,loyalty,22,www.tribunnews.com,id,override,ko,ko,0.875,,0.125,0
DAY6,loyalty,23,www.idntimes.com,id,override,ko,ko,0.903,,0.097,0
DAY6,loyalty,24,www.thairath.co.th,th,override,ko,ko,0.897,,0.103,0
DAY6,loyalty,25,www.dailynews.co.th,th,tld,ko,ko,0.833,,0.167,0
DAY6,loyalty,26,www.dailynews.co.th,th,tld,ko,ko,0.885,,0.115,0
DAY6,loyalty,27,www.sanook.com,th,override,latin,en,0.76,,0.578,0
DAY6,loyalty,28,www.workpointtoday.com,th,override,ko,ko,0.875,,0.125,0
DAY6,loyalty,29,www.dailynews.co.th,th,tld,latin,en,0.649,,0.78,0
DAY6,loyalty,30,www.thairath.co.th,th,override,ko,ko,0.889,,0.111,0
DAY6,loyalty,31,workpointtoday.com,th,override,latin,en,0.745,,0.59,0
DAY6,loyalty,32,www.sanook.com,th,override,ko,ko,0.531,,0.469,0
DAY6,loyalty,33,www.yesasia.ru,ru,override,ko,ko,0.625,,0.375,0
DAY6,loyalty,34,kudago.com,en,default,ko,ko,0.735,,0.265,0
DAY6,loyalty,35,yeah1.com,en,default,ko,ko,0.875,,0.125,0
DAY6,loyalty,36,backstage.vn,vi,tld,ko,ko,0.85,,0.15,0
DAY6,loyalty,37,www.nautiljon.com,en,default,ko,ko,0.571,,0.429,0
DAY6,loyalty,38,m.heraldmuse.com,ko,override,ko,ko,0.731,,0.269,1
DAY6,loyalty,39,www.philstar.com,tl,override,ko,ko,0.64,,0.36,0
DAY6,loyalty,40,plus.inquirer.net,tl,override,ko,ko,1.0,,0.0,0
DAY6,loyalty,41,mb.com.ph,tl,override,ko,ko,0.657,,0.343,0
DAY6,loyalty,42,blognroll.com.br,pt,tld,ko,ko,0.667,,0.333,0
DAY6,loyalty,43,www.midiorama.com,en,default,ko,ko,0.719,,0.281,0
DAY6,loyalty,44,sports.khan.co.kr,ko,override,ko,ko,0.788,,0.212,1
DAY6,loyalty,45,x.com,en,override,ko,ko,0.849,,0.151,0
DAY6,loyalty,46,enews.imbc.com,en,default,ko,ko,1.0,,0.0,0
DAY6,loyalty,47,www.hankyung.com,ko,override,ko,ko,0.814,,0.186,1
DAY6,loyalty,48,v.daum.net,ko,override,ko,ko,1.0,,0.0,1
DAY6,loyalty,49,www.starnewskorea.com,en,override,ko,ko,0.9,,0.1,0
DAY6,loyalty,50,www.asiaartistawards.com,en,default,ko,ko,0.525,,0.475,0
DAY6,loyalty,51,sports.khan.co.kr,ko,override,ko,ko,0.691,,0.309,1
DAY6,loyalty,52,www.asiaholic.net,en,default,ko,ko,0.676,,0.324,0
DAY6,loyalty,53,bonjour-coree.org,en,default,ko,ko,1.0,,0.0,0
DAY6,spillover,0,en.wikipedia.org,en,wiki,ko,ko,0.778,,0.222,0
DAY6,spillover,1,en.wikipedia.org,en,wiki,ko,ko,0.909,,0.091,0
DAY6,spillover,2,namu.wiki,ko,override,ko,ko,0.972,,0.028,1
DAY6,spillover,3,en.wikipedia.org,en,wiki,ko,ko,0.886,,0.114,0
DAY6,spillover,4,en.wikipedia.org,en,wiki,latin,en,0.446,,0.648,1
DAY6,spillover,5,www.allkpop.com,en,override,latin,en,1.022,,1.0,1
DAY6,spillover,6,www.allkpop.com,en,override,latin,en,1.132,,1.0,1
DAY6,spillover,7,www.allkpop.com,en,override,latin,en,1.094,,0.975,1
DAY6,spillover,8,www.infobae.com,es,override,latin,en,1.491,,1.0,0
DAY6,spillover,9,www.starnewskorea.com,en,override,ko,ko,0.895,,0.105,0
DAY6,spillover,10,www.kompas.tv,en,default,ko,ko,0.844,,0.156,0
DAY6,spillover,11,www.kompas.com,id,override,ko,ko,0.84,,0.16,0
DAY6,spillover,12,www.malaymail.com,en,override,ko,ko,0.808,,0.192,0
DAY6,spillover,13,namu.wiki,ko,override,ko,ko,0.957,,0.043,1
DAY6,spillover,14,namu.wiki,ko,override,ko,ko,0.961,,0.039,1
DAY6,spillover,15,en.wikipedia.org,en,wiki,ko,ko,0.78,,0.22,0
DAY6,spillover,16,v.daum.net,ko,override,ko,ko,1.0,,0.0,1
DAY6,spillover,17,www.nocutnews.co.kr,ko,tld,ko,ko,1.0,,0.0,1
DAY6,spillover,18,www.timespread.co.kr,ko,tld,ko,ko,0.786,,0.214,1
DAY6,spillover,19,www.fnnews.com,ko,override,ko,ko,0.948,,0.052,1
DAY6,spillover,20,m.heraldmuse.com,ko,override,ko,ko,0.75,,0.25,1
DAY6,spillover,21,m.heraldmuse.com,ko,override,ko,ko,0.812,,0.188,1
DAY6,spillover,22,m.heraldmuse.com,ko,override,ko,ko,0.838,,0.162,1
DAY6,spillover,23,m.heraldmuse.com,ko,override,ko,ko,0.94,,0.06,1
DAY6,spillover,24,m.heraldmuse.com,ko,override,ko,ko,0.714,,0.286,1
DAY6,spillover,25,m.heraldmuse.com,ko,override,ko,ko,0.778,,0.222,1
DAY6,spillover,26,www.last.fm,en,default,latin,en,0.358,,0.56,1
DAY6,spillover,27,www.youtube.com,en,override,ko,ko,0.88,,0.12,0
DAY6,spillover,28,namu.wiki,ko,override,ko,ko,0.962,,0.038,1
DAY6,spillover,29,namu.wiki,ko,override,ko,ko,0.957,,0.043,1
DAY6,spillover,30,en.wikipedia.org,en,wiki,latin,en,1.071,,0.593,1
DAY6,spillover,31,namu.wiki,ko,override,ko,ko,0.803,,0.197,1
DAY6,spillover,32,namu.wiki,ko,override,ko,ko,0.922,,0.078,1
DAY6,spillover,33,namu.wiki,ko,override,ko,ko,1.0,,0.0,1
DAY6,spillover,34,www.kpopturk.com,en,default,ko,ko,0.647,,0.353,0
DAY6,spillover,35,www.ktnews.com,en,default,ko,ko,0.842,,0.158,0
DAY6,spillover,36,namu.wiki,ko,override,ko,ko,0.893,,0.107,1
DAY6,spillover,37,namu.wiki,ko,override,ko,ko,1.0,,0.0,1
DAY6,spillover,38,namu.wiki,ko,override,ko,ko,1.0,,0.0,1
DAY6,spillover,39,namu.wiki,ko,override,ko,ko,0.706,,0.294,1
DAY6,spillover,40,namu.wiki,ko,override,ko,ko,0.516,,0.484,1
DAY6,spillover,41,tw.trip.com,en,default,ko,ko,0.867,,0.133,0
DAY6,spillover,42,enews.imbc.com,en,default,ko,ko,1.0,,0.0,0
DAY6,spillover,43,www.viva100.com,en,default,ko,ko,0.871,,0.129,0
DAY6,spillover,44,v.daum.net,ko,override,ko,ko,0.938,,0.062,1
DAY6,spillover,45,www.asiaartistawards.com,en,default,ko,ko,0.695,,0.305,0
DAY6,spillover,46,conkdekpop.com,en,default,ko,ko,0.71,,0.29,0
IKON,loyalty,0,en.wikipedia.org,en,wiki,ko,ko,0.756,,0.244,0
IKON,loyalty,1,en.wikipedia.org,en,wiki,ko,ko,0.667,,0.333,0
IKON,loyalty,2,en.wikipedia.org,en,wiki,ko,ko,0.75,,0.25,0
IKON,loyalty,3,en.wikipedia.org,en,wiki,ko,ko,1.0,,0.0,0
IKON,loyalty,4,en.wikipedia.org,en,wiki,ko,ko,1.0,,0.0,0
IKON,loyalty,5,en.wikipedia.org,en,wiki,ko,ko,0.789,,0.211,0
IKON,loyalty,6,en.wikipedia.org,en,wiki,ko,ko,0.933,,0.067,0
IKON,loyalty,7,en.wikipedia.org,en,wiki,ko,ko,1.0,,0.0,0
IKON,loyalty,8,en.wikipedia.org,en,wiki,ko,ko,0.8,,0.2,0
IKON,loyalty,9,en.wikipedia.org,en,wiki,ko,ko,1.0,,0.0,0
IKON,loyalty,10,sports.khan.co.kr,ko,override,latin,en,1.082,,1.0,0
IKON,loyalty,11,star.ytn.co.kr,ko,override,latin,en,1.227,,1.0,0
IKON,loyalty,12,v.daum.net,ko,override,latin,en,1.128,,1.0,0
IKON,loyalty,13,www.starnewskorea.com,en,override,latin,en,1.064,,1.0,1
IKON,loyalty,14,yg-life.com,ko,override,latin,en,1.038,,1.0,0
IKON,loyalty,15,www.allkpop.com,en,override,latin,en,1.175,,1.0,1
IKON,loyalty,16,www.fantopia.io,en,default,latin,en,1.37,,1.0,1
IKON,loyalty,17,www.liputan6.com,id,override,latin,id,1.924,,0.573,1
IKON,loyalty,18,www.khaosod.co.th,th,override,ko,ko,0.735,,0.265,0
IKON,loyalty,19,www.sanook.com,th,override,ko,ko,0.531,,0.266,0
IKON,loyalty,20,www.starnewskorea.com,en,override,ko,ko,0.711,,0.289,0
IKON,loyalty,21,www.koreaherald.com,en,override,ko,ko,0.809,,0.191,0
IKON,loyalty,22,natalie.mu,ja,override,ko,ko,0.905,,0.095,0
IKON,loyalty,23,natalie.mu,ja,override,ko,ko,0.9,,0.1,0
IKON,loyalty,24,www.tmc.taipei,en,default,ko,ko,0.604,,0.396,0
IKON,loyalty,25,crossing.cw.com.tw,zh,tld,latin,en,0.198,,0.455,0
IKON,loyalty,26,www.infobae.com,es,override,ko,ko,0.667,,0.333,0
IKON,loyalty,27,www.infobae.com,es,override,ko,ko,0.862,,0.138,0
IKON,loyalty,28,www.excelsior.com.mx,es,override,ko,ko,0.717,,0.283,0
IKON,loyalty,29,www.detik.com,id,override,ko,ko,0.721,,0.279,0
IKON,loyalty,30,www.idntimes.com,id,override,ko,ko,0.852,,0.148,0
IKON,loyalty,31,www.idntimes.com,id,override,ko,ko,0.613,,0.387,0
IKON,loyalty,32,www.sanook.com,th,override,latin,en,0.172,,0.674,0
IKON,loyalty,33,www.khaosod.co.th,th,override,latin,id,0.53,,0.727,0
IKON,loyalty,34,mgronline.com,th,override,latin,en,0.172,,0.838,0
IKON,loyalty,35,musicstation.kapook.com,th,override,ko,ko,0.733,,0.267,0
IKON,loyalty,36,voh.com.vn,vi,tld,ko,ko,0.882,,0.118,0
IKON,loyalty,37,thanhnien.vn,vi,override,ko,ko,0.875,,0.125,0
IKON,loyalty,38,www.nautiljon.com,en,default,ko,ko,0.564,,0.436,0
IKON,loyalty,39,www.k-world.fr,fr,override,ko,ko,0.643,,0.357,0
IKON,loyalty,40,koreasowls.fr,fr,override,ko,ko,0.579,,0.421,0
IKON,loyalty,41,www.gmanetwork.com,tl,override,ko,ko,0.724,,0.276,0
IKON,loyalty,42,mb.com.ph,tl,override,ko,ko,0.731,,0.269,0
IKON,loyalty,43,mb.com.ph,tl,override,ko,ko,0.667,,0.333,0
IKON,loyalty,44,www.terra.com.br,pt,override,ko,ko,0.857,,0.143,0
IKON,loyalty,45,www.korezin.com,en,default,ko,ko,0.741,,0.259,0
IKON,loyalty,46,www.edaily.co.kr,ko,override,ko,ko,0.982,,0.018,1
IKON,loyalty,47,yg-life.com,ko,override,ko,ko,0.929,,0.071,1
IKON,loyalty,48,yg-life.com,ko,override,ko,ko,0.5,,0.5,1
IKON,loyalty,49,sports.khan.co.kr,ko,override,ko,ko,0.945,,0.055,1
IKON,loyalty,50,www.korseries.com,en,default,ko,ko,0.618,,0.382,0
IKON,loyalty,51,v.daum.net,ko,override,ko,ko,0.7,,0.3,1
IKON,loyalty,52,isplus.com,ko,override,ko,ko,0.867,,0.133,1
IKON,loyalty,53,blog.delivered.co.kr,ko,tld,ko,ko,0.597,,0.338,1
IKON,spillover,0,en.wikipedia.org,en,wiki,ko,ko,0.696,,0.304,0
IKON,spillover,1,en.wikipedia.org,en,wiki,ko,ko,1.0,,0.0,0
IKON,spillover,2,en.wikipedia.org,en,wiki,ko,ko,0.889,,0.111,0
IKON,spillover,3,en.wikipedia.org,en,wiki,ko,ko,0.625,,0.375,0
IKON,spillover,4,en.wikipedia.org,en,wiki,ko,ko,0.727,,0.273,0
IKON,spillover,5,en.wikipedia.org,en,wiki,ko,ko,0.792,,0.208,0
IKON,spillover,6,yg-life.com,ko,override,latin,en,1.451,,1.0,0
IKON,spillover,7,star.ytn.co.kr,ko,override,latin,en,1.139,,1.0,0
IKON,spillover,8,www.starnewskorea.com,en,override,latin,en,1.017,,1.0,1
IKON,spillover,9,v.daum.net,ko,override,latin,en,1.453,,1.0,0
IKON,spillover,10,www.allkpop.com,en,override,latin,en,1.01,,1.0,1
IKON,spillover,11,yg-life.com,ko,override,latin,en,1.324,,0.985,0
IKON,spillover,12,www.infobae.com,es,override,latin,en,0.961,,1.0,0
IKON,spillover,13,www.infobae.com,es,override,latin,en,1.591,,1.0,0
IKON,spillover,14,www.liputan6.com,id,override,ko,ko,0.614,,0.386,0
IKON,spillover,15,znews.vn,vi,tld,ko,ko,0.722,,0.278,0
IKON,spillover,16,namu.wiki,ko,override,ko,ko,0.771,,0.229,1
IKON,spillover,17,namu.wiki,ko,override,ko,ko,0.943,,0.057,1
IKON,spillover,18,namu.wiki,ko,override,ko,ko,0.862,,0.138,1
IKON,spillover,19,www.koreaherald.com,en,override,ko,ko,0.742,,0.258,0
IKON,spillover,20,namu.wiki,ko,override,ko,ko,0.92,,0.08,1
IKON,spillover,21,www.inthenews.co.kr,ko,tld,ko,ko,0.929,,0.071,1
IKON,spillover,22,playvod.imbc.com,en,default,ko,ko,0.667,,0.333,0
IKON,spillover,23,namu.wiki,ko,override,ko,ko,0.5,,0.5,1
IKON,spillover,24,namu.wiki,ko,override,ko,ko,0.826,,0.174,1
IKON,spillover,25,billboard.com.br,pt,tld,ko,ko,1.0,,0.0,0
IKON,spillover,26,yg-life.com,ko,override,ko,ko,0.797,,0.203,1
IKON,spillover,27,yg-life.com,ko,override,ko,ko,0.864,,0.136,1
IKON,spillover,28,www.soompi.com,en,override,ko,ko,0.697,,0.303,0
IKON,spillover,29,namu.wiki,ko,override,ko,ko,0.742,,0.258,1
IKON,spillover,30,namu.wiki,ko,override,ko,ko,0.711,,0.289,1
IKON,spillover,31,thetvdb.com,en,default,ko,ko,0.78,,0.22,0
IKON,spillover,32,thetvdb.com,en,default,ko,ko,0.543,,0.457,0
IKON,spillover,33,namu.wiki,ko,override,ko,ko,0.833,,0.167,1
IKON,spillover,34,en.wikipedia.org,en,wiki,ko,ko,0.733,,0.267,0
IKON,spillover,35,www.hankookilbo.com,ko,override,ko,ko,0.905,,0.095,1
IKON,spillover,36,www.hankyung.com,ko,override,ko,ko,1.0,,0.0,1
IKON,spillover,37,www.hankookilbo.com,ko,override,ko,ko,1.0,,0.0,1
IKON,spillover,38,v.daum.net,ko,override,ko,ko,0.818,,0.182,1
IKON,spillover,39,enews.imbc.com,en,default,ko,ko,0.913,,0.087,0
IKON,spillover,40,www.eltiempo.com,en,default,ko,ko,0.821,,0.179,0
IKON,spillover,41,www.mundo-asia.com,en,default,ko,ko,0.634,,0.366,0
CORTIS,loyalty,0,en.wikipedia.org,en,wiki,ko,ko,0.826,,0.174,0
CORTIS,loyalty,1,namu.wiki,ko,override,ko,ko,0.662,,0.338,1
CORTIS,loyalty,2,namu.wiki,ko,override,ko,ko,0.75,,0.25,1
CORTIS,loyalty,3,namu.wiki,ko,override,ko,ko,0.974,,0.026,1
CORTIS,loyalty,4,namu.wiki,ko,override,ko,ko,1.0,,0.0,1
CORTIS,loyalty,5,www.starnewskorea.com,en,override,ko,ko,0.512,,0.488,0
CORTIS,loyalty,6,www.starnewskorea.com,en,override,ko,ko,0.973,,0.027,0
CORTIS,loyalty,7,www.starnewskorea.com,en,override,ko,ko,0.643,,0.357,0
CORTIS,loyalty,8,namu.wiki,ko,override,ko,ko,0.756,,0.244,1
CORTIS,loyalty,9,namu.wiki,ko,override,ko,ko,0.778,,0.222,1
CORTIS,loyalty,10,en.wikipedia.org,en,wiki,ko,ko,0.882,,0.118,0
CORTIS,loyalty,11,www.allkpop.com,en,override,latin,en,1.102,,1.0,1
CORTIS,loyalty,12,biz.heraldcorp.com,ko,override,ko,ko,0.89,,0.11,1
CORTIS,loyalty,13,biz.heraldcorp.com,ko,override,ko,ko,1.0,,0.0,1
CORTIS,loyalty,14,e.usen.com,en,default,ko,ko,1.0,,0.0,0
CORTIS,loyalty,15,namu.wiki,ko,override,ko,ko,0.919,,0.081,1
CORTIS,loyalty,16,kumparan.com,en,default,ko,ko,0.688,,0.312,0
CORTIS,loyalty,17,weverse.io,en,default,ko,ko,0.688,,0.312,0
CORTIS,loyalty,18,madamefigaro.jp,ja,tld,ko,ko,0.462,,0.077,0
CORTIS,loyalty,19,ent.sina.cn,zh,tld,ko,ko,1.0,,0.0,0
CORTIS,loyalty,20,kbizoom.com,ko,override,ko,ko,0.875,,0.125,1
CORTIS,loyalty,21,pantip.com,en,default,ko,ko,1.0,,0.0,0
CORTIS,loyalty,22,www.timespread.co.kr,ko,tld,ko,ko,0.899,,0.101,1
CORTIS,loyalty,23,www.threads.com,en,override,ko,ko,0.954,,0.046,0
CORTIS,loyalty,24,www.starnewskorea.com,en,override,ko,ko,1.0,,0.0,0
CORTIS,loyalty,25,www.sina.cn,zh,tld,ko,ko,0.789,,0.158,0
CORTIS,loyalty,26,www.detik.com,id,override,ko,ko,0.854,,0.146,0
CORTIS,loyalty,27,20.detik.com,id,override,ko,ko,0.857,,0.143,0
CORTIS,loyalty,28,www.detik.com,id,override,ko,ko,0.756,,0.244,0
CORTIS,loyalty,29,www.idntimes.com,id,override,latin,en,1.034,,0.595,0
CORTIS,loyalty,30,jogja.tribunnews.com,id,override,ko,ko,0.833,,0.167,0
CORTIS,loyalty,31,theblueprint.ru,ru,tld,ko,ko,0.58,,0.42,0
CORTIS,loyalty,32,www.yesasia.ru,ru,override,ko,ko,0.674,,0.326,0
CORTIS,loyalty,33,www.k-pop.ru,ru,tld,ko,ko,0.7,,0.3,0
CORTIS,loyalty,34,tuoitre.vn,vi,override,ko,ko,0.742,,0.258,0
CORTIS,loyalty,35,french.korea.net,en,default,ko,ko,0.583,,0.417,0
CORTIS,loyalty,36,danstafaceb.com,en,default,ko,ko,0.614,,0.386,0
CORTIS,loyalty,37,mb.com.ph,tl,override,ko,ko,0.8,,0.2,0
CORTIS,loyalty,38,www.terra.com.br,pt,override,ko,ko,0.569,,0.431,0
CORTIS,loyalty,39,namu.wiki,ko,override,ko,ko,0.569,,0.431,1
CORTIS,loyalty,40,namu.wiki,ko,override,ko,ko,0.654,,0.346,1
CORTIS,loyalty,41,namu.wiki,ko,override,ko,ko,0.825,,0.175,1
CORTIS,loyalty,42,weverse.io,en,default,ko,ko,0.787,,0.213,0
CORTIS,loyalty,43,spur.hpplus.jp,ja,tld,ko,ko,0.771,,0.229,0
CORTIS,loyalty,44,news.qq.com,zh,override,ko,ko,0.733,,0.228,0
CORTIS,loyalty,45,x.com,en,override,ko,ko,0.573,,0.177,0
CORTIS,loyalty,46,www.facebook.com,en,override,ko,ko,0.562,,0.172,0
CORTIS,loyalty,47,www.facebook.com,en,override,ko,ko,0.687,,0.313,0
CORTIS,loyalty,48,v.daum.net,ko,override,ko,ko,0.822,,0.178,1
CORTIS,loyalty,49,koreaworld.net,en,default,ko,ko,0.778,,0.222,0
CORTIS,spillover,0,en.wikipedia.org,en,wiki,ko,ko,0.575,,0.425,0
CORTIS,spillover,1,namu.wiki,ko,override,latin,en,0.972,,0.556,0
CORTIS,spillover,2,namu.wiki,ko,override,ko,ko,0.974,,0.026,1
CORTIS,spillover,3,www.starnewskorea.com,en,override,ko,ko,1.0,,0.0,0
CORTIS,spillover,4,en.wikipedia.org,en,wiki,ko,ko,0.709,,0.291,0
CORTIS,spillover,5,en.wikipedia.org,en,wiki,ko,ko,0.619,,0.381,0
CORTIS,spillover,6,mb.com.ph,tl,override,latin,en,0.937,,0.948,0
CORTIS,spillover,7,mb.com.ph,tl,override,latin,en,0.842,,0.98,0
CORTIS,spillover,8,www.koreaherald.com,en,override,latin,en,1.318,,0.967,1
CORTIS,spillover,9,www.infobae.com,es,override,latin,en,1.248,,1.0,0
CORTIS,spillover,10,e.usen.com,en,default,ko,ko,0.815,,0.185,0
CORTIS,spillover,11,namu.wiki,ko,override,ko,ko,0.81,,0.19,1
CORTIS,spillover,12,koreawave.jp,ja,tld,ko,ko,0.877,,0.123,0
CORTIS,spillover,13,kumparan.com,en,default,ko,ko,0.686,,0.314,0
CORTIS,spillover,14,www.hankyung.com,ko,override,latin,en,0.972,,0.52,0
CORTIS,spillover,15,www.hankyung.com,ko,override,ko,ko,0.904,,0.096,1
CORTIS,spillover,16,biz.heraldcorp.com,ko,override,ko,ko,0.825,,0.175,1
CORTIS,spillover,17,www.starnewskorea.com,en,override,ko,ko,0.908,,0.092,0
CORTIS,spillover,18,www.starnewskorea.com,en,override,ko,ko,0.87,,0.13,0
CORTIS,spillover,19,www.starnewskorea.com,en,override,ko,ko,0.766,,0.234,0
CORTIS,spillover,20,namu.wiki,ko,override,ko,ko,0.667,,0.333,1
CORTIS,spillover,21,namu.wiki,ko,override,ko,ko,0.803,,0.197,1
CORTIS,spillover,22,namu.wiki,ko,override,ko,ko,0.782,,0.218,1
CORTIS,spillover,23,news.qq.com,zh,override,ko,ko,0.468,,0.101,0
CORTIS,spillover,24,www.storm.mg,zh,override,ko,ko,0.569,,0.0,0
CORTIS,spillover,25,www.infobae.com,es,override,latin,vi,1.0,,0.809,0
CORTIS,spillover,26,theblueprint.ru,ru,tld,ru,ru,0.538,,0.166,1
CORTIS,spillover,27,en.thairath.co.th,th,override,ko,ko,0.918,,0.082,0
CORTIS,spillover,28,kbizoom.com,ko,override,ko,ko,1.0,,0.0,1
CORTIS,spillover,29,www.hallyukstar.com,en,default,ko,ko,0.82,,0.18,0
CORTIS,spillover,30,www.youtube.com,en,override,latin,en,0.337,,0.911,1
CORTIS,spillover,31,www.tenasia.co.kr,ko,tld,ko,ko,0.866,,0.134,1
CORTIS,spillover,32,madamefigaro.jp,ja,tld,ko,ko,0.835,,0.165,0
CORTIS,spillover,33,news.yahoo.co.jp,ja,tld,ko,ko,0.808,,0.192,0
CORTIS,spillover,34,prtimes.jp,ja,tld,latin,en,0.667,,0.787,0
CORTIS,spillover,35,www.sina.cn,zh,tld,ko,ko,0.8,,0.15,0
CORTIS,spillover,36,www.bella.tw,zh,tld,ko,ko,0.763,,0.184,0
CORTIS,spillover,37,los40.com.mx,es,tld,ko,ko,0.844,,0.156,0
CORTIS,spillover,38,www.informador.mx,es,tld,ko,ko,0.731,,0.269,0
CORTIS,spillover,39,musicstation.kapook.com,th,override,ko,ko,0.556,,0.444,0
CORTIS,spillover,40,www.dailynews.co.th,th,tld,ko,ko,0.75,,0.25,0
CORTIS,spillover,41,www.dailynews.co.th,th,tld,latin,en,1.034,,0.667,0
CORTIS,spillover,42,www.dailynews.co.th,th,tld,ko,ko,0.786,,0.214,0
CORTIS,spillover,43,www.thairath.co.th,th,override,ko,ko,0.63,,0.37,0
CORTIS,spillover,44,www.khaosod.co.th,th,override,ko,ko,0.5,,0.5,0
CORTIS,spillover,45,www.dailynews.co.th,th,tld,ko,ko,0.714,,0.286,0
CORTIS,spillover,46,news.tf.co.kr,ko,tld,ko,ko,0.887,,0.113,1
CORTIS,spillover,47,v.daum.net,ko,override,ko,ko,0.809,,0.191,1
CORTIS,spillover,48,kenh14.vn,vi,override,ko,ko,0.676,,0.324,0
CORTIS,spillover,49,www.ggilbo.com,en,default,ko,ko,0.833,,0.167,0
CORTIS,spillover,50,billboard.com.br,pt,tld,ko,ko,0.958,,0.042,0
CORTIS,spillover,51,letterboxd.com,en,default,ko,ko,0.643,,0.357,0
CORTIS,spillover,52,www.starnewskorea.com,en,override,ko,ko,0.615,,0.385,0
CORTIS,spillover,53,en.wikipedia.org,en,wiki,ko,ko,0.511,,0.489,0
CORTIS,spillover,54,namu.wiki,ko,override,ko,ko,0.615,,0.385,1
CORTIS,spillover,55,www.koreadaily.com,ko,override,ko,ko,0.927,,0.073,1
CORTIS,spillover,56,borderlessfilm.com,en,default,ko,ko,0.67,,0.33,0
CORTIS,spillover,57,www.starnewskorea.com,en,override,ko,ko,1.0,,0.0,0
CORTIS,spillover,58,www.starnewskorea.com,en,override,ko,ko,1.0,,0.0,0
CORTIS,spillover,59,www.topstarnews.net,ko,override,ko,ko,0.918,,0.082,1
CORTIS,spillover,60,sports.khan.co.kr,ko,override,ko,ko,0.797,,0.203,1
CORTIS,spillover,61,sports.khan.co.kr,ko,override,ko,ko,0.851,,0.149,1
CORTIS,spillover,62,namu.wiki,ko,override,ko,ko,0.699,,0.301,1
CORTIS,spillover,63,www.globalepic.co.kr,ko,tld,ko,ko,0.878,,0.122,1
CORTIS,spillover,64,namu.wiki,ko,override,ko,ko,0.789,,0.211,1
CORTIS,spillover,65,www.starnewskorea.com,en,override,ko,ko,0.838,,0.162,0
CORTIS,spillover,66,www.starnewskorea.com,en,override,ko,ko,0.81,,0.19,0
CORTIS,spillover,67,www.starnewskorea.com,en,override,ko,ko,0.889,,0.111,0
CORTIS,spillover,68,musicking.co.kr,ko,tld,ko,ko,0.795,,0.205,1
CORTIS,spillover,69,musicking.co.kr,ko,tld,ko,ko,0.857,,0.143,1
CORTIS,spillover,70,en.wikipedia.org,en,wiki,ko,ko,0.829,,0.171,0
CORTIS,spillover,71,www.starnewskorea.com,en,override,ko,ko,1.0,,0.0,0
CORTIS,spillover,72,news.qq.com,zh,override,ko,ko,0.789,,0.211,0
CORTIS,spillover,73,www.wkorea.com,en,default,ko,ko,0.829,,0.171,0
CORTIS,spillover,74,www.pap-magazine.com,en,default,ko,ko,0.762,,0.238,0
CORTIS,spillover,75,www.wkorea.com,en,default,ko,ko,0.922,,0.078,0
CORTIS,spillover,76,www.wkorea.com,en,default,ko,ko,0.837,,0.163,0
CORTIS,spillover,77,www.wkorea.com,en,default,ko,ko,0.851,,0.149,0
CORTIS,spillover,78,today.line.me,en,default,ko,ko,0.63,,0.284,0
CORTIS,spillover,79,www.adaymag.com,en,default,ko,ko,0.719,,0.105,0
CORTIS,spillover,80,www.bella.tw,zh,tld,ko,ko,0.713,,0.202,0
CORTIS,spillover,81,hk.ulifestyle.com.hk,zh,tld,ko,ko,0.754,,0.145,0
CORTIS,spillover,82,x.com,en,override,ko,ko,0.61,,0.35,0
CORTIS,spillover,83,www.tatlerasia.com,en,default,ko,ko,0.926,,0.074,0
CORTIS,spillover,84,www.diariolibre.com,en,default,ko,ko,0.686,,0.314,0
BTOB,loyalty,0,en.wikipedia.org,en,wiki,ko,ko,0.88,,0.12,0
BTOB,loyalty,1,en.wikipedia.org,en,wiki,ko,ko,0.8,,0.2,0
BTOB,loyalty,2,en.wikipedia.org,en,wiki,ko,ko,0.622,,0.378,0
BTOB,loyalty,3,en.wikipedia.org,en,wiki,ko,ko,0.936,,0.064,0
BTOB,loyalty,4,en.wikipedia.org,en,wiki,ko,ko,1.0,,0.0,0
BTOB,loyalty,5,en.wikipedia.org,en,wiki,ko,ko,0.611,,0.389,0
BTOB,loyalty,6,en.wikipedia.org,en,wiki,ko,ko,0.796,,0.204,0
BTOB,loyalty,7,en.wikipedia.org,en,wiki,ko,ko,1.0,,0.0,0
BTOB,loyalty,8,en.wikipedia.org,en,wiki,ko,ko,1.0,,0.0,0
BTOB,loyalty,9,en.wikipedia.org,en,wiki,latin,en,1.108,,0.538,1
BTOB,loyalty,10,www.topstarnews.net,ko,override,latin,en,1.201,,1.0,0
BTOB,loyalty,11,www.wikitree.co.kr,ko,tld,latin,en,1.17,,1.0,0
BTOB,loyalty,12,v.daum.net,ko,override,latin,en,1.536,,1.0,0
BTOB,loyalty,13,www.allkpop.com,en,override,latin,en,1.46,,1.0,1
BTOB,loyalty,14,melody-japan.com,en,default,latin,en,0.891,,0.982,1
BTOB,loyalty,15,v.daum.net,ko,override,ko,ko,0.895,,0.105,1
BTOB,loyalty,16,www.detik.com,id,override,ko,ko,0.607,,0.393,0
BTOB,loyalty,17,www.detik.com,id,override,ko,ko,0.507,,0.493,0
BTOB,loyalty,18,www.detik.com,id,override,ko,ko,0.741,,0.259,0
BTOB,loyalty,19,en.wikipedia.org,en,wiki,ko,ko,1.0,,0.0,0
BTOB,loyalty,20,en.wikipedia.org,en,wiki,ko,ko,1.0,,0.0,0
BTOB,loyalty,21,www.starnewskorea.com,en,override,ko,ko,0.975,,0.025,0
BTOB,loyalty,22,www.hk01.com,zh,override,zh,zh,0.433,,0.333,1
BTOB,loyalty,23,www.yesasia.ru,ru,override,ru,ru,0.708,,0.062,1
BTOB,loyalty,24,www.instiz.net,en,default,ko,ko,1.0,,0.0,0
BTOB,loyalty,25,www.idntimes.com,id,override,ko,ko,0.897,,0.103,0
BTOB,loyalty,26,www.sanook.com,th,override,ko,ko,0.875,,0.125,0
BTOB,loyalty,27,workpointtoday.com,th,override,ko,ko,0.559,,0.441,0
BTOB,loyalty,28,musicstation.kapook.com,th,override,ko,ko,0.581,,0.129,0
BTOB,loyalty,29,www.sanook.com,th,override,latin,en,0.217,,0.711,0
BTOB,loyalty,30,dantri.com.vn,vi,tld,ko,ko,0.886,,0.114,0
BTOB,loyalty,31,hoahoctro.tienphong.vn,vi,tld,ko,ko,0.875,,0.125,0
BTOB,loyalty,32,mb.com.ph,tl,override,ko,ko,0.826,,0.174,0
BTOB,loyalty,33,www.gmanetwork.com,tl,override,ko,ko,0.645,,0.355,0
BTOB,loyalty,34,www.joynews24.com,en,default,ko,ko,0.9,,0.1,0
BTOB,loyalty,35,www.starnewskorea.com,en,override,ko,ko,0.944,,0.056,0
BTOB,loyalty,36,www.christiantoday.co.kr,ko,tld,ko,ko,0.925,,0.075,1
BTOB,loyalty,37,www.topstarnews.net,ko,override,ko,ko,0.892,,0.108,1
BTOB,loyalty,38,www.mirrormedia.mg,zh,tld,ko,ko,0.735,,0.243,0
BTOB,loyalty,39,www.hk01.com,zh,override,ko,ko,0.581,,0.419,0
BTOB,loyalty,40,b2barabfans.wordpress.com,en,default,ko,ko,0.684,,0.316,0
BTOB,spillover,0,en.wikipedia.org,en,wiki,latin,en,0.223,,0.545,1
BTOB,spillover,1,en.wikipedia.org,en,wiki,ko,ko,0.575,,0.425,0
BTOB,spillover,2,en.wikipedia.org,en,wiki,ko,ko,1.0,,0.0,0
BTOB,spillover,3,en.wikipedia.org,en,wiki,ko,ko,0.875,,0.125,0
BTOB,spillover,4,en.wikipedia.org,en,wiki,ko,ko,1.0,,0.0,0
BTOB,spillover,5,en.wikipedia.org,en,wiki,ko,ko,1.0,,0.0,0
BTOB,spillover,6,en.wikipedia.org,en,wiki,ko,ko,0.875,,0.125,0
BTOB,spillover,7,en.wikipedia.org,en,wiki,ko,ko,0.673,,0.327,0
BTOB,spillover,8,star.ytn.co.kr,ko,override,latin,en,1.141,,0.976,0
BTOB,spillover,9,www.starnewskorea.com,en,override,latin,en,1.395,,0.973,1
BTOB,spillover,10,www.kyeonggi.com,en,default,latin,en,1.22,,1.0,1
BTOB,spillover,11,www.edaily.co.kr,ko,override,latin,en,0.945,,1.0,0
BTOB,spillover,12,www.topstarnews.net,ko,override,ko,ko,0.919,,0.081,1
BTOB,spillover,13,www.thairath.co.th,th,override,ko,ko,0.672,,0.328,0
BTOB,spillover,14,www.detik.com,id,override,ko,ko,0.78,,0.22,0
BTOB,spillover,15,en.wikipedia.org,en,wiki,ko,ko,1.0,,0.0,0
BTOB,spillover,16,en.wikipedia.org,en,wiki,ko,ko,0.891,,0.109,0
BTOB,spillover,17,en.wikipedia.org,en,wiki,ko,ko,0.677,,0.323,0
BTOB,spillover,18,www.billboard-japan.com,ja,override,ja,ja,0.559,,0.068,1
BTOB,spillover,19,www.ytn.co.kr,ko,override,ko,ko,0.935,,0.065,1
BTOB,spillover,20,natalie.mu,ja,override,ko,ko,0.895,,0.105,0
BTOB,spillover,21,namu.wiki,ko,override,ko,ko,0.884,,0.093,1
BTOB,spillover,22,namu.wiki,ko,override,ko,ko,0.871,,0.129,1
BTOB,spillover,23,namu.wiki,ko,override,ko,ko,0.807,,0.182,1
BTOB,spillover,24,namu.wiki,ko,override,ko,ko,0.811,,0.189,1
BTOB,spillover,25,namu.wiki,ko,override,ko,ko,0.841,,0.159,1
BTOB,spillover,26,www.youtube.com,en,override,ko,ko,0.86,,0.14,0
BTOB,spillover,27,en.wikipedia.org,en,wiki,ko,ko,0.83,,0.17,0
BTOB,spillover,28,www.kpopturk.com,en,default,ko,ko,0.667,,0.333,0
BTOB,spillover,29,www.ksif.or.kr,ko,tld,ko,ko,0.857,,0.143,1
BTOB,spillover,30,namu.wiki,ko,override,ko,ko,0.959,,0.041,1
BTOB,spillover,31,namu.wiki,ko,override,ko,ko,0.848,,0.152,1
BTOB,spillover,32,namu.wiki,ko,override,ko,ko,1.0,,0.0,1
BTOB,spillover,33,www.edaily.co.kr,ko,override,ko,ko,0.8,,0.2,1
BTOB,spillover,34,www.tenasia.co.kr,ko,tld,ko,ko,0.907,,0.093,1
BTOB,spillover,35,www.starnewskorea.com,en,override,ko,ko,0.927,,0.073,0
BTOB,spillover,36,www.starnewskorea.com,en,override,ko,ko,0.704,,0.296,0
BTOB,spillover,37,m.newsen.com,ko,override,ko,ko,1.0,,0.0,1
BTOB,spillover,38,www.hk01.com,zh,override,ko,ko,0.814,,0.14,0
BTOB,spillover,39,www.hk01.com,zh,override,ko,ko,0.824,,0.176,0
BTOB,spillover,40,www.bloglabanana.com,en,default,ko,ko,0.662,,0.338,0
FTISLAND,loyalty,0,en.wikipedia.org,en,wiki,ko,ko,0.63,,0.37,0
FTISLAND,loyalty,1,en.wikipedia.org,en,wiki,ko,ko,1.0,,0.0,0
FTISLAND,loyalty,2,en.wikipedia.org,en,wiki,ko,ko,1.0,,0.0,0
FTISLAND,loyalty,3,en.wikipedia.org,en,wiki,ko,ko,1.0,,0.0,0
FTISLAND,loyalty,4,en.wikipedia.org,en,wiki,ko,ko,1.0,,0.0,0
FTISLAND,loyalty,5,en.wikipedia.org,en,wiki,ko,ko,0.923,,0.077,0
FTISLAND,loyalty,6,namu.wiki,ko,override,latin,en,1.367,,0.963,0
FTISLAND,loyalty,7,namu.wiki,ko,override,latin,en,1.894,,1.0,0
FTISLAND,loyalty,8,www.topstarnews.net,ko,override,latin,en,1.138,,1.0,0
FTISLAND,loyalty,9,www.topstarnews.net,ko,override,latin,en,0.847,,1.0,0
FTISLAND,loyalty,10,www.mhnse.com,en,default,latin,en,1.018,,1.0,1
FTISLAND,loyalty,11,en.wikipedia.org,en,wiki,latin,en,1.64,,1.0,1
FTISLAND,loyalty,12,en.wikipedia.org,en,wiki,latin,en,0.887,,1.0,1
FTISLAND,loyalty,13,www.allkpop.com,en,override,latin,en,1.149,,1.0,1
FTISLAND,loyalty,14,www.nspna.com,en,default,ko,ko,0.845,,0.155,0
FTISLAND,loyalty,15,musicstation.kapook.com,th,override,latin,pt,0.061,,0.591,0
FTISLAND,loyalty,16,en.wikipedia.org,en,wiki,ko,ko,0.885,,0.115,0
FTISLAND,loyalty,17,www.ohmynews.com,ko,override,ko,ko,1.0,,0.0,1
FTISLAND,loyalty,18,natalie.mu,ja,override,ja,ja,0.733,,0.267,1
FTISLAND,loyalty,19,www.philstar.com,tl,override,ko,ko,0.946,,0.054,0
FTISLAND,loyalty,20,www.pep.ph,tl,override,ko,ko,0.92,,0.08,0
FTISLAND,loyalty,21,www.korezin.com,en,default,ko,ko,0.843,,0.157,0
FTISLAND,loyalty,22,www.ajunews.com,ko,override,ko,ko,0.977,,0.023,1
FTISLAND,loyalty,23,www.mhnse.com,en,default,ko,ko,0.953,,0.047,0
FTISLAND,loyalty,24,namu.wiki,ko,override,ko,ko,0.957,,0.043,1
FTISLAND,loyalty,25,enews.imbc.com,en,default,ko,ko,0.784,,0.216,0
FTISLAND,loyalty,26,tvreport.co.kr,ko,override,ko,ko,0.923,,0.077,1
FTISLAND,loyalty,27,www.topstarnews.net,ko,override,ko,ko,0.509,,0.491,1
FTISLAND,loyalty,28,star.ettoday.net,zh,override,ko,ko,0.771,,0.202,0
FTISLAND,loyalty,29,star.ettoday.net,zh,override,ko,ko,0.789,,0.211,0
FTISLAND,loyalty,30,www.asiaholic.net,en,default,ko,ko,0.602,,0.398,0
FTISLAND,spillover,0,en.wikipedia.org,en,wiki,ko,ko,0.818,,0.182,0
FTISLAND,spillover,1,en.wikipedia.org,en,wiki,ko,ko,0.723,,0.277,0
FTISLAND,spillover,2,en.wikipedia.org,en,wiki,ko,ko,0.692,,0.308,0
FTISLAND,spillover,3,en.wikipedia.org,en,wiki,latin,en,1.091,,1.0,1
FTISLAND,spillover,4,en.wikipedia.org,en,wiki,latin,en,1.332,,1.0,1
FTISLAND,spillover,5,en.wikipedia.org,en,wiki,latin,en,0.891,,1.0,1
FTISLAND,spillover,6,en.wikipedia.org,en,wiki,latin,en,1.014,,1.0,1
FTISLAND,spillover,7,en.wikipedia.org,en,wiki,latin,en,1.238,,1.0,1
FTISLAND,spillover,8,en.wikipedia.org,en,wiki,latin,en,1.024,,1.0,1
FTISLAND,spillover,9,x.com,en,override,latin,en,1.095,,0.99,1
FTISLAND,spillover,10,www.nspna.com,en,default,ko,ko,0.73,,0.27,0
FTISLAND,spillover,11,www.malaymail.com,en,override,ko,ko,0.549,,0.451,0
FTISLAND,spillover,12,en.wikipedia.org,en,wiki,ko,ko,0.748,,0.252,0
FTISLAND,spillover,13,en.wikipedia.org,en,wiki,latin,en,2.036,,0.655,1
FTISLAND,spillover,14,en.wikipedia.org,en,wiki,ko,ko,0.794,,0.206,0
FTISLAND,spillover,15,www.allkpop.com,en,override,ko,ko,0.848,,0.152,0
FTISLAND,spillover,16,en.wikipedia.org,en,wiki,ko,ko,0.5,,0.5,0
FTISLAND,spillover,17,natalie.mu,ja,override,ja,ja,0.765,,0.235,1
FTISLAND,spillover,18,news.sbs.co.kr,ko,override,ko,ko,0.946,,0.054,1
FTISLAND,spillover,19,v.daum.net,ko,override,ko,ko,0.742,,0.258,1
FTISLAND,spillover,20,www.newsis.com,ko,override,ko,ko,0.957,,0.043,1
FTISLAND,spillover,21,www.gukjenews.com,en,default,ko,ko,0.857,,0.143,0
FTISLAND,spillover,22,www.wikitree.co.kr,ko,tld,ko,ko,0.92,,0.08,1
FTISLAND,spillover,23,namu.wiki,ko,override,ko,ko,0.949,,0.051,1
FTISLAND,spillover,24,m.music-flo.com,en,default,ko,ko,0.676,,0.324,0
FTISLAND,spillover,25,www.youtube.com,en,override,ko,ko,0.693,,0.307,0
FTISLAND,spillover,26,www.youtube.com,en,override,ko,ko,0.868,,0.132,0
FTISLAND,spillover,27,ko.wikipedia.org,ko,wiki,ko,ko,0.969,,0.031,1
FTISLAND,spillover,28,ko.wikipedia.org,ko,wiki,ko,ko,0.836,,0.164,1
FTISLAND,spillover,29,en.wikipedia.org,en,wiki,ko,ko,0.872,,0.128,0
FTISLAND,spillover,30,ko.wikipedia.org,ko,wiki,ko,ko,0.964,,0.036,1
FTISLAND,spillover,31,ko.wikipedia.org,ko,wiki,ko,ko,0.958,,0.042,1
FTISLAND,spillover,32,www.korezin.com,en,default,ko,ko,0.838,,0.162,0
FTISLAND,spillover,33,everythingbkk.com,en,default,ko,ko,0.552,,0.448,0
FTISLAND,spillover,34,v.daum.net,ko,override,ko,ko,0.904,,0.096,1
FTISLAND,spillover,35,v.daum.net,ko,override,ko,ko,0.936,,0.064,1
FTISLAND,spillover,36,navicon.jp,ja,tld,ko,ko,0.798,,0.202,0
FTISLAND,spillover,37,www.interview365.com,en,default,ko,ko,0.962,,0.038,0
FTISLAND,spillover,38,star.ettoday.net,zh,override,ko,ko,0.864,,0.136,0
FTISLAND,spillover,39,star.ettoday.net,zh,override,ko,ko,0.639,,0.269,0
FTISLAND,spillover,40,www.oppa.fr,fr,tld,ko,ko,0.974,,0.026,0
FTISLAND,spillover,41,conkdekpop.com,en,default,ko,ko,0.672,,0.328,0
NewJeans,loyalty,0,en.wikipedia.org,en,wiki,ko,ko,0.591,,0.409,0
NewJeans,loyalty,1,en.wikipedia.org,en,wiki,ko,ko,0.841,,0.159,0
NewJeans,loyalty,2,en.wikipedia.org,en,wiki,ko,ko,0.696,,0.304,0
NewJeans,loyalty,3,en.wikipedia.org,en,wiki,ko,ko,0.971,,0.029,0
NewJeans,loyalty,4,en.wikipedia.org,en,wiki,ko,ko,0.976,,0.024,0
NewJeans,loyalty,5,en.wikipedia.org,en,wiki,ko,ko,0.917,,0.083,0
NewJeans,loyalty,6,en.wikipedia.org,en,wiki,ko,ko,0.921,,0.079,0
NewJeans,loyalty,7,en.wikipedia.org,en,wiki,ko,ko,0.667,,0.333,0
NewJeans,loyalty,8,en.wikipedia.org,en,wiki,ko,ko,0.969,,0.031,0
NewJeans,loyalty,9,en.wikipedia.org,en,wiki,ko,ko,0.974,,0.026,0
NewJeans,loyalty,10,en.wikipedia.org,en,wiki,latin,en,0.987,,1.0,1
NewJeans,loyalty,11,en.wikipedia.org,en,wiki,latin,en,1.138,,1.0,1
NewJeans,loyalty,12,en.wikipedia.org,en,wiki,latin,en,1.345,,1.0,1
NewJeans,loyalty,13,en.wikipedia.org,en,wiki,latin,en,1.105,,1.0,1
NewJeans,loyalty,14,en.wikipedia.org,en,wiki,latin,en,1.226,,1.0,1
NewJeans,loyalty,15,en.wikipedia.org,en,wiki,latin,en,1.253,,1.0,1
NewJeans,loyalty,16,www.allkpop.com,en,override,latin,en,1.698,,1.0,1
NewJeans,loyalty,17,www.hankyung.com,ko,override,latin,en,1.504,,1.0,0
NewJeans,loyalty,18,www.soompi.com,en,override,latin,en,1.185,,1.0,1
NewJeans,loyalty,19,www.allkpop.com,en,override,latin,en,1.623,,1.0,1
NewJeans,loyalty,20,www.allkpop.com,en,override,latin,en,1.648,,1.0,1
NewJeans,loyalty,21,www.allkpop.com,en,override,latin,en,1.08,,1.0,1
NewJeans,loyalty,22,news.qq.com,zh,override,latin,en,1.588,,1.0,0
NewJeans,loyalty,23,news.qq.com,zh,override,latin,en,1.014,,1.0,0
NewJeans,loyalty,24,news.qq.com,zh,override,latin,en,0.905,,0.968,0
NewJeans,loyalty,25,www.news1.kr,ko,override,ko,ko,0.883,,0.117,1
NewJeans,loyalty,26,www.tnnthailand.com,en,default,ko,ko,0.629,,0.371,0
NewJeans,loyalty,27,www.hankookilbo.com,ko,override,ko,ko,0.931,,0.069,1
NewJeans,loyalty,28,www.abc.net.au,en,default,ko,ko,0.935,,0.065,0
NewJeans,loyalty,29,thanhnien.vn,vi,override,ko,ko,1.0,,0.0,0
NewJeans,loyalty,30,www.malaymail.com,en,override,ko,ko,0.946,,0.054,0
NewJeans,loyalty,31,gulfnews.com,en,default,ko,ko,1.0,,0.0,0
NewJeans,loyalty,32,www.marieclairekorea.com,en,default,ko,ko,0.683,,0.317,0
NewJeans,loyalty,33,mb.com.ph,tl,override,ko,ko,0.586,,0.414,0
NewJeans,loyalty,34,billboard.com.br,pt,tld,ko,ko,1.0,,0.0,0
NewJeans,loyalty,35,www.terra.com.br,pt,override,ko,ko,0.75,,0.25,0
NewJeans,loyalty,36,www.nocutnews.co.kr,ko,tld,ko,ko,1.0,,0.0,1
NewJeans,loyalty,37,news.nate.com,ko,override,ko,ko,0.788,,0.212,1
NewJeans,loyalty,38,www.hanteonews.com,ko,override,ko,ko,0.833,,0.167,1
NewJeans,loyalty,39,kstyle.com,en,default,ko,ko,0.759,,0.241,0
NewJeans,loyalty,40,www.hk01.com,zh,override,ko,ko,0.494,,0.326,0
NewJeans,loyalty,41,www.douban.com,zh,override,ko,ko,0.562,,0.219,0
NewJeans,loyalty,42,www.kpoponfire.com,en,default,ko,ko,0.712,,0.288,0
NewJeans,loyalty,43,www.kpopwmx.com,en,default,ko,ko,0.833,,0.167,0
NewJeans,spillover,0,en.wikipedia.org,en,wiki,ko,ko,0.93,,0.07,0
NewJeans,spillover,1,en.wikipedia.org,en,wiki,ko,ko,0.962,,0.038,0
NewJeans,spillover,2,en.wikipedia.org,en,wiki,ko,ko,1.0,,0.0,0
NewJeans,spillover,3,en.wikipedia.org,en,wiki,ko,ko,1.0,,0.0,0
NewJeans,spillover,4,en.wikipedia.org,en,wiki,ko,ko,1.0,,0.0,0
NewJeans,spillover,5,en.wikipedia.org,en,wiki,ko,ko,0.957,,0.043,0
NewJeans,spillover,6,en.wikipedia.org,en,wiki,latin,en,1.264,,1.0,1
NewJeans,spillover,7,en.wikipedia.org,en,wiki,latin,en,1.129,,1.0,1
NewJeans,spillover,8,en.wikipedia.org,en,wiki,latin,en,1.105,,1.0,1
NewJeans,spillover,9,en.wikipedia.org,en,wiki,latin,en,1.035,,1.0,1
NewJeans,spillover,10,en.wikipedia.org,en,wiki,latin,en,1.336,,1.0,1
NewJeans,spillover,11,en.wikipedia.org,en,wiki,latin,en,1.691,,1.0,1
NewJeans,spillover,12,en.wikipedia.org,en,wiki,latin,en,0.667,,1.0,1
NewJeans,spillover,13,en.wikipedia.org,en,wiki,latin,en,1.055,,1.0,1
NewJeans,spillover,14,en.wikipedia.org,en,wiki,latin,en,1.396,,1.0,1
NewJeans,spillover,15,en.wikipedia.org,en,wiki,latin,en,0.736,,1.0,1
NewJeans,spillover,16,en.wikipedia.org,en,wiki,latin,en,1.175,,1.0,1
NewJeans,spillover,17,wwd.com,en,override,latin,en,1.157,,1.0,1
NewJeans,spillover,18,www.allkpop.com,en,override,latin,en,1.23,,1.0,1
NewJeans,spillover,19,www.allkpop.com,en,override,latin,en,1.565,,1.0,1
NewJeans,spillover,20,hypebeast.com,en,override,latin,en,1.049,,0.969,1
NewJeans,spillover,21,www.billboard.com,en,override,latin,en,0.671,,0.945,1
NewJeans,spillover,22,malaymail.com,en,override,latin,en,0.996,,0.98,1
NewJeans,spillover,23,news.qq.com,zh,override,latin,en,1.425,,1.0,0
NewJeans,spillover,24,news.qq.com,zh,override,latin,en,1.61,,1.0,0
NewJeans,spillover,25,news.qq.com,zh,override,latin,en,1.475,,1.0,0
NewJeans,spillover,26,news.qq.com,zh,override,latin,en,1.208,,1.0,0
NewJeans,spillover,27,www.infobae.com,es,override,latin,en,1.725,,1.0,0
NewJeans,spillover,28,www.infobae.com,es,override,latin,en,1.274,,1.0,0
NewJeans,spillover,29,www.infobae.com,es,override,latin,en,1.73,,1.0,0
NewJeans,spillover,30,www.infobae.com,es,override,latin,en,1.559,,1.0,0
NewJeans,spillover,31,www.infobae.com,es,override,latin,en,1.548,,1.0,0
NewJeans,spillover,32,namu.wiki,ko,override,ko,ko,0.851,,0.149,1
NewJeans,spillover,33,editorial.femaledaily.com,en,default,ko,ko,0.675,,0.325,0
NewJeans,spillover,34,www.soompi.com,en,override,ko,ko,0.63,,0.37,0
NewJeans,spillover,35,www.verse.com.tw,zh,tld,ko,ko,0.531,,0.128,0
NewJeans,spillover,36,www.cdjournal.com,en,default,ja,ja,0.469,,0.156,0
NewJeans,spillover,37,www.infobae.com,es,override,latin,vi,1.0,,0.732,0
NewJeans,spillover,38,www.yapokupayu.ru,ru,tld,ru,ru,0.627,,0.049,1
NewJeans,spillover,39,tuoitre.vn,vi,override,ko,ko,1.0,,0.0,0
NewJeans,spillover,40,thanhnien.vn,vi,override,ko,ko,1.0,,0.0,0
NewJeans,spillover,41,kenh14.vn,vi,override,ko,ko,1.0,,0.0,0
NewJeans,spillover,42,bazaarvietnam.vn,vi,tld,ko,ko,0.909,,0.091,0
NewJeans,spillover,43,www.allkpop.com,en,override,ko,ko,0.75,,0.25,0
NewJeans,spillover,44,znews.vn,vi,tld,ko,ko,1.0,,0.0,0
NewJeans,spillover,45,www.abc.net.au,en,default,ko,ko,0.943,,0.057,0
NewJeans,spillover,46,www.sbs.com.au,en,default,ko,ko,0.875,,0.125,0
NewJeans,spillover,47,www.russh.com,en,default,ko,ko,0.738,,0.262,0
NewJeans,spillover,48,www.koreaherald.com,en,override,ko,ko,1.0,,0.0,0
NewJeans,spillover,49,www.billboard.com,en,override,ko,ko,0.919,,0.081,0
NewJeans,spillover,50,www.malaymail.com,en,override,ko,ko,0.929,,0.071,0
NewJeans,spillover,51,www.koreaherald.com,en,override,ko,ko,1.0,,0.0,0
NewJeans,spillover,52,www.forbes.com,en,override,ko,ko,1.0,,0.0,0
NewJeans,spillover,53,www.koreatimes.co.kr,en,override,ko,ko,1.0,,0.0,0
NewJeans,spillover,54,www.lechotouristique.com,en,default,latin,vi,1.0,,1.0,0
NewJeans,spillover,55,www.lechotouristique.com,en,default,latin,vi,1.0,,1.0,0
NewJeans,spillover,56,www.lechotouristique.com,en,default,latin,vi,1.0,,1.0,0
NewJeans,spillover,57,www.thairath.co.th,th,override,th,th,0.754,,0.246,1
NewJeans,spillover,58,www.thairath.co.th,th,override,th,th,0.867,,0.133,1
NewJeans,spillover,59,kenh14.vn,vi,override,latin,vi,1.0,,1.0,1
NewJeans,spillover,60,www.ajunews.com,ko,override,ko,ko,0.911,,0.089,1
NewJeans,spillover,61,v.daum.net,ko,override,ko,ko,0.945,,0.055,1
NewJeans,spillover,62,news.nate.com,ko,override,ko,ko,1.0,,0.0,1
NewJeans,spillover,63,www.newspim.com,en,default,ko,ko,1.0,,0.0,0
NewJeans,spillover,64,www.visitbusan.net,en,default,ko,ko,0.833,,0.167,0
NewJeans,spillover,65,www.hankookilbo.com,ko,override,ko,ko,1.0,,0.0,1
NewJeans,spillover,66,v.daum.net,ko,override,ko,ko,1.0,,0.0,1
NewJeans,spillover,67,www.rappler.com,tl,override,latin,en,0.52,,0.625,0
NewJeans,spillover,68,www.cafecomkimchi.com.br,pt,tld,ko,ko,0.553,,0.447,0
NewJeans,spillover,69,www.koreaherald.com,en,override,ko,ko,0.772,,0.228,0
NewJeans,spillover,70,www.koreaherald.com,en,override,ko,ko,0.646,,0.354,0
NewJeans,spillover,71,en.wikipedia.org,en,wiki,ko,ko,0.683,,0.233,0
NewJeans,spillover,72,en.wikipedia.org,en,wiki,ko,ko,0.594,,0.406,0
NewJeans,spillover,73,weverse.io,en,default,ko,ko,0.779,,0.221,0
NewJeans,spillover,74,www.khan.co.kr,ko,tld,ko,ko,0.961,,0.039,1
NewJeans,spillover,75,www.s-journal.co.kr,ko,tld,ko,ko,0.867,,0.133,1
NewJeans,spillover,76,www.korezin.com,en,default,ko,ko,0.903,,0.097,0
NewJeans,spillover,77,www.harpersbazaar.co.kr,ko,tld,ko,ko,1.0,,0.0,1
NewJeans,spillover,78,www.harpersbazaar.co.kr,ko,tld,ko,ko,1.0,,0.0,1
NewJeans,spillover,79,www.harpersbazaar.co.kr,ko,tld,ko,ko,0.973,,0.027,1
NewJeans,spillover,80,www.harpersbazaar.co.kr,ko,tld,ko,ko,1.0,,0.0,1
NewJeans,spillover,81,www.harpersbazaar.co.kr,ko,tld,ko,ko,1.0,,0.0,1
NewJeans,spillover,82,www.harpersbazaar.co.kr,ko,tld,ko,ko,1.0,,0.0,1
NewJeans,spillover,83,www.harpersbazaar.co.kr,ko,tld,ko,ko,1.0,,0.0,1
NewJeans,spillover,84,www.harpersbazaar.co.kr,ko,tld,ko,ko,1.0,,0.0,1
NewJeans,spillover,85,www.harpersbazaar.co.kr,ko,tld,ko,ko,0.61,,0.39,1
NewJeans,spillover,86,namu.wiki,ko,override,ko,ko,0.632,,0.368,1
NewJeans,spillover,87,namu.wiki,ko,override,ko,ko,0.513,,0.487,1
NewJeans,spillover,88,namu.wiki,ko,override,ko,ko,0.794,,0.206,1
NewJeans,spillover,89,namu.wiki,ko,override,latin,en,0.207,,0.521,0
NewJeans,spillover,90,kstyle.com,en,default,ko,ko,0.759,,0.241,0
NewJeans,spillover,91,www.allkpop.com,en,override,ko,ko,0.973,,0.0,0
NewJeans,spillover,92,www.marieclairekorea.com,en,default,ko,ko,1.0,,0.0,0
NewJeans,spillover,93,www.mt.co.kr,ko,override,ko,ko,1.0,,0.0,1
NewJeans,spillover,94,www.osen.co.kr,ko,tld,ko,ko,0.911,,0.089,1
NewJeans,spillover,95,www.pap-magazine.com,en,default,ko,ko,0.914,,0.086,0
NewJeans,spillover,96,www.sportsseoul.com,ko,override,ko,ko,0.976,,0.024,1
NewJeans,spillover,97,www.theguru.co.kr,ko,tld,ko,ko,0.881,,0.119,1
NewJeans,spillover,98,www.newsquest.co.kr,ko,tld,ko,ko,0.915,,0.085,1
NewJeans,spillover,99,www.etnews.com,en,default,ko,ko,0.904,,0.096,0
NewJeans,spillover,100,magazine.hankyung.com,ko,override,ko,ko,0.969,,0.031,1
NewJeans,spillover,101,www.hankyung.com,ko,override,ko,ko,0.921,,0.079,1
NewJeans,spillover,102,www.sina.cn,zh,tld,ko,ko,0.481,,0.429,0
NewJeans,spillover,103,fashion.ettoday.net,zh,override,ko,ko,0.453,,0.375,0
NewJeans,spillover,104,www.nme.com,en,override,ko,ko,0.667,,0.333,0
NewJeans,spillover,105,www.nme.com,en,override,ko,ko,0.644,,0.356,0
NewJeans,spillover,106,www.nme.com,en,override,latin,en,1.16,,0.652,1
NewJeans,spillover,107,www.cbci.co.kr,ko,tld,ko,ko,0.96,,0.04,1
NewJeans,spillover,108,blog.delivered.co.kr,ko,tld,ko,ko,0.817,,0.183,1
NewJeans,spillover,109,conkdekpop.com,en,default,ko,ko,0.755,,0.245,0
BLACKPINK,loyalty,0,en.wikipedia.org,en,wiki,ko,ko,0.762,,0.238,0
BLACKPINK,loyalty,1,en.wikipedia.org,en,wiki,ko,ko,0.791,,0.209,0
BLACKPINK,loyalty,2,en.wikipedia.org,en,wiki,ko,ko,0.778,,0.222,0
BLACKPINK,loyalty,3,en.wikipedia.org,en,wiki,ko,ko,1.0,,0.0,0
BLACKPINK,loyalty,4,en.wikipedia.org,en,wiki,ko,ko,1.0,,0.0,0
BLACKPINK,loyalty,5,en.wikipedia.org,en,wiki,ko,ko,0.773,,0.227,0
BLACKPINK,loyalty,6,en.wikipedia.org,en,wiki,ko,ko,1.0,,0.0,0
BLACKPINK,loyalty,7,en.wikipedia.org,en,wiki,ko,ko,0.775,,0.225,0
BLACKPINK,loyalty,8,en.wikipedia.org,en,wiki,ko,ko,0.75,,0.25,0
BLACKPINK,loyalty,9,en.wikipedia.org,en,wiki,latin,en,0.67,,0.586,1
BLACKPINK,loyalty,10,en.wikipedia.org,en,wiki,latin,en,1.087,,1.0,1
BLACKPINK,loyalty,11,en.wikipedia.org,en,wiki,latin,en,1.573,,1.0,1
BLACKPINK,loyalty,12,en.wikipedia.org,en,wiki,latin,en,1.512,,1.0,1
BLACKPINK,loyalty,13,en.wikipedia.org,en,wiki,latin,en,1.321,,1.0,1
BLACKPINK,loyalty,14,en.koreaportal.com,en,default,latin,en,1.566,,1.0,1
BLACKPINK,loyalty,15,kiss951.com,en,default,latin,en,1.208,,1.0,1
BLACKPINK,loyalty,16,www.allkpop.com,en,override,latin,en,1.376,,1.0,1
BLACKPINK,loyalty,17,news.sbs.co.kr,ko,override,latin,en,1.742,,1.0,0
BLACKPINK,loyalty,18,natalie.mu,ja,override,latin,en,1.233,,1.0,0
BLACKPINK,loyalty,19,natalie.mu,ja,override,latin,en,0.689,,1.0,0
BLACKPINK,loyalty,20,natalie.mu,ja,override,latin,en,1.072,,1.0,0
BLACKPINK,loyalty,21,fashion.sina.com.cn,zh,override,latin,en,0.852,,1.0,0
BLACKPINK,loyalty,22,www.thairath.co.th,th,override,ko,ko,0.697,,0.303,0
BLACKPINK,loyalty,23,www.thairath.co.th,th,override,ko,ko,0.949,,0.051,0
BLACKPINK,loyalty,24,www.detik.com,id,override,ko,ko,0.938,,0.062,0
BLACKPINK,loyalty,25,dantri.com.vn,vi,tld,ko,ko,0.947,,0.053,0
BLACKPINK,loyalty,26,dantri.com.vn,vi,tld,ko,ko,0.908,,0.092,0
BLACKPINK,loyalty,27,www.hk01.com,zh,override,ko,ko,0.957,,0.043,0
BLACKPINK,loyalty,28,www.yesasia.ru,ru,override,ko,ko,0.74,,0.26,0
BLACKPINK,loyalty,29,stars.udn.com,zh,override,ko,ko,0.738,,0.263,0
BLACKPINK,loyalty,30,www.bangkokpost.com,en,default,latin,en,0.329,,0.758,1
BLACKPINK,loyalty,31,www.nationthailand.com,en,default,ko,ko,1.0,,0.0,0
BLACKPINK,loyalty,32,yg-life.com,ko,override,latin,en,1.161,,0.585,0
BLACKPINK,loyalty,33,star.ettoday.net,zh,override,zh,zh,1.0,,0.0,1
BLACKPINK,loyalty,34,star.ettoday.net,zh,override,zh,zh,0.609,,0.391,1
BLACKPINK,loyalty,35,www.infobae.com,es,override,latin,es,1.619,,1.0,1
BLACKPINK,loyalty,36,www.thairath.co.th,th,override,th,th,0.936,,0.064,1
BLACKPINK,loyalty,37,ria.ru,ru,override,ru,ru,0.812,,0.188,1
BLACKPINK,loyalty,38,www.yesasia.ru,ru,override,ru,ru,1.0,,0.0,1
BLACKPINK,loyalty,39,kenh14.vn,vi,override,latin,vi,1.0,,1.0,1
BLACKPINK,loyalty,40,vnexpress.net,vi,override,latin,vi,1.0,,1.0,1
BLACKPINK,loyalty,41,kenh14.vn,vi,override,latin,vi,1.0,,1.0,1
BLACKPINK,loyalty,42,blog.youtube,en,default,ko,ko,0.852,,0.148,0
BLACKPINK,loyalty,43,plus.hankyung.com,ko,override,ko,ko,0.878,,0.122,1
BLACKPINK,loyalty,44,www.korean-culture.org,en,default,ko,ko,1.0,,0.0,0
BLACKPINK,loyalty,45,www.munhwa.com,ko,override,ko,ko,1.0,,0.0,1
BLACKPINK,loyalty,46,namu.wiki,ko,override,ko,ko,0.757,,0.243,1
BLACKPINK,loyalty,47,www.philstar.com,tl,override,ko,ko,0.778,,0.222,0
BLACKPINK,loyalty,48,www.pep.ph,tl,override,ko,ko,0.733,,0.267,0
BLACKPINK,loyalty,49,www.terra.com.br,pt,override,ko,ko,0.569,,0.431,0
BLACKPINK,loyalty,50,billboard.com.br,pt,tld,ko,ko,0.96,,0.04,0
BLACKPINK,loyalty,51,www.newsis.com,ko,override,ko,ko,0.924,,0.076,1
BLACKPINK,loyalty,52,www.wkorea.com,en,default,ko,ko,1.0,,0.0,0
BLACKPINK,loyalty,53,www.hk01.com,zh,override,ko,ko,0.754,,0.031,0
BLACKPINK,loyalty,54,www.douban.com,zh,override,ko,ko,0.735,,0.184,0
BLACKPINK,loyalty,55,pantip.com,en,default,ko,ko,0.497,,0.084,0
BLACKPINK,loyalty,56,www.ctvnews.ca,en,default,ko,ko,0.954,,0.046,0
BLACKPINK,loyalty,57,blog.namanecard.com,en,default,ko,ko,0.792,,0.208,0
BLACKPINK,loyalty,58,blog.namanecard.com,en,default,ko,ko,0.8,,0.2,0
BLACKPINK,loyalty,59,blog.namanecard.com,en,default,ko,ko,0.884,,0.116,0
BLACKPINK,spillover,0,en.wikipedia.org,en,wiki,ko,ko,0.869,,0.131,0
BLACKPINK,spillover,1,en.wikipedia.org,en,wiki,ko,ko,1.0,,0.0,0
BLACKPINK,spillover,2,en.wikipedia.org,en,wiki,ko,ko,1.0,,0.0,0
BLACKPINK,spillover,3,en.wikipedia.org,en,wiki,ko,ko,1.0,,0.0,0
BLACKPINK,spillover,4,en.wikipedia.org,en,wiki,ko,ko,1.0,,0.0,0
BLACKPINK,spillover,5,en.wikipedia.org,en,wiki,ko,ko,0.691,,0.309,0
BLACKPINK,spillover,6,en.wikipedia.org,en,wiki,ko,ko,1.0,,0.0,0
BLACKPINK,spillover,7,en.wikipedia.org,en,wiki,ko,ko,0.962,,0.038,0
BLACKPINK,spillover,8,en.wikipedia.org,en,wiki,latin,en,1.048,,1.0,1
BLACKPINK,spillover,9,en.wikipedia.org,en,wiki,latin,en,1.212,,1.0,1
BLACKPINK,spillover,10,en.wikipedia.org,en,wiki,latin,en,1.616,,1.0,1
BLACKPINK,spillover,11,en.wikipedia.org,en,wiki,latin,en,1.179,,1.0,1
BLACKPINK,spillover,12,en.wikipedia.org,en,wiki,latin,en,0.828,,1.0,1
BLACKPINK,spillover,13,en.wikipedia.org,en,wiki,latin,en,0.729,,1.0,1
BLACKPINK,spillover,14,en.wikipedia.org,en,wiki,latin,en,1.212,,1.0,1
BLACKPINK,spillover,15,en.wikipedia.org,en,wiki,latin,en,1.122,,1.0,1
BLACKPINK,spillover,16,focustaiwan.tw,zh,tld,latin,en,1.534,,1.0,0
BLACKPINK,spillover,17,english.vov.vn,vi,tld,latin,en,1.483,,1.0,0
BLACKPINK,spillover,18,english.vov.vn,vi,tld,latin,en,1.413,,1.0,0
BLACKPINK,spillover,19,www.scmp.com,en,override,latin,en,1.172,,1.0,1
BLACKPINK,spillover,20,cosmeticsbusiness.com,en,default,latin,en,1.084,,1.0,1
BLACKPINK,spillover,21,kiss951.com,en,default,latin,en,0.986,,1.0,1
BLACKPINK,spillover,22,en.wikipedia.org,en,wiki,latin,en,0.854,,0.985,1
BLACKPINK,spillover,23,en.wikipedia.org,en,wiki,latin,en,1.092,,0.974,1
BLACKPINK,spillover,24,en.wikipedia.org,en,wiki,latin,en,0.785,,0.958,1
BLACKPINK,spillover,25,en.wikipedia.org,en,wiki,latin,en,1.428,,0.94,1
BLACKPINK,spillover,26,www.oricon.co.jp,ja,tld,latin,en,1.048,,1.0,0
BLACKPINK,spillover,27,www.oricon.co.jp,ja,tld,latin,en,1.439,,1.0,0
BLACKPINK,spillover,28,natalie.mu,ja,override,latin,en,0.901,,1.0,0
BLACKPINK,spillover,29,finance.sina.com.cn,zh,override,latin,en,1.092,,1.0,0
BLACKPINK,spillover,30,finance.sina.com.cn,zh,override,latin,en,0.963,,1.0,0
BLACKPINK,spillover,31,finance.sina.com.cn,zh,override,latin,en,0.651,,1.0,0
BLACKPINK,spillover,32,finance.sina.com.cn,zh,override,latin,vi,1.0,,1.0,0
BLACKPINK,spillover,33,finance.sina.com.cn,zh,override,latin,en,1.083,,1.0,0
BLACKPINK,spillover,34,www.infobae.com,es,override,latin,en,1.376,,1.0,0
BLACKPINK,spillover,35,www.infobae.com,es,override,latin,en,1.039,,1.0,0
BLACKPINK,spillover,36,www.infobae.com,es,override,latin,en,1.01,,1.0,0
BLACKPINK,spillover,37,www.univision.com,es,override,latin,en,1.201,,1.0,0
BLACKPINK,spillover,38,www.univision.com,es,override,latin,en,1.624,,1.0,0
BLACKPINK,spillover,39,www.univision.com,es,override,latin,en,1.163,,1.0,0
BLACKPINK,spillover,40,www.univision.com,es,override,latin,en,1.341,,1.0,0
BLACKPINK,spillover,41,www.telemundo.com,en,default,latin,en,1.332,,1.0,1
BLACKPINK,spillover,42,www.telemundo.com,en,default,latin,en,0.945,,1.0,1
BLACKPINK,spillover,43,www.telemundo.com,en,default,latin,en,1.508,,1.0,1
BLACKPINK,spillover,44,www.yahoo.com,en,default,ko,ko,0.6,,0.4,0
BLACKPINK,spillover,45,jasumo.com,en,default,ko,ko,0.702,,0.298,0
BLACKPINK,spillover,46,www.thairath.co.th,th,override,ko,ko,0.891,,0.109,0
BLACKPINK,spillover,47,www.thairath.co.th,th,override,ko,ko,0.971,,0.029,0
BLACKPINK,spillover,48,www.thairath.co.th,th,override,ko,ko,0.793,,0.207,0
BLACKPINK,spillover,49,www.thairath.co.th,th,override,ko,ko,0.734,,0.266,0
BLACKPINK,spillover,50,www.detik.com,id,override,ko,ko,0.836,,0.164,0
BLACKPINK,spillover,51,en.wikipedia.org,en,wiki,ko,ko,0.789,,0.211,0
BLACKPINK,spillover,52,en.wikipedia.org,en,wiki,ko,ko,0.663,,0.337,0
BLACKPINK,spillover,53,en.wikipedia.org,en,wiki,ko,ko,0.989,,0.011,0
BLACKPINK,spillover,54,www.oricon.co.jp,ja,tld,ko,ko,0.708,,0.292,0
BLACKPINK,spillover,55,www.billboard-japan.com,ja,override,ko,ko,0.562,,0.438,0
BLACKPINK,spillover,56,www.infobae.com,es,override,ko,ko,0.795,,0.205,0
BLACKPINK,spillover,57,www.khaosodenglish.com,en,default,ko,ko,0.58,,0.42,0
BLACKPINK,spillover,58,www.khaosodenglish.com,en,default,ko,ko,1.0,,0.0,0
BLACKPINK,spillover,59,www.malaymail.com,en,override,ko,ko,0.605,,0.395,0
BLACKPINK,spillover,60,www.brandbuffet.in.th,th,tld,ko,ko,0.818,,0.182,0
BLACKPINK,spillover,61,www.thailand.go.th,th,tld,ko,ko,0.778,,0.222,0
BLACKPINK,spillover,62,www.oricon.co.jp,ja,tld,ja,ja,0.795,,0.205,1
BLACKPINK,spillover,63,udn.com,zh,override,zh,zh,1.0,,0.0,1
BLACKPINK,spillover,64,www.infobae.com,es,override,latin,vi,1.0,,1.0,0
BLACKPINK,spillover,65,www.thestar.com.my,en,override,latin,en,1.637,,1.0,1
BLACKPINK,spillover,66,www.thestar.com.my,en,override,latin,en,1.827,,1.0,1
BLACKPINK,spillover,67,www.thairath.co.th,th,override,th,th,0.883,,0.117,1
BLACKPINK,spillover,68,ria.ru,ru,override,ru,ru,0.924,,0.076,1
BLACKPINK,spillover,69,vnexpress.net,vi,override,latin,vi,1.0,,1.0,1
BLACKPINK,spillover,70,kenh14.vn,vi,override,latin,vi,1.0,,1.0,1
BLACKPINK,spillover,71,v.daum.net,ko,override,ko,ko,0.665,,0.335,1
BLACKPINK,spillover,72,isplus.com,ko,override,ko,ko,1.0,,0.0,1
BLACKPINK,spillover,73,star.ytn.co.kr,ko,override,ko,ko,0.921,,0.079,1
BLACKPINK,spillover,74,www.twig24.com,ko,override,ko,ko,0.975,,0.025,1
BLACKPINK,spillover,75,yg-life.com,ko,override,ko,ko,0.873,,0.127,1
BLACKPINK,spillover,76,sports.khan.co.kr,ko,override,ko,ko,0.857,,0.143,1
BLACKPINK,spillover,77,mb.com.ph,tl,override,ko,ko,0.85,,0.15,0
BLACKPINK,spillover,78,www.terra.com.br,pt,override,ko,ko,0.649,,0.351,0
BLACKPINK,spillover,79,www.guinnessworldrecords.com,en,default,ko,ko,0.786,,0.214,0
BLACKPINK,spillover,80,www.guinnessworldrecords.com,en,default,ko,ko,0.836,,0.164,0
BLACKPINK,spillover,81,luxe.outlookindia.com,en,default,ko,ko,0.714,,0.286,0
BLACKPINK,spillover,82,en.wikipedia.org,en,wiki,ko,ko,0.604,,0.396,0
BLACKPINK,spillover,83,media.netflix.com,en,default,ko,ko,0.753,,0.247,0
BLACKPINK,spillover,84,gulfnews.com,en,default,ko,ko,0.773,,0.227,0
BLACKPINK,spillover,85,v.daum.net,ko,override,ko,ko,0.979,,0.021,1
BLACKPINK,spillover,86,namu.wiki,ko,override,ko,ko,0.869,,0.131,1
BLACKPINK,spillover,87,www.hurriyet.com.tr,tr,override,ko,ko,0.857,,0.143,0
BLACKPINK,spillover,88,vogue.com.tr,tr,tld,ko,ko,0.774,,0.226,0
BLACKPINK,spillover,89,m.sbs.co.kr,ko,tld,ko,ko,0.807,,0.193,1
BLACKPINK,spillover,90,www.khan.co.kr,ko,tld,ko,ko,1.0,,0.0,1
BLACKPINK,spillover,91,www.khan.co.kr,ko,tld,ko,ko,1.0,,0.0,1
BLACKPINK,spillover,92,www.khan.co.kr,ko,tld,ko,ko,1.0,,0.0,1
BLACKPINK,spillover,93,www.khan.co.kr,ko,tld,ko,ko,1.0,,0.0,1
BLACKPINK,spillover,94,namu.wiki,ko,override,ko,ko,1.0,,0.0,1
BLACKPINK,spillover,95,namu.wiki,ko,override,ko,ko,0.632,,0.368,1
BLACKPINK,spillover,96,namu.wiki,ko,override,ko,ko,0.71,,0.29,1
BLACKPINK,spillover,97,namu.wiki,ko,override,ko,ko,0.824,,0.176,1
BLACKPINK,spillover,98,namu.wiki,ko,override,ko,ko,0.576,,0.424,1
BLACKPINK,spillover,99,namu.wiki,ko,override,ko,ko,0.812,,0.188,1
BLACKPINK,spillover,100,namu.wiki,ko,override,ko,ko,0.8,,0.2,1
BLACKPINK,spillover,101,namu.wiki,ko,override,ko,ko,0.775,,0.225,1
BLACKPINK,spillover,102,namu.wiki,ko,override,ko,ko,0.673,,0.327,1
BLACKPINK,spillover,103,namu.wiki,ko,override,ko,ko,0.722,,0.278,1
BLACKPINK,spillover,104,www.hankyung.com,ko,override,ko,ko,1.0,,0.0,1
BLACKPINK,spillover,105,www.rbbtoday.com,en,default,ko,ko,0.85,,0.15,0
BLACKPINK,spillover,106,www.starnewskorea.com,en,override,ko,ko,1.0,,0.0,0
BLACKPINK,spillover,107,namu.wiki,ko,override,ko,ko,0.738,,0.262,1
BLACKPINK,spillover,108,namu.wiki,ko,override,ko,ko,0.911,,0.089,1
BLACKPINK,spillover,109,namu.wiki,ko,override,ko,ko,0.825,,0.175,1
BLACKPINK,spillover,110,www.163.com,zh,override,ko,ko,0.657,,0.239,0
BLACKPINK,spillover,111,stars.udn.com,zh,override,ko,ko,0.494,,0.271,0
BLACKPINK,spillover,112,www.thairath.co.th,th,override,latin,en,0.408,,0.397,0
BLACKPINK,spillover,113,www.bangkokbiznews.com,en,default,ko,ko,0.847,,0.153,0
BLACKPINK,spillover,114,www.thaipbs.or.th,th,tld,ko,ko,0.649,,0.144,0
BLACKPINK,spillover,115,pantip.com,en,default,ko,ko,0.488,,0.09,0
BLACKPINK,spillover,116,entertain.teenee.com,en,default,ko,ko,0.481,,0.113,0
BLACKPINK,spillover,117,www.officialcharts.com,en,default,ko,ko,0.594,,0.406,0
BLACKPINK,spillover,118,www.officialcharts.com,en,default,ko,ko,0.693,,0.307,0
BLACKPINK,spillover,119,www.officialcharts.com,en,default,ko,ko,0.582,,0.418,0
BLACKPINK,spillover,120,www.officialcharts.com,en,default,ko,ko,0.6,,0.4,0
BLACKPINK,spillover,121,www.cbc.ca,en,default,ko,ko,0.879,,0.121,0
BLACKPINK,spillover,122,www.cbc.ca,en,default,ko,ko,0.792,,0.208,0
BLACKPINK,spillover,123,ca.billboard.com,en,override,ko,ko,1.0,,0.0,0
BLACKPINK,spillover,124,ca.billboard.com,en,override,ko,ko,1.0,,0.0,0
BLACKPINK,spillover,125,musicfeeds.com.au,en,default,ko,ko,0.766,,0.234,0
BLACKPINK,spillover,126,au.rollingstone.com,en,default,ko,ko,0.678,,0.322,0
BLACKPINK,spillover,127,www.rnz.co.nz,en,default,ko,ko,0.952,,0.048,0
BLACKPINK,spillover,128,www.nzherald.co.nz,en,default,ko,ko,0.833,,0.167,0
BLACKPINK,spillover,129,www.stuff.co.nz,en,default,ko,ko,0.915,,0.085,0
BLACKPINK,spillover,130,elaph.com,en,default,ko,ko,0.713,,0.287,0
BLACKPINK,spillover,131,arabicpost.net,en,default,ko,ko,0.697,,0.303,0
BLACKPINK,spillover,132,fr.wikipedia.org,fr,wiki,latin,en,0.183,,0.561,0
BLACKPINK,spillover,133,larepublica.pe,es,override,ko,ko,0.817,,0.183,0
BLACKPINK,spillover,134,okdiario.com,en,default,ko,ko,0.843,,0.157,0
IVE,loyalty,0,en.wikipedia.org,en,wiki,ko,ko,0.838,,0.162,0
IVE,loyalty,1,en.wikipedia.org,en,wiki,ko,ko,0.64,,0.36,0
IVE,loyalty,2,en.wikipedia.org,en,wiki,ko,ko,0.79,,0.21,0
IVE,loyalty,3,en.wikipedia.org,en,wiki,ko,ko,0.745,,0.255,0
IVE,loyalty,4,namu.wiki,ko,override,ko,ko,0.895,,0.105,1
IVE,loyalty,5,en.wikipedia.org,en,wiki,ko,ko,0.812,,0.188,0
IVE,loyalty,6,en.wikipedia.org,en,wiki,ko,ko,0.571,,0.429,0
IVE,loyalty,7,en.wikipedia.org,en,wiki,ko,ko,0.677,,0.323,0
IVE,loyalty,8,en.wikipedia.org,en,wiki,ko,ko,0.71,,0.29,0
IVE,loyalty,9,en.wikipedia.org,en,wiki,ko,ko,0.649,,0.351,0
IVE,loyalty,10,en.wikipedia.org,en,wiki,latin,en,1.58,,1.0,1
IVE,loyalty,11,en.wikipedia.org,en,wiki,latin,en,1.206,,1.0,1
IVE,loyalty,12,en.wikipedia.org,en,wiki,latin,en,0.97,,1.0,1
IVE,loyalty,13,www.allkpop.com,en,override,latin,en,1.187,,1.0,1
IVE,loyalty,14,m.cafe.daum.net,ko,override,ko,ko,0.558,,0.442,1
IVE,loyalty,15,tickets.interpark.com,en,default,ko,ko,0.508,,0.492,0
IVE,loyalty,16,www.thairath.co.th,th,override,ko,ko,0.871,,0.129,0
IVE,loyalty,17,20.detik.com,id,override,ko,ko,0.727,,0.273,0
IVE,loyalty,18,www.yesasia.ru,ru,override,ko,ko,0.945,,0.055,0
IVE,loyalty,19,www.thairath.co.th,th,override,th,th,0.925,,0.075,1
IVE,loyalty,20,www.hankyung.com,ko,override,ko,ko,0.809,,0.191,1
IVE,loyalty,21,mb.com.ph,tl,override,ko,ko,0.788,,0.212,0
IVE,loyalty,22,www.gmanetwork.com,tl,override,ko,ko,0.9,,0.1,0
IVE,loyalty,23,billboard.com.br,pt,tld,ko,ko,0.941,,0.059,0
IVE,loyalty,24,www.terra.com.br,pt,override,ko,ko,0.514,,0.486,0
IVE,loyalty,25,www.omelete.com.br,pt,tld,ko,ko,0.708,,0.292,0
IVE,loyalty,26,namu.wiki,ko,override,ko,ko,0.736,,0.264,1
IVE,loyalty,27,www.nocutnews.co.kr,ko,tld,ko,ko,1.0,,0.0,1
IVE,loyalty,28,www.munhwa.com,ko,override,ko,ko,1.0,,0.0,1
IVE,loyalty,29,www.starinnews.com,en,default,ko,ko,0.9,,0.1,0
IVE,loyalty,30,mdpr.jp,ja,tld,ko,ko,0.89,,0.11,0
IVE,loyalty,31,k.sina.com.cn,zh,override,ko,ko,0.852,,0.148,0
IVE,loyalty,32,www.hk01.com,zh,override,ko,ko,0.603,,0.207,0
IVE,loyalty,33,zhuanlan.zhihu.com,en,default,ko,ko,0.812,,0.042,0
IVE,loyalty,34,sportsseoulweb.jp,ja,tld,ko,ko,0.837,,0.0,0
IVE,loyalty,35,www.timespread.co.kr,ko,tld,ko,ko,1.0,,0.0,1
IVE,loyalty,36,blog.delivered.co.kr,ko,tld,ko,ko,0.585,,0.415,1
IVE,loyalty,37,www.lacuarta.com,en,default,ko,ko,0.824,,0.176,0
IVE,spillover,0,en.wikipedia.org,en,wiki,ko,ko,0.759,,0.241,0
IVE,spillover,1,en.wikipedia.org,en,wiki,ko,ko,1.0,,0.0,0
IVE,spillover,2,en.wikipedia.org,en,wiki,ko,ko,0.705,,0.295,0
IVE,spillover,3,en.wikipedia.org,en,wiki,ko,ko,1.0,,0.0,0
IVE,spillover,4,en.wikipedia.org,en,wiki,latin,en,0.868,,0.677,1
IVE,spillover,5,en.wikipedia.org,en,wiki,ko,ko,0.576,,0.424,0
IVE,spillover,6,en.wikipedia.org,en,wiki,ko,ko,0.98,,0.02,0
IVE,spillover,7,en.wikipedia.org,en,wiki,ko,ko,0.857,,0.143,0
IVE,spillover,8,en.wikipedia.org,en,wiki,latin,en,1.154,,1.0,1
IVE,spillover,9,en.wikipedia.org,en,wiki,latin,en,0.915,,1.0,1
IVE,spillover,10,en.wikipedia.org,en,wiki,latin,en,1.193,,1.0,1
IVE,spillover,11,en.wikipedia.org,en,wiki,latin,en,1.221,,1.0,1
IVE,spillover,12,en.wikipedia.org,en,wiki,latin,en,0.457,,1.0,1
IVE,spillover,13,en.wikipedia.org,en,wiki,latin,en,1.249,,1.0,1
IVE,spillover,14,envimedia.co,es,tld,latin,en,1.16,,0.957,0
IVE,spillover,15,wwd.com,en,override,latin,en,1.328,,0.976,1
IVE,spillover,16,www.oricon.co.jp,ja,tld,latin,en,1.247,,1.0,0
IVE,spillover,17,www.infobae.com,es,override,latin,en,1.471,,1.0,0
IVE,spillover,18,biz.heraldcorp.com,ko,override,ko,ko,0.946,,0.054,1
IVE,spillover,19,namu.wiki,ko,override,ko,ko,1.0,,0.0,1
IVE,spillover,20,malaymail.com,en,override,ko,ko,0.685,,0.315,0
IVE,spillover,21,www.thairath.co.th,th,override,ko,ko,0.828,,0.172,0
IVE,spillover,22,en.wikipedia.org,en,wiki,latin,en,1.141,,0.72,1
IVE,spillover,23,en.wikipedia.org,en,wiki,ko,ko,0.658,,0.342,0
IVE,spillover,24,en.wikipedia.org,en,wiki,ko,ko,0.75,,0.25,0
IVE,spillover,25,www.yesasia.ru,ru,override,ko,ko,0.714,,0.286,0
IVE,spillover,26,natalie.mu,ja,override,latin,en,0.652,,0.864,0
IVE,spillover,27,natalie.mu,ja,override,ja,ja,0.837,,0.163,1
IVE,spillover,28,www.idntimes.com,id,override,latin,id,2.925,,1.0,1
IVE,spillover,29,kenh14.vn,vi,override,latin,vi,1.0,,1.0,1
IVE,spillover,30,sports.khan.co.kr,ko,override,ko,ko,1.0,,0.0,1
IVE,spillover,31,v.daum.net,ko,override,ko,ko,1.0,,0.0,1
IVE,spillover,32,www.etoday.co.kr,ko,tld,ko,ko,1.0,,0.0,1
IVE,spillover,33,www.gukjenews.com,en,default,ko,ko,0.951,,0.049,0
IVE,spillover,34,v.daum.net,ko,override,ko,ko,0.824,,0.176,1
IVE,spillover,35,en.wikipedia.org,en,wiki,ko,ko,0.51,,0.49,0
IVE,spillover,36,en.wikipedia.org,en,wiki,ko,ko,0.597,,0.284,0
IVE,spillover,37,namu.wiki,ko,override,ko,ko,0.589,,0.411,1
IVE,spillover,38,namu.wiki,ko,override,ko,ko,0.89,,0.11,1
IVE,spillover,39,news.nate.com,ko,override,ko,ko,1.0,,0.0,1
IVE,spillover,40,www.hankyung.com,ko,override,ko,ko,0.926,,0.074,1
IVE,spillover,41,www.korezin.com,en,default,ko,ko,0.881,,0.119,0
IVE,spillover,42,www.harpersbazaar.co.kr,ko,tld,ko,ko,1.0,,0.0,1
IVE,spillover,43,namu.wiki,ko,override,ko,ko,0.857,,0.143,1
IVE,spillover,44,www.pointe.co.kr,ko,tld,ko,ko,0.927,,0.073,1
IVE,spillover,45,www.bntnews.co.kr,ko,tld,ko,ko,0.906,,0.094,1
IVE,spillover,46,biz.heraldcorp.com,ko,override,ko,ko,0.911,,0.089,1
IVE,spillover,47,v.daum.net,ko,override,ko,ko,1.0,,0.0,1
IVE,spillover,48,isplus.com,ko,override,ko,ko,0.851,,0.149,1
IVE,spillover,49,www.gukjenews.com,en,default,ko,ko,0.905,,0.095,0
IVE,spillover,50,www.starnewskorea.com,en,override,ko,ko,0.835,,0.165,0
IVE,spillover,51,enews.imbc.com,en,default,ko,ko,0.956,,0.044,0
IVE,spillover,52,woman.udn.com,zh,override,ko,ko,0.579,,0.228,0
IVE,spillover,53,tieba.baidu.com,en,default,ko,ko,0.638,,0.052,0
IVE,spillover,54,mdpr.jp,ja,tld,ko,ko,0.947,,0.053,0
IVE,spillover,55,sportsseoulweb.jp,ja,tld,ko,ko,0.825,,0.175,0
IVE,spillover,56,koubo.jp,ja,tld,ko,ko,0.775,,0.225,0
IVE,spillover,57,www.officialcharts.com,en,default,latin,en,1.15,,0.625,1
IVE,spillover,58,nowtoronto.com,en,default,ko,ko,0.625,,0.375,0
IVE,spillover,59,dailyhive.com,en,default,ko,ko,0.81,,0.19,0
IVE,spillover,60,blog.delivered.co.kr,ko,tld,ko,ko,0.695,,0.305,1
IVE,spillover,61,www.sopitas.com,es,override,ko,ko,0.857,,0.143,0
리센느(RESCENE),loyalty,0,www.newsis.com,ko,override,ko,ko,1.0,,0.0,1
리센느(RESCENE),loyalty,1,www.starnewskorea.com,en,override,ko,ko,0.78,,0.22,0
리센느(RESCENE),loyalty,2,www.beyondpost.co.kr,ko,tld,ko,ko,1.0,,0.0,1
리센느(RESCENE),loyalty,3,www.threads.com,en,override,ko,ko,1.0,,0.0,0
리센느(RESCENE),loyalty,4,x.com,en,override,ko,ko,0.692,,0.308,0
리센느(RESCENE),loyalty,5,sports.khan.co.kr,ko,override,ko,ko,0.868,,0.132,1
리센느(RESCENE),loyalty,6,sports.khan.co.kr,ko,override,ko,ko,1.0,,0.0,1
리센느(RESCENE),loyalty,7,www.soompi.com,en,override,ko,ko,0.812,,0.188,0
리센느(RESCENE),loyalty,8,www.koreaherald.com,en,override,ko,ko,1.0,,0.0,0
리센느(RESCENE),loyalty,9,www.allkpop.com,en,override,ko,ko,1.0,,0.0,0
리센느(RESCENE),loyalty,10,biz.heraldcorp.com,ko,override,ko,ko,0.855,,0.145,1
리센느(RESCENE),loyalty,11,v.daum.net,ko,override,ko,ko,1.0,,0.0,1
리센느(RESCENE),loyalty,12,www.allkpop.com,en,override,latin,en,1.398,,1.0,1
리센느(RESCENE),loyalty,13,namu.wiki,ko,override,latin,en,0.952,,0.92,0
리센느(RESCENE),loyalty,14,namu.wiki,ko,override,latin,en,1.0,,0.965,0
리센느(RESCENE),loyalty,15,www.news1.kr,ko,override,ko,ko,1.0,,0.0,1
리센느(RESCENE),loyalty,16,biz.heraldcorp.com,ko,override,ko,ko,1.0,,0.0,1
리센느(RESCENE),loyalty,17,www.detik.com,id,override,ko,ko,0.637,,0.362,0
리센느(RESCENE),loyalty,18,biz.heraldcorp.com,ko,override,ko,ko,1.0,,0.0,1
리센느(RESCENE),loyalty,19,www.geojenews.co.kr,ko,tld,ko,ko,1.0,,0.0,1
리센느(RESCENE),loyalty,20,www.geojenews.co.kr,ko,tld,ko,ko,1.0,,0.0,1
리센느(RESCENE),loyalty,21,www.ajunews.com,ko,override,ko,ko,1.0,,0.0,1
리센느(RESCENE),loyalty,22,www.starnewskorea.com,en,override,ko,ko,0.816,,0.184,0
리센느(RESCENE),loyalty,23,www.vietnam.vn,vi,override,ko,ko,0.75,,0.25,0
리센느(RESCENE),loyalty,24,sports.khan.co.kr,ko,override,ko,ko,0.889,,0.111,1
리센느(RESCENE),loyalty,25,tickets.interpark.com,en,default,ko,ko,0.656,,0.344,0
리센느(RESCENE),loyalty,26,biz.heraldcorp.com,ko,override,ko,ko,1.0,,0.0,1
리센느(RESCENE),loyalty,27,www.ajunews.com,ko,override,ko,ko,1.0,,0.0,1
리센느(RESCENE),loyalty,28,www.ohmynews.com,ko,override,ko,ko,1.0,,0.0,1
리센느(RESCENE),loyalty,29,www.sina.cn,zh,tld,ko,ko,0.74,,0.192,0
리센느(RESCENE),loyalty,30,kanstarpress.com,en,default,ko,ko,0.678,,0.322,0
리센느(RESCENE),spillover,0,www.wikitree.co.kr,ko,tld,ko,ko,1.0,,0.0,1
리센느(RESCENE),spillover,1,www.ytn.co.kr,ko,override,ko,ko,0.938,,0.062,1
리센느(RESCENE),spillover,2,www.ytn.co.kr,ko,override,ko,ko,0.903,,0.097,1
리센느(RESCENE),spillover,3,www.ytn.co.kr,ko,override,ko,ko,1.0,,0.0,1
리센느(RESCENE),spillover,4,www.geojenews.co.kr,ko,tld,ko,ko,1.0,,0.0,1
리센느(RESCENE),spillover,5,www.allkpop.com,en,override,ko,ko,0.95,,0.05,0
리센느(RESCENE),spillover,6,www.allkpop.com,en,override,ko,ko,0.771,,0.229,0
리센느(RESCENE),spillover,7,www.complex.com,en,default,ko,ko,0.767,,0.233,0
리센느(RESCENE),spillover,8,www.allkpop.com,en,override,ko,ko,1.0,,0.0,0
리센느(RESCENE),spillover,9,www.starnewskorea.com,en,override,ko,ko,1.0,,0.0,0
리센느(RESCENE),spillover,10,v.daum.net,ko,override,ko,ko,0.952,,0.048,1
리센느(RESCENE),spillover,11,biz.heraldcorp.com,ko,override,ko,ko,0.942,,0.058,1
리센느(RESCENE),spillover,12,www.youtube.com,en,override,latin,en,1.036,,0.976,1
리센느(RESCENE),spillover,13,namu.wiki,ko,override,latin,en,0.871,,0.935,0
리센느(RESCENE),spillover,14,namu.wiki,ko,override,latin,en,0.837,,0.93,0
리센느(RESCENE),spillover,15,biz.heraldcorp.com,ko,override,ko,ko,0.951,,0.049,1
리센느(RESCENE),spillover,16,www.mt.co.kr,ko,override,ko,ko,1.0,,0.0,1
리센느(RESCENE),spillover,17,20.detik.com,id,override,ko,ko,0.755,,0.245,0
리센느(RESCENE),spillover,18,www.beyondpost.co.kr,ko,tld,ko,ko,0.846,,0.154,1
리센느(RESCENE),spillover,19,namu.wiki,ko,override,latin,en,0.943,,0.583,0
리센느(RESCENE),spillover,20,www.starnewskorea.com,en,override,ko,ko,0.759,,0.241,0
리센느(RESCENE),spillover,21,en.wikipedia.org,en,wiki,ko,ko,0.737,,0.263,0
리센느(RESCENE),spillover,22,en.wikipedia.org,en,wiki,ko,ko,0.581,,0.419,0
리센느(RESCENE),spillover,23,www.starnewskorea.com,en,override,ko,ko,0.821,,0.179,0
리센느(RESCENE),spillover,24,www.koreadaily.com,ko,override,ko,ko,0.947,,0.053,1
리센느(RESCENE),spillover,25,www.ggilbo.com,en,default,ko,ko,0.953,,0.047,0
리센느(RESCENE),spillover,26,www.news1.kr,ko,override,ko,ko,0.792,,0.208,1
리센느(RESCENE),spillover,27,www.cbci.co.kr,ko,tld,ko,ko,1.0,,0.0,1
리센느(RESCENE),spillover,28,www.cbci.co.kr,ko,tld,ko,ko,1.0,,0.0,1
리센느(RESCENE),spillover,29,sports.khan.co.kr,ko,override,ko,ko,0.892,,0.108,1
리센느(RESCENE),spillover,30,v.daum.net,ko,override,ko,ko,1.0,,0.0,1
리센느(RESCENE),spillover,31,www.ggilbo.com,en,default,ko,ko,0.909,,0.091,0
리센느(RESCENE),spillover,32,biz.heraldcorp.com,ko,override,ko,ko,0.983,,0.017,1
리센느(RESCENE),spillover,33,www.rescene.org,en,default,ko,ko,0.833,,0.167,0
리센느(RESCENE),spillover,34,www.rescene.org,en,default,ko,ko,0.75,,0.25,0
리센느(RESCENE),spillover,35,www.rescene.org,en,default,ko,ko,0.839,,0.161,0
리센느(RESCENE),spillover,36,namu.wiki,ko,override,ko,ko,0.741,,0.259,1
리센느(RESCENE),spillover,37,namu.wiki,ko,override,ko,ko,0.731,,0.269,1
리센느(RESCENE),spillover,38,namu.wiki,ko,override,ko,ko,0.741,,0.259,1
리센느(RESCENE),spillover,39,namu.wiki,ko,override,ko,ko,0.731,,0.269,1
리센느(RESCENE),spillover,40,namu.wiki,ko,override,ko,ko,0.818,,0.182,1
리센느(RESCENE),spillover,41,namu.wiki,ko,override,ko,ko,1.0,,0.0,1
리센느(RESCENE),spillover,42,namu.wiki,ko,override,ko,ko,0.741,,0.259,1
리센느(RESCENE),spillover,43,namu.wiki,ko,override,ko,ko,1.0,,0.0,1
리센느(RESCENE),spillover,44,www.starnewskorea.com,en,override,ko,ko,1.0,,0.0,0
리센느(RESCENE),spillover,45,www.hanteonews.com,ko,override,ko,ko,0.907,,0.093,1
리센느(RESCENE),spillover,46,kcultureradar.com,en,default,ko,ko,0.685,,0.315,0
리센느(RESCENE),spillover,47,www.starnewskorea.com,en,override,ko,ko,1.0,,0.0,0
리센느(RESCENE),spillover,48,star.ettoday.net,zh,override,ko,ko,0.573,,0.227,0
리센느(RESCENE),spillover,49,woman.udn.com,zh,override,zh,zh,0.412,,0.294,1
리센느(RESCENE),spillover,50,mdpr.jp,ja,tld,ko,ko,0.799,,0.154,0
리센느(RESCENE),spillover,51,www.k-trendynews.com,en,default,ko,ko,0.987,,0.013,0
리센느(RESCENE),spillover,52,koreaworld.net,en,default,ko,ko,0.861,,0.139,0
리센느(RESCENE),spillover,53,reporteasia.com,en,default,ko,ko,0.838,,0.162,0
(여자)아이들,loyalty,0,en.wikipedia.org,en,wiki,ko,ko,0.844,,0.156,0
(여자)아이들,loyalty,1,en.wikipedia.org,en,wiki,ko,ko,1.0,,0.0,0
(여자)아이들,loyalty,2,en.wikipedia.org,en,wiki,ko,ko,0.9,,0.1,0
(여자)아이들,loyalty,3,en.wikipedia.org,en,wiki,latin,en,0.042,,0.535,1
(여자)아이들,loyalty,4,en.wikipedia.org,en,wiki,ko,ko,1.0,,0.0,0
(여자)아이들,loyalty,5,en.wikipedia.org,en,wiki,ko,ko,1.0,,0.0,0
(여자)아이들,loyalty,6,en.wikipedia.org,en,wiki,ko,ko,0.833,,0.167,0
(여자)아이들,loyalty,7,en.wikipedia.org,en,wiki,ko,ko,0.886,,0.114,0
(여자)아이들,loyalty,8,www.allkpop.com,en,override,ko,ko,0.727,,0.273,0
(여자)아이들,loyalty,9,m.joseilbo.com,en,default,ko,ko,0.738,,0.262,0
(여자)아이들,loyalty,10,en.wikipedia.org,en,wiki,ko,ko,0.667,,0.333,0
(여자)아이들,loyalty,11,en.wikipedia.org,en,wiki,ko,ko,1.0,,0.0,0
(여자)아이들,loyalty,12,en.wikipedia.org,en,wiki,latin,en,1.355,,0.953,1
(여자)아이들,loyalty,13,tw.weibo.com,zh,override,latin,en,1.172,,0.976,0
(여자)아이들,loyalty,14,sg.weibo.com,zh,override,latin,en,1.015,,0.967,0
(여자)아이들,loyalty,15,blog.sina.com.cn,zh,override,latin,en,0.87,,0.95,0
(여자)아이들,loyalty,16,m.joseilbo.com,en,default,ko,ko,0.885,,0.115,0
(여자)아이들,loyalty,17,www.tribunnews.com,id,override,ko,ko,0.824,,0.176,0
(여자)아이들,loyalty,18,en.wikipedia.org,en,wiki,ko,ko,1.0,,0.0,0
(여자)아이들,loyalty,19,news.qq.com,zh,override,ko,ko,0.885,,0.0,0
(여자)아이들,loyalty,20,jingdaily.com,en,default,ko,ko,1.0,,0.0,0
(여자)아이들,loyalty,21,www.vogue.co.th,th,tld,ko,ko,0.939,,0.061,0
(여자)아이들,loyalty,22,www.thaiticketmajor.com,en,default,latin,en,0.235,,0.586,1
(여자)아이들,loyalty,23,www.mangozero.com,en,default,ko,ko,0.525,,0.475,0
(여자)아이들,loyalty,24,star.ettoday.net,zh,override,zh,zh,1.0,,0.0,1
(여자)아이들,loyalty,25,www.newsis.com,ko,override,ko,ko,0.963,,0.037,1
(여자)아이들,loyalty,26,namu.wiki,ko,override,ko,ko,0.556,,0.444,1
(여자)아이들,loyalty,27,www.bandwagon.asia,en,override,ko,ko,0.854,,0.146,0
(여자)아이들,loyalty,28,www.cnnbrasil.com.br,pt,override,ko,ko,0.912,,0.088,0
(여자)아이들,loyalty,29,www.news1.kr,ko,override,ko,ko,1.0,,0.0,1
(여자)아이들,loyalty,30,www.slist.kr,ko,tld,ko,ko,1.0,,0.0,1
(여자)아이들,loyalty,31,www.tenasia.co.kr,ko,tld,ko,ko,0.756,,0.244,1
(여자)아이들,loyalty,32,m.ticket.yes24.com,en,default,ko,ko,0.775,,0.225,0
(여자)아이들,loyalty,33,www.zhihu.com,en,default,ko,ko,0.574,,0.082,0
(여자)아이들,loyalty,34,music.trueid.net,en,default,ko,ko,0.441,,0.408,0
(여자)아이들,loyalty,35,thaitv5hd.com,en,default,ko,ko,0.631,,0.155,0
(여자)아이들,loyalty,36,hakkanews.tw,zh,tld,ko,ko,0.632,,0.077,0
(여자)아이들,loyalty,37,star.ettoday.net,zh,override,ko,ko,0.738,,0.087,0
(여자)아이들,loyalty,38,www.dcard.tw,zh,tld,ko,ko,0.762,,0.062,0
(여자)아이들,loyalty,39,k.sina.com.cn,zh,override,ko,ko,0.734,,0.051,0
(여자)아이들,loyalty,40,weibo.com,zh,override,ko,ko,0.918,,0.0,0
(여자)아이들,loyalty,41,www.esquirekorea.co.kr,ko,tld,ko,ko,0.948,,0.052,1
(여자)아이들,loyalty,42,kmtstar.com,en,default,ko,ko,0.695,,0.305,0
(여자)아이들,spillover,0,en.wikipedia.org,en,wiki,ko,ko,0.714,,0.286,0
(여자)아이들,spillover,1,en.wikipedia.org,en,wiki,ko,ko,0.677,,0.323,0
(여자)아이들,spillover,2,en.wikipedia.org,en,wiki,ko,ko,0.625,,0.375,0
(여자)아이들,spillover,3,en.wikipedia.org,en,wiki,ko,ko,1.0,,0.0,0
(여자)아이들,spillover,4,en.wikipedia.org,en,wiki,ko,ko,1.0,,0.0,0
(여자)아이들,spillover,5,m.sedaily.com,ko,override,ko,ko,0.868,,0.132,1
(여자)아이들,spillover,6,digitalchosun.dizzo.com,ko,override,ko,ko,0.783,,0.217,1
(여자)아이들,spillover,7,www.pharmnews.com,en,default,ko,ko,1.0,,0.0,0
(여자)아이들,spillover,8,en.wikipedia.org,en,wiki,ko,ko,0.893,,0.107,0
(여자)아이들,spillover,9,en.wikipedia.org,en,wiki,ko,ko,1.0,,0.0,0
(여자)아이들,spillover,10,en.wikipedia.org,en,wiki,ko,ko,0.675,,0.325,0
(여자)아이들,spillover,11,en.wikipedia.org,en,wiki,ko,ko,0.684,,0.316,0
(여자)아이들,spillover,12,www.pennmike.com,en,default,ko,ko,0.938,,0.062,0
(여자)아이들,spillover,13,www.newsbuzz.co.kr,ko,tld,latin,en,0.765,,0.613,0
(여자)아이들,spillover,14,en.wikipedia.org,en,wiki,latin,en,1.334,,0.965,1
(여자)아이들,spillover,15,cj.sina.com.cn,zh,override,latin,en,0.812,,0.969,0
(여자)아이들,spillover,16,slide.ent.sina.com.cn,zh,override,latin,en,0.346,,0.948,0
(여자)아이들,spillover,17,slide.ent.sina.com.cn,zh,override,latin,en,0.529,,0.942,0
(여자)아이들,spillover,18,k.sina.com.cn,zh,override,latin,en,0.737,,0.959,0
(여자)아이들,spillover,19,t.cj.sina.com.cn,zh,override,latin,en,1.054,,0.95,0
(여자)아이들,spillover,20,www.nanamcom.co.kr,ko,tld,ko,ko,1.0,,0.0,1
(여자)아이들,spillover,21,www.malaymail.com,en,override,ko,ko,0.627,,0.373,0
(여자)아이들,spillover,22,en.wikipedia.org,en,wiki,ko,ko,0.691,,0.309,0
(여자)아이들,spillover,23,en.wikipedia.org,en,wiki,ko,ko,0.612,,0.388,0
(여자)아이들,spillover,24,namu.wiki,ko,override,ko,ko,1.0,,0.0,1
(여자)아이들,spillover,25,www.bntnews.co.kr,ko,tld,ko,ko,0.898,,0.102,1
(여자)아이들,spillover,26,en.wikipedia.org,en,wiki,ko,ko,0.507,,0.458,0
(여자)아이들,spillover,27,www.timeinternational.co.id,id,tld,ko,ko,0.792,,0.208,0
(여자)아이들,spillover,28,m.mzxstar.com,en,default,ko,ko,0.75,,0.25,0
(여자)아이들,spillover,29,daoinsights.com,en,default,ko,ko,1.0,,0.0,0
(여자)아이들,spillover,30,www.ellechina.com,en,default,ko,ko,0.743,,0.257,0
(여자)아이들,spillover,31,gd.sina.com.cn,zh,override,ko,ko,0.686,,0.314,0
(여자)아이들,spillover,32,www.thailand4.com,en,default,ko,ko,0.607,,0.393,0
(여자)아이들,spillover,33,x.com,en,override,ko,ko,0.889,,0.111,0
(여자)아이들,spillover,34,x.com,en,override,latin,en,0.79,,0.718,1
(여자)아이들,spillover,35,www.newsis.com,ko,override,ko,ko,1.0,,0.0,1
(여자)아이들,spillover,36,v.daum.net,ko,override,ko,ko,1.0,,0.0,1
(여자)아이들,spillover,37,m.newsen.com,ko,override,ko,ko,1.0,,0.0,1
(여자)아이들,spillover,38,namu.wiki,ko,override,ko,ko,0.879,,0.121,1
(여자)아이들,spillover,39,mb.com.ph,tl,override,ko,ko,0.567,,0.433,0
(여자)아이들,spillover,40,www.cnnbrasil.com.br,pt,override,ko,ko,0.788,,0.212,0
(여자)아이들,spillover,41,billboard.com.br,pt,tld,ko,ko,1.0,,0.0,0
(여자)아이들,spillover,42,www.sedaily.com,ko,override,ko,ko,0.768,,0.232,1
(여자)아이들,spillover,43,namu.wiki,ko,override,ko,ko,0.733,,0.267,1
(여자)아이들,spillover,44,en.wikipedia.org,en,wiki,ko,ko,0.901,,0.099,0
(여자)아이들,spillover,45,namu.wiki,ko,override,ko,ko,0.949,,0.051,1
(여자)아이들,spillover,46,www.youtube.com,en,override,ko,ko,0.898,,0.102,0
(여자)아이들,spillover,47,prtimes.jp,ja,tld,ko,ko,0.612,,0.225,0
(여자)아이들,spillover,48,tvdramafromoverseas.com,en,default,ko,ko,0.855,,0.0,0
(여자)아이들,spillover,49,en.wikipedia.org,en,wiki,ko,ko,0.589,,0.411,0
(여자)아이들,spillover,50,www.nownews.com,zh,override,ko,ko,0.781,,0.178,0
(여자)아이들,spillover,51,www.nownews.com,zh,override,ko,ko,0.814,,0.157,0
(여자)아이들,spillover,52,mediahub.seoul.go.kr,ko,tld,ko,ko,1.0,,0.0,1
(여자)아이들,spillover,53,www.korezin.com,en,default,ko,ko,0.855,,0.145,0
(여자)아이들,spillover,54,www.mediaus.co.kr,ko,tld,ko,ko,0.971,,0.029,1
(여자)아이들,spillover,55,japan.miyavi.com,en,default,ko,ko,0.63,,0.37,0
(여자)아이들,spillover,56,tvreport.co.kr,ko,override,ko,ko,1.0,,0.0,1
(여자)아이들,spillover,57,www.koreaes.com,en,default,ko,ko,0.945,,0.055,0
(여자)아이들,spillover,58,www.starnewskorea.com,en,override,ko,ko,1.0,,0.0,0
(여자)아이들,spillover,59,www.koreadaily.com,ko,override,ko,ko,1.0,,0.0,1
(여자)아이들,spillover,60,c.m.163.com,zh,override,ko,ko,0.755,,0.032,0
(여자)아이들,spillover,61,star.ettoday.net,zh,override,ko,ko,0.797,,0.119,0
(여자)아이들,spillover,62,www.hk01.com,zh,override,ko,ko,0.623,,0.098,0
(여자)아이들,spillover,63,today.line.me,en,default,ko,ko,0.474,,0.115,0
(여자)아이들,spillover,64,www.hallyukstar.com,en,default,ko,ko,0.444,,0.137,0
(여자)아이들,spillover,65,www.tycg.gov.tw,zh,tld,ko,ko,0.765,,0.0,0
(여자)아이들,spillover,66,travel.udn.com,zh,override,ko,ko,0.723,,0.036,0
(여자)아이들,spillover,67,www.nownews.com,zh,override,ko,ko,0.837,,0.081,0
(여자)아이들,spillover,68,www.chinatimes.com,zh,override,ko,ko,0.783,,0.0,0
(여자)아이들,spillover,69,pd.qq.com,zh,override,ko,ko,0.728,,0.035,0
(여자)아이들,spillover,70,www.officialcharts.com,en,default,ko,ko,0.551,,0.449,0
(여자)아이들,spillover,71,qudosbankarena.com.au,en,default,ko,ko,0.918,,0.082,0
(여자)아이들,spillover,72,www.asiaholic.net,en,default,ko,ko,0.533,,0.467,0
(여자)아이들,spillover,73,lafronteradice.com,en,default,ko,ko,0.672,,0.328,0
(여자)아이들,spillover,74,www.bloglabanana.com,en,default,ko,ko,0.897,,0.103,0
TWICE,loyalty,0,en.wikipedia.org,en,wiki,ko,ko,1.0,,0.0,0
TWICE,loyalty,1,en.wikipedia.org,en,wiki,ko,ko,0.727,,0.273,0
TWICE,loyalty,2,en.wikipedia.org,en,wiki,ko,ko,0.784,,0.216,0
TWICE,loyalty,3,en.wikipedia.org,en,wiki,ko,ko,0.694,,0.306,0
TWICE,loyalty,4,en.wikipedia.org,en,wiki,ko,ko,0.526,,0.474,0
TWICE,loyalty,5,en.wikipedia.org,en,wiki,ko,ko,0.727,,0.273,0
TWICE,loyalty,6,en.wikipedia.org,en,wiki,ko,ko,0.735,,0.265,0
TWICE,loyalty,7,en.wikipedia.org,en,wiki,ko,ko,0.774,,0.226,0
TWICE,loyalty,8,en.wikipedia.org,en,wiki,ko,ko,1.0,,0.0,0
TWICE,loyalty,9,en.wikipedia.org,en,wiki,ko,ko,1.0,,0.0,0
TWICE,loyalty,10,en.wikipedia.org,en,wiki,ko,ko,0.839,,0.161,0
TWICE,loyalty,11,en.wikipedia.org,en,wiki,latin,en,1.092,,0.545,1
TWICE,loyalty,12,www.allkpop.com,en,override,latin,en,1.051,,1.0,1
TWICE,loyalty,13,www.koreaboo.com,en,override,latin,en,1.337,,1.0,1
TWICE,loyalty,14,www.kedglobal.com,ko,override,latin,en,1.574,,1.0,0
TWICE,loyalty,15,x.com,en,override,latin,en,1.067,,1.0,1
TWICE,loyalty,16,m.ticket.yes24.com,en,default,latin,en,1.486,,1.0,1
TWICE,loyalty,17,www.starnewskorea.com,en,override,ko,ko,0.833,,0.167,0
TWICE,loyalty,18,kpopconcerts.com,en,default,latin,en,1.369,,1.0,1
TWICE,loyalty,19,www.oricon.co.jp,ja,tld,latin,en,1.17,,1.0,0
TWICE,loyalty,20,natalie.mu,ja,override,latin,en,1.076,,1.0,0
TWICE,loyalty,21,barks.jp,ja,override,latin,en,1.039,,1.0,0
TWICE,loyalty,22,barks.jp,ja,override,latin,en,1.189,,1.0,0
TWICE,loyalty,23,www.infobae.com,es,override,latin,en,1.235,,1.0,0
TWICE,loyalty,24,namu.wiki,ko,override,ko,ko,0.63,,0.37,1
TWICE,loyalty,25,www.thairath.co.th,th,override,ko,ko,0.738,,0.262,0
TWICE,loyalty,26,www.thairath.co.th,th,override,ko,ko,0.75,,0.25,0
TWICE,loyalty,27,www.kompas.com,id,override,ko,ko,0.627,,0.373,0
TWICE,loyalty,28,www.cnnindonesia.com,id,override,ko,ko,0.768,,0.232,0
TWICE,loyalty,29,backstage.vn,vi,tld,ko,ko,0.718,,0.282,0
TWICE,loyalty,30,2sao.vn,vi,tld,ko,ko,0.844,,0.156,0
TWICE,loyalty,31,thesmartlocal.my,en,default,ko,ko,0.53,,0.47,0
TWICE,loyalty,32,star.ytn.co.kr,ko,override,ko,ko,1.0,,0.0,1
TWICE,loyalty,33,www.segye.com,ko,override,ko,ko,0.952,,0.048,1
TWICE,loyalty,34,www.christiantoday.co.kr,ko,tld,ko,ko,1.0,,0.0,1
TWICE,loyalty,35,www.sina.cn,zh,tld,ko,ko,0.545,,0.221,0
TWICE,loyalty,36,www.hk01.com,zh,override,ko,ko,0.673,,0.125,0
TWICE,loyalty,37,www.infobae.com,es,override,latin,es,1.271,,0.588,1
TWICE,loyalty,38,namu.wiki,ko,override,ko,ko,0.789,,0.211,1
TWICE,loyalty,39,oppastore.com,en,default,ko,ko,0.542,,0.458,0
TWICE,loyalty,40,www.etoland.co.kr,ko,tld,ko,ko,0.719,,0.281,1
TWICE,loyalty,41,en.xmag.live,en,default,ko,ko,0.884,,0.116,0
TWICE,loyalty,42,www.fashion-headline.com,en,default,ko,ko,0.743,,0.257,0
TWICE,loyalty,43,www.hankookilbo.com,ko,override,ko,ko,0.881,,0.119,1
TWICE,loyalty,44,www.womansense.co.kr,ko,tld,ko,ko,0.884,,0.116,1
TWICE,loyalty,45,natalie.mu,ja,override,ja,ja,0.679,,0.321,1
TWICE,loyalty,46,natalie.mu,ja,override,ja,ja,0.78,,0.22,1
TWICE,loyalty,47,stars.udn.com,zh,override,zh,zh,1.0,,0.0,1
TWICE,loyalty,48,www.infobae.com,es,override,latin,vi,1.0,,1.0,0
TWICE,loyalty,49,mgronline.com,th,override,th,th,0.658,,0.342,1
TWICE,loyalty,50,www.koreaherald.com,en,override,ko,ko,1.0,,0.0,0
TWICE,loyalty,51,www.nc.press,ko,override,ko,ko,0.855,,0.145,1
TWICE,loyalty,52,news.tf.co.kr,ko,tld,ko,ko,0.984,,0.016,1
TWICE,loyalty,53,www.philstar.com,tl,override,ko,ko,0.769,,0.231,0
TWICE,loyalty,54,www.philstar.com,tl,override,ko,ko,1.0,,0.0,0
TWICE,loyalty,55,www.cnnbrasil.com.br,pt,override,ko,ko,0.903,,0.097,0
TWICE,loyalty,56,www.cnnbrasil.com.br,pt,override,ko,ko,0.897,,0.103,0
TWICE,loyalty,57,www.terra.com.br,pt,override,ko,ko,0.725,,0.275,0
TWICE,loyalty,58,billboard.com.br,pt,tld,ko,ko,0.96,,0.04,0
TWICE,loyalty,59,www.dispatch.co.kr,ko,tld,ko,ko,0.884,,0.116,1
TWICE,loyalty,60,www.etnews.com,en,default,ko,ko,0.889,,0.111,0
TWICE,loyalty,61,www.childfund.or.kr,ko,tld,ko,ko,0.881,,0.119,1
TWICE,loyalty,62,japan.focustaiwan.tw,zh,tld,ko,ko,0.735,,0.265,0
TWICE,loyalty,63,www.hk01.com,zh,override,ko,ko,0.636,,0.169,0
TWICE,loyalty,64,weibo.com,zh,override,ko,ko,0.804,,0.109,0
TWICE,loyalty,65,tw.news.yahoo.com,en,default,ko,ko,0.747,,0.11,0
TWICE,loyalty,66,whogovernstw.org,en,default,ko,ko,0.719,,0.188,0
TWICE,loyalty,67,girlstyle.com,en,default,ko,ko,0.677,,0.26,0
TWICE,loyalty,68,rio2016.5ch.net,en,default,ko,ko,0.825,,0.058,0
TWICE,loyalty,69,entamenext.com,en,default,ko,ko,0.672,,0.078,0
TWICE,loyalty,70,www.almrsal.com,en,default,ko,ko,0.588,,0.412,0
TWICE,spillover,0,en.wikipedia.org,en,wiki,ko,ko,1.0,,0.0,0
TWICE,spillover,1,en.wikipedia.org,en,wiki,ko,ko,1.0,,0.0,0
TWICE,spillover,2,en.wikipedia.org,en,wiki,ko,ko,1.0,,0.0,0
TWICE,spillover,3,en.wikipedia.org,en,wiki,ko,ko,1.0,,0.0,0
TWICE,spillover,4,en.wikipedia.org,en,wiki,ko,ko,0.658,,0.342,0
TWICE,spillover,5,en.wikipedia.org,en,wiki,latin,en,0.83,,0.524,1
TWICE,spillover,6,en.wikipedia.org,en,wiki,ko,ko,1.0,,0.0,0
TWICE,spillover,7,en.wikipedia.org,en,wiki,ko,ko,1.0,,0.0,0
TWICE,spillover,8,en.wikipedia.org,en,wiki,ko,ko,1.0,,0.0,0
TWICE,spillover,9,en.wikipedia.org,en,wiki,ko,ko,0.765,,0.235,0
TWICE,spillover,10,en.wikipedia.org,en,wiki,ko,ko,0.64,,0.36,0
TWICE,spillover,11,en.wikipedia.org,en,wiki,ko,ko,0.96,,0.04,0
TWICE,spillover,12,www.koreaboo.com,en,override,latin,en,1.54,,1.0,1
TWICE,spillover,13,misrconnect.com,en,default,latin,en,1.095,,1.0,1
TWICE,spillover,14,www.koreaboo.com,en,override,latin,en,0.899,,1.0,1
TWICE,spillover,15,www.kedglobal.com,ko,override,latin,en,1.26,,1.0,0
TWICE,spillover,16,www.allkpop.com,en,override,latin,en,1.19,,1.0,1
TWICE,spillover,17,www.dispatch.co.kr,ko,tld,ko,ko,0.844,,0.156,1
TWICE,spillover,18,www.allkpop.com,en,override,ko,ko,0.853,,0.147,0
TWICE,spillover,19,www.kfriday.net,en,default,ko,ko,0.833,,0.167,0
TWICE,spillover,20,www.yahoo.com,en,default,latin,en,1.358,,1.0,1
TWICE,spillover,21,www.thatericalper.com,en,default,latin,en,0.795,,1.0,1
TWICE,spillover,22,www.oricon.co.jp,ja,tld,latin,en,1.224,,1.0,0
TWICE,spillover,23,www.oricon.co.jp,ja,tld,latin,en,1.047,,1.0,0
TWICE,spillover,24,barks.jp,ja,override,latin,en,1.311,,1.0,0
TWICE,spillover,25,barks.jp,ja,override,latin,en,1.452,,1.0,0
TWICE,spillover,26,barks.jp,ja,override,latin,en,0.97,,1.0,0
TWICE,spillover,27,natalie.mu,ja,override,latin,en,1.256,,1.0,0
TWICE,spillover,28,www.infobae.com,es,override,latin,en,1.433,,1.0,0
TWICE,spillover,29,www.infobae.com,es,override,latin,en,1.346,,1.0,0
TWICE,spillover,30,www.infobae.com,es,override,latin,en,1.425,,1.0,0
TWICE,spillover,31,sportskeeda.com,en,override,ko,ko,0.812,,0.188,0
TWICE,spillover,32,sportskeeda.com,en,override,ko,ko,0.8,,0.2,0
TWICE,spillover,33,www.thairath.co.th,th,override,ko,ko,0.929,,0.071,0
TWICE,spillover,34,backstage.vn,vi,tld,ko,ko,0.78,,0.22,0
TWICE,spillover,35,thesmartlocal.my,en,default,ko,ko,0.508,,0.492,0
TWICE,spillover,36,www.soompi.com,en,override,ko,ko,0.803,,0.197,0
TWICE,spillover,37,www.kedglobal.com,ko,override,ko,ko,0.84,,0.16,1
TWICE,spillover,38,star.ettoday.net,zh,override,ko,ko,0.81,,0.121,0
TWICE,spillover,39,www.yesasia.ru,ru,override,ko,ko,0.623,,0.377,0
TWICE,spillover,40,www.yesasia.ru,ru,override,ko,ko,0.679,,0.321,0
TWICE,spillover,41,www.infobae.com,es,override,latin,en,0.614,,0.529,0
TWICE,spillover,42,www.infobae.com,es,override,ko,ko,0.704,,0.296,0
TWICE,spillover,43,x.com,en,override,ko,ko,0.769,,0.231,0
TWICE,spillover,44,namu.wiki,ko,override,ko,ko,1.0,,0.0,1
TWICE,spillover,45,www.elle.co.kr,ko,tld,ko,ko,0.932,,0.068,1
TWICE,spillover,46,www.vogue.co.kr,ko,tld,ko,ko,1.0,,0.0,1
TWICE,spillover,47,senatus.net,en,default,ko,ko,0.861,,0.139,0
TWICE,spillover,48,www.allkpop.com,en,override,ko,ko,0.654,,0.346,0
TWICE,spillover,49,www.khan.co.kr,ko,tld,ko,ko,1.0,,0.0,1
TWICE,spillover,50,ent.ltn.com.tw,zh,override,ko,ko,1.0,,0.0,0
TWICE,spillover,51,www.bella.tw,zh,tld,ko,ko,0.714,,0.286,0
TWICE,spillover,52,namu.wiki,ko,override,ko,ko,0.691,,0.309,1
TWICE,spillover,53,namu.wiki,ko,override,ko,ko,0.8,,0.2,1
TWICE,spillover,54,namu.wiki,ko,override,ko,ko,0.762,,0.238,1
TWICE,spillover,55,stars.udn.com,zh,override,zh,zh,0.919,,0.081,1
TWICE,spillover,56,v.daum.net,ko,override,ko,ko,0.942,,0.058,1
TWICE,spillover,57,sports.khan.co.kr,ko,override,ko,ko,1.0,,0.0,1
TWICE,spillover,58,namu.wiki,ko,override,ko,ko,1.0,,0.0,1
TWICE,spillover,59,namu.wiki,ko,override,ko,ko,0.889,,0.111,1
TWICE,spillover,60,namu.wiki,ko,override,ko,ko,1.0,,0.0,1
TWICE,spillover,61,www.philstar.com,tl,override,ko,ko,0.878,,0.122,0
TWICE,spillover,62,namu.wiki,ko,override,ko,ko,0.843,,0.157,1
TWICE,spillover,63,namu.wiki,ko,override,ko,ko,0.597,,0.403,1
TWICE,spillover,64,namu.wiki,ko,override,ko,ko,0.791,,0.209,1
TWICE,spillover,65,namu.wiki,ko,override,ko,ko,0.793,,0.138,1
TWICE,spillover,66,namu.wiki,ko,override,ko,ko,0.69,,0.257,1
TWICE,spillover,67,namu.wiki,ko,override,ko,ko,0.743,,0.202,1
TWICE,spillover,68,namu.wiki,ko,override,ko,ko,0.647,,0.353,1
TWICE,spillover,69,blog.naver.com,en,default,ko,ko,0.836,,0.09,0
TWICE,spillover,70,theqoo.net,en,default,ko,ko,0.79,,0.099,0
TWICE,spillover,71,namu.wiki,ko,override,ko,ko,0.86,,0.14,1
TWICE,spillover,72,www.twicenest.com,en,default,ko,ko,0.913,,0.087,0
TWICE,spillover,73,en.wikipedia.org,en,wiki,ko,ko,0.712,,0.288,0
TWICE,spillover,74,en.wikipedia.org,en,wiki,latin,en,1.314,,0.538,1
TWICE,spillover,75,namu.wiki,ko,override,ko,ko,0.808,,0.192,1
TWICE,spillover,76,namu.wiki,ko,override,ko,ko,0.911,,0.089,1
TWICE,spillover,77,namu.wiki,ko,override,ko,ko,0.815,,0.185,1
TWICE,spillover,78,namu.wiki,ko,override,ko,ko,0.897,,0.103,1
TWICE,spillover,79,namu.wiki,ko,override,ko,ko,0.933,,0.067,1
TWICE,spillover,80,www.xportsnews.com,ko,override,ko,ko,0.935,,0.065,1
TWICE,spillover,81,v.daum.net,ko,override,ko,ko,1.0,,0.0,1
TWICE,spillover,82,www.tenasia.co.kr,ko,tld,ko,ko,0.856,,0.144,1
TWICE,spillover,83,koreye.com,en,default,ko,ko,0.719,,0.281,0
TWICE,spillover,84,namu.wiki,ko,override,ko,ko,0.902,,0.098,1
TWICE,spillover,85,namu.wiki,ko,override,ko,ko,0.844,,0.156,1
TWICE,spillover,86,namu.wiki,ko,override,ko,ko,0.775,,0.225,1
TWICE,spillover,87,namu.wiki,ko,override,ko,ko,0.811,,0.189,1
TWICE,spillover,88,namu.wiki,ko,override,ko,ko,0.853,,0.147,1
TWICE,spillover,89,namu.wiki,ko,override,ko,ko,0.647,,0.353,1
TWICE,spillover,90,namu.wiki,ko,override,ko,ko,0.667,,0.333,1
TWICE,spillover,91,www.allkpop.com,en,override,ko,ko,0.622,,0.378,0
TWICE,spillover,92,www.starnewskorea.com,en,override,ko,ko,0.857,,0.143,0
TWICE,spillover,93,ent.sbs.co.kr,ko,tld,ko,ko,0.801,,0.199,1
TWICE,spillover,94,www.starnewskorea.com,en,override,ko,ko,1.0,,0.0,0
TWICE,spillover,95,ent.sbs.co.kr,ko,tld,ko,ko,0.95,,0.05,1
TWICE,spillover,96,stars.udn.com,zh,override,ko,ko,0.897,,0.062,0
TWICE,spillover,97,www.kmib.co.kr,ko,override,ko,ko,0.933,,0.067,1
TWICE,spillover,98,www.nbnbiz.co.kr,ko,tld,ko,ko,0.902,,0.098,1
TWICE,spillover,99,www.pharmnews.com,en,default,ko,ko,0.922,,0.078,0
TWICE,spillover,100,www.newsis.com,ko,override,ko,ko,0.928,,0.072,1
TWICE,spillover,101,ent.sina.cn,zh,tld,ko,ko,0.91,,0.067,0
TWICE,spillover,102,www.chinatimes.com,zh,override,ko,ko,0.597,,0.0,0
TWICE,spillover,103,www.ettoday.net,zh,override,ko,ko,0.74,,0.067,0
TWICE,spillover,104,stars.udn.com,zh,override,ko,ko,0.545,,0.356,0
TWICE,spillover,105,talk.ltn.com.tw,zh,override,ko,ko,0.759,,0.0,0
TWICE,spillover,106,www.mirrormedia.mg,zh,tld,ko,ko,0.642,,0.116,0
TWICE,spillover,107,forum.ettoday.net,zh,override,ko,ko,0.75,,0.103,0
TWICE,spillover,108,bunshun.jp,ja,tld,ko,ko,0.644,,0.11,0
TWICE,spillover,109,natalie.mu,ja,override,ko,ko,0.593,,0.093,0
TWICE,spillover,110,www.crank-in.net,en,default,ko,ko,0.656,,0.131,0
TWICE,spillover,111,news.mynavi.jp,ja,tld,ko,ko,0.663,,0.105,0
TWICE,spillover,112,www.fashionsnap.com,en,default,ko,ko,0.606,,0.165,0
TWICE,spillover,113,www.fashionsnap.com,en,default,ko,ko,0.622,,0.095,0
TWICE,spillover,114,prtimes.jp,ja,tld,ko,ko,0.917,,0.083,0
TWICE,spillover,115,www.nme.com,en,override,ko,ko,0.83,,0.17,0
TWICE,spillover,116,www.pinkvilla.com,en,default,ko,ko,0.757,,0.243,0
TWICE,spillover,117,musicfeeds.com.au,en,default,ko,ko,0.732,,0.268,0
TWICE,spillover,118,au.rollingstone.com,en,default,ko,ko,0.759,,0.241,0
TWICE,spillover,119,www.rockdelux.com,en,default,ko,ko,0.845,,0.155,0
ITZY,loyalty,0,en.wikipedia.org,en,wiki,ko,ko,0.676,,0.324,0
ITZY,loyalty,1,en.wikipedia.org,en,wiki,latin,en,1.505,,0.514,1
ITZY,loyalty,2,en.wikipedia.org,en,wiki,ko,ko,0.732,,0.268,0
ITZY,loyalty,3,en.wikipedia.org,en,wiki,ko,ko,0.762,,0.238,0
ITZY,loyalty,4,en.wikipedia.org,en,wiki,ko,ko,1.0,,0.0,0
ITZY,loyalty,5,en.wikipedia.org,en,wiki,ko,ko,0.7,,0.3,0
ITZY,loyalty,6,en.wikipedia.org,en,wiki,ko,ko,0.778,,0.222,0
ITZY,loyalty,7,en.wikipedia.org,en,wiki,ko,ko,0.744,,0.256,0
ITZY,loyalty,8,en.wikipedia.org,en,wiki,ko,ko,0.68,,0.32,0
ITZY,loyalty,9,en.wikipedia.org,en,wiki,ko,ko,0.719,,0.281,0
ITZY,loyalty,10,www.soompi.com,en,override,latin,en,1.345,,0.963,1
ITZY,loyalty,11,en.wikipedia.org,en,wiki,latin,en,1.661,,1.0,1
ITZY,loyalty,12,en.wikipedia.org,en,wiki,latin,en,1.561,,1.0,1
ITZY,loyalty,13,www.allkpop.com,en,override,ko,ko,0.8,,0.2,0
ITZY,loyalty,14,x.com,en,override,latin,en,1.138,,1.0,1
ITZY,loyalty,15,www.infobae.com,es,override,latin,en,1.263,,1.0,0
ITZY,loyalty,16,www.youtube.com,en,override,ko,ko,0.62,,0.38,0
ITZY,loyalty,17,www.kompas.com,id,override,ko,ko,0.777,,0.223,0
ITZY,loyalty,18,www.kompas.com,id,override,ko,ko,0.568,,0.432,0
ITZY,loyalty,19,www.thefirsttimes.jp,ja,tld,ko,ko,0.606,,0.0,0
ITZY,loyalty,20,www.yesasia.ru,ru,override,ru,ru,0.598,,0.103,1
ITZY,loyalty,21,www.sina.cn,zh,tld,ko,ko,0.471,,0.195,0
ITZY,loyalty,22,www.idntimes.com,id,override,latin,id,2.199,,1.0,1
ITZY,loyalty,23,www.idntimes.com,id,override,latin,id,2.688,,1.0,1
ITZY,loyalty,24,www.yesasia.ru,ru,override,ru,ru,0.66,,0.34,1
ITZY,loyalty,25,kenh14.vn,vi,override,latin,vi,1.0,,1.0,1
ITZY,loyalty,26,sports.khan.co.kr,ko,override,ko,ko,0.84,,0.16,1
ITZY,loyalty,27,mb.com.ph,tl,override,ko,ko,0.881,,0.119,0
ITZY,loyalty,28,www.pep.ph,tl,override,ko,ko,0.6,,0.4,0
ITZY,loyalty,29,mb.com.ph,tl,override,ko,ko,1.0,,0.0,0
ITZY,loyalty,30,www.purebreak.com.br,pt,tld,ko,ko,0.727,,0.273,0
ITZY,loyalty,31,www.thebutter.org,en,default,ko,ko,0.838,,0.162,0
ITZY,loyalty,32,namu.wiki,ko,override,ko,ko,0.639,,0.361,1
ITZY,loyalty,33,namu.wiki,ko,override,ko,ko,0.714,,0.286,1
ITZY,loyalty,34,namu.wiki,ko,override,ko,ko,0.905,,0.095,1
ITZY,loyalty,35,www.rbbtoday.com,en,default,ko,ko,0.651,,0.349,0
ITZY,loyalty,36,ol.mingpao.com,en,default,ko,ko,0.765,,0.206,0
ITZY,loyalty,37,www.weibo.com,zh,override,ko,ko,0.837,,0.082,0
ITZY,loyalty,38,twconcertview.com,en,default,ko,ko,0.576,,0.424,0
ITZY,loyalty,39,twconcertview.com,en,default,ko,ko,0.653,,0.347,0
ITZY,loyalty,40,blog.delivered.co.kr,ko,tld,ko,ko,0.641,,0.359,1
ITZY,spillover,0,en.wikipedia.org,en,wiki,ko,ko,0.646,,0.354,0
ITZY,spillover,1,en.wikipedia.org,en,wiki,ko,ko,0.683,,0.317,0
ITZY,spillover,2,en.wikipedia.org,en,wiki,ko,ko,0.605,,0.395,0
ITZY,spillover,3,en.wikipedia.org,en,wiki,ko,ko,0.5,,0.5,0
ITZY,spillover,4,en.wikipedia.org,en,wiki,ko,ko,0.919,,0.081,0
ITZY,spillover,5,en.wikipedia.org,en,wiki,ko,ko,0.783,,0.217,0
ITZY,spillover,6,en.wikipedia.org,en,wiki,latin,en,0.365,,0.55,1
ITZY,spillover,7,en.wikipedia.org,en,wiki,latin,en,1.023,,0.524,1
ITZY,spillover,8,en.wikipedia.org,en,wiki,ko,ko,0.724,,0.276,0
ITZY,spillover,9,en.wikipedia.org,en,wiki,ko,ko,0.922,,0.078,0
ITZY,spillover,10,en.wikipedia.org,en,wiki,latin,en,1.274,,1.0,1
ITZY,spillover,11,en.wikipedia.org,en,wiki,latin,en,1.193,,1.0,1
ITZY,spillover,12,en.wikipedia.org,en,wiki,latin,en,0.809,,1.0,1
ITZY,spillover,13,en.wikipedia.org,en,wiki,latin,en,1.155,,1.0,1
ITZY,spillover,14,namu.wiki,ko,override,ko,ko,0.571,,0.429,1
ITZY,spillover,15,www.gmanetwork.com,tl,override,ko,ko,0.654,,0.346,0
ITZY,spillover,16,www.bandwagon.asia,en,override,ko,ko,0.889,,0.111,0
ITZY,spillover,17,metropolisjapan.com,en,default,latin,en,1.047,,1.0,1
ITZY,spillover,18,www.oricon.co.jp,ja,tld,latin,en,1.216,,1.0,0
ITZY,spillover,19,www.oricon.co.jp,ja,tld,latin,en,1.167,,1.0,0
ITZY,spillover,20,www.oricon.co.jp,ja,tld,latin,en,1.225,,1.0,0
ITZY,spillover,21,natalie.mu,ja,override,latin,en,0.912,,1.0,0
ITZY,spillover,22,www.infobae.com,es,override,latin,en,1.405,,1.0,0
ITZY,spillover,23,www.infobae.com,es,override,latin,en,1.187,,1.0,0
ITZY,spillover,24,www.kompas.com,id,override,ko,ko,0.776,,0.224,0
ITZY,spillover,25,en.wikipedia.org,en,wiki,ko,ko,0.583,,0.417,0
ITZY,spillover,26,www.infobae.com,es,override,latin,vi,1.0,,0.907,0
ITZY,spillover,27,www.yesasia.ru,ru,override,ru,ru,0.623,,0.062,1
ITZY,spillover,28,natalie.mu,ja,override,latin,en,0.091,,0.723,0
ITZY,spillover,29,www.mydaily.co.kr,ko,override,ko,ko,1.0,,0.0,1
ITZY,spillover,30,www.hankyung.com,ko,override,ko,ko,1.0,,0.0,1
ITZY,spillover,31,www.kyeonggi.com,en,default,ko,ko,0.869,,0.131,0
ITZY,spillover,32,v.daum.net,ko,override,ko,ko,0.933,,0.067,1
ITZY,spillover,33,v.daum.net,ko,override,ko,ko,1.0,,0.0,1
ITZY,spillover,34,v.daum.net,ko,override,ko,ko,0.806,,0.194,1
ITZY,spillover,35,www.threads.com,en,override,ko,ko,0.882,,0.118,0
ITZY,spillover,36,billboard.com.br,pt,tld,ko,ko,1.0,,0.0,0
ITZY,spillover,37,plus.hankyung.com,ko,override,ko,ko,0.941,,0.059,1
ITZY,spillover,38,m.blog.naver.com,en,default,latin,en,0.982,,0.568,1
ITZY,spillover,39,namu.wiki,ko,override,ko,ko,0.574,,0.426,1
ITZY,spillover,40,en.wikipedia.org,en,wiki,ko,ko,0.818,,0.182,0
ITZY,spillover,41,v.daum.net,ko,override,ko,ko,0.836,,0.164,1
ITZY,spillover,42,biz.heraldcorp.com,ko,override,ko,ko,0.934,,0.066,1
ITZY,spillover,43,www.hurriyet.com.tr,tr,override,ko,ko,0.762,,0.238,0
ITZY,spillover,44,www.khan.co.kr,ko,tld,ko,ko,0.826,,0.174,1
ITZY,spillover,45,namu.wiki,ko,override,ko,ko,0.818,,0.182,1
ITZY,spillover,46,namu.wiki,ko,override,ko,ko,0.905,,0.095,1
ITZY,spillover,47,namu.wiki,ko,override,ko,ko,0.578,,0.422,1
ITZY,spillover,48,namu.wiki,ko,override,ko,ko,0.846,,0.154,1
ITZY,spillover,49,www.hankyung.com,ko,override,ko,ko,0.879,,0.121,1
ITZY,spillover,50,m.newspim.com,en,default,ko,ko,0.862,,0.138,0
ITZY,spillover,51,www.newsis.com,ko,override,ko,ko,0.911,,0.089,1
ITZY,spillover,52,www.enetnews.co.kr,ko,tld,ko,ko,0.9,,0.1,1
ITZY,spillover,53,www.billboard.co.kr,ko,tld,ko,ko,0.871,,0.129,1
ITZY,spillover,54,www.asiaartistawards.com,en,default,ko,ko,0.868,,0.132,0
ITZY,spillover,55,www.topstarnews.net,ko,override,ko,ko,0.944,,0.056,1
ITZY,spillover,56,www.insight.co.kr,ko,tld,ko,ko,0.889,,0.111,1
ITZY,spillover,57,cj.sina.com.cn,zh,override,latin,pt,0.247,,0.475,0
ITZY,spillover,58,fashion.ettoday.net,zh,override,ko,ko,0.409,,0.379,0
ITZY,spillover,59,www.officialcharts.com,en,default,ko,ko,0.552,,0.448,0
ITZY,spillover,60,www.nme.com,en,override,ko,ko,0.647,,0.353,0
ITZY,spillover,61,www.nme.com,en,override,ko,ko,0.534,,0.466,0
ITZY,spillover,62,musicfeeds.com.au,en,default,ko,ko,0.718,,0.282,0
ITZY,spillover,63,scenestr.com.au,en,default,ko,ko,0.884,,0.116,0
ITZY,spillover,64,fanky.cl,es,tld,ko,ko,0.9,,0.1,0
ITZY,spillover,65,www.bitacoracdmx.com,en,default,ko,ko,0.617,,0.383,0
LE SSERAFIM,loyalty,0,en.wikipedia.org,en,wiki,ko,ko,0.667,,0.333,0
LE SSERAFIM,loyalty,1,en.wikipedia.org,en,wiki,ko,ko,0.676,,0.324,0
LE SSERAFIM,loyalty,2,en.wikipedia.org,en,wiki,ko,ko,0.744,,0.256,0
LE SSERAFIM,loyalty,3,en.wikipedia.org,en,wiki,ko,ko,0.586,,0.414,0
LE SSERAFIM,loyalty,4,en.wikipedia.org,en,wiki,ko,ko,0.778,,0.222,0
LE SSERAFIM,loyalty,5,en.wikipedia.org,en,wiki,ko,ko,0.742,,0.258,0
LE SSERAFIM,loyalty,6,en.wikipedia.org,en,wiki,ko,ko,0.621,,0.379,0
LE SSERAFIM,loyalty,7,en.wikipedia.org,en,wiki,ko,ko,0.667,,0.333,0
LE SSERAFIM,loyalty,8,en.wikipedia.org,en,wiki,ko,ko,0.545,,0.455,0
LE SSERAFIM,loyalty,9,en.wikipedia.org,en,wiki,ko,ko,0.625,,0.375,0
LE SSERAFIM,loyalty,10,niewmedia.com,en,default,latin,en,1.261,,1.0,1
LE SSERAFIM,loyalty,11,x.com,en,override,latin,en,1.193,,1.0,1
LE SSERAFIM,loyalty,12,en.wikipedia.org,en,wiki,latin,en,1.296,,1.0,1
LE SSERAFIM,loyalty,13,en.wikipedia.org,en,wiki,latin,en,1.481,,1.0,1
LE SSERAFIM,loyalty,14,www.infobae.com,es,override,latin,en,1.15,,1.0,0
LE SSERAFIM,loyalty,15,www.infobae.com,es,override,latin,en,0.903,,1.0,0
LE SSERAFIM,loyalty,16,www.cbci.co.kr,ko,tld,ko,ko,1.0,,0.0,1
LE SSERAFIM,loyalty,17,www.starnewskorea.com,en,override,ko,ko,0.654,,0.346,0
LE SSERAFIM,loyalty,18,www.thairath.co.th,th,override,ko,ko,0.57,,0.37,0
LE SSERAFIM,loyalty,19,musicstation.kapook.com,th,override,ko,ko,0.719,,0.281,0
LE SSERAFIM,loyalty,20,www.hk01.com,zh,override,zh,zh,0.356,,0.333,1
LE SSERAFIM,loyalty,21,www.infobae.com,es,override,latin,es,1.31,,0.831,1
LE SSERAFIM,loyalty,22,www.oricon.co.jp,ja,tld,ko,ko,0.923,,0.077,0
LE SSERAFIM,loyalty,23,www.oricon.co.jp,ja,tld,ko,ko,1.0,,0.0,0
LE SSERAFIM,loyalty,24,www.idntimes.com,id,override,latin,id,2.295,,1.0,1
LE SSERAFIM,loyalty,25,www.idntimes.com,id,override,latin,id,2.779,,1.0,1
LE SSERAFIM,loyalty,26,www.idntimes.com,id,override,latin,id,4.119,,1.0,1
LE SSERAFIM,loyalty,27,www.yesasia.ru,ru,override,ru,ru,0.889,,0.111,1
LE SSERAFIM,loyalty,28,www.xportsnews.com,ko,override,ko,ko,1.0,,0.0,1
LE SSERAFIM,loyalty,29,www.philstar.com,tl,override,ko,ko,0.75,,0.25,0
LE SSERAFIM,loyalty,30,pop.inquirer.net,tl,override,ko,ko,0.636,,0.364,0
LE SSERAFIM,loyalty,31,www.cnnbrasil.com.br,pt,override,ko,ko,0.705,,0.295,0
LE SSERAFIM,loyalty,32,billboard.com.br,pt,tld,ko,ko,1.0,,0.0,0
LE SSERAFIM,loyalty,33,www.sportsseoul.com,ko,override,ko,ko,1.0,,0.0,1
LE SSERAFIM,loyalty,34,www.newsis.com,ko,override,ko,ko,1.0,,0.0,1
LE SSERAFIM,loyalty,35,www.mhnse.com,en,default,ko,ko,1.0,,0.0,0
LE SSERAFIM,loyalty,36,www.asiaartistawards.com,en,default,ko,ko,0.766,,0.234,0
LE SSERAFIM,loyalty,37,namu.wiki,ko,override,ko,ko,0.783,,0.217,1
LE SSERAFIM,loyalty,38,www.hk01.com,zh,override,ko,ko,0.645,,0.026,0
LE SSERAFIM,loyalty,39,www.zhihu.com,en,default,ko,ko,0.548,,0.161,0
LE SSERAFIM,loyalty,40,mdpr.jp,ja,tld,ko,ko,0.608,,0.047,0
LE SSERAFIM,loyalty,41,www.crank-in.net,en,default,ko,ko,0.686,,0.203,0
LE SSERAFIM,loyalty,42,blog.namanecard.com,en,default,ko,ko,0.718,,0.282,0
LE SSERAFIM,loyalty,43,arakpop.com,en,default,ko,ko,0.723,,0.277,0
LE SSERAFIM,spillover,0,en.wikipedia.org,en,wiki,ko,ko,0.871,,0.129,0
LE SSERAFIM,spillover,1,en.wikipedia.org,en,wiki,ko,ko,1.0,,0.0,0
LE SSERAFIM,spillover,2,en.wikipedia.org,en,wiki,ko,ko,1.0,,0.0,0
LE SSERAFIM,spillover,3,en.wikipedia.org,en,wiki,ko,ko,1.0,,0.0,0
LE SSERAFIM,spillover,4,en.wikipedia.org,en,wiki,ko,ko,0.742,,0.258,0
LE SSERAFIM,spillover,5,en.wikipedia.org,en,wiki,ko,ko,0.744,,0.256,0
LE SSERAFIM,spillover,6,en.wikipedia.org,en,wiki,ko,ko,0.722,,0.278,0
LE SSERAFIM,spillover,7,en.wikipedia.org,en,wiki,ko,ko,0.6,,0.4,0
LE SSERAFIM,spillover,8,en.wikipedia.org,en,wiki,ko,ko,0.8,,0.2,0
LE SSERAFIM,spillover,9,en.wikipedia.org,en,wiki,latin,en,0.942,,0.738,1
LE SSERAFIM,spillover,10,en.wikipedia.org,en,wiki,latin,en,1.214,,1.0,1
LE SSERAFIM,spillover,11,en.wikipedia.org,en,wiki,latin,en,1.167,,1.0,1
LE SSERAFIM,spillover,12,en.wikipedia.org,en,wiki,latin,en,0.905,,1.0,1
LE SSERAFIM,spillover,13,en.wikipedia.org,en,wiki,latin,en,1.363,,1.0,1
LE SSERAFIM,spillover,14,m.entertain.naver.com,en,default,ko,ko,0.625,,0.375,0
LE SSERAFIM,spillover,15,n.news.naver.com,en,default,ko,ko,0.512,,0.488,0
LE SSERAFIM,spillover,16,m.entertain.naver.com,en,default,ko,ko,1.0,,0.0,0
LE SSERAFIM,spillover,17,n.news.naver.com,en,default,ko,ko,0.818,,0.182,0
LE SSERAFIM,spillover,18,www.billboard.com,en,override,ko,ko,0.789,,0.211,0
LE SSERAFIM,spillover,19,game.mk.co.kr,ko,tld,ko,ko,1.0,,0.0,1
LE SSERAFIM,spillover,20,www.rollingstone.com,en,default,latin,en,1.255,,1.0,1
LE SSERAFIM,spillover,21,www.timeout.com,en,override,latin,en,0.691,,1.0,1
LE SSERAFIM,spillover,22,www.allkpop.com,en,override,latin,en,1.299,,1.0,1
LE SSERAFIM,spillover,23,www.oricon.co.jp,ja,tld,latin,en,1.01,,1.0,0
LE SSERAFIM,spillover,24,www.oricon.co.jp,ja,tld,latin,en,0.973,,1.0,0
LE SSERAFIM,spillover,25,www.oricon.co.jp,ja,tld,latin,en,1.146,,1.0,0
LE SSERAFIM,spillover,26,natalie.mu,ja,override,latin,en,0.68,,1.0,0
LE SSERAFIM,spillover,27,www.infobae.com,es,override,latin,en,0.946,,1.0,0
LE SSERAFIM,spillover,28,www.infobae.com,es,override,latin,en,1.111,,1.0,0
LE SSERAFIM,spillover,29,www.infobae.com,es,override,latin,en,0.751,,1.0,0
LE SSERAFIM,spillover,30,www.newswire.co.kr,ko,tld,ko,ko,1.0,,0.0,1
LE SSERAFIM,spillover,31,biz.heraldcorp.com,ko,override,ko,ko,1.0,,0.0,1
LE SSERAFIM,spillover,32,wolipop.detik.com,id,override,ko,ko,0.576,,0.424,0
LE SSERAFIM,spillover,33,www.malaymail.com,en,override,ko,ko,0.635,,0.365,0
LE SSERAFIM,spillover,34,lifestyle.kompas.com,id,override,ko,ko,0.635,,0.365,0
LE SSERAFIM,spillover,35,www.idntimes.com,id,override,ko,ko,0.643,,0.357,0
LE SSERAFIM,spillover,36,www.tenasia.co.kr,ko,tld,ko,ko,0.533,,0.467,1
LE SSERAFIM,spillover,37,sports.khan.co.kr,ko,override,latin,en,0.689,,0.748,0
LE SSERAFIM,spillover,38,www.tenasia.co.kr,ko,tld,ko,ko,0.93,,0.07,1
LE SSERAFIM,spillover,39,natalie.mu,ja,override,ja,ja,0.415,,0.244,1
LE SSERAFIM,spillover,40,www.univision.com,es,override,latin,es,0.612,,0.765,1
LE SSERAFIM,spillover,41,www.yesasia.ru,ru,override,ru,ru,0.574,,0.287,1
LE SSERAFIM,spillover,42,www.maybelline.co.jp,ja,tld,ko,ko,1.0,,0.0,0
LE SSERAFIM,spillover,43,topics.smt.docomo.ne.jp,ja,tld,ko,ko,1.0,,0.0,0
LE SSERAFIM,spillover,44,www.youtube.com,en,override,ko,ko,0.75,,0.25,0
LE SSERAFIM,spillover,45,mdpr.jp,ja,tld,ko,ko,0.761,,0.239,0
LE SSERAFIM,spillover,46,www.oricon.co.jp,ja,tld,ko,ko,1.0,,0.0,0
LE SSERAFIM,spillover,47,numero.jp,ja,tld,ko,ko,0.667,,0.333,0
LE SSERAFIM,spillover,48,spur.hpplus.jp,ja,tld,ko,ko,0.867,,0.133,0
LE SSERAFIM,spillover,49,www.oricon.co.jp,ja,tld,ko,ko,0.828,,0.172,0
LE SSERAFIM,spillover,50,natalie.mu,ja,override,latin,en,0.652,,0.864,0
LE SSERAFIM,spillover,51,natalie.mu,ja,override,latin,en,0.091,,0.723,0
LE SSERAFIM,spillover,52,star.ettoday.net,zh,override,zh,zh,0.694,,0.306,1
LE SSERAFIM,spillover,53,www.yesasia.ru,ru,override,ru,ru,0.635,,0.365,1
LE SSERAFIM,spillover,54,www.newsis.com,ko,override,ko,ko,1.0,,0.0,1
LE SSERAFIM,spillover,55,www.sportsseoul.com,ko,override,ko,ko,1.0,,0.0,1
LE SSERAFIM,spillover,56,news.nate.com,ko,override,ko,ko,1.0,,0.0,1
LE SSERAFIM,spillover,57,v.daum.net,ko,override,ko,ko,1.0,,0.0,1
LE SSERAFIM,spillover,58,www.sedaily.com,ko,override,ko,ko,0.967,,0.033,1
LE SSERAFIM,spillover,59,www.edaily.co.kr,ko,override,ko,ko,0.846,,0.154,1
LE SSERAFIM,spillover,60,v.daum.net,ko,override,ko,ko,0.58,,0.42,1
LE SSERAFIM,spillover,61,sports.khan.co.kr,ko,override,ko,ko,1.0,,0.0,1
LE SSERAFIM,spillover,62,namu.wiki,ko,override,ko,ko,0.765,,0.235,1
LE SSERAFIM,spillover,63,namu.wiki,ko,override,ko,ko,1.0,,0.0,1
LE SSERAFIM,spillover,64,namu.wiki,ko,override,ko,ko,1.0,,0.0,1
LE SSERAFIM,spillover,65,www.youtube.com,en,override,ko,ko,0.57,,0.314,0
LE SSERAFIM,spillover,66,news.yahoo.co.jp,ja,tld,ko,ko,0.6,,0.4,0
LE SSERAFIM,spillover,67,news.yahoo.co.jp,ja,tld,ko,ko,0.688,,0.15,0
LE SSERAFIM,spillover,68,namu.wiki,ko,override,ko,ko,0.851,,0.149,1
LE SSERAFIM,spillover,69,www.chosun.com,ko,override,ko,ko,0.765,,0.235,1
LE SSERAFIM,spillover,70,kpopturkiye.com,en,default,ko,ko,0.57,,0.43,0
LE SSERAFIM,spillover,71,enews.imbc.com,en,default,ko,ko,0.838,,0.162,0
LE SSERAFIM,spillover,72,www.wikitree.co.kr,ko,tld,ko,ko,0.878,,0.122,1
LE SSERAFIM,spillover,73,news.mt.co.kr,ko,override,ko,ko,1.0,,0.0,1
LE SSERAFIM,spillover,74,news.nate.com,ko,override,ko,ko,0.953,,0.047,1
LE SSERAFIM,spillover,75,namu.wiki,ko,override,ko,ko,0.761,,0.239,1
LE SSERAFIM,spillover,76,namu.wiki,ko,override,ko,ko,0.667,,0.333,1
LE SSERAFIM,spillover,77,namu.wiki,ko,override,ko,ko,0.727,,0.273,1
LE SSERAFIM,spillover,78,www.infoconcert.com,en,default,ko,ko,0.562,,0.438,0
LE SSERAFIM,spillover,79,www.starnewskorea.com,en,override,ko,ko,1.0,,0.0,0
LE SSERAFIM,spillover,80,www.etnews.com,en,default,ko,ko,0.832,,0.168,0
LE SSERAFIM,spillover,81,www.koreadaily.com,ko,override,ko,ko,0.835,,0.165,1
LE SSERAFIM,spillover,82,www.topstarnews.net,ko,override,ko,ko,0.911,,0.089,1
LE SSERAFIM,spillover,83,cj.sina.com.cn,zh,override,ko,ko,0.554,,0.339,0
LE SSERAFIM,spillover,84,star.ettoday.net,zh,override,ko,ko,0.632,,0.235,0
LE SSERAFIM,spillover,85,www.oricon.co.jp,ja,tld,ko,ko,0.496,,0.184,0
LE SSERAFIM,spillover,86,www.wwdjapan.com,en,default,ko,ko,0.573,,0.067,0
LE SSERAFIM,spillover,87,bunshun.jp,ja,tld,ko,ko,0.716,,0.126,0
LE SSERAFIM,spillover,88,www.dazeddigital.com,en,default,ko,ko,0.672,,0.328,0
LE SSERAFIM,spillover,89,www.dazeddigital.com,en,default,ko,ko,0.593,,0.407,0
LE SSERAFIM,spillover,90,www.nme.com,en,override,latin,en,0.591,,0.545,1
LE SSERAFIM,spillover,91,www.nme.com,en,override,ko,ko,0.699,,0.301,0
LE SSERAFIM,spillover,92,ca.billboard.com,en,override,ko,ko,0.925,,0.075,0
LE SSERAFIM,spillover,93,ca.billboard.com,en,override,ko,ko,0.809,,0.191,0
LE SSERAFIM,spillover,94,bbs.ruliweb.com,en,default,ko,ko,0.825,,0.175,0
LE SSERAFIM,spillover,95,blog.delivered.co.kr,ko,tld,ko,ko,0.688,,0.312,1
LE SSERAFIM,spillover,96,www.k-world.fr,fr,override,ko,ko,0.653,,0.347,0
LE SSERAFIM,spillover,97,www.lacuarta.com,en,default,ko,ko,0.778,,0.222,0
LE SSERAFIM,spillover,98,www.excelsior.com.mx,es,override,ko,ko,0.816,,0.184,0
aespa,loyalty,0,en.wikipedia.org,en,wiki,ko,ko,0.865,,0.135,0
aespa,loyalty,1,en.wikipedia.org,en,wiki,ko,ko,0.588,,0.412,0
aespa,loyalty,2,en.wikipedia.org,en,wiki,ko,ko,0.639,,0.361,0
aespa,loyalty,3,en.wikipedia.org,en,wiki,ko,ko,1.0,,0.0,0
aespa,loyalty,4,en.wikipedia.org,en,wiki,ko,ko,0.679,,0.321,0
aespa,loyalty,5,en.wikipedia.org,en,wiki,ko,ko,0.872,,0.128,0
aespa,loyalty,6,en.wikipedia.org,en,wiki,ko,ko,0.667,,0.333,0
aespa,loyalty,7,en.wikipedia.org,en,wiki,ko,ko,0.767,,0.233,0
aespa,loyalty,8,en.wikipedia.org,en,wiki,ko,ko,0.688,,0.312,0
aespa,loyalty,9,en.wikipedia.org,en,wiki,ko,ko,0.731,,0.269,0
aespa,loyalty,10,sportskeeda.com,en,override,latin,en,1.268,,1.0,1
aespa,loyalty,11,en.wikipedia.org,en,wiki,latin,en,1.245,,1.0,1
aespa,loyalty,12,en.wikipedia.org,en,wiki,latin,en,1.16,,1.0,1
aespa,loyalty,13,www.infobae.com,es,override,latin,en,1.027,,1.0,0
aespa,loyalty,14,www.infobae.com,es,override,latin,en,0.902,,1.0,0
aespa,loyalty,15,shop.weverse.io,en,default,ko,ko,0.883,,0.117,0
aespa,loyalty,16,www.smentertainment.com,ko,override,ko,ko,0.96,,0.04,1
aespa,loyalty,17,www.newdaily.co.kr,ko,tld,ko,ko,0.978,,0.022,1
aespa,loyalty,18,v.daum.net,ko,override,ko,ko,0.811,,0.189,1
aespa,loyalty,19,www.thairath.co.th,th,override,ko,ko,0.586,,0.414,0
aespa,loyalty,20,www.edaily.co.kr,ko,override,ko,ko,0.731,,0.269,1
aespa,loyalty,21,www.marieclairekorea.com,en,default,ko,ko,0.8,,0.2,0
aespa,loyalty,22,www.cosmopolitancn.com,en,default,ko,ko,0.857,,0.0,0
aespa,loyalty,23,www.wikitree.co.kr,ko,tld,ko,ko,0.893,,0.107,1
aespa,loyalty,24,www.allkpop.com,en,override,ko,ko,0.579,,0.421,0
aespa,loyalty,25,k.sina.cn,zh,tld,ko,ko,0.667,,0.263,0
aespa,loyalty,26,www.marieclairekorea.com,en,default,ko,ko,0.821,,0.179,0
aespa,loyalty,27,www.finetoday.com,en,default,ko,ko,0.875,,0.125,0
aespa,loyalty,28,natalie.mu,ja,override,ko,ko,0.821,,0.179,0
aespa,loyalty,29,koubo.jp,ja,tld,ko,ko,0.732,,0.268,0
aespa,loyalty,30,m.newsen.com,ko,override,ko,ko,0.974,,0.0,1
aespa,loyalty,31,stars.udn.com,zh,override,zh,zh,0.881,,0.119,1
aespa,loyalty,32,www.idntimes.com,id,override,latin,id,2.674,,1.0,1
aespa,loyalty,33,www.idntimes.com,id,override,latin,id,4.341,,1.0,1
aespa,loyalty,34,www.thairath.co.th,th,override,th,th,1.0,,0.0,1
aespa,loyalty,35,kenh14.vn,vi,override,latin,vi,1.0,,1.0,1
aespa,loyalty,36,v.daum.net,ko,override,ko,ko,0.92,,0.08,1
aespa,loyalty,37,www.smentertainment.com,ko,override,ko,ko,0.957,,0.043,1
aespa,loyalty,38,v.daum.net,ko,override,ko,ko,1.0,,0.0,1
aespa,loyalty,39,www.dailycc.net,en,default,ko,ko,1.0,,0.0,0
aespa,loyalty,40,pop.inquirer.net,tl,override,ko,ko,0.875,,0.125,0
aespa,loyalty,41,www.terra.com.br,pt,override,ko,ko,0.865,,0.135,0
aespa,loyalty,42,www.cnnbrasil.com.br,pt,override,ko,ko,0.897,,0.103,0
aespa,loyalty,43,billboard.com.br,pt,tld,ko,ko,0.96,,0.04,0
aespa,loyalty,44,culture.seoul.go.kr,ko,tld,ko,ko,1.0,,0.0,1
aespa,loyalty,45,www.onews.tv,en,default,ko,ko,0.984,,0.016,0
aespa,loyalty,46,www.smentertainment.com,ko,override,ko,ko,0.953,,0.047,1
aespa,loyalty,47,www.jds.fr,fr,tld,ko,ko,0.584,,0.416,0
aespa,loyalty,48,tieba.baidu.com,en,default,ko,ko,0.688,,0.208,0
aespa,loyalty,49,www.sina.cn,zh,tld,ko,ko,0.651,,0.0,0
aespa,loyalty,50,www.zhihu.com,en,default,ko,ko,0.824,,0.039,0
aespa,loyalty,51,www.riotimesonline.com,en,default,ko,ko,0.716,,0.284,0
aespa,loyalty,52,kpopna.com,en,default,ko,ko,0.663,,0.337,0
aespa,loyalty,53,elcomercio.pe,es,tld,ko,ko,0.778,,0.222,0
aespa,loyalty,54,www.cronica.com.mx,es,tld,ko,ko,0.775,,0.225,0
aespa,spillover,0,en.wikipedia.org,en,wiki,ko,ko,0.605,,0.395,0
aespa,spillover,1,en.wikipedia.org,en,wiki,ko,ko,0.872,,0.128,0
aespa,spillover,2,en.wikipedia.org,en,wiki,ko,ko,0.926,,0.074,0
aespa,spillover,3,en.wikipedia.org,en,wiki,ko,ko,1.0,,0.0,0
aespa,spillover,4,en.wikipedia.org,en,wiki,ko,ko,0.692,,0.308,0
aespa,spillover,5,en.wikipedia.org,en,wiki,ko,ko,1.0,,0.0,0
aespa,spillover,6,en.wikipedia.org,en,wiki,ko,ko,0.71,,0.29,0
aespa,spillover,7,en.wikipedia.org,en,wiki,ko,ko,0.649,,0.351,0
aespa,spillover,8,en.wikipedia.org,en,wiki,ko,ko,0.724,,0.276,0
aespa,spillover,9,en.wikipedia.org,en,wiki,ko,ko,0.895,,0.105,0
aespa,spillover,10,en.wikipedia.org,en,wiki,latin,en,1.036,,1.0,1
aespa,spillover,11,en.wikipedia.org,en,wiki,latin,en,1.007,,1.0,1
aespa,spillover,12,en.wikipedia.org,en,wiki,latin,en,1.414,,1.0,1
aespa,spillover,13,en.wikipedia.org,en,wiki,latin,en,0.971,,1.0,1
aespa,spillover,14,en.wikipedia.org,en,wiki,latin,en,1.119,,1.0,1
aespa,spillover,15,www.koreajoongangdaily.com,en,default,latin,en,1.193,,1.0,1
aespa,spillover,16,en.wikipedia.org,en,wiki,latin,en,1.015,,1.0,1
aespa,spillover,17,natalie.mu,ja,override,latin,en,1.242,,1.0,0
aespa,spillover,18,www.infobae.com,es,override,latin,en,1.123,,1.0,0
aespa,spillover,19,www.infobae.com,es,override,latin,en,1.193,,1.0,0
aespa,spillover,20,www.infobae.com,es,override,latin,en,1.148,,1.0,0
aespa,spillover,21,www.infobae.com,es,override,latin,en,0.815,,1.0,0
aespa,spillover,22,www.infobae.com,es,override,latin,en,0.878,,1.0,0
aespa,spillover,23,www.marieclairekorea.com,en,default,ko,ko,0.853,,0.147,0
aespa,spillover,24,www.mdtoday.co.kr,ko,tld,ko,ko,0.984,,0.016,1
aespa,spillover,25,www.cosinkorea.com,en,default,ko,ko,1.0,,0.0,0
aespa,spillover,26,www.hankookilbo.com,ko,override,ko,ko,0.969,,0.031,1
aespa,spillover,27,m.tribunnews.com,id,override,ko,ko,0.686,,0.314,0
aespa,spillover,28,en.wikipedia.org,en,wiki,ko,ko,0.677,,0.323,0
aespa,spillover,29,www.kpopstarz.com,en,default,latin,en,0.619,,0.722,1
aespa,spillover,30,news.mynavi.jp,ja,tld,ko,ko,0.872,,0.128,0
aespa,spillover,31,www.musicvoice.jp,ja,tld,ko,ko,1.0,,0.0,0
aespa,spillover,32,www.twig24.com,ko,override,ko,ko,1.0,,0.0,1
aespa,spillover,33,oneseoulph.com,en,default,ko,ko,1.0,,0.0,0
aespa,spillover,34,oneseoulph.com,en,default,ko,ko,0.72,,0.28,0
aespa,spillover,35,x.com,en,override,ko,ko,1.0,,0.0,0
aespa,spillover,36,www.thairath.co.th,th,override,th,th,1.0,,0.0,1
aespa,spillover,37,kenh14.vn,vi,override,latin,vi,1.0,,1.0,1
aespa,spillover,38,www.starnewskorea.com,en,override,ko,ko,0.989,,0.011,0
aespa,spillover,39,www.indinews.co.kr,ko,tld,ko,ko,1.0,,0.0,1
aespa,spillover,40,news.nate.com,ko,override,ko,ko,1.0,,0.0,1
aespa,spillover,41,www.mt.co.kr,ko,override,ko,ko,1.0,,0.0,1
aespa,spillover,42,namu.wiki,ko,override,ko,ko,0.783,,0.217,1
aespa,spillover,43,namu.wiki,ko,override,ko,ko,1.0,,0.0,1
aespa,spillover,44,namu.wiki,ko,override,ko,ko,0.714,,0.286,1
aespa,spillover,45,www.philstar.com,tl,override,ko,ko,0.694,,0.306,0
aespa,spillover,46,namu.wiki,ko,override,latin,en,0.556,,0.589,0
aespa,spillover,47,namu.wiki,ko,override,ko,ko,0.875,,0.125,1
aespa,spillover,48,www.sedaily.com,ko,override,ko,ko,0.721,,0.279,1
aespa,spillover,49,namu.wiki,ko,override,ko,ko,0.696,,0.304,1
aespa,spillover,50,namu.wiki,ko,override,ko,ko,0.812,,0.188,1
aespa,spillover,51,namu.wiki,ko,override,ko,ko,0.707,,0.122,1
aespa,spillover,52,namu.wiki,ko,override,ko,ko,0.649,,0.351,1
aespa,spillover,53,namu.wiki,ko,override,ko,ko,0.66,,0.298,1
aespa,spillover,54,namu.wiki,ko,override,ko,ko,0.731,,0.269,1
aespa,spillover,55,namu.wiki,ko,override,ko,ko,0.902,,0.098,1
aespa,spillover,56,www.fnnews.com,ko,override,ko,ko,0.967,,0.033,1
aespa,spillover,57,view.asiae.co.kr,ko,tld,ko,ko,0.987,,0.013,1
aespa,spillover,58,www.glsaem.co.kr,ko,tld,ko,ko,1.0,,0.0,1
aespa,spillover,59,www.korezin.com,en,default,ko,ko,0.809,,0.191,0
aespa,spillover,60,www.edaily.co.kr,ko,override,ko,ko,1.0,,0.0,1
aespa,spillover,61,www.hankookilbo.com,ko,override,ko,ko,1.0,,0.0,1
aespa,spillover,62,namu.wiki,ko,override,ko,ko,0.946,,0.054,1
aespa,spillover,63,namu.wiki,ko,override,ko,ko,0.805,,0.195,1
aespa,spillover,64,namu.wiki,ko,override,ko,ko,0.853,,0.147,1
aespa,spillover,65,namu.wiki,ko,override,ko,ko,1.0,,0.0,1
aespa,spillover,66,namu.wiki,ko,override,ko,ko,0.816,,0.184,1
aespa,spillover,67,namu.wiki,ko,override,ko,ko,0.862,,0.138,1
aespa,spillover,68,namu.wiki,ko,override,ko,ko,1.0,,0.0,1
aespa,spillover,69,www.the-pr.co.kr,ko,tld,ko,ko,1.0,,0.0,1
aespa,spillover,70,namu.wiki,ko,override,ko,ko,0.614,,0.386,1
aespa,spillover,71,namu.wiki,ko,override,ko,ko,0.566,,0.434,1
aespa,spillover,72,namu.wiki,ko,override,ko,ko,0.833,,0.167,1
aespa,spillover,73,namu.wiki,ko,override,ko,ko,0.868,,0.132,1
aespa,spillover,74,namu.wiki,ko,override,ko,ko,0.805,,0.195,1
aespa,spillover,75,namu.wiki,ko,override,ko,ko,0.722,,0.278,1
aespa,spillover,76,namu.wiki,ko,override,ko,ko,0.808,,0.192,1
aespa,spillover,77,namu.wiki,ko,override,ko,ko,0.815,,0.185,1
aespa,spillover,78,namu.wiki,ko,override,ko,ko,0.667,,0.333,1
aespa,spillover,79,namu.wiki,ko,override,ko,ko,0.565,,0.435,1
aespa,spillover,80,namu.wiki,ko,override,ko,ko,0.596,,0.404,1
aespa,spillover,81,namu.wiki,ko,override,ko,ko,0.833,,0.167,1
aespa,spillover,82,namu.wiki,ko,override,ko,ko,0.884,,0.116,1
aespa,spillover,83,namu.wiki,ko,override,ko,ko,0.792,,0.208,1
aespa,spillover,84,namu.wiki,ko,override,ko,ko,0.888,,0.112,1
aespa,spillover,85,www.marieclairekorea.com,en,default,ko,ko,0.661,,0.339,0
aespa,spillover,86,www.brandbrief.co.kr,ko,tld,ko,ko,0.814,,0.186,1
aespa,spillover,87,www.cosinkorea.com,en,default,ko,ko,0.806,,0.194,0
aespa,spillover,88,www.marieclairekorea.com,en,default,ko,ko,0.87,,0.13,0
aespa,spillover,89,fashionseoul.com,en,default,ko,ko,0.571,,0.429,0
aespa,spillover,90,m.newspim.com,en,default,ko,ko,0.714,,0.286,0
aespa,spillover,91,www.beyondpost.co.kr,ko,tld,ko,ko,0.903,,0.097,1
aespa,spillover,92,star.ettoday.net,zh,override,ko,ko,0.691,,0.176,0
aespa,spillover,93,www.hk01.com,zh,override,ko,ko,0.6,,0.2,0
aespa,spillover,94,www.sina.cn,zh,tld,ko,ko,0.597,,0.239,0
aespa,spillover,95,k.sina.com.cn,zh,override,ko,ko,0.876,,0.0,0
aespa,spillover,96,m.thepaper.cn,zh,tld,ko,ko,0.685,,0.0,0
aespa,spillover,97,www.sina.cn,zh,tld,ko,ko,0.64,,0.044,0
aespa,spillover,98,www.officialcharts.com,en,default,latin,en,0.947,,0.635,1
aespa,spillover,99,musicfeeds.com.au,en,default,ko,ko,0.536,,0.464,0
aespa,spillover,100,au.rollingstone.com,en,default,ko,ko,0.673,,0.327,0
aespa,spillover,101,blog.delivered.co.kr,ko,tld,ko,ko,0.681,,0.319,1
aespa,spillover,102,www.biobiochile.cl,es,tld,ko,ko,0.597,,0.403,0
프로미스나인,loyalty,0,en.wikipedia.org,en,wiki,ko,ko,0.5,,0.5,0
프로미스나인,loyalty,1,en.wikipedia.org,en,wiki,ko,ko,0.618,,0.382,0
프로미스나인,loyalty,2,en.wikipedia.org,en,wiki,ko,ko,1.0,,0.0,0
프로미스나인,loyalty,3,en.wikipedia.org,en,wiki,ko,ko,0.682,,0.318,0
프로미스나인,loyalty,4,en.wikipedia.org,en,wiki,ko,ko,0.732,,0.268,0
프로미스나인,loyalty,5,en.wikipedia.org,en,wiki,ko,ko,1.0,,0.0,0
프로미스나인,loyalty,6,en.wikipedia.org,en,wiki,ko,ko,1.0,,0.0,0
프로미스나인,loyalty,7,en.wikipedia.org,en,wiki,ko,ko,0.519,,0.481,0
프로미스나인,loyalty,8,en.wikipedia.org,en,wiki,ko,ko,0.5,,0.5,0
프로미스나인,loyalty,9,en.wikipedia.org,en,wiki,latin,en,1.386,,1.0,1
프로미스나인,loyalty,10,www.allkpop.com,en,override,latin,en,0.942,,1.0,1
프로미스나인,loyalty,11,en.wikipedia.org,en,wiki,latin,en,0.824,,1.0,1
프로미스나인,loyalty,12,www.asiaartistawards.com,en,default,ko,ko,0.741,,0.259,0
프로미스나인,loyalty,13,www.asiaartistawards.com,en,default,ko,ko,0.968,,0.032,0
프로미스나인,loyalty,14,www.idntimes.com,id,override,ko,ko,0.789,,0.211,0
프로미스나인,loyalty,15,www.idntimes.com,id,override,ko,ko,0.833,,0.167,0
프로미스나인,loyalty,16,www.yesasia.ru,ru,override,ko,ko,0.878,,0.122,0
프로미스나인,loyalty,17,daymakercreatives.kktix.cc,en,default,latin,en,0.51,,0.69,1
프로미스나인,loyalty,18,www.billboard-japan.com,ja,override,ko,ko,0.8,,0.2,0
프로미스나인,loyalty,19,natalie.mu,ja,override,ko,ko,0.812,,0.188,0
프로미스나인,loyalty,20,www.idntimes.com,id,override,ko,ko,0.8,,0.2,0
프로미스나인,loyalty,21,www.yesasia.ru,ru,override,ko,ko,0.69,,0.31,0
프로미스나인,loyalty,22,www.yesasia.ru,ru,override,ko,ko,0.727,,0.273,0
프로미스나인,loyalty,23,www.newsis.com,ko,override,ko,ko,1.0,,0.0,1
프로미스나인,loyalty,24,sports.khan.co.kr,ko,override,ko,ko,1.0,,0.0,1
프로미스나인,loyalty,25,sports.khan.co.kr,ko,override,ko,ko,1.0,,0.0,1
프로미스나인,loyalty,26,www.joongangenews.com,en,default,ko,ko,1.0,,0.0,0
프로미스나인,loyalty,27,sports.khan.co.kr,ko,override,ko,ko,0.712,,0.288,1
프로미스나인,loyalty,28,bbs.ruliweb.com,en,default,ko,ko,1.0,,0.0,0
프로미스나인,loyalty,29,www.douban.com,zh,override,ko,ko,0.75,,0.115,0
프로미스나인,loyalty,30,card.weibo.com,zh,override,ko,ko,0.815,,0.092,0
프로미스나인,loyalty,31,kpopna.com,en,default,ko,ko,0.705,,0.295,0
프로미스나인,loyalty,32,www.oppa.fr,fr,tld,ko,ko,0.851,,0.149,0
프로미스나인,loyalty,33,kpopnews.fr,fr,tld,ko,ko,0.802,,0.198,0
프로미스나인,spillover,0,en.wikipedia.org,en,wiki,ko,ko,1.0,,0.0,0
프로미스나인,spillover,1,en.wikipedia.org,en,wiki,ko,ko,0.75,,0.25,0
프로미스나인,spillover,2,en.wikipedia.org,en,wiki,ko,ko,1.0,,0.0,0
프로미스나인,spillover,3,en.wikipedia.org,en,wiki,ko,ko,0.815,,0.185,0
프로미스나인,spillover,4,en.wikipedia.org,en,wiki,ko,ko,0.893,,0.107,0
프로미스나인,spillover,5,en.wikipedia.org,en,wiki,ko,ko,0.64,,0.36,0
프로미스나인,spillover,6,en.wikipedia.org,en,wiki,ko,ko,0.6,,0.4,0
프로미스나인,spillover,7,en.wikipedia.org,en,wiki,latin,en,1.257,,0.517,1
프로미스나인,spillover,8,en.wikipedia.org,en,wiki,ko,ko,0.893,,0.107,0
프로미스나인,spillover,9,en.wikipedia.org,en,wiki,ko,ko,0.6,,0.4,0
프로미스나인,spillover,10,en.wikipedia.org,en,wiki,latin,en,1.445,,1.0,1
프로미스나인,spillover,11,en.wikipedia.org,en,wiki,latin,en,1.254,,1.0,1
프로미스나인,spillover,12,en.wikipedia.org,en,wiki,latin,en,1.35,,1.0,1
프로미스나인,spillover,13,www.cosinkorea.com,en,default,ko,ko,0.812,,0.188,0
프로미스나인,spillover,14,koreajoongangdaily.joins.com,en,override,ko,ko,0.676,,0.324,0
프로미스나인,spillover,15,www.allkpop.com,en,override,latin,en,1.409,,1.0,1
프로미스나인,spillover,16,www.oricon.co.jp,ja,tld,latin,en,1.2,,0.937,0
프로미스나인,spillover,17,www.infobae.com,es,override,latin,en,1.2,,0.966,0
프로미스나인,spillover,18,www.asiaartistawards.com,en,default,ko,ko,1.0,,0.0,0
프로미스나인,spillover,19,namu.wiki,ko,override,ko,ko,1.0,,0.0,1
프로미스나인,spillover,20,en.wikipedia.org,en,wiki,latin,en,1.1,,0.545,1
프로미스나인,spillover,21,kpopping.com,en,default,ko,ko,0.569,,0.431,0
프로미스나인,spillover,22,www.infobae.com,es,override,latin,en,0.318,,0.543,0
프로미스나인,spillover,23,exitoina.perfil.com,en,default,ko,ko,0.506,,0.494,0
프로미스나인,spillover,24,www.newsis.com,ko,override,ko,ko,0.922,,0.078,1
프로미스나인,spillover,25,www.esquirekorea.co.kr,ko,tld,ko,ko,0.955,,0.045,1
프로미스나인,spillover,26,sports.khan.co.kr,ko,override,ko,ko,0.978,,0.022,1
프로미스나인,spillover,27,sports.khan.co.kr,ko,override,ko,ko,1.0,,0.0,1
프로미스나인,spillover,28,sports.khan.co.kr,ko,override,ko,ko,1.0,,0.0,1
프로미스나인,spillover,29,www.starnewskorea.com,en,override,ko,ko,1.0,,0.0,0
프로미스나인,spillover,30,www.idntimes.com,id,override,ko,ko,0.63,,0.37,0
프로미스나인,spillover,31,musicstation.kapook.com,th,override,ko,ko,0.6,,0.4,0
프로미스나인,spillover,32,v.daum.net,ko,override,ko,ko,1.0,,0.0,1
프로미스나인,spillover,33,v.daum.net,ko,override,ko,ko,1.0,,0.0,1
프로미스나인,spillover,34,mb.com.ph,tl,override,ko,ko,0.561,,0.439,0
프로미스나인,spillover,35,v.daum.net,ko,override,ko,ko,0.747,,0.253,1
프로미스나인,spillover,36,korepo.com,en,default,ko,ko,0.898,,0.102,0
프로미스나인,spillover,37,v.daum.net,ko,override,ko,ko,0.938,,0.062,1
프로미스나인,spillover,38,v.daum.net,ko,override,ko,ko,0.955,,0.045,1
프로미스나인,spillover,39,www.chosun.com,ko,override,ko,ko,0.831,,0.169,1
프로미스나인,spillover,40,namu.wiki,ko,override,ko,ko,1.0,,0.0,1
프로미스나인,spillover,41,blog.delivered.co.kr,ko,tld,ko,ko,0.667,,0.333,1
프로미스나인,spillover,42,www.marieclairekorea.com,en,default,ko,ko,0.914,,0.086,0
프로미스나인,spillover,43,www.slist.kr,ko,tld,ko,ko,0.957,,0.043,1
프로미스나인,spillover,44,theviewers.co.kr,ko,tld,ko,ko,0.87,,0.13,1
프로미스나인,spillover,45,namu.wiki,ko,override,ko,ko,0.957,,0.043,1
프로미스나인,spillover,46,namu.wiki,ko,override,ko,ko,0.864,,0.136,1
프로미스나인,spillover,47,namu.wiki,ko,override,ko,ko,1.0,,0.0,1
프로미스나인,spillover,48,www.newscj.com,en,default,ko,ko,0.953,,0.047,0
프로미스나인,spillover,49,namu.wiki,ko,override,ko,ko,1.0,,0.0,1
프로미스나인,spillover,50,sports.khan.co.kr,ko,override,ko,ko,0.951,,0.049,1
프로미스나인,spillover,51,star.ettoday.net,zh,override,ko,ko,0.451,,0.255,0
프로미스나인,spillover,52,stars.udn.com,zh,override,ko,ko,0.745,,0.191,0
프로미스나인,spillover,53,arakpop.com,en,default,ko,ko,0.671,,0.329,0
프로미스나인,spillover,54,larepublica.pe,es,override,ko,ko,0.825,,0.175,0
A-pink,loyalty,0,en.wikipedia.org,en,wiki,ko,ko,1.0,,0.0,0
A-pink,loyalty,1,en.wikipedia.org,en,wiki,ko,ko,0.6,,0.4,0
A-pink,loyalty,2,en.wikipedia.org,en,wiki,ko,ko,0.78,,0.22,0
A-pink,loyalty,3,en.wikipedia.org,en,wiki,ko,ko,0.932,,0.068,0
A-pink,loyalty,4,en.wikipedia.org,en,wiki,ko,ko,0.795,,0.205,0
A-pink,loyalty,5,en.wikipedia.org,en,wiki,ko,ko,1.0,,0.0,0
A-pink,loyalty,6,en.wikipedia.org,en,wiki,ko,ko,0.657,,0.343,0
A-pink,loyalty,7,en.wikipedia.org,en,wiki,ko,ko,1.0,,0.0,0
A-pink,loyalty,8,en.wikipedia.org,en,wiki,ko,ko,1.0,,0.0,0
A-pink,loyalty,9,en.wikipedia.org,en,wiki,ko,ko,1.0,,0.0,0
A-pink,loyalty,10,en.wikipedia.org,en,wiki,latin,en,1.044,,1.0,1
A-pink,loyalty,11,en.wikipedia.org,en,wiki,latin,en,1.073,,1.0,1
A-pink,loyalty,12,en.wikipedia.org,en,wiki,latin,en,1.332,,1.0,1
A-pink,loyalty,13,www.kpopherald.com,en,default,ko,ko,1.0,,0.0,0
A-pink,loyalty,14,www.allkpop.com,en,override,ko,ko,0.72,,0.28,0
A-pink,loyalty,15,v.daum.net,ko,override,ko,ko,1.0,,0.0,1
A-pink,loyalty,16,www.manilaconcertjunkies.com,en,default,ko,ko,0.827,,0.173,0
A-pink,loyalty,17,korepo.com,en,default,ja,ja,0.678,,0.0,0
A-pink,loyalty,18,natalie.mu,ja,override,ko,ko,0.828,,0.172,0
A-pink,loyalty,19,www.oricon.co.jp,ja,tld,ko,ko,0.833,,0.167,0
A-pink,loyalty,20,www.hk01.com,zh,override,ko,ko,0.708,,0.292,0
A-pink,loyalty,21,hot.detik.com,id,override,ko,ko,0.8,,0.2,0
A-pink,loyalty,22,jatim.tribunnews.com,id,override,ko,ko,0.815,,0.185,0
A-pink,loyalty,23,www.detik.com,id,override,ko,ko,0.8,,0.2,0
A-pink,loyalty,24,www.idntimes.com,id,override,ko,ko,0.839,,0.161,0
A-pink,loyalty,25,www.sanook.com,th,override,ko,ko,0.839,,0.161,0
A-pink,loyalty,26,www.sanook.com,th,override,ko,ko,0.815,,0.185,0
A-pink,loyalty,27,musicstation.kapook.com,th,override,latin,en,0.22,,0.784,0
A-pink,loyalty,28,musicstation.kapook.com,th,override,latin,en,0.004,,0.805,0
A-pink,loyalty,29,www.sedaily.com,ko,override,ko,ko,1.0,,0.0,1
A-pink,loyalty,30,namu.wiki,ko,override,ko,ko,0.68,,0.32,1
A-pink,loyalty,31,www.gmanetwork.com,tl,override,ko,ko,0.775,,0.225,0
A-pink,loyalty,32,www.spotvnews.co.kr,ko,tld,ko,ko,1.0,,0.0,1
A-pink,loyalty,33,purme.org,en,default,ko,ko,0.878,,0.122,0
A-pink,loyalty,34,www.sina.cn,zh,tld,ko,ko,0.65,,0.183,0
A-pink,spillover,0,en.wikipedia.org,en,wiki,ko,ko,0.914,,0.086,0
A-pink,spillover,1,en.wikipedia.org,en,wiki,ko,ko,1.0,,0.0,0
A-pink,spillover,2,en.wikipedia.org,en,wiki,ko,ko,1.0,,0.0,0
A-pink,spillover,3,en.wikipedia.org,en,wiki,ko,ko,0.64,,0.36,0
A-pink,spillover,4,en.wikipedia.org,en,wiki,ko,ko,0.714,,0.286,0
A-pink,spillover,5,en.wikipedia.org,en,wiki,ko,ko,1.0,,0.0,0
A-pink,spillover,6,en.wikipedia.org,en,wiki,latin,en,1.168,,1.0,1
A-pink,spillover,7,en.wikipedia.org,en,wiki,latin,en,0.782,,1.0,1
A-pink,spillover,8,kbizoom.com,ko,override,latin,en,1.053,,1.0,0
A-pink,spillover,9,mwave.interest.me,en,default,ko,ko,0.787,,0.213,0
A-pink,spillover,10,kavenyou.com,en,default,latin,en,1.085,,1.0,1
A-pink,spillover,11,www.oricon.co.jp,ja,tld,latin,en,1.275,,1.0,0
A-pink,spillover,12,v.daum.net,ko,override,ko,ko,0.729,,0.271,1
A-pink,spillover,13,www.manilaconcertjunkies.com,en,default,ko,ko,0.979,,0.021,0
A-pink,spillover,14,kenh14.vn,vi,override,ko,ko,0.898,,0.102,0
A-pink,spillover,15,hugs.fnnews.com,ko,override,ko,ko,0.826,,0.174,1
A-pink,spillover,16,ko.wikipedia.org,ko,wiki,ko,ko,0.529,,0.471,1
A-pink,spillover,17,sports.khan.co.kr,ko,override,ko,ko,1.0,,0.0,1
A-pink,spillover,18,www.marieclaire.com.tw,zh,tld,ko,ko,0.506,,0.112,0
A-pink,spillover,19,www.topstarnews.net,ko,override,ko,ko,0.974,,0.026,1
A-pink,spillover,20,www.fnnews.com,ko,override,ko,ko,0.932,,0.068,1
A-pink,spillover,21,enews.imbc.com,en,default,ko,ko,0.956,,0.044,0
A-pink,spillover,22,www.etnews.com,en,default,ko,ko,1.0,,0.0,0
A-pink,spillover,23,www.kihoilbo.co.kr,ko,tld,ko,ko,1.0,,0.0,1
A-pink,spillover,24,namu.wiki,ko,override,ko,ko,0.593,,0.407,1
A-pink,spillover,25,www.rappler.com,tl,override,ko,ko,0.514,,0.486,0
A-pink,spillover,26,namu.wiki,ko,override,ko,ko,0.826,,0.174,1
A-pink,spillover,27,news.tf.co.kr,ko,tld,ko,ko,0.935,,0.065,1
A-pink,spillover,28,v.daum.net,ko,override,ko,ko,0.922,,0.078,1
A-pink,spillover,29,v.daum.net,ko,override,ko,ko,0.952,,0.048,1
A-pink,spillover,30,blog.naver.com,en,default,ko,ko,0.618,,0.382,0
A-pink,spillover,31,www.topstarnews.net,ko,override,ko,ko,0.892,,0.108,1
A-pink,spillover,32,ko.wikipedia.org,ko,wiki,ko,ko,1.0,,0.0,1
A-pink,spillover,33,ko.wikipedia.org,ko,wiki,ko,ko,1.0,,0.0,1
A-pink,spillover,34,ko.wikipedia.org,ko,wiki,ko,ko,1.0,,0.0,1
A-pink,spillover,35,biz.heraldcorp.com,ko,override,ko,ko,1.0,,0.0,1
A-pink,spillover,36,www.korezin.com,en,default,ko,ko,0.772,,0.228,0
A-pink,spillover,37,www.chosun.com,ko,override,ko,ko,0.827,,0.173,1
A-pink,spillover,38,namu.wiki,ko,override,ko,ko,0.657,,0.343,1
A-pink,spillover,39,namu.wiki,ko,override,ko,ko,0.758,,0.242,1
A-pink,spillover,40,namu.wiki,ko,override,ko,ko,0.581,,0.419,1
A-pink,spillover,41,namu.wiki,ko,override,ko,ko,0.86,,0.14,1
A-pink,spillover,42,namu.wiki,ko,override,ko,ko,0.583,,0.417,1
A-pink,spillover,43,namu.wiki,ko,override,ko,ko,0.848,,0.152,1
A-pink,spillover,44,namu.wiki,ko,override,ko,ko,0.853,,0.147,1
A-pink,spillover,45,namu.wiki,ko,override,ko,ko,0.829,,0.171,1
A-pink,spillover,46,namu.wiki,ko,override,ko,ko,0.947,,0.053,1
A-pink,spillover,47,namu.wiki,ko,override,ko,ko,1.0,,0.0,1
A-pink,spillover,48,ctinews.com,en,default,ko,ko,0.931,,0.0,0
A-pink,spillover,49,ent.ltn.com.tw,zh,override,ko,ko,0.697,,0.25,0
A-pink,spillover,50,v.daum.net,ko,override,ko,ko,0.958,,0.042,1
A-pink,spillover,51,www.hankookilbo.com,ko,override,ko,ko,1.0,,0.0,1
A-pink,spillover,52,v.daum.net,ko,override,ko,ko,0.93,,0.07,1
A-pink,spillover,53,www.xportsnews.com,ko,override,ko,ko,1.0,,0.0,1
A-pink,spillover,54,sports.ettoday.net,zh,override,ko,ko,0.641,,0.188,0
A-pink,spillover,55,www.hk01.com,zh,override,ko,ko,0.714,,0.089,0
A-pink,spillover,56,www.163.com,zh,override,ko,ko,0.469,,0.265,0
A-pink,spillover,57,kpopna.com,en,default,ko,ko,0.547,,0.453,0
A-pink,spillover,58,kpop-france.com,en,default,ko,ko,0.756,,0.244,0
A-pink,spillover,59,www.bloglabanana.com,en,default,ko,ko,0.9,,0.1,0
QWER,loyalty,0,wvzine.com,en,default,ko,ko,1.0,,0.0,0
QWER,loyalty,1,www.newsis.com,ko,override,ko,ko,1.0,,0.0,1
QWER,loyalty,2,sports.khan.co.kr,ko,override,ko,ko,1.0,,0.0,1
QWER,loyalty,3,www.starnewskorea.com,en,override,ko,ko,0.786,,0.214,0
QWER,loyalty,4,v.daum.net,ko,override,ko,ko,1.0,,0.0,1
QWER,loyalty,5,en.wikipedia.org,en,wiki,latin,en,1.098,,0.603,1
QWER,loyalty,6,en.wikipedia.org,en,wiki,latin,en,1.52,,0.681,1
QWER,loyalty,7,en.wikipedia.org,en,wiki,ko,ko,0.724,,0.276,0
QWER,loyalty,8,en.wikipedia.org,en,wiki,ko,ko,0.643,,0.357,0
QWER,loyalty,9,en.wikipedia.org,en,wiki,ko,ko,0.654,,0.346,0
QWER,loyalty,10,en.wikipedia.org,en,wiki,latin,en,1.287,,0.973,1
QWER,loyalty,11,en.wikipedia.org,en,wiki,latin,en,1.309,,1.0,1
QWER,loyalty,12,en.wikipedia.org,en,wiki,latin,en,1.246,,1.0,1
QWER,loyalty,13,namu.wiki,ko,override,ko,ko,0.771,,0.229,1
QWER,loyalty,14,wvzine.com,en,default,ko,ko,0.882,,0.118,0
QWER,loyalty,15,www.detik.com,id,override,ko,ko,0.766,,0.234,0
QWER,loyalty,16,www.detik.com,id,override,ko,ko,0.763,,0.237,0
QWER,loyalty,17,udn.com,zh,override,ko,ko,0.661,,0.339,0
QWER,loyalty,18,www.hk01.com,zh,override,ko,ko,0.886,,0.114,0
QWER,loyalty,19,www.newsis.com,ko,override,ko,ko,0.931,,0.069,1
QWER,loyalty,20,www.news1.kr,ko,override,ko,ko,0.945,,0.055,1
QWER,loyalty,21,sports.khan.co.kr,ko,override,ko,ko,0.622,,0.378,1
QWER,loyalty,22,www.marieclaire.com.tw,zh,tld,ko,ko,0.7,,0.3,0
QWER,loyalty,23,www.mirrormedia.mg,zh,tld,ko,ko,0.561,,0.366,0
QWER,loyalty,24,tw.news.yahoo.com,en,default,ko,ko,0.485,,0.394,0
QWER,loyalty,25,www.idntimes.com,id,override,ko,ko,0.605,,0.395,0
QWER,loyalty,26,www.thestar.com.my,en,override,ko,ko,0.667,,0.333,0
QWER,loyalty,27,www.yesasia.ru,ru,override,ko,ko,0.702,,0.298,0
QWER,loyalty,28,www.k-world.fr,fr,override,ko,ko,0.714,,0.286,0
QWER,loyalty,29,namu.wiki,ko,override,ko,ko,0.875,,0.125,1
QWER,loyalty,30,www.mhns.co.kr,ko,override,ko,ko,0.945,,0.055,1
QWER,loyalty,31,v.daum.net,ko,override,ko,ko,0.927,,0.073,1
QWER,loyalty,32,v.daum.net,ko,override,ko,ko,0.935,,0.065,1
QWER,loyalty,33,v.daum.net,ko,override,ko,ko,0.901,,0.099,1
QWER,loyalty,34,m.tf.co.kr,ko,tld,ko,ko,0.919,,0.081,1
QWER,loyalty,35,isplus.com,ko,override,ko,ko,0.895,,0.105,1
QWER,loyalty,36,www.sina.cn,zh,tld,ko,ko,0.735,,0.204,0
QWER,loyalty,37,weibo.com,zh,override,ko,ko,0.704,,0.148,0
QWER,loyalty,38,www.youtube.com,en,override,ko,ko,0.869,,0.131,0
QWER,spillover,0,www.asiatime.co.kr,ko,tld,ko,ko,1.0,,0.0,1
QWER,spillover,1,www.threads.com,en,override,ko,ko,0.833,,0.167,0
QWER,spillover,2,namu.wiki,ko,override,ko,ko,0.842,,0.158,1
QWER,spillover,3,en.wikipedia.org,en,wiki,ko,ko,0.72,,0.28,0
QWER,spillover,4,en.wikipedia.org,en,wiki,latin,en,0.597,,0.594,1
QWER,spillover,5,en.wikipedia.org,en,wiki,ko,ko,0.947,,0.053,0
QWER,spillover,6,www.seoulvibes.net,en,default,latin,en,1.224,,1.0,1
QWER,spillover,7,snkrdunk.com,en,default,latin,en,1.093,,1.0,1
QWER,spillover,8,en.drx.gg,en,default,latin,en,0.856,,1.0,1
QWER,spillover,9,en.wikipedia.org,en,wiki,latin,en,1.098,,1.0,1
QWER,spillover,10,circlechart.kr,ko,tld,ko,ko,0.667,,0.333,1
QWER,spillover,11,circlechart.kr,ko,tld,latin,en,1.33,,0.61,0
QWER,spillover,12,www.tenasia.com,en,default,latin,en,1.034,,1.0,1
QWER,spillover,13,www.allkpop.com,en,override,latin,en,1.213,,1.0,1
QWER,spillover,14,namu.wiki,ko,override,ko,ko,0.927,,0.073,1
QWER,spillover,15,v.daum.net,ko,override,ko,ko,0.956,,0.044,1
QWER,spillover,16,namu.wiki,ko,override,ko,ko,0.653,,0.347,1
QWER,spillover,17,www.detik.com,id,override,ko,ko,0.574,,0.426,0
QWER,spillover,18,sports.khan.co.kr,ko,override,ko,ko,0.935,,0.065,1
QWER,spillover,19,en.wikipedia.org,en,wiki,latin,en,1.387,,0.664,1
QWER,spillover,20,en.wikipedia.org,en,wiki,ko,ko,0.529,,0.471,0
QWER,spillover,21,www.hk01.com,zh,override,ko,ko,1.0,,0.0,0
QWER,spillover,22,www.yesasia.ru,ru,override,ko,ko,0.593,,0.407,0
QWER,spillover,23,udn.com,zh,override,ko,ko,0.862,,0.138,0
QWER,spillover,24,www.hdhy.co.kr,ko,tld,ko,ko,0.906,,0.094,1
QWER,spillover,25,news.yahoo.co.jp,ja,tld,ko,ko,0.605,,0.395,0
QWER,spillover,26,news.yahoo.co.jp,ja,tld,ko,ko,0.72,,0.28,0
QWER,spillover,27,musicstation.kapook.com,th,override,ko,ko,0.862,,0.138,0
QWER,spillover,28,namu.wiki,ko,override,ko,ko,0.886,,0.114,1
QWER,spillover,29,en.wikipedia.org,en,wiki,ko,ko,0.934,,0.066,0
QWER,spillover,30,en.wikipedia.org,en,wiki,ko,ko,0.922,,0.078,0
QWER,spillover,31,en.wikipedia.org,en,wiki,ko,ko,0.606,,0.394,0
QWER,spillover,32,en.wikipedia.org,en,wiki,ko,ko,0.571,,0.429,0
QWER,spillover,33,vling.net,en,default,ko,ko,0.871,,0.129,0
QWER,spillover,34,www.sedaily.com,ko,override,ko,ko,0.867,,0.133,1
QWER,spillover,35,namu.wiki,ko,override,ko,ko,0.705,,0.295,1
QWER,spillover,36,namu.wiki,ko,override,ko,ko,0.683,,0.317,1
QWER,spillover,37,www.newstopkorea.com,en,default,ko,ko,0.784,,0.216,0
QWER,spillover,38,www.seoul.co.kr,ko,tld,ko,ko,0.913,,0.087,1
QWER,spillover,39,namu.wiki,ko,override,ko,ko,0.867,,0.133,1
QWER,spillover,40,namu.wiki,ko,override,ko,ko,0.892,,0.108,1
QWER,spillover,41,namu.wiki,ko,override,ko,ko,0.867,,0.133,1
QWER,spillover,42,namu.wiki,ko,override,ko,ko,0.739,,0.261,1
QWER,spillover,43,namu.wiki,ko,override,ko,ko,0.897,,0.103,1
QWER,spillover,44,namu.wiki,ko,override,ko,ko,0.68,,0.32,1
QWER,spillover,45,namu.wiki,ko,override,ko,ko,0.846,,0.154,1
QWER,spillover,46,namu.wiki,ko,override,latin,en,0.005,,0.556,0
QWER,spillover,47,namu.wiki,ko,override,ko,ko,0.867,,0.133,1
QWER,spillover,48,namu.wiki,ko,override,ko,ko,0.862,,0.138,1
QWER,spillover,49,namu.wiki,ko,override,ko,ko,0.56,,0.44,1
QWER,spillover,50,namu.wiki,ko,override,ko,ko,0.56,,0.44,1
QWER,spillover,51,www.ftnn.com.tw,zh,tld,ko,ko,0.79,,0.111,0
QWER,spillover,52,www.asiaartistawards.com,en,default,ko,ko,0.915,,0.085,0
QWER,spillover,53,www.cbci.co.kr,ko,tld,ko,ko,0.811,,0.189,1
QWER,spillover,54,www.cbci.co.kr,ko,tld,latin,es,0.122,,0.6,0
QWER,spillover,55,www.musinsa.com,en,default,ko,ko,0.868,,0.132,0
QWER,spillover,56,dailian.co.kr,ko,tld,ko,ko,0.857,,0.143,1
QWER,spillover,57,enews.imbc.com,en,default,ko,ko,0.869,,0.131,0
QWER,spillover,58,prtimes.jp,ja,tld,ko,ko,0.628,,0.372,0
QWER,spillover,59,v.daum.net,ko,override,ko,ko,0.946,,0.054,1
QWER,spillover,60,star.ettoday.net,zh,override,ko,ko,0.627,,0.216,0
QWER,spillover,61,kmtstar.com,en,default,ko,ko,0.633,,0.367,0
QWER,spillover,62,conkdekpop.com,en,default,ko,ko,0.516,,0.484,0
QWER,spillover,63,kpop-center.com,en,default,ko,ko,0.737,,0.263,0
BABYMONSTER,loyalty,0,en.wikipedia.org,en,wiki,ko,ko,0.571,,0.429,0
BABYMONSTER,loyalty,1,en.wikipedia.org,en,wiki,ko,ko,0.871,,0.129,0
BABYMONSTER,loyalty,2,en.wikipedia.org,en,wiki,ko,ko,0.717,,0.283,0
BABYMONSTER,loyalty,3,en.wikipedia.org,en,wiki,ko,ko,0.659,,0.341,0
BABYMONSTER,loyalty,4,en.wikipedia.org,en,wiki,ko,ko,0.583,,0.417,0
BABYMONSTER,loyalty,5,en.wikipedia.org,en,wiki,ko,ko,0.81,,0.19,0
BABYMONSTER,loyalty,6,en.wikipedia.org,en,wiki,ko,ko,0.649,,0.351,0
BABYMONSTER,loyalty,7,en.wikipedia.org,en,wiki,ko,ko,0.625,,0.375,0
BABYMONSTER,loyalty,8,en.wikipedia.org,en,wiki,latin,en,1.305,,1.0,1
BABYMONSTER,loyalty,9,en.wikipedia.org,en,wiki,latin,en,1.486,,1.0,1
BABYMONSTER,loyalty,10,en.wikipedia.org,en,wiki,latin,en,1.274,,1.0,1
BABYMONSTER,loyalty,11,www.barks.jp,ja,override,ko,ko,1.0,,0.0,0
BABYMONSTER,loyalty,12,www.koreaherald.com,en,override,ko,ko,1.0,,0.0,0
BABYMONSTER,loyalty,13,sports.hankooki.com,en,default,ko,ko,0.667,,0.333,0
BABYMONSTER,loyalty,14,barks.jp,ja,override,latin,en,1.218,,0.954,0
BABYMONSTER,loyalty,15,www.oricon.co.jp,ja,tld,latin,en,1.502,,1.0,0
BABYMONSTER,loyalty,16,www.barks.jp,ja,override,latin,en,1.605,,0.948,0
BABYMONSTER,loyalty,17,namu.wiki,ko,override,ko,ko,0.906,,0.094,1
BABYMONSTER,loyalty,18,www.vietnam.vn,vi,override,ko,ko,0.787,,0.213,0
BABYMONSTER,loyalty,19,www.thairath.co.th,th,override,ko,ko,0.551,,0.449,0
BABYMONSTER,loyalty,20,www.hk01.com,zh,override,zh,zh,0.455,,0.25,1
BABYMONSTER,loyalty,21,www.yesasia.ru,ru,override,ru,ru,0.728,,0.162,1
BABYMONSTER,loyalty,22,www.youtube.com,en,override,latin,en,1.727,,0.593,1
BABYMONSTER,loyalty,23,x.com,en,override,ko,ko,1.0,,0.0,0
BABYMONSTER,loyalty,24,music.apple.com,en,default,ko,ko,0.5,,0.5,0
BABYMONSTER,loyalty,25,x.com,en,override,ko,ko,0.556,,0.444,0
BABYMONSTER,loyalty,26,www.dailynews.co.th,th,tld,latin,es,0.282,,0.565,0
BABYMONSTER,loyalty,27,yg-life.com,ko,override,ko,ko,1.0,,0.0,1
BABYMONSTER,loyalty,28,www.tnnthailand.com,en,default,ko,ko,0.676,,0.324,0
BABYMONSTER,loyalty,29,thethaiger.com,en,default,ko,ko,0.794,,0.206,0
BABYMONSTER,loyalty,30,www.khaosod.co.th,th,override,ko,ko,1.0,,0.0,0
BABYMONSTER,loyalty,31,www.tnnthailand.com,en,default,latin,en,0.507,,0.514,1
BABYMONSTER,loyalty,32,isplus.com,ko,override,ko,ko,0.978,,0.022,1
BABYMONSTER,loyalty,33,www.tenasia.co.kr,ko,tld,ko,ko,1.0,,0.0,1
BABYMONSTER,loyalty,34,www.edaily.co.kr,ko,override,ko,ko,1.0,,0.0,1
BABYMONSTER,loyalty,35,www.asiae.co.kr,ko,tld,ko,ko,1.0,,0.0,1
BABYMONSTER,loyalty,36,v.daum.net,ko,override,ko,ko,0.969,,0.031,1
BABYMONSTER,loyalty,37,www.nocutnews.co.kr,ko,tld,ko,ko,0.872,,0.128,1
BABYMONSTER,loyalty,38,www.koreadaily.com,ko,override,ko,ko,0.899,,0.101,1
BABYMONSTER,loyalty,39,www.kwnews.co.kr,ko,tld,ko,ko,1.0,,0.0,1
BABYMONSTER,loyalty,40,m.kwnews.co.kr,ko,tld,ko,ko,1.0,,0.0,1
BABYMONSTER,loyalty,41,mb.com.ph,tl,override,ko,ko,0.872,,0.128,0
BABYMONSTER,loyalty,42,www.bandwagon.asia,en,override,ko,ko,0.907,,0.093,0
BABYMONSTER,loyalty,43,recreio.com.br,pt,tld,ko,ko,0.854,,0.146,0
BABYMONSTER,loyalty,44,blip.kr,ko,tld,ko,ko,0.758,,0.242,1
BABYMONSTER,loyalty,45,www.econovill.com,en,default,ko,ko,0.808,,0.192,0
BABYMONSTER,loyalty,46,namu.wiki,ko,override,ko,ko,0.869,,0.131,1
BABYMONSTER,loyalty,47,www.heraldmuse.com,en,default,ko,ko,1.0,,0.0,0
BABYMONSTER,loyalty,48,sports.khan.co.kr,ko,override,ko,ko,1.0,,0.0,1
BABYMONSTER,loyalty,49,namu.wiki,ko,override,ko,ko,0.69,,0.31,1
BABYMONSTER,loyalty,50,www.tickethk.com,en,default,ko,ko,0.887,,0.082,0
BABYMONSTER,loyalty,51,www.douban.com,zh,override,ko,ko,0.66,,0.277,0
BABYMONSTER,loyalty,52,pantip.com,en,default,ko,ko,0.68,,0.17,0
BABYMONSTER,loyalty,53,pantip.com,en,default,ko,ko,0.5,,0.184,0
BABYMONSTER,loyalty,54,detail.chiebukuro.yahoo.co.jp,ja,tld,ko,ko,0.584,,0.126,0
BABYMONSTER,spillover,0,namu.wiki,ko,override,ko,ko,1.0,,0.0,1
BABYMONSTER,spillover,1,namu.wiki,ko,override,ko,ko,1.0,,0.0,1
BABYMONSTER,spillover,2,namu.wiki,ko,override,ko,ko,1.0,,0.0,1
BABYMONSTER,spillover,3,namu.wiki,ko,override,ko,ko,0.897,,0.103,1
BABYMONSTER,spillover,4,en.wikipedia.org,en,wiki,ko,ko,0.81,,0.19,0
BABYMONSTER,spillover,5,en.wikipedia.org,en,wiki,ko,ko,1.0,,0.0,0
BABYMONSTER,spillover,6,en.wikipedia.org,en,wiki,ko,ko,0.81,,0.19,0
BABYMONSTER,spillover,7,en.wikipedia.org,en,wiki,ko,ko,1.0,,0.0,0
BABYMONSTER,spillover,8,en.wikipedia.org,en,wiki,latin,en,1.254,,1.0,1
BABYMONSTER,spillover,9,en.wikipedia.org,en,wiki,latin,en,0.811,,1.0,1
BABYMONSTER,spillover,10,www.kpopstarz.com,en,default,latin,en,1.442,,1.0,1
BABYMONSTER,spillover,11,www.mhnse.com,en,default,ko,ko,0.82,,0.18,0
BABYMONSTER,spillover,12,koreajoongangdaily.joins.com,en,override,ko,ko,1.0,,0.0,0
BABYMONSTER,spillover,13,timesofindia.indiatimes.com,en,default,ko,ko,0.971,,0.029,0
BABYMONSTER,spillover,14,www.nme.com,en,override,ko,ko,0.627,,0.373,0
BABYMONSTER,spillover,15,niewmedia.com,en,default,latin,en,1.174,,1.0,1
BABYMONSTER,spillover,16,www.malaymail.com,en,override,latin,en,1.146,,1.0,1
BABYMONSTER,spillover,17,www.oricon.co.jp,ja,tld,latin,en,1.201,,1.0,0
BABYMONSTER,spillover,18,www.oricon.co.jp,ja,tld,latin,en,1.366,,1.0,0
BABYMONSTER,spillover,19,www.oricon.co.jp,ja,tld,latin,en,1.034,,1.0,0
BABYMONSTER,spillover,20,barks.jp,ja,override,latin,en,1.165,,1.0,0
BABYMONSTER,spillover,21,barks.jp,ja,override,latin,en,1.347,,1.0,0
BABYMONSTER,spillover,22,www.koreadaily.com,ko,override,ko,ko,0.926,,0.074,1
BABYMONSTER,spillover,23,www.malaymail.com,en,override,ko,ko,0.781,,0.219,0
BABYMONSTER,spillover,24,www.koreatimes.co.kr,en,override,ko,ko,0.947,,0.053,0
BABYMONSTER,spillover,25,www.billboard-japan.com,ja,override,latin,en,0.075,,0.585,0
BABYMONSTER,spillover,26,www.infobae.com,es,override,latin,es,1.07,,0.811,1
BABYMONSTER,spillover,27,www.yesasia.ru,ru,override,ru,ru,0.426,,0.393,1
BABYMONSTER,spillover,28,prtimes.jp,ja,tld,ko,ko,0.846,,0.154,0
BABYMONSTER,spillover,29,www.wwdjapan.com,en,default,latin,en,0.656,,0.615,1
BABYMONSTER,spillover,30,www.oricon.co.jp,ja,tld,ko,ko,0.862,,0.138,0
BABYMONSTER,spillover,31,numero.jp,ja,tld,ko,ko,0.633,,0.367,0
BABYMONSTER,spillover,32,sudsapda.com,en,default,latin,id,0.038,,0.56,0
BABYMONSTER,spillover,33,www.gukjenews.com,en,default,ko,ko,0.789,,0.211,0
BABYMONSTER,spillover,34,sports.khan.co.kr,ko,override,ko,ko,0.974,,0.026,1
BABYMONSTER,spillover,35,www.idntimes.com,id,override,latin,id,3.366,,1.0,1
BABYMONSTER,spillover,36,www.thairath.co.th,th,override,th,th,1.0,,0.0,1
BABYMONSTER,spillover,37,mgronline.com,th,override,th,th,0.714,,0.286,1
BABYMONSTER,spillover,38,mgronline.com,th,override,th,th,0.962,,0.038,1
BABYMONSTER,spillover,39,namu.wiki,ko,override,ko,ko,0.667,,0.333,1
BABYMONSTER,spillover,40,namu.wiki,ko,override,ko,ko,0.824,,0.176,1
BABYMONSTER,spillover,41,namu.wiki,ko,override,ko,ko,0.818,,0.182,1
BABYMONSTER,spillover,42,www.cnnbrasil.com.br,pt,override,ko,ko,0.758,,0.242,0
BABYMONSTER,spillover,43,namu.wiki,ko,override,ko,ko,0.747,,0.253,1
BABYMONSTER,spillover,44,www.imbc.com,en,default,ko,ko,0.847,,0.153,0
BABYMONSTER,spillover,45,yg-babymonster-official.jp,ja,tld,ko,ko,0.811,,0.189,0
BABYMONSTER,spillover,46,www.imbc.com,en,default,ko,ko,0.559,,0.441,0
BABYMONSTER,spillover,47,www.tgrthaber.com,en,default,latin,en,0.177,,0.512,1
BABYMONSTER,spillover,48,namu.wiki,ko,override,latin,en,0.757,,0.531,0
BABYMONSTER,spillover,49,namu.wiki,ko,override,ko,ko,0.688,,0.312,1
BABYMONSTER,spillover,50,www.wwdkorea.com,en,default,ko,ko,1.0,,0.0,0
BABYMONSTER,spillover,51,www.krafton.com,en,default,ko,ko,0.836,,0.164,0
BABYMONSTER,spillover,52,namu.wiki,ko,override,ko,ko,0.648,,0.352,1
BABYMONSTER,spillover,53,namu.wiki,ko,override,ko,ko,0.703,,0.297,1
BABYMONSTER,spillover,54,namu.wiki,ko,override,ko,ko,1.0,,0.0,1
BABYMONSTER,spillover,55,namu.wiki,ko,override,ko,ko,0.975,,0.025,1
BABYMONSTER,spillover,56,namu.wiki,ko,override,ko,ko,0.697,,0.303,1
BABYMONSTER,spillover,57,www.nocutnews.co.kr,ko,tld,ko,ko,0.982,,0.018,1
BABYMONSTER,spillover,58,www.starnewskorea.com,en,override,ko,ko,0.952,,0.048,0
BABYMONSTER,spillover,59,www.starnewskorea.com,en,override,ko,ko,0.937,,0.063,0
BABYMONSTER,spillover,60,stars.udn.com,zh,override,ko,ko,0.508,,0.215,0
BABYMONSTER,spillover,61,www.hk01.com,zh,override,ko,ko,0.535,,0.296,0
BABYMONSTER,spillover,62,www.sina.cn,zh,tld,latin,pt,0.132,,0.618,0
BABYMONSTER,spillover,63,www.thairath.co.th,th,override,ko,ko,0.408,,0.192,0
BABYMONSTER,spillover,64,www.workpointtoday.com,th,override,ko,ko,0.488,,0.265,0
BABYMONSTER,spillover,65,www.thepeople.co,es,tld,ko,ko,0.422,,0.166,0
BABYMONSTER,spillover,66,today.line.me,en,default,ko,ko,0.471,,0.164,0
BABYMONSTER,spillover,67,mdpr.jp,ja,tld,ko,ko,0.712,,0.205,0
BABYMONSTER,spillover,68,www.rbbtoday.com,en,default,ko,ko,0.636,,0.238,0
BABYMONSTER,spillover,69,www.cdjournal.com,en,default,ko,ko,0.657,,0.295,0
BABYMONSTER,spillover,70,numero.jp,ja,tld,ko,ko,0.57,,0.118,0
BABYMONSTER,spillover,71,www.officialcharts.com,en,default,latin,en,0.725,,0.574,1
BABYMONSTER,spillover,72,exclaim.ca,en,default,ko,ko,0.885,,0.115,0
BABYMONSTER,spillover,73,au.rollingstone.com,en,default,ko,ko,0.667,,0.333,0
BABYMONSTER,spillover,74,kmtstar.com,en,default,ko,ko,0.679,,0.321,0
BABYMONSTER,spillover,75,kpop-france.com,en,default,ko,ko,0.744,,0.256,0
BABYMONSTER,spillover,76,reporteasia.com,en,default,ko,ko,0.786,,0.214,0
소녀시대,loyalty,0,en.wikipedia.org,en,wiki,ko,ko,0.794,,0.206,0
소녀시대,loyalty,1,en.wikipedia.org,en,wiki,ko,ko,1.0,,0.0,0
소녀시대,loyalty,2,en.wikipedia.org,en,wiki,ko,ko,1.0,,0.0,0
소녀시대,loyalty,3,namu.wiki,ko,override,ko,ko,0.855,,0.145,1
소녀시대,loyalty,4,en.wikipedia.org,en,wiki,ko,ko,0.559,,0.441,0
소녀시대,loyalty,5,en.wikipedia.org,en,wiki,ko,ko,1.0,,0.0,0
소녀시대,loyalty,6,en.wikipedia.org,en,wiki,ko,ko,1.0,,0.0,0
소녀시대,loyalty,7,en.wikipedia.org,en,wiki,ko,ko,1.0,,0.0,0
소녀시대,loyalty,8,en.wikipedia.org,en,wiki,latin,en,1.083,,1.0,1
소녀시대,loyalty,9,en.wikipedia.org,en,wiki,latin,en,1.2,,1.0,1
소녀시대,loyalty,10,en.wikipedia.org,en,wiki,latin,en,1.518,,1.0,1
소녀시대,loyalty,11,www.allkpop.com,en,override,latin,en,1.237,,1.0,1
소녀시대,loyalty,12,www.barks.jp,ja,override,latin,en,1.359,,0.971,0
소녀시대,loyalty,13,natalie.mu,ja,override,latin,en,1.31,,1.0,0
소녀시대,loyalty,14,www.oricon.co.jp,ja,tld,latin,en,1.465,,1.0,0
소녀시대,loyalty,15,namu.wiki,ko,override,ko,ko,0.833,,0.167,1
소녀시대,loyalty,16,wolipop.detik.com,id,override,ko,ko,0.863,,0.138,0
소녀시대,loyalty,17,udn.com,zh,override,ko,ko,0.457,,0.186,0
소녀시대,loyalty,18,www.barks.jp,ja,override,ja,ja,0.537,,0.0,1
소녀시대,loyalty,19,kenh14.vn,vi,override,latin,vi,1.0,,1.0,1
소녀시대,loyalty,20,kenh14.vn,vi,override,latin,vi,1.0,,1.0,1
소녀시대,loyalty,21,www.nocutnews.co.kr,ko,tld,ko,ko,1.0,,0.0,1
소녀시대,loyalty,22,www.gmanetwork.com,tl,override,ko,ko,0.879,,0.121,0
소녀시대,loyalty,23,www.rappler.com,tl,override,ko,ko,0.788,,0.212,0
소녀시대,loyalty,24,entertainment.inquirer.net,tl,override,ko,ko,1.0,,0.0,0
소녀시대,loyalty,25,www.newsprime.co.kr,ko,tld,ko,ko,1.0,,0.0,1
소녀시대,loyalty,26,news.tf.co.kr,ko,tld,ko,ko,1.0,,0.0,1
소녀시대,loyalty,27,namu.wiki,ko,override,ko,ko,1.0,,0.0,1
소녀시대,loyalty,28,namu.wiki,ko,override,ko,ko,1.0,,0.0,1
소녀시대,loyalty,29,www.etnews.com,en,default,ko,ko,1.0,,0.0,0
소녀시대,loyalty,30,www.koreadaily.com,ko,override,ko,ko,1.0,,0.0,1
소녀시대,loyalty,31,www.rbbtoday.com,en,default,ko,ko,0.667,,0.333,0
소녀시대,loyalty,32,www.storykpop.com,en,default,ko,ko,0.839,,0.161,0
소녀시대,spillover,0,namu.wiki,ko,override,ko,ko,0.941,,0.059,1
소녀시대,spillover,1,en.wikipedia.org,en,wiki,ko,ko,1.0,,0.0,0
소녀시대,spillover,2,namu.wiki,ko,override,ko,ko,1.0,,0.0,1
소녀시대,spillover,3,namu.wiki,ko,override,ko,ko,0.98,,0.02,1
소녀시대,spillover,4,en.wikipedia.org,en,wiki,ko,ko,0.952,,0.048,0
소녀시대,spillover,5,en.wikipedia.org,en,wiki,ko,ko,0.946,,0.054,0
소녀시대,spillover,6,en.wikipedia.org,en,wiki,ko,ko,1.0,,0.0,0
소녀시대,spillover,7,en.wikipedia.org,en,wiki,ko,ko,1.0,,0.0,0
소녀시대,spillover,8,en.wikipedia.org,en,wiki,latin,en,1.486,,1.0,1
소녀시대,spillover,9,en.wikipedia.org,en,wiki,latin,en,1.272,,1.0,1
소녀시대,spillover,10,en.wikipedia.org,en,wiki,latin,en,1.051,,1.0,1
소녀시대,spillover,11,en.wikipedia.org,en,wiki,latin,en,1.025,,1.0,1
소녀시대,spillover,12,en.wikipedia.org,en,wiki,latin,en,0.732,,1.0,1
소녀시대,spillover,13,www.oricon.co.jp,ja,tld,latin,en,1.701,,0.966,0
소녀시대,spillover,14,www.oricon.co.jp,ja,tld,latin,en,1.228,,1.0,0
소녀시대,spillover,15,barks.jp,ja,override,latin,en,1.561,,0.913,0
소녀시대,spillover,16,natalie.mu,ja,override,latin,en,1.203,,0.942,0
소녀시대,spillover,17,natalie.mu,ja,override,latin,en,1.176,,0.953,0
소녀시대,spillover,18,ent.sina.com.cn,zh,override,latin,en,0.238,,0.95,0
소녀시대,spillover,19,www.163.com,zh,override,latin,en,0.696,,1.0,0
소녀시대,spillover,20,ent.ifeng.com,en,default,latin,en,0.618,,0.927,1
소녀시대,spillover,21,namu.wiki,ko,override,ko,ko,0.984,,0.016,1
소녀시대,spillover,22,www.thairath.co.th,th,override,ko,ko,0.836,,0.164,0
소녀시대,spillover,23,namu.wiki,ko,override,ko,ko,1.0,,0.0,1
소녀시대,spillover,24,www.infobae.com,es,override,ko,ko,0.582,,0.418,0
소녀시대,spillover,25,www.yesasia.ru,ru,override,ru,ru,0.636,,0.105,1
소녀시대,spillover,26,natalie.mu,ja,override,ja,ja,1.0,,0.0,1
소녀시대,spillover,27,natalie.mu,ja,override,ja,ja,1.0,,0.0,1
소녀시대,spillover,28,biz.heraldcorp.com,ko,override,ko,ko,0.89,,0.11,1
소녀시대,spillover,29,www.harpersbazaar.co.kr,ko,tld,ko,ko,0.953,,0.047,1
소녀시대,spillover,30,www.korea.kr,ko,tld,ko,ko,1.0,,0.0,1
소녀시대,spillover,31,v.daum.net,ko,override,ko,ko,0.879,,0.121,1
소녀시대,spillover,32,en.wikipedia.org,en,wiki,ko,ko,0.792,,0.208,0
소녀시대,spillover,33,news.sbs.co.kr,ko,override,ko,ko,0.78,,0.22,1
소녀시대,spillover,34,www.chosun.com,ko,override,ko,ko,0.935,,0.019,1
소녀시대,spillover,35,en.wikipedia.org,en,wiki,ko,ko,0.533,,0.467,0
소녀시대,spillover,36,en.wikipedia.org,en,wiki,ko,ko,0.585,,0.415,0
소녀시대,spillover,37,en.wikipedia.org,en,wiki,ko,ko,0.659,,0.341,0
소녀시대,spillover,38,fannstar.tf.co.kr,ko,tld,ko,ko,0.771,,0.229,1
소녀시대,spillover,39,biz.chosun.com,ko,override,ko,ko,0.939,,0.061,1
소녀시대,spillover,40,www.msn.com,en,override,ko,ko,0.919,,0.081,0
소녀시대,spillover,41,news.nate.com,ko,override,ko,ko,0.93,,0.07,1
소녀시대,spillover,42,news.nate.com,ko,override,ko,ko,0.922,,0.078,1
소녀시대,spillover,43,ko.wikipedia.org,ko,wiki,ko,ko,1.0,,0.0,1
소녀시대,spillover,44,namu.wiki,ko,override,ko,ko,1.0,,0.0,1
소녀시대,spillover,45,namu.wiki,ko,override,ko,ko,1.0,,0.0,1
소녀시대,spillover,46,namu.wiki,ko,override,ko,ko,1.0,,0.0,1
소녀시대,spillover,47,namu.wiki,ko,override,ko,ko,0.978,,0.022,1
소녀시대,spillover,48,namu.wiki,ko,override,ko,ko,1.0,,0.0,1
소녀시대,spillover,49,www.kpopturk.com,en,default,ko,ko,0.84,,0.16,0
소녀시대,spillover,50,news.nate.com,ko,override,ko,ko,1.0,,0.0,1
소녀시대,spillover,51,namu.wiki,ko,override,ko,ko,1.0,,0.0,1
소녀시대,spillover,52,namu.wiki,ko,override,ko,ko,1.0,,0.0,1
소녀시대,spillover,53,namu.wiki,ko,override,ko,ko,1.0,,0.0,1
소녀시대,spillover,54,namu.wiki,ko,override,ko,ko,1.0,,0.0,1
소녀시대,spillover,55,namu.wiki,ko,override,ko,ko,1.0,,0.0,1
소녀시대,spillover,56,namu.wiki,ko,override,ko,ko,0.886,,0.114,1
소녀시대,spillover,57,namu.wiki,ko,override,ko,ko,0.792,,0.208,1
소녀시대,spillover,58,namu.wiki,ko,override,ko,ko,0.93,,0.07,1
소녀시대,spillover,59,namu.wiki,ko,override,ko,ko,1.0,,0.0,1
소녀시대,spillover,60,namu.wiki,ko,override,ko,ko,0.857,,0.143,1
소녀시대,spillover,61,namu.wiki,ko,override,ko,ko,1.0,,0.0,1
소녀시대,spillover,62,namu.wiki,ko,override,ko,ko,1.0,,0.0,1
소녀시대,spillover,63,namu.wiki,ko,override,ko,ko,0.942,,0.058,1
소녀시대,spillover,64,namu.wiki,ko,override,ko,ko,0.907,,0.093,1
소녀시대,spillover,65,namu.wiki,ko,override,ko,ko,1.0,,0.0,1
소녀시대,spillover,66,namu.wiki,ko,override,ko,ko,0.896,,0.104,1
소녀시대,spillover,67,namu.wiki,ko,override,ko,ko,1.0,,0.0,1
소녀시대,spillover,68,www.juksy.com,en,default,ko,ko,0.85,,0.053,0
소녀시대,spillover,69,v.daum.net,ko,override,ko,ko,0.947,,0.053,1
소녀시대,spillover,70,www.newsis.com,ko,override,ko,ko,1.0,,0.0,1
소녀시대,spillover,71,www.sportsseoul.com,ko,override,ko,ko,0.975,,0.025,1
소녀시대,spillover,72,www.topstarnews.net,ko,override,ko,ko,1.0,,0.0,1
소녀시대,spillover,73,www.news1.kr,ko,override,ko,ko,0.935,,0.065,1
소녀시대,spillover,74,www.thinkfood.co.kr,ko,tld,ko,ko,1.0,,0.0,1
소녀시대,spillover,75,www.thetimes.kr,ko,tld,ko,ko,0.964,,0.036,1
소녀시대,spillover,76,www.instiz.net,en,default,ko,ko,1.0,,0.0,0
소녀시대,spillover,77,www.hankyung.com,ko,override,ko,ko,0.96,,0.04,1
소녀시대,spillover,78,www.mt.co.kr,ko,override,ko,ko,0.875,,0.125,1
소녀시대,spillover,79,fashionbiz.co.kr,ko,tld,ko,ko,0.85,,0.15,1
소녀시대,spillover,80,news.heraldcorp.com,ko,override,ko,ko,1.0,,0.0,1
소녀시대,spillover,81,star.ettoday.net,zh,override,ko,ko,0.656,,0.115,0
소녀시대,spillover,82,www.hk01.com,zh,override,ko,ko,0.5,,0.077,0
소녀시대,spillover,83,k.sina.com.cn,zh,override,ko,ko,0.455,,0.164,0
소녀시대,spillover,84,www.stuff.co.nz,en,default,ko,ko,0.909,,0.091,0
소녀시대,spillover,85,www.tenasia.co.kr,ko,tld,ko,ko,0.966,,0.034,1
소녀시대,spillover,86,kpopna.com,en,default,ko,ko,0.757,,0.243,0
소녀시대,spillover,87,kpop-france.com,en,default,ko,ko,0.754,,0.246,0
소녀시대,spillover,88,www.chicadehoy.com,en,default,ko,ko,0.72,,0.28,0
오마이걸,loyalty,0,en.wikipedia.org,en,wiki,ko,ko,0.743,,0.257,0
오마이걸,loyalty,1,en.wikipedia.org,en,wiki,ko,ko,0.636,,0.364,0
오마이걸,loyalty,2,en.wikipedia.org,en,wiki,ko,ko,0.586,,0.414,0
오마이걸,loyalty,3,en.wikipedia.org,en,wiki,ko,ko,0.694,,0.306,0
오마이걸,loyalty,4,www.hankyung.com,ko,override,ko,ko,0.909,,0.091,1
오마이걸,loyalty,5,maily.so,en,default,ko,ko,1.0,,0.0,0
오마이걸,loyalty,6,www.soompi.com,en,override,ko,ko,0.721,,0.279,0
오마이걸,loyalty,7,www.joynews24.com,en,default,ko,ko,0.852,,0.148,0
오마이걸,loyalty,8,en.wikipedia.org,en,wiki,latin,en,1.226,,1.0,1
오마이걸,loyalty,9,en.wikipedia.org,en,wiki,latin,en,0.761,,1.0,1
오마이걸,loyalty,10,en.wikipedia.org,en,wiki,latin,en,0.146,,1.0,1
오마이걸,loyalty,11,www.kclf.org,en,default,ko,ko,0.942,,0.058,0
오마이걸,loyalty,12,skiyaki.com,en,default,ko,ko,0.545,,0.455,0
오마이걸,loyalty,13,www.cineplay.co.kr,ko,tld,ko,ko,0.973,,0.027,1
오마이걸,loyalty,14,v.daum.net,ko,override,ko,ko,0.976,,0.024,1
오마이걸,loyalty,15,20.detik.com,id,override,ko,ko,0.703,,0.297,0
오마이걸,loyalty,16,www.detik.com,id,override,ko,ko,0.871,,0.129,0
오마이걸,loyalty,17,www.kclf.org,en,default,ko,ko,1.0,,0.0,0
오마이걸,loyalty,18,www.newspim.com,en,default,ko,ko,1.0,,0.0,0
오마이걸,loyalty,19,www.newspim.com,en,default,ko,ko,0.914,,0.086,0
오마이걸,loyalty,20,www.m-i.kr,ko,override,ko,ko,0.932,,0.068,1
오마이걸,loyalty,21,www.sedaily.com,ko,override,ko,ko,0.766,,0.234,1
오마이걸,loyalty,22,natalie.mu,ja,override,ko,ko,0.742,,0.258,0
오마이걸,loyalty,23,natalie.mu,ja,override,ko,ko,0.814,,0.186,0
오마이걸,loyalty,24,www.yesasia.ru,ru,override,ko,ko,0.786,,0.214,0
오마이걸,loyalty,25,www.yesasia.ru,ru,override,ko,ko,0.757,,0.243,0
오마이걸,loyalty,26,mb.com.ph,tl,override,ko,ko,0.545,,0.455,0
오마이걸,loyalty,27,revistakoreain.com.br,pt,tld,ko,ko,0.759,,0.241,0
오마이걸,loyalty,28,revistakoreain.com.br,pt,tld,ko,ko,0.588,,0.412,0
오마이걸,loyalty,29,www.kclf.org,en,default,ko,ko,1.0,,0.0,0
오마이걸,loyalty,30,namu.wiki,ko,override,ko,ko,0.739,,0.261,1
오마이걸,loyalty,31,namu.wiki,ko,override,ko,ko,0.822,,0.178,1
오마이걸,loyalty,32,www.douban.com,zh,override,ko,ko,0.487,,0.41,0
오마이걸,loyalty,33,www.c-k-jpopnews.fr,fr,tld,ko,ko,0.808,,0.192,0
오마이걸,spillover,0,en.wikipedia.org,en,wiki,ko,ko,0.583,,0.417,0
오마이걸,spillover,1,namu.wiki,ko,override,ko,ko,1.0,,0.0,1
오마이걸,spillover,2,namu.wiki,ko,override,ko,ko,0.97,,0.03,1
오마이걸,spillover,3,namu.wiki,ko,override,ko,ko,1.0,,0.0,1
오마이걸,spillover,4,www.asiaartistawards.com,en,default,ko,ko,0.905,,0.095,0
오마이걸,spillover,5,www.newsis.com,ko,override,ko,ko,1.0,,0.0,1
오마이걸,spillover,6,zdnet.co.kr,ko,tld,ko,ko,1.0,,0.0,1
오마이걸,spillover,7,maily.so,en,default,ko,ko,1.0,,0.0,0
오마이걸,spillover,8,en.wikipedia.org,en,wiki,latin,en,1.145,,1.0,1
오마이걸,spillover,9,en.wikipedia.org,en,wiki,latin,en,0.933,,1.0,1
오마이걸,spillover,10,en.wikipedia.org,en,wiki,latin,en,0.922,,1.0,1
오마이걸,spillover,11,en.wikipedia.org,en,wiki,latin,en,1.311,,1.0,1
오마이걸,spillover,12,www.shinailbo.co.kr,ko,tld,ko,ko,1.0,,0.0,1
오마이걸,spillover,13,www.concertarchives.org,en,default,ko,ko,0.635,,0.365,0
오마이걸,spillover,14,www.oricon.co.jp,ja,tld,latin,en,1.206,,1.0,0
오마이걸,spillover,15,www.post24.kr,ko,tld,ko,ko,0.952,,0.048,1
오마이걸,spillover,16,20.detik.com,id,override,ko,ko,0.862,,0.138,0
오마이걸,spillover,17,hanteonews.com,ko,override,ko,ko,0.727,,0.273,1
오마이걸,spillover,18,v.daum.net,ko,override,ko,ko,0.975,,0.025,1
오마이걸,spillover,19,www.joynews24.com,en,default,ko,ko,0.814,,0.178,0
오마이걸,spillover,20,www.hankyung.com,ko,override,ko,ko,1.0,,0.0,1
오마이걸,spillover,21,www.etoday.co.kr,ko,tld,ko,ko,0.973,,0.027,1
오마이걸,spillover,22,www.starnewskorea.com,en,override,ko,ko,0.989,,0.011,0
오마이걸,spillover,23,m.edaily.co.kr,ko,override,ko,ko,0.933,,0.067,1
오마이걸,spillover,24,www.carture.com.tw,zh,tld,ko,ko,0.667,,0.241,0
오마이걸,spillover,25,www.idntimes.com,id,override,ko,ko,0.935,,0.065,0
오마이걸,spillover,26,www.sanook.com,th,override,ko,ko,0.583,,0.417,0
오마이걸,spillover,27,namu.wiki,ko,override,ko,ko,0.833,,0.167,1
오마이걸,spillover,28,www.soompi.com,en,override,ko,ko,0.678,,0.322,0
오마이걸,spillover,29,namu.wiki,ko,override,ko,ko,0.83,,0.17,1
오마이걸,spillover,30,www.soompi.com,en,override,ko,ko,0.703,,0.297,0
오마이걸,spillover,31,m.anewsa.com,en,default,ko,ko,0.959,,0.041,0
오마이걸,spillover,32,namu.wiki,ko,override,ko,ko,0.692,,0.308,1
오마이걸,spillover,33,namu.wiki,ko,override,ko,ko,0.983,,0.017,1
오마이걸,spillover,34,namu.wiki,ko,override,ko,ko,0.878,,0.122,1
오마이걸,spillover,35,www.hankookilbo.com,ko,override,ko,ko,0.684,,0.316,1
오마이걸,spillover,36,namu.wiki,ko,override,ko,ko,0.627,,0.373,1
오마이걸,spillover,37,namu.wiki,ko,override,ko,ko,0.872,,0.128,1
오마이걸,spillover,38,namu.wiki,ko,override,ko,ko,0.912,,0.088,1
오마이걸,spillover,39,namu.wiki,ko,override,ko,ko,0.955,,0.045,1
오마이걸,spillover,40,namu.wiki,ko,override,ko,ko,0.864,,0.136,1
오마이걸,spillover,41,www.asiaartistawards.com,en,default,ko,ko,0.946,,0.054,0
오마이걸,spillover,42,www.koreaunionnews.com,en,default,ko,ko,0.935,,0.065,0
오마이걸,spillover,43,www.korezin.com,en,default,ko,ko,0.663,,0.337,0
오마이걸,spillover,44,namu.wiki,ko,override,ko,ko,0.721,,0.279,1
오마이걸,spillover,45,www.osen.co.kr,ko,tld,ko,ko,0.809,,0.191,1
오마이걸,spillover,46,namu.wiki,ko,override,ko,ko,1.0,,0.0,1
오마이걸,spillover,47,namu.wiki,ko,override,ko,ko,1.0,,0.0,1
오마이걸,spillover,48,namu.wiki,ko,override,ko,ko,1.0,,0.0,1
오마이걸,spillover,49,namu.wiki,ko,override,ko,ko,0.938,,0.062,1
오마이걸,spillover,50,namu.wiki,ko,override,ko,ko,0.939,,0.061,1
오마이걸,spillover,51,namu.wiki,ko,override,ko,ko,0.83,,0.17,1
오마이걸,spillover,52,thanhnien.vn,vi,override,ko,ko,0.682,,0.318,0
오마이걸,spillover,53,v.daum.net,ko,override,ko,ko,0.982,,0.018,1
오마이걸,spillover,54,v.daum.net,ko,override,ko,ko,0.98,,0.02,1
오마이걸,spillover,55,enews.imbc.com,en,default,ko,ko,1.0,,0.0,0
오마이걸,spillover,56,v.daum.net,ko,override,ko,ko,0.797,,0.203,1
오마이걸,spillover,57,v.daum.net,ko,override,ko,ko,0.988,,0.012,1
오마이걸,spillover,58,www.newsis.com,ko,override,ko,ko,0.965,,0.035,1
오마이걸,spillover,59,star.ettoday.net,zh,override,ko,ko,0.508,,0.365,0
오마이걸,spillover,60,stars.udn.com,zh,override,ko,ko,0.702,,0.234,0
오마이걸,spillover,61,kmtstar.com,en,default,ko,ko,0.803,,0.197,0
오마이걸,spillover,62,kpop-france.com,en,default,ko,ko,0.718,,0.282,0
오마이걸,spillover,63,www.bloglabanana.com,en,default,ko,ko,0.529,,0.471,0
여자친구,loyalty,0,en.wikipedia.org,en,wiki,ko,ko,1.0,,0.0,0
여자친구,loyalty,1,en.wikipedia.org,en,wiki,ko,ko,1.0,,0.0,0
여자친구,loyalty,2,en.wikipedia.org,en,wiki,ko,ko,1.0,,0.0,0
여자친구,loyalty,3,en.wikipedia.org,en,wiki,ko,ko,0.786,,0.214,0
여자친구,loyalty,4,en.wikipedia.org,en,wiki,ko,ko,1.0,,0.0,0
여자친구,loyalty,5,en.wikipedia.org,en,wiki,ko,ko,1.0,,0.0,0
여자친구,loyalty,6,en.wikipedia.org,en,wiki,ko,ko,0.621,,0.379,0
여자친구,loyalty,7,en.wikipedia.org,en,wiki,ko,ko,1.0,,0.0,0
여자친구,loyalty,8,en.wikipedia.org,en,wiki,latin,en,0.725,,1.0,1
여자친구,loyalty,9,m.kukinews.com,en,default,latin,en,1.204,,0.936,1
여자친구,loyalty,10,en.wikipedia.org,en,wiki,latin,en,0.901,,1.0,1
여자친구,loyalty,11,billboardphilippines.com,en,default,latin,en,0.948,,1.0,1
여자친구,loyalty,12,www.soompi.com,en,override,ko,ko,0.698,,0.302,0
여자친구,loyalty,13,natalie.mu,ja,override,latin,en,0.882,,1.0,0
여자친구,loyalty,14,m.nocutnews.co.kr,ko,tld,ko,ko,0.853,,0.147,1
여자친구,loyalty,15,ko.wikipedia.org,ko,wiki,ko,ko,1.0,,0.0,1
여자친구,loyalty,16,hot.detik.com,id,override,ko,ko,0.818,,0.182,0
여자친구,loyalty,17,news.tvbs.com.tw,zh,tld,zh,zh,0.435,,0.152,1
여자친구,loyalty,18,www.yesasia.ru,ru,override,ru,ru,0.793,,0.116,1
여자친구,loyalty,19,www.hankyung.com,ko,override,ko,ko,1.0,,0.0,1
여자친구,loyalty,20,www.hankookilbo.com,ko,override,ko,ko,1.0,,0.0,1
여자친구,loyalty,21,natalie.mu,ja,override,ko,ko,0.568,,0.432,0
여자친구,loyalty,22,natalie.mu,ja,override,ko,ko,0.833,,0.167,0
여자친구,loyalty,23,news.tvbs.com.tw,zh,tld,ko,ko,0.725,,0.275,0
여자친구,loyalty,24,www.tvazteca.com,en,default,ko,ko,0.693,,0.307,0
여자친구,loyalty,25,hot.detik.com,id,override,ko,ko,0.741,,0.259,0
여자친구,loyalty,26,www.idntimes.com,id,override,ko,ko,0.781,,0.219,0
여자친구,loyalty,27,www.detik.com,id,override,ko,ko,0.731,,0.269,0
여자친구,loyalty,28,www.idntimes.com,id,override,ko,ko,0.606,,0.394,0
여자친구,loyalty,29,www.sanook.com,th,override,ko,ko,0.667,,0.333,0
여자친구,loyalty,30,musicstation.kapook.com,th,override,ko,ko,0.696,,0.304,0
여자친구,loyalty,31,www.sanook.com,th,override,ko,ko,0.794,,0.206,0
여자친구,loyalty,32,www.sanook.com,th,override,ko,ko,0.682,,0.318,0
여자친구,loyalty,33,www.matichon.co.th,th,override,latin,en,0.49,,0.571,0
여자친구,loyalty,34,mgronline.com,th,override,ko,ko,0.731,,0.269,0
여자친구,loyalty,35,pop.inquirer.net,tl,override,ko,ko,1.0,,0.0,0
여자친구,loyalty,36,www.bandwagon.asia,en,override,ko,ko,0.806,,0.194,0
여자친구,loyalty,37,namu.wiki,ko,override,ko,ko,1.0,,0.0,1
여자친구,loyalty,38,namu.wiki,ko,override,ko,ko,1.0,,0.0,1
여자친구,loyalty,39,namu.wiki,ko,override,ko,ko,1.0,,0.0,1
여자친구,loyalty,40,namu.wiki,ko,override,ko,ko,0.66,,0.34,1
여자친구,loyalty,41,www.etnews.com,en,default,ko,ko,1.0,,0.0,0
여자친구,loyalty,42,enews.imbc.com,en,default,ko,ko,0.765,,0.235,0
여자친구,loyalty,43,tieba.baidu.com,en,default,ko,ko,0.765,,0.206,0
여자친구,spillover,0,en.wikipedia.org,en,wiki,ko,ko,0.811,,0.189,0
여자친구,spillover,1,en.wikipedia.org,en,wiki,ko,ko,0.905,,0.095,0
여자친구,spillover,2,en.wikipedia.org,en,wiki,ko,ko,0.736,,0.264,0
여자친구,spillover,3,en.wikipedia.org,en,wiki,ko,ko,0.68,,0.32,0
여자친구,spillover,4,en.wikipedia.org,en,wiki,latin,en,1.096,,1.0,1
여자친구,spillover,5,en.wikipedia.org,en,wiki,latin,en,1.231,,1.0,1
여자친구,spillover,6,en.wikipedia.org,en,wiki,latin,en,1.066,,1.0,1
여자친구,spillover,7,www.soompi.com,en,override,ko,ko,1.0,,0.0,0
여자친구,spillover,8,www.oricon.co.jp,ja,tld,latin,en,1.505,,1.0,0
여자친구,spillover,9,www.oricon.co.jp,ja,tld,latin,en,1.051,,1.0,0
여자친구,spillover,10,www.oricon.co.jp,ja,tld,latin,en,1.095,,1.0,0
여자친구,spillover,11,www.oricon.co.jp,ja,tld,latin,en,1.4,,1.0,0
여자친구,spillover,12,www.liputan6.com,id,override,ko,ko,0.797,,0.203,0
여자친구,spillover,13,ko.wikipedia.org,ko,wiki,ko,ko,1.0,,0.0,1
여자친구,spillover,14,ko.wikipedia.org,ko,wiki,ko,ko,1.0,,0.0,1
여자친구,spillover,15,www.m-i.kr,ko,override,ko,ko,1.0,,0.0,1
여자친구,spillover,16,hanteonews.com,ko,override,ko,ko,0.704,,0.296,1
여자친구,spillover,17,kstyle.com,en,default,ja,ja,0.609,,0.152,0
여자친구,spillover,18,www.starnewskorea.com,en,override,ko,ko,0.977,,0.023,0
여자친구,spillover,19,www.sisaweek.com,en,default,ko,ko,1.0,,0.0,0
여자친구,spillover,20,www.sanook.com,th,override,ko,ko,0.682,,0.318,0
여자친구,spillover,21,namu.wiki,ko,override,ko,ko,0.727,,0.273,1
여자친구,spillover,22,namu.wiki,ko,override,ko,ko,0.75,,0.25,1
여자친구,spillover,23,namu.wiki,ko,override,ko,ko,0.529,,0.471,1
여자친구,spillover,24,namu.wiki,ko,override,ko,ko,0.631,,0.369,1
여자친구,spillover,25,namu.wiki,ko,override,latin,en,0.713,,0.475,0
여자친구,spillover,26,playboard.co,es,tld,ko,ko,0.68,,0.32,0
여자친구,spillover,27,cine21.com,ko,override,ko,ko,0.952,,0.048,1
여자친구,spillover,28,www.mk.co.kr,ko,tld,ko,ko,0.934,,0.066,1
여자친구,spillover,29,v.daum.net,ko,override,ko,ko,0.94,,0.06,1
여자친구,spillover,30,www.youtube.com,en,override,ko,ko,0.806,,0.194,0
여자친구,spillover,31,www.korezin.com,en,default,ko,ko,0.895,,0.105,0
여자친구,spillover,32,www.sportsseoul.com,ko,override,ko,ko,1.0,,0.0,1
여자친구,spillover,33,namu.wiki,ko,override,ko,ko,0.7,,0.3,1
여자친구,spillover,34,namu.wiki,ko,override,ko,ko,0.806,,0.194,1
여자친구,spillover,35,namu.wiki,ko,override,ko,ko,0.653,,0.347,1
여자친구,spillover,36,namu.wiki,ko,override,ko,ko,1.0,,0.0,1
여자친구,spillover,37,namu.wiki,ko,override,ko,ko,0.703,,0.297,1
여자친구,spillover,38,www.juksy.com,en,default,ko,ko,0.941,,0.059,0
여자친구,spillover,39,namu.wiki,ko,override,ko,ko,0.878,,0.122,1
여자친구,spillover,40,namu.wiki,ko,override,ko,ko,0.716,,0.284,1
여자친구,spillover,41,namu.wiki,ko,override,ko,ko,0.81,,0.19,1
여자친구,spillover,42,v.daum.net,ko,override,ko,ko,0.953,,0.047,1
여자친구,spillover,43,star.ettoday.net,zh,override,ko,ko,0.531,,0.328,0
여자친구,spillover,44,www.hk01.com,zh,override,ko,ko,0.609,,0.217,0
여자친구,spillover,45,au.rollingstone.com,en,default,latin,es,0.438,,0.516,0
여자친구,spillover,46,kpopna.com,en,default,ko,ko,0.523,,0.477,0
여자친구,spillover,47,k-gen.fr,fr,tld,ko,ko,0.704,,0.296,0
여자친구,spillover,48,www.bloglabanana.com,en,default,ko,ko,0.635,,0.351,0
STAYC,loyalty,0,namu.wiki,ko,override,latin,en,1.132,,0.614,0
STAYC,loyalty,1,en.wikipedia.org,en,wiki,ko,ko,1.0,,0.0,0
STAYC,loyalty,2,en.wikipedia.org,en,wiki,ko,ko,0.571,,0.429,0
STAYC,loyalty,3,en.wikipedia.org,en,wiki,ko,ko,0.583,,0.417,0
STAYC,loyalty,4,en.wikipedia.org,en,wiki,ko,ko,0.857,,0.143,0
STAYC,loyalty,5,en.wikipedia.org,en,wiki,ko,ko,0.62,,0.38,0
STAYC,loyalty,6,en.wikipedia.org,en,wiki,ko,ko,1.0,,0.0,0
STAYC,loyalty,7,en.wikipedia.org,en,wiki,ko,ko,0.655,,0.345,0
STAYC,loyalty,8,en.wikipedia.org,en,wiki,ko,ko,0.727,,0.273,0
STAYC,loyalty,9,en.wikipedia.org,en,wiki,ko,ko,0.55,,0.45,0
STAYC,loyalty,10,www.highup-ent.com,en,default,latin,en,0.996,,1.0,1
STAYC,loyalty,11,en.wikipedia.org,en,wiki,latin,en,1.191,,1.0,1
STAYC,loyalty,12,www.highup-ent.com,en,default,latin,en,0.87,,1.0,1
STAYC,loyalty,13,world.nol.com,en,default,latin,en,1.009,,1.0,1
STAYC,loyalty,14,www.bandwagon.asia,en,override,ko,ko,0.785,,0.215,0
STAYC,loyalty,15,enews.imbc.com,en,default,ko,ko,0.898,,0.102,0
STAYC,loyalty,16,sports.khan.co.kr,ko,override,ko,ko,0.907,,0.093,1
STAYC,loyalty,17,20.detik.com,id,override,ko,ko,0.781,,0.219,0
STAYC,loyalty,18,20.detik.com,id,override,ko,ko,0.761,,0.239,0
STAYC,loyalty,19,www.highup-ent.com,en,default,ko,ko,0.679,,0.321,0
STAYC,loyalty,20,www.songkick.com,en,default,ko,ko,0.538,,0.462,0
STAYC,loyalty,21,tvreport.co.kr,ko,override,ko,ko,0.714,,0.286,1
STAYC,loyalty,22,natalie.mu,ja,override,ko,ko,0.844,,0.156,0
STAYC,loyalty,23,natalie.mu,ja,override,ko,ko,0.853,,0.147,0
STAYC,loyalty,24,www.marieclaire.com.tw,zh,tld,ko,ko,0.556,,0.444,0
STAYC,loyalty,25,www.detik.com,id,override,ko,ko,0.844,,0.156,0
STAYC,loyalty,26,www.idntimes.com,id,override,ko,ko,0.686,,0.314,0
STAYC,loyalty,27,www.idntimes.com,id,override,ko,ko,0.833,,0.167,0
STAYC,loyalty,28,www.idntimes.com,id,override,ko,ko,0.517,,0.483,0
STAYC,loyalty,29,www.dailynews.co.th,th,tld,ko,ko,0.737,,0.263,0
STAYC,loyalty,30,www.workpointtoday.com,th,override,latin,en,0.826,,0.727,0
STAYC,loyalty,31,thegirl.ru,ru,tld,ko,ko,0.636,,0.364,0
STAYC,loyalty,32,mb.com.ph,tl,override,ko,ko,1.0,,0.0,0
STAYC,loyalty,33,sports.khan.co.kr,ko,override,ko,ko,0.812,,0.188,1
STAYC,loyalty,34,sports.khan.co.kr,ko,override,ko,ko,0.75,,0.25,1
STAYC,loyalty,35,www.goodkyung.com,en,default,ko,ko,0.762,,0.238,0
STAYC,loyalty,36,namu.wiki,ko,override,ko,ko,0.576,,0.424,1
STAYC,loyalty,37,namu.wiki,ko,override,ko,ko,0.54,,0.46,1
STAYC,loyalty,38,namu.wiki,ko,override,latin,en,0.842,,0.622,0
STAYC,loyalty,39,namu.wiki,ko,override,latin,en,0.192,,0.528,0
STAYC,loyalty,40,www.sundaykiss.com,en,default,ko,ko,0.738,,0.262,0
STAYC,loyalty,41,www.douban.com,zh,override,ko,ko,0.733,,0.167,0
STAYC,spillover,0,namu.wiki,ko,override,ko,ko,0.952,,0.048,1
STAYC,spillover,1,namu.wiki,ko,override,ko,ko,1.0,,0.0,1
STAYC,spillover,2,namu.wiki,ko,override,ko,ko,1.0,,0.0,1
STAYC,spillover,3,namu.wiki,ko,override,ko,ko,1.0,,0.0,1
STAYC,spillover,4,namu.wiki,ko,override,ko,ko,0.559,,0.441,1
STAYC,spillover,5,namu.wiki,ko,override,latin,en,0.322,,0.614,0
STAYC,spillover,6,namu.wiki,ko,override,ko,ko,0.816,,0.184,1
STAYC,spillover,7,en.wikipedia.org,en,wiki,ko,ko,0.842,,0.158,0
STAYC,spillover,8,v.daum.net,ko,override,latin,en,1.344,,1.0,0
STAYC,spillover,9,en.wikipedia.org,en,wiki,latin,en,0.983,,1.0,1
STAYC,spillover,10,en.wikipedia.org,en,wiki,latin,en,0.704,,1.0,1
STAYC,spillover,11,www.musicmundial.com,en,default,latin,en,1.515,,1.0,1
STAYC,spillover,12,www.nme.com,en,override,ko,ko,0.785,,0.215,0
STAYC,spillover,13,www.oricon.co.jp,ja,tld,latin,en,1.21,,1.0,0
STAYC,spillover,14,www.detik.com,id,override,ko,ko,0.669,,0.331,0
STAYC,spillover,15,20.detik.com,id,override,ko,ko,0.682,,0.318,0
STAYC,spillover,16,namu.wiki,ko,override,ko,ko,0.79,,0.21,1
STAYC,spillover,17,namu.wiki,ko,override,ko,ko,0.674,,0.326,1
STAYC,spillover,18,namu.wiki,ko,override,ko,ko,0.576,,0.424,1
STAYC,spillover,19,namu.wiki,ko,override,latin,en,0.679,,0.613,0
STAYC,spillover,20,www.newsis.com,ko,override,ko,ko,0.984,,0.016,1
STAYC,spillover,21,sports.khan.co.kr,ko,override,ko,ko,0.934,,0.066,1
STAYC,spillover,22,www.highup-ent.com,en,default,ko,ko,0.871,,0.129,0
STAYC,spillover,23,www.highup-ent.com,en,default,ko,ko,0.942,,0.058,0
STAYC,spillover,24,workpointtoday.com,th,override,ko,ko,0.5,,0.222,0
STAYC,spillover,25,www.thairath.co.th,th,override,latin,en,0.365,,0.632,0
STAYC,spillover,26,namu.wiki,ko,override,ko,ko,0.667,,0.333,1
STAYC,spillover,27,namu.wiki,ko,override,ko,ko,0.933,,0.067,1
STAYC,spillover,28,namu.wiki,ko,override,ko,ko,0.769,,0.231,1
STAYC,spillover,29,www.cnnbrasil.com.br,pt,override,ko,ko,0.688,,0.312,0
STAYC,spillover,30,ko.wikipedia.org,ko,wiki,ko,ko,0.551,,0.449,1
STAYC,spillover,31,prtimes.jp,ja,tld,ko,ko,0.743,,0.174,0
STAYC,spillover,32,socialerus.com,en,default,ko,ko,0.896,,0.104,0
STAYC,spillover,33,www.stardailynews.co.kr,ko,tld,ko,ko,0.663,,0.337,1
STAYC,spillover,34,v.daum.net,ko,override,ko,ko,0.943,,0.057,1
STAYC,spillover,35,kstyle.com,en,default,ko,ko,0.612,,0.165,0
STAYC,spillover,36,www.korezin.com,en,default,ko,ko,0.852,,0.148,0
STAYC,spillover,37,www.topstarnews.net,ko,override,ko,ko,0.753,,0.247,1
STAYC,spillover,38,game.donga.com,en,default,ko,ko,0.687,,0.313,0
STAYC,spillover,39,namu.wiki,ko,override,ko,ko,1.0,,0.0,1
STAYC,spillover,40,namu.wiki,ko,override,ko,ko,1.0,,0.0,1
STAYC,spillover,41,namu.wiki,ko,override,ko,ko,1.0,,0.0,1
STAYC,spillover,42,v.daum.net,ko,override,ko,ko,0.938,,0.062,1
STAYC,spillover,43,v.daum.net,ko,override,ko,ko,0.916,,0.084,1
STAYC,spillover,44,namu.wiki,ko,override,ko,ko,0.84,,0.16,1
STAYC,spillover,45,star.ettoday.net,zh,override,ko,ko,0.554,,0.304,0
STAYC,spillover,46,star.ettoday.net,zh,override,ko,ko,0.5,,0.327,0
STAYC,spillover,47,kpopna.com,en,default,latin,en,0.461,,0.613,1
STAYC,spillover,48,k-gen.fr,fr,tld,ko,ko,0.659,,0.341,0
STAYC,spillover,49,kpopfacts.com,en,default,ko,ko,0.573,,0.427,0
레드벨벳,loyalty,0,en.wikipedia.org,en,wiki,ko,ko,0.5,,0.5,0
레드벨벳,loyalty,1,en.wikipedia.org,en,wiki,ko,ko,0.578,,0.422,0
레드벨벳,loyalty,2,en.wikipedia.org,en,wiki,ko,ko,0.877,,0.123,0
레드벨벳,loyalty,3,en.wikipedia.org,en,wiki,ko,ko,0.551,,0.449,0
레드벨벳,loyalty,4,en.wikipedia.org,en,wiki,ko,ko,0.837,,0.163,0
레드벨벳,loyalty,5,en.wikipedia.org,en,wiki,ko,ko,0.794,,0.206,0
레드벨벳,loyalty,6,en.wikipedia.org,en,wiki,ko,ko,1.0,,0.0,0
레드벨벳,loyalty,7,en.wikipedia.org,en,wiki,ko,ko,1.0,,0.0,0
레드벨벳,loyalty,8,en.wikipedia.org,en,wiki,latin,en,1.242,,1.0,1
레드벨벳,loyalty,9,en.wikipedia.org,en,wiki,latin,en,1.193,,1.0,1
레드벨벳,loyalty,10,v.daum.net,ko,override,latin,en,0.874,,1.0,0
레드벨벳,loyalty,11,www.soompi.com,en,override,ko,ko,0.923,,0.077,0
레드벨벳,loyalty,12,www.infobae.com,es,override,latin,en,1.092,,1.0,0
레드벨벳,loyalty,13,news.mt.co.kr,ko,override,ko,ko,1.0,,0.0,1
레드벨벳,loyalty,14,www.smentertainment.com,ko,override,ko,ko,0.8,,0.2,1
레드벨벳,loyalty,15,www.dispatch.co.kr,ko,tld,ko,ko,1.0,,0.0,1
레드벨벳,loyalty,16,www.thairath.co.th,th,override,ko,ko,0.766,,0.234,0
레드벨벳,loyalty,17,kenh14.vn,vi,override,ko,ko,0.851,,0.149,0
레드벨벳,loyalty,18,www.segye.com,ko,override,ko,ko,1.0,,0.0,1
레드벨벳,loyalty,19,www.segye.com,ko,override,ko,ko,1.0,,0.0,1
레드벨벳,loyalty,20,namu.wiki,ko,override,ko,ko,0.741,,0.259,1
레드벨벳,loyalty,21,v.daum.net,ko,override,ko,ko,0.819,,0.181,1
레드벨벳,loyalty,22,www.tenasia.co.kr,ko,tld,ko,ko,1.0,,0.0,1
레드벨벳,loyalty,23,natalie.mu,ja,override,ko,ko,0.649,,0.351,0
레드벨벳,loyalty,24,natalie.mu,ja,override,ko,ko,0.795,,0.205,0
레드벨벳,loyalty,25,www.infobae.com,es,override,latin,en,0.062,,0.565,0
레드벨벳,loyalty,26,hot.detik.com,id,override,ko,ko,0.806,,0.194,0
레드벨벳,loyalty,27,hot.detik.com,id,override,ko,ko,1.0,,0.0,0
레드벨벳,loyalty,28,www.idntimes.com,id,override,ko,ko,1.0,,0.0,0
레드벨벳,loyalty,29,www.idntimes.com,id,override,ko,ko,1.0,,0.0,0
레드벨벳,loyalty,30,workpointtoday.com,th,override,ko,ko,0.609,,0.391,0
레드벨벳,loyalty,31,musicstation.kapook.com,th,override,latin,en,0.033,,0.667,0
레드벨벳,loyalty,32,www.sanook.com,th,override,latin,en,0.223,,0.556,0
레드벨벳,loyalty,33,musicstation.kapook.com,th,override,ko,ko,0.5,,0.5,0
레드벨벳,loyalty,34,www.thairath.co.th,th,override,ko,ko,0.667,,0.333,0
레드벨벳,loyalty,35,www.thairath.co.th,th,override,ko,ko,0.679,,0.321,0
레드벨벳,loyalty,36,www.sanook.com,th,override,ko,ko,0.719,,0.281,0
레드벨벳,loyalty,37,workpointtoday.com,th,override,ko,ko,0.71,,0.29,0
레드벨벳,loyalty,38,www.thairath.co.th,th,override,ko,ko,0.679,,0.321,0
레드벨벳,loyalty,39,www.thairath.co.th,th,override,ko,ko,0.593,,0.407,0
레드벨벳,loyalty,40,kenh14.vn,vi,override,ko,ko,0.963,,0.037,0
레드벨벳,loyalty,41,www.nautiljon.com,en,default,ko,ko,0.679,,0.321,0
레드벨벳,loyalty,42,www.k-world.fr,fr,override,ko,ko,0.76,,0.24,0
레드벨벳,loyalty,43,www.asiae.co.kr,ko,tld,ko,ko,1.0,,0.0,1
레드벨벳,loyalty,44,www.rappler.com,tl,override,ko,ko,0.604,,0.396,0
레드벨벳,loyalty,45,mb.com.ph,tl,override,ko,ko,1.0,,0.0,0
레드벨벳,loyalty,46,mb.com.ph,tl,override,ko,ko,1.0,,0.0,0
레드벨벳,loyalty,47,www.kclf.org,en,default,ko,ko,0.909,,0.076,0
레드벨벳,loyalty,48,www.topstarnews.net,ko,override,ko,ko,1.0,,0.0,1
레드벨벳,loyalty,49,tower.jp,ja,tld,ko,ko,0.877,,0.123,0
레드벨벳,loyalty,50,www.newdaily.co.kr,ko,tld,ko,ko,0.82,,0.18,1
레드벨벳,loyalty,51,tieba.baidu.com,en,default,ko,ko,0.442,,0.419,0
레드벨벳,loyalty,52,larepublica.pe,es,override,ko,ko,0.816,,0.184,0
레드벨벳,spillover,0,en.wikipedia.org,en,wiki,ko,ko,0.851,,0.149,0
레드벨벳,spillover,1,en.wikipedia.org,en,wiki,ko,ko,0.812,,0.188,0
레드벨벳,spillover,2,en.wikipedia.org,en,wiki,ko,ko,0.947,,0.053,0
레드벨벳,spillover,3,en.wikipedia.org,en,wiki,ko,ko,1.0,,0.0,0
레드벨벳,spillover,4,en.wikipedia.org,en,wiki,latin,en,1.339,,1.0,1
레드벨벳,spillover,5,en.wikipedia.org,en,wiki,latin,en,1.388,,1.0,1
레드벨벳,spillover,6,en.wikipedia.org,en,wiki,latin,en,1.148,,1.0,1
레드벨벳,spillover,7,www.soompi.com,en,override,latin,en,0.628,,1.0,1
레드벨벳,spillover,8,www.tatlerasia.com,en,default,latin,en,0.945,,1.0,1
레드벨벳,spillover,9,www.soompi.com,en,override,ko,ko,0.923,,0.077,0
레드벨벳,spillover,10,www.oricon.co.jp,ja,tld,latin,en,0.958,,1.0,0
레드벨벳,spillover,11,www.oricon.co.jp,ja,tld,latin,en,0.88,,1.0,0
레드벨벳,spillover,12,www.oricon.co.jp,ja,tld,latin,en,0.854,,1.0,0
레드벨벳,spillover,13,www.infobae.com,es,override,latin,en,1.031,,1.0,0
레드벨벳,spillover,14,www.infobae.com,es,override,latin,en,0.89,,1.0,0
레드벨벳,spillover,15,www.infobae.com,es,override,latin,en,1.165,,1.0,0
레드벨벳,spillover,16,mydaily.co.kr,ko,override,ko,ko,1.0,,0.0,1
레드벨벳,spillover,17,kenh14.vn,vi,override,ko,ko,0.877,,0.123,0
레드벨벳,spillover,18,hommesthailand.com,en,default,ko,ko,0.736,,0.264,0
레드벨벳,spillover,19,en.wikipedia.org,en,wiki,ko,ko,0.661,,0.339,0
레드벨벳,spillover,20,en.wikipedia.org,en,wiki,ko,ko,0.568,,0.432,0
레드벨벳,spillover,21,en.wikipedia.org,en,wiki,ko,ko,0.75,,0.25,0
레드벨벳,spillover,22,www.starnewskorea.com,en,override,ko,ko,0.898,,0.102,0
레드벨벳,spillover,23,enter.etoday.co.kr,ko,tld,ko,ko,0.958,,0.042,1
레드벨벳,spillover,24,www.hk01.com,zh,override,ko,ko,0.955,,0.045,0
레드벨벳,spillover,25,ko.wikipedia.org,ko,wiki,ko,ko,0.857,,0.143,1
레드벨벳,spillover,26,ko.wikipedia.org,ko,wiki,ko,ko,1.0,,0.0,1
레드벨벳,spillover,27,ko.wikipedia.org,ko,wiki,ko,ko,0.875,,0.125,1
레드벨벳,spillover,28,ko.wikipedia.org,ko,wiki,ko,ko,0.818,,0.182,1
레드벨벳,spillover,29,www.jwave.com.br,pt,tld,ko,ko,0.872,,0.128,0
레드벨벳,spillover,30,www.ytn.co.kr,ko,override,ko,ko,0.915,,0.085,1
레드벨벳,spillover,31,redvelvet-jp.net,en,default,ko,ko,0.934,,0.066,0
레드벨벳,spillover,32,socialerus.com,en,default,ko,ko,1.0,,0.0,0
레드벨벳,spillover,33,cine21.com,ko,override,ko,ko,0.782,,0.218,1
레드벨벳,spillover,34,ko.wikipedia.org,ko,wiki,ko,ko,0.953,,0.047,1
레드벨벳,spillover,35,ko.wikipedia.org,ko,wiki,ko,ko,0.941,,0.059,1
레드벨벳,spillover,36,ko.wikipedia.org,ko,wiki,ko,ko,1.0,,0.0,1
레드벨벳,spillover,37,v.daum.net,ko,override,ko,ko,0.975,,0.025,1
레드벨벳,spillover,38,www.korezin.com,en,default,ko,ko,0.75,,0.25,0
레드벨벳,spillover,39,namu.wiki,ko,override,ko,ko,0.65,,0.35,1
레드벨벳,spillover,40,www.topstarnews.net,ko,override,ko,ko,0.611,,0.389,1
레드벨벳,spillover,41,www.topstarnews.net,ko,override,ko,ko,0.836,,0.164,1
레드벨벳,spillover,42,www.stardailynews.co.kr,ko,tld,ko,ko,0.822,,0.178,1
레드벨벳,spillover,43,www.mt.co.kr,ko,override,ko,ko,0.883,,0.117,1
레드벨벳,spillover,44,www.news1.kr,ko,override,ko,ko,0.846,,0.154,1
레드벨벳,spillover,45,www.dongwonfnb.com,en,default,ko,ko,0.906,,0.094,0
레드벨벳,spillover,46,namu.wiki,ko,override,ko,ko,1.0,,0.0,1
레드벨벳,spillover,47,namu.wiki,ko,override,ko,ko,0.739,,0.261,1
레드벨벳,spillover,48,namu.wiki,ko,override,ko,ko,1.0,,0.0,1
레드벨벳,spillover,49,namu.wiki,ko,override,ko,ko,0.964,,0.036,1
레드벨벳,spillover,50,namu.wiki,ko,override,ko,ko,0.946,,0.054,1
레드벨벳,spillover,51,namu.wiki,ko,override,ko,ko,1.0,,0.0,1
레드벨벳,spillover,52,namu.wiki,ko,override,ko,ko,0.833,,0.167,1
레드벨벳,spillover,53,namu.wiki,ko,override,ko,ko,0.75,,0.25,1
레드벨벳,spillover,54,namu.wiki,ko,override,ko,ko,0.929,,0.071,1
레드벨벳,spillover,55,www.joongangenews.com,en,default,ko,ko,0.982,,0.018,0
레드벨벳,spillover,56,namu.wiki,ko,override,ko,ko,1.0,,0.0,1
레드벨벳,spillover,57,tower.jp,ja,tld,ko,ko,0.901,,0.099,0
레드벨벳,spillover,58,www.wikitree.co.kr,ko,tld,ko,ko,0.915,,0.085,1
레드벨벳,spillover,59,www.topstarnews.net,ko,override,ko,ko,0.959,,0.041,1
레드벨벳,spillover,60,star.ettoday.net,zh,override,ko,ko,0.443,,0.357,0
레드벨벳,spillover,61,www.163.com,zh,override,ko,ko,0.455,,0.348,0
레드벨벳,spillover,62,www.nme.com,en,override,ko,ko,0.796,,0.204,0
레드벨벳,spillover,63,kpopna.com,en,default,ko,ko,0.623,,0.377,0
레드벨벳,spillover,64,kpop-france.com,en,default,ko,ko,0.63,,0.37,0
엔믹스,loyalty,0,en.wikipedia.org,en,wiki,ko,ko,0.538,,0.462,0
엔믹스,loyalty,1,en.wikipedia.org,en,wiki,ko,ko,0.625,,0.375,0
엔믹스,loyalty,2,en.wikipedia.org,en,wiki,ko,ko,0.658,,0.342,0
엔믹스,loyalty,3,en.wikipedia.org,en,wiki,ko,ko,0.633,,0.367,0
엔믹스,loyalty,4,en.wikipedia.org,en,wiki,ko,ko,0.675,,0.325,0
엔믹스,loyalty,5,en.wikipedia.org,en,wiki,latin,en,0.477,,0.559,1
엔믹스,loyalty,6,ticket.yes24.com,en,default,latin,en,1.542,,1.0,1
엔믹스,loyalty,7,dailyhongkong.com,en,default,latin,en,1.384,,1.0,1
엔믹스,loyalty,8,m.ticket.yes24.com,en,default,latin,en,0.789,,1.0,1
엔믹스,loyalty,9,www.asiaartistawards.com,en,default,latin,en,0.7,,1.0,1
엔믹스,loyalty,10,www.infobae.com,es,override,latin,en,1.063,,1.0,0
엔믹스,loyalty,11,www.infobae.com,es,override,latin,en,1.343,,1.0,0
엔믹스,loyalty,12,www.infobae.com,es,override,latin,en,1.021,,1.0,0
엔믹스,loyalty,13,sports.khan.co.kr,ko,override,ko,ko,0.769,,0.231,1
엔믹스,loyalty,14,m.ticket.yes24.com,en,default,ko,ko,0.891,,0.109,0
엔믹스,loyalty,15,www.detik.com,id,override,ko,ko,0.835,,0.165,0
엔믹스,loyalty,16,hk.on.cc,en,default,zh,zh,0.524,,0.119,0
엔믹스,loyalty,17,www.yesasia.ru,ru,override,ru,ru,0.763,,0.066,1
엔믹스,loyalty,18,www.sbs.com.au,en,default,ko,ko,0.932,,0.068,0
엔믹스,loyalty,19,www.sbs.com.au,en,default,ko,ko,0.685,,0.315,0
엔믹스,loyalty,20,www.ozlivemag.com,en,default,ko,ko,0.903,,0.097,0
엔믹스,loyalty,21,www.fnnews.com,ko,override,ko,ko,1.0,,0.0,1
엔믹스,loyalty,22,v.daum.net,ko,override,ko,ko,1.0,,0.0,1
엔믹스,loyalty,23,natalie.mu,ja,override,ko,ko,0.861,,0.139,0
엔믹스,loyalty,24,www.oricon.co.jp,ja,tld,ko,ko,0.758,,0.242,0
엔믹스,loyalty,25,tw.news.yahoo.com,en,default,ko,ko,0.533,,0.333,0
엔믹스,loyalty,26,www.infobae.com,es,override,ko,ko,0.567,,0.433,0
엔믹스,loyalty,27,travel.tribunnews.com,id,override,latin,en,1.032,,0.612,0
엔믹스,loyalty,28,www.idntimes.com,id,override,latin,en,1.09,,0.529,0
엔믹스,loyalty,29,www.idntimes.com,id,override,ko,ko,0.737,,0.263,0
엔믹스,loyalty,30,mgronline.com,th,override,ko,ko,0.677,,0.323,0
엔믹스,loyalty,31,workpointtoday.com,th,override,ko,ko,0.565,,0.435,0
엔믹스,loyalty,32,mgronline.com,th,override,latin,en,0.086,,0.724,0
엔믹스,loyalty,33,mgronline.com,th,override,latin,en,0.072,,0.812,0
엔믹스,loyalty,34,www.thairath.co.th,th,override,ko,ko,0.615,,0.385,0
엔믹스,loyalty,35,www.sanook.com,th,override,ko,ko,0.722,,0.278,0
엔믹스,loyalty,36,www.thairath.co.th,th,override,latin,en,0.103,,0.59,0
엔믹스,loyalty,37,www.dailynews.co.th,th,tld,ko,ko,0.583,,0.417,0
엔믹스,loyalty,38,workpointtoday.com,th,override,latin,en,0.774,,0.645,0
엔믹스,loyalty,39,thegirl.ru,ru,tld,ko,ko,0.636,,0.364,0
엔믹스,loyalty,40,www.kpop-concert.com,en,default,ko,ko,0.667,,0.333,0
엔믹스,loyalty,41,mb.com.ph,tl,override,ko,ko,0.944,,0.056,0
엔믹스,loyalty,42,www.rappler.com,tl,override,ko,ko,1.0,,0.0,0
엔믹스,loyalty,43,www.philstar.com,tl,override,ko,ko,1.0,,0.0,0
엔믹스,loyalty,44,billboard.com.br,pt,tld,ko,ko,1.0,,0.0,0
엔믹스,loyalty,45,isplus.com,ko,override,ko,ko,0.695,,0.305,1
엔믹스,loyalty,46,isplus.com,ko,override,ko,ko,0.948,,0.052,1
엔믹스,spillover,0,en.wikipedia.org,en,wiki,ko,ko,0.8,,0.2,0
엔믹스,spillover,1,en.wikipedia.org,en,wiki,ko,ko,0.84,,0.16,0
엔믹스,spillover,2,namu.wiki,ko,override,ko,ko,0.848,,0.152,1
엔믹스,spillover,3,namu.wiki,ko,override,ko,ko,1.0,,0.0,1
엔믹스,spillover,4,en.wikipedia.org,en,wiki,ko,ko,0.783,,0.217,0
엔믹스,spillover,5,en.wikipedia.org,en,wiki,ko,ko,0.968,,0.032,0
엔믹스,spillover,6,en.wikipedia.org,en,wiki,ko,ko,0.96,,0.04,0
엔믹스,spillover,7,en.wikipedia.org,en,wiki,ko,ko,0.683,,0.317,0
엔믹스,spillover,8,en.wikipedia.org,en,wiki,latin,en,0.867,,1.0,1
엔믹스,spillover,9,en.wikipedia.org,en,wiki,latin,en,0.8,,1.0,1
엔믹스,spillover,10,en.wikipedia.org,en,wiki,latin,en,0.906,,1.0,1
엔믹스,spillover,11,www.starnewskorea.com,en,override,latin,en,0.964,,1.0,1
엔믹스,spillover,12,www.soompi.com,en,override,latin,en,0.761,,1.0,1
엔믹스,spillover,13,news.livenationentertainment.com,en,default,ko,ko,0.75,,0.25,0
엔믹스,spillover,14,www.billboard.com,en,override,ko,ko,1.0,,0.0,0
엔믹스,spillover,15,www.infobae.com,es,override,latin,en,0.886,,1.0,0
엔믹스,spillover,16,www.infobae.com,es,override,latin,en,1.31,,1.0,0
엔믹스,spillover,17,www.peoplegate.co.kr,ko,tld,ko,ko,0.798,,0.202,1
엔믹스,spillover,18,www.detik.com,id,override,ko,ko,0.833,,0.167,0
엔믹스,spillover,19,www.detik.com,id,override,ko,ko,0.673,,0.327,0
엔믹스,spillover,20,namu.wiki,ko,override,ko,ko,0.769,,0.231,1
엔믹스,spillover,21,en.wikipedia.org,en,wiki,ko,ko,0.641,,0.359,0
엔믹스,spillover,22,www.yesasia.ru,ru,override,ru,ru,0.718,,0.064,1
엔믹스,spillover,23,mountainviews.mailcommunity.com.au,en,default,ko,ko,0.656,,0.344,0
엔믹스,spillover,24,www.sbs.com.au,en,default,ko,ko,0.9,,0.1,0
엔믹스,spillover,25,v.daum.net,ko,override,ko,ko,0.851,,0.14,1
엔믹스,spillover,26,www.etnews.com,en,default,ko,ko,0.867,,0.133,0
엔믹스,spillover,27,www.fnnews.com,ko,override,ko,ko,1.0,,0.0,1
엔믹스,spillover,28,v.daum.net,ko,override,ko,ko,0.852,,0.148,1
엔믹스,spillover,29,www.detik.com,id,override,latin,en,0.772,,0.596,0
엔믹스,spillover,30,billboard.com.br,pt,tld,ko,ko,0.695,,0.305,0
엔믹스,spillover,31,www.cnnbrasil.com.br,pt,override,ko,ko,0.909,,0.091,0
엔믹스,spillover,32,www.starnewskorea.com,en,override,ko,ko,0.821,,0.179,0
엔믹스,spillover,33,www.bosa.co.kr,ko,tld,ko,ko,1.0,,0.0,1
엔믹스,spillover,34,www.sll.co.kr,ko,tld,ko,ko,0.851,,0.149,1
엔믹스,spillover,35,vling.net,en,default,ko,ko,0.906,,0.094,0
엔믹스,spillover,36,www.themoviedb.org,en,default,ko,ko,0.944,,0.056,0
엔믹스,spillover,37,v.daum.net,ko,override,ko,ko,0.761,,0.239,1
엔믹스,spillover,38,namu.wiki,ko,override,ko,ko,0.652,,0.348,1
엔믹스,spillover,39,www.munhwa.com,ko,override,ko,ko,0.72,,0.28,1
엔믹스,spillover,40,www.korezin.com,en,default,ko,ko,0.727,,0.273,0
엔믹스,spillover,41,www.timespread.co.kr,ko,tld,ko,ko,1.0,,0.0,1
엔믹스,spillover,42,sports.khan.co.kr,ko,override,ko,ko,0.936,,0.064,1
엔믹스,spillover,43,www.thefairnews.co.kr,ko,tld,ko,ko,0.868,,0.132,1
엔믹스,spillover,44,biz.heraldcorp.com,ko,override,ko,ko,0.968,,0.032,1
엔믹스,spillover,45,swtvnews.com,en,default,ko,ko,0.855,,0.145,0
엔믹스,spillover,46,www.meconomynews.com,en,default,ko,ko,0.906,,0.094,0
엔믹스,spillover,47,www.slist.kr,ko,tld,ko,ko,0.978,,0.022,1
엔믹스,spillover,48,namu.wiki,ko,override,ko,ko,0.771,,0.229,1
엔믹스,spillover,49,namu.wiki,ko,override,ko,ko,0.933,,0.067,1
엔믹스,spillover,50,namu.wiki,ko,override,ko,ko,0.946,,0.054,1
엔믹스,spillover,51,namu.wiki,ko,override,ko,ko,0.889,,0.111,1
엔믹스,spillover,52,namu.wiki,ko,override,ko,ko,0.794,,0.206,1
엔믹스,spillover,53,namu.wiki,ko,override,ko,ko,1.0,,0.0,1
엔믹스,spillover,54,namu.wiki,ko,override,ko,ko,1.0,,0.0,1
엔믹스,spillover,55,namu.wiki,ko,override,ko,ko,0.923,,0.077,1
엔믹스,spillover,56,namu.wiki,ko,override,latin,pt,0.076,,0.616,0
엔믹스,spillover,57,namu.wiki,ko,override,ko,ko,0.897,,0.103,1
엔믹스,spillover,58,www.marieclairekorea.com,en,default,ko,ko,0.917,,0.083,0
엔믹스,spillover,59,www.xportsnews.com,ko,override,ko,ko,1.0,,0.0,1
엔믹스,spillover,60,kpopna.com,en,default,ko,ko,0.75,,0.25,0
엔믹스,spillover,61,kpop-france.com,en,default,ko,ko,0.772,,0.228,0
엔믹스,spillover,62,remezcla.com,en,default,ko,ko,0.918,,0.082,0
마마무,loyalty,0,namu.wiki,ko,override,ko,ko,0.625,,0.375,1
마마무,loyalty,1,en.wikipedia.org,en,wiki,ko,ko,1.0,,0.0,0
마마무,loyalty,2,en.wikipedia.org,en,wiki,ko,ko,0.667,,0.333,0
마마무,loyalty,3,en.wikipedia.org,en,wiki,ko,ko,0.836,,0.164,0
마마무,loyalty,4,en.wikipedia.org,en,wiki,ko,ko,0.704,,0.296,0
마마무,loyalty,5,en.wikipedia.org,en,wiki,ko,ko,1.0,,0.0,0
마마무,loyalty,6,en.wikipedia.org,en,wiki,ko,ko,1.0,,0.0,0
마마무,loyalty,7,en.wikipedia.org,en,wiki,ko,ko,1.0,,0.0,0
마마무,loyalty,8,en.wikipedia.org,en,wiki,ko,ko,0.724,,0.276,0
마마무,loyalty,9,en.wikipedia.org,en,wiki,ko,ko,0.783,,0.217,0
마마무,loyalty,10,en.wikipedia.org,en,wiki,latin,en,0.96,,1.0,1
마마무,loyalty,11,en.wikipedia.org,en,wiki,latin,en,0.992,,1.0,1
마마무,loyalty,12,x.com,en,override,latin,en,1.624,,0.977,1
마마무,loyalty,13,mamamoo.co.kr,ko,tld,ko,ko,0.927,,0.073,1
마마무,loyalty,14,20.detik.com,id,override,ko,ko,0.5,,0.5,0
마마무,loyalty,15,hot.detik.com,id,override,ko,ko,0.583,,0.417,0
마마무,loyalty,16,www.hk01.com,zh,override,zh,zh,0.556,,0.194,1
마마무,loyalty,17,natalie.mu,ja,override,ja,ja,0.456,,0.279,1
마마무,loyalty,18,www.infobae.com,es,override,latin,es,1.844,,0.838,1
마마무,loyalty,19,www.yesasia.ru,ru,override,ru,ru,0.704,,0.099,1
마마무,loyalty,20,mgronline.com,th,override,th,th,0.841,,0.159,1
마마무,loyalty,21,mgronline.com,th,override,th,th,1.0,,0.0,1
마마무,loyalty,22,www.newdaily.co.kr,ko,tld,ko,ko,0.94,,0.06,1
마마무,loyalty,23,edaily.co.kr,ko,override,ko,ko,1.0,,0.0,1
마마무,loyalty,24,www.kookje.co.kr,ko,tld,ko,ko,1.0,,0.0,1
마마무,loyalty,25,sports.khan.co.kr,ko,override,ko,ko,1.0,,0.0,1
마마무,loyalty,26,mb.com.ph,tl,override,ko,ko,1.0,,0.0,0
마마무,loyalty,27,mb.com.ph,tl,override,ko,ko,1.0,,0.0,0
마마무,loyalty,28,mb.com.ph,tl,override,ko,ko,1.0,,0.0,0
마마무,loyalty,29,www.letras.mus.br,pt,tld,ko,ko,1.0,,0.0,0
마마무,loyalty,30,offstage.com.br,pt,tld,ko,ko,0.795,,0.205,0
마마무,loyalty,31,namu.wiki,ko,override,latin,en,0.817,,0.558,0
마마무,loyalty,32,mamamoo.jp,ja,tld,ko,ko,0.89,,0.11,0
마마무,loyalty,33,star.ettoday.net,zh,override,ko,ko,0.519,,0.177,0
마마무,loyalty,34,www.hk01.com,zh,override,ko,ko,0.547,,0.16,0
마마무,spillover,0,namu.wiki,ko,override,ko,ko,1.0,,0.0,1
마마무,spillover,1,namu.wiki,ko,override,ko,ko,0.714,,0.286,1
마마무,spillover,2,namu.wiki,ko,override,ko,ko,0.919,,0.081,1
마마무,spillover,3,en.wikipedia.org,en,wiki,ko,ko,0.8,,0.2,0
마마무,spillover,4,en.wikipedia.org,en,wiki,ko,ko,0.885,,0.115,0
마마무,spillover,5,en.wikipedia.org,en,wiki,ko,ko,0.926,,0.074,0
마마무,spillover,6,en.wikipedia.org,en,wiki,latin,en,1.111,,1.0,1
마마무,spillover,7,en.wikipedia.org,en,wiki,latin,en,0.636,,1.0,1
마마무,spillover,8,en.wikipedia.org,en,wiki,latin,en,0.796,,1.0,1
마마무,spillover,9,www.allkpop.com,en,override,latin,en,1.587,,1.0,1
마마무,spillover,10,www.allkpop.com,en,override,ko,ko,1.0,,0.0,0
마마무,spillover,11,natalie.mu,ja,override,latin,en,1.332,,1.0,0
마마무,spillover,12,www.infobae.com,es,override,latin,en,1.383,,1.0,0
마마무,spillover,13,hot.detik.com,id,override,ko,ko,0.84,,0.16,0
마마무,spillover,14,www.thairath.co.th,th,override,ko,ko,0.9,,0.1,0
마마무,spillover,15,namu.wiki,ko,override,ko,ko,0.951,,0.049,1
마마무,spillover,16,namu.wiki,ko,override,ko,ko,0.882,,0.118,1
마마무,spillover,17,en.wikipedia.org,en,wiki,ko,ko,0.925,,0.075,0
마마무,spillover,18,en.wikipedia.org,en,wiki,ko,ko,0.837,,0.163,0
마마무,spillover,19,namu.wiki,ko,override,ko,ko,1.0,,0.0,1
마마무,spillover,20,www.yesasia.ru,ru,override,ru,ru,0.653,,0.143,1
마마무,spillover,21,www.ajunews.com,ko,override,ko,ko,0.971,,0.029,1
마마무,spillover,22,v.daum.net,ko,override,ko,ko,0.957,,0.043,1
마마무,spillover,23,www.tenasia.co.kr,ko,tld,ko,ko,0.963,,0.037,1
마마무,spillover,24,namu.wiki,ko,override,ko,ko,1.0,,0.0,1
마마무,spillover,25,namu.wiki,ko,override,ko,ko,1.0,,0.0,1
마마무,spillover,26,ko.wikipedia.org,ko,wiki,ko,ko,0.885,,0.115,1
마마무,spillover,27,vling.net,en,default,ko,ko,0.9,,0.1,0
마마무,spillover,28,v.daum.net,ko,override,ko,ko,0.839,,0.161,1
마마무,spillover,29,www.dispatch.co.kr,ko,tld,ko,ko,0.985,,0.015,1
마마무,spillover,30,www.slist.kr,ko,tld,ko,ko,0.615,,0.385,1
마마무,spillover,31,www.seongdongnews.com,en,default,ko,ko,1.0,,0.0,0
마마무,spillover,32,namu.wiki,ko,override,ko,ko,1.0,,0.0,1
마마무,spillover,33,www.korezin.com,en,default,ko,ko,0.873,,0.127,0
마마무,spillover,34,v.daum.net,ko,override,ko,ko,0.918,,0.082,1
마마무,spillover,35,sports.khan.co.kr,ko,override,ko,ko,0.75,,0.25,1
마마무,spillover,36,www.ilyoseoul.co.kr,ko,tld,ko,ko,0.78,,0.22,1
마마무,spillover,37,www.fnnews.com,ko,override,ko,ko,1.0,,0.0,1
마마무,spillover,38,www.ajunews.com,ko,override,ko,ko,1.0,,0.0,1
마마무,spillover,39,www.mimint.co.kr,ko,tld,ko,ko,0.824,,0.176,1
마마무,spillover,40,www.moment-k.co.kr,ko,tld,ko,ko,1.0,,0.0,1
마마무,spillover,41,www.yakup.com,en,default,ko,ko,0.957,,0.043,0
마마무,spillover,42,namu.wiki,ko,override,ko,ko,0.9,,0.1,1
마마무,spillover,43,namu.wiki,ko,override,ko,ko,0.96,,0.04,1
마마무,spillover,44,namu.wiki,ko,override,ko,ko,1.0,,0.0,1
마마무,spillover,45,namu.wiki,ko,override,ko,ko,0.974,,0.026,1
마마무,spillover,46,namu.wiki,ko,override,ko,ko,0.667,,0.333,1
마마무,spillover,47,namu.wiki,ko,override,ko,ko,0.875,,0.125,1
마마무,spillover,48,namu.wiki,ko,override,ko,ko,0.933,,0.067,1
마마무,spillover,49,www.asiaartistawards.com,en,default,ko,ko,0.852,,0.148,0
마마무,spillover,50,v.daum.net,ko,override,ko,ko,1.0,,0.0,1
마마무,spillover,51,news.qq.com,zh,override,ko,ko,0.575,,0.2,0
마마무,spillover,52,www.nme.com,en,override,ko,ko,0.855,,0.145,0
마마무,spillover,53,au.rollingstone.com,en,default,ko,ko,0.679,,0.321,0
마마무,spillover,54,www.noise11.com,en,default,ko,ko,0.882,,0.118,0
마마무,spillover,55,kpopna.com,en,default,ko,ko,0.6,,0.4,0
마마무,spillover,56,kpop-france.com,en,default,ko,ko,0.718,,0.282,0
마마무,spillover,57,www.lacuarta.com,en,default,ko,ko,0.857,,0.143,0
마마무,spillover,58,www.tvazteca.com,en,default,ko,ko,0.848,,0.152,0
아이오아이,loyalty,0,gulfnews.com,en,default,ko,ko,0.972,,0.028,0
아이오아이,loyalty,1,v.daum.net,ko,override,ko,ko,0.89,,0.11,1
아이오아이,loyalty,2,www.newsis.com,ko,override,ko,ko,1.0,,0.0,1
아이오아이,loyalty,3,news.nate.com,ko,override,ko,ko,1.0,,0.0,1
아이오아이,loyalty,4,en.sedaily.com,ko,override,ko,ko,0.827,,0.173,1
아이오아이,loyalty,5,en.wikipedia.org,en,wiki,ko,ko,0.625,,0.375,0
아이오아이,loyalty,6,en.wikipedia.org,en,wiki,ko,ko,0.739,,0.261,0
아이오아이,loyalty,7,en.wikipedia.org,en,wiki,ko,ko,0.774,,0.226,0
아이오아이,loyalty,8,en.wikipedia.org,en,wiki,ko,ko,0.633,,0.367,0
아이오아이,loyalty,9,en.wikipedia.org,en,wiki,ko,ko,0.66,,0.34,0
아이오아이,loyalty,10,namu.wiki,ko,override,latin,en,0.974,,0.978,0
아이오아이,loyalty,11,namu.wiki,ko,override,latin,en,1.37,,1.0,0
아이오아이,loyalty,12,www.starnewskorea.com,en,override,latin,en,1.168,,0.964,1
아이오아이,loyalty,13,v.daum.net,ko,override,ko,ko,0.924,,0.076,1
아이오아이,loyalty,14,sports.khan.co.kr,ko,override,ko,ko,0.958,,0.042,1
아이오아이,loyalty,15,namu.wiki,ko,override,ko,ko,0.9,,0.1,1
아이오아이,loyalty,16,www.starnewskorea.com,en,override,ko,ko,0.964,,0.036,0
아이오아이,loyalty,17,www.malaymail.com,en,override,ko,ko,1.0,,0.0,0
아이오아이,loyalty,18,www.malaymail.com,en,override,ko,ko,1.0,,0.0,0
아이오아이,loyalty,19,news.tf.co.kr,ko,tld,ko,ko,1.0,,0.0,1
아이오아이,loyalty,20,www.tenasia.co.kr,ko,tld,ko,ko,1.0,,0.0,1
아이오아이,loyalty,21,www.hk01.com,zh,override,ko,ko,0.633,,0.367,0
아이오아이,loyalty,22,www.koreastardaily.com,en,default,ko,ko,0.818,,0.091,0
아이오아이,loyalty,23,batampos.jawapos.com,en,default,ko,ko,0.923,,0.077,0
아이오아이,loyalty,24,wartasidoarjo.pikiran-rakyat.com,en,default,ko,ko,0.87,,0.13,0
아이오아이,loyalty,25,www.thairath.co.th,th,override,latin,en,0.546,,0.614,0
아이오아이,loyalty,26,www.thairath.co.th,th,override,ko,ko,0.85,,0.15,0
아이오아이,loyalty,27,www.thairath.co.th,th,override,ko,ko,0.889,,0.111,0
아이오아이,loyalty,28,www.khaosod.co.th,th,override,ko,ko,0.889,,0.111,0
아이오아이,loyalty,29,www.matichon.co.th,th,override,ko,ko,0.515,,0.485,0
아이오아이,loyalty,30,www.sanook.com,th,override,latin,en,0.546,,0.871,0
아이오아이,loyalty,31,mgronline.com,th,override,ko,ko,0.515,,0.485,0
아이오아이,loyalty,32,www.dailynews.co.th,th,tld,ko,ko,0.88,,0.12,0
아이오아이,loyalty,33,muctim.tuoitre.vn,vi,override,ko,ko,0.893,,0.107,0
아이오아이,loyalty,34,kpop-france.com,en,default,ko,ko,0.639,,0.361,0
아이오아이,loyalty,35,m.news.nate.com,ko,override,ko,ko,1.0,,0.0,1
아이오아이,loyalty,36,mb.com.ph,tl,override,ko,ko,1.0,,0.0,0
아이오아이,loyalty,37,namu.wiki,ko,override,ko,ko,1.0,,0.0,1
아이오아이,loyalty,38,namu.wiki,ko,override,ko,ko,0.554,,0.446,1
아이오아이,loyalty,39,www.insight.co.kr,ko,tld,ko,ko,0.947,,0.053,1
아이오아이,loyalty,40,sports.khan.co.kr,ko,override,ko,ko,0.663,,0.337,1
아이오아이,loyalty,41,k.sina.com.cn,zh,override,ko,ko,0.698,,0.233,0
아이오아이,loyalty,42,style.udn.com,zh,override,ko,ko,0.489,,0.12,0
아이오아이,loyalty,43,www.sina.cn,zh,tld,ko,ko,0.715,,0.066,0
아이오아이,loyalty,44,www.sina.cn,zh,tld,ko,ko,0.699,,0.132,0
아이오아이,spillover,0,www.stardailynews.co.kr,ko,tld,ko,ko,0.968,,0.032,1
아이오아이,spillover,1,en.sedaily.com,ko,override,ko,ko,0.98,,0.02,1
아이오아이,spillover,2,en.sedaily.com,ko,override,ko,ko,1.0,,0.0,1
아이오아이,spillover,3,en.wikipedia.org,en,wiki,ko,ko,0.647,,0.353,0
아이오아이,spillover,4,en.wikipedia.org,en,wiki,ko,ko,0.826,,0.174,0
아이오아이,spillover,5,en.wikipedia.org,en,wiki,ko,ko,0.722,,0.278,0
아이오아이,spillover,6,en.wikipedia.org,en,wiki,latin,en,1.242,,1.0,1
아이오아이,spillover,7,en.wikipedia.org,en,wiki,latin,en,1.228,,1.0,1
아이오아이,spillover,8,en.wikipedia.org,en,wiki,latin,en,0.638,,1.0,1
아이오아이,spillover,9,www.starnewskorea.com,en,override,latin,en,0.741,,1.0,1
아이오아이,spillover,10,www.hankookilbo.com,ko,override,ko,ko,1.0,,0.0,1
아이오아이,spillover,11,en.wikipedia.org,en,wiki,ko,ko,0.56,,0.44,0
아이오아이,spillover,12,en.wikipedia.org,en,wiki,ko,ko,0.733,,0.267,0
아이오아이,spillover,13,en.wikipedia.org,en,wiki,latin,en,1.377,,0.545,1
아이오아이,spillover,14,en.wikipedia.org,en,wiki,ko,ko,0.741,,0.259,0
아이오아이,spillover,15,namu.wiki,ko,override,ko,ko,1.0,,0.0,1
아이오아이,spillover,16,www.ajunews.com,ko,override,ko,ko,0.963,,0.037,1
아이오아이,spillover,17,tvreport.co.kr,ko,override,ko,ko,0.973,,0.027,1
아이오아이,spillover,18,www.twig24.com,ko,override,ko,ko,0.902,,0.098,1
아이오아이,spillover,19,www.harpersbazaar.co.kr,ko,tld,ko,ko,0.921,,0.079,1
아이오아이,spillover,20,www.harpersbazaar.co.kr,ko,tld,ko,ko,0.94,,0.06,1
아이오아이,spillover,21,kstyle.com,en,default,ko,ko,0.54,,0.46,0
아이오아이,spillover,22,v.daum.net,ko,override,ko,ko,0.938,,0.062,1
아이오아이,spillover,23,www.harpersbazaar.co.kr,ko,tld,ko,ko,0.909,,0.091,1
아이오아이,spillover,24,www.harpersbazaar.co.kr,ko,tld,ko,ko,0.841,,0.159,1
아이오아이,spillover,25,www.mbn.co.kr,ko,tld,ko,ko,0.823,,0.177,1
아이오아이,spillover,26,www.chosun.com,ko,override,ko,ko,0.923,,0.077,1
아이오아이,spillover,27,www.youtube.com,en,override,ko,ko,0.662,,0.338,0
아이오아이,spillover,28,namu.wiki,ko,override,ko,ko,1.0,,0.0,1
아이오아이,spillover,29,www.sedaily.com,ko,override,ko,ko,0.809,,0.191,1
아이오아이,spillover,30,www.korezin.com,en,default,ko,ko,0.881,,0.119,0
아이오아이,spillover,31,www.sedaily.com,ko,override,ko,ko,0.945,,0.055,1
아이오아이,spillover,32,seoulfn.com,en,default,ko,ko,0.919,,0.081,0
아이오아이,spillover,33,namu.wiki,ko,override,ko,ko,0.915,,0.085,1
아이오아이,spillover,34,namu.wiki,ko,override,ko,ko,0.957,,0.043,1
아이오아이,spillover,35,namu.wiki,ko,override,ko,ko,0.805,,0.195,1
아이오아이,spillover,36,namu.wiki,ko,override,ko,ko,0.978,,0.022,1
아이오아이,spillover,37,namu.wiki,ko,override,ko,ko,1.0,,0.0,1
아이오아이,spillover,38,sportsseoulweb.jp,ja,tld,ko,ko,0.992,,0.008,0
아이오아이,spillover,39,www.topstarnews.net,ko,override,ko,ko,0.901,,0.099,1
아이오아이,spillover,40,www.topstarnews.net,ko,override,ko,ko,0.917,,0.083,1
아이오아이,spillover,41,v.daum.net,ko,override,ko,ko,1.0,,0.0,1
아이오아이,spillover,42,www.starnewskorea.com,en,override,ko,ko,0.924,,0.076,0
아이오아이,spillover,43,v.daum.net,ko,override,ko,ko,1.0,,0.0,1
아이오아이,spillover,44,www.topstarnews.net,ko,override,ko,ko,0.929,,0.071,1
아이오아이,spillover,45,www.marieclairekorea.com,en,default,ko,ko,1.0,,0.0,0
아이오아이,spillover,46,sports.khan.co.kr,ko,override,ko,ko,0.967,,0.033,1
아이오아이,spillover,47,www.bbd.com.hk,zh,tld,ko,ko,0.667,,0.178,0
아이오아이,spillover,48,www.163.com,zh,override,ko,ko,0.835,,0.027,0
아이오아이,spillover,49,www.bloglabanana.com,en,default,ko,ko,0.739,,0.261,0
Hearts2Hearts,loyalty,0,www.soompi.com,en,override,ko,ko,0.795,,0.205,0
Hearts2Hearts,loyalty,1,www.soompi.com,en,override,ko,ko,0.652,,0.348,0
Hearts2Hearts,loyalty,2,news.nate.com,ko,override,ko,ko,0.964,,0.036,1
Hearts2Hearts,loyalty,3,x.com,en,override,ko,ko,0.918,,0.082,0
Hearts2Hearts,loyalty,4,en.wikipedia.org,en,wiki,ko,ko,1.0,,0.0,0
Hearts2Hearts,loyalty,5,en.wikipedia.org,en,wiki,ko,ko,1.0,,0.0,0
Hearts2Hearts,loyalty,6,en.wikipedia.org,en,wiki,ko,ko,0.63,,0.37,0
Hearts2Hearts,loyalty,7,en.wikipedia.org,en,wiki,ko,ko,0.655,,0.345,0
Hearts2Hearts,loyalty,8,en.wikipedia.org,en,wiki,latin,en,1.396,,1.0,1
Hearts2Hearts,loyalty,9,en.wikipedia.org,en,wiki,latin,en,0.917,,1.0,1
Hearts2Hearts,loyalty,10,en.wikipedia.org,en,wiki,latin,en,1.329,,1.0,1
Hearts2Hearts,loyalty,11,www.allkpop.com,en,override,latin,en,0.857,,1.0,1
Hearts2Hearts,loyalty,12,www.seoulvibes.net,en,default,ko,ko,0.765,,0.235,0
Hearts2Hearts,loyalty,13,x.com,en,override,ko,ko,0.73,,0.27,0
Hearts2Hearts,loyalty,14,x.com,en,override,ko,ko,0.689,,0.311,0
Hearts2Hearts,loyalty,15,weverse.io,en,default,ko,ko,0.661,,0.339,0
Hearts2Hearts,loyalty,16,www.rctiplus.com,en,default,ko,ko,0.81,,0.19,0
Hearts2Hearts,loyalty,17,wolipop.detik.com,id,override,ko,ko,1.0,,0.0,0
Hearts2Hearts,loyalty,18,namu.wiki,ko,override,ko,ko,1.0,,0.0,1
Hearts2Hearts,loyalty,19,namu.wiki,ko,override,ko,ko,0.956,,0.044,1
Hearts2Hearts,loyalty,20,c.m.163.com,zh,override,ko,ko,0.854,,0.062,0
Hearts2Hearts,loyalty,21,entertainment.kompas.com,id,override,ko,ko,0.589,,0.411,0
Hearts2Hearts,loyalty,22,rri.co.id,id,tld,latin,id,1.561,,0.556,1
Hearts2Hearts,loyalty,23,www.idntimes.com,id,override,ko,ko,0.535,,0.465,0
Hearts2Hearts,loyalty,24,x.com,en,override,ko,ko,0.526,,0.474,0
Hearts2Hearts,loyalty,25,h2hcalendar.com,en,default,ko,ko,0.788,,0.212,0
Hearts2Hearts,loyalty,26,arakpop.com,en,default,ko,ko,0.616,,0.384,0
Hearts2Hearts,spillover,0,www.allkpop.com,en,override,ko,ko,0.988,,0.012,0
Hearts2Hearts,spillover,1,www.prnewswire.com,en,default,ko,ko,0.786,,0.214,0
Hearts2Hearts,spillover,2,biz.kompas.com,id,override,ko,ko,0.709,,0.291,0
Hearts2Hearts,spillover,3,www.koreaherald.com,en,override,ko,ko,0.976,,0.024,0
Hearts2Hearts,spillover,4,x.com,en,override,ko,ko,0.871,,0.129,0
Hearts2Hearts,spillover,5,en.wikipedia.org,en,wiki,ko,ko,0.939,,0.061,0
Hearts2Hearts,spillover,6,en.wikipedia.org,en,wiki,ko,ko,0.757,,0.243,0
Hearts2Hearts,spillover,7,en.wikipedia.org,en,wiki,ko,ko,0.915,,0.085,0
Hearts2Hearts,spillover,8,en.wikipedia.org,en,wiki,ko,ko,1.0,,0.0,0
Hearts2Hearts,spillover,9,en.wikipedia.org,en,wiki,ko,ko,1.0,,0.0,0
Hearts2Hearts,spillover,10,en.wikipedia.org,en,wiki,latin,en,0.942,,1.0,1
Hearts2Hearts,spillover,11,en.wikipedia.org,en,wiki,latin,en,1.415,,1.0,1
Hearts2Hearts,spillover,12,en.wikipedia.org,en,wiki,latin,en,1.49,,1.0,1
Hearts2Hearts,spillover,13,mb.com.ph,tl,override,latin,en,0.999,,1.0,0
Hearts2Hearts,spillover,14,www.allkpop.com,en,override,latin,en,1.198,,1.0,1
Hearts2Hearts,spillover,15,www.soompi.com,en,override,latin,en,0.564,,1.0,1
Hearts2Hearts,spillover,16,www.seoulvibes.net,en,default,ko,ko,0.826,,0.174,0
Hearts2Hearts,spillover,17,www.oricon.co.jp,ja,tld,latin,en,1.418,,1.0,0
Hearts2Hearts,spillover,18,www.oricon.co.jp,ja,tld,latin,en,1.012,,1.0,0
Hearts2Hearts,spillover,19,www.oricon.co.jp,ja,tld,latin,en,0.578,,1.0,0
Hearts2Hearts,spillover,20,www.oricon.co.jp,ja,tld,latin,en,1.345,,1.0,0
Hearts2Hearts,spillover,21,namu.wiki,ko,override,ko,ko,0.697,,0.303,1
Hearts2Hearts,spillover,22,namu.wiki,ko,override,ko,ko,0.651,,0.349,1
Hearts2Hearts,spillover,23,namu.wiki,ko,override,ko,ko,0.782,,0.218,1
Hearts2Hearts,spillover,24,en.antaranews.com,id,override,ko,ko,1.0,,0.0,0
Hearts2Hearts,spillover,25,news.detik.com,id,override,ko,ko,1.0,,0.0,0
Hearts2Hearts,spillover,26,www.rctiplus.com,en,default,ko,ko,0.904,,0.096,0
Hearts2Hearts,spillover,27,www.idntimes.com,id,override,ko,ko,0.949,,0.051,0
Hearts2Hearts,spillover,28,www.detik.com,id,override,ko,ko,1.0,,0.0,0
Hearts2Hearts,spillover,29,bogor.tribunnews.com,id,override,ko,ko,0.911,,0.089,0
Hearts2Hearts,spillover,30,mdpr.jp,ja,tld,latin,en,0.669,,0.599,0
Hearts2Hearts,spillover,31,v.daum.net,ko,override,ko,ko,1.0,,0.0,1
Hearts2Hearts,spillover,32,www.etnews.com,en,default,ko,ko,0.578,,0.422,0
Hearts2Hearts,spillover,33,v.daum.net,ko,override,ko,ko,0.85,,0.15,1
Hearts2Hearts,spillover,34,mobile.busan.com,en,default,ko,ko,0.912,,0.088,0
Hearts2Hearts,spillover,35,namu.wiki,ko,override,ko,ko,0.692,,0.308,1
Hearts2Hearts,spillover,36,namu.wiki,ko,override,ko,ko,0.842,,0.158,1
Hearts2Hearts,spillover,37,ko.wikipedia.org,ko,wiki,latin,en,0.059,,0.529,0
Hearts2Hearts,spillover,38,namu.wiki,ko,override,ko,ko,0.591,,0.213,1
Hearts2Hearts,spillover,39,v.daum.net,ko,override,ko,ko,0.85,,0.15,1
Hearts2Hearts,spillover,40,www.youtube.com,en,override,ko,ko,0.559,,0.441,0
Hearts2Hearts,spillover,41,www.hankookilbo.com,ko,override,ko,ko,0.77,,0.23,1
Hearts2Hearts,spillover,42,www.korezin.com,en,default,ko,ko,0.657,,0.343,0
Hearts2Hearts,spillover,43,en.wikipedia.org,en,wiki,ko,ko,0.595,,0.405,0
Hearts2Hearts,spillover,44,namu.wiki,ko,override,latin,en,0.702,,0.796,0
Hearts2Hearts,spillover,45,namu.wiki,ko,override,ko,ko,0.635,,0.365,1
Hearts2Hearts,spillover,46,news.nate.com,ko,override,ko,ko,0.75,,0.25,1
Hearts2Hearts,spillover,47,www.bntnews.co.kr,ko,tld,ko,ko,0.967,,0.033,1
Hearts2Hearts,spillover,48,www.news1.kr,ko,override,ko,ko,1.0,,0.0,1
Hearts2Hearts,spillover,49,www.newsis.com,ko,override,ko,ko,1.0,,0.0,1
Hearts2Hearts,spillover,50,namu.wiki,ko,override,ko,ko,0.534,,0.466,1
Hearts2Hearts,spillover,51,namu.wiki,ko,override,ko,ko,0.923,,0.077,1
Hearts2Hearts,spillover,52,namu.wiki,ko,override,ko,ko,0.593,,0.407,1
Hearts2Hearts,spillover,53,namu.wiki,ko,override,ko,ko,0.692,,0.308,1
Hearts2Hearts,spillover,54,namu.wiki,ko,override,latin,en,0.137,,0.609,0
Hearts2Hearts,spillover,55,namu.wiki,ko,override,ko,ko,0.571,,0.429,1
Hearts2Hearts,spillover,56,namu.wiki,ko,override,latin,en,0.353,,0.529,0
Hearts2Hearts,spillover,57,www.hankooki.com,en,default,ko,ko,0.877,,0.123,0
Hearts2Hearts,spillover,58,v.daum.net,ko,override,ko,ko,0.992,,0.008,1
Hearts2Hearts,spillover,59,v.daum.net,ko,override,ko,ko,0.966,,0.034,1
Hearts2Hearts,spillover,60,www.wkorea.com,en,default,ko,ko,0.987,,0.013,0
Hearts2Hearts,spillover,61,m.view.nate.com,en,default,ko,ko,0.961,,0.039,0
Hearts2Hearts,spillover,62,www.wkorea.com,en,default,ko,ko,0.988,,0.012,0
Hearts2Hearts,spillover,63,www.news1.kr,ko,override,ko,ko,0.972,,0.028,1
Hearts2Hearts,spillover,64,star.ettoday.net,zh,override,ko,ko,0.458,,0.277,0
Hearts2Hearts,spillover,65,style.udn.com,zh,override,ko,ko,0.843,,0.157,0
Hearts2Hearts,spillover,66,www.rctiplus.com,en,default,latin,id,2.811,,0.596,0
Hearts2Hearts,spillover,67,www.cnnindonesia.com,id,override,ko,ko,0.505,,0.495,0
Hearts2Hearts,spillover,68,wolipop.detik.com,id,override,ko,ko,0.631,,0.369,0
Hearts2Hearts,spillover,69,carvaganza.com,en,default,ko,ko,0.671,,0.329,0
Hearts2Hearts,spillover,70,www.pinkvilla.com,en,default,ko,ko,0.714,,0.286,0
Hearts2Hearts,spillover,71,namu.wiki,ko,override,ko,ko,0.701,,0.299,1
Hearts2Hearts,spillover,72,h2hcalendar.com,en,default,ko,ko,0.652,,0.348,0
Hearts2Hearts,spillover,73,www.koreanzone.fr,fr,tld,ko,ko,0.64,,0.36,0
Hearts2Hearts,spillover,74,conkdekpop.com,en,default,ko,ko,0.772,,0.228,0
워너원,loyalty,0,www.edaily.co.kr,ko,override,ko,ko,0.981,,0.019,1
워너원,loyalty,1,www.munhwa.com,ko,override,ko,ko,1.0,,0.0,1
워너원,loyalty,2,www.earticle.net,en,default,ko,ko,0.881,,0.119,0
워너원,loyalty,3,www.allkpop.com,en,override,ko,ko,0.937,,0.063,0
워너원,loyalty,4,v.daum.net,ko,override,ko,ko,1.0,,0.0,1
워너원,loyalty,5,en.wikipedia.org,en,wiki,ko,ko,1.0,,0.0,0
워너원,loyalty,6,en.wikipedia.org,en,wiki,ko,ko,1.0,,0.0,0
워너원,loyalty,7,en.wikipedia.org,en,wiki,ko,ko,1.0,,0.0,0
워너원,loyalty,8,en.wikipedia.org,en,wiki,ko,ko,0.886,,0.114,0
워너원,loyalty,9,en.wikipedia.org,en,wiki,ko,ko,0.865,,0.135,0
워너원,loyalty,10,namu.wiki,ko,override,latin,en,1.517,,0.963,0
워너원,loyalty,11,en.wikipedia.org,en,wiki,latin,en,1.293,,1.0,1
워너원,loyalty,12,namu.wiki,ko,override,latin,en,1.099,,1.0,0
워너원,loyalty,13,nocutnews.co.kr,ko,tld,ko,ko,1.0,,0.0,1
워너원,loyalty,14,www.hankookilbo.com,ko,override,ko,ko,1.0,,0.0,1
워너원,loyalty,15,biz.heraldcorp.com,ko,override,ko,ko,1.0,,0.0,1
워너원,loyalty,16,enews.imbc.com,en,default,ko,ko,1.0,,0.0,0
워너원,loyalty,17,www.thairath.co.th,th,override,ko,ko,0.646,,0.354,0
워너원,loyalty,18,kenh14.vn,vi,override,ko,ko,0.925,,0.075,0
워너원,loyalty,19,star.ettoday.net,zh,override,ko,ko,0.756,,0.229,0
워너원,loyalty,20,star.ettoday.net,zh,override,ko,ko,0.877,,0.123,0
워너원,loyalty,21,biz.heraldcorp.com,ko,override,ko,ko,1.0,,0.0,1
워너원,loyalty,22,m.segye.com,ko,override,ko,ko,1.0,,0.0,1
워너원,loyalty,23,www.mpweekly.com,en,default,ko,ko,0.857,,0.0,0
워너원,loyalty,24,hot.detik.com,id,override,ko,ko,1.0,,0.0,0
워너원,loyalty,25,hot.detik.com,id,override,ko,ko,1.0,,0.0,0
워너원,loyalty,26,www.idntimes.com,id,override,ko,ko,1.0,,0.0,0
워너원,loyalty,27,workpointtoday.com,th,override,latin,en,0.882,,0.675,0
워너원,loyalty,28,www.sanook.com,th,override,ko,ko,0.636,,0.364,0
워너원,loyalty,29,workpointtoday.com,th,override,ko,ko,1.0,,0.0,0
워너원,loyalty,30,mgronline.com,th,override,ko,ko,1.0,,0.0,0
워너원,loyalty,31,www.sanook.com,th,override,ko,ko,1.0,,0.0,0
워너원,loyalty,32,musicstation.kapook.com,th,override,latin,en,1.014,,0.881,0
워너원,loyalty,33,mgronline.com,th,override,ko,ko,1.0,,0.0,0
워너원,loyalty,34,www.sanook.com,th,override,latin,en,1.014,,0.925,0
워너원,loyalty,35,www.sanook.com,th,override,ko,ko,1.0,,0.0,0
워너원,loyalty,36,www.yesasia.ru,ru,override,ko,ko,0.75,,0.25,0
워너원,loyalty,37,dantri.com.vn,vi,tld,ko,ko,1.0,,0.0,0
워너원,loyalty,38,www.saostar.vn,vi,tld,ko,ko,1.0,,0.0,0
워너원,loyalty,39,thanhnien.vn,vi,override,ko,ko,1.0,,0.0,0
워너원,loyalty,40,www.rappler.com,tl,override,ko,ko,0.744,,0.256,0
워너원,loyalty,41,mb.com.ph,tl,override,ko,ko,1.0,,0.0,0
워너원,loyalty,42,mdpr.jp,ja,tld,ko,ko,0.902,,0.098,0
워너원,loyalty,43,v.daum.net,ko,override,ko,ko,1.0,,0.0,1
워너원,loyalty,44,kangdaniel.bstage.in,en,default,ko,ko,0.962,,0.038,0
워너원,loyalty,45,v.daum.net,ko,override,ko,ko,0.798,,0.202,1
워너원,loyalty,46,www.hk01.com,zh,override,ko,ko,0.528,,0.236,0
워너원,loyalty,47,ar.wikipedia.org,ar,wiki,ko,ko,0.896,,0.104,0
워너원,spillover,0,www.hankyung.com,ko,override,ko,ko,1.0,,0.0,1
워너원,spillover,1,www.jangup.com,en,default,ko,ko,1.0,,0.0,0
워너원,spillover,2,v.daum.net,ko,override,ko,ko,1.0,,0.0,1
워너원,spillover,3,www.munhwa.com,ko,override,ko,ko,0.91,,0.09,1
워너원,spillover,4,en.wikipedia.org,en,wiki,ko,ko,1.0,,0.0,0
워너원,spillover,5,en.wikipedia.org,en,wiki,ko,ko,1.0,,0.0,0
워너원,spillover,6,en.wikipedia.org,en,wiki,ko,ko,1.0,,0.0,0
워너원,spillover,7,en.wikipedia.org,en,wiki,ko,ko,0.575,,0.425,0
워너원,spillover,8,en.wikipedia.org,en,wiki,latin,en,1.704,,1.0,1
워너원,spillover,9,en.wikipedia.org,en,wiki,latin,en,1.121,,1.0,1
워너원,spillover,10,en.wikipedia.org,en,wiki,latin,en,1.272,,1.0,1
워너원,spillover,11,www.starnewskorea.com,en,override,latin,en,1.354,,1.0,1
워너원,spillover,12,www.allkpop.com,en,override,latin,en,1.248,,1.0,1
워너원,spillover,13,www.koreatimes.co.kr,en,override,ko,ko,0.825,,0.175,0
워너원,spillover,14,www.oricon.co.jp,ja,tld,latin,en,0.988,,1.0,0
워너원,spillover,15,www.oricon.co.jp,ja,tld,latin,en,1.251,,1.0,0
워너원,spillover,16,www.oricon.co.jp,ja,tld,latin,en,1.12,,1.0,0
워너원,spillover,17,www.oricon.co.jp,ja,tld,latin,en,1.205,,1.0,0
워너원,spillover,18,www.oricon.co.jp,ja,tld,latin,en,1.018,,1.0,0
워너원,spillover,19,v.daum.net,ko,override,ko,ko,1.0,,0.0,1
워너원,spillover,20,kenh14.vn,vi,override,ko,ko,0.959,,0.041,0
워너원,spillover,21,en.wikipedia.org,en,wiki,ko,ko,1.0,,0.0,0
워너원,spillover,22,en.wikipedia.org,en,wiki,ko,ko,0.815,,0.185,0
워너원,spillover,23,en.wikipedia.org,en,wiki,ko,ko,0.77,,0.23,0
워너원,spillover,24,en.wikipedia.org,en,wiki,ko,ko,0.745,,0.255,0
워너원,spillover,25,en.wikipedia.org,en,wiki,ko,ko,0.745,,0.255,0
워너원,spillover,26,namu.wiki,ko,override,ko,ko,0.975,,0.025,1
워너원,spillover,27,star.ettoday.net,zh,override,ko,ko,0.848,,0.152,0
워너원,spillover,28,www.yesasia.ru,ru,override,ko,ko,0.507,,0.493,0
워너원,spillover,29,www.newsis.com,ko,override,ko,ko,0.93,,0.0,1
워너원,spillover,30,www.hankookilbo.com,ko,override,ko,ko,0.981,,0.019,1
워너원,spillover,31,www.sportsq.co.kr,ko,tld,ko,ko,1.0,,0.0,1
워너원,spillover,32,isplus.com,ko,override,ko,ko,0.958,,0.042,1
워너원,spillover,33,v.daum.net,ko,override,ko,ko,0.959,,0.041,1
워너원,spillover,34,www.hankookilbo.com,ko,override,ko,ko,0.948,,0.052,1
워너원,spillover,35,www.starnewskorea.com,en,override,ko,ko,0.945,,0.055,0
워너원,spillover,36,www.starnewskorea.com,en,override,ko,ko,0.961,,0.039,0
워너원,spillover,37,natalie.mu,ja,override,ko,ko,0.554,,0.446,0
워너원,spillover,38,namu.wiki,ko,override,ko,ko,0.944,,0.056,1
워너원,spillover,39,namu.wiki,ko,override,ko,ko,1.0,,0.0,1
워너원,spillover,40,www.dtnews24.com,en,default,ko,ko,0.942,,0.058,0
워너원,spillover,41,namu.wiki,ko,override,ko,ko,0.676,,0.324,1
워너원,spillover,42,www.youtube.com,en,override,ko,ko,0.661,,0.339,0
워너원,spillover,43,namu.wiki,ko,override,ko,ko,1.0,,0.0,1
워너원,spillover,44,namu.wiki,ko,override,ko,ko,0.905,,0.095,1
워너원,spillover,45,www.sportsseoul.com,ko,override,ko,ko,0.983,,0.017,1
워너원,spillover,46,www.korezin.com,en,default,ko,ko,1.0,,0.0,0
워너원,spillover,47,en.wikipedia.org,en,wiki,ko,ko,0.908,,0.092,0
워너원,spillover,48,namu.wiki,ko,override,ko,ko,0.667,,0.333,1
워너원,spillover,49,sports.khan.co.kr,ko,override,ko,ko,0.843,,0.157,1
워너원,spillover,50,www.hankyung.com,ko,override,ko,ko,0.881,,0.119,1
워너원,spillover,51,www.newswire.co.kr,ko,tld,ko,ko,0.833,,0.167,1
워너원,spillover,52,sports.donga.com,ko,override,ko,ko,0.864,,0.136,1
워너원,spillover,53,namu.wiki,ko,override,ko,ko,0.862,,0.138,1
워너원,spillover,54,namu.wiki,ko,override,ko,ko,0.697,,0.303,1
워너원,spillover,55,namu.wiki,ko,override,ko,ko,0.897,,0.103,1
워너원,spillover,56,namu.wiki,ko,override,ko,ko,1.0,,0.0,1
워너원,spillover,57,namu.wiki,ko,override,ko,ko,0.962,,0.038,1
워너원,spillover,58,sports.khan.co.kr,ko,override,ko,ko,1.0,,0.0,1
워너원,spillover,59,www.fnnews.com,ko,override,ko,ko,0.859,,0.141,1
워너원,spillover,60,www.slist.kr,ko,tld,ko,ko,1.0,,0.0,1
워너원,spillover,61,isplus.com,ko,override,ko,ko,0.939,,0.061,1
워너원,spillover,62,www.hankookilbo.com,ko,override,ko,ko,0.97,,0.03,1
워너원,spillover,63,v.daum.net,ko,override,ko,ko,1.0,,0.0,1
워너원,spillover,64,namu.wiki,ko,override,ko,ko,0.711,,0.289,1
워너원,spillover,65,sports.khan.co.kr,ko,override,ko,ko,0.971,,0.029,1
워너원,spillover,66,www.thinkfood.co.kr,ko,tld,ko,ko,1.0,,0.0,1
워너원,spillover,67,www.segye.com,ko,override,ko,ko,1.0,,0.0,1
워너원,spillover,68,namu.wiki,ko,override,ko,ko,1.0,,0.0,1
워너원,spillover,69,m.segye.com,ko,override,ko,ko,0.936,,0.064,1
워너원,spillover,70,www.sina.cn,zh,tld,ko,ko,0.833,,0.167,0
워너원,spillover,71,star.ettoday.net,zh,override,ko,ko,0.583,,0.115,0
워너원,spillover,72,news.mingpao.com,en,default,ko,ko,0.493,,0.366,0
워너원,spillover,73,www.unesco.org,en,default,ko,ko,0.709,,0.291,0
워너원,spillover,74,www.bloglabanana.com,en,default,ko,ko,0.889,,0.111,0
아일릿,loyalty,0,v.daum.net,ko,override,ko,ko,0.873,,0.127,1
아일릿,loyalty,1,www.newsis.com,ko,override,ko,ko,0.704,,0.296,1
아일릿,loyalty,2,namu.wiki,ko,override,ko,ko,0.934,,0.066,1
아일릿,loyalty,3,sports.khan.co.kr,ko,override,ko,ko,0.621,,0.379,1
아일릿,loyalty,4,news.nate.com,ko,override,ko,ko,0.75,,0.25,1
아일릿,loyalty,5,en.wikipedia.org,en,wiki,ko,ko,0.765,,0.235,0
아일릿,loyalty,6,en.wikipedia.org,en,wiki,ko,ko,0.545,,0.455,0
아일릿,loyalty,7,en.wikipedia.org,en,wiki,ko,ko,0.536,,0.464,0
아일릿,loyalty,8,en.wikipedia.org,en,wiki,ko,ko,0.787,,0.213,0
아일릿,loyalty,9,namu.wiki,ko,override,latin,en,1.462,,1.0,0
아일릿,loyalty,10,en.wikipedia.org,en,wiki,latin,en,1.224,,1.0,1
아일릿,loyalty,11,kstationtv.com,en,default,latin,en,1.166,,1.0,1
아일릿,loyalty,12,namu.wiki,ko,override,ko,ko,0.896,,0.104,1
아일릿,loyalty,13,v.daum.net,ko,override,ko,ko,0.909,,0.091,1
아일릿,loyalty,14,www.detik.com,id,override,ko,ko,0.769,,0.231,0
아일릿,loyalty,15,www.idntimes.com,id,override,ko,ko,0.83,,0.17,0
아일릿,loyalty,16,news.yahoo.co.jp,ja,tld,ko,ko,1.0,,0.0,0
아일릿,loyalty,17,www.oricon.co.jp,ja,tld,ko,ko,1.0,,0.0,0
아일릿,loyalty,18,news.tf.co.kr,ko,tld,ko,ko,0.952,,0.048,1
아일릿,loyalty,19,v.daum.net,ko,override,ko,ko,0.97,,0.03,1
아일릿,loyalty,20,news.tf.co.kr,ko,tld,ko,ko,0.831,,0.169,1
아일릿,loyalty,21,prtimes.jp,ja,tld,ko,ko,0.587,,0.413,0
아일릿,loyalty,22,news.yahoo.co.jp,ja,tld,ko,ko,0.569,,0.431,0
아일릿,loyalty,23,www.detik.com,id,override,ko,ko,0.548,,0.452,0
아일릿,loyalty,24,20.detik.com,id,override,ko,ko,0.821,,0.179,0
아일릿,loyalty,25,www.idntimes.com,id,override,ko,ko,0.667,,0.333,0
아일릿,loyalty,26,www.topstarnews.net,ko,override,ko,ko,0.872,,0.128,1
아일릿,loyalty,27,www.soyuz.ru,ru,tld,ko,ko,0.633,,0.367,0
아일릿,loyalty,28,www.soyuz.ru,ru,tld,ko,ko,0.594,,0.406,0
아일릿,loyalty,29,sports.khan.co.kr,ko,override,ko,ko,0.878,,0.122,1
아일릿,loyalty,30,blog.delivered.co.kr,ko,tld,ko,ko,0.56,,0.44,1
아일릿,spillover,0,www.koreaherald.com,en,override,ko,ko,0.962,,0.038,0
아일릿,spillover,1,sports.khan.co.kr,ko,override,ko,ko,0.934,,0.066,1
아일릿,spillover,2,www.topstarnews.net,ko,override,ko,ko,0.844,,0.156,1
아일릿,spillover,3,www.mhnse.com,en,default,ko,ko,0.939,,0.061,0
아일릿,spillover,4,en.wikipedia.org,en,wiki,ko,ko,0.8,,0.2,0
아일릿,spillover,5,en.wikipedia.org,en,wiki,ko,ko,0.775,,0.225,0
아일릿,spillover,6,en.wikipedia.org,en,wiki,ko,ko,0.543,,0.457,0
아일릿,spillover,7,en.wikipedia.org,en,wiki,ko,ko,1.0,,0.0,0
아일릿,spillover,8,en.wikipedia.org,en,wiki,latin,en,1.184,,1.0,1
아일릿,spillover,9,en.wikipedia.org,en,wiki,latin,en,0.961,,1.0,1
아일릿,spillover,10,en.wikipedia.org,en,wiki,latin,en,0.877,,1.0,1
아일릿,spillover,11,www.soompi.com,en,override,latin,en,0.942,,1.0,1
아일릿,spillover,12,www.soompi.com,en,override,latin,en,0.936,,1.0,1
아일릿,spillover,13,www.billboard.com,en,override,ko,ko,0.759,,0.241,0
아일릿,spillover,14,www.oricon.co.jp,ja,tld,latin,en,1.408,,1.0,0
아일릿,spillover,15,www.oricon.co.jp,ja,tld,latin,en,0.885,,1.0,0
아일릿,spillover,16,www.oricon.co.jp,ja,tld,latin,en,1.611,,1.0,0
아일릿,spillover,17,weibo.com,zh,override,latin,en,0.969,,1.0,0
아일릿,spillover,18,www.starnewskorea.com,en,override,ko,ko,0.657,,0.343,0
아일릿,spillover,19,www.koreadaily.com,ko,override,ko,ko,1.0,,0.0,1
아일릿,spillover,20,www.kapanlagi.com,id,override,ko,ko,0.632,,0.368,0
아일릿,spillover,21,kenh14.vn,vi,override,ko,ko,0.945,,0.055,0
아일릿,spillover,22,www.dailian.co.kr,ko,tld,ko,ko,1.0,,0.0,1
아일릿,spillover,23,www.nme.com,en,override,ko,ko,0.754,,0.246,0
아일릿,spillover,24,www.soompi.com,en,override,ko,ko,0.5,,0.5,0
아일릿,spillover,25,namu.wiki,ko,override,ko,ko,0.597,,0.403,1
아일릿,spillover,26,en.wikipedia.org,en,wiki,ko,ko,0.59,,0.41,0
아일릿,spillover,27,en.wikipedia.org,en,wiki,latin,en,0.544,,0.551,1
아일릿,spillover,28,nonno.hpplus.jp,ja,tld,ko,ko,0.848,,0.152,0
아일릿,spillover,29,prtimes.jp,ja,tld,ko,ko,1.0,,0.0,0
아일릿,spillover,30,www.uniqlo.com,en,default,ko,ko,0.81,,0.19,0
아일릿,spillover,31,bunshun.jp,ja,tld,ko,ko,1.0,,0.0,0
아일릿,spillover,32,mdpr.jp,ja,tld,ko,ko,0.919,,0.081,0
아일릿,spillover,33,news.yahoo.co.jp,ja,tld,ko,ko,1.0,,0.0,0
아일릿,spillover,34,v.daum.net,ko,override,ko,ko,0.853,,0.147,1
아일릿,spillover,35,www.starnewskorea.com,en,override,ko,ko,0.82,,0.172,0
아일릿,spillover,36,www.news1.kr,ko,override,ko,ko,0.905,,0.095,1
아일릿,spillover,37,v.daum.net,ko,override,ko,ko,1.0,,0.0,1
아일릿,spillover,38,v.daum.net,ko,override,ko,ko,0.966,,0.034,1
아일릿,spillover,39,musicstation.kapook.com,th,override,ko,ko,0.792,,0.208,0
아일릿,spillover,40,workpointtoday.com,th,override,ko,ko,0.75,,0.25,0
아일릿,spillover,41,www.khaosod.co.th,th,override,ko,ko,0.655,,0.345,0
아일릿,spillover,42,mgronline.com,th,override,ko,ko,0.839,,0.161,0
아일릿,spillover,43,www.bangkokbiznews.com,en,default,latin,en,0.527,,0.688,1
아일릿,spillover,44,www.workpointtoday.com,th,override,ko,ko,0.722,,0.278,0
아일릿,spillover,45,www.tenasia.co.kr,ko,tld,ko,ko,0.947,,0.053,1
아일릿,spillover,46,pop.inquirer.net,tl,override,ko,ko,1.0,,0.0,0
아일릿,spillover,47,www.nc.press,ko,override,ko,ko,1.0,,0.0,1
아일릿,spillover,48,www.youtube.com,en,override,ko,ko,0.921,,0.079,0
아일릿,spillover,49,www.youtube.com,en,override,ko,ko,0.684,,0.316,0
아일릿,spillover,50,v.daum.net,ko,override,ko,ko,0.844,,0.156,1
아일릿,spillover,51,v.daum.net,ko,override,ko,ko,0.701,,0.299,1
아일릿,spillover,52,www.topstarnews.net,ko,override,ko,ko,0.794,,0.206,1
아일릿,spillover,53,www.korezin.com,en,default,ko,ko,0.657,,0.343,0
아일릿,spillover,54,www.timespread.co.kr,ko,tld,ko,ko,0.646,,0.354,1
아일릿,spillover,55,namu.wiki,ko,override,latin,en,0.746,,0.509,0
아일릿,spillover,56,www.mt.co.kr,ko,override,ko,ko,0.795,,0.205,1
아일릿,spillover,57,www.newswire.co.kr,ko,tld,ko,ko,0.746,,0.254,1
아일릿,spillover,58,www.100ssd.co.kr,ko,tld,ko,ko,1.0,,0.0,1
아일릿,spillover,59,sports.khan.co.kr,ko,override,ko,ko,0.83,,0.17,1
아일릿,spillover,60,namu.wiki,ko,override,ko,ko,0.861,,0.139,1
아일릿,spillover,61,namu.wiki,ko,override,ko,ko,0.657,,0.343,1
아일릿,spillover,62,namu.wiki,ko,override,ko,ko,0.885,,0.115,1
아일릿,spillover,63,namu.wiki,ko,override,ko,ko,1.0,,0.0,1
아일릿,spillover,64,namu.wiki,ko,override,ko,ko,0.596,,0.404,1
아일릿,spillover,65,namu.wiki,ko,override,ko,ko,0.657,,0.343,1
아일릿,spillover,66,namu.wiki,ko,override,ko,ko,1.0,,0.0,1
아일릿,spillover,67,prtimes.jp,ja,tld,ko,ko,0.935,,0.065,0
아일릿,spillover,68,www.gqkorea.co.kr,ko,tld,ko,ko,0.8,,0.2,1
아일릿,spillover,69,www.hankookilbo.com,ko,override,ko,ko,0.867,,0.133,1
아일릿,spillover,70,www.news1.kr,ko,override,ko,ko,1.0,,0.0,1
아일릿,spillover,71,c.m.163.com,zh,override,latin,en,0.398,,0.475,0
아일릿,spillover,72,star.ettoday.net,zh,override,ko,ko,0.588,,0.138,0
아일릿,spillover,73,www.hk01.com,zh,override,ko,ko,0.74,,0.26,0
아일릿,spillover,74,kpop-france.com,en,default,ko,ko,0.843,,0.157,0
아일릿,spillover,75,www.lacuarta.com,en,default,ko,ko,0.577,,0.423,0
GOT7,loyalty,0,plus.hankyung.com,ko,override,ko,ko,0.925,,0.075,1
GOT7,loyalty,1,www.allkpop.com,en,override,ko,ko,0.927,,0.073,0
GOT7,loyalty,2,www.hellokpop.com,en,default,ko,ko,0.711,,0.289,0
GOT7,loyalty,3,www.soompi.com,en,override,ko,ko,0.694,,0.306,0
GOT7,loyalty,4,www.hellokpop.com,en,default,ko,ko,0.895,,0.105,0
GOT7,loyalty,5,en.wikipedia.org,en,wiki,ko,ko,0.743,,0.257,0
GOT7,loyalty,6,en.wikipedia.org,en,wiki,ko,ko,1.0,,0.0,0
GOT7,loyalty,7,www.hellokpop.com,en,default,ko,ko,0.917,,0.083,0
GOT7,loyalty,8,www.hellokpop.com,en,default,ko,ko,0.741,,0.259,0
GOT7,loyalty,9,www.gmanetwork.com,tl,override,ko,ko,0.808,,0.192,0
GOT7,loyalty,10,www.allkpop.com,en,override,ko,ko,0.86,,0.14,0
GOT7,loyalty,11,www.starnewskorea.com,en,override,ko,ko,0.881,,0.119,0
GOT7,loyalty,12,en.wikipedia.org,en,wiki,ko,ko,0.827,,0.173,0
GOT7,loyalty,13,en.wikipedia.org,en,wiki,ko,ko,0.974,,0.026,0
GOT7,loyalty,14,www.latercera.com,en,default,ko,ko,0.885,,0.115,0
GOT7,loyalty,15,www.hellokpop.com,en,default,ko,ko,1.0,,0.0,0
GOT7,loyalty,16,www.hellokpop.com,en,default,ko,ko,1.0,,0.0,0
GOT7,loyalty,17,www.hellokpop.com,en,default,ko,ko,0.944,,0.056,0
GOT7,loyalty,18,www.hellokpop.com,en,default,ko,ko,1.0,,0.0,0
GOT7,loyalty,19,www.topstarnews.net,ko,override,ko,ko,1.0,,0.0,1
GOT7,loyalty,20,www.harpersbazaar.co.kr,ko,tld,ko,ko,0.959,,0.041,1
GOT7,loyalty,21,www.rollingstone.com,en,default,ko,ko,1.0,,0.0,0
GOT7,loyalty,22,www.hellokpop.com,en,default,ko,ko,1.0,,0.0,0
GOT7,loyalty,23,www.koreaherald.com,en,override,ko,ko,1.0,,0.0,0
GOT7,loyalty,24,en.wikipedia.org,en,wiki,ko,ko,0.779,,0.221,0
GOT7,loyalty,25,www.today.com,en,default,ko,ko,1.0,,0.0,0
GOT7,loyalty,26,www.sonymusic.co.jp,ja,tld,ko,ko,0.798,,0.202,0
GOT7,loyalty,27,billboard.com.br,pt,tld,ko,ko,1.0,,0.0,0
GOT7,loyalty,28,en.wikipedia.org,en,wiki,ko,ko,0.881,,0.119,0
GOT7,loyalty,29,namu.wiki,ko,override,ko,ko,0.897,,0.103,1
GOT7,loyalty,30,thainow.jp,ja,tld,ko,ko,0.667,,0.333,0
GOT7,loyalty,31,m.163.com,zh,override,ko,ko,0.443,,0.177,0
GOT7,loyalty,32,star.ettoday.net,zh,override,ko,ko,0.605,,0.132,0
GOT7,loyalty,33,www.hk01.com,zh,override,ko,ko,0.571,,0.143,0
GOT7,loyalty,34,pantip.com,en,default,ko,ko,0.556,,0.085,0
GOT7,loyalty,35,pantip.com,en,default,ko,ko,0.607,,0.135,0
GOT7,loyalty,36,www.pinkvilla.com,en,default,ko,ko,0.527,,0.473,0
GOT7,loyalty,37,got7arabfans.wordpress.com,en,default,ko,ko,0.628,,0.372,0
GOT7,spillover,0,www.allkpop.com,en,override,ko,ko,0.98,,0.02,0
GOT7,spillover,1,www.allkpop.com,en,override,ko,ko,0.969,,0.031,0
GOT7,spillover,2,www.today.com,en,default,ko,ko,0.803,,0.197,0
GOT7,spillover,3,www.today.com,en,default,ko,ko,0.755,,0.245,0
GOT7,spillover,4,www.allkpop.com,en,override,ko,ko,0.986,,0.014,0
GOT7,spillover,5,www.kpopstarz.com,en,default,ko,ko,0.952,,0.048,0
GOT7,spillover,6,en.wikipedia.org,en,wiki,ko,ko,1.0,,0.0,0
GOT7,spillover,7,en.wikipedia.org,en,wiki,ko,ko,1.0,,0.0,0
GOT7,spillover,8,en.wikipedia.org,en,wiki,ko,ko,0.93,,0.07,0
GOT7,spillover,9,en.wikipedia.org,en,wiki,ko,ko,0.804,,0.196,0
GOT7,spillover,10,en.wikipedia.org,en,wiki,ko,ko,1.0,,0.0,0
GOT7,spillover,11,www.soompi.com,en,override,ko,ko,0.984,,0.016,0
GOT7,spillover,12,www.billboard.com,en,override,ko,ko,0.95,,0.05,0
GOT7,spillover,13,www.kpopstarz.com,en,default,ko,ko,0.938,,0.062,0
GOT7,spillover,14,gulfnews.com,en,default,ko,ko,0.719,,0.281,0
GOT7,spillover,15,gulfnews.com,en,default,ko,ko,0.7,,0.3,0
GOT7,spillover,16,www.hellokpop.com,en,default,ko,ko,0.893,,0.107,0
GOT7,spillover,17,en.wikipedia.org,en,wiki,ko,ko,0.862,,0.138,0
GOT7,spillover,18,en.wikipedia.org,en,wiki,ko,ko,0.899,,0.101,0
GOT7,spillover,19,en.wikipedia.org,en,wiki,ko,ko,0.961,,0.039,0
GOT7,spillover,20,www.grammy.com,en,default,ko,ko,1.0,,0.0,0
GOT7,spillover,21,www.grammy.com,en,default,ko,ko,0.931,,0.069,0
GOT7,spillover,22,wwd.com,en,override,ko,ko,1.0,,0.0,0
GOT7,spillover,23,wwd.com,en,override,ko,ko,1.0,,0.0,0
GOT7,spillover,24,www.koreaboo.com,en,override,ko,ko,1.0,,0.0,0
GOT7,spillover,25,www.koreajoongangdaily.com,en,default,latin,en,1.479,,0.545,1
GOT7,spillover,26,www.tatlerasia.com,en,default,ko,ko,0.643,,0.357,0
GOT7,spillover,27,www.bandwagon.asia,en,override,ko,ko,0.909,,0.091,0
GOT7,spillover,28,www.forbes.com,en,override,ko,ko,0.774,,0.226,0
GOT7,spillover,29,www.forbes.com,en,override,ko,ko,1.0,,0.0,0
GOT7,spillover,30,www.forbes.com,en,override,latin,en,1.496,,0.606,1
GOT7,spillover,31,www.soompi.com,en,override,ko,ko,1.0,,0.0,0
GOT7,spillover,32,www.hellokpop.com,en,default,ko,ko,1.0,,0.0,0
GOT7,spillover,33,www.hellokpop.com,en,default,ko,ko,0.852,,0.148,0
GOT7,spillover,34,www.hellokpop.com,en,default,ko,ko,1.0,,0.0,0
GOT7,spillover,35,billboardphilippines.com,en,default,ko,ko,0.86,,0.14,0
GOT7,spillover,36,billboardphilippines.com,en,default,ko,ko,0.931,,0.069,0
GOT7,spillover,37,billboardphilippines.com,en,default,ko,ko,0.69,,0.31,0
GOT7,spillover,38,www.koreaboo.com,en,override,ko,ko,0.897,,0.103,0
GOT7,spillover,39,www.koreaboo.com,en,override,ko,ko,0.761,,0.239,0
GOT7,spillover,40,www.sinardaily.my,en,default,ko,ko,1.0,,0.0,0
GOT7,spillover,41,www.kpopstarz.com,en,default,ko,ko,0.905,,0.095,0
GOT7,spillover,42,billboard.com.br,pt,tld,ko,ko,0.962,,0.038,0
GOT7,spillover,43,www.sonymusic.co.jp,ja,tld,ko,ko,1.0,,0.0,0
GOT7,spillover,44,en.wikipedia.org,en,wiki,ko,ko,1.0,,0.0,0
GOT7,spillover,45,en.wikipedia.org,en,wiki,ko,ko,0.833,,0.167,0
GOT7,spillover,46,www.koreaherald.com,en,override,ko,ko,0.896,,0.104,0
GOT7,spillover,47,m.sedaily.com,ko,override,ko,ko,0.91,,0.09,1
GOT7,spillover,48,www.korezin.com,en,default,ko,ko,0.893,,0.107,0
GOT7,spillover,49,news.nate.com,ko,override,ko,ko,0.938,,0.062,1
GOT7,spillover,50,www.newsa.co.kr,ko,tld,ko,ko,0.947,,0.053,1
GOT7,spillover,51,www.vanityteen.com,en,default,ko,ko,0.78,,0.22,0
GOT7,spillover,52,thailandtv.news,en,default,ko,ko,0.613,,0.387,0
GOT7,spillover,53,cbntchannel.com,en,default,ko,ko,0.65,,0.35,0
GOT7,spillover,54,namu.wiki,ko,override,ko,ko,0.774,,0.226,1
GOT7,spillover,55,namu.wiki,ko,override,ko,ko,0.893,,0.107,1
GOT7,spillover,56,www.bandwagon.asia,en,override,ko,ko,0.669,,0.331,0
GOT7,spillover,57,en.wikipedia.org,en,wiki,ko,ko,0.867,,0.133,0
GOT7,spillover,58,www.topstarnews.net,ko,override,ko,ko,0.75,,0.25,1
GOT7,spillover,59,v.daum.net,ko,override,ko,ko,0.898,,0.102,1
GOT7,spillover,60,www.aseanexpress.co.kr,ko,tld,ko,ko,0.941,,0.059,1
GOT7,spillover,61,www.hk01.com,zh,override,ko,ko,0.862,,0.086,0
GOT7,spillover,62,www.korseries.com,en,default,ko,ko,0.465,,0.335,0
GOT7,spillover,63,www.thaipost.net,en,default,ko,ko,0.448,,0.161,0
GOT7,spillover,64,www.khaosod.co.th,th,override,ko,ko,0.549,,0.109,0
GOT7,spillover,65,scenestr.com.au,en,default,ko,ko,0.714,,0.286,0
GOT7,spillover,66,www.c-k-jpopnews.fr,fr,tld,ko,ko,0.778,,0.222,0
GOT7,spillover,67,larepublica.pe,es,override,ko,ko,0.8,,0.2,0
GOT7,spillover,68,elcomercio.pe,es,tld,ko,ko,0.75,,0.25,0
김재중,loyalty,0,namu.wiki,ko,override,ko,ko,0.796,,0.204,1
김재중,loyalty,1,namu.wiki,ko,override,ko,ko,0.589,,0.411,1
김재중,loyalty,2,www.job-post.co.kr,ko,tld,ko,ko,0.781,,0.219,1
김재중,loyalty,3,namu.wiki,ko,override,ko,ko,0.91,,0.09,1
김재중,loyalty,4,jaefans.com,en,default,ko,ko,0.865,,0.135,0
김재중,loyalty,5,korepo.com,en,default,ko,ko,0.74,,0.26,0
김재중,loyalty,6,sports.khan.co.kr,ko,override,ko,ko,0.585,,0.415,1
김재중,loyalty,7,enews.imbc.com,en,default,ko,ko,0.841,,0.159,0
김재중,loyalty,8,x.com,en,override,ko,ko,0.75,,0.25,0
김재중,loyalty,9,namu.wiki,ko,override,ko,ko,0.939,,0.061,1
김재중,loyalty,10,ticketbox.vn,vi,tld,ko,ko,0.604,,0.396,0
김재중,loyalty,11,www.ajunews.com,ko,override,ko,ko,1.0,,0.0,1
김재중,loyalty,12,plus.hankyung.com,ko,override,latin,en,0.226,,0.508,0
김재중,loyalty,13,rollingstone.co.kr,ko,tld,ko,ko,0.864,,0.136,1
김재중,loyalty,14,v.daum.net,ko,override,ko,ko,0.602,,0.398,1
김재중,loyalty,15,www.starnewskorea.com,en,override,ko,ko,0.975,,0.025,0
김재중,loyalty,16,www.munhwa.com,ko,override,ko,ko,0.787,,0.212,1
김재중,loyalty,17,enews.imbc.com,en,default,ko,ko,1.0,,0.0,0
김재중,loyalty,18,www.asiatime.co.kr,ko,tld,ko,ko,1.0,,0.0,1
김재중,loyalty,19,www.topstarnews.net,ko,override,ko,ko,1.0,,0.0,1
김재중,loyalty,20,www.news1.kr,ko,override,ko,ko,1.0,,0.0,1
김재중,loyalty,21,sports.khan.co.kr,ko,override,ko,ko,0.687,,0.313,1
김재중,loyalty,22,namu.wiki,ko,override,ko,ko,0.76,,0.24,1
김재중,loyalty,23,sports.khan.co.kr,ko,override,ko,ko,1.0,,0.0,1
김재중,loyalty,24,namu.wiki,ko,override,ko,ko,1.0,,0.0,1
김재중,loyalty,25,namu.wiki,ko,override,ko,ko,1.0,,0.0,1
김재중,loyalty,26,namu.wiki,ko,override,ko,ko,0.688,,0.312,1
김재중,loyalty,27,namu.wiki,ko,override,ko,ko,0.848,,0.152,1
김재중,loyalty,28,namu.wiki,ko,override,ko,ko,1.0,,0.0,1
김재중,loyalty,29,namu.wiki,ko,override,ko,ko,1.0,,0.0,1
김재중,loyalty,30,namu.wiki,ko,override,ko,ko,1.0,,0.0,1
김재중,loyalty,31,namu.wiki,ko,override,ko,ko,1.0,,0.0,1
김재중,loyalty,32,star.ettoday.net,zh,override,ko,ko,0.935,,0.065,0
김재중,loyalty,33,star.ettoday.net,zh,override,ko,ko,0.521,,0.096,0
김재중,loyalty,34,www.weibo.com,zh,override,ko,ko,0.727,,0.145,0
김재중,loyalty,35,kimjaeyeong.jp,ja,tld,ko,ko,0.617,,0.383,0
김재중,loyalty,36,ameblo.jp,ja,tld,ko,ko,0.732,,0.146,0
김재중,loyalty,37,www.tenasia.co.kr,ko,tld,ko,ko,0.87,,0.13,1
김재중,loyalty,38,jaejoongarabfans.wordpress.com,en,default,ko,ko,0.791,,0.209,0
김재중,spillover,0,www.soompi.com,en,override,ko,ko,0.839,,0.161,0
김재중,spillover,1,www.allkpop.com,en,override,ko,ko,0.757,,0.243,0
김재중,spillover,2,v.daum.net,ko,override,ko,ko,0.794,,0.206,1
김재중,spillover,3,v.daum.net,ko,override,ko,ko,0.98,,0.02,1
김재중,spillover,4,m.anewsa.com,en,default,ko,ko,1.0,,0.0,0
김재중,spillover,5,enews.imbc.com,en,default,ko,ko,1.0,,0.0,0
김재중,spillover,6,www.ajunews.com,ko,override,ko,ko,0.93,,0.07,1
김재중,spillover,7,enews.imbc.com,en,default,ko,ko,0.94,,0.06,0
김재중,spillover,8,www.twig24.com,ko,override,ko,ko,0.941,,0.059,1
김재중,spillover,9,enews.imbc.com,en,default,ko,ko,1.0,,0.0,0
김재중,spillover,10,sports.khan.co.kr,ko,override,ko,ko,0.773,,0.227,1
김재중,spillover,11,sports.khan.co.kr,ko,override,ko,ko,0.967,,0.033,1
김재중,spillover,12,sports.khan.co.kr,ko,override,ko,ko,0.854,,0.146,1
김재중,spillover,13,www.tenasia.co.kr,ko,tld,ko,ko,0.839,,0.161,1
김재중,spillover,14,isplus.com,ko,override,ko,ko,0.645,,0.355,1
김재중,spillover,15,tvreport.co.kr,ko,override,ko,ko,0.972,,0.028,1
김재중,spillover,16,sports.khan.co.kr,ko,override,ko,ko,0.968,,0.032,1
김재중,spillover,17,www.nocutnews.co.kr,ko,tld,ko,ko,0.709,,0.291,1
김재중,spillover,18,v.daum.net,ko,override,ko,ko,0.948,,0.052,1
김재중,spillover,19,namu.wiki,ko,override,ko,ko,0.95,,0.05,1
김재중,spillover,20,namu.wiki,ko,override,ko,ko,0.975,,0.025,1
김재중,spillover,21,sports.khan.co.kr,ko,override,ko,ko,0.966,,0.034,1
김재중,spillover,22,www.hankookilbo.com,ko,override,ko,ko,0.952,,0.048,1
김재중,spillover,23,www.hankyung.com,ko,override,ko,ko,1.0,,0.0,1
김재중,spillover,24,ent.sbs.co.kr,ko,tld,ko,ko,1.0,,0.0,1
김재중,spillover,25,namu.wiki,ko,override,ko,ko,0.91,,0.09,1
김재중,spillover,26,localsegye.co.kr,ko,tld,ko,ko,0.971,,0.029,1
김재중,spillover,27,news.nate.com,ko,override,ko,ko,0.973,,0.027,1
김재중,spillover,28,c-jes.com,en,default,ko,ko,1.0,,0.0,0
김재중,spillover,29,namu.wiki,ko,override,ko,ko,1.0,,0.0,1
김재중,spillover,30,namu.wiki,ko,override,ko,ko,0.709,,0.291,1
김재중,spillover,31,www.163.com,zh,override,ko,ko,0.573,,0.134,0
김재중,spillover,32,www.hk01.com,zh,override,ko,ko,0.642,,0.099,0
김재중,spillover,33,www.sinchew.com.my,en,default,ko,ko,0.856,,0.115,0
김재중,spillover,34,k.sina.cn,zh,tld,ko,ko,0.97,,0.0,0
김재중,spillover,35,kpopnews.fr,fr,tld,ko,ko,0.93,,0.07,0
김재중,spillover,36,larepublica.pe,es,override,ko,ko,0.812,,0.188,0
김재중,spillover,37,xiahpop.com,en,default,ko,ko,0.51,,0.49,0
박서진,loyalty,0,namu.wiki,ko,override,ko,ko,1.0,,0.0,1
박서진,loyalty,1,ibabynews.com,en,default,ko,ko,1.0,,0.0,0
박서진,loyalty,2,www.newsis.com,ko,override,ko,ko,1.0,,0.0,1
박서진,loyalty,3,www.newsis.com,ko,override,ko,ko,1.0,,0.0,1
박서진,loyalty,4,edaily.co.kr,ko,override,ko,ko,1.0,,0.0,1
박서진,loyalty,5,edaily.co.kr,ko,override,ko,ko,1.0,,0.0,1
박서진,loyalty,6,www.ajunews.com,ko,override,ko,ko,1.0,,0.0,1
박서진,loyalty,7,www.ajunews.com,ko,override,ko,ko,1.0,,0.0,1
박서진,loyalty,8,sports.khan.co.kr,ko,override,ko,ko,1.0,,0.0,1
박서진,loyalty,9,sports.khan.co.kr,ko,override,ko,ko,1.0,,0.0,1
박서진,loyalty,10,sports.khan.co.kr,ko,override,ko,ko,1.0,,0.0,1
박서진,loyalty,11,www.dabanews.co.kr,ko,tld,ko,ko,1.0,,0.0,1
박서진,loyalty,12,www.dabanews.co.kr,ko,tld,ko,ko,1.0,,0.0,1
박서진,loyalty,13,www.newsis.com,ko,override,ko,ko,1.0,,0.0,1
박서진,loyalty,14,v.daum.net,ko,override,ko,ko,1.0,,0.0,1
박서진,loyalty,15,v.daum.net,ko,override,ko,ko,1.0,,0.0,1
박서진,loyalty,16,m.cafe.daum.net,ko,override,ko,ko,1.0,,0.0,1
박서진,loyalty,17,www.socialvalue.kr,ko,tld,ko,ko,1.0,,0.0,1
박서진,loyalty,18,sports.khan.co.kr,ko,override,ko,ko,1.0,,0.0,1
박서진,loyalty,19,news.lghellovision.net,en,default,ko,ko,0.989,,0.011,0
박서진,loyalty,20,www.news4000.com,en,default,ko,ko,1.0,,0.0,0
박서진,loyalty,21,www.news4000.com,en,default,ko,ko,1.0,,0.0,0
박서진,loyalty,22,www.starnewskorea.com,en,override,ko,ko,1.0,,0.0,0
박서진,loyalty,23,tvreport.co.kr,ko,override,ko,ko,1.0,,0.0,1
박서진,loyalty,24,www.newsworker.co.kr,ko,tld,ko,ko,1.0,,0.0,1
박서진,loyalty,25,www.munhwa.com,ko,override,ko,ko,1.0,,0.0,1
박서진,loyalty,26,www.munhwa.com,ko,override,ko,ko,1.0,,0.0,1
박서진,loyalty,27,www.topstarnews.net,ko,override,ko,ko,0.759,,0.241,1
박서진,loyalty,28,enews.imbc.com,en,default,ko,ko,0.907,,0.093,0
박서진,loyalty,29,www.fnnews.com,ko,override,ko,ko,1.0,,0.0,1
박서진,loyalty,30,www.ohmynews.com,ko,override,ko,ko,1.0,,0.0,1
박서진,loyalty,31,www.sisaty.com,en,default,ko,ko,1.0,,0.0,0
박서진,loyalty,32,mgmaeil.com,en,default,ko,ko,1.0,,0.0,0
박서진,spillover,0,namu.wiki,ko,override,ko,ko,1.0,,0.0,1
박서진,spillover,1,www.moneys.co.kr,ko,tld,ko,ko,1.0,,0.0,1
박서진,spillover,2,m.sedaily.com,ko,override,ko,ko,1.0,,0.0,1
박서진,spillover,3,sports.khan.co.kr,ko,override,ko,ko,1.0,,0.0,1
박서진,spillover,4,www.sisajournal.com,en,default,ko,ko,1.0,,0.0,0
박서진,spillover,5,www.newsis.com,ko,override,ko,ko,1.0,,0.0,1
박서진,spillover,6,v.daum.net,ko,override,ko,ko,1.0,,0.0,1
박서진,spillover,7,v.daum.net,ko,override,ko,ko,1.0,,0.0,1
박서진,spillover,8,www.starnewskorea.com,en,override,ko,ko,0.939,,0.061,0
박서진,spillover,9,www.starnewskorea.com,en,override,ko,ko,1.0,,0.0,0
박서진,spillover,10,v.daum.net,ko,override,ko,ko,1.0,,0.0,1
박서진,spillover,11,sports.khan.co.kr,ko,override,ko,ko,1.0,,0.0,1
박서진,spillover,12,enter.etoday.co.kr,ko,tld,ko,ko,0.929,,0.071,1
박서진,spillover,13,www.topstarnews.net,ko,override,ko,ko,1.0,,0.0,1
박서진,spillover,14,v.daum.net,ko,override,ko,ko,1.0,,0.0,1
박서진,spillover,15,www.welfarehello.com,en,default,ko,ko,1.0,,0.0,0
박서진,spillover,16,www.reporternside.com,en,default,ko,ko,0.925,,0.075,0
박서진,spillover,17,www.reporternside.com,en,default,ko,ko,1.0,,0.0,0
박서진,spillover,18,idsn.co.kr,ko,tld,ko,ko,0.982,,0.018,1
박서진,spillover,19,news.nate.com,ko,override,ko,ko,1.0,,0.0,1
박서진,spillover,20,www.mcst.go.kr,ko,tld,ko,ko,0.767,,0.233,1
박서진,spillover,21,sports.khan.co.kr,ko,override,ko,ko,0.731,,0.269,1
박서진,spillover,22,www.etoday.co.kr,ko,tld,ko,ko,0.95,,0.05,1
박서진,spillover,23,sports.khan.co.kr,ko,override,ko,ko,1.0,,0.0,1
박서진,spillover,24,www.topstarnews.net,ko,override,ko,ko,0.972,,0.028,1
박서진,spillover,25,www.topstarnews.net,ko,override,ko,ko,0.797,,0.203,1
박서진,spillover,26,biz.heraldcorp.com,ko,override,ko,ko,1.0,,0.0,1
박서진,spillover,27,sports.khan.co.kr,ko,override,ko,ko,0.937,,0.063,1
박서진,spillover,28,www.starnewskorea.com,en,override,ko,ko,0.965,,0.035,0
박서진,spillover,29,www.stardailynews.co.kr,ko,tld,ko,ko,1.0,,0.0,1
박서진,spillover,30,www.starnewskorea.com,en,override,ko,ko,1.0,,0.0,0
박서진,spillover,31,isplus.com,ko,override,ko,ko,1.0,,0.0,1
박서진,spillover,32,www.hankookilbo.com,ko,override,ko,ko,1.0,,0.0,1
박서진,spillover,33,www.mhnse.com,en,default,ko,ko,0.923,,0.077,0
박서진,spillover,34,v.daum.net,ko,override,ko,ko,0.884,,0.116,1
박서진,spillover,35,www.newstnt.com,en,default,ko,ko,1.0,,0.0,0
박서진,spillover,36,www.finomy.com,en,default,ko,ko,0.868,,0.132,0
박서진,spillover,37,www.fnnews.com,ko,override,ko,ko,0.936,,0.064,1
박서진,spillover,38,v.daum.net,ko,override,ko,ko,0.989,,0.011,1
박서진,spillover,39,www.hankyung.com,ko,override,ko,ko,1.0,,0.0,1
박서진,spillover,40,ko.wikipedia.org,ko,wiki,ko,ko,0.9,,0.1,1
박서진,spillover,41,ko.wikipedia.org,ko,wiki,ko,ko,0.909,,0.091,1
박서진,spillover,42,ko.wikipedia.org,ko,wiki,ko,ko,1.0,,0.0,1
박서진,spillover,43,ko.wikipedia.org,ko,wiki,ko,ko,1.0,,0.0,1
박서진,spillover,44,enews.imbc.com,en,default,ko,ko,0.941,,0.059,0
박서진,spillover,45,v.daum.net,ko,override,ko,ko,1.0,,0.0,1
박서진,spillover,46,v.daum.net,ko,override,ko,ko,1.0,,0.0,1
박서진,spillover,47,v.daum.net,ko,override,ko,ko,1.0,,0.0,1
박서진,spillover,48,www.straightnews.co.kr,ko,tld,ko,ko,0.936,,0.064,1
박서진,spillover,49,www.munhwa.com,ko,override,ko,ko,0.921,,0.079,1
박서진,spillover,50,www.starnewskorea.com,en,override,ko,ko,1.0,,0.0,0
박서진,spillover,51,v.daum.net,ko,override,ko,ko,0.949,,0.051,1
박서진,spillover,52,v.daum.net,ko,override,ko,ko,0.96,,0.04,1
박서진,spillover,53,v.daum.net,ko,override,ko,ko,0.935,,0.065,1
박서진,spillover,54,v.daum.net,ko,override,ko,ko,1.0,,0.0,1
박서진,spillover,55,v.daum.net,ko,override,ko,ko,1.0,,0.0,1
박서진,spillover,56,kstyle.com,en,default,ko,ko,0.624,,0.376,0
박서진,spillover,57,kstyle.com,en,default,ko,ko,0.864,,0.136,0
박서진,spillover,58,ameblo.jp,ja,tld,ko,ko,0.893,,0.058,0
박서진,spillover,59,www.joysound.com,en,default,ko,ko,0.781,,0.151,0
박서진,spillover,60,t.pia.jp,ja,tld,ko,ko,0.81,,0.0,0
박서진,spillover,61,www.allkpop.com,en,override,ko,ko,0.853,,0.147,0
박서진,spillover,62,www.allkpop.com,en,override,ko,ko,0.848,,0.152,0
박서진,spillover,63,www.allkpop.com,en,override,ko,ko,0.756,,0.244,0
박서진,spillover,64,www.starnewskorea.com,en,override,ko,ko,0.743,,0.257,0
박서진,spillover,65,sports.khan.co.kr,ko,override,ko,ko,0.762,,0.237,1
빈지노,loyalty,0,rollingstone.co.kr,ko,tld,ko,ko,0.906,,0.094,1
빈지노,loyalty,1,rollingstone.co.kr,ko,tld,ko,ko,0.844,,0.156,1
빈지노,loyalty,2,www.newsis.com,ko,override,ko,ko,0.76,,0.24,1
빈지노,loyalty,3,www.newsis.com,ko,override,ko,ko,0.886,,0.114,1
빈지노,loyalty,4,www.xportsnews.com,ko,override,ko,ko,1.0,,0.0,1
빈지노,loyalty,5,www.starnewskorea.com,en,override,ko,ko,0.707,,0.293,0
빈지노,loyalty,6,en.wikipedia.org,en,wiki,ko,ko,0.66,,0.34,0
빈지노,loyalty,7,en.wikipedia.org,en,wiki,ko,ko,0.564,,0.436,0
빈지노,loyalty,8,ko.wikipedia.org,ko,wiki,ko,ko,1.0,,0.0,1
빈지노,loyalty,9,www.newsis.com,ko,override,ko,ko,0.909,,0.091,1
빈지노,loyalty,10,www.newsis.com,ko,override,ko,ko,0.826,,0.174,1
빈지노,loyalty,11,namu.wiki,ko,override,ko,ko,0.614,,0.386,1
빈지노,loyalty,12,www.mhnse.com,en,default,ko,ko,0.887,,0.113,0
빈지노,loyalty,13,star.ohmynews.com,ko,override,ko,ko,0.979,,0.021,1
빈지노,loyalty,14,hypebeast.kr,en,override,ko,ko,0.692,,0.308,0
빈지노,loyalty,15,namu.wiki,ko,override,ko,ko,0.916,,0.084,1
빈지노,loyalty,16,hypebeast.kr,en,override,ko,ko,0.698,,0.302,0
빈지노,loyalty,17,namu.wiki,ko,override,ko,ko,1.0,,0.0,1
빈지노,loyalty,18,namu.wiki,ko,override,ko,ko,0.962,,0.038,1
빈지노,loyalty,19,rollingstone.co.kr,ko,tld,ko,ko,0.729,,0.271,1
빈지노,loyalty,20,en.wikipedia.org,en,wiki,ko,ko,0.754,,0.246,0
빈지노,loyalty,21,kworb.net,en,default,ko,ko,0.714,,0.286,0
빈지노,loyalty,22,www.segye.com,ko,override,ko,ko,0.91,,0.09,1
빈지노,loyalty,23,www.esquirekorea.co.kr,ko,tld,ko,ko,0.757,,0.243,1
빈지노,loyalty,24,ch.yes24.com,en,default,ko,ko,0.926,,0.074,0
빈지노,loyalty,25,www.wkorea.com,en,default,ko,ko,0.894,,0.106,0
빈지노,loyalty,26,hiphopkr.com,en,default,ko,ko,1.0,,0.0,0
빈지노,spillover,0,en.wikipedia.org,en,wiki,ko,ko,0.896,,0.104,0
빈지노,spillover,1,www.dt.co.kr,ko,override,ko,ko,0.915,,0.085,1
빈지노,spillover,2,www.fnnews.com,ko,override,ko,ko,0.938,,0.062,1
빈지노,spillover,3,ko.wikipedia.org,ko,wiki,ko,ko,0.964,,0.036,1
빈지노,spillover,4,ko.wikipedia.org,ko,wiki,ko,ko,0.765,,0.235,1
빈지노,spillover,5,www.marieclairekorea.com,en,default,ko,ko,0.707,,0.293,0
빈지노,spillover,6,hypebeast.kr,en,override,ko,ko,1.0,,0.0,0
빈지노,spillover,7,www.starnewskorea.com,en,override,ko,ko,0.955,,0.045,0
빈지노,spillover,8,www.aladin.co.kr,ko,tld,ko,ko,1.0,,0.0,1
빈지노,spillover,9,www.womennews.co.kr,ko,tld,ko,ko,0.852,,0.148,1
빈지노,spillover,10,www.news1.kr,ko,override,ko,ko,0.845,,0.155,1
빈지노,spillover,11,ko.wikipedia.org,ko,wiki,ko,ko,0.971,,0.029,1
빈지노,spillover,12,ko.wikipedia.org,ko,wiki,ko,ko,0.846,,0.154,1
빈지노,spillover,13,www.marieclairekorea.com,en,default,ko,ko,1.0,,0.0,0
빈지노,spillover,14,hypebeast.kr,en,override,ko,ko,0.713,,0.287,0
빈지노,spillover,15,www.ebn.co.kr,ko,tld,ko,ko,0.93,,0.07,1
빈지노,spillover,16,www.kukinews.com,en,default,ko,ko,0.925,,0.075,0
빈지노,spillover,17,www.hankookilbo.com,ko,override,ko,ko,0.797,,0.203,1
빈지노,spillover,18,www.gukjenews.com,en,default,ko,ko,0.928,,0.072,0
빈지노,spillover,19,namu.wiki,ko,override,ko,ko,1.0,,0.0,1
빈지노,spillover,20,hypebeast.kr,en,override,ko,ko,0.932,,0.068,0
빈지노,spillover,21,namu.wiki,ko,override,ko,ko,1.0,,0.0,1
빈지노,spillover,22,www.musinsa.com,en,default,ko,ko,0.945,,0.055,0
빈지노,spillover,23,www.koreanindie.com,en,default,ko,ko,1.0,,0.0,0
빈지노,spillover,24,www.allkpop.com,en,override,ko,ko,0.633,,0.367,0
빈지노,spillover,25,www.spotvnews.co.kr,ko,tld,ko,ko,0.729,,0.271,1
빈지노,spillover,26,news.tf.co.kr,ko,tld,ko,ko,1.0,,0.0,1
빈지노,spillover,27,sports.khan.co.kr,ko,override,ko,ko,1.0,,0.0,1
빈지노,spillover,28,sports.khan.co.kr,ko,override,ko,ko,0.933,,0.067,1
빈지노,spillover,29,www.ggilbo.com,en,default,ko,ko,0.936,,0.064,0
빈지노,spillover,30,www.cosinkorea.com,en,default,ko,ko,1.0,,0.0,0
빈지노,spillover,31,www.cosmorning.com,en,default,ko,ko,1.0,,0.0,0
빈지노,spillover,32,www.newsis.com,ko,override,ko,ko,0.56,,0.44,1
빈지노,spillover,33,www.newsis.com,ko,override,ko,ko,0.826,,0.174,1
빈지노,spillover,34,en.wikipedia.org,en,wiki,ko,ko,0.756,,0.244,0
빈지노,spillover,35,en.wikipedia.org,en,wiki,ko,ko,0.879,,0.121,0
빈지노,spillover,36,ko.wikipedia.org,ko,wiki,ko,ko,1.0,,0.0,1
빈지노,spillover,37,news.sbs.co.kr,ko,override,ko,ko,0.957,,0.043,1
빈지노,spillover,38,cine21.com,ko,override,ko,ko,0.939,,0.061,1
빈지노,spillover,39,ko.wikipedia.org,ko,wiki,ko,ko,0.893,,0.107,1
빈지노,spillover,40,hiphopplaya.com,en,default,ko,ko,0.866,,0.134,0
빈지노,spillover,41,www.ajunews.com,ko,override,ko,ko,0.879,,0.121,1
빈지노,spillover,42,www.hankyung.com,ko,override,ko,ko,0.946,,0.054,1
빈지노,spillover,43,www.marieclaire.com.tw,zh,tld,ko,ko,0.455,,0.273,0
빈지노,spillover,44,www.popdaily.com.tw,zh,tld,ko,ko,0.44,,0.19,0
빈지노,spillover,45,music.douban.com,zh,override,ko,ko,0.721,,0.131,0
빈지노,spillover,46,www.douban.com,zh,override,ko,ko,0.792,,0.104,0
빈지노,spillover,47,fnmnl.tv,en,default,ko,ko,0.769,,0.176,0
빈지노,spillover,48,eplus.jp,ja,tld,ko,ko,0.773,,0.227,0
빈지노,spillover,49,bonjour-coree.org,en,default,ko,ko,0.662,,0.338,0
빈지노,spillover,50,fr.m.wikipedia.org,en,default,ko,ko,1.0,,0.0,0
빈지노,spillover,51,www.bloglabanana.com,en,default,ko,ko,1.0,,0.0,0
몬스타엑스,loyalty,0,www.gukjenews.com,en,default,ko,ko,0.885,,0.115,0
몬스타엑스,loyalty,1,sports.khan.co.kr,ko,override,ko,ko,0.72,,0.28,1
몬스타엑스,loyalty,2,news.tf.co.kr,ko,tld,ko,ko,0.938,,0.062,1
몬스타엑스,loyalty,3,sports.khan.co.kr,ko,override,ko,ko,1.0,,0.0,1
몬스타엑스,loyalty,4,www.newsis.com,ko,override,ko,ko,1.0,,0.0,1
몬스타엑스,loyalty,5,www.newsis.com,ko,override,ko,ko,1.0,,0.0,1
몬스타엑스,loyalty,6,www.starnewskorea.com,en,override,ko,ko,0.725,,0.275,0
몬스타엑스,loyalty,7,www.munhwa.com,ko,override,ko,ko,0.913,,0.087,1
몬스타엑스,loyalty,8,www.soompi.com,en,override,ko,ko,0.943,,0.057,0
몬스타엑스,loyalty,9,www.starnewskorea.com,en,override,ko,ko,0.848,,0.152,0
몬스타엑스,loyalty,10,www.starnewskorea.com,en,override,ko,ko,0.903,,0.097,0
몬스타엑스,loyalty,11,www.newdaily.co.kr,ko,tld,ko,ko,0.849,,0.151,1
몬스타엑스,loyalty,12,isplus.com,ko,override,ko,ko,0.87,,0.13,1
몬스타엑스,loyalty,13,mhnse.com,en,default,ko,ko,0.862,,0.138,0
몬스타엑스,loyalty,14,mhnse.com,en,default,ko,ko,1.0,,0.0,0
몬스타엑스,loyalty,15,x.com,en,override,ko,ko,0.743,,0.257,0
몬스타엑스,loyalty,16,mhnse.com,en,default,ko,ko,0.761,,0.239,0
몬스타엑스,loyalty,17,en.wikipedia.org,en,wiki,ko,ko,0.911,,0.089,0
몬스타엑스,loyalty,18,www.topstarnews.net,ko,override,ko,ko,0.775,,0.225,1
몬스타엑스,loyalty,19,www.starnewskorea.com,en,override,ko,ko,0.947,,0.053,0
몬스타엑스,loyalty,20,www.starnewskorea.com,en,override,ko,ko,1.0,,0.0,0
몬스타엑스,loyalty,21,v.daum.net,ko,override,ko,ko,1.0,,0.0,1
몬스타엑스,loyalty,22,www.starnewskorea.com,en,override,ko,ko,0.848,,0.152,0
몬스타엑스,loyalty,23,www.soompi.com,en,override,ko,ko,0.792,,0.208,0
몬스타엑스,loyalty,24,x.com,en,override,ko,ko,0.655,,0.345,0
몬스타엑스,loyalty,25,fc.dps.amuse.co.jp,ja,tld,ko,ko,0.512,,0.487,0
몬스타엑스,loyalty,26,natalie.mu,ja,override,ko,ko,0.847,,0.153,0
몬스타엑스,loyalty,27,x.com,en,override,latin,en,0.494,,0.556,1
몬스타엑스,loyalty,28,x.com,en,override,latin,en,0.925,,0.583,1
몬스타엑스,loyalty,29,radiouc.cl,es,tld,ko,ko,0.921,,0.079,0
몬스타엑스,loyalty,30,concertsinbrazil.com,en,default,ko,ko,0.816,,0.184,0
몬스타엑스,loyalty,31,revistakoreain.com.br,pt,tld,ko,ko,0.851,,0.149,0
몬스타엑스,loyalty,32,www.proceso.com.mx,es,tld,ko,ko,0.929,,0.071,0
몬스타엑스,loyalty,33,themomentum.co,es,tld,ko,ko,0.893,,0.107,0
몬스타엑스,loyalty,34,memeon-music.com,en,default,ko,ko,0.859,,0.094,0
몬스타엑스,loyalty,35,www.kaypoh.my,en,default,ko,ko,0.873,,0.127,0
몬스타엑스,loyalty,36,www.mehaceruido.com,en,default,ko,ko,0.793,,0.207,0
몬스타엑스,loyalty,37,indoposonline.co.id,id,tld,ko,ko,0.802,,0.198,0
몬스타엑스,loyalty,38,mvsnoticias.com,en,default,ko,ko,0.841,,0.159,0
몬스타엑스,loyalty,39,los40.cl,es,tld,ko,ko,0.871,,0.129,0
몬스타엑스,loyalty,40,kpopna.com,en,default,ko,ko,0.505,,0.495,0
몬스타엑스,spillover,0,hypebeast.com,en,override,ko,ko,0.854,,0.146,0
몬스타엑스,spillover,1,www.dipe.co.kr,ko,tld,ko,ko,0.766,,0.234,1
몬스타엑스,spillover,2,fashionbiz.co.kr,ko,tld,ko,ko,0.754,,0.246,1
몬스타엑스,spillover,3,www.hankyung.com,ko,override,ko,ko,0.914,,0.086,1
몬스타엑스,spillover,4,www.hankyung.com,ko,override,ko,ko,0.98,,0.02,1
몬스타엑스,spillover,5,www.ajunews.com,ko,override,ko,ko,0.825,,0.175,1
몬스타엑스,spillover,6,epicstream.com,en,default,ko,ko,0.697,,0.303,0
몬스타엑스,spillover,7,www.soompi.com,en,override,ko,ko,0.735,,0.265,0
몬스타엑스,spillover,8,www.theouterhaven.net,en,default,ko,ko,0.609,,0.391,0
몬스타엑스,spillover,9,www.starnewskorea.com,en,override,ko,ko,0.894,,0.106,0
몬스타엑스,spillover,10,www.munhwa.com,ko,override,ko,ko,1.0,,0.0,1
몬스타엑스,spillover,11,www.starnewskorea.com,en,override,ko,ko,0.942,,0.058,0
몬스타엑스,spillover,12,www.segye.com,ko,override,ko,ko,0.932,,0.068,1
몬스타엑스,spillover,13,ent.sbs.co.kr,ko,tld,ko,ko,0.889,,0.111,1
몬스타엑스,spillover,14,v.daum.net,ko,override,ko,ko,0.667,,0.333,1
몬스타엑스,spillover,15,www.melon.com,en,default,ko,ko,0.697,,0.303,0
몬스타엑스,spillover,16,www.rollingstone.com,en,default,ko,ko,0.604,,0.396,0
몬스타엑스,spillover,17,tvreport.co.kr,ko,override,ko,ko,0.519,,0.481,1
몬스타엑스,spillover,18,www.gukjenews.com,en,default,ko,ko,0.844,,0.156,0
몬스타엑스,spillover,19,www.hankyung.com,ko,override,ko,ko,1.0,,0.0,1
몬스타엑스,spillover,20,www.jaehakim.com,en,default,ko,ko,0.641,,0.359,0
몬스타엑스,spillover,21,www.allkpop.com,en,override,ko,ko,1.0,,0.0,0
몬스타엑스,spillover,22,tower.jp,ja,tld,ko,ko,0.722,,0.278,0
몬스타엑스,spillover,23,www.universal-music.co.jp,ja,tld,ko,ko,1.0,,0.0,0
몬스타엑스,spillover,24,www.billboard-japan.com,ja,override,ko,ko,0.804,,0.196,0
몬스타엑스,spillover,25,www.billboard-japan.com,ja,override,ko,ko,0.732,,0.268,0
몬스타엑스,spillover,26,kstyle.com,en,default,ko,ko,0.816,,0.184,0
몬스타엑스,spillover,27,www.universal-music.co.jp,ja,tld,latin,en,1.064,,0.516,0
몬스타엑스,spillover,28,navicon.jp,ja,tld,ko,ko,0.83,,0.17,0
몬스타엑스,spillover,29,www.universal-music.co.jp,ja,tld,ko,ko,0.851,,0.149,0
몬스타엑스,spillover,30,mdpr.jp,ja,tld,latin,pt,0.52,,0.508,0
몬스타엑스,spillover,31,www.billboard-japan.com,ja,override,ko,ko,0.623,,0.377,0
몬스타엑스,spillover,32,www.billboard-japan.com,ja,override,ko,ko,0.5,,0.5,0
몬스타엑스,spillover,33,news.yahoo.co.jp,ja,tld,ko,ko,0.8,,0.2,0
몬스타엑스,spillover,34,pia-arena-mm.jp,ja,tld,ko,ko,0.696,,0.304,0
몬스타엑스,spillover,35,prtimes.jp,ja,tld,ko,ko,0.662,,0.284,0
몬스타엑스,spillover,36,kstyle.com,en,default,ko,ko,0.5,,0.5,0
몬스타엑스,spillover,37,www.oricon.co.jp,ja,tld,ko,ko,0.756,,0.244,0
몬스타엑스,spillover,38,www.billboard-japan.com,ja,override,ko,ko,1.0,,0.0,0
몬스타엑스,spillover,39,www.proceso.com.mx,es,tld,ko,ko,0.887,,0.113,0
몬스타엑스,spillover,40,www.cnnbrasil.com.br,pt,override,ko,ko,0.769,,0.231,0
몬스타엑스,spillover,41,zumbido.cl,es,tld,ko,ko,0.802,,0.198,0
몬스타엑스,spillover,42,themomentum.co,es,tld,ko,ko,0.836,,0.164,0
몬스타엑스,spillover,43,www.juksy.com,en,default,ko,ko,0.831,,0.141,0
몬스타엑스,spillover,44,stars.udn.com,zh,override,ko,ko,0.72,,0.24,0
몬스타엑스,spillover,45,memeon-music.com,en,default,ko,ko,0.871,,0.086,0
몬스타엑스,spillover,46,indoposonline.co.id,id,tld,ko,ko,0.817,,0.183,0
몬스타엑스,spillover,47,hoahoctro.tienphong.vn,vi,tld,ko,ko,0.913,,0.087,0
몬스타엑스,spillover,48,revistakoreain.com.br,pt,tld,ko,ko,0.8,,0.2,0
몬스타엑스,spillover,49,www.infobae.com,es,override,ko,ko,0.81,,0.19,0
몬스타엑스,spillover,50,www.nme.com,en,override,ko,ko,0.761,,0.239,0
몬스타엑스,spillover,51,www.frontiertouring.com,en,default,ko,ko,0.675,,0.325,0
몬스타엑스,spillover,52,www.laseinemusicale.com,en,default,ko,ko,0.934,,0.066,0
몬스타엑스,spillover,53,elcomercio.pe,es,tld,ko,ko,1.0,,0.0,0
몬스타엑스,spillover,54,larepublica.pe,es,override,ko,ko,0.859,,0.141,0
투어스(TWS),loyalty,0,www.soompi.com,en,override,latin,en,1.024,,1.0,1
투어스(TWS),loyalty,1,www.starnewskorea.com,en,override,latin,en,1.561,,0.99,1
투어스(TWS),loyalty,2,namu.wiki,ko,override,latin,en,1.266,,1.0,0
투어스(TWS),loyalty,3,x.com,en,override,latin,en,1.412,,1.0,1
투어스(TWS),loyalty,4,sports.khan.co.kr,ko,override,latin,en,1.117,,1.0,0
투어스(TWS),loyalty,5,www.soompi.com,en,override,latin,en,1.347,,1.0,1
투어스(TWS),loyalty,6,www.koreaboo.com,en,override,latin,en,1.336,,1.0,1
투어스(TWS),loyalty,7,www.starnewskorea.com,en,override,latin,en,1.014,,1.0,1
투어스(TWS),loyalty,8,www.starnewskorea.com,en,override,latin,en,1.321,,1.0,1
투어스(TWS),loyalty,9,www.hankookilbo.com,ko,override,latin,en,1.275,,1.0,0
투어스(TWS),loyalty,10,v.daum.net,ko,override,latin,en,1.388,,0.951,0
투어스(TWS),loyalty,11,www.mksports.co.kr,ko,tld,latin,en,1.249,,0.981,0
투어스(TWS),loyalty,12,biz.heraldcorp.com,ko,override,latin,en,1.491,,1.0,0
투어스(TWS),loyalty,13,news.tf.co.kr,ko,tld,latin,en,0.999,,1.0,0
투어스(TWS),loyalty,14,news.tf.co.kr,ko,tld,latin,en,0.966,,1.0,0
투어스(TWS),loyalty,15,www.heraldmuse.com,en,default,latin,en,1.166,,1.0,1
투어스(TWS),loyalty,16,sports.khan.co.kr,ko,override,latin,en,1.339,,1.0,0
투어스(TWS),loyalty,17,www.soompi.com,en,override,latin,en,1.31,,1.0,1
투어스(TWS),loyalty,18,www.starnewskorea.com,en,override,latin,en,1.175,,1.0,1
투어스(TWS),loyalty,19,event.yes24.com,en,default,latin,en,1.144,,0.988,1
투어스(TWS),loyalty,20,namu.wiki,ko,override,latin,en,1.68,,1.0,0
투어스(TWS),loyalty,21,x.com,en,override,latin,en,1.309,,0.963,1
투어스(TWS),loyalty,22,x.com,en,override,latin,en,1.09,,1.0,1
투어스(TWS),loyalty,23,campaigns.weverse.io,en,default,latin,en,1.454,,1.0,1
투어스(TWS),loyalty,24,tws-official.jp,ja,tld,latin,en,1.178,,1.0,0
투어스(TWS),loyalty,25,www.kpopjournal.tokyo,en,default,latin,en,1.528,,1.0,1
투어스(TWS),loyalty,26,www.hybejapan.events,en,default,latin,en,1.225,,1.0,1
투어스(TWS),loyalty,27,www.hybejapan.events,en,default,latin,en,1.187,,1.0,1
투어스(TWS),loyalty,28,en.thairath.co.th,th,override,latin,en,1.23,,1.0,0
투어스(TWS),loyalty,29,x.com,en,override,latin,en,1.002,,1.0,1
투어스(TWS),loyalty,30,x.com,en,override,latin,en,1.287,,1.0,1
투어스(TWS),loyalty,31,blog.delivered.co.kr,ko,tld,ko,ko,0.551,,0.449,1
투어스(TWS),spillover,0,sports.khan.co.kr,ko,override,latin,en,1.587,,1.0,0
투어스(TWS),spillover,1,sports.khan.co.kr,ko,override,latin,en,1.288,,1.0,0
투어스(TWS),spillover,2,www.allkpop.com,en,override,latin,en,1.505,,1.0,1
투어스(TWS),spillover,3,www.allkpop.com,en,override,latin,en,1.216,,1.0,1
투어스(TWS),spillover,4,en.wikipedia.org,en,wiki,latin,en,0.782,,1.0,1
투어스(TWS),spillover,5,www.koreajoongangdaily.com,en,default,latin,en,1.061,,1.0,1
투어스(TWS),spillover,6,www.koreaherald.com,en,override,latin,en,0.856,,1.0,1
투어스(TWS),spillover,7,www.koreaherald.com,en,override,latin,en,0.944,,1.0,1
투어스(TWS),spillover,8,www.koreaherald.com,en,override,latin,en,1.009,,1.0,1
투어스(TWS),spillover,9,www.koreatimes.co.kr,en,override,latin,en,1.211,,1.0,1
투어스(TWS),spillover,10,www.allkpop.com,en,override,latin,en,1.452,,1.0,1
투어스(TWS),spillover,11,www.allkpop.com,en,override,latin,en,1.473,,1.0,1
투어스(TWS),spillover,12,www.billboard.com,en,override,latin,en,1.141,,1.0,1
투어스(TWS),spillover,13,www.allkpop.com,en,override,latin,en,1.04,,1.0,1
투어스(TWS),spillover,14,en.wikipedia.org,en,wiki,latin,en,1.347,,1.0,1
투어스(TWS),spillover,15,www.koreatimes.co.kr,en,override,latin,en,0.951,,1.0,1
투어스(TWS),spillover,16,www.nme.com,en,override,latin,en,0.764,,1.0,1
투어스(TWS),spillover,17,www.soompi.com,en,override,latin,en,0.832,,1.0,1
투어스(TWS),spillover,18,www.soompi.com,en,override,latin,en,0.73,,1.0,1
투어스(TWS),spillover,19,www.starnewskorea.com,en,override,latin,en,1.218,,1.0,1
투어스(TWS),spillover,20,www.starnewskorea.com,en,override,latin,en,1.403,,1.0,1
투어스(TWS),spillover,21,en.wikipedia.org,en,wiki,latin,en,1.023,,1.0,1
투어스(TWS),spillover,22,www.allkpop.com,en,override,latin,en,1.466,,1.0,1
투어스(TWS),spillover,23,www.allkpop.com,en,override,latin,en,1.223,,1.0,1
투어스(TWS),spillover,24,www.allkpop.com,en,override,latin,en,1.167,,1.0,1
투어스(TWS),spillover,25,kstationtv.com,en,default,latin,en,1.691,,1.0,1
투어스(TWS),spillover,26,ca.billboard.com,en,override,latin,en,1.03,,1.0,1
투어스(TWS),spillover,27,sports.khan.co.kr,ko,override,latin,en,1.365,,1.0,0
투어스(TWS),spillover,28,www.koreaherald.com,en,override,latin,en,1.163,,1.0,1
투어스(TWS),spillover,29,www.billboard.com,en,override,latin,en,1.078,,1.0,1
투어스(TWS),spillover,30,www.koreaherald.com,en,override,latin,en,1.103,,1.0,1
투어스(TWS),spillover,31,www.dipe.co.kr,ko,tld,latin,en,1.066,,1.0,0
투어스(TWS),spillover,32,www.dipe.co.kr,ko,tld,latin,en,1.345,,1.0,0
투어스(TWS),spillover,33,www.dipe.co.kr,ko,tld,latin,en,0.94,,1.0,0
투어스(TWS),spillover,34,www.soompi.com,en,override,latin,en,1.356,,1.0,1
투어스(TWS),spillover,35,www.allkpop.com,en,override,latin,en,1.189,,1.0,1
투어스(TWS),spillover,36,tws-official.jp,ja,tld,latin,en,1.366,,1.0,0
투어스(TWS),spillover,37,www.starnewskorea.com,en,override,latin,en,1.008,,1.0,1
투어스(TWS),spillover,38,www.universal-music.co.jp,ja,tld,latin,en,1.344,,1.0,0
투어스(TWS),spillover,39,www.dipe.co.kr,ko,tld,latin,en,1.078,,1.0,0
투어스(TWS),spillover,40,kstationtv.com,en,default,latin,en,1.373,,1.0,1
투어스(TWS),spillover,41,www.cineplay.co.kr,ko,tld,latin,en,1.134,,1.0,0
투어스(TWS),spillover,42,www.kpopjournal.tokyo,en,default,latin,en,1.047,,1.0,1
투어스(TWS),spillover,43,www.universal-music.co.jp,ja,tld,latin,en,1.051,,1.0,0
투어스(TWS),spillover,44,en.thairath.co.th,th,override,latin,en,1.046,,1.0,0
투어스(TWS),spillover,45,www.korseries.com,en,default,latin,en,1.021,,1.0,1
투어스(TWS),spillover,46,www.bandwagon.asia,en,override,latin,en,1.154,,1.0,1
투어스(TWS),spillover,47,www.wheninmanila.com,en,default,latin,en,0.853,,1.0,1
투어스(TWS),spillover,48,www.detik.com,id,override,latin,en,0.574,,1.0,0
투어스(TWS),spillover,49,www.idntimes.com,id,override,latin,en,1.421,,1.0,0
투어스(TWS),spillover,50,www.kapanlagi.com,id,override,latin,en,1.398,,1.0,0
투어스(TWS),spillover,51,www.bandwagon.asia,en,override,latin,en,1.328,,1.0,1
투어스(TWS),spillover,52,x-clusive.sg,en,default,latin,en,0.82,,1.0,1
투어스(TWS),spillover,53,x-clusive.sg,en,default,latin,en,0.939,,1.0,1
투어스(TWS),spillover,54,www.bandwagon.asia,en,override,latin,en,1.146,,1.0,1
투어스(TWS),spillover,55,sports.khan.co.kr,ko,override,ko,ko,0.876,,0.124,1
투어스(TWS),spillover,56,soundofkmusic.squarespace.com,en,default,ko,ko,0.8,,0.2,0
투어스(TWS),spillover,57,www.lacuarta.com,en,default,ko,ko,0.976,,0.024,0
