doc_id,fandom,bullet_type,idx_in_fandom_array,n_tokens
0,BTS,loyalty,0,20
1,BTS,loyalty,1,15
2,BTS,loyalty,2,20
3,BTS,loyalty,3,14
4,BTS,loyalty,4,23
5,BTS,loyalty,5,25
6,BTS,loyalty,6,24
7,BTS,loyalty,7,19
8,BTS,loyalty,8,20
9,BTS,loyalty,9,18
10,BTS,loyalty,10,10
11,BTS,loyalty,11,11
12,BTS,loyalty,12,10
13,BTS,loyalty,13,21
14,BTS,loyalty,14,13
15,BTS,loyalty,15,13
16,BTS,loyalty,16,10
17,BTS,loyalty,17,16
18,BTS,loyalty,18,18
19,BTS,loyalty,19,16
20,BTS,loyalty,20,18
21,BTS,loyalty,21,12
22,BTS,loyalty,22,19
23,BTS,loyalty,23,23
24,BTS,loyalty,24,27
25,BTS,loyalty,25,16
26,BTS,loyalty,26,12
27,BTS,loyalty,27,10
28,BTS,loyalty,28,8
29,BTS,loyalty,29,12
30,BTS,loyalty,30,13
31,BTS,loyalty,31,17
32,BTS,loyalty,32,29
33,BTS,loyalty,33,16
34,BTS,loyalty,34,13
35,BTS,loyalty,35,22
36,BTS,loyalty,36,23
37,BTS,loyalty,37,25
38,BTS,loyalty,38,12
39,BTS,loyalty,39,19
40,BTS,loyalty,40,13
41,BTS,loyalty,41,23
42,BTS,loyalty,42,17
43,BTS,loyalty,43,17
44,BTS,loyalty,44,20
45,BTS,loyalty,45,20
46,BTS,loyalty,46,25
47,BTS,loyalty,47,16
48,BTS,loyalty,48,15
49,BTS,loyalty,49,18
50,BTS,loyalty,50,17
51,BTS,loyalty,51,14
52,BTS,loyalty,52,32
53,BTS,loyalty,53,8
54,BTS,loyalty,54,8
55,BTS,loyalty,55,17
56,BTS,loyalty,56,13
57,BTS,loyalty,57,14
58,BTS,loyalty,58,15
59,BTS,loyalty,59,16
60,BTS,loyalty,60,10
61,BTS,loyalty,61,21
62,BTS,spillover,0,15
63,BTS,spillover,1,19
64,BTS,spillover,2,24
65,BTS,spillover,3,23
66,BTS,spillover,4,12
67,BTS,spillover,5,12
68,BTS,spillover,6,16
69,BTS,spillover,7,16
70,BTS,spillover,8,14
71,BTS,spillover,9,13
72,BTS,spillover,10,11
73,BTS,spillover,11,11
74,BTS,spillover,12,13
75,BTS,spillover,13,10
76,BTS,spillover,14,8
77,BTS,spillover,15,12
78,BTS,spillover,16,14
79,BTS,spillover,17,17
80,BTS,spillover,18,13
81,BTS,spillover,19,11
82,BTS,spillover,20,13
83,BTS,spillover,21,18
84,BTS,spillover,22,15
85,BTS,spillover,23,27
86,BTS,spillover,24,31
87,BTS,spillover,25,20
88,BTS,spillover,26,11
89,BTS,spillover,27,10
90,BTS,spillover,28,9
91,BTS,spillover,29,8
92,BTS,spillover,30,9
93,BTS,spillover,31,12
94,BTS,spillover,32,10
95,BTS,spillover,33,8
96,BTS,spillover,34,13
97,BTS,spillover,35,11
98,BTS,spillover,36,15
99,BTS,spillover,37,9
100,BTS,spillover,38,11
101,BTS,spillover,39,18
102,BTS,spillover,40,12
103,BTS,spillover,41,12
104,BTS,spillover,42,11
105,BTS,spillover,43,9
106,BTS,spillover,44,11
107,BTS,spillover,45,11
108,BTS,spillover,46,8
109,BTS,spillover,47,9
110,BTS,spillover,48,19
111,BTS,spillover,49,15
112,BTS,spillover,50,22
113,BTS,spillover,51,29
114,BTS,spillover,52,19
115,BTS,spillover,53,18
116,BTS,spillover,54,19
117,BTS,spillover,55,32
118,BTS,spillover,56,10
119,BTS,spillover,57,10
120,BTS,spillover,58,8
121,BTS,spillover,59,13
122,BTS,spillover,60,14
123,BTS,spillover,61,13
124,BTS,spillover,62,10
125,BTS,spillover,63,14
126,BTS,spillover,64,8
127,BTS,spillover,65,16
128,BTS,spillover,66,7
129,BTS,spillover,67,14
130,BTS,spillover,68,18
131,BTS,spillover,69,7
132,BTS,spillover,70,7
133,BTS,spillover,71,23
134,BTS,spillover,72,16
135,BTS,spillover,73,11
136,BTS,spillover,74,23
137,BTS,spillover,75,22
138,BTS,spillover,76,24
139,BTS,spillover,77,30
140,BTS,spillover,78,30
141,BTS,spillover,79,28
142,BTS,spillover,80,37
143,BTS,spillover,81,30
144,BTS,spillover,82,25
145,BTS,spillover,83,35
146,BTS,spillover,84,20
147,BTS,spillover,85,22
148,BTS,spillover,86,13
149,BTS,spillover,87,10
150,BTS,spillover,88,19
151,BTS,spillover,89,12
152,BTS,spillover,90,8
153,BTS,spillover,91,11
154,BTS,spillover,92,11
155,BTS,spillover,93,29
156,BTS,spillover,94,22
157,BTS,spillover,95,28
158,BTS,spillover,96,29
159,BTS,spillover,97,22
160,BTS,spillover,98,33
161,BTS,spillover,99,10
162,BTS,spillover,100,8
163,BTS,spillover,101,6
164,BTS,spillover,102,6
165,BTS,spillover,103,12
166,BTS,spillover,104,9
167,BTS,spillover,105,9
168,BTS,spillover,106,9
169,BTS,spillover,107,11
170,TWICE,loyalty,0,9
171,TWICE,loyalty,1,10
172,TWICE,loyalty,2,11
173,TWICE,loyalty,3,17
174,TWICE,loyalty,4,9
175,TWICE,loyalty,5,10
176,TWICE,loyalty,6,9
177,TWICE,loyalty,7,7
178,TWICE,loyalty,8,8
179,TWICE,loyalty,9,8
180,TWICE,loyalty,10,12
181,TWICE,loyalty,11,10
182,TWICE,loyalty,12,27
183,TWICE,loyalty,13,23
184,TWICE,loyalty,14,8
185,TWICE,loyalty,15,19
186,TWICE,loyalty,16,20
187,TWICE,loyalty,17,19
188,TWICE,loyalty,18,12
189,TWICE,loyalty,19,23
190,TWICE,loyalty,20,19
191,TWICE,loyalty,21,17
192,TWICE,loyalty,22,11
193,TWICE,loyalty,23,23
194,TWICE,loyalty,24,20
195,TWICE,loyalty,25,24
196,TWICE,loyalty,26,14
197,TWICE,loyalty,27,15
198,TWICE,loyalty,28,18
199,TWICE,loyalty,29,20
200,TWICE,loyalty,30,20
201,TWICE,loyalty,31,31
202,TWICE,loyalty,32,45
203,TWICE,loyalty,33,24
204,TWICE,loyalty,34,26
205,TWICE,loyalty,35,43
206,TWICE,loyalty,36,34
207,TWICE,loyalty,37,22
208,TWICE,loyalty,38,19
209,TWICE,loyalty,39,9
210,TWICE,loyalty,40,11
211,TWICE,loyalty,41,16
212,TWICE,loyalty,42,9
213,TWICE,loyalty,43,16
214,TWICE,loyalty,44,13
215,TWICE,loyalty,45,8
216,TWICE,loyalty,46,10
217,TWICE,loyalty,47,4
218,TWICE,loyalty,48,15
219,TWICE,loyalty,49,13
220,TWICE,loyalty,50,11
221,TWICE,loyalty,51,19
222,TWICE,loyalty,52,22
223,TWICE,loyalty,53,10
224,TWICE,loyalty,54,9
225,TWICE,loyalty,55,8
226,TWICE,loyalty,56,8
227,TWICE,loyalty,57,11
228,TWICE,loyalty,58,9
229,TWICE,spillover,0,8
230,TWICE,spillover,1,10
231,TWICE,spillover,2,7
232,TWICE,spillover,3,9
233,TWICE,spillover,4,10
234,TWICE,spillover,5,5
235,TWICE,spillover,6,9
236,TWICE,spillover,7,7
237,TWICE,spillover,8,14
238,TWICE,spillover,9,11
239,TWICE,spillover,10,15
240,TWICE,spillover,11,30
241,TWICE,spillover,12,25
242,TWICE,spillover,13,25
243,TWICE,spillover,14,21
244,TWICE,spillover,15,22
245,TWICE,spillover,16,26
246,TWICE,spillover,17,23
247,TWICE,spillover,18,12
248,TWICE,spillover,19,21
249,TWICE,spillover,20,11
250,TWICE,spillover,21,26
251,TWICE,spillover,22,24
252,TWICE,spillover,23,14
253,TWICE,spillover,24,8
254,TWICE,spillover,25,9
255,TWICE,spillover,26,12
256,TWICE,spillover,27,6
257,TWICE,spillover,28,14
258,TWICE,spillover,29,12
259,TWICE,spillover,30,11
260,TWICE,spillover,31,26
261,TWICE,spillover,32,25
262,TWICE,spillover,33,35
263,TWICE,spillover,34,31
264,TWICE,spillover,35,29
265,TWICE,spillover,36,24
266,TWICE,spillover,37,29
267,TWICE,spillover,38,18
268,TWICE,spillover,39,54
269,TWICE,spillover,40,27
270,TWICE,spillover,41,17
271,TWICE,spillover,42,37
272,TWICE,spillover,43,9
273,TWICE,spillover,44,7
274,TWICE,spillover,45,11
275,TWICE,spillover,46,12
276,TWICE,spillover,47,11
277,TWICE,spillover,48,8
278,TWICE,spillover,49,14
279,TWICE,spillover,50,15
280,TWICE,spillover,51,12
281,TWICE,spillover,52,14
282,TWICE,spillover,53,10
283,TWICE,spillover,54,7
284,TWICE,spillover,55,22
285,TWICE,spillover,56,17
286,TWICE,spillover,57,11
287,TWICE,spillover,58,8
288,TWICE,spillover,59,8
289,TWICE,spillover,60,4
290,TWICE,spillover,61,12
291,TWICE,spillover,62,34
292,TWICE,spillover,63,19
293,TWICE,spillover,64,28
294,TWICE,spillover,65,17
295,TWICE,spillover,66,37
296,TWICE,spillover,67,33
297,TWICE,spillover,68,19
298,TWICE,spillover,69,22
299,TWICE,spillover,70,25
300,TWICE,spillover,71,18
301,TWICE,spillover,72,26
302,TWICE,spillover,73,48
303,TWICE,spillover,74,17
304,TWICE,spillover,75,26
305,TWICE,spillover,76,28
306,TWICE,spillover,77,22
307,TWICE,spillover,78,20
308,TWICE,spillover,79,28
309,TWICE,spillover,80,30
310,TWICE,spillover,81,28
311,TWICE,spillover,82,35
312,TWICE,spillover,83,24
313,TWICE,spillover,84,13
314,임영웅,loyalty,0,15
315,임영웅,loyalty,1,27
316,임영웅,loyalty,2,26
317,임영웅,loyalty,3,8
318,임영웅,loyalty,4,26
319,임영웅,loyalty,5,19
320,임영웅,loyalty,6,21
321,임영웅,loyalty,7,25
322,임영웅,loyalty,8,21
323,임영웅,loyalty,9,10
324,임영웅,loyalty,10,6
325,임영웅,loyalty,11,12
326,임영웅,loyalty,12,7
327,임영웅,loyalty,13,8
328,임영웅,loyalty,14,13
329,임영웅,loyalty,15,11
330,임영웅,loyalty,16,9
331,임영웅,loyalty,17,8
332,임영웅,loyalty,18,11
333,임영웅,loyalty,19,20
334,임영웅,loyalty,20,14
335,임영웅,loyalty,21,30
336,임영웅,loyalty,22,10
337,임영웅,loyalty,23,15
338,임영웅,loyalty,24,17
339,임영웅,loyalty,25,11
340,임영웅,loyalty,26,26
341,임영웅,loyalty,27,8
342,임영웅,loyalty,28,13
343,임영웅,loyalty,29,9
344,임영웅,loyalty,30,9
345,임영웅,loyalty,31,36
346,임영웅,loyalty,32,24
347,임영웅,loyalty,33,34
348,임영웅,loyalty,34,14
349,임영웅,loyalty,35,13
350,임영웅,loyalty,36,11
351,임영웅,loyalty,37,9
352,임영웅,loyalty,38,11
353,임영웅,loyalty,39,18
354,임영웅,loyalty,40,15
355,임영웅,loyalty,41,38
356,임영웅,loyalty,42,30
357,임영웅,loyalty,43,8
358,임영웅,loyalty,44,5
359,임영웅,loyalty,45,5
360,임영웅,loyalty,46,6
361,임영웅,loyalty,47,20
362,임영웅,loyalty,48,10
363,임영웅,loyalty,49,23
364,임영웅,spillover,0,26
365,임영웅,spillover,1,34
366,임영웅,spillover,2,12
367,임영웅,spillover,3,16
368,임영웅,spillover,4,19
369,임영웅,spillover,5,34
370,임영웅,spillover,6,27
371,임영웅,spillover,7,32
372,임영웅,spillover,8,24
373,임영웅,spillover,9,6
374,임영웅,spillover,10,15
375,임영웅,spillover,11,10
376,임영웅,spillover,12,12
377,임영웅,spillover,13,9
378,임영웅,spillover,14,15
379,임영웅,spillover,15,6
380,임영웅,spillover,16,9
381,임영웅,spillover,17,6
382,임영웅,spillover,18,26
383,임영웅,spillover,19,13
384,임영웅,spillover,20,19
385,임영웅,spillover,21,15
386,임영웅,spillover,22,7
387,임영웅,spillover,23,18
388,임영웅,spillover,24,32
389,임영웅,spillover,25,42
390,임영웅,spillover,26,29
391,임영웅,spillover,27,20
392,임영웅,spillover,28,33
393,임영웅,spillover,29,39
394,임영웅,spillover,30,7
395,임영웅,spillover,31,18
396,임영웅,spillover,32,11
397,임영웅,spillover,33,8
398,임영웅,spillover,34,13
399,임영웅,spillover,35,10
400,임영웅,spillover,36,13
401,임영웅,spillover,37,23
402,임영웅,spillover,38,29
403,임영웅,spillover,39,11
404,임영웅,spillover,40,14
405,임영웅,spillover,41,11
406,임영웅,spillover,42,13
407,임영웅,spillover,43,11
408,임영웅,spillover,44,15
409,임영웅,spillover,45,17
410,임영웅,spillover,46,11
411,임영웅,spillover,47,32
412,임영웅,spillover,48,31
413,임영웅,spillover,49,14
414,임영웅,spillover,50,27
415,임영웅,spillover,51,34
416,임영웅,spillover,52,26
417,임영웅,spillover,53,17
418,임영웅,spillover,54,24
419,임영웅,spillover,55,32
420,임영웅,spillover,56,31
421,임영웅,spillover,57,14
422,임영웅,spillover,58,12
423,임영웅,spillover,59,11
424,임영웅,spillover,60,22
425,임영웅,spillover,61,21
426,Stray Kids,loyalty,0,11
427,Stray Kids,loyalty,1,21
428,Stray Kids,loyalty,2,9
429,Stray Kids,loyalty,3,13
430,Stray Kids,loyalty,4,12
431,Stray Kids,loyalty,5,16
432,Stray Kids,loyalty,6,12
433,Stray Kids,loyalty,7,16
434,Stray Kids,loyalty,8,12
435,Stray Kids,loyalty,9,12
436,Stray Kids,loyalty,10,12
437,Stray Kids,loyalty,11,16
438,Stray Kids,loyalty,12,11
439,Stray Kids,loyalty,13,13
440,Stray Kids,loyalty,14,6
441,Stray Kids,loyalty,15,17
442,Stray Kids,loyalty,16,20
443,Stray Kids,loyalty,17,13
444,Stray Kids,loyalty,18,34
445,Stray Kids,loyalty,19,11
446,Stray Kids,loyalty,20,14
447,Stray Kids,loyalty,21,28
448,Stray Kids,loyalty,22,36
449,Stray Kids,loyalty,23,34
450,Stray Kids,loyalty,24,20
451,Stray Kids,loyalty,25,27
452,Stray Kids,loyalty,26,22
453,Stray Kids,loyalty,27,23
454,Stray Kids,loyalty,28,36
455,Stray Kids,loyalty,29,20
456,Stray Kids,loyalty,30,20
457,Stray Kids,loyalty,31,12
458,Stray Kids,loyalty,32,13
459,Stray Kids,loyalty,33,19
460,Stray Kids,loyalty,34,9
461,Stray Kids,loyalty,35,8
462,Stray Kids,loyalty,36,8
463,Stray Kids,loyalty,37,11
464,Stray Kids,loyalty,38,5
465,Stray Kids,loyalty,39,17
466,Stray Kids,loyalty,40,12
467,Stray Kids,loyalty,41,8
468,Stray Kids,loyalty,42,13
469,Stray Kids,loyalty,43,17
470,Stray Kids,loyalty,44,15
471,Stray Kids,loyalty,45,21
472,Stray Kids,loyalty,46,11
473,Stray Kids,loyalty,47,10
474,Stray Kids,loyalty,48,16
475,Stray Kids,loyalty,49,12
476,Stray Kids,loyalty,50,14
477,Stray Kids,loyalty,51,13
478,Stray Kids,loyalty,52,7
479,Stray Kids,spillover,0,8
480,Stray Kids,spillover,1,11
481,Stray Kids,spillover,2,15
482,Stray Kids,spillover,3,22
483,Stray Kids,spillover,4,14
484,Stray Kids,spillover,5,12
485,Stray Kids,spillover,6,19
486,Stray Kids,spillover,7,16
487,Stray Kids,spillover,8,17
488,Stray Kids,spillover,9,9
489,Stray Kids,spillover,10,6
490,Stray Kids,spillover,11,14
491,Stray Kids,spillover,12,7
492,Stray Kids,spillover,13,12
493,Stray Kids,spillover,14,15
494,Stray Kids,spillover,15,10
495,Stray Kids,spillover,16,21
496,Stray Kids,spillover,17,8
497,Stray Kids,spillover,18,8
498,Stray Kids,spillover,19,33
499,Stray Kids,spillover,20,48
500,Stray Kids,spillover,21,6
501,Stray Kids,spillover,22,8
502,Stray Kids,spillover,23,6
503,Stray Kids,spillover,24,8
504,Stray Kids,spillover,25,8
505,Stray Kids,spillover,26,19
506,Stray Kids,spillover,27,8
507,Stray Kids,spillover,28,16
508,Stray Kids,spillover,29,14
509,Stray Kids,spillover,30,10
510,Stray Kids,spillover,31,14
511,Stray Kids,spillover,32,11
512,Stray Kids,spillover,33,7
513,Stray Kids,spillover,34,8
514,Stray Kids,spillover,35,11
515,Stray Kids,spillover,36,28
516,Stray Kids,spillover,37,14
517,Stray Kids,spillover,38,25
518,Stray Kids,spillover,39,25
519,Stray Kids,spillover,40,24
520,Stray Kids,spillover,41,28
521,Stray Kids,spillover,42,41
522,Stray Kids,spillover,43,16
523,Stray Kids,spillover,44,39
524,Stray Kids,spillover,45,52
525,Stray Kids,spillover,46,36
526,Stray Kids,spillover,47,32
527,Stray Kids,spillover,48,15
528,Stray Kids,spillover,49,13
529,Stray Kids,spillover,50,17
530,Stray Kids,spillover,51,13
531,Stray Kids,spillover,52,9
532,Stray Kids,spillover,53,7
533,Stray Kids,spillover,54,13
534,Stray Kids,spillover,55,9
535,Stray Kids,spillover,56,6
536,Stray Kids,spillover,57,9
537,Stray Kids,spillover,58,12
538,Stray Kids,spillover,59,14
539,Stray Kids,spillover,60,20
540,Stray Kids,spillover,61,12
541,Stray Kids,spillover,62,11
542,Stray Kids,spillover,63,4
543,Stray Kids,spillover,64,7
544,Stray Kids,spillover,65,12
545,Stray Kids,spillover,66,24
546,Stray Kids,spillover,67,17
547,Stray Kids,spillover,68,21
548,Stray Kids,spillover,69,23
549,Stray Kids,spillover,70,26
550,Stray Kids,spillover,71,32
551,Stray Kids,spillover,72,21
552,Stray Kids,spillover,73,12
553,Stray Kids,spillover,74,23
554,Stray Kids,spillover,75,24
555,Stray Kids,spillover,76,8
556,Stray Kids,spillover,77,7
557,Stray Kids,spillover,78,15
558,Stray Kids,spillover,79,8
559,Stray Kids,spillover,80,12
560,Stray Kids,spillover,81,8
561,Stray Kids,spillover,82,14
562,Stray Kids,spillover,83,9
563,Stray Kids,spillover,84,7
564,BLACKPINK,loyalty,0,7
565,BLACKPINK,loyalty,1,14
566,BLACKPINK,loyalty,2,10
567,BLACKPINK,loyalty,3,12
568,BLACKPINK,loyalty,4,12
569,BLACKPINK,loyalty,5,8
570,BLACKPINK,loyalty,6,8
571,BLACKPINK,loyalty,7,13
572,BLACKPINK,loyalty,8,15
573,BLACKPINK,loyalty,9,8
574,BLACKPINK,loyalty,10,8
575,BLACKPINK,loyalty,11,14
576,BLACKPINK,loyalty,12,21
577,BLACKPINK,loyalty,13,12
578,BLACKPINK,loyalty,14,25
579,BLACKPINK,loyalty,15,26
580,BLACKPINK,loyalty,16,23
581,BLACKPINK,loyalty,17,28
582,BLACKPINK,loyalty,18,16
583,BLACKPINK,loyalty,19,10
584,BLACKPINK,loyalty,20,12
585,BLACKPINK,loyalty,21,16
586,BLACKPINK,loyalty,22,39
587,BLACKPINK,loyalty,23,31
588,BLACKPINK,loyalty,24,37
589,BLACKPINK,loyalty,25,37
590,BLACKPINK,loyalty,26,34
591,BLACKPINK,loyalty,27,18
592,BLACKPINK,loyalty,28,17
593,BLACKPINK,loyalty,29,25
594,BLACKPINK,loyalty,30,14
595,BLACKPINK,loyalty,31,8
596,BLACKPINK,loyalty,32,12
597,BLACKPINK,loyalty,33,8
598,BLACKPINK,loyalty,34,6
599,BLACKPINK,loyalty,35,9
600,BLACKPINK,loyalty,36,11
601,BLACKPINK,loyalty,37,16
602,BLACKPINK,loyalty,38,11
603,BLACKPINK,loyalty,39,7
604,BLACKPINK,loyalty,40,22
605,BLACKPINK,loyalty,41,16
606,BLACKPINK,loyalty,42,16
607,BLACKPINK,loyalty,43,25
608,BLACKPINK,loyalty,44,31
609,BLACKPINK,loyalty,45,20
610,BLACKPINK,loyalty,46,8
611,BLACKPINK,loyalty,47,9
612,BLACKPINK,loyalty,48,11
613,BLACKPINK,loyalty,49,15
614,BLACKPINK,loyalty,50,9
615,BLACKPINK,spillover,0,21
616,BLACKPINK,spillover,1,16
617,BLACKPINK,spillover,2,16
618,BLACKPINK,spillover,3,17
619,BLACKPINK,spillover,4,12
620,BLACKPINK,spillover,5,19
621,BLACKPINK,spillover,6,16
622,BLACKPINK,spillover,7,16
623,BLACKPINK,spillover,8,26
624,BLACKPINK,spillover,9,25
625,BLACKPINK,spillover,10,20
626,BLACKPINK,spillover,11,21
627,BLACKPINK,spillover,12,33
628,BLACKPINK,spillover,13,18
629,BLACKPINK,spillover,14,34
630,BLACKPINK,spillover,15,27
631,BLACKPINK,spillover,16,24
632,BLACKPINK,spillover,17,22
633,BLACKPINK,spillover,18,18
634,BLACKPINK,spillover,19,26
635,BLACKPINK,spillover,20,22
636,BLACKPINK,spillover,21,24
637,BLACKPINK,spillover,22,18
638,BLACKPINK,spillover,23,20
639,BLACKPINK,spillover,24,20
640,BLACKPINK,spillover,25,7
641,BLACKPINK,spillover,26,13
642,BLACKPINK,spillover,27,8
643,BLACKPINK,spillover,28,8
644,BLACKPINK,spillover,29,11
645,BLACKPINK,spillover,30,17
646,BLACKPINK,spillover,31,9
647,BLACKPINK,spillover,32,13
648,BLACKPINK,spillover,33,14
649,BLACKPINK,spillover,34,12
650,BLACKPINK,spillover,35,10
651,BLACKPINK,spillover,36,4
652,BLACKPINK,spillover,37,9
653,BLACKPINK,spillover,38,9
654,BLACKPINK,spillover,39,7
655,BLACKPINK,spillover,40,8
656,BLACKPINK,spillover,41,4
657,BLACKPINK,spillover,42,9
658,BLACKPINK,spillover,43,8
659,BLACKPINK,spillover,44,24
660,BLACKPINK,spillover,45,16
661,BLACKPINK,spillover,46,46
662,BLACKPINK,spillover,47,35
663,BLACKPINK,spillover,48,29
664,BLACKPINK,spillover,49,30
665,BLACKPINK,spillover,50,36
666,BLACKPINK,spillover,51,29
667,BLACKPINK,spillover,52,30
668,BLACKPINK,spillover,53,30
669,BLACKPINK,spillover,54,14
670,BLACKPINK,spillover,55,19
671,BLACKPINK,spillover,56,25
672,BLACKPINK,spillover,57,11
673,BLACKPINK,spillover,58,9
674,BLACKPINK,spillover,59,9
675,BLACKPINK,spillover,60,14
676,BLACKPINK,spillover,61,15
677,BLACKPINK,spillover,62,8
678,BLACKPINK,spillover,63,11
679,BLACKPINK,spillover,64,14
680,BLACKPINK,spillover,65,10
681,BLACKPINK,spillover,66,10
682,BLACKPINK,spillover,67,18
683,BLACKPINK,spillover,68,13
684,BLACKPINK,spillover,69,34
685,BLACKPINK,spillover,70,12
686,BLACKPINK,spillover,71,49
687,BLACKPINK,spillover,72,18
688,BLACKPINK,spillover,73,25
689,BLACKPINK,spillover,74,26
690,BLACKPINK,spillover,75,32
691,BLACKPINK,spillover,76,18
692,BLACKPINK,spillover,77,12
693,BLACKPINK,spillover,78,8
694,BLACKPINK,spillover,79,15
695,BLACKPINK,spillover,80,15
696,BLACKPINK,spillover,81,22
697,BLACKPINK,spillover,82,26
698,BLACKPINK,spillover,83,25
699,BLACKPINK,spillover,84,21
700,BLACKPINK,spillover,85,27
701,BLACKPINK,spillover,86,22
702,BLACKPINK,spillover,87,16
703,BLACKPINK,spillover,88,13
704,BLACKPINK,spillover,89,20
705,BLACKPINK,spillover,90,7
706,BLACKPINK,spillover,91,6
707,BLACKPINK,spillover,92,6
708,BLACKPINK,spillover,93,6
709,BLACKPINK,spillover,94,9
710,SEVENTEEN,loyalty,0,17
711,SEVENTEEN,loyalty,1,16
712,SEVENTEEN,loyalty,2,18
713,SEVENTEEN,loyalty,3,20
714,SEVENTEEN,loyalty,4,28
715,SEVENTEEN,loyalty,5,17
716,SEVENTEEN,loyalty,6,13
717,SEVENTEEN,loyalty,7,13
718,SEVENTEEN,loyalty,8,17
719,SEVENTEEN,loyalty,9,12
720,SEVENTEEN,loyalty,10,9
721,SEVENTEEN,loyalty,11,9
722,SEVENTEEN,loyalty,12,13
723,SEVENTEEN,loyalty,13,5
724,SEVENTEEN,loyalty,14,12
725,SEVENTEEN,loyalty,15,13
726,SEVENTEEN,loyalty,16,12
727,SEVENTEEN,loyalty,17,22
728,SEVENTEEN,loyalty,18,13
729,SEVENTEEN,loyalty,19,28
730,SEVENTEEN,loyalty,20,14
731,SEVENTEEN,loyalty,21,11
732,SEVENTEEN,loyalty,22,11
733,SEVENTEEN,loyalty,23,27
734,SEVENTEEN,loyalty,24,24
735,SEVENTEEN,loyalty,25,22
736,SEVENTEEN,loyalty,26,10
737,SEVENTEEN,loyalty,27,16
738,SEVENTEEN,loyalty,28,10
739,SEVENTEEN,loyalty,29,11
740,SEVENTEEN,loyalty,30,9
741,SEVENTEEN,loyalty,31,7
742,SEVENTEEN,loyalty,32,13
743,SEVENTEEN,loyalty,33,6
744,SEVENTEEN,loyalty,34,10
745,SEVENTEEN,loyalty,35,8
746,SEVENTEEN,loyalty,36,10
747,SEVENTEEN,loyalty,37,11
748,SEVENTEEN,loyalty,38,9
749,SEVENTEEN,loyalty,39,6
750,SEVENTEEN,loyalty,40,9
751,SEVENTEEN,loyalty,41,8
752,SEVENTEEN,loyalty,42,9
753,SEVENTEEN,loyalty,43,11
754,SEVENTEEN,loyalty,44,12
755,SEVENTEEN,loyalty,45,7
756,SEVENTEEN,loyalty,46,13
757,SEVENTEEN,loyalty,47,13
758,SEVENTEEN,loyalty,48,7
759,SEVENTEEN,loyalty,49,9
760,SEVENTEEN,loyalty,50,5
761,SEVENTEEN,loyalty,51,10
762,SEVENTEEN,loyalty,52,11
763,SEVENTEEN,loyalty,53,12
764,SEVENTEEN,loyalty,54,12
765,SEVENTEEN,loyalty,55,12
766,SEVENTEEN,loyalty,56,11
767,SEVENTEEN,loyalty,57,9
768,SEVENTEEN,loyalty,58,10
769,SEVENTEEN,loyalty,59,9
770,SEVENTEEN,loyalty,60,13
771,SEVENTEEN,loyalty,61,14
772,SEVENTEEN,loyalty,62,11
773,SEVENTEEN,loyalty,63,13
774,SEVENTEEN,loyalty,64,11
775,SEVENTEEN,loyalty,65,22
776,SEVENTEEN,spillover,0,6
777,SEVENTEEN,spillover,1,8
778,SEVENTEEN,spillover,2,11
779,SEVENTEEN,spillover,3,20
780,SEVENTEEN,spillover,4,14
781,SEVENTEEN,spillover,5,17
782,SEVENTEEN,spillover,6,12
783,SEVENTEEN,spillover,7,15
784,SEVENTEEN,spillover,8,11
785,SEVENTEEN,spillover,9,7
786,SEVENTEEN,spillover,10,9
787,SEVENTEEN,spillover,11,12
788,SEVENTEEN,spillover,12,8
789,SEVENTEEN,spillover,13,14
790,SEVENTEEN,spillover,14,9
791,SEVENTEEN,spillover,15,12
792,SEVENTEEN,spillover,16,21
793,SEVENTEEN,spillover,17,12
794,SEVENTEEN,spillover,18,13
795,SEVENTEEN,spillover,19,12
796,SEVENTEEN,spillover,20,30
797,SEVENTEEN,spillover,21,35
798,SEVENTEEN,spillover,22,26
799,SEVENTEEN,spillover,23,13
800,SEVENTEEN,spillover,24,12
801,SEVENTEEN,spillover,25,8
802,SEVENTEEN,spillover,26,10
803,SEVENTEEN,spillover,27,10
804,SEVENTEEN,spillover,28,13
805,SEVENTEEN,spillover,29,10
806,SEVENTEEN,spillover,30,11
807,SEVENTEEN,spillover,31,12
808,SEVENTEEN,spillover,32,29
809,SEVENTEEN,spillover,33,19
810,SEVENTEEN,spillover,34,14
811,SEVENTEEN,spillover,35,14
812,SEVENTEEN,spillover,36,22
813,SEVENTEEN,spillover,37,30
814,SEVENTEEN,spillover,38,12
815,SEVENTEEN,spillover,39,10
816,SEVENTEEN,spillover,40,8
817,SEVENTEEN,spillover,41,9
818,SEVENTEEN,spillover,42,11
819,SEVENTEEN,spillover,43,13
820,SEVENTEEN,spillover,44,11
821,SEVENTEEN,spillover,45,8
822,SEVENTEEN,spillover,46,15
823,SEVENTEEN,spillover,47,19
824,SEVENTEEN,spillover,48,24
825,SEVENTEEN,spillover,49,12
826,SEVENTEEN,spillover,50,9
827,SEVENTEEN,spillover,51,30
828,SEVENTEEN,spillover,52,9
829,SEVENTEEN,spillover,53,9
830,SEVENTEEN,spillover,54,16
831,SEVENTEEN,spillover,55,9
832,SEVENTEEN,spillover,56,15
833,SEVENTEEN,spillover,57,23
834,SEVENTEEN,spillover,58,14
835,SEVENTEEN,spillover,59,18
836,SEVENTEEN,spillover,60,21
837,SEVENTEEN,spillover,61,20
838,SEVENTEEN,spillover,62,23
839,SEVENTEEN,spillover,63,8
840,지드래곤 (G-Dragon),loyalty,0,12
841,지드래곤 (G-Dragon),loyalty,1,10
842,지드래곤 (G-Dragon),loyalty,2,9
843,지드래곤 (G-Dragon),loyalty,3,12
844,지드래곤 (G-Dragon),loyalty,4,25
845,지드래곤 (G-Dragon),loyalty,5,10
846,지드래곤 (G-Dragon),loyalty,6,15
847,지드래곤 (G-Dragon),loyalty,7,17
848,지드래곤 (G-Dragon),loyalty,8,11
849,지드래곤 (G-Dragon),loyalty,9,15
850,지드래곤 (G-Dragon),loyalty,10,6
851,지드래곤 (G-Dragon),loyalty,11,17
852,지드래곤 (G-Dragon),loyalty,12,17
853,지드래곤 (G-Dragon),loyalty,13,14
854,지드래곤 (G-Dragon),loyalty,14,20
855,지드래곤 (G-Dragon),loyalty,15,24
856,지드래곤 (G-Dragon),loyalty,16,16
857,지드래곤 (G-Dragon),loyalty,17,13
858,지드래곤 (G-Dragon),loyalty,18,14
859,지드래곤 (G-Dragon),loyalty,19,14
860,지드래곤 (G-Dragon),loyalty,20,32
861,지드래곤 (G-Dragon),loyalty,21,33
862,지드래곤 (G-Dragon),loyalty,22,14
863,지드래곤 (G-Dragon),loyalty,23,25
864,지드래곤 (G-Dragon),loyalty,24,20
865,지드래곤 (G-Dragon),loyalty,25,15
866,지드래곤 (G-Dragon),loyalty,26,43
867,지드래곤 (G-Dragon),loyalty,27,11
868,지드래곤 (G-Dragon),loyalty,28,12
869,지드래곤 (G-Dragon),loyalty,29,13
870,지드래곤 (G-Dragon),loyalty,30,12
871,지드래곤 (G-Dragon),loyalty,31,13
872,지드래곤 (G-Dragon),loyalty,32,8
873,지드래곤 (G-Dragon),loyalty,33,18
874,지드래곤 (G-Dragon),loyalty,34,13
875,지드래곤 (G-Dragon),spillover,0,15
876,지드래곤 (G-Dragon),spillover,1,17
877,지드래곤 (G-Dragon),spillover,2,19
878,지드래곤 (G-Dragon),spillover,3,14
879,지드래곤 (G-Dragon),spillover,4,24
880,지드래곤 (G-Dragon),spillover,5,11
881,지드래곤 (G-Dragon),spillover,6,20
882,지드래곤 (G-Dragon),spillover,7,11
883,지드래곤 (G-Dragon),spillover,8,17
884,지드래곤 (G-Dragon),spillover,9,11
885,지드래곤 (G-Dragon),spillover,10,10
886,지드래곤 (G-Dragon),spillover,11,16
887,지드래곤 (G-Dragon),spillover,12,20
888,지드래곤 (G-Dragon),spillover,13,21
889,지드래곤 (G-Dragon),spillover,14,19
890,지드래곤 (G-Dragon),spillover,15,12
891,지드래곤 (G-Dragon),spillover,16,15
892,지드래곤 (G-Dragon),spillover,17,19
893,지드래곤 (G-Dragon),spillover,18,28
894,지드래곤 (G-Dragon),spillover,19,21
895,지드래곤 (G-Dragon),spillover,20,7
896,지드래곤 (G-Dragon),spillover,21,10
897,지드래곤 (G-Dragon),spillover,22,6
898,지드래곤 (G-Dragon),spillover,23,10
899,지드래곤 (G-Dragon),spillover,24,9
900,지드래곤 (G-Dragon),spillover,25,5
901,지드래곤 (G-Dragon),spillover,26,6
902,지드래곤 (G-Dragon),spillover,27,16
903,지드래곤 (G-Dragon),spillover,28,15
904,지드래곤 (G-Dragon),spillover,29,12
905,지드래곤 (G-Dragon),spillover,30,8
906,지드래곤 (G-Dragon),spillover,31,12
907,지드래곤 (G-Dragon),spillover,32,11
908,지드래곤 (G-Dragon),spillover,33,8
909,지드래곤 (G-Dragon),spillover,34,9
910,지드래곤 (G-Dragon),spillover,35,24
911,지드래곤 (G-Dragon),spillover,36,38
912,지드래곤 (G-Dragon),spillover,37,20
913,지드래곤 (G-Dragon),spillover,38,23
914,지드래곤 (G-Dragon),spillover,39,32
915,지드래곤 (G-Dragon),spillover,40,42
916,지드래곤 (G-Dragon),spillover,41,25
917,지드래곤 (G-Dragon),spillover,42,28
918,지드래곤 (G-Dragon),spillover,43,13
919,지드래곤 (G-Dragon),spillover,44,31
920,지드래곤 (G-Dragon),spillover,45,24
921,지드래곤 (G-Dragon),spillover,46,7
922,지드래곤 (G-Dragon),spillover,47,15
923,지드래곤 (G-Dragon),spillover,48,20
924,지드래곤 (G-Dragon),spillover,49,7
925,지드래곤 (G-Dragon),spillover,50,14
926,지드래곤 (G-Dragon),spillover,51,8
927,지드래곤 (G-Dragon),spillover,52,10
928,지드래곤 (G-Dragon),spillover,53,14
929,지드래곤 (G-Dragon),spillover,54,20
930,지드래곤 (G-Dragon),spillover,55,21
931,지드래곤 (G-Dragon),spillover,56,8
932,지드래곤 (G-Dragon),spillover,57,10
933,지드래곤 (G-Dragon),spillover,58,21
934,지드래곤 (G-Dragon),spillover,59,22
935,지드래곤 (G-Dragon),spillover,60,20
936,지드래곤 (G-Dragon),spillover,61,21
937,지드래곤 (G-Dragon),spillover,62,24
938,지드래곤 (G-Dragon),spillover,63,56
939,지드래곤 (G-Dragon),spillover,64,23
940,지드래곤 (G-Dragon),spillover,65,22
941,지드래곤 (G-Dragon),spillover,66,24
942,지드래곤 (G-Dragon),spillover,67,19
943,지드래곤 (G-Dragon),spillover,68,29
944,지드래곤 (G-Dragon),spillover,69,28
945,지드래곤 (G-Dragon),spillover,70,37
946,지드래곤 (G-Dragon),spillover,71,10
947,지드래곤 (G-Dragon),spillover,72,10
948,지드래곤 (G-Dragon),spillover,73,11
949,지드래곤 (G-Dragon),spillover,74,12
950,NCT,loyalty,0,22
951,NCT,loyalty,1,17
952,NCT,loyalty,2,16
953,NCT,loyalty,3,13
954,NCT,loyalty,4,17
955,NCT,loyalty,5,10
956,NCT,loyalty,6,8
957,NCT,loyalty,7,22
958,NCT,loyalty,8,17
959,NCT,loyalty,9,13
960,NCT,loyalty,10,11
961,NCT,loyalty,11,14
962,NCT,loyalty,12,9
963,NCT,loyalty,13,8
964,NCT,loyalty,14,16
965,NCT,loyalty,15,10
966,NCT,loyalty,16,27
967,NCT,loyalty,17,15
968,NCT,loyalty,18,18
969,NCT,loyalty,19,14
970,NCT,loyalty,20,15
971,NCT,loyalty,21,11
972,NCT,loyalty,22,11
973,NCT,loyalty,23,10
974,NCT,loyalty,24,30
975,NCT,loyalty,25,28
976,NCT,loyalty,26,15
977,NCT,loyalty,27,29
978,NCT,loyalty,28,24
979,NCT,loyalty,29,10
980,NCT,loyalty,30,33
981,NCT,loyalty,31,35
982,NCT,loyalty,32,40
983,NCT,loyalty,33,36
984,NCT,loyalty,34,8
985,NCT,loyalty,35,8
986,NCT,loyalty,36,19
987,NCT,loyalty,37,11
988,NCT,loyalty,38,21
989,NCT,loyalty,39,25
990,NCT,loyalty,40,3
991,NCT,loyalty,41,21
992,NCT,loyalty,42,13
993,NCT,loyalty,43,13
994,NCT,loyalty,44,10
995,NCT,loyalty,45,9
996,NCT,loyalty,46,13
997,NCT,loyalty,47,6
998,NCT,loyalty,48,8
999,NCT,loyalty,49,11
1000,NCT,spillover,0,19
1001,NCT,spillover,1,17
1002,NCT,spillover,2,21
1003,NCT,spillover,3,11
1004,NCT,spillover,4,15
1005,NCT,spillover,5,16
1006,NCT,spillover,6,10
1007,NCT,spillover,7,13
1008,NCT,spillover,8,22
1009,NCT,spillover,9,10
1010,NCT,spillover,10,11
1011,NCT,spillover,11,17
1012,NCT,spillover,12,9
1013,NCT,spillover,13,8
1014,NCT,spillover,14,6
1015,NCT,spillover,15,9
1016,NCT,spillover,16,7
1017,NCT,spillover,17,12
1018,NCT,spillover,18,7
1019,NCT,spillover,19,24
1020,NCT,spillover,20,36
1021,NCT,spillover,21,28
1022,NCT,spillover,22,17
1023,NCT,spillover,23,19
1024,NCT,spillover,24,26
1025,NCT,spillover,25,14
1026,NCT,spillover,26,13
1027,NCT,spillover,27,34
1028,NCT,spillover,28,13
1029,NCT,spillover,29,16
1030,NCT,spillover,30,10
1031,NCT,spillover,31,12
1032,NCT,spillover,32,10
1033,NCT,spillover,33,7
1034,NCT,spillover,34,8
1035,NCT,spillover,35,12
1036,NCT,spillover,36,8
1037,NCT,spillover,37,19
1038,NCT,spillover,38,21
1039,NCT,spillover,39,25
1040,NCT,spillover,40,23
1041,NCT,spillover,41,13
1042,NCT,spillover,42,12
1043,NCT,spillover,43,8
1044,NCT,spillover,44,10
1045,NCT,spillover,45,6
1046,NCT,spillover,46,20
1047,NCT,spillover,47,9
1048,NCT,spillover,48,32
1049,NCT,spillover,49,38
1050,NCT,spillover,50,34
1051,NCT,spillover,51,28
1052,NCT,spillover,52,24
1053,NCT,spillover,53,34
1054,NCT,spillover,54,35
1055,NCT,spillover,55,44
1056,NCT,spillover,56,20
1057,NCT,spillover,57,13
1058,NCT,spillover,58,25
1059,NCT,spillover,59,18
1060,NCT,spillover,60,10
1061,NCT,spillover,61,15
1062,NCT,spillover,62,10
1063,NCT,spillover,63,10
1064,NCT,spillover,64,10
1065,NCT,spillover,65,10
1066,CORTIS,loyalty,0,13
1067,CORTIS,loyalty,1,18
1068,CORTIS,loyalty,2,14
1069,CORTIS,loyalty,3,13
1070,CORTIS,loyalty,4,7
1071,CORTIS,loyalty,5,11
1072,CORTIS,loyalty,6,16
1073,CORTIS,loyalty,7,8
1074,CORTIS,loyalty,8,12
1075,CORTIS,loyalty,9,5
1076,CORTIS,loyalty,10,13
1077,CORTIS,loyalty,11,18
1078,CORTIS,loyalty,12,24
1079,CORTIS,loyalty,13,12
1080,CORTIS,loyalty,14,13
1081,CORTIS,loyalty,15,21
1082,CORTIS,loyalty,16,22
1083,CORTIS,loyalty,17,7
1084,CORTIS,loyalty,18,37
1085,CORTIS,loyalty,19,16
1086,CORTIS,loyalty,20,13
1087,CORTIS,loyalty,21,13
1088,CORTIS,loyalty,22,21
1089,CORTIS,loyalty,23,18
1090,CORTIS,loyalty,24,25
1091,CORTIS,loyalty,25,10
1092,CORTIS,loyalty,26,11
1093,CORTIS,loyalty,27,11
1094,CORTIS,loyalty,28,11
1095,CORTIS,loyalty,29,8
1096,CORTIS,loyalty,30,7
1097,CORTIS,loyalty,31,12
1098,CORTIS,loyalty,32,11
1099,CORTIS,loyalty,33,10
1100,CORTIS,loyalty,34,7
1101,CORTIS,loyalty,35,9
1102,CORTIS,loyalty,36,12
1103,CORTIS,loyalty,37,16
1104,CORTIS,loyalty,38,15
1105,CORTIS,spillover,0,10
1106,CORTIS,spillover,1,13
1107,CORTIS,spillover,2,14
1108,CORTIS,spillover,3,16
1109,CORTIS,spillover,4,27
1110,CORTIS,spillover,5,21
1111,CORTIS,spillover,6,18
1112,CORTIS,spillover,7,21
1113,CORTIS,spillover,8,11
1114,CORTIS,spillover,9,16
1115,CORTIS,spillover,10,26
1116,CORTIS,spillover,11,13
1117,CORTIS,spillover,12,16
1118,CORTIS,spillover,13,30
1119,CORTIS,spillover,14,15
1120,CORTIS,spillover,15,27
1121,CORTIS,spillover,16,24
1122,CORTIS,spillover,17,22
1123,CORTIS,spillover,18,16
1124,CORTIS,spillover,19,20
1125,CORTIS,spillover,20,32
1126,CORTIS,spillover,21,16
1127,CORTIS,spillover,22,18
1128,CORTIS,spillover,23,30
1129,CORTIS,spillover,24,17
1130,CORTIS,spillover,25,23
1131,CORTIS,spillover,26,33
1132,CORTIS,spillover,27,18
1133,CORTIS,spillover,28,10
1134,CORTIS,spillover,29,18
1135,CORTIS,spillover,30,11
1136,CORTIS,spillover,31,19
1137,CORTIS,spillover,32,23
1138,CORTIS,spillover,33,7
1139,CORTIS,spillover,34,13
1140,CORTIS,spillover,35,10
1141,CORTIS,spillover,36,9
1142,CORTIS,spillover,37,21
1143,CORTIS,spillover,38,8
1144,CORTIS,spillover,39,9
1145,CORTIS,spillover,40,8
1146,CORTIS,spillover,41,7
1147,CORTIS,spillover,42,9
1148,CORTIS,spillover,43,9
1149,CORTIS,spillover,44,8
1150,CORTIS,spillover,45,7
1151,CORTIS,spillover,46,16
1152,CORTIS,spillover,47,16
1153,CORTIS,spillover,48,10
1154,CORTIS,spillover,49,12
1155,CORTIS,spillover,50,8
1156,CORTIS,spillover,51,34
1157,CORTIS,spillover,52,29
1158,CORTIS,spillover,53,12
1159,CORTIS,spillover,54,21
1160,CORTIS,spillover,55,23
1161,CORTIS,spillover,56,21
1162,CORTIS,spillover,57,13
1163,CORTIS,spillover,58,20
1164,CORTIS,spillover,59,20
1165,CORTIS,spillover,60,23
1166,CORTIS,spillover,61,23
1167,CORTIS,spillover,62,20
1168,CORTIS,spillover,63,15
1169,CORTIS,spillover,64,13
1170,CORTIS,spillover,65,12
1171,CORTIS,spillover,66,12
1172,CORTIS,spillover,67,12
1173,CORTIS,spillover,68,10
1174,CORTIS,spillover,69,11
1175,CORTIS,spillover,70,11
1176,CORTIS,spillover,71,15
1177,aespa,loyalty,0,12
1178,aespa,loyalty,1,4
1179,aespa,loyalty,2,12
1180,aespa,loyalty,3,11
1181,aespa,loyalty,4,7
1182,aespa,loyalty,5,14
1183,aespa,loyalty,6,6
1184,aespa,loyalty,7,17
1185,aespa,loyalty,8,8
1186,aespa,loyalty,9,8
1187,aespa,loyalty,10,23
1188,aespa,loyalty,11,10
1189,aespa,loyalty,12,24
1190,aespa,loyalty,13,16
1191,aespa,loyalty,14,17
1192,aespa,loyalty,15,16
1193,aespa,loyalty,16,15
1194,aespa,loyalty,17,16
1195,aespa,loyalty,18,27
1196,aespa,loyalty,19,48
1197,aespa,loyalty,20,7
1198,aespa,loyalty,21,8
1199,aespa,loyalty,22,13
1200,aespa,loyalty,23,12
1201,aespa,loyalty,24,16
1202,aespa,loyalty,25,16
1203,aespa,loyalty,26,9
1204,aespa,loyalty,27,14
1205,aespa,loyalty,28,9
1206,aespa,loyalty,29,14
1207,aespa,loyalty,30,15
1208,aespa,loyalty,31,17
1209,aespa,loyalty,32,7
1210,aespa,loyalty,33,9
1211,aespa,loyalty,34,4
1212,aespa,loyalty,35,18
1213,aespa,loyalty,36,14
1214,aespa,loyalty,37,12
1215,aespa,loyalty,38,17
1216,aespa,loyalty,39,9
1217,aespa,loyalty,40,16
1218,aespa,loyalty,41,9
1219,aespa,loyalty,42,10
1220,aespa,loyalty,43,9
1221,aespa,spillover,0,8
1222,aespa,spillover,1,11
1223,aespa,spillover,2,8
1224,aespa,spillover,3,9
1225,aespa,spillover,4,8
1226,aespa,spillover,5,9
1227,aespa,spillover,6,9
1228,aespa,spillover,7,9
1229,aespa,spillover,8,9
1230,aespa,spillover,9,10
1231,aespa,spillover,10,26
1232,aespa,spillover,11,31
1233,aespa,spillover,12,13
1234,aespa,spillover,13,21
1235,aespa,spillover,14,18
1236,aespa,spillover,15,17
1237,aespa,spillover,16,13
1238,aespa,spillover,17,16
1239,aespa,spillover,18,17
1240,aespa,spillover,19,19
1241,aespa,spillover,20,12
1242,aespa,spillover,21,7
1243,aespa,spillover,22,18
1244,aespa,spillover,23,10
1245,aespa,spillover,24,20
1246,aespa,spillover,25,9
1247,aespa,spillover,26,20
1248,aespa,spillover,27,34
1249,aespa,spillover,28,45
1250,aespa,spillover,29,19
1251,aespa,spillover,30,14
1252,aespa,spillover,31,8
1253,aespa,spillover,32,7
1254,aespa,spillover,33,6
1255,aespa,spillover,34,17
1256,aespa,spillover,35,10
1257,aespa,spillover,36,15
1258,aespa,spillover,37,15
1259,aespa,spillover,38,31
1260,aespa,spillover,39,13
1261,aespa,spillover,40,12
1262,aespa,spillover,41,24
1263,aespa,spillover,42,8
1264,aespa,spillover,43,10
1265,aespa,spillover,44,9
1266,aespa,spillover,45,19
1267,aespa,spillover,46,17
1268,aespa,spillover,47,14
1269,aespa,spillover,48,47
1270,aespa,spillover,49,12
1271,aespa,spillover,50,11
1272,aespa,spillover,51,15
1273,aespa,spillover,52,13
1274,aespa,spillover,53,14
1275,aespa,spillover,54,20
1276,aespa,spillover,55,18
1277,aespa,spillover,56,17
1278,aespa,spillover,57,23
1279,aespa,spillover,58,24
1280,aespa,spillover,59,18
1281,aespa,spillover,60,25
1282,aespa,spillover,61,13
1283,aespa,spillover,62,10
1284,aespa,spillover,63,12
1285,aespa,spillover,64,11
1286,aespa,spillover,65,11
1287,aespa,spillover,66,11
1288,aespa,spillover,67,10
1289,aespa,spillover,68,9
1290,aespa,spillover,69,14
1291,NewJeans,loyalty,0,11
1292,NewJeans,loyalty,1,18
1293,NewJeans,loyalty,2,7
1294,NewJeans,loyalty,3,12
1295,NewJeans,loyalty,4,14
1296,NewJeans,loyalty,5,11
1297,NewJeans,loyalty,6,16
1298,NewJeans,loyalty,7,6
1299,NewJeans,loyalty,8,13
1300,NewJeans,loyalty,9,12
1301,NewJeans,loyalty,10,26
1302,NewJeans,loyalty,11,18
1303,NewJeans,loyalty,12,13
1304,NewJeans,loyalty,13,11
1305,NewJeans,loyalty,14,9
1306,NewJeans,loyalty,15,6
1307,NewJeans,loyalty,16,25
1308,NewJeans,loyalty,17,35
1309,NewJeans,loyalty,18,23
1310,NewJeans,loyalty,19,28
1311,NewJeans,loyalty,20,25
1312,NewJeans,loyalty,21,17
1313,NewJeans,loyalty,22,14
1314,NewJeans,loyalty,23,12
1315,NewJeans,loyalty,24,11
1316,NewJeans,loyalty,25,31
1317,NewJeans,loyalty,26,19
1318,NewJeans,loyalty,27,32
1319,NewJeans,loyalty,28,14
1320,NewJeans,loyalty,29,13
1321,NewJeans,loyalty,30,13
1322,NewJeans,loyalty,31,14
1323,NewJeans,loyalty,32,18
1324,NewJeans,loyalty,33,13
1325,NewJeans,loyalty,34,9
1326,NewJeans,loyalty,35,5
1327,NewJeans,spillover,0,14
1328,NewJeans,spillover,1,14
1329,NewJeans,spillover,2,8
1330,NewJeans,spillover,3,11
1331,NewJeans,spillover,4,10
1332,NewJeans,spillover,5,13
1333,NewJeans,spillover,6,10
1334,NewJeans,spillover,7,8
1335,NewJeans,spillover,8,12
1336,NewJeans,spillover,9,21
1337,NewJeans,spillover,10,21
1338,NewJeans,spillover,11,10
1339,NewJeans,spillover,12,24
1340,NewJeans,spillover,13,34
1341,NewJeans,spillover,14,9
1342,NewJeans,spillover,15,28
1343,NewJeans,spillover,16,23
1344,NewJeans,spillover,17,34
1345,NewJeans,spillover,18,16
1346,NewJeans,spillover,19,20
1347,NewJeans,spillover,20,26
1348,NewJeans,spillover,21,11
1349,NewJeans,spillover,22,21
1350,NewJeans,spillover,23,12
1351,NewJeans,spillover,24,11
1352,NewJeans,spillover,25,12
1353,NewJeans,spillover,26,8
1354,NewJeans,spillover,27,11
1355,NewJeans,spillover,28,8
1356,NewJeans,spillover,29,10
1357,NewJeans,spillover,30,10
1358,NewJeans,spillover,31,14
1359,NewJeans,spillover,32,28
1360,NewJeans,spillover,33,29
1361,NewJeans,spillover,34,38
1362,NewJeans,spillover,35,64
1363,NewJeans,spillover,36,40
1364,NewJeans,spillover,37,23
1365,NewJeans,spillover,38,36
1366,NewJeans,spillover,39,14
1367,NewJeans,spillover,40,9
1368,NewJeans,spillover,41,17
1369,NewJeans,spillover,42,9
1370,NewJeans,spillover,43,10
1371,NewJeans,spillover,44,14
1372,NewJeans,spillover,45,17
1373,NewJeans,spillover,46,8
1374,NewJeans,spillover,47,11
1375,NewJeans,spillover,48,12
1376,NewJeans,spillover,49,11
1377,NewJeans,spillover,50,11
1378,NewJeans,spillover,51,21
1379,NewJeans,spillover,52,10
1380,NewJeans,spillover,53,17
1381,NewJeans,spillover,54,6
1382,NewJeans,spillover,55,22
1383,NewJeans,spillover,56,15
1384,NewJeans,spillover,57,7
1385,NewJeans,spillover,58,5
1386,NewJeans,spillover,59,30
1387,NewJeans,spillover,60,19
1388,NewJeans,spillover,61,39
1389,NewJeans,spillover,62,11
1390,NewJeans,spillover,63,21
1391,NewJeans,spillover,64,24
1392,NewJeans,spillover,65,30
1393,NewJeans,spillover,66,39
1394,NewJeans,spillover,67,6
1395,NewJeans,spillover,68,12
1396,NewJeans,spillover,69,15
1397,NewJeans,spillover,70,21
1398,NewJeans,spillover,71,19
1399,NewJeans,spillover,72,17
1400,NewJeans,spillover,73,25
1401,NewJeans,spillover,74,20
1402,NewJeans,spillover,75,23
1403,NewJeans,spillover,76,21
1404,NewJeans,spillover,77,11
1405,NewJeans,spillover,78,10
1406,NewJeans,spillover,79,11
1407,NewJeans,spillover,80,6
1408,NewJeans,spillover,81,6
1409,NewJeans,spillover,82,6
1410,NewJeans,spillover,83,8
1411,NewJeans,spillover,84,10
1412,NewJeans,spillover,85,9
1413,RIIZE,loyalty,0,16
1414,RIIZE,loyalty,1,18
1415,RIIZE,loyalty,2,16
1416,RIIZE,loyalty,3,17
1417,RIIZE,loyalty,4,17
1418,RIIZE,loyalty,5,15
1419,RIIZE,loyalty,6,17
1420,RIIZE,loyalty,7,16
1421,RIIZE,loyalty,8,17
1422,RIIZE,loyalty,9,8
1423,RIIZE,loyalty,10,10
1424,RIIZE,loyalty,11,12
1425,RIIZE,loyalty,12,20
1426,RIIZE,loyalty,13,16
1427,RIIZE,loyalty,14,22
1428,RIIZE,loyalty,15,21
1429,RIIZE,loyalty,16,11
1430,RIIZE,loyalty,17,14
1431,RIIZE,loyalty,18,12
1432,RIIZE,loyalty,19,19
1433,RIIZE,loyalty,20,14
1434,RIIZE,loyalty,21,26
1435,RIIZE,loyalty,22,16
1436,RIIZE,loyalty,23,22
1437,RIIZE,loyalty,24,9
1438,RIIZE,loyalty,25,38
1439,RIIZE,loyalty,26,20
1440,RIIZE,loyalty,27,11
1441,RIIZE,loyalty,28,13
1442,RIIZE,loyalty,29,29
1443,RIIZE,loyalty,30,7
1444,RIIZE,loyalty,31,9
1445,RIIZE,loyalty,32,11
1446,RIIZE,loyalty,33,12
1447,RIIZE,loyalty,34,24
1448,RIIZE,loyalty,35,29
1449,RIIZE,loyalty,36,23
1450,RIIZE,loyalty,37,19
1451,RIIZE,loyalty,38,15
1452,RIIZE,spillover,0,18
1453,RIIZE,spillover,1,7
1454,RIIZE,spillover,2,11
1455,RIIZE,spillover,3,8
1456,RIIZE,spillover,4,12
1457,RIIZE,spillover,5,15
1458,RIIZE,spillover,6,25
1459,RIIZE,spillover,7,16
1460,RIIZE,spillover,8,7
1461,RIIZE,spillover,9,4
1462,RIIZE,spillover,10,8
1463,RIIZE,spillover,11,11
1464,RIIZE,spillover,12,7
1465,RIIZE,spillover,13,15
1466,RIIZE,spillover,14,16
1467,RIIZE,spillover,15,13
1468,RIIZE,spillover,16,11
1469,RIIZE,spillover,17,11
1470,RIIZE,spillover,18,11
1471,RIIZE,spillover,19,9
1472,RIIZE,spillover,20,6
1473,RIIZE,spillover,21,8
1474,RIIZE,spillover,22,13
1475,RIIZE,spillover,23,10
1476,RIIZE,spillover,24,11
1477,RIIZE,spillover,25,10
1478,RIIZE,spillover,26,10
1479,RIIZE,spillover,27,23
1480,RIIZE,spillover,28,19
1481,RIIZE,spillover,29,23
1482,RIIZE,spillover,30,9
1483,RIIZE,spillover,31,16
1484,RIIZE,spillover,32,26
1485,RIIZE,spillover,33,27
1486,RIIZE,spillover,34,21
1487,RIIZE,spillover,35,16
1488,RIIZE,spillover,36,11
1489,RIIZE,spillover,37,10
1490,RIIZE,spillover,38,14
1491,RIIZE,spillover,39,9
1492,RIIZE,spillover,40,7
1493,RIIZE,spillover,41,24
1494,RIIZE,spillover,42,18
1495,RIIZE,spillover,43,13
1496,RIIZE,spillover,44,9
1497,RIIZE,spillover,45,7
1498,RIIZE,spillover,46,8
1499,RIIZE,spillover,47,16
1500,RIIZE,spillover,48,14
1501,RIIZE,spillover,49,12
1502,RIIZE,spillover,50,17
1503,RIIZE,spillover,51,19
1504,RIIZE,spillover,52,14
1505,RIIZE,spillover,53,20
1506,RIIZE,spillover,54,14
1507,RIIZE,spillover,55,21
1508,RIIZE,spillover,56,18
1509,RIIZE,spillover,57,10
1510,RIIZE,spillover,58,21
1511,RIIZE,spillover,59,10
1512,RIIZE,spillover,60,10
1513,ATEEZ,loyalty,0,13
1514,ATEEZ,loyalty,1,19
1515,ATEEZ,loyalty,2,21
1516,ATEEZ,loyalty,3,16
1517,ATEEZ,loyalty,4,11
1518,ATEEZ,loyalty,5,13
1519,ATEEZ,loyalty,6,8
1520,ATEEZ,loyalty,7,11
1521,ATEEZ,loyalty,8,11
1522,ATEEZ,loyalty,9,11
1523,ATEEZ,loyalty,10,26
1524,ATEEZ,loyalty,11,26
1525,ATEEZ,loyalty,12,34
1526,ATEEZ,loyalty,13,17
1527,ATEEZ,loyalty,14,25
1528,ATEEZ,loyalty,15,14
1529,ATEEZ,loyalty,16,12
1530,ATEEZ,loyalty,17,16
1531,ATEEZ,loyalty,18,17
1532,ATEEZ,loyalty,19,18
1533,ATEEZ,loyalty,20,17
1534,ATEEZ,loyalty,21,33
1535,ATEEZ,loyalty,22,44
1536,ATEEZ,loyalty,23,20
1537,ATEEZ,loyalty,24,36
1538,ATEEZ,loyalty,25,17
1539,ATEEZ,loyalty,26,15
1540,ATEEZ,loyalty,27,25
1541,ATEEZ,loyalty,28,17
1542,ATEEZ,loyalty,29,14
1543,ATEEZ,loyalty,30,13
1544,ATEEZ,loyalty,31,11
1545,ATEEZ,loyalty,32,12
1546,ATEEZ,loyalty,33,8
1547,ATEEZ,spillover,0,9
1548,ATEEZ,spillover,1,12
1549,ATEEZ,spillover,2,12
1550,ATEEZ,spillover,3,27
1551,ATEEZ,spillover,4,10
1552,ATEEZ,spillover,5,9
1553,ATEEZ,spillover,6,10
1554,ATEEZ,spillover,7,8
1555,ATEEZ,spillover,8,5
1556,ATEEZ,spillover,9,12
1557,ATEEZ,spillover,10,17
1558,ATEEZ,spillover,11,30
1559,ATEEZ,spillover,12,7
1560,ATEEZ,spillover,13,7
1561,ATEEZ,spillover,14,21
1562,ATEEZ,spillover,15,31
1563,ATEEZ,spillover,16,7
1564,ATEEZ,spillover,17,9
1565,ATEEZ,spillover,18,6
1566,ATEEZ,spillover,19,9
1567,ATEEZ,spillover,20,33
1568,ATEEZ,spillover,21,20
1569,ATEEZ,spillover,22,33
1570,ATEEZ,spillover,23,43
1571,ATEEZ,spillover,24,35
1572,ATEEZ,spillover,25,35
1573,ATEEZ,spillover,26,37
1574,ATEEZ,spillover,27,43
1575,ATEEZ,spillover,28,12
1576,ATEEZ,spillover,29,13
1577,ATEEZ,spillover,31,12
1578,ATEEZ,spillover,32,5
1579,ATEEZ,spillover,33,11
1580,ATEEZ,spillover,34,13
1581,ATEEZ,spillover,35,10
1582,ATEEZ,spillover,36,44
1583,ATEEZ,spillover,37,27
1584,ATEEZ,spillover,38,38
1585,ATEEZ,spillover,39,24
1586,ATEEZ,spillover,40,18
1587,ATEEZ,spillover,41,35
1588,ATEEZ,spillover,42,27
1589,ATEEZ,spillover,43,20
1590,ATEEZ,spillover,44,20
1591,ATEEZ,spillover,45,14
1592,ATEEZ,spillover,46,26
1593,ATEEZ,spillover,47,21
1594,ATEEZ,spillover,48,16
1595,ATEEZ,spillover,49,15
1596,ATEEZ,spillover,50,15
1597,ATEEZ,spillover,51,12
1598,ATEEZ,spillover,52,19
1599,ATEEZ,spillover,53,12
1600,레드벨벳,loyalty,0,8
1601,레드벨벳,loyalty,1,18
1602,레드벨벳,loyalty,2,18
1603,레드벨벳,loyalty,3,14
1604,레드벨벳,loyalty,4,16
1605,레드벨벳,loyalty,5,11
1606,레드벨벳,loyalty,6,8
1607,레드벨벳,loyalty,7,15
1608,레드벨벳,loyalty,8,13
1609,레드벨벳,loyalty,9,27
1610,레드벨벳,loyalty,10,22
1611,레드벨벳,loyalty,11,14
1612,레드벨벳,loyalty,12,33
1613,레드벨벳,loyalty,13,17
1614,레드벨벳,loyalty,14,17
1615,레드벨벳,loyalty,15,16
1616,레드벨벳,loyalty,16,30
1617,레드벨벳,loyalty,17,24
1618,레드벨벳,loyalty,18,26
1619,레드벨벳,loyalty,19,30
1620,레드벨벳,loyalty,20,19
1621,레드벨벳,loyalty,21,24
1622,레드벨벳,loyalty,22,21
1623,레드벨벳,loyalty,23,11
1624,레드벨벳,loyalty,24,13
1625,레드벨벳,loyalty,25,19
1626,레드벨벳,loyalty,26,12
1627,레드벨벳,loyalty,27,10
1628,레드벨벳,loyalty,28,5
1629,레드벨벳,loyalty,29,7
1630,레드벨벳,loyalty,30,9
1631,레드벨벳,loyalty,31,5
1632,레드벨벳,loyalty,32,10
1633,레드벨벳,loyalty,33,5
1634,레드벨벳,loyalty,34,12
1635,레드벨벳,loyalty,35,10
1636,레드벨벳,loyalty,36,9
1637,레드벨벳,loyalty,37,9
1638,레드벨벳,loyalty,38,9
1639,레드벨벳,loyalty,39,8
1640,레드벨벳,loyalty,40,8
1641,레드벨벳,loyalty,41,7
1642,레드벨벳,loyalty,42,6
1643,레드벨벳,loyalty,43,8
1644,레드벨벳,loyalty,44,12
1645,레드벨벳,loyalty,45,7
1646,레드벨벳,loyalty,46,8
1647,레드벨벳,loyalty,47,18
1648,레드벨벳,loyalty,48,10
1649,레드벨벳,spillover,0,17
1650,레드벨벳,spillover,1,14
1651,레드벨벳,spillover,2,11
1652,레드벨벳,spillover,3,8
1653,레드벨벳,spillover,4,14
1654,레드벨벳,spillover,5,13
1655,레드벨벳,spillover,6,16
1656,레드벨벳,spillover,7,18
1657,레드벨벳,spillover,8,12
1658,레드벨벳,spillover,9,24
1659,레드벨벳,spillover,10,37
1660,레드벨벳,spillover,11,23
1661,레드벨벳,spillover,12,13
1662,레드벨벳,spillover,13,26
1663,레드벨벳,spillover,14,22
1664,레드벨벳,spillover,15,23
1665,레드벨벳,spillover,16,19
1666,레드벨벳,spillover,17,21
1667,레드벨벳,spillover,18,28
1668,레드벨벳,spillover,19,37
1669,레드벨벳,spillover,20,27
1670,레드벨벳,spillover,21,17
1671,레드벨벳,spillover,22,27
1672,레드벨벳,spillover,23,25
1673,레드벨벳,spillover,24,15
1674,레드벨벳,spillover,25,4
1675,레드벨벳,spillover,26,6
1676,레드벨벳,spillover,27,6
1677,레드벨벳,spillover,28,4
1678,레드벨벳,spillover,29,10
1679,레드벨벳,spillover,30,19
1680,레드벨벳,spillover,31,21
1681,레드벨벳,spillover,32,14
1682,레드벨벳,spillover,33,30
1683,레드벨벳,spillover,34,21
1684,레드벨벳,spillover,35,37
1685,레드벨벳,spillover,36,8
1686,레드벨벳,spillover,37,37
1687,레드벨벳,spillover,38,12
1688,레드벨벳,spillover,39,26
1689,레드벨벳,spillover,40,14
1690,레드벨벳,spillover,41,16
1691,레드벨벳,spillover,42,21
1692,레드벨벳,spillover,43,24
1693,레드벨벳,spillover,44,21
1694,레드벨벳,spillover,45,20
1695,아이유,loyalty,0,12
1696,아이유,loyalty,1,23
1697,아이유,loyalty,2,19
1698,아이유,loyalty,3,19
1699,아이유,loyalty,4,20
1700,아이유,loyalty,5,28
1701,아이유,loyalty,6,34
1702,아이유,loyalty,7,10
1703,아이유,loyalty,8,15
1704,아이유,loyalty,9,16
1705,아이유,loyalty,10,9
1706,아이유,loyalty,11,4
1707,아이유,loyalty,12,10
1708,아이유,loyalty,13,9
1709,아이유,loyalty,14,47
1710,아이유,loyalty,15,22
1711,아이유,loyalty,16,12
1712,아이유,loyalty,17,21
1713,아이유,loyalty,18,12
1714,아이유,loyalty,19,29
1715,아이유,loyalty,20,27
1716,아이유,loyalty,21,12
1717,아이유,loyalty,22,21
1718,아이유,loyalty,23,39
1719,아이유,loyalty,24,20
1720,아이유,loyalty,25,18
1721,아이유,loyalty,26,19
1722,아이유,loyalty,27,17
1723,아이유,loyalty,28,16
1724,아이유,loyalty,29,13
1725,아이유,loyalty,30,21
1726,아이유,loyalty,31,15
1727,아이유,loyalty,32,19
1728,아이유,loyalty,33,23
1729,아이유,loyalty,34,15
1730,아이유,loyalty,35,21
1731,아이유,spillover,0,9
1732,아이유,spillover,1,16
1733,아이유,spillover,2,19
1734,아이유,spillover,3,20
1735,아이유,spillover,4,12
1736,아이유,spillover,5,13
1737,아이유,spillover,6,28
1738,아이유,spillover,7,24
1739,아이유,spillover,8,18
1740,아이유,spillover,9,29
1741,아이유,spillover,10,31
1742,아이유,spillover,11,22
1743,아이유,spillover,12,17
1744,아이유,spillover,13,17
1745,아이유,spillover,14,20
1746,아이유,spillover,15,13
1747,아이유,spillover,16,18
1748,아이유,spillover,17,9
1749,아이유,spillover,18,23
1750,아이유,spillover,19,26
1751,아이유,spillover,20,14
1752,아이유,spillover,21,21
1753,아이유,spillover,22,15
1754,아이유,spillover,23,23
1755,아이유,spillover,24,16
1756,아이유,spillover,25,17
1757,아이유,spillover,26,29
1758,아이유,spillover,27,12
1759,아이유,spillover,28,17
1760,아이유,spillover,29,9
1761,아이유,spillover,30,17
1762,아이유,spillover,31,23
1763,아이유,spillover,32,18
1764,아이유,spillover,33,20
1765,아이유,spillover,34,19
1766,아이유,spillover,35,23
1767,아이유,spillover,36,31
1768,아이유,spillover,37,32
1769,아이유,spillover,38,15
1770,아이유,spillover,39,24
1771,아이유,spillover,40,20
1772,아이유,spillover,41,10
1773,아이유,spillover,42,12
1774,아이유,spillover,43,19
1775,아이유,spillover,44,16
1776,싸이,loyalty,0,7
1777,싸이,loyalty,1,16
1778,싸이,loyalty,2,12
1779,싸이,loyalty,3,18
1780,싸이,loyalty,4,26
1781,싸이,loyalty,5,12
1782,싸이,loyalty,6,11
1783,싸이,loyalty,7,14
1784,싸이,loyalty,8,14
1785,싸이,loyalty,9,10
1786,싸이,loyalty,10,9
1787,싸이,loyalty,11,13
1788,싸이,loyalty,12,16
1789,싸이,loyalty,13,14
1790,싸이,loyalty,14,31
1791,싸이,loyalty,15,19
1792,싸이,loyalty,16,16
1793,싸이,loyalty,17,14
1794,싸이,loyalty,18,13
1795,싸이,loyalty,19,10
1796,싸이,loyalty,20,16
1797,싸이,loyalty,21,9
1798,싸이,loyalty,22,13
1799,싸이,loyalty,23,12
1800,싸이,loyalty,24,10
1801,싸이,loyalty,25,10
1802,싸이,spillover,0,15
1803,싸이,spillover,1,18
1804,싸이,spillover,2,12
1805,싸이,spillover,3,22
1806,싸이,spillover,4,32
1807,싸이,spillover,5,10
1808,싸이,spillover,6,13
1809,싸이,spillover,7,18
1810,싸이,spillover,8,18
1811,싸이,spillover,9,8
1812,싸이,spillover,10,25
1813,싸이,spillover,11,27
1814,싸이,spillover,12,13
1815,싸이,spillover,13,22
1816,싸이,spillover,14,15
1817,싸이,spillover,15,18
1818,싸이,spillover,16,14
1819,싸이,spillover,17,16
1820,싸이,spillover,18,23
1821,싸이,spillover,19,20
1822,싸이,spillover,20,11
1823,싸이,spillover,21,20
1824,싸이,spillover,22,27
1825,싸이,spillover,23,21
1826,싸이,spillover,24,21
1827,싸이,spillover,25,15
1828,싸이,spillover,26,20
1829,싸이,spillover,27,24
1830,싸이,spillover,28,15
1831,싸이,spillover,29,30
1832,싸이,spillover,30,7
1833,싸이,spillover,31,9
1834,싸이,spillover,32,23
1835,싸이,spillover,33,21
1836,싸이,spillover,34,19
1837,싸이,spillover,35,18
1838,싸이,spillover,36,10
1839,싸이,spillover,37,9
1840,싸이,spillover,38,18
1841,싸이,spillover,39,19
1842,싸이,spillover,40,5
1843,싸이,spillover,41,28
1844,싸이,spillover,42,21
1845,싸이,spillover,43,22
1846,싸이,spillover,44,11
1847,싸이,spillover,45,13
1848,싸이,spillover,46,13
1849,싸이,spillover,47,23
1850,싸이,spillover,48,14
1851,싸이,spillover,49,23
1852,싸이,spillover,50,24
1853,싸이,spillover,51,32
1854,싸이,spillover,52,23
1855,싸이,spillover,53,15
1856,싸이,spillover,54,11
1857,싸이,spillover,55,24
1858,싸이,spillover,56,16
1859,싸이,spillover,57,20
1860,GOT7,loyalty,0,14
1861,GOT7,loyalty,1,14
1862,GOT7,loyalty,2,14
1863,GOT7,loyalty,3,20
1864,GOT7,loyalty,4,18
1865,GOT7,loyalty,5,19
1866,GOT7,loyalty,6,12
1867,GOT7,loyalty,7,11
1868,GOT7,loyalty,8,13
1869,GOT7,loyalty,9,23
1870,GOT7,loyalty,10,18
1871,GOT7,loyalty,11,21
1872,GOT7,loyalty,12,16
1873,GOT7,loyalty,13,23
1874,GOT7,loyalty,14,22
1875,GOT7,loyalty,15,18
1876,GOT7,loyalty,16,15
1877,GOT7,loyalty,17,18
1878,GOT7,loyalty,18,19
1879,GOT7,loyalty,19,14
1880,GOT7,loyalty,20,23
1881,GOT7,loyalty,21,16
1882,GOT7,loyalty,22,13
1883,GOT7,loyalty,23,25
1884,GOT7,loyalty,24,19
1885,GOT7,loyalty,25,15
1886,GOT7,loyalty,26,28
1887,GOT7,loyalty,27,27
1888,GOT7,loyalty,28,18
1889,GOT7,spillover,0,16
1890,GOT7,spillover,1,22
1891,GOT7,spillover,2,20
1892,GOT7,spillover,3,13
1893,GOT7,spillover,4,21
1894,GOT7,spillover,5,20
1895,GOT7,spillover,6,14
1896,GOT7,spillover,7,17
1897,GOT7,spillover,8,20
1898,GOT7,spillover,9,13
1899,GOT7,spillover,10,15
1900,GOT7,spillover,11,19
1901,GOT7,spillover,12,28
1902,GOT7,spillover,13,23
1903,GOT7,spillover,14,22
1904,GOT7,spillover,15,10
1905,GOT7,spillover,16,10
1906,GOT7,spillover,17,20
1907,GOT7,spillover,18,22
1908,GOT7,spillover,19,15
1909,GOT7,spillover,20,17
1910,GOT7,spillover,21,18
1911,GOT7,spillover,22,14
1912,GOT7,spillover,23,15
1913,GOT7,spillover,24,21
1914,GOT7,spillover,25,21
1915,GOT7,spillover,26,15
1916,GOT7,spillover,27,15
1917,GOT7,spillover,28,14
1918,GOT7,spillover,29,16
1919,GOT7,spillover,30,19
1920,GOT7,spillover,31,17
1921,GOT7,spillover,32,22
1922,GOT7,spillover,33,10
1923,GOT7,spillover,34,21
1924,GOT7,spillover,35,17
1925,GOT7,spillover,36,15
1926,GOT7,spillover,37,11
1927,GOT7,spillover,38,18
1928,GOT7,spillover,39,23
1929,GOT7,spillover,40,10
1930,GOT7,spillover,41,28
1931,GOT7,spillover,42,18
1932,GOT7,spillover,43,28
1933,GOT7,spillover,44,11
1934,GOT7,spillover,45,23
1935,GOT7,spillover,46,21
1936,GOT7,spillover,47,21
1937,GOT7,spillover,48,19
1938,GOT7,spillover,49,17
1939,GOT7,spillover,50,16
1940,GOT7,spillover,51,12
1941,GOT7,spillover,52,18
1942,GOT7,spillover,53,17
1943,워너원,loyalty,0,19
1944,워너원,loyalty,1,19
1945,워너원,loyalty,2,45
1946,워너원,loyalty,3,20
1947,워너원,loyalty,4,10
1948,워너원,loyalty,5,12
1949,워너원,loyalty,6,9
1950,워너원,loyalty,7,8
1951,워너원,loyalty,8,11
1952,워너원,loyalty,9,13
1953,워너원,loyalty,10,26
1954,워너원,loyalty,11,14
1955,워너원,loyalty,12,10
1956,워너원,loyalty,13,11
1957,워너원,loyalty,14,17
1958,워너원,loyalty,15,11
1959,워너원,loyalty,16,17
1960,워너원,loyalty,17,17
1961,워너원,loyalty,18,13
1962,워너원,loyalty,19,35
1963,워너원,loyalty,20,20
1964,워너원,loyalty,21,20
1965,워너원,loyalty,22,21
1966,워너원,loyalty,23,14
1967,워너원,loyalty,24,9
1968,워너원,loyalty,25,10
1969,워너원,loyalty,26,8
1970,워너원,loyalty,27,10
1971,워너원,loyalty,28,7
1972,워너원,loyalty,29,6
1973,워너원,loyalty,30,6
1974,워너원,loyalty,31,9
1975,워너원,loyalty,32,7
1976,워너원,loyalty,33,8
1977,워너원,loyalty,34,6
1978,워너원,loyalty,35,7
1979,워너원,loyalty,36,11
1980,워너원,loyalty,37,7
1981,워너원,loyalty,38,7
1982,워너원,loyalty,39,8
1983,워너원,loyalty,40,12
1984,워너원,loyalty,41,8
1985,워너원,spillover,0,18
1986,워너원,spillover,1,12
1987,워너원,spillover,2,34
1988,워너원,spillover,3,23
1989,워너원,spillover,4,7
1990,워너원,spillover,5,9
1991,워너원,spillover,6,8
1992,워너원,spillover,7,12
1993,워너원,spillover,8,17
1994,워너원,spillover,9,15
1995,워너원,spillover,10,7
1996,워너원,spillover,11,20
1997,워너원,spillover,12,9
1998,워너원,spillover,13,18
1999,워너원,spillover,14,14
2000,워너원,spillover,15,7
2001,워너원,spillover,16,7
2002,워너원,spillover,17,8
2003,워너원,spillover,18,8
2004,워너원,spillover,19,17
2005,워너원,spillover,20,28
2006,워너원,spillover,21,16
2007,워너원,spillover,22,17
2008,워너원,spillover,23,19
2009,워너원,spillover,24,15
2010,워너원,spillover,25,16
2011,워너원,spillover,26,14
2012,워너원,spillover,27,15
2013,워너원,spillover,28,16
2014,워너원,spillover,29,26
2015,워너원,spillover,30,35
2016,워너원,spillover,31,38
2017,워너원,spillover,32,23
2018,워너원,spillover,33,25
2019,워너원,spillover,34,23
2020,워너원,spillover,35,18
2021,워너원,spillover,36,25
2022,워너원,spillover,37,11
2023,워너원,spillover,38,11
2024,워너원,spillover,39,13
2025,워너원,spillover,40,15
2026,워너원,spillover,41,26
2027,워너원,spillover,42,13
2028,워너원,spillover,43,17
2029,워너원,spillover,44,19
2030,워너원,spillover,45,42
2031,워너원,spillover,46,15
2032,워너원,spillover,47,21
2033,워너원,spillover,48,14
2034,워너원,spillover,49,16
2035,워너원,spillover,50,18
2036,워너원,spillover,51,14
2037,워너원,spillover,52,17
2038,LE SSERAFIM,loyalty,0,8
2039,LE SSERAFIM,loyalty,1,7
2040,LE SSERAFIM,loyalty,2,11
2041,LE SSERAFIM,loyalty,3,8
2042,LE SSERAFIM,loyalty,4,6
2043,LE SSERAFIM,loyalty,5,8
2044,LE SSERAFIM,loyalty,6,7
2045,LE SSERAFIM,loyalty,7,8
2046,LE SSERAFIM,loyalty,8,6
2047,LE SSERAFIM,loyalty,9,8
2048,LE SSERAFIM,loyalty,10,19
2049,LE SSERAFIM,loyalty,11,19
2050,LE SSERAFIM,loyalty,12,19
2051,LE SSERAFIM,loyalty,13,11
2052,LE SSERAFIM,loyalty,14,15
2053,LE SSERAFIM,loyalty,15,17
2054,LE SSERAFIM,loyalty,16,18
2055,LE SSERAFIM,loyalty,17,16
2056,LE SSERAFIM,loyalty,18,37
2057,LE SSERAFIM,loyalty,19,18
2058,LE SSERAFIM,loyalty,20,15
2059,LE SSERAFIM,loyalty,21,14
2060,LE SSERAFIM,loyalty,22,14
2061,LE SSERAFIM,loyalty,23,13
2062,LE SSERAFIM,loyalty,24,8
2063,LE SSERAFIM,loyalty,25,14
2064,LE SSERAFIM,loyalty,26,10
2065,LE SSERAFIM,loyalty,27,9
2066,LE SSERAFIM,loyalty,28,13
2067,LE SSERAFIM,loyalty,29,14
2068,LE SSERAFIM,loyalty,30,6
2069,LE SSERAFIM,loyalty,31,12
2070,LE SSERAFIM,loyalty,32,7
2071,LE SSERAFIM,loyalty,33,33
2072,LE SSERAFIM,spillover,0,8
2073,LE SSERAFIM,spillover,1,14
2074,LE SSERAFIM,spillover,2,11
2075,LE SSERAFIM,spillover,3,8
2076,LE SSERAFIM,spillover,4,11
2077,LE SSERAFIM,spillover,5,12
2078,LE SSERAFIM,spillover,6,9
2079,LE SSERAFIM,spillover,7,8
2080,LE SSERAFIM,spillover,8,7
2081,LE SSERAFIM,spillover,9,15
2082,LE SSERAFIM,spillover,10,22
2083,LE SSERAFIM,spillover,11,25
2084,LE SSERAFIM,spillover,12,16
2085,LE SSERAFIM,spillover,13,22
2086,LE SSERAFIM,spillover,14,9
2087,LE SSERAFIM,spillover,15,12
2088,LE SSERAFIM,spillover,16,7
2089,LE SSERAFIM,spillover,17,8
2090,LE SSERAFIM,spillover,18,8
2091,LE SSERAFIM,spillover,19,7
2092,LE SSERAFIM,spillover,20,13
2093,LE SSERAFIM,spillover,21,14
2094,LE SSERAFIM,spillover,22,11
2095,LE SSERAFIM,spillover,23,12
2096,LE SSERAFIM,spillover,24,11
2097,LE SSERAFIM,spillover,25,6
2098,LE SSERAFIM,spillover,26,4
2099,LE SSERAFIM,spillover,27,12
2100,LE SSERAFIM,spillover,28,10
2101,LE SSERAFIM,spillover,29,15
2102,LE SSERAFIM,spillover,30,19
2103,LE SSERAFIM,spillover,31,18
2104,LE SSERAFIM,spillover,32,14
2105,LE SSERAFIM,spillover,33,12
2106,LE SSERAFIM,spillover,34,10
2107,LE SSERAFIM,spillover,35,20
2108,LE SSERAFIM,spillover,36,31
2109,LE SSERAFIM,spillover,37,30
2110,LE SSERAFIM,spillover,38,16
2111,LE SSERAFIM,spillover,39,10
2112,LE SSERAFIM,spillover,40,16
2113,LE SSERAFIM,spillover,41,18
2114,LE SSERAFIM,spillover,42,10
2115,LE SSERAFIM,spillover,43,10
2116,LE SSERAFIM,spillover,44,12
2117,LE SSERAFIM,spillover,45,12
2118,LE SSERAFIM,spillover,46,14
2119,LE SSERAFIM,spillover,47,10
2120,LE SSERAFIM,spillover,48,11
2121,LE SSERAFIM,spillover,49,10
2122,LE SSERAFIM,spillover,50,8
2123,LE SSERAFIM,spillover,51,9
2124,LE SSERAFIM,spillover,52,16
2125,LE SSERAFIM,spillover,53,13
2126,LE SSERAFIM,spillover,54,11
2127,LE SSERAFIM,spillover,55,9
2128,LE SSERAFIM,spillover,56,13
2129,LE SSERAFIM,spillover,57,28
2130,LE SSERAFIM,spillover,58,29
2131,LE SSERAFIM,spillover,59,15
2132,LE SSERAFIM,spillover,60,17
2133,LE SSERAFIM,spillover,61,25
2134,LE SSERAFIM,spillover,62,6
2135,LE SSERAFIM,spillover,63,6
2136,LE SSERAFIM,spillover,64,3
2137,LE SSERAFIM,spillover,65,26
2138,LE SSERAFIM,spillover,66,28
2139,LE SSERAFIM,spillover,67,24
2140,LE SSERAFIM,spillover,68,25
2141,LE SSERAFIM,spillover,69,41
2142,LE SSERAFIM,spillover,70,26
2143,LE SSERAFIM,spillover,71,23
2144,LE SSERAFIM,spillover,72,13
2145,LE SSERAFIM,spillover,73,14
2146,LE SSERAFIM,spillover,74,15
2147,이영지,loyalty,0,11
2148,이영지,loyalty,1,15
2149,이영지,loyalty,2,15
2150,이영지,loyalty,3,23
2151,이영지,loyalty,4,18
2152,이영지,loyalty,5,17
2153,이영지,loyalty,6,14
2154,이영지,loyalty,7,16
2155,이영지,loyalty,8,10
2156,이영지,loyalty,9,21
2157,이영지,loyalty,10,4
2158,이영지,loyalty,11,19
2159,이영지,loyalty,12,13
2160,이영지,loyalty,13,13
2161,이영지,loyalty,14,11
2162,이영지,loyalty,15,12
2163,이영지,loyalty,16,18
2164,이영지,loyalty,17,57
2165,이영지,loyalty,18,12
2166,이영지,loyalty,19,10
2167,이영지,loyalty,20,12
2168,이영지,loyalty,21,18
2169,이영지,loyalty,22,8
2170,이영지,loyalty,23,8
2171,이영지,loyalty,24,9
2172,이영지,loyalty,25,16
2173,이영지,loyalty,26,10
2174,이영지,loyalty,27,9
2175,이영지,loyalty,28,9
2176,이영지,loyalty,29,8
2177,이영지,loyalty,30,9
2178,이영지,loyalty,31,14
2179,이영지,loyalty,32,20
2180,이영지,loyalty,33,27
2181,이영지,spillover,0,8
2182,이영지,spillover,1,13
2183,이영지,spillover,2,8
2184,이영지,spillover,3,15
2185,이영지,spillover,4,20
2186,이영지,spillover,5,13
2187,이영지,spillover,6,11
2188,이영지,spillover,7,16
2189,이영지,spillover,8,16
2190,이영지,spillover,9,15
2191,이영지,spillover,10,6
2192,이영지,spillover,11,17
2193,이영지,spillover,12,13
2194,이영지,spillover,13,14
2195,이영지,spillover,14,16
2196,이영지,spillover,15,12
2197,이영지,spillover,16,9
2198,이영지,spillover,17,7
2199,이영지,spillover,18,9
2200,이영지,spillover,19,8
2201,이영지,spillover,20,9
2202,이영지,spillover,21,7
2203,이영지,spillover,22,6
2204,이영지,spillover,23,12
2205,이영지,spillover,24,9
2206,이영지,spillover,25,20
2207,이영지,spillover,26,7
2208,이영지,spillover,27,5
2209,이영지,spillover,28,12
2210,이영지,spillover,29,26
2211,이영지,spillover,30,14
2212,이영지,spillover,31,20
2213,이영지,spillover,32,22
2214,이영지,spillover,33,5
2215,이영지,spillover,34,6
2216,이영지,spillover,35,6
2217,이영지,spillover,36,11
2218,이영지,spillover,37,10
2219,이영지,spillover,38,23
2220,이영지,spillover,39,14
2221,이영지,spillover,40,16
2222,이영지,spillover,41,15
2223,이영지,spillover,42,14
2224,이영지,spillover,43,14
2225,이영지,spillover,44,12
2226,이영지,spillover,45,13
2227,이영지,spillover,46,6
2228,이영지,spillover,47,12
2229,이영지,spillover,48,14
2230,이영지,spillover,49,11
2231,이영지,spillover,50,10
2232,이영지,spillover,51,9
2233,이영지,spillover,52,22
2234,이영지,spillover,53,21
2235,이영지,spillover,54,14
2236,이영지,spillover,55,17
2237,이영지,spillover,56,12
2238,이영지,spillover,57,12
2239,이영지,spillover,58,11
2240,이영지,spillover,59,9
2241,EXO,loyalty,0,15
2242,EXO,loyalty,1,15
2243,EXO,loyalty,2,19
2244,EXO,loyalty,3,9
2245,EXO,loyalty,4,11
2246,EXO,loyalty,5,13
2247,EXO,loyalty,6,12
2248,EXO,loyalty,7,22
2249,EXO,loyalty,8,8
2250,EXO,loyalty,9,13
2251,EXO,loyalty,10,15
2252,EXO,loyalty,11,15
2253,EXO,loyalty,12,21
2254,EXO,loyalty,13,27
2255,EXO,loyalty,14,23
2256,EXO,loyalty,15,29
2257,EXO,loyalty,16,17
2258,EXO,loyalty,17,14
2259,EXO,loyalty,18,9
2260,EXO,loyalty,19,14
2261,EXO,loyalty,20,15
2262,EXO,loyalty,21,15
2263,EXO,loyalty,22,15
2264,EXO,loyalty,23,9
2265,EXO,loyalty,24,11
2266,EXO,loyalty,25,10
2267,EXO,loyalty,26,7
2268,EXO,loyalty,27,22
2269,EXO,loyalty,28,31
2270,EXO,loyalty,29,29
2271,EXO,loyalty,30,11
2272,EXO,loyalty,31,16
2273,EXO,loyalty,32,6
2274,EXO,loyalty,33,9
2275,EXO,loyalty,34,11
2276,EXO,loyalty,35,14
2277,EXO,spillover,0,17
2278,EXO,spillover,1,18
2279,EXO,spillover,2,12
2280,EXO,spillover,3,9
2281,EXO,spillover,4,14
2282,EXO,spillover,5,18
2283,EXO,spillover,6,18
2284,EXO,spillover,7,15
2285,EXO,spillover,8,14
2286,EXO,spillover,9,13
2287,EXO,spillover,10,21
2288,EXO,spillover,11,7
2289,EXO,spillover,12,11
2290,EXO,spillover,13,30
2291,EXO,spillover,14,28
2292,EXO,spillover,15,21
2293,EXO,spillover,16,15
2294,EXO,spillover,17,23
2295,EXO,spillover,18,16
2296,EXO,spillover,19,12
2297,EXO,spillover,20,10
2298,EXO,spillover,21,9
2299,EXO,spillover,22,8
2300,EXO,spillover,23,15
2301,EXO,spillover,24,8
2302,EXO,spillover,25,10
2303,EXO,spillover,26,9
2304,EXO,spillover,27,10
2305,EXO,spillover,28,27
2306,EXO,spillover,29,8
2307,EXO,spillover,30,8
2308,EXO,spillover,31,10
2309,EXO,spillover,32,25
2310,EXO,spillover,33,14
2311,EXO,spillover,34,21
2312,EXO,spillover,35,22
2313,EXO,spillover,36,32
2314,EXO,spillover,37,38
2315,EXO,spillover,38,35
2316,EXO,spillover,39,45
2317,EXO,spillover,40,29
2318,EXO,spillover,41,45
2319,EXO,spillover,42,31
2320,EXO,spillover,43,34
2321,EXO,spillover,44,13
2322,EXO,spillover,45,12
2323,EXO,spillover,46,17
2324,EXO,spillover,47,16
2325,EXO,spillover,48,21
2326,EXO,spillover,49,25
2327,EXO,spillover,50,13
2328,EXO,spillover,51,15
2329,EXO,spillover,52,8
2330,EXO,spillover,53,7
2331,DAY6,loyalty,0,11
2332,DAY6,loyalty,1,8
2333,DAY6,loyalty,2,19
2334,DAY6,loyalty,3,12
2335,DAY6,loyalty,4,11
2336,DAY6,loyalty,5,10
2337,DAY6,loyalty,6,16
2338,DAY6,loyalty,7,8
2339,DAY6,loyalty,8,9
2340,DAY6,loyalty,9,12
2341,DAY6,loyalty,10,12
2342,DAY6,loyalty,11,36
2343,DAY6,loyalty,12,27
2344,DAY6,loyalty,13,24
2345,DAY6,loyalty,14,19
2346,DAY6,loyalty,15,8
2347,DAY6,loyalty,16,23
2348,DAY6,loyalty,17,15
2349,DAY6,loyalty,18,8
2350,DAY6,loyalty,19,9
2351,DAY6,loyalty,20,9
2352,DAY6,loyalty,21,9
2353,DAY6,loyalty,22,10
2354,DAY6,loyalty,23,10
2355,DAY6,loyalty,24,11
2356,DAY6,loyalty,25,8
2357,DAY6,loyalty,26,8
2358,DAY6,loyalty,27,14
2359,DAY6,loyalty,28,9
2360,DAY6,loyalty,29,10
2361,DAY6,loyalty,30,8
2362,DAY6,loyalty,31,10
2363,DAY6,loyalty,32,10
2364,DAY6,loyalty,33,10
2365,DAY6,loyalty,34,9
2366,DAY6,loyalty,35,9
2367,DAY6,loyalty,36,5
2368,DAY6,loyalty,37,7
2369,DAY6,loyalty,38,9
2370,DAY6,loyalty,39,7
2371,DAY6,loyalty,40,6
2372,DAY6,loyalty,41,10
2373,DAY6,loyalty,42,11
2374,DAY6,loyalty,43,9
2375,DAY6,loyalty,44,17
2376,DAY6,loyalty,45,17
2377,DAY6,spillover,0,12
2378,DAY6,spillover,1,16
2379,DAY6,spillover,2,13
2380,DAY6,spillover,3,16
2381,DAY6,spillover,4,11
2382,DAY6,spillover,5,31
2383,DAY6,spillover,6,22
2384,DAY6,spillover,7,24
2385,DAY6,spillover,8,18
2386,DAY6,spillover,9,26
2387,DAY6,spillover,10,38
2388,DAY6,spillover,11,20
2389,DAY6,spillover,12,43
2390,DAY6,spillover,13,23
2391,DAY6,spillover,14,25
2392,DAY6,spillover,15,15
2393,DAY6,spillover,16,16
2394,DAY6,spillover,17,12
2395,DAY6,spillover,18,13
2396,DAY6,spillover,19,19
2397,DAY6,spillover,20,20
2398,DAY6,spillover,21,11
2399,DAY6,spillover,22,13
2400,DAY6,spillover,23,17
2401,DAY6,spillover,24,9
2402,DAY6,spillover,25,9
2403,DAY6,spillover,26,25
2404,DAY6,spillover,27,16
2405,DAY6,spillover,28,29
2406,DAY6,spillover,29,20
2407,DAY6,spillover,30,15
2408,DAY6,spillover,31,21
2409,DAY6,spillover,32,9
2410,DAY6,spillover,33,10
2411,DAY6,spillover,34,11
2412,DAY6,spillover,35,12
2413,DAY6,spillover,36,9
2414,DAY6,spillover,37,8
2415,DAY6,spillover,38,10
2416,아일릿,loyalty,0,27
2417,아일릿,loyalty,1,24
2418,아일릿,loyalty,2,27
2419,아일릿,loyalty,3,28
2420,아일릿,loyalty,4,18
2421,아일릿,loyalty,5,10
2422,아일릿,loyalty,6,6
2423,아일릿,loyalty,7,10
2424,아일릿,loyalty,8,13
2425,아일릿,loyalty,9,15
2426,아일릿,loyalty,10,6
2427,아일릿,loyalty,11,19
2428,아일릿,loyalty,12,18
2429,아일릿,loyalty,13,21
2430,아일릿,loyalty,14,38
2431,아일릿,loyalty,15,32
2432,아일릿,loyalty,16,14
2433,아일릿,loyalty,17,12
2434,아일릿,loyalty,18,34
2435,아일릿,loyalty,19,26
2436,아일릿,loyalty,20,27
2437,아일릿,loyalty,21,18
2438,아일릿,loyalty,22,14
2439,아일릿,loyalty,23,9
2440,아일릿,loyalty,24,8
2441,아일릿,loyalty,25,9
2442,아일릿,loyalty,26,13
2443,아일릿,loyalty,27,16
2444,아일릿,loyalty,28,9
2445,아일릿,spillover,0,32
2446,아일릿,spillover,1,35
2447,아일릿,spillover,2,19
2448,아일릿,spillover,3,25
2449,아일릿,spillover,4,17
2450,아일릿,spillover,5,11
2451,아일릿,spillover,6,13
2452,아일릿,spillover,7,28
2453,아일릿,spillover,8,23
2454,아일릿,spillover,9,17
2455,아일릿,spillover,10,13
2456,아일릿,spillover,11,15
2457,아일릿,spillover,12,9
2458,아일릿,spillover,13,24
2459,아일릿,spillover,14,16
2460,아일릿,spillover,15,8
2461,아일릿,spillover,16,14
2462,아일릿,spillover,17,29
2463,아일릿,spillover,18,29
2464,아일릿,spillover,19,17
2465,아일릿,spillover,20,39
2466,아일릿,spillover,21,28
2467,아일릿,spillover,22,33
2468,아일릿,spillover,23,18
2469,아일릿,spillover,24,12
2470,아일릿,spillover,25,22
2471,아일릿,spillover,26,38
2472,아일릿,spillover,27,27
2473,아일릿,spillover,28,11
2474,아일릿,spillover,29,10
2475,아일릿,spillover,30,11
2476,아일릿,spillover,31,14
2477,아일릿,spillover,32,13
2478,아일릿,spillover,33,11
2479,아일릿,spillover,34,32
2480,아일릿,spillover,35,36
2481,아일릿,spillover,36,18
2482,아일릿,spillover,37,23
2483,아일릿,spillover,38,27
2484,아일릿,spillover,39,9
2485,아일릿,spillover,40,7
2486,아일릿,spillover,41,9
2487,아일릿,spillover,42,10
2488,아일릿,spillover,43,8
2489,아일릿,spillover,44,6
2490,아일릿,spillover,45,11
2491,아일릿,spillover,46,17
2492,아일릿,spillover,47,28
2493,아일릿,spillover,48,29
2494,아일릿,spillover,49,14
2495,아일릿,spillover,50,24
2496,아일릿,spillover,51,20
2497,아일릿,spillover,52,22
2498,아일릿,spillover,53,17
2499,아일릿,spillover,54,14
2500,아일릿,spillover,55,16
2501,아일릿,spillover,56,19
2502,아일릿,spillover,57,19
2503,아일릿,spillover,58,14
2504,아일릿,spillover,59,17
2505,영탁,loyalty,0,13
2506,영탁,loyalty,1,13
2507,영탁,loyalty,2,18
2508,영탁,loyalty,3,13
2509,영탁,loyalty,4,24
2510,영탁,loyalty,5,18
2511,영탁,loyalty,6,15
2512,영탁,loyalty,7,9
2513,영탁,loyalty,8,12
2514,영탁,loyalty,9,8
2515,영탁,loyalty,10,11
2516,영탁,loyalty,11,10
2517,영탁,loyalty,12,13
2518,영탁,loyalty,13,12
2519,영탁,loyalty,14,23
2520,영탁,loyalty,15,11
2521,영탁,loyalty,16,8
2522,영탁,loyalty,17,7
2523,영탁,loyalty,18,8
2524,영탁,loyalty,19,10
2525,영탁,loyalty,20,11
2526,영탁,loyalty,21,20
2527,영탁,loyalty,22,31
2528,영탁,loyalty,23,18
2529,영탁,loyalty,24,30
2530,영탁,loyalty,25,18
2531,영탁,loyalty,26,36
2532,영탁,loyalty,27,27
2533,영탁,loyalty,28,10
2534,영탁,loyalty,29,12
2535,영탁,loyalty,30,15
2536,영탁,loyalty,31,4
2537,영탁,loyalty,32,11
2538,영탁,spillover,0,13
2539,영탁,spillover,1,15
2540,영탁,spillover,2,20
2541,영탁,spillover,3,22
2542,영탁,spillover,4,15
2543,영탁,spillover,5,12
2544,영탁,spillover,6,3
2545,영탁,spillover,7,10
2546,영탁,spillover,8,12
2547,영탁,spillover,9,24
2548,영탁,spillover,10,17
2549,영탁,spillover,11,10
2550,영탁,spillover,12,12
2551,영탁,spillover,13,12
2552,영탁,spillover,14,39
2553,영탁,spillover,15,13
2554,영탁,spillover,16,7
2555,영탁,spillover,17,33
2556,영탁,spillover,18,34
2557,영탁,spillover,19,12
2558,영탁,spillover,20,8
2559,영탁,spillover,21,25
2560,영탁,spillover,22,42
2561,영탁,spillover,23,13
2562,영탁,spillover,24,9
2563,영탁,spillover,25,12
2564,영탁,spillover,26,22
2565,영탁,spillover,27,9
2566,영탁,spillover,28,12
2567,영탁,spillover,29,10
2568,영탁,spillover,30,10
2569,영탁,spillover,31,10
2570,영탁,spillover,32,10
2571,영탁,spillover,33,7
2572,영탁,spillover,34,10
2573,영탁,spillover,35,9
2574,영탁,spillover,36,16
2575,영탁,spillover,37,20
2576,영탁,spillover,38,23
2577,영탁,spillover,39,26
2578,영탁,spillover,40,20
2579,영탁,spillover,41,21
2580,영탁,spillover,42,16
2581,영탁,spillover,43,14
2582,영탁,spillover,44,24
2583,영탁,spillover,45,20
2584,영탁,spillover,46,10
2585,영탁,spillover,47,9
2586,영탁,spillover,48,13
2587,영탁,spillover,49,15
2588,(여자)아이들,loyalty,0,9
2589,(여자)아이들,loyalty,1,10
2590,(여자)아이들,loyalty,2,13
2591,(여자)아이들,loyalty,3,11
2592,(여자)아이들,loyalty,4,12
2593,(여자)아이들,loyalty,5,11
2594,(여자)아이들,loyalty,6,12
2595,(여자)아이들,loyalty,7,12
2596,(여자)아이들,loyalty,8,7
2597,(여자)아이들,loyalty,9,14
2598,(여자)아이들,loyalty,10,7
2599,(여자)아이들,loyalty,11,10
2600,(여자)아이들,loyalty,12,16
2601,(여자)아이들,loyalty,13,25
2602,(여자)아이들,loyalty,14,19
2603,(여자)아이들,loyalty,15,22
2604,(여자)아이들,loyalty,16,24
2605,(여자)아이들,loyalty,17,22
2606,(여자)아이들,loyalty,18,26
2607,(여자)아이들,loyalty,19,11
2608,(여자)아이들,loyalty,20,8
2609,(여자)아이들,loyalty,21,12
2610,(여자)아이들,loyalty,22,7
2611,(여자)아이들,loyalty,23,9
2612,(여자)아이들,loyalty,24,16
2613,(여자)아이들,loyalty,25,36
2614,(여자)아이들,loyalty,26,10
2615,(여자)아이들,loyalty,27,14
2616,(여자)아이들,loyalty,28,10
2617,(여자)아이들,spillover,0,10
2618,(여자)아이들,spillover,1,10
2619,(여자)아이들,spillover,2,10
2620,(여자)아이들,spillover,3,12
2621,(여자)아이들,spillover,4,11
2622,(여자)아이들,spillover,5,15
2623,(여자)아이들,spillover,6,8
2624,(여자)아이들,spillover,7,9
2625,(여자)아이들,spillover,8,9
2626,(여자)아이들,spillover,9,7
2627,(여자)아이들,spillover,10,28
2628,(여자)아이들,spillover,11,24
2629,(여자)아이들,spillover,12,27
2630,(여자)아이들,spillover,13,20
2631,(여자)아이들,spillover,14,19
2632,(여자)아이들,spillover,15,18
2633,(여자)아이들,spillover,16,11
2634,(여자)아이들,spillover,17,12
2635,(여자)아이들,spillover,18,15
2636,(여자)아이들,spillover,19,23
2637,(여자)아이들,spillover,20,19
2638,(여자)아이들,spillover,21,41
2639,(여자)아이들,spillover,22,27
2640,(여자)아이들,spillover,23,23
2641,(여자)아이들,spillover,24,19
2642,(여자)아이들,spillover,25,34
2643,(여자)아이들,spillover,26,38
2644,(여자)아이들,spillover,27,8
2645,(여자)아이들,spillover,28,10
2646,(여자)아이들,spillover,29,6
2647,(여자)아이들,spillover,30,11
2648,(여자)아이들,spillover,31,12
2649,(여자)아이들,spillover,32,8
2650,(여자)아이들,spillover,33,10
2651,(여자)아이들,spillover,34,8
2652,(여자)아이들,spillover,35,25
2653,(여자)아이들,spillover,36,13
2654,(여자)아이들,spillover,37,12
2655,(여자)아이들,spillover,38,11
2656,(여자)아이들,spillover,39,9
2657,(여자)아이들,spillover,40,9
2658,(여자)아이들,spillover,41,9
2659,(여자)아이들,spillover,42,25
2660,(여자)아이들,spillover,43,11
2661,(여자)아이들,spillover,44,26
2662,(여자)아이들,spillover,45,18
2663,(여자)아이들,spillover,46,17
2664,(여자)아이들,spillover,47,39
2665,(여자)아이들,spillover,48,20
2666,(여자)아이들,spillover,49,20
2667,(여자)아이들,spillover,50,49
2668,(여자)아이들,spillover,51,29
2669,(여자)아이들,spillover,52,22
2670,(여자)아이들,spillover,53,17
2671,BABYMONSTER,loyalty,0,6
2672,BABYMONSTER,loyalty,1,10
2673,BABYMONSTER,loyalty,2,14
2674,BABYMONSTER,loyalty,3,11
2675,BABYMONSTER,loyalty,4,4
2676,BABYMONSTER,loyalty,5,6
2677,BABYMONSTER,loyalty,6,11
2678,BABYMONSTER,loyalty,7,8
2679,BABYMONSTER,loyalty,8,25
2680,BABYMONSTER,loyalty,9,10
2681,BABYMONSTER,loyalty,10,30
2682,BABYMONSTER,loyalty,11,10
2683,BABYMONSTER,loyalty,12,9
2684,BABYMONSTER,loyalty,13,12
2685,BABYMONSTER,loyalty,14,15
2686,BABYMONSTER,loyalty,15,9
2687,BABYMONSTER,loyalty,16,18
2688,BABYMONSTER,loyalty,17,29
2689,BABYMONSTER,loyalty,18,39
2690,BABYMONSTER,loyalty,19,28
2691,BABYMONSTER,loyalty,20,15
2692,BABYMONSTER,loyalty,21,22
2693,BABYMONSTER,loyalty,22,6
2694,BABYMONSTER,loyalty,23,10
2695,BABYMONSTER,loyalty,24,11
2696,BABYMONSTER,loyalty,25,8
2697,BABYMONSTER,loyalty,26,12
2698,BABYMONSTER,loyalty,27,8
2699,BABYMONSTER,loyalty,28,11
2700,BABYMONSTER,loyalty,29,13
2701,BABYMONSTER,loyalty,30,11
2702,BABYMONSTER,loyalty,31,9
2703,BABYMONSTER,loyalty,32,15
2704,BABYMONSTER,loyalty,33,11
2705,BABYMONSTER,loyalty,34,10
2706,BABYMONSTER,loyalty,35,7
2707,BABYMONSTER,loyalty,36,9
2708,BABYMONSTER,loyalty,37,22
2709,BABYMONSTER,loyalty,38,30
2710,BABYMONSTER,loyalty,39,13
2711,BABYMONSTER,loyalty,40,11
2712,BABYMONSTER,loyalty,41,13
2713,BABYMONSTER,loyalty,42,15
2714,BABYMONSTER,loyalty,43,12
2715,BABYMONSTER,loyalty,44,19
2716,BABYMONSTER,spillover,0,10
2717,BABYMONSTER,spillover,1,14
2718,BABYMONSTER,spillover,2,9
2719,BABYMONSTER,spillover,3,10
2720,BABYMONSTER,spillover,4,7
2721,BABYMONSTER,spillover,5,10
2722,BABYMONSTER,spillover,6,12
2723,BABYMONSTER,spillover,7,15
2724,BABYMONSTER,spillover,8,31
2725,BABYMONSTER,spillover,9,32
2726,BABYMONSTER,spillover,10,21
2727,BABYMONSTER,spillover,11,15
2728,BABYMONSTER,spillover,12,10
2729,BABYMONSTER,spillover,13,12
2730,BABYMONSTER,spillover,14,13
2731,BABYMONSTER,spillover,15,15
2732,BABYMONSTER,spillover,16,13
2733,BABYMONSTER,spillover,17,9
2734,BABYMONSTER,spillover,18,9
2735,BABYMONSTER,spillover,19,11
2736,BABYMONSTER,spillover,20,13
2737,BABYMONSTER,spillover,21,6
2738,BABYMONSTER,spillover,22,16
2739,BABYMONSTER,spillover,23,25
2740,BABYMONSTER,spillover,24,25
2741,BABYMONSTER,spillover,25,11
2742,BABYMONSTER,spillover,26,14
2743,BABYMONSTER,spillover,27,10
2744,BABYMONSTER,spillover,28,10
2745,BABYMONSTER,spillover,29,11
2746,BABYMONSTER,spillover,30,10
2747,BABYMONSTER,spillover,31,10
2748,BABYMONSTER,spillover,32,12
2749,BABYMONSTER,spillover,33,12
2750,BABYMONSTER,spillover,34,14
2751,BABYMONSTER,spillover,35,12
2752,BABYMONSTER,spillover,36,6
2753,BABYMONSTER,spillover,37,12
2754,BABYMONSTER,spillover,38,12
2755,BABYMONSTER,spillover,39,5
2756,BABYMONSTER,spillover,40,7
2757,BABYMONSTER,spillover,41,6
2758,BABYMONSTER,spillover,42,11
2759,BABYMONSTER,spillover,43,23
2760,BABYMONSTER,spillover,44,38
2761,BABYMONSTER,spillover,45,29
2762,BABYMONSTER,spillover,46,42
2763,BABYMONSTER,spillover,47,18
2764,BABYMONSTER,spillover,48,16
2765,BABYMONSTER,spillover,49,14
2766,BABYMONSTER,spillover,50,12
2767,BABYMONSTER,spillover,51,16
2768,송가인,loyalty,0,9
2769,송가인,loyalty,1,9
2770,송가인,loyalty,2,16
2771,송가인,loyalty,3,20
2772,송가인,loyalty,4,33
2773,송가인,loyalty,5,15
2774,송가인,loyalty,6,10
2775,송가인,loyalty,7,12
2776,송가인,loyalty,8,10
2777,송가인,loyalty,9,6
2778,송가인,loyalty,10,4
2779,송가인,loyalty,11,14
2780,송가인,loyalty,12,23
2781,송가인,loyalty,13,19
2782,송가인,loyalty,14,24
2783,송가인,loyalty,15,10
2784,송가인,loyalty,16,5
2785,송가인,loyalty,17,5
2786,송가인,loyalty,18,14
2787,송가인,loyalty,19,11
2788,송가인,loyalty,20,11
2789,송가인,loyalty,21,9
2790,송가인,loyalty,22,9
2791,송가인,loyalty,23,18
2792,송가인,loyalty,24,18
2793,송가인,loyalty,25,7
2794,송가인,loyalty,26,10
2795,송가인,loyalty,27,8
2796,송가인,loyalty,28,20
2797,송가인,loyalty,29,15
2798,송가인,spillover,0,20
2799,송가인,spillover,1,23
2800,송가인,spillover,2,16
2801,송가인,spillover,3,28
2802,송가인,spillover,4,22
2803,송가인,spillover,5,7
2804,송가인,spillover,6,15
2805,송가인,spillover,7,11
2806,송가인,spillover,8,6
2807,송가인,spillover,9,6
2808,송가인,spillover,10,11
2809,송가인,spillover,11,27
2810,송가인,spillover,12,29
2811,송가인,spillover,13,15
2812,송가인,spillover,14,15
2813,송가인,spillover,15,15
2814,송가인,spillover,16,41
2815,송가인,spillover,17,10
2816,송가인,spillover,18,24
2817,송가인,spillover,19,24
2818,송가인,spillover,20,34
2819,송가인,spillover,21,18
2820,송가인,spillover,22,16
2821,송가인,spillover,23,19
2822,송가인,spillover,24,9
2823,송가인,spillover,25,6
2824,송가인,spillover,26,16
2825,송가인,spillover,27,9
2826,송가인,spillover,28,8
2827,송가인,spillover,29,16
2828,송가인,spillover,30,17
2829,송가인,spillover,31,12
2830,송가인,spillover,32,29
2831,송가인,spillover,33,15
2832,송가인,spillover,34,21
2833,송가인,spillover,35,26
2834,송가인,spillover,36,32
2835,송가인,spillover,37,21
2836,송가인,spillover,38,14
2837,송가인,spillover,39,15
2838,송가인,spillover,40,15
2839,송가인,spillover,41,9
2840,송가인,spillover,42,7
2841,송가인,spillover,43,10
2842,엔믹스,loyalty,0,8
2843,엔믹스,loyalty,1,9
2844,엔믹스,loyalty,2,10
2845,엔믹스,loyalty,3,18
2846,엔믹스,loyalty,4,12
2847,엔믹스,loyalty,5,9
2848,엔믹스,loyalty,6,13
2849,엔믹스,loyalty,7,19
2850,엔믹스,loyalty,8,13
2851,엔믹스,loyalty,9,17
2852,엔믹스,loyalty,10,31
2853,엔믹스,loyalty,11,26
2854,엔믹스,loyalty,12,13
2855,엔믹스,loyalty,13,27
2856,엔믹스,loyalty,14,14
2857,엔믹스,loyalty,15,25
2858,엔믹스,loyalty,16,14
2859,엔믹스,loyalty,17,13
2860,엔믹스,loyalty,18,14
2861,엔믹스,loyalty,19,13
2862,엔믹스,loyalty,20,18
2863,엔믹스,loyalty,21,27
2864,엔믹스,loyalty,22,27
2865,엔믹스,loyalty,23,10
2866,엔믹스,loyalty,24,11
2867,엔믹스,loyalty,25,9
2868,엔믹스,loyalty,26,28
2869,엔믹스,loyalty,27,9
2870,엔믹스,loyalty,28,9
2871,엔믹스,loyalty,29,8
2872,엔믹스,loyalty,30,10
2873,엔믹스,loyalty,31,8
2874,엔믹스,loyalty,32,9
2875,엔믹스,loyalty,33,9
2876,엔믹스,loyalty,34,9
2877,엔믹스,loyalty,35,6
2878,엔믹스,loyalty,36,10
2879,엔믹스,loyalty,37,8
2880,엔믹스,loyalty,38,9
2881,엔믹스,loyalty,39,9
2882,엔믹스,loyalty,40,14
2883,엔믹스,loyalty,41,20
2884,엔믹스,loyalty,42,9
2885,엔믹스,loyalty,43,7
2886,엔믹스,loyalty,44,11
2887,엔믹스,spillover,0,9
2888,엔믹스,spillover,1,8
2889,엔믹스,spillover,2,11
2890,엔믹스,spillover,3,15
2891,엔믹스,spillover,4,7
2892,엔믹스,spillover,5,13
2893,엔믹스,spillover,6,10
2894,엔믹스,spillover,7,12
2895,엔믹스,spillover,8,13
2896,엔믹스,spillover,9,19
2897,엔믹스,spillover,10,11
2898,엔믹스,spillover,11,7
2899,엔믹스,spillover,12,12
2900,엔믹스,spillover,13,20
2901,엔믹스,spillover,14,23
2902,엔믹스,spillover,15,29
2903,엔믹스,spillover,16,20
2904,엔믹스,spillover,17,30
2905,엔믹스,spillover,18,22
2906,엔믹스,spillover,19,27
2907,엔믹스,spillover,20,30
2908,엔믹스,spillover,21,34
2909,엔믹스,spillover,22,14
2910,엔믹스,spillover,23,19
2911,엔믹스,spillover,24,9
2912,엔믹스,spillover,25,43
2913,엔믹스,spillover,26,37
2914,엔믹스,spillover,27,22
2915,엔믹스,spillover,28,40
2916,엔믹스,spillover,29,11
2917,엔믹스,spillover,30,16
2918,엔믹스,spillover,31,10
2919,엔믹스,spillover,32,17
2920,엔믹스,spillover,33,14
2921,엔믹스,spillover,34,22
2922,엔믹스,spillover,35,16
2923,엔믹스,spillover,36,21
2924,엔믹스,spillover,37,14
2925,엔믹스,spillover,38,21
2926,엔믹스,spillover,39,26
2927,엔믹스,spillover,40,24
2928,엔믹스,spillover,41,23
2929,엔믹스,spillover,42,27
2930,엔믹스,spillover,43,20
2931,엔믹스,spillover,44,20
2932,엔믹스,spillover,45,14
2933,엔믹스,spillover,46,16
2934,엔믹스,spillover,47,12
2935,IKON,loyalty,0,13
2936,IKON,loyalty,1,7
2937,IKON,loyalty,2,14
2938,IKON,loyalty,3,13
2939,IKON,loyalty,4,14
2940,IKON,loyalty,5,11
2941,IKON,loyalty,6,5
2942,IKON,loyalty,7,9
2943,IKON,loyalty,8,11
2944,IKON,loyalty,9,14
2945,IKON,loyalty,10,27
2946,IKON,loyalty,11,34
2947,IKON,loyalty,12,16
2948,IKON,loyalty,13,26
2949,IKON,loyalty,14,23
2950,IKON,loyalty,15,31
2951,IKON,loyalty,16,26
2952,IKON,loyalty,17,32
2953,IKON,loyalty,18,31
2954,IKON,loyalty,19,15
2955,IKON,loyalty,20,12
2956,IKON,loyalty,21,15
2957,IKON,loyalty,22,13
2958,IKON,loyalty,23,11
2959,IKON,loyalty,24,13
2960,IKON,loyalty,25,20
2961,IKON,loyalty,26,27
2962,IKON,loyalty,27,11
2963,IKON,loyalty,28,15
2964,IKON,loyalty,29,13
2965,IKON,loyalty,30,9
2966,IKON,loyalty,31,8
2967,IKON,loyalty,32,11
2968,IKON,loyalty,33,6
2969,IKON,loyalty,34,8
2970,IKON,loyalty,35,6
2971,IKON,loyalty,36,10
2972,IKON,loyalty,37,9
2973,IKON,loyalty,38,10
2974,IKON,loyalty,39,8
2975,IKON,loyalty,40,11
2976,IKON,loyalty,41,7
2977,IKON,loyalty,42,7
2978,IKON,loyalty,43,14
2979,IKON,loyalty,44,9
2980,IKON,loyalty,45,20
2981,IKON,spillover,0,18
2982,IKON,spillover,1,14
2983,IKON,spillover,2,14
2984,IKON,spillover,3,10
2985,IKON,spillover,4,16
2986,IKON,spillover,5,17
2987,IKON,spillover,6,18
2988,IKON,spillover,7,32
2989,IKON,spillover,8,37
2990,IKON,spillover,9,23
2991,IKON,spillover,10,42
2992,IKON,spillover,11,20
2993,IKON,spillover,12,12
2994,IKON,spillover,13,10
2995,IKON,spillover,14,20
2996,IKON,spillover,15,26
2997,IKON,spillover,16,11
2998,IKON,spillover,17,21
2999,IKON,spillover,18,9
3000,IKON,spillover,19,13
3001,IKON,spillover,20,23
3002,IKON,spillover,21,20
3003,IKON,spillover,22,6
3004,IKON,spillover,23,8
3005,IKON,spillover,24,6
3006,IKON,spillover,25,9
3007,IKON,spillover,26,19
3008,IKON,spillover,27,22
3009,IKON,spillover,28,10
3010,IKON,spillover,29,21
3011,IKON,spillover,30,16
3012,IKON,spillover,31,19
3013,IKON,spillover,32,15
3014,IKON,spillover,33,34
3015,IKON,spillover,34,21
3016,박재범,loyalty,0,15
3017,박재범,loyalty,1,13
3018,박재범,loyalty,2,8
3019,박재범,loyalty,3,19
3020,박재범,loyalty,4,20
3021,박재범,loyalty,5,18
3022,박재범,loyalty,6,20
3023,박재범,loyalty,7,9
3024,박재범,loyalty,8,7
3025,박재범,loyalty,9,9
3026,박재범,loyalty,10,12
3027,박재범,loyalty,11,24
3028,박재범,loyalty,12,14
3029,박재범,loyalty,13,31
3030,박재범,loyalty,14,10
3031,박재범,loyalty,15,11
3032,박재범,loyalty,16,6
3033,박재범,loyalty,17,20
3034,박재범,loyalty,18,10
3035,박재범,loyalty,19,14
3036,박재범,loyalty,20,27
3037,박재범,loyalty,21,9
3038,박재범,loyalty,22,9
3039,박재범,loyalty,23,10
3040,박재범,loyalty,24,22
3041,박재범,loyalty,25,10
3042,박재범,loyalty,26,7
3043,박재범,loyalty,27,10
3044,박재범,loyalty,28,7
3045,박재범,loyalty,29,8
3046,박재범,loyalty,30,10
3047,박재범,loyalty,31,9
3048,박재범,loyalty,32,9
3049,박재범,loyalty,33,14
3050,박재범,loyalty,34,8
3051,박재범,loyalty,35,10
3052,박재범,loyalty,36,7
3053,박재범,loyalty,37,15
3054,박재범,loyalty,38,16
3055,박재범,loyalty,39,13
3056,박재범,spillover,0,12
3057,박재범,spillover,1,10
3058,박재범,spillover,2,17
3059,박재범,spillover,3,11
3060,박재범,spillover,4,11
3061,박재범,spillover,5,16
3062,박재범,spillover,6,14
3063,박재범,spillover,7,13
3064,박재범,spillover,8,14
3065,박재범,spillover,9,19
3066,박재범,spillover,10,10
3067,박재범,spillover,11,19
3068,박재범,spillover,12,11
3069,박재범,spillover,13,9
3070,박재범,spillover,14,6
3071,박재범,spillover,15,9
3072,박재범,spillover,16,11
3073,박재범,spillover,17,13
3074,박재범,spillover,18,9
3075,박재범,spillover,19,14
3076,박재범,spillover,20,31
3077,박재범,spillover,21,18
3078,박재범,spillover,22,23
3079,박재범,spillover,23,16
3080,박재범,spillover,24,18
3081,박재범,spillover,25,10
3082,박재범,spillover,26,7
3083,박재범,spillover,27,15
3084,박재범,spillover,28,9
3085,박재범,spillover,29,11
3086,박재범,spillover,30,7
3087,박재범,spillover,31,12
3088,박재범,spillover,32,15
3089,박재범,spillover,33,10
3090,박재범,spillover,34,13
3091,박재범,spillover,35,12
3092,박재범,spillover,36,7
3093,박재범,spillover,37,17
3094,박재범,spillover,38,20
3095,박재범,spillover,39,12
3096,박재범,spillover,40,17
3097,박재범,spillover,41,11
3098,박재범,spillover,42,13
3099,박재범,spillover,43,37
3100,박재범,spillover,44,48
3101,박재범,spillover,45,21
3102,박재범,spillover,46,19
3103,박재범,spillover,47,11
3104,박재범,spillover,48,9
3105,지코,loyalty,0,11
3106,지코,loyalty,1,9
3107,지코,loyalty,2,14
3108,지코,loyalty,3,11
3109,지코,loyalty,4,14
3110,지코,loyalty,5,12
3111,지코,loyalty,6,20
3112,지코,loyalty,7,11
3113,지코,loyalty,8,9
3114,지코,loyalty,9,14
3115,지코,loyalty,10,35
3116,지코,loyalty,11,23
3117,지코,loyalty,12,17
3118,지코,loyalty,13,21
3119,지코,loyalty,14,9
3120,지코,loyalty,15,14
3121,지코,loyalty,16,9
3122,지코,loyalty,17,8
3123,지코,loyalty,18,13
3124,지코,loyalty,19,9
3125,지코,loyalty,20,10
3126,지코,loyalty,21,13
3127,지코,loyalty,22,5
3128,지코,spillover,0,17
3129,지코,spillover,1,11
3130,지코,spillover,2,14
3131,지코,spillover,3,19
3132,지코,spillover,4,19
3133,지코,spillover,5,18
3134,지코,spillover,6,10
3135,지코,spillover,7,19
3136,지코,spillover,8,18
3137,지코,spillover,9,17
3138,지코,spillover,10,19
3139,지코,spillover,11,14
3140,지코,spillover,12,12
3141,지코,spillover,13,30
3142,지코,spillover,14,12
3143,지코,spillover,15,9
3144,지코,spillover,16,11
3145,지코,spillover,17,10
3146,지코,spillover,18,13
3147,지코,spillover,19,11
3148,지코,spillover,20,5
3149,지코,spillover,21,7
3150,지코,spillover,22,9
3151,지코,spillover,23,11
3152,지코,spillover,24,14
3153,지코,spillover,25,16
3154,지코,spillover,26,26
3155,지코,spillover,27,28
3156,지코,spillover,28,33
3157,지코,spillover,29,16
3158,지코,spillover,30,25
3159,지코,spillover,31,31
3160,지코,spillover,32,25
3161,지코,spillover,33,40
3162,지코,spillover,34,17
3163,지코,spillover,35,8
3164,지코,spillover,36,9
3165,지코,spillover,37,8
3166,지코,spillover,38,14
3167,지코,spillover,39,5
3168,지코,spillover,40,15
3169,지코,spillover,41,11
3170,지코,spillover,42,15
3171,지코,spillover,43,8
3172,지코,spillover,44,12
3173,지코,spillover,45,9
3174,지코,spillover,46,23
3175,지코,spillover,47,25
3176,지코,spillover,48,17
3177,지코,spillover,49,17
3178,지코,spillover,50,26
3179,지코,spillover,51,28
3180,지코,spillover,52,11
3181,지코,spillover,53,12
3182,지코,spillover,54,9
3183,지코,spillover,55,12
3184,리센느(RESCENE),loyalty,0,20
3185,리센느(RESCENE),loyalty,1,22
3186,리센느(RESCENE),loyalty,2,15
3187,리센느(RESCENE),loyalty,3,19
3188,리센느(RESCENE),loyalty,4,16
3189,리센느(RESCENE),loyalty,5,21
3190,리센느(RESCENE),loyalty,6,17
3191,리센느(RESCENE),loyalty,7,13
3192,리센느(RESCENE),loyalty,8,19
3193,리센느(RESCENE),loyalty,9,21
3194,리센느(RESCENE),loyalty,10,30
3195,리센느(RESCENE),loyalty,11,22
3196,리센느(RESCENE),loyalty,12,12
3197,리센느(RESCENE),loyalty,13,17
3198,리센느(RESCENE),loyalty,14,11
3199,리센느(RESCENE),loyalty,15,19
3200,리센느(RESCENE),loyalty,16,17
3201,리센느(RESCENE),loyalty,17,44
3202,리센느(RESCENE),loyalty,18,21
3203,리센느(RESCENE),loyalty,19,23
3204,리센느(RESCENE),loyalty,20,20
3205,리센느(RESCENE),loyalty,21,14
3206,리센느(RESCENE),loyalty,22,11
3207,리센느(RESCENE),loyalty,23,10
3208,리센느(RESCENE),loyalty,24,19
3209,리센느(RESCENE),loyalty,25,17
3210,리센느(RESCENE),spillover,0,10
3211,리센느(RESCENE),spillover,1,19
3212,리센느(RESCENE),spillover,2,10
3213,리센느(RESCENE),spillover,3,5
3214,리센느(RESCENE),spillover,4,20
3215,리센느(RESCENE),spillover,5,20
3216,리센느(RESCENE),spillover,6,23
3217,리센느(RESCENE),spillover,7,18
3218,리센느(RESCENE),spillover,8,8
3219,리센느(RESCENE),spillover,9,18
3220,리센느(RESCENE),spillover,10,24
3221,리센느(RESCENE),spillover,11,41
3222,리센느(RESCENE),spillover,12,11
3223,리센느(RESCENE),spillover,13,8
3224,리센느(RESCENE),spillover,14,14
3225,리센느(RESCENE),spillover,15,30
3226,리센느(RESCENE),spillover,16,28
3227,리센느(RESCENE),spillover,17,33
3228,리센느(RESCENE),spillover,18,23
3229,리센느(RESCENE),spillover,19,19
3230,리센느(RESCENE),spillover,20,10
3231,리센느(RESCENE),spillover,21,5
3232,리센느(RESCENE),spillover,22,11
3233,리센느(RESCENE),spillover,23,9
3234,리센느(RESCENE),spillover,24,22
3235,리센느(RESCENE),spillover,25,26
3236,리센느(RESCENE),spillover,26,17
3237,리센느(RESCENE),spillover,27,18
3238,리센느(RESCENE),spillover,28,11
3239,리센느(RESCENE),spillover,29,28
3240,리센느(RESCENE),spillover,30,26
3241,리센느(RESCENE),spillover,31,15
3242,리센느(RESCENE),spillover,32,36
3243,리센느(RESCENE),spillover,33,20
3244,리센느(RESCENE),spillover,34,11
3245,리센느(RESCENE),spillover,35,17
3246,리센느(RESCENE),spillover,36,6
3247,리센느(RESCENE),spillover,37,6
3248,리센느(RESCENE),spillover,38,6
3249,리센느(RESCENE),spillover,39,6
3250,김호중,loyalty,0,14
3251,김호중,loyalty,1,18
3252,김호중,loyalty,2,16
3253,김호중,loyalty,3,13
3254,김호중,loyalty,4,11
3255,김호중,loyalty,5,22
3256,김호중,loyalty,6,24
3257,김호중,loyalty,7,14
3258,김호중,loyalty,8,10
3259,김호중,loyalty,9,7
3260,김호중,loyalty,10,10
3261,김호중,loyalty,11,10
3262,김호중,loyalty,12,11
3263,김호중,loyalty,13,18
3264,김호중,loyalty,14,10
3265,김호중,loyalty,15,9
3266,김호중,loyalty,16,8
3267,김호중,loyalty,17,17
3268,김호중,loyalty,18,7
3269,김호중,loyalty,19,32
3270,김호중,loyalty,20,21
3271,김호중,loyalty,21,38
3272,김호중,loyalty,22,22
3273,김호중,loyalty,23,22
3274,김호중,loyalty,24,19
3275,김호중,loyalty,25,26
3276,김호중,loyalty,26,11
3277,김호중,loyalty,27,13
3278,김호중,loyalty,28,10
3279,김호중,loyalty,29,11
3280,김호중,loyalty,30,6
3281,김호중,loyalty,31,15
3282,김호중,loyalty,32,11
3283,김호중,spillover,0,12
3284,김호중,spillover,1,18
3285,김호중,spillover,2,8
3286,김호중,spillover,3,14
3287,김호중,spillover,4,12
3288,김호중,spillover,5,14
3289,김호중,spillover,6,16
3290,김호중,spillover,7,6
3291,김호중,spillover,8,6
3292,김호중,spillover,9,3
3293,김호중,spillover,10,6
3294,김호중,spillover,11,13
3295,김호중,spillover,12,11
3296,김호중,spillover,13,14
3297,김호중,spillover,14,16
3298,김호중,spillover,15,5
3299,김호중,spillover,16,8
3300,김호중,spillover,17,30
3301,김호중,spillover,18,24
3302,김호중,spillover,19,20
3303,김호중,spillover,20,15
3304,김호중,spillover,21,11
3305,김호중,spillover,22,11
3306,김호중,spillover,23,10
3307,김호중,spillover,24,10
3308,김호중,spillover,25,22
3309,김호중,spillover,26,24
3310,김호중,spillover,27,5
3311,김호중,spillover,28,4
3312,김호중,spillover,29,16
3313,김호중,spillover,30,13
3314,김호중,spillover,31,20
3315,김호중,spillover,32,31
3316,김호중,spillover,33,9
3317,김호중,spillover,34,27
3318,김호중,spillover,35,14
3319,김호중,spillover,36,18
3320,김호중,spillover,37,16
3321,김호중,spillover,38,8
3322,김호중,spillover,39,21
3323,아이오아이,loyalty,0,38
3324,아이오아이,loyalty,1,30
3325,아이오아이,loyalty,2,27
3326,아이오아이,loyalty,3,18
3327,아이오아이,loyalty,4,29
3328,아이오아이,loyalty,5,5
3329,아이오아이,loyalty,6,7
3330,아이오아이,loyalty,7,12
3331,아이오아이,loyalty,8,10
3332,아이오아이,loyalty,9,17
3333,아이오아이,loyalty,10,18
3334,아이오아이,loyalty,11,15
3335,아이오아이,loyalty,12,21
3336,아이오아이,loyalty,13,31
3337,아이오아이,loyalty,14,24
3338,아이오아이,loyalty,15,38
3339,아이오아이,loyalty,16,17
3340,아이오아이,loyalty,17,15
3341,아이오아이,loyalty,18,12
3342,아이오아이,loyalty,19,21
3343,아이오아이,loyalty,20,28
3344,아이오아이,loyalty,21,15
3345,아이오아이,loyalty,22,9
3346,아이오아이,loyalty,23,13
3347,아이오아이,loyalty,24,8
3348,아이오아이,loyalty,25,12
3349,아이오아이,loyalty,26,8
3350,아이오아이,loyalty,27,9
3351,아이오아이,loyalty,28,9
3352,아이오아이,loyalty,29,7
3353,아이오아이,loyalty,30,6
3354,아이오아이,loyalty,31,9
3355,아이오아이,loyalty,32,7
3356,아이오아이,loyalty,33,8
3357,아이오아이,loyalty,34,10
3358,아이오아이,loyalty,35,11
3359,아이오아이,loyalty,36,12
3360,아이오아이,spillover,0,23
3361,아이오아이,spillover,1,34
3362,아이오아이,spillover,2,22
3363,아이오아이,spillover,3,6
3364,아이오아이,spillover,4,13
3365,아이오아이,spillover,5,11
3366,아이오아이,spillover,6,22
3367,아이오아이,spillover,7,8
3368,아이오아이,spillover,8,16
3369,아이오아이,spillover,9,16
3370,아이오아이,spillover,10,31
3371,아이오아이,spillover,11,14
3372,아이오아이,spillover,12,9
3373,아이오아이,spillover,13,12
3374,아이오아이,spillover,14,8
3375,아이오아이,spillover,15,9
3376,아이오아이,spillover,16,49
3377,아이오아이,spillover,17,37
3378,아이오아이,spillover,18,34
3379,아이오아이,spillover,19,23
3380,아이오아이,spillover,20,20
3381,아이오아이,spillover,21,12
3382,아이오아이,spillover,22,18
3383,아이오아이,spillover,23,11
3384,아이오아이,spillover,24,13
3385,아이오아이,spillover,25,17
3386,아이오아이,spillover,26,14
3387,아이오아이,spillover,27,12
3388,아이오아이,spillover,28,18
3389,아이오아이,spillover,29,14
3390,아이오아이,spillover,30,17
3391,아이오아이,spillover,31,16
3392,아이오아이,spillover,32,16
3393,최예나,loyalty,0,14
3394,최예나,loyalty,1,12
3395,최예나,loyalty,2,7
3396,최예나,loyalty,3,12
3397,최예나,loyalty,4,8
3398,최예나,loyalty,5,15
3399,최예나,loyalty,6,8
3400,최예나,loyalty,7,5
3401,최예나,loyalty,8,7
3402,최예나,loyalty,9,9
3403,최예나,loyalty,10,9
3404,최예나,loyalty,11,13
3405,최예나,loyalty,12,8
3406,최예나,loyalty,13,14
3407,최예나,loyalty,14,9
3408,최예나,loyalty,15,12
3409,최예나,loyalty,16,11
3410,최예나,loyalty,17,11
3411,최예나,loyalty,18,16
3412,최예나,loyalty,19,27
3413,최예나,loyalty,20,16
3414,최예나,loyalty,21,38
3415,최예나,loyalty,22,5
3416,최예나,loyalty,23,13
3417,최예나,loyalty,24,12
3418,최예나,loyalty,25,15
3419,최예나,loyalty,26,14
3420,최예나,loyalty,27,9
3421,최예나,loyalty,28,9
3422,최예나,loyalty,29,8
3423,최예나,loyalty,30,6
3424,최예나,spillover,0,20
3425,최예나,spillover,1,10
3426,최예나,spillover,2,10
3427,최예나,spillover,3,8
3428,최예나,spillover,4,8
3429,최예나,spillover,5,20
3430,최예나,spillover,6,18
3431,최예나,spillover,7,8
3432,최예나,spillover,8,6
3433,최예나,spillover,9,9
3434,최예나,spillover,10,15
3435,최예나,spillover,11,25
3436,최예나,spillover,12,12
3437,최예나,spillover,13,18
3438,최예나,spillover,14,11
3439,최예나,spillover,15,9
3440,최예나,spillover,16,9
3441,최예나,spillover,17,10
3442,최예나,spillover,18,9
3443,최예나,spillover,19,10
3444,최예나,spillover,20,18
3445,최예나,spillover,21,25
3446,최예나,spillover,22,26
3447,최예나,spillover,23,27
3448,최예나,spillover,24,29
3449,최예나,spillover,25,50
3450,최예나,spillover,26,10
3451,최예나,spillover,27,15
3452,최예나,spillover,28,22
3453,최예나,spillover,29,14
3454,최예나,spillover,30,9
3455,최예나,spillover,31,10
3456,최예나,spillover,32,8
3457,최예나,spillover,33,11
3458,최예나,spillover,34,15
3459,최예나,spillover,35,14
3460,최예나,spillover,36,19
3461,최예나,spillover,37,27
3462,최예나,spillover,38,38
3463,최예나,spillover,39,17
3464,최예나,spillover,40,21
3465,최예나,spillover,41,17
3466,최예나,spillover,42,16
3467,최예나,spillover,43,15
3468,최예나,spillover,44,26
3469,최예나,spillover,45,19
3470,최예나,spillover,46,13
3471,최예나,spillover,47,22
3472,최예나,spillover,48,14
3473,최예나,spillover,49,15
3474,최예나,spillover,50,13
3475,최예나,spillover,51,14
3476,BTOB,loyalty,0,15
3477,BTOB,loyalty,1,16
3478,BTOB,loyalty,2,10
3479,BTOB,loyalty,3,17
3480,BTOB,loyalty,4,9
3481,BTOB,loyalty,5,14
3482,BTOB,loyalty,6,21
3483,BTOB,loyalty,7,19
3484,BTOB,loyalty,8,20
3485,BTOB,loyalty,9,9
3486,BTOB,loyalty,10,33
3487,BTOB,loyalty,11,30
3488,BTOB,loyalty,12,26
3489,BTOB,loyalty,13,12
3490,BTOB,loyalty,14,20
3491,BTOB,loyalty,15,15
3492,BTOB,loyalty,16,28
3493,BTOB,loyalty,17,16
3494,BTOB,loyalty,18,30
3495,BTOB,loyalty,19,13
3496,BTOB,loyalty,20,19
3497,BTOB,loyalty,21,37
3498,BTOB,loyalty,22,11
3499,BTOB,loyalty,23,15
3500,BTOB,loyalty,24,21
3501,BTOB,loyalty,25,14
3502,BTOB,loyalty,26,10
3503,BTOB,loyalty,27,7
3504,BTOB,loyalty,28,10
3505,BTOB,loyalty,29,10
3506,BTOB,loyalty,30,9
3507,BTOB,loyalty,31,9
3508,BTOB,loyalty,32,12
3509,BTOB,loyalty,33,7
3510,BTOB,loyalty,34,25
3511,BTOB,spillover,0,8
3512,BTOB,spillover,1,9
3513,BTOB,spillover,2,9
3514,BTOB,spillover,3,9
3515,BTOB,spillover,4,11
3516,BTOB,spillover,5,5
3517,BTOB,spillover,6,12
3518,BTOB,spillover,7,14
3519,BTOB,spillover,8,34
3520,BTOB,spillover,9,26
3521,BTOB,spillover,10,25
3522,BTOB,spillover,11,28
3523,BTOB,spillover,12,27
3524,BTOB,spillover,13,30
3525,BTOB,spillover,14,33
3526,BTOB,spillover,15,17
3527,BTOB,spillover,16,23
3528,BTOB,spillover,17,10
3529,BTOB,spillover,18,16
3530,BTOB,spillover,19,20
3531,BTOB,spillover,20,11
3532,BTOB,spillover,21,12
3533,BTOB,spillover,22,9
3534,BTOB,spillover,23,27
3535,BTOB,spillover,24,23
3536,BTOB,spillover,25,13
3537,BTOB,spillover,26,16
3538,BTOB,spillover,27,16
3539,BTOB,spillover,28,13
3540,BTOB,spillover,29,8
3541,god,loyalty,0,21
3542,god,loyalty,1,17
3543,god,loyalty,2,10
3544,god,loyalty,3,26
3545,god,loyalty,4,15
3546,god,loyalty,5,19
3547,god,loyalty,6,18
3548,god,loyalty,7,24
3549,god,loyalty,8,13
3550,god,loyalty,9,17
3551,god,loyalty,10,9
3552,god,loyalty,11,17
3553,god,loyalty,12,11
3554,god,loyalty,13,13
3555,god,loyalty,14,13
3556,god,loyalty,15,11
3557,god,loyalty,16,17
3558,god,loyalty,17,21
3559,god,loyalty,18,11
3560,god,loyalty,19,14
3561,god,loyalty,20,16
3562,god,loyalty,21,31
3563,god,loyalty,22,25
3564,god,loyalty,23,32
3565,god,loyalty,24,7
3566,god,loyalty,25,18
3567,god,loyalty,26,21
3568,god,loyalty,27,20
3569,god,loyalty,28,36
3570,god,spillover,0,16
3571,god,spillover,1,25
3572,god,spillover,2,22
3573,god,spillover,3,20
3574,god,spillover,4,9
3575,god,spillover,5,13
3576,god,spillover,6,14
3577,god,spillover,7,12
3578,god,spillover,8,8
3579,god,spillover,9,23
3580,god,spillover,10,28
3581,god,spillover,11,33
3582,god,spillover,12,21
3583,god,spillover,13,8
3584,god,spillover,14,13
3585,god,spillover,15,14
3586,god,spillover,16,12
3587,god,spillover,17,23
3588,god,spillover,18,25
3589,god,spillover,19,17
3590,god,spillover,20,8
3591,god,spillover,21,8
3592,god,spillover,22,10
3593,god,spillover,23,12
3594,god,spillover,24,12
3595,god,spillover,25,13
3596,god,spillover,26,23
3597,god,spillover,27,13
3598,이찬원,loyalty,0,13
3599,이찬원,loyalty,1,12
3600,이찬원,loyalty,2,17
3601,이찬원,loyalty,3,15
3602,이찬원,loyalty,4,10
3603,이찬원,loyalty,5,15
3604,이찬원,loyalty,6,12
3605,이찬원,loyalty,7,9
3606,이찬원,loyalty,8,7
3607,이찬원,loyalty,9,12
3608,이찬원,loyalty,10,13
3609,이찬원,loyalty,11,6
3610,이찬원,loyalty,12,7
3611,이찬원,loyalty,13,13
3612,이찬원,loyalty,14,7
3613,이찬원,loyalty,15,12
3614,이찬원,loyalty,16,16
3615,이찬원,loyalty,17,10
3616,이찬원,loyalty,18,9
3617,이찬원,loyalty,19,35
3618,이찬원,loyalty,20,23
3619,이찬원,loyalty,21,25
3620,이찬원,loyalty,22,15
3621,이찬원,loyalty,23,13
3622,이찬원,loyalty,24,9
3623,이찬원,loyalty,25,12
3624,이찬원,loyalty,26,10
3625,이찬원,spillover,0,12
3626,이찬원,spillover,1,8
3627,이찬원,spillover,2,10
3628,이찬원,spillover,3,19
3629,이찬원,spillover,4,13
3630,이찬원,spillover,5,13
3631,이찬원,spillover,6,13
3632,이찬원,spillover,7,6
3633,이찬원,spillover,8,13
3634,이찬원,spillover,9,9
3635,이찬원,spillover,10,7
3636,이찬원,spillover,11,10
3637,이찬원,spillover,12,13
3638,이찬원,spillover,13,16
3639,이찬원,spillover,14,7
3640,이찬원,spillover,15,9
3641,이찬원,spillover,16,9
3642,이찬원,spillover,17,10
3643,이찬원,spillover,18,43
3644,이찬원,spillover,19,22
3645,이찬원,spillover,20,31
3646,이찬원,spillover,21,21
3647,이찬원,spillover,22,16
3648,이찬원,spillover,23,18
3649,이찬원,spillover,24,16
3650,이찬원,spillover,25,12
3651,이찬원,spillover,26,47
3652,이찬원,spillover,27,23
3653,이찬원,spillover,28,39
3654,이찬원,spillover,29,12
3655,이찬원,spillover,30,9
3656,이찬원,spillover,31,9
3657,이찬원,spillover,32,13
3658,이찬원,spillover,33,5
3659,이찬원,spillover,34,24
3660,이찬원,spillover,35,15
3661,이찬원,spillover,36,14
3662,이찬원,spillover,37,23
3663,이찬원,spillover,38,26
3664,이찬원,spillover,39,12
3665,이찬원,spillover,40,10
3666,이찬원,spillover,41,19
3667,이찬원,spillover,42,24
3668,이찬원,spillover,43,24
3669,이찬원,spillover,44,14
3670,이찬원,spillover,45,19
3671,이찬원,spillover,46,22
3672,이찬원,spillover,47,12
3673,이찬원,spillover,48,11
3674,이찬원,spillover,49,15
3675,소녀시대,loyalty,0,12
3676,소녀시대,loyalty,1,12
3677,소녀시대,loyalty,2,7
3678,소녀시대,loyalty,3,17
3679,소녀시대,loyalty,4,9
3680,소녀시대,loyalty,5,8
3681,소녀시대,loyalty,6,8
3682,소녀시대,loyalty,7,18
3683,소녀시대,loyalty,8,13
3684,소녀시대,loyalty,9,20
3685,소녀시대,loyalty,10,19
3686,소녀시대,loyalty,11,23
3687,소녀시대,loyalty,12,16
3688,소녀시대,loyalty,13,14
3689,소녀시대,loyalty,14,18
3690,소녀시대,loyalty,15,17
3691,소녀시대,loyalty,16,51
3692,소녀시대,loyalty,17,23
3693,소녀시대,loyalty,18,20
3694,소녀시대,loyalty,19,23
3695,소녀시대,loyalty,20,19
3696,소녀시대,loyalty,21,26
3697,소녀시대,loyalty,22,10
3698,소녀시대,loyalty,23,10
3699,소녀시대,loyalty,24,8
3700,소녀시대,spillover,0,13
3701,소녀시대,spillover,1,14
3702,소녀시대,spillover,2,14
3703,소녀시대,spillover,3,15
3704,소녀시대,spillover,4,12
3705,소녀시대,spillover,5,12
3706,소녀시대,spillover,6,14
3707,소녀시대,spillover,7,9
3708,소녀시대,spillover,8,19
3709,소녀시대,spillover,9,32
3710,소녀시대,spillover,10,20
3711,소녀시대,spillover,11,10
3712,소녀시대,spillover,12,12
3713,소녀시대,spillover,13,15
3714,소녀시대,spillover,14,16
3715,소녀시대,spillover,15,5
3716,소녀시대,spillover,16,6
3717,소녀시대,spillover,17,9
3718,소녀시대,spillover,18,8
3719,소녀시대,spillover,19,9
3720,소녀시대,spillover,20,5
3721,소녀시대,spillover,21,20
3722,소녀시대,spillover,22,45
3723,소녀시대,spillover,23,43
3724,소녀시대,spillover,24,16
3725,소녀시대,spillover,25,26
3726,소녀시대,spillover,26,7
3727,소녀시대,spillover,27,9
3728,소녀시대,spillover,28,47
3729,소녀시대,spillover,29,76
3730,소녀시대,spillover,30,18
3731,소녀시대,spillover,31,10
3732,소녀시대,spillover,32,24
3733,소녀시대,spillover,33,17
3734,소녀시대,spillover,34,36
3735,소녀시대,spillover,35,18
3736,소녀시대,spillover,36,36
3737,소녀시대,spillover,37,20
3738,소녀시대,spillover,38,35
3739,소녀시대,spillover,39,34
3740,소녀시대,spillover,40,28
3741,소녀시대,spillover,41,14
3742,소녀시대,spillover,42,21
3743,소녀시대,spillover,43,11
3744,소녀시대,spillover,44,11
3745,소녀시대,spillover,45,12
3746,소녀시대,spillover,46,9
3747,소녀시대,spillover,47,16
3748,소녀시대,spillover,48,13
3749,소녀시대,spillover,49,26
3750,소녀시대,spillover,50,15
3751,빅뱅,loyalty,0,21
3752,빅뱅,loyalty,1,14
3753,빅뱅,loyalty,2,14
3754,빅뱅,loyalty,3,12
3755,빅뱅,loyalty,4,8
3756,빅뱅,loyalty,5,7
3757,빅뱅,loyalty,6,13
3758,빅뱅,loyalty,7,12
3759,빅뱅,loyalty,8,21
3760,빅뱅,loyalty,9,15
3761,빅뱅,loyalty,10,16
3762,빅뱅,loyalty,11,12
3763,빅뱅,loyalty,12,24
3764,빅뱅,loyalty,13,32
3765,빅뱅,loyalty,14,20
3766,빅뱅,loyalty,15,17
3767,빅뱅,loyalty,16,16
3768,빅뱅,loyalty,17,16
3769,빅뱅,loyalty,18,30
3770,빅뱅,loyalty,19,16
3771,빅뱅,loyalty,20,14
3772,빅뱅,loyalty,21,10
3773,빅뱅,loyalty,22,15
3774,빅뱅,loyalty,23,10
3775,빅뱅,loyalty,24,8
3776,빅뱅,spillover,0,13
3777,빅뱅,spillover,1,34
3778,빅뱅,spillover,2,11
3779,빅뱅,spillover,3,7
3780,빅뱅,spillover,4,15
3781,빅뱅,spillover,5,12
3782,빅뱅,spillover,6,11
3783,빅뱅,spillover,7,8
3784,빅뱅,spillover,8,19
3785,빅뱅,spillover,9,16
3786,빅뱅,spillover,10,8
3787,빅뱅,spillover,11,10
3788,빅뱅,spillover,12,10
3789,빅뱅,spillover,13,12
3790,빅뱅,spillover,14,11
3791,빅뱅,spillover,15,8
3792,빅뱅,spillover,16,11
3793,빅뱅,spillover,17,17
3794,빅뱅,spillover,18,24
3795,빅뱅,spillover,19,24
3796,빅뱅,spillover,20,42
3797,빅뱅,spillover,21,30
3798,빅뱅,spillover,22,14
3799,빅뱅,spillover,23,12
3800,빅뱅,spillover,24,8
3801,빅뱅,spillover,25,29
3802,빅뱅,spillover,26,27
3803,빅뱅,spillover,27,31
3804,빅뱅,spillover,28,23
3805,빅뱅,spillover,29,31
3806,빅뱅,spillover,30,9
3807,빅뱅,spillover,31,8
3808,빅뱅,spillover,32,19
3809,빅뱅,spillover,33,23
3810,빅뱅,spillover,34,9
3811,빅뱅,spillover,35,18
3812,빅뱅,spillover,36,13
3813,빅뱅,spillover,37,19
3814,빅뱅,spillover,38,24
3815,빅뱅,spillover,39,13
3816,빅뱅,spillover,40,20
3817,빅뱅,spillover,41,20
3818,빅뱅,spillover,42,33
3819,빅뱅,spillover,43,15
3820,빅뱅,spillover,44,14
3821,빅뱅,spillover,45,11
3822,빅뱅,spillover,46,7
3823,박서진,loyalty,0,14
3824,박서진,loyalty,1,15
3825,박서진,loyalty,2,13
3826,박서진,loyalty,3,12
3827,박서진,loyalty,4,12
3828,박서진,loyalty,5,12
3829,박서진,loyalty,6,17
3830,박서진,loyalty,7,12
3831,박서진,loyalty,8,10
3832,박서진,loyalty,9,14
3833,박서진,loyalty,10,17
3834,박서진,loyalty,11,9
3835,박서진,loyalty,12,14
3836,박서진,loyalty,13,13
3837,박서진,loyalty,14,14
3838,박서진,loyalty,15,14
3839,박서진,loyalty,16,14
3840,박서진,loyalty,17,26
3841,박서진,loyalty,18,25
3842,박서진,loyalty,19,27
3843,박서진,loyalty,20,25
3844,박서진,loyalty,21,14
3845,박서진,spillover,0,12
3846,박서진,spillover,1,14
3847,박서진,spillover,2,20
3848,박서진,spillover,3,11
3849,박서진,spillover,4,13
3850,박서진,spillover,5,18
3851,박서진,spillover,6,13
3852,박서진,spillover,7,10
3853,박서진,spillover,8,15
3854,박서진,spillover,9,14
3855,박서진,spillover,10,17
3856,박서진,spillover,11,13
3857,박서진,spillover,12,14
3858,박서진,spillover,13,11
3859,박서진,spillover,14,14
3860,박서진,spillover,15,16
3861,박서진,spillover,16,14
3862,박서진,spillover,17,16
3863,박서진,spillover,18,18
3864,박서진,spillover,19,11
3865,박서진,spillover,20,15
3866,박서진,spillover,21,13
3867,박서진,spillover,22,18
3868,박서진,spillover,23,15
3869,박서진,spillover,24,23
3870,박서진,spillover,25,24
3871,박서진,spillover,26,28
3872,박서진,spillover,27,18
3873,박서진,spillover,28,20
3874,박서진,spillover,29,16
3875,박서진,spillover,30,26
3876,박서진,spillover,31,16
3877,박서진,spillover,32,27
3878,박서진,spillover,33,28
3879,박서진,spillover,34,27
3880,박서진,spillover,35,20
3881,박서진,spillover,36,22
3882,박서진,spillover,37,17
3883,CNBLUE,loyalty,0,17
3884,CNBLUE,loyalty,1,15
3885,CNBLUE,loyalty,2,11
3886,CNBLUE,loyalty,3,12
3887,CNBLUE,loyalty,4,27
3888,CNBLUE,loyalty,5,16
3889,CNBLUE,loyalty,6,17
3890,CNBLUE,loyalty,7,9
3891,CNBLUE,loyalty,8,11
3892,CNBLUE,loyalty,9,15
3893,CNBLUE,loyalty,10,20
3894,CNBLUE,loyalty,11,14
3895,CNBLUE,loyalty,12,14
3896,CNBLUE,loyalty,13,22
3897,CNBLUE,loyalty,14,31
3898,CNBLUE,loyalty,15,35
3899,CNBLUE,loyalty,16,14
3900,CNBLUE,loyalty,17,18
3901,CNBLUE,loyalty,18,14
3902,CNBLUE,loyalty,19,11
3903,CNBLUE,loyalty,20,8
3904,CNBLUE,loyalty,21,6
3905,CNBLUE,loyalty,22,29
3906,CNBLUE,loyalty,23,10
3907,CNBLUE,loyalty,24,10
3908,CNBLUE,loyalty,25,8
3909,CNBLUE,loyalty,26,18
3910,CNBLUE,loyalty,27,21
3911,CNBLUE,spillover,0,17
3912,CNBLUE,spillover,1,21
3913,CNBLUE,spillover,2,15
3914,CNBLUE,spillover,3,10
3915,CNBLUE,spillover,4,25
3916,CNBLUE,spillover,5,32
3917,CNBLUE,spillover,6,16
3918,CNBLUE,spillover,7,37
3919,CNBLUE,spillover,8,17
3920,CNBLUE,spillover,9,15
3921,CNBLUE,spillover,10,16
3922,CNBLUE,spillover,11,9
3923,CNBLUE,spillover,12,7
3924,CNBLUE,spillover,13,32
3925,CNBLUE,spillover,14,23
3926,CNBLUE,spillover,15,26
3927,CNBLUE,spillover,16,23
3928,CNBLUE,spillover,17,12
3929,CNBLUE,spillover,18,14
3930,CNBLUE,spillover,19,12
3931,CNBLUE,spillover,20,13
3932,CNBLUE,spillover,21,11
3933,CNBLUE,spillover,22,12
3934,CNBLUE,spillover,23,8
3935,CNBLUE,spillover,24,11
3936,CNBLUE,spillover,25,13
3937,CNBLUE,spillover,26,11
3938,CNBLUE,spillover,27,16
3939,CNBLUE,spillover,28,25
3940,CNBLUE,spillover,29,11
3941,CNBLUE,spillover,30,12
3942,CNBLUE,spillover,31,13
3943,CNBLUE,spillover,32,26
3944,CNBLUE,spillover,33,30
3945,CNBLUE,spillover,34,42
3946,CNBLUE,spillover,35,33
3947,CNBLUE,spillover,36,34
3948,CNBLUE,spillover,37,14
3949,CNBLUE,spillover,38,37
3950,CNBLUE,spillover,39,8
3951,CNBLUE,spillover,40,9
3952,CNBLUE,spillover,41,28
3953,CNBLUE,spillover,42,13
3954,CNBLUE,spillover,43,13
3955,정동원,loyalty,0,12
3956,정동원,loyalty,1,20
3957,정동원,loyalty,2,12
3958,정동원,loyalty,3,13
3959,정동원,loyalty,4,11
3960,정동원,loyalty,5,12
3961,정동원,loyalty,6,11
3962,정동원,loyalty,7,5
3963,정동원,loyalty,8,11
3964,정동원,loyalty,9,9
3965,정동원,loyalty,10,10
3966,정동원,loyalty,11,9
3967,정동원,loyalty,12,7
3968,정동원,loyalty,13,11
3969,정동원,loyalty,14,12
3970,정동원,loyalty,15,14
3971,정동원,loyalty,16,21
3972,정동원,loyalty,17,9
3973,정동원,loyalty,18,9
3974,정동원,loyalty,19,10
3975,정동원,loyalty,20,8
3976,정동원,loyalty,21,7
3977,정동원,loyalty,22,12
3978,정동원,loyalty,23,9
3979,정동원,loyalty,24,10
3980,정동원,loyalty,25,9
3981,정동원,loyalty,26,21
3982,정동원,loyalty,27,11
3983,정동원,loyalty,28,11
3984,정동원,loyalty,29,14
3985,정동원,loyalty,30,10
3986,정동원,loyalty,31,9
3987,정동원,loyalty,32,6
3988,정동원,spillover,0,8
3989,정동원,spillover,1,12
3990,정동원,spillover,2,9
3991,정동원,spillover,3,12
3992,정동원,spillover,4,15
3993,정동원,spillover,5,16
3994,정동원,spillover,6,15
3995,정동원,spillover,7,7
3996,정동원,spillover,8,8
3997,정동원,spillover,9,9
3998,정동원,spillover,10,10
3999,정동원,spillover,11,7
4000,정동원,spillover,12,8
4001,정동원,spillover,13,8
4002,정동원,spillover,14,10
4003,정동원,spillover,15,18
4004,정동원,spillover,16,8
4005,정동원,spillover,17,23
4006,정동원,spillover,18,35
4007,정동원,spillover,19,23
4008,정동원,spillover,20,18
4009,정동원,spillover,21,7
4010,정동원,spillover,22,8
4011,정동원,spillover,23,9
4012,정동원,spillover,24,6
4013,정동원,spillover,25,29
4014,정동원,spillover,26,9
4015,정동원,spillover,27,12
4016,정동원,spillover,28,11
4017,정동원,spillover,29,14
4018,정동원,spillover,30,10
4019,정동원,spillover,31,9
4020,정동원,spillover,32,7
4021,정동원,spillover,33,11
4022,정동원,spillover,34,34
4023,정동원,spillover,35,12
4024,정동원,spillover,36,12
4025,정동원,spillover,37,14
4026,정동원,spillover,38,25
4027,정동원,spillover,39,12
4028,정동원,spillover,40,13
4029,정동원,spillover,41,10
4030,정동원,spillover,42,15
4031,정동원,spillover,43,10
4032,프로미스나인,loyalty,0,7
4033,프로미스나인,loyalty,1,10
4034,프로미스나인,loyalty,2,15
4035,프로미스나인,loyalty,3,13
4036,프로미스나인,loyalty,4,13
4037,프로미스나인,loyalty,5,14
4038,프로미스나인,loyalty,6,10
4039,프로미스나인,loyalty,7,8
4040,프로미스나인,loyalty,8,7
4041,프로미스나인,loyalty,9,18
4042,프로미스나인,loyalty,10,17
4043,프로미스나인,loyalty,11,8
4044,프로미스나인,loyalty,12,31
4045,프로미스나인,loyalty,13,21
4046,프로미스나인,loyalty,14,42
4047,프로미스나인,loyalty,15,37
4048,프로미스나인,loyalty,16,40
4049,프로미스나인,loyalty,17,19
4050,프로미스나인,loyalty,18,10
4051,프로미스나인,loyalty,19,11
4052,프로미스나인,loyalty,20,10
4053,프로미스나인,loyalty,21,9
4054,프로미스나인,loyalty,22,8
4055,프로미스나인,spillover,0,13
4056,프로미스나인,spillover,1,7
4057,프로미스나인,spillover,2,12
4058,프로미스나인,spillover,3,8
4059,프로미스나인,spillover,4,8
4060,프로미스나인,spillover,5,9
4061,프로미스나인,spillover,6,8
4062,프로미스나인,spillover,7,8
4063,프로미스나인,spillover,8,9
4064,프로미스나인,spillover,9,7
4065,프로미스나인,spillover,10,17
4066,프로미스나인,spillover,11,17
4067,프로미스나인,spillover,12,15
4068,프로미스나인,spillover,13,9
4069,프로미스나인,spillover,14,12
4070,프로미스나인,spillover,15,14
4071,프로미스나인,spillover,16,12
4072,프로미스나인,spillover,17,20
4073,프로미스나인,spillover,18,36
4074,프로미스나인,spillover,19,32
4075,프로미스나인,spillover,20,45
4076,프로미스나인,spillover,21,15
4077,프로미스나인,spillover,22,18
4078,프로미스나인,spillover,23,20
4079,프로미스나인,spillover,24,35
4080,프로미스나인,spillover,25,32
4081,프로미스나인,spillover,26,15
4082,프로미스나인,spillover,27,10
4083,프로미스나인,spillover,28,9
4084,프로미스나인,spillover,29,21
4085,프로미스나인,spillover,30,8
4086,프로미스나인,spillover,31,5
4087,프로미스나인,spillover,32,8
4088,프로미스나인,spillover,33,9
4089,프로미스나인,spillover,34,13
4090,프로미스나인,spillover,35,26
4091,프로미스나인,spillover,36,32
4092,프로미스나인,spillover,37,15
4093,프로미스나인,spillover,38,24
4094,프로미스나인,spillover,39,19
4095,프로미스나인,spillover,40,8
4096,프로미스나인,spillover,41,19
4097,프로미스나인,spillover,42,21
4098,프로미스나인,spillover,43,17
4099,프로미스나인,spillover,44,16
4100,샤이니,loyalty,0,17
4101,샤이니,loyalty,1,22
4102,샤이니,loyalty,2,12
4103,샤이니,loyalty,3,11
4104,샤이니,loyalty,4,12
4105,샤이니,loyalty,5,6
4106,샤이니,loyalty,6,16
4107,샤이니,loyalty,7,22
4108,샤이니,loyalty,8,33
4109,샤이니,loyalty,9,16
4110,샤이니,loyalty,10,34
4111,샤이니,loyalty,11,13
4112,샤이니,loyalty,12,30
4113,샤이니,loyalty,13,29
4114,샤이니,loyalty,14,11
4115,샤이니,loyalty,15,21
4116,샤이니,loyalty,16,10
4117,샤이니,loyalty,17,6
4118,샤이니,loyalty,18,8
4119,샤이니,loyalty,19,9
4120,샤이니,loyalty,20,10
4121,샤이니,loyalty,21,11
4122,샤이니,loyalty,22,12
4123,샤이니,loyalty,23,8
4124,샤이니,loyalty,24,14
4125,샤이니,loyalty,25,7
4126,샤이니,loyalty,26,12
4127,샤이니,loyalty,27,9
4128,샤이니,loyalty,28,11
4129,샤이니,spillover,0,19
4130,샤이니,spillover,1,29
4131,샤이니,spillover,2,17
4132,샤이니,spillover,3,12
4133,샤이니,spillover,4,16
4134,샤이니,spillover,5,13
4135,샤이니,spillover,6,8
4136,샤이니,spillover,7,15
4137,샤이니,spillover,8,13
4138,샤이니,spillover,9,9
4139,샤이니,spillover,10,37
4140,샤이니,spillover,11,15
4141,샤이니,spillover,12,30
4142,샤이니,spillover,13,31
4143,샤이니,spillover,14,25
4144,샤이니,spillover,15,27
4145,샤이니,spillover,16,43
4146,샤이니,spillover,17,32
4147,샤이니,spillover,18,9
4148,샤이니,spillover,19,10
4149,샤이니,spillover,20,17
4150,샤이니,spillover,21,9
4151,샤이니,spillover,22,9
4152,샤이니,spillover,23,28
4153,샤이니,spillover,24,26
4154,샤이니,spillover,25,17
4155,샤이니,spillover,26,17
4156,샤이니,spillover,27,20
4157,샤이니,spillover,28,17
4158,샤이니,spillover,29,12
4159,샤이니,spillover,30,19
4160,샤이니,spillover,31,26
4161,샤이니,spillover,32,13
4162,샤이니,spillover,33,23
4163,샤이니,spillover,34,12
4164,샤이니,spillover,35,12
4165,오마이걸,loyalty,0,11
4166,오마이걸,loyalty,1,13
4167,오마이걸,loyalty,2,8
4168,오마이걸,loyalty,3,11
4169,오마이걸,loyalty,4,17
4170,오마이걸,loyalty,5,10
4171,오마이걸,loyalty,6,18
4172,오마이걸,loyalty,7,18
4173,오마이걸,loyalty,8,20
4174,오마이걸,loyalty,9,18
4175,오마이걸,loyalty,10,22
4176,오마이걸,loyalty,11,36
4177,오마이걸,loyalty,12,17
4178,오마이걸,loyalty,13,23
4179,오마이걸,loyalty,14,26
4180,오마이걸,loyalty,15,28
4181,오마이걸,loyalty,16,16
4182,오마이걸,loyalty,17,34
4183,오마이걸,loyalty,18,14
4184,오마이걸,loyalty,19,10
4185,오마이걸,loyalty,20,15
4186,오마이걸,loyalty,21,17
4187,오마이걸,loyalty,22,9
4188,오마이걸,loyalty,23,14
4189,오마이걸,loyalty,24,11
4190,오마이걸,loyalty,25,9
4191,오마이걸,loyalty,26,9
4192,오마이걸,loyalty,27,14
4193,오마이걸,loyalty,28,9
4194,오마이걸,spillover,0,9
4195,오마이걸,spillover,1,14
4196,오마이걸,spillover,2,10
4197,오마이걸,spillover,3,9
4198,오마이걸,spillover,4,12
4199,오마이걸,spillover,5,11
4200,오마이걸,spillover,6,10
4201,오마이걸,spillover,7,22
4202,오마이걸,spillover,8,8
4203,오마이걸,spillover,9,15
4204,오마이걸,spillover,10,18
4205,오마이걸,spillover,11,14
4206,오마이걸,spillover,12,51
4207,오마이걸,spillover,13,17
4208,오마이걸,spillover,14,26
4209,오마이걸,spillover,15,25
4210,오마이걸,spillover,16,26
4211,오마이걸,spillover,17,16
4212,오마이걸,spillover,18,26
4213,오마이걸,spillover,19,35
4214,오마이걸,spillover,20,26
4215,오마이걸,spillover,21,34
4216,오마이걸,spillover,22,31
4217,오마이걸,spillover,23,32
4218,오마이걸,spillover,24,15
4219,오마이걸,spillover,25,9
4220,오마이걸,spillover,26,10
4221,오마이걸,spillover,27,6
4222,오마이걸,spillover,28,32
4223,오마이걸,spillover,29,25
4224,오마이걸,spillover,30,25
4225,오마이걸,spillover,31,21
4226,오마이걸,spillover,32,30
4227,오마이걸,spillover,33,21
4228,오마이걸,spillover,34,12
4229,오마이걸,spillover,35,18
4230,오마이걸,spillover,36,19
4231,오마이걸,spillover,37,26
4232,오마이걸,spillover,38,29
4233,오마이걸,spillover,39,26
4234,오마이걸,spillover,40,23
4235,오마이걸,spillover,41,18
4236,오마이걸,spillover,42,16
4237,오마이걸,spillover,43,23
4238,오마이걸,spillover,44,14
4239,오마이걸,spillover,45,17
4240,A-pink,loyalty,0,8
4241,A-pink,loyalty,1,8
4242,A-pink,loyalty,2,13
4243,A-pink,loyalty,3,14
4244,A-pink,loyalty,4,12
4245,A-pink,loyalty,5,8
4246,A-pink,loyalty,6,12
4247,A-pink,loyalty,7,13
4248,A-pink,loyalty,8,12
4249,A-pink,loyalty,9,15
4250,A-pink,loyalty,10,7
4251,A-pink,loyalty,11,19
4252,A-pink,loyalty,12,19
4253,A-pink,loyalty,13,8
4254,A-pink,loyalty,14,14
4255,A-pink,loyalty,15,21
4256,A-pink,loyalty,16,15
4257,A-pink,loyalty,17,33
4258,A-pink,loyalty,18,8
4259,A-pink,loyalty,19,8
4260,A-pink,loyalty,20,9
4261,A-pink,loyalty,21,8
4262,A-pink,loyalty,22,8
4263,A-pink,loyalty,23,6
4264,A-pink,loyalty,24,9
4265,A-pink,loyalty,25,10
4266,A-pink,loyalty,26,9
4267,A-pink,loyalty,27,7
4268,A-pink,loyalty,28,9
4269,A-pink,loyalty,29,17
4270,A-pink,loyalty,30,6
4271,A-pink,loyalty,31,12
4272,A-pink,spillover,0,13
4273,A-pink,spillover,1,13
4274,A-pink,spillover,2,13
4275,A-pink,spillover,3,7
4276,A-pink,spillover,4,5
4277,A-pink,spillover,5,10
4278,A-pink,spillover,6,21
4279,A-pink,spillover,7,11
4280,A-pink,spillover,8,25
4281,A-pink,spillover,9,13
4282,A-pink,spillover,10,15
4283,A-pink,spillover,11,20
4284,A-pink,spillover,12,23
4285,A-pink,spillover,13,16
4286,A-pink,spillover,14,29
4287,A-pink,spillover,15,17
4288,A-pink,spillover,16,13
4289,A-pink,spillover,17,24
4290,A-pink,spillover,18,30
4291,A-pink,spillover,19,33
4292,A-pink,spillover,20,26
4293,A-pink,spillover,21,30
4294,A-pink,spillover,22,13
4295,A-pink,spillover,23,10
4296,A-pink,spillover,24,9
4297,A-pink,spillover,25,10
4298,A-pink,spillover,26,37
4299,A-pink,spillover,27,15
4300,A-pink,spillover,28,23
4301,A-pink,spillover,29,20
4302,A-pink,spillover,30,21
4303,A-pink,spillover,31,20
4304,A-pink,spillover,32,7
4305,A-pink,spillover,33,9
4306,A-pink,spillover,34,7
4307,A-pink,spillover,35,21
4308,A-pink,spillover,36,15
4309,A-pink,spillover,37,17
4310,마마무,loyalty,0,4
4311,마마무,loyalty,1,7
4312,마마무,loyalty,2,8
4313,마마무,loyalty,3,20
4314,마마무,loyalty,4,8
4315,마마무,loyalty,5,16
4316,마마무,loyalty,6,8
4317,마마무,loyalty,7,6
4318,마마무,loyalty,8,9
4319,마마무,loyalty,9,11
4320,마마무,loyalty,10,16
4321,마마무,loyalty,11,8
4322,마마무,loyalty,12,27
4323,마마무,loyalty,13,17
4324,마마무,loyalty,14,26
4325,마마무,loyalty,15,20
4326,마마무,loyalty,16,14
4327,마마무,loyalty,17,17
4328,마마무,loyalty,18,16
4329,마마무,loyalty,19,13
4330,마마무,loyalty,20,7
4331,마마무,loyalty,21,6
4332,마마무,loyalty,22,20
4333,마마무,loyalty,23,20
4334,마마무,loyalty,24,13
4335,마마무,loyalty,25,12
4336,마마무,loyalty,26,13
4337,마마무,loyalty,27,10
4338,마마무,loyalty,28,9
4339,마마무,loyalty,29,10
4340,마마무,loyalty,30,9
4341,마마무,spillover,0,11
4342,마마무,spillover,1,10
4343,마마무,spillover,2,11
4344,마마무,spillover,3,11
4345,마마무,spillover,4,10
4346,마마무,spillover,5,16
4347,마마무,spillover,6,11
4348,마마무,spillover,7,20
4349,마마무,spillover,8,10
4350,마마무,spillover,9,16
4351,마마무,spillover,10,17
4352,마마무,spillover,11,19
4353,마마무,spillover,12,27
4354,마마무,spillover,13,26
4355,마마무,spillover,14,24
4356,마마무,spillover,15,12
4357,마마무,spillover,16,11
4358,마마무,spillover,17,12
4359,마마무,spillover,18,15
4360,마마무,spillover,19,7
4361,마마무,spillover,20,8
4362,마마무,spillover,21,34
4363,마마무,spillover,22,28
4364,마마무,spillover,23,17
4365,마마무,spillover,24,8
4366,마마무,spillover,25,4
4367,마마무,spillover,26,27
4368,마마무,spillover,27,15
4369,마마무,spillover,28,21
4370,마마무,spillover,29,20
4371,마마무,spillover,30,15
4372,마마무,spillover,31,14
4373,마마무,spillover,32,23
4374,마마무,spillover,33,15
4375,마마무,spillover,34,15
4376,마마무,spillover,35,18
4377,마마무,spillover,36,18
4378,마마무,spillover,37,16
4379,마마무,spillover,38,14
4380,마마무,spillover,39,14
4381,마마무,spillover,40,15
4382,마마무,spillover,41,23
4383,동방신기,loyalty,0,19
4384,동방신기,loyalty,1,12
4385,동방신기,loyalty,2,22
4386,동방신기,loyalty,3,20
4387,동방신기,loyalty,4,21
4388,동방신기,loyalty,5,15
4389,동방신기,loyalty,6,7
4390,동방신기,loyalty,7,10
4391,동방신기,loyalty,8,18
4392,동방신기,loyalty,9,19
4393,동방신기,loyalty,10,11
4394,동방신기,loyalty,11,7
4395,동방신기,loyalty,12,15
4396,동방신기,loyalty,13,15
4397,동방신기,loyalty,14,18
4398,동방신기,loyalty,15,27
4399,동방신기,loyalty,16,24
4400,동방신기,loyalty,17,16
4401,동방신기,loyalty,18,8
4402,동방신기,loyalty,19,12
4403,동방신기,loyalty,20,27
4404,동방신기,loyalty,21,29
4405,동방신기,loyalty,22,35
4406,동방신기,loyalty,23,6
4407,동방신기,loyalty,24,12
4408,동방신기,loyalty,25,8
4409,동방신기,spillover,0,22
4410,동방신기,spillover,1,22
4411,동방신기,spillover,2,14
4412,동방신기,spillover,3,16
4413,동방신기,spillover,4,14
4414,동방신기,spillover,5,17
4415,동방신기,spillover,6,13
4416,동방신기,spillover,7,19
4417,동방신기,spillover,8,12
4418,동방신기,spillover,9,9
4419,동방신기,spillover,10,11
4420,동방신기,spillover,11,8
4421,동방신기,spillover,12,17
4422,동방신기,spillover,13,16
4423,동방신기,spillover,14,12
4424,동방신기,spillover,15,25
4425,동방신기,spillover,16,22
4426,동방신기,spillover,17,25
4427,동방신기,spillover,18,11
4428,동방신기,spillover,19,9
4429,동방신기,spillover,20,17
4430,동방신기,spillover,21,19
4431,동방신기,spillover,22,20
4432,동방신기,spillover,23,12
4433,동방신기,spillover,24,9
4434,동방신기,spillover,25,10
4435,동방신기,spillover,26,8
4436,동방신기,spillover,27,8
4437,동방신기,spillover,28,9
4438,동방신기,spillover,29,10
4439,동방신기,spillover,30,29
4440,동방신기,spillover,31,12
4441,동방신기,spillover,32,7
4442,동방신기,spillover,33,20
4443,동방신기,spillover,34,15
4444,동방신기,spillover,35,31
4445,동방신기,spillover,36,22
4446,동방신기,spillover,37,25
4447,동방신기,spillover,38,18
4448,동방신기,spillover,39,20
4449,동방신기,spillover,40,17
4450,동방신기,spillover,41,13
4451,동방신기,spillover,42,23
4452,동방신기,spillover,43,10
4453,로이킴,loyalty,0,14
4454,로이킴,loyalty,1,15
4455,로이킴,loyalty,2,14
4456,로이킴,loyalty,3,3
4457,로이킴,loyalty,4,10
4458,로이킴,loyalty,5,12
4459,로이킴,loyalty,6,7
4460,로이킴,loyalty,7,8
4461,로이킴,loyalty,8,13
4462,로이킴,loyalty,9,9
4463,로이킴,loyalty,10,8
4464,로이킴,loyalty,11,17
4465,로이킴,loyalty,12,6
4466,로이킴,loyalty,13,12
4467,로이킴,loyalty,14,22
4468,로이킴,loyalty,15,29
4469,로이킴,loyalty,16,14
4470,로이킴,loyalty,17,6
4471,로이킴,loyalty,18,9
4472,로이킴,loyalty,19,8
4473,로이킴,loyalty,20,24
4474,로이킴,loyalty,21,23
4475,로이킴,loyalty,22,25
4476,로이킴,loyalty,23,21
4477,로이킴,loyalty,24,13
4478,로이킴,loyalty,25,13
4479,로이킴,loyalty,26,9
4480,로이킴,spillover,0,10
4481,로이킴,spillover,1,15
4482,로이킴,spillover,2,16
4483,로이킴,spillover,3,9
4484,로이킴,spillover,4,13
4485,로이킴,spillover,5,13
4486,로이킴,spillover,6,12
4487,로이킴,spillover,7,5
4488,로이킴,spillover,8,7
4489,로이킴,spillover,9,5
4490,로이킴,spillover,10,5
4491,로이킴,spillover,11,11
4492,로이킴,spillover,12,18
4493,로이킴,spillover,13,22
4494,로이킴,spillover,14,16
4495,로이킴,spillover,15,14
4496,로이킴,spillover,16,29
4497,로이킴,spillover,17,19
4498,로이킴,spillover,18,17
4499,로이킴,spillover,19,16
4500,로이킴,spillover,20,31
4501,로이킴,spillover,21,15
4502,로이킴,spillover,22,5
4503,로이킴,spillover,23,14
4504,로이킴,spillover,24,16
4505,로이킴,spillover,25,12
4506,로이킴,spillover,26,17
4507,로이킴,spillover,27,12
4508,로이킴,spillover,28,38
4509,로이킴,spillover,29,14
4510,로이킴,spillover,30,16
4511,로이킴,spillover,31,11
4512,로이킴,spillover,32,12
4513,로이킴,spillover,33,8
4514,로이킴,spillover,34,4
4515,로이킴,spillover,35,17
4516,로이킴,spillover,36,17
4517,로이킴,spillover,37,9
4518,로이킴,spillover,38,17
4519,로이킴,spillover,39,12
4520,로이킴,spillover,40,8
4521,로이킴,spillover,41,21
4522,로이킴,spillover,42,14
4523,로이킴,spillover,43,18
4524,로이킴,spillover,44,15
4525,로이킴,spillover,45,35
4526,로이킴,spillover,46,13
4527,Hearts2Hearts,loyalty,0,25
4528,Hearts2Hearts,loyalty,1,19
4529,Hearts2Hearts,loyalty,2,20
4530,Hearts2Hearts,loyalty,3,17
4531,Hearts2Hearts,loyalty,4,9
4532,Hearts2Hearts,loyalty,5,16
4533,Hearts2Hearts,loyalty,6,15
4534,Hearts2Hearts,loyalty,7,14
4535,Hearts2Hearts,loyalty,8,14
4536,Hearts2Hearts,loyalty,9,9
4537,Hearts2Hearts,loyalty,10,11
4538,Hearts2Hearts,loyalty,11,16
4539,Hearts2Hearts,loyalty,12,21
4540,Hearts2Hearts,loyalty,13,17
4541,Hearts2Hearts,loyalty,14,19
4542,Hearts2Hearts,loyalty,15,14
4543,Hearts2Hearts,loyalty,16,11
4544,Hearts2Hearts,loyalty,17,9
4545,Hearts2Hearts,loyalty,18,17
4546,Hearts2Hearts,loyalty,19,22
4547,Hearts2Hearts,spillover,0,29
4548,Hearts2Hearts,spillover,1,23
4549,Hearts2Hearts,spillover,2,12
4550,Hearts2Hearts,spillover,3,23
4551,Hearts2Hearts,spillover,4,16
4552,Hearts2Hearts,spillover,5,11
4553,Hearts2Hearts,spillover,6,13
4554,Hearts2Hearts,spillover,7,15
4555,Hearts2Hearts,spillover,8,6
4556,Hearts2Hearts,spillover,9,16
4557,Hearts2Hearts,spillover,10,18
4558,Hearts2Hearts,spillover,11,14
4559,Hearts2Hearts,spillover,12,5
4560,Hearts2Hearts,spillover,13,11
4561,Hearts2Hearts,spillover,14,13
4562,Hearts2Hearts,spillover,15,9
4563,Hearts2Hearts,spillover,16,29
4564,Hearts2Hearts,spillover,17,21
4565,Hearts2Hearts,spillover,18,11
4566,Hearts2Hearts,spillover,19,7
4567,Hearts2Hearts,spillover,20,22
4568,Hearts2Hearts,spillover,21,35
4569,Hearts2Hearts,spillover,22,21
4570,Hearts2Hearts,spillover,23,18
4571,Hearts2Hearts,spillover,24,16
4572,Hearts2Hearts,spillover,25,7
4573,Hearts2Hearts,spillover,26,15
4574,Hearts2Hearts,spillover,27,17
4575,Hearts2Hearts,spillover,28,15
4576,Hearts2Hearts,spillover,29,11
4577,Hearts2Hearts,spillover,30,23
4578,Hearts2Hearts,spillover,31,21
4579,Hearts2Hearts,spillover,32,33
4580,Hearts2Hearts,spillover,33,24
4581,Hearts2Hearts,spillover,34,11
4582,Hearts2Hearts,spillover,35,5
4583,Hearts2Hearts,spillover,36,5
4584,Hearts2Hearts,spillover,37,17
4585,Hearts2Hearts,spillover,38,34
4586,Hearts2Hearts,spillover,39,25
4587,Hearts2Hearts,spillover,40,12
4588,Hearts2Hearts,spillover,41,24
4589,Hearts2Hearts,spillover,42,16
4590,Hearts2Hearts,spillover,43,21
4591,Hearts2Hearts,spillover,44,15
4592,Hearts2Hearts,spillover,45,18
4593,Hearts2Hearts,spillover,46,16
4594,Hearts2Hearts,spillover,47,18
4595,Hearts2Hearts,spillover,48,13
4596,Hearts2Hearts,spillover,49,14
4597,권은비,loyalty,0,14
4598,권은비,loyalty,1,13
4599,권은비,loyalty,2,18
4600,권은비,loyalty,3,20
4601,권은비,loyalty,4,21
4602,권은비,loyalty,5,16
4603,권은비,loyalty,6,4
4604,권은비,loyalty,7,14
4605,권은비,loyalty,8,9
4606,권은비,loyalty,9,9
4607,권은비,loyalty,10,18
4608,권은비,loyalty,11,10
4609,권은비,loyalty,12,15
4610,권은비,loyalty,13,31
4611,권은비,loyalty,14,16
4612,권은비,loyalty,15,11
4613,권은비,loyalty,16,16
4614,권은비,loyalty,17,28
4615,권은비,loyalty,18,5
4616,권은비,loyalty,19,12
4617,권은비,loyalty,20,5
4618,권은비,spillover,0,21
4619,권은비,spillover,1,13
4620,권은비,spillover,2,11
4621,권은비,spillover,3,22
4622,권은비,spillover,4,12
4623,권은비,spillover,5,14
4624,권은비,spillover,6,9
4625,권은비,spillover,7,8
4626,권은비,spillover,8,10
4627,권은비,spillover,9,11
4628,권은비,spillover,10,8
4629,권은비,spillover,11,17
4630,권은비,spillover,12,18
4631,권은비,spillover,13,16
4632,권은비,spillover,14,43
4633,권은비,spillover,15,9
4634,권은비,spillover,16,6
4635,권은비,spillover,17,17
4636,권은비,spillover,18,10
4637,권은비,spillover,19,17
4638,권은비,spillover,20,16
4639,권은비,spillover,21,27
4640,권은비,spillover,22,17
4641,권은비,spillover,23,18
4642,권은비,spillover,24,12
4643,권은비,spillover,25,16
4644,권은비,spillover,26,20
4645,권은비,spillover,27,20
4646,권은비,spillover,28,11
4647,권은비,spillover,29,8
4648,권은비,spillover,30,8
4649,권은비,spillover,31,5
4650,권은비,spillover,32,6
4651,권은비,spillover,33,12
4652,권은비,spillover,34,13
4653,권은비,spillover,35,13
4654,권은비,spillover,36,30
4655,권은비,spillover,37,11
4656,권은비,spillover,38,11
4657,권은비,spillover,39,15
4658,권은비,spillover,40,12
4659,권은비,spillover,41,13
4660,권은비,spillover,42,10
4661,권은비,spillover,43,14
4662,권은비,spillover,44,13
4663,권은비,spillover,45,25
4664,권은비,spillover,46,18
4665,권은비,spillover,47,15
4666,권은비,spillover,48,16
4667,권은비,spillover,49,22
4668,권은비,spillover,50,16
4669,권은비,spillover,51,23
4670,권은비,spillover,52,26
4671,권은비,spillover,53,21
4672,권은비,spillover,54,25
4673,권은비,spillover,55,19
4674,권은비,spillover,56,26
4675,권은비,spillover,57,12
4676,권은비,spillover,58,14
4677,권은비,spillover,59,14
4678,권은비,spillover,60,15
4679,성시경,loyalty,0,15
4680,성시경,loyalty,1,18
4681,성시경,loyalty,2,16
4682,성시경,loyalty,3,10
4683,성시경,loyalty,4,17
4684,성시경,loyalty,5,21
4685,성시경,loyalty,6,23
4686,성시경,loyalty,7,20
4687,성시경,loyalty,8,10
4688,성시경,loyalty,9,9
4689,성시경,loyalty,10,10
4690,성시경,loyalty,11,9
4691,성시경,loyalty,12,10
4692,성시경,loyalty,13,7
4693,성시경,loyalty,14,6
4694,성시경,loyalty,15,12
4695,성시경,loyalty,16,22
4696,성시경,loyalty,17,22
4697,성시경,loyalty,18,23
4698,성시경,loyalty,19,26
4699,성시경,loyalty,20,17
4700,성시경,loyalty,21,28
4701,성시경,loyalty,22,21
4702,성시경,loyalty,23,28
4703,성시경,loyalty,24,20
4704,성시경,loyalty,25,21
4705,성시경,loyalty,26,12
4706,성시경,loyalty,27,18
4707,성시경,loyalty,28,21
4708,성시경,loyalty,29,6
4709,성시경,loyalty,30,21
4710,성시경,spillover,0,14
4711,성시경,spillover,1,17
4712,성시경,spillover,2,18
4713,성시경,spillover,3,8
4714,성시경,spillover,4,16
4715,성시경,spillover,5,13
4716,성시경,spillover,6,12
4717,성시경,spillover,7,5
4718,성시경,spillover,8,13
4719,성시경,spillover,9,11
4720,성시경,spillover,10,12
4721,성시경,spillover,11,8
4722,성시경,spillover,12,5
4723,성시경,spillover,13,12
4724,성시경,spillover,14,29
4725,성시경,spillover,15,19
4726,성시경,spillover,16,20
4727,성시경,spillover,17,12
4728,성시경,spillover,18,18
4729,성시경,spillover,19,15
4730,성시경,spillover,20,16
4731,성시경,spillover,21,8
4732,성시경,spillover,22,14
4733,성시경,spillover,23,9
4734,성시경,spillover,24,22
4735,성시경,spillover,25,19
4736,성시경,spillover,26,13
4737,성시경,spillover,27,7
4738,성시경,spillover,28,14
4739,성시경,spillover,29,12
4740,성시경,spillover,30,15
4741,성시경,spillover,31,19
4742,성시경,spillover,32,22
4743,성시경,spillover,33,22
4744,성시경,spillover,34,24
4745,성시경,spillover,35,29
4746,성시경,spillover,36,18
4747,성시경,spillover,37,19
4748,성시경,spillover,38,23
4749,성시경,spillover,39,19
4750,슈퍼주니어,loyalty,0,15
4751,슈퍼주니어,loyalty,1,9
4752,슈퍼주니어,loyalty,2,20
4753,슈퍼주니어,loyalty,3,12
4754,슈퍼주니어,loyalty,4,8
4755,슈퍼주니어,loyalty,5,12
4756,슈퍼주니어,loyalty,6,16
4757,슈퍼주니어,loyalty,7,14
4758,슈퍼주니어,loyalty,8,13
4759,슈퍼주니어,loyalty,9,20
4760,슈퍼주니어,loyalty,10,14
4761,슈퍼주니어,loyalty,11,12
4762,슈퍼주니어,loyalty,12,40
4763,슈퍼주니어,loyalty,13,38
4764,슈퍼주니어,loyalty,14,10
4765,슈퍼주니어,loyalty,15,47
4766,슈퍼주니어,loyalty,16,10
4767,슈퍼주니어,loyalty,17,11
4768,슈퍼주니어,loyalty,18,19
4769,슈퍼주니어,loyalty,19,26
4770,슈퍼주니어,loyalty,20,11
4771,슈퍼주니어,loyalty,21,7
4772,슈퍼주니어,loyalty,22,10
4773,슈퍼주니어,loyalty,23,6
4774,슈퍼주니어,spillover,0,19
4775,슈퍼주니어,spillover,1,22
4776,슈퍼주니어,spillover,2,10
4777,슈퍼주니어,spillover,3,9
4778,슈퍼주니어,spillover,4,15
4779,슈퍼주니어,spillover,5,11
4780,슈퍼주니어,spillover,6,17
4781,슈퍼주니어,spillover,7,16
4782,슈퍼주니어,spillover,8,11
4783,슈퍼주니어,spillover,9,13
4784,슈퍼주니어,spillover,10,8
4785,슈퍼주니어,spillover,11,11
4786,슈퍼주니어,spillover,12,13
4787,슈퍼주니어,spillover,13,44
4788,슈퍼주니어,spillover,14,16
4789,슈퍼주니어,spillover,15,7
4790,슈퍼주니어,spillover,16,6
4791,슈퍼주니어,spillover,17,16
4792,슈퍼주니어,spillover,18,8
4793,슈퍼주니어,spillover,19,9
4794,슈퍼주니어,spillover,20,10
4795,슈퍼주니어,spillover,21,24
4796,슈퍼주니어,spillover,22,14
4797,슈퍼주니어,spillover,23,8
4798,슈퍼주니어,spillover,24,40
4799,슈퍼주니어,spillover,25,36
4800,슈퍼주니어,spillover,26,39
4801,슈퍼주니어,spillover,27,40
4802,슈퍼주니어,spillover,28,42
4803,슈퍼주니어,spillover,29,41
4804,슈퍼주니어,spillover,30,9
4805,슈퍼주니어,spillover,31,9
4806,슈퍼주니어,spillover,32,15
4807,슈퍼주니어,spillover,33,18
4808,슈퍼주니어,spillover,34,21
4809,슈퍼주니어,spillover,35,13
4810,슈퍼주니어,spillover,36,9
4811,슈퍼주니어,spillover,37,15
4812,츄,loyalty,0,16
4813,츄,loyalty,1,8
4814,츄,loyalty,2,16
4815,츄,loyalty,3,21
4816,츄,loyalty,4,24
4817,츄,loyalty,5,14
4818,츄,loyalty,6,8
4819,츄,loyalty,7,11
4820,츄,loyalty,8,9
4821,츄,loyalty,9,13
4822,츄,loyalty,10,15
4823,츄,loyalty,11,16
4824,츄,loyalty,12,25
4825,츄,loyalty,13,11
4826,츄,loyalty,14,29
4827,츄,loyalty,15,13
4828,츄,loyalty,16,25
4829,츄,loyalty,17,45
4830,츄,loyalty,18,19
4831,츄,loyalty,19,21
4832,츄,loyalty,20,15
4833,츄,loyalty,21,10
4834,츄,loyalty,22,16
4835,츄,loyalty,23,7
4836,츄,loyalty,24,7
4837,츄,loyalty,25,7
4838,츄,loyalty,26,12
4839,츄,loyalty,27,11
4840,츄,loyalty,28,11
4841,츄,loyalty,29,7
4842,츄,spillover,0,19
4843,츄,spillover,1,9
4844,츄,spillover,2,26
4845,츄,spillover,3,19
4846,츄,spillover,4,10
4847,츄,spillover,5,15
4848,츄,spillover,6,9
4849,츄,spillover,7,5
4850,츄,spillover,8,6
4851,츄,spillover,9,8
4852,츄,spillover,10,7
4853,츄,spillover,11,6
4854,츄,spillover,12,19
4855,츄,spillover,13,16
4856,츄,spillover,14,22
4857,츄,spillover,15,13
4858,츄,spillover,16,8
4859,츄,spillover,17,19
4860,츄,spillover,18,7
4861,츄,spillover,19,35
4862,츄,spillover,20,24
4863,츄,spillover,21,14
4864,츄,spillover,22,14
4865,츄,spillover,23,11
4866,츄,spillover,24,8
4867,츄,spillover,25,11
4868,츄,spillover,26,11
4869,츄,spillover,27,7
4870,츄,spillover,28,10
4871,츄,spillover,29,27
4872,츄,spillover,30,16
4873,츄,spillover,31,15
4874,츄,spillover,32,20
4875,츄,spillover,33,24
4876,츄,spillover,34,26
4877,츄,spillover,35,13
4878,츄,spillover,36,20
4879,츄,spillover,37,16
4880,츄,spillover,38,12
4881,츄,spillover,39,17
4882,츄,spillover,40,12
4883,츄,spillover,41,12
4884,Crush,loyalty,0,16
4885,Crush,loyalty,1,10
4886,Crush,loyalty,2,12
4887,Crush,loyalty,3,22
4888,Crush,loyalty,4,23
4889,Crush,loyalty,5,12
4890,Crush,loyalty,6,10
4891,Crush,loyalty,7,12
4892,Crush,loyalty,8,9
4893,Crush,loyalty,9,15
4894,Crush,loyalty,10,6
4895,Crush,loyalty,11,13
4896,Crush,loyalty,12,14
4897,Crush,loyalty,13,6
4898,Crush,loyalty,14,19
4899,Crush,loyalty,15,32
4900,Crush,loyalty,16,22
4901,Crush,loyalty,17,17
4902,Crush,loyalty,18,13
4903,Crush,loyalty,19,20
4904,Crush,loyalty,20,12
4905,Crush,loyalty,21,20
4906,Crush,loyalty,22,10
4907,Crush,loyalty,23,9
4908,Crush,loyalty,24,10
4909,Crush,loyalty,25,10
4910,Crush,loyalty,26,7
4911,Crush,loyalty,27,8
4912,Crush,loyalty,28,5
4913,Crush,loyalty,29,8
4914,Crush,loyalty,30,7
4915,Crush,loyalty,31,8
4916,Crush,spillover,0,13
4917,Crush,spillover,1,9
4918,Crush,spillover,2,17
4919,Crush,spillover,3,17
4920,Crush,spillover,4,9
4921,Crush,spillover,5,21
4922,Crush,spillover,6,19
4923,Crush,spillover,7,11
4924,Crush,spillover,8,10
4925,Crush,spillover,9,13
4926,Crush,spillover,10,13
4927,Crush,spillover,11,9
4928,Crush,spillover,12,11
4929,Crush,spillover,13,9
4930,Crush,spillover,14,22
4931,Crush,spillover,15,6
4932,Crush,spillover,16,22
4933,Crush,spillover,17,18
4934,Crush,spillover,18,26
4935,Crush,spillover,19,20
4936,Crush,spillover,20,22
4937,Crush,spillover,21,32
4938,Crush,spillover,22,13
4939,Crush,spillover,23,16
4940,Crush,spillover,24,13
4941,Crush,spillover,25,11
4942,Crush,spillover,26,12
4943,Crush,spillover,27,6
4944,Crush,spillover,28,13
4945,Crush,spillover,29,20
4946,Crush,spillover,30,32
4947,Crush,spillover,31,26
4948,Crush,spillover,32,25
4949,Crush,spillover,33,19
4950,Crush,spillover,34,13
4951,Crush,spillover,35,10
4952,Crush,spillover,36,10
4953,Crush,spillover,37,11
4954,Crush,spillover,38,9
4955,Crush,spillover,39,7
4956,Crush,spillover,40,12
4957,Crush,spillover,41,19
4958,Crush,spillover,42,11
4959,Crush,spillover,43,20
4960,Crush,spillover,44,15
4961,Crush,spillover,45,10
4962,Crush,spillover,46,9
4963,Crush,spillover,47,19
4964,Crush,spillover,48,16
4965,Crush,spillover,49,20
4966,Crush,spillover,50,20
4967,QWER,loyalty,0,14
4968,QWER,loyalty,1,15
4969,QWER,loyalty,2,11
4970,QWER,loyalty,3,11
4971,QWER,loyalty,4,21
4972,QWER,loyalty,5,17
4973,QWER,loyalty,6,9
4974,QWER,loyalty,7,7
4975,QWER,loyalty,8,11
4976,QWER,loyalty,9,7
4977,QWER,loyalty,10,16
4978,QWER,loyalty,11,25
4979,QWER,loyalty,12,13
4980,QWER,loyalty,13,10
4981,QWER,loyalty,14,14
4982,QWER,loyalty,15,29
4983,QWER,loyalty,16,27
4984,QWER,loyalty,17,17
4985,QWER,loyalty,18,25
4986,QWER,loyalty,19,17
4987,QWER,loyalty,20,20
4988,QWER,loyalty,21,23
4989,QWER,loyalty,22,16
4990,QWER,loyalty,23,13
4991,QWER,loyalty,24,10
4992,QWER,loyalty,25,9
4993,QWER,loyalty,26,8
4994,QWER,loyalty,27,12
4995,QWER,loyalty,28,10
4996,QWER,loyalty,29,10
4997,QWER,spillover,0,14
4998,QWER,spillover,1,12
4999,QWER,spillover,2,18
5000,QWER,spillover,3,7
5001,QWER,spillover,4,7
5002,QWER,spillover,5,5
5003,QWER,spillover,6,25
5004,QWER,spillover,7,5
5005,QWER,spillover,8,7
5006,QWER,spillover,9,27
5007,QWER,spillover,10,11
5008,QWER,spillover,11,14
5009,QWER,spillover,12,9
5010,QWER,spillover,13,10
5011,QWER,spillover,14,18
5012,QWER,spillover,15,32
5013,QWER,spillover,16,27
5014,QWER,spillover,17,26
5015,QWER,spillover,18,23
5016,QWER,spillover,19,25
5017,QWER,spillover,20,22
5018,QWER,spillover,21,15
5019,QWER,spillover,22,38
5020,QWER,spillover,23,23
5021,QWER,spillover,24,26
5022,QWER,spillover,25,11
5023,QWER,spillover,26,16
5024,QWER,spillover,27,9
5025,QWER,spillover,28,10
5026,QWER,spillover,29,35
5027,QWER,spillover,30,29
5028,QWER,spillover,31,25
5029,QWER,spillover,32,12
5030,QWER,spillover,33,22
5031,QWER,spillover,34,17
5032,QWER,spillover,35,14
5033,QWER,spillover,36,12
5034,QWER,spillover,37,13
5035,QWER,spillover,38,14
5036,여자친구,loyalty,0,6
5037,여자친구,loyalty,1,6
5038,여자친구,loyalty,2,8
5039,여자친구,loyalty,3,14
5040,여자친구,loyalty,4,9
5041,여자친구,loyalty,5,9
5042,여자친구,loyalty,6,10
5043,여자친구,loyalty,7,13
5044,여자친구,loyalty,8,9
5045,여자친구,loyalty,9,19
5046,여자친구,loyalty,10,7
5047,여자친구,loyalty,11,15
5048,여자친구,loyalty,12,16
5049,여자친구,loyalty,13,20
5050,여자친구,loyalty,14,34
5051,여자친구,loyalty,15,23
5052,여자친구,loyalty,16,13
5053,여자친구,loyalty,17,17
5054,여자친구,loyalty,18,18
5055,여자친구,loyalty,19,26
5056,여자친구,loyalty,20,17
5057,여자친구,loyalty,21,12
5058,여자친구,loyalty,22,11
5059,여자친구,loyalty,23,12
5060,여자친구,loyalty,24,25
5061,여자친구,loyalty,25,8
5062,여자친구,loyalty,26,11
5063,여자친구,loyalty,27,7
5064,여자친구,loyalty,28,8
5065,여자친구,loyalty,29,7
5066,여자친구,loyalty,30,8
5067,여자친구,loyalty,31,11
5068,여자친구,loyalty,32,8
5069,여자친구,loyalty,33,8
5070,여자친구,loyalty,34,9
5071,여자친구,loyalty,35,9
5072,여자친구,loyalty,36,11
5073,여자친구,spillover,0,10
5074,여자친구,spillover,1,20
5075,여자친구,spillover,2,22
5076,여자친구,spillover,3,7
5077,여자친구,spillover,4,22
5078,여자친구,spillover,5,13
5079,여자친구,spillover,6,15
5080,여자친구,spillover,7,17
5081,여자친구,spillover,8,17
5082,여자친구,spillover,9,15
5083,여자친구,spillover,10,14
5084,여자친구,spillover,11,15
5085,여자친구,spillover,12,22
5086,여자친구,spillover,13,20
5087,여자친구,spillover,14,22
5088,여자친구,spillover,15,20
5089,여자친구,spillover,16,17
5090,여자친구,spillover,17,12
5091,여자친구,spillover,18,36
5092,여자친구,spillover,19,25
5093,여자친구,spillover,20,7
5094,여자친구,spillover,21,4
5095,여자친구,spillover,22,4
5096,여자친구,spillover,23,5
5097,여자친구,spillover,24,29
5098,여자친구,spillover,25,41
5099,여자친구,spillover,26,25
5100,여자친구,spillover,27,22
5101,여자친구,spillover,28,16
5102,여자친구,spillover,29,25
5103,여자친구,spillover,30,19
5104,여자친구,spillover,31,22
5105,여자친구,spillover,32,15
5106,ITZY,loyalty,0,8
5107,ITZY,loyalty,1,7
5108,ITZY,loyalty,2,12
5109,ITZY,loyalty,3,12
5110,ITZY,loyalty,4,10
5111,ITZY,loyalty,5,9
5112,ITZY,loyalty,6,7
5113,ITZY,loyalty,7,9
5114,ITZY,loyalty,8,7
5115,ITZY,loyalty,9,8
5116,ITZY,loyalty,10,24
5117,ITZY,loyalty,11,21
5118,ITZY,loyalty,12,11
5119,ITZY,loyalty,13,28
5120,ITZY,loyalty,14,26
5121,ITZY,loyalty,15,18
5122,ITZY,loyalty,16,13
5123,ITZY,loyalty,17,28
5124,ITZY,loyalty,18,22
5125,ITZY,loyalty,19,11
5126,ITZY,loyalty,20,17
5127,ITZY,loyalty,21,32
5128,ITZY,loyalty,22,7
5129,ITZY,loyalty,23,7
5130,ITZY,loyalty,24,13
5131,ITZY,loyalty,25,24
5132,ITZY,loyalty,26,18
5133,ITZY,loyalty,27,14
5134,ITZY,loyalty,28,10
5135,ITZY,loyalty,29,8
5136,ITZY,loyalty,30,7
5137,ITZY,spillover,0,10
5138,ITZY,spillover,1,10
5139,ITZY,spillover,2,12
5140,ITZY,spillover,3,10
5141,ITZY,spillover,4,9
5142,ITZY,spillover,5,13
5143,ITZY,spillover,6,5
5144,ITZY,spillover,7,5
5145,ITZY,spillover,8,7
5146,ITZY,spillover,9,13
5147,ITZY,spillover,10,27
5148,ITZY,spillover,11,25
5149,ITZY,spillover,12,24
5150,ITZY,spillover,13,12
5151,ITZY,spillover,14,8
5152,ITZY,spillover,15,9
5153,ITZY,spillover,16,12
5154,ITZY,spillover,17,13
5155,ITZY,spillover,18,8
5156,ITZY,spillover,19,8
5157,ITZY,spillover,20,7
5158,ITZY,spillover,21,6
5159,ITZY,spillover,22,15
5160,ITZY,spillover,23,14
5161,ITZY,spillover,24,17
5162,ITZY,spillover,25,49
5163,ITZY,spillover,26,58
5164,ITZY,spillover,27,24
5165,ITZY,spillover,28,9
5166,ITZY,spillover,29,12
5167,ITZY,spillover,30,7
5168,ITZY,spillover,31,28
5169,ITZY,spillover,32,17
5170,ITZY,spillover,33,17
5171,ITZY,spillover,34,12
5172,ITZY,spillover,35,11
5173,ITZY,spillover,36,9
5174,ITZY,spillover,37,43
5175,ITZY,spillover,38,22
5176,ITZY,spillover,39,31
5177,ITZY,spillover,40,26
5178,ITZY,spillover,41,22
5179,ITZY,spillover,42,18
5180,ITZY,spillover,43,22
5181,ITZY,spillover,44,6
5182,나훈아,loyalty,0,10
5183,나훈아,loyalty,1,14
5184,나훈아,loyalty,2,18
5185,나훈아,loyalty,3,13
5186,나훈아,loyalty,4,14
5187,나훈아,loyalty,5,16
5188,나훈아,loyalty,6,22
5189,나훈아,loyalty,7,19
5190,나훈아,loyalty,8,10
5191,나훈아,loyalty,9,8
5192,나훈아,loyalty,10,10
5193,나훈아,loyalty,11,11
5194,나훈아,loyalty,12,12
5195,나훈아,loyalty,13,8
5196,나훈아,loyalty,14,9
5197,나훈아,loyalty,15,15
5198,나훈아,loyalty,16,5
5199,나훈아,loyalty,17,4
5200,나훈아,loyalty,18,6
5201,나훈아,loyalty,19,12
5202,나훈아,loyalty,20,19
5203,나훈아,loyalty,21,14
5204,나훈아,loyalty,22,13
5205,나훈아,loyalty,23,24
5206,나훈아,loyalty,24,20
5207,나훈아,loyalty,25,33
5208,나훈아,loyalty,26,10
5209,나훈아,spillover,0,24
5210,나훈아,spillover,1,17
5211,나훈아,spillover,2,16
5212,나훈아,spillover,3,16
5213,나훈아,spillover,4,6
5214,나훈아,spillover,5,6
5215,나훈아,spillover,6,12
5216,나훈아,spillover,7,11
5217,나훈아,spillover,8,7
5218,나훈아,spillover,9,12
5219,나훈아,spillover,10,10
5220,나훈아,spillover,11,20
5221,나훈아,spillover,12,13
5222,나훈아,spillover,13,16
5223,나훈아,spillover,14,12
5224,나훈아,spillover,15,21
5225,나훈아,spillover,16,26
5226,나훈아,spillover,17,43
5227,나훈아,spillover,18,19
5228,나훈아,spillover,19,12
5229,나훈아,spillover,20,9
5230,나훈아,spillover,21,10
5231,나훈아,spillover,22,30
5232,나훈아,spillover,23,6
5233,나훈아,spillover,24,10
5234,나훈아,spillover,25,20
5235,나훈아,spillover,26,19
5236,나훈아,spillover,27,13
5237,나훈아,spillover,28,16
5238,나훈아,spillover,29,17
5239,나훈아,spillover,30,18
5240,나훈아,spillover,31,15
5241,STAYC,loyalty,0,9
5242,STAYC,loyalty,1,13
5243,STAYC,loyalty,2,6
5244,STAYC,loyalty,3,5
5245,STAYC,loyalty,4,8
5246,STAYC,loyalty,5,15
5247,STAYC,loyalty,6,11
5248,STAYC,loyalty,7,7
5249,STAYC,loyalty,8,9
5250,STAYC,loyalty,9,17
5251,STAYC,loyalty,10,19
5252,STAYC,loyalty,11,9
5253,STAYC,loyalty,12,17
5254,STAYC,loyalty,13,11
5255,STAYC,loyalty,14,19
5256,STAYC,loyalty,15,33
5257,STAYC,loyalty,16,17
5258,STAYC,loyalty,17,29
5259,STAYC,loyalty,18,23
5260,STAYC,loyalty,19,9
5261,STAYC,loyalty,20,7
5262,STAYC,loyalty,21,30
5263,STAYC,loyalty,22,8
5264,STAYC,loyalty,23,10
5265,STAYC,loyalty,24,13
5266,STAYC,loyalty,25,9
5267,STAYC,loyalty,26,14
5268,STAYC,loyalty,27,10
5269,STAYC,loyalty,28,8
5270,STAYC,loyalty,29,6
5271,STAYC,loyalty,30,11
5272,STAYC,loyalty,31,9
5273,STAYC,loyalty,32,9
5274,STAYC,loyalty,33,22
5275,STAYC,spillover,0,11
5276,STAYC,spillover,1,8
5277,STAYC,spillover,2,12
5278,STAYC,spillover,3,14
5279,STAYC,spillover,4,9
5280,STAYC,spillover,5,10
5281,STAYC,spillover,6,11
5282,STAYC,spillover,7,10
5283,STAYC,spillover,8,13
5284,STAYC,spillover,9,13
5285,STAYC,spillover,10,14
5286,STAYC,spillover,11,15
5287,STAYC,spillover,12,18
5288,STAYC,spillover,13,21
5289,STAYC,spillover,14,32
5290,STAYC,spillover,15,29
5291,STAYC,spillover,16,30
5292,STAYC,spillover,17,12
5293,STAYC,spillover,18,16
5294,STAYC,spillover,19,18
5295,STAYC,spillover,20,30
5296,STAYC,spillover,21,25
5297,STAYC,spillover,22,28
5298,STAYC,spillover,23,28
5299,STAYC,spillover,24,10
5300,STAYC,spillover,25,5
5301,STAYC,spillover,26,5
5302,STAYC,spillover,27,5
5303,STAYC,spillover,28,4
5304,STAYC,spillover,29,14
5305,STAYC,spillover,30,15
5306,STAYC,spillover,31,30
5307,STAYC,spillover,32,14
5308,STAYC,spillover,33,29
5309,STAYC,spillover,34,28
5310,STAYC,spillover,35,26
5311,STAYC,spillover,36,19
5312,STAYC,spillover,37,23
5313,STAYC,spillover,38,21
5314,다비치,loyalty,0,11
5315,다비치,loyalty,1,13
5316,다비치,loyalty,2,11
5317,다비치,loyalty,3,13
5318,다비치,loyalty,4,11
5319,다비치,loyalty,5,9
5320,다비치,loyalty,6,12
5321,다비치,loyalty,7,13
5322,다비치,loyalty,8,9
5323,다비치,loyalty,9,9
5324,다비치,loyalty,10,6
5325,다비치,loyalty,11,15
5326,다비치,loyalty,12,10
5327,다비치,loyalty,13,11
5328,다비치,loyalty,14,9
5329,다비치,loyalty,15,8
5330,다비치,loyalty,16,6
5331,다비치,loyalty,17,15
5332,다비치,loyalty,18,26
5333,다비치,loyalty,19,30
5334,다비치,loyalty,20,21
5335,다비치,loyalty,21,10
5336,다비치,loyalty,22,12
5337,다비치,loyalty,23,15
5338,다비치,loyalty,24,9
5339,다비치,loyalty,25,9
5340,다비치,spillover,0,13
5341,다비치,spillover,1,14
5342,다비치,spillover,2,9
5343,다비치,spillover,3,6
5344,다비치,spillover,4,18
5345,다비치,spillover,5,17
5346,다비치,spillover,6,7
5347,다비치,spillover,7,9
5348,다비치,spillover,8,9
5349,다비치,spillover,9,10
5350,다비치,spillover,10,7
5351,다비치,spillover,11,14
5352,다비치,spillover,12,20
5353,다비치,spillover,13,26
5354,다비치,spillover,14,7
5355,다비치,spillover,15,16
5356,다비치,spillover,16,16
5357,다비치,spillover,17,19
5358,다비치,spillover,18,11
5359,다비치,spillover,19,9
5360,다비치,spillover,20,13
5361,다비치,spillover,21,15
5362,다비치,spillover,22,9
5363,다비치,spillover,23,16
5364,다비치,spillover,24,6
5365,다비치,spillover,25,17
5366,다비치,spillover,26,9
5367,다비치,spillover,27,22
5368,다비치,spillover,28,16
5369,다비치,spillover,29,16
5370,다비치,spillover,30,9
5371,다비치,spillover,31,8
5372,다비치,spillover,32,11
5373,다비치,spillover,33,12
5374,다비치,spillover,34,9
5375,다비치,spillover,35,16
5376,다비치,spillover,36,18
5377,다비치,spillover,37,12
5378,다비치,spillover,38,14
5379,악동뮤지션,loyalty,0,16
5380,악동뮤지션,loyalty,1,13
5381,악동뮤지션,loyalty,2,33
5382,악동뮤지션,loyalty,3,17
5383,악동뮤지션,loyalty,4,22
5384,악동뮤지션,loyalty,5,26
5385,악동뮤지션,loyalty,6,14
5386,악동뮤지션,loyalty,7,21
5387,악동뮤지션,loyalty,8,13
5388,악동뮤지션,loyalty,9,23
5389,악동뮤지션,loyalty,10,14
5390,악동뮤지션,loyalty,11,24
5391,악동뮤지션,loyalty,12,32
5392,악동뮤지션,loyalty,13,24
5393,악동뮤지션,loyalty,14,30
5394,악동뮤지션,loyalty,15,12
5395,악동뮤지션,loyalty,16,6
5396,악동뮤지션,loyalty,17,8
5397,악동뮤지션,loyalty,18,14
5398,악동뮤지션,loyalty,19,36
5399,악동뮤지션,spillover,0,15
5400,악동뮤지션,spillover,1,23
5401,악동뮤지션,spillover,2,15
5402,악동뮤지션,spillover,3,23
5403,악동뮤지션,spillover,4,29
5404,악동뮤지션,spillover,5,16
5405,악동뮤지션,spillover,6,16
5406,악동뮤지션,spillover,7,14
5407,악동뮤지션,spillover,8,11
5408,악동뮤지션,spillover,9,12
5409,악동뮤지션,spillover,10,19
5410,악동뮤지션,spillover,11,27
5411,악동뮤지션,spillover,12,23
5412,악동뮤지션,spillover,13,19
5413,악동뮤지션,spillover,14,12
5414,악동뮤지션,spillover,15,31
5415,악동뮤지션,spillover,16,19
5416,악동뮤지션,spillover,17,19
5417,악동뮤지션,spillover,18,25
5418,악동뮤지션,spillover,19,24
5419,악동뮤지션,spillover,20,11
5420,악동뮤지션,spillover,21,15
5421,악동뮤지션,spillover,22,25
5422,악동뮤지션,spillover,23,9
5423,악동뮤지션,spillover,24,12
5424,악동뮤지션,spillover,25,8
5425,악동뮤지션,spillover,26,11
5426,악동뮤지션,spillover,27,11
5427,악동뮤지션,spillover,28,12
5428,악동뮤지션,spillover,29,14
5429,악동뮤지션,spillover,30,17
5430,악동뮤지션,spillover,31,16
5431,악동뮤지션,spillover,32,16
5432,악동뮤지션,spillover,33,33
5433,악동뮤지션,spillover,34,24
5434,악동뮤지션,spillover,35,13
5435,악동뮤지션,spillover,36,12
5436,악동뮤지션,spillover,37,26
5437,악동뮤지션,spillover,38,19
5438,악동뮤지션,spillover,39,10
5439,악동뮤지션,spillover,40,23
5440,악동뮤지션,spillover,41,11
5441,악동뮤지션,spillover,42,18
5442,악동뮤지션,spillover,43,23
5443,악동뮤지션,spillover,44,15
5444,IVE,loyalty,0,12
5445,IVE,loyalty,1,6
5446,IVE,loyalty,2,19
5447,IVE,loyalty,3,15
5448,IVE,loyalty,4,10
5449,IVE,loyalty,5,10
5450,IVE,loyalty,6,4
5451,IVE,loyalty,7,9
5452,IVE,loyalty,8,9
5453,IVE,loyalty,9,12
5454,IVE,loyalty,10,19
5455,IVE,loyalty,11,30
5456,IVE,loyalty,12,18
5457,IVE,loyalty,13,12
5458,IVE,loyalty,14,31
5459,IVE,loyalty,15,15
5460,IVE,loyalty,16,35
5461,IVE,loyalty,17,24
5462,IVE,loyalty,18,45
5463,IVE,loyalty,19,7
5464,IVE,loyalty,20,20
5465,IVE,loyalty,21,15
5466,IVE,loyalty,22,10
5467,IVE,loyalty,23,11
5468,IVE,loyalty,24,7
5469,IVE,loyalty,25,6
5470,IVE,loyalty,26,17
5471,IVE,spillover,0,9
5472,IVE,spillover,1,10
5473,IVE,spillover,2,10
5474,IVE,spillover,3,12
5475,IVE,spillover,4,14
5476,IVE,spillover,5,11
5477,IVE,spillover,6,20
5478,IVE,spillover,7,9
5479,IVE,spillover,8,39
5480,IVE,spillover,9,16
5481,IVE,spillover,10,39
5482,IVE,spillover,11,11
5483,IVE,spillover,12,24
5484,IVE,spillover,13,14
5485,IVE,spillover,14,20
5486,IVE,spillover,15,14
5487,IVE,spillover,16,8
5488,IVE,spillover,17,11
5489,IVE,spillover,18,20
5490,IVE,spillover,19,17
5491,IVE,spillover,20,29
5492,IVE,spillover,21,19
5493,IVE,spillover,22,28
5494,IVE,spillover,23,18
5495,IVE,spillover,24,10
5496,IVE,spillover,25,25
5497,IVE,spillover,26,8
5498,IVE,spillover,27,13
5499,IVE,spillover,28,14
5500,IVE,spillover,29,22
5501,IVE,spillover,30,10
5502,IVE,spillover,31,31
5503,IVE,spillover,32,31
5504,IVE,spillover,33,23
5505,IVE,spillover,34,12
5506,IVE,spillover,35,13
5507,IVE,spillover,36,21
5508,IVE,spillover,37,19
5509,IVE,spillover,38,24
5510,IVE,spillover,39,11
5511,IVE,spillover,40,37
5512,IVE,spillover,41,21
5513,IVE,spillover,42,8
5514,10CM,loyalty,0,11
5515,10CM,loyalty,1,18
5516,10CM,loyalty,2,19
5517,10CM,loyalty,3,16
5518,10CM,loyalty,4,13
5519,10CM,loyalty,5,13
5520,10CM,loyalty,6,16
5521,10CM,loyalty,7,7
5522,10CM,loyalty,8,13
5523,10CM,loyalty,9,9
5524,10CM,loyalty,10,11
5525,10CM,loyalty,11,17
5526,10CM,loyalty,12,14
5527,10CM,loyalty,13,9
5528,10CM,loyalty,14,13
5529,10CM,loyalty,15,10
5530,10CM,loyalty,16,9
5531,10CM,loyalty,17,13
5532,10CM,loyalty,18,23
5533,10CM,loyalty,19,27
5534,10CM,loyalty,20,15
5535,10CM,loyalty,21,16
5536,10CM,loyalty,22,14
5537,10CM,loyalty,23,11
5538,10CM,loyalty,24,17
5539,10CM,loyalty,25,14
5540,10CM,loyalty,26,9
5541,10CM,loyalty,27,7
5542,10CM,loyalty,28,8
5543,10CM,loyalty,29,9
5544,10CM,spillover,0,15
5545,10CM,spillover,1,13
5546,10CM,spillover,2,12
5547,10CM,spillover,3,39
5548,10CM,spillover,4,10
5549,10CM,spillover,5,17
5550,10CM,spillover,6,11
5551,10CM,spillover,7,8
5552,10CM,spillover,8,4
5553,10CM,spillover,9,4
5554,10CM,spillover,10,10
5555,10CM,spillover,11,8
5556,10CM,spillover,12,16
5557,10CM,spillover,13,22
5558,10CM,spillover,14,7
5559,10CM,spillover,15,48
5560,10CM,spillover,16,10
5561,10CM,spillover,17,12
5562,10CM,spillover,18,7
5563,10CM,spillover,19,8
5564,10CM,spillover,20,6
5565,10CM,spillover,21,19
5566,10CM,spillover,22,17
5567,10CM,spillover,23,15
5568,10CM,spillover,24,12
5569,10CM,spillover,25,10
5570,10CM,spillover,26,11
5571,10CM,spillover,27,9
5572,10CM,spillover,28,8
5573,10CM,spillover,29,10
5574,10CM,spillover,30,17
5575,10CM,spillover,31,18
5576,10CM,spillover,32,41
5577,10CM,spillover,33,19
5578,10CM,spillover,34,23
5579,10CM,spillover,35,26
5580,10CM,spillover,36,17
5581,10CM,spillover,37,10
5582,김재중,loyalty,0,14
5583,김재중,loyalty,1,19
5584,김재중,loyalty,2,18
5585,김재중,loyalty,3,20
5586,김재중,loyalty,4,17
5587,김재중,loyalty,5,16
5588,김재중,loyalty,6,21
5589,김재중,loyalty,7,21
5590,김재중,loyalty,8,17
5591,김재중,loyalty,9,18
5592,김재중,loyalty,10,13
5593,김재중,loyalty,11,18
5594,김재중,loyalty,12,33
5595,김재중,loyalty,13,40
5596,김재중,loyalty,14,34
5597,김재중,loyalty,15,29
5598,김재중,loyalty,16,33
5599,김재중,loyalty,17,24
5600,김재중,loyalty,18,8
5601,김재중,loyalty,19,26
5602,김재중,loyalty,20,21
5603,김재중,loyalty,21,32
5604,김재중,loyalty,22,31
5605,김재중,loyalty,23,34
5606,김재중,spillover,0,23
5607,김재중,spillover,1,23
5608,김재중,spillover,2,18
5609,김재중,spillover,3,17
5610,김재중,spillover,4,18
5611,김재중,spillover,5,16
5612,김재중,spillover,6,17
5613,김재중,spillover,7,15
5614,김재중,spillover,8,16
5615,김재중,spillover,9,18
5616,김재중,spillover,10,22
5617,김재중,spillover,11,41
5618,김재중,spillover,12,42
5619,김재중,spillover,13,19
5620,김재중,spillover,14,23
5621,김재중,spillover,15,33
5622,김재중,spillover,16,31
5623,김재중,spillover,17,30
5624,김재중,spillover,18,32
5625,김재중,spillover,19,24
5626,김재중,spillover,20,59
5627,김재중,spillover,21,28
5628,김재중,spillover,22,39
5629,김재중,spillover,23,23
5630,김재중,spillover,24,31
5631,김재중,spillover,25,27
5632,김재중,spillover,26,46
5633,김재중,spillover,27,15
5634,김재중,spillover,28,18
5635,HOT,loyalty,0,17
5636,HOT,loyalty,1,19
5637,HOT,loyalty,2,23
5638,HOT,loyalty,3,15
5639,HOT,loyalty,4,14
5640,HOT,loyalty,5,22
5641,HOT,loyalty,6,28
5642,HOT,loyalty,7,10
5643,HOT,loyalty,8,17
5644,HOT,loyalty,9,12
5645,HOT,loyalty,10,10
5646,HOT,loyalty,11,12
5647,HOT,loyalty,12,16
5648,HOT,loyalty,13,12
5649,HOT,loyalty,14,14
5650,HOT,loyalty,15,11
5651,HOT,loyalty,16,19
5652,HOT,loyalty,17,15
5653,HOT,loyalty,18,6
5654,HOT,loyalty,19,8
5655,HOT,spillover,0,26
5656,HOT,spillover,1,21
5657,HOT,spillover,2,17
5658,HOT,spillover,3,10
5659,HOT,spillover,4,8
5660,HOT,spillover,5,17
5661,HOT,spillover,6,17
5662,HOT,spillover,7,12
5663,HOT,spillover,8,15
5664,HOT,spillover,9,11
5665,HOT,spillover,10,18
5666,HOT,spillover,11,19
5667,HOT,spillover,12,22
5668,HOT,spillover,13,21
5669,HOT,spillover,14,11
5670,HOT,spillover,15,17
5671,HOT,spillover,16,27
5672,HOT,spillover,17,22
5673,HOT,spillover,18,9
5674,HOT,spillover,19,13
5675,HOT,spillover,20,16
5676,HOT,spillover,21,10
5677,HOT,spillover,22,13
5678,HOT,spillover,23,19
5679,HOT,spillover,24,17
5680,HOT,spillover,25,11
5681,HOT,spillover,26,8
5682,HOT,spillover,27,7
5683,HOT,spillover,28,22
5684,HOT,spillover,29,17
5685,HOT,spillover,30,28
5686,HOT,spillover,31,30
5687,HOT,spillover,32,12
5688,이효리,loyalty,0,17
5689,이효리,loyalty,1,14
5690,이효리,loyalty,2,17
5691,이효리,loyalty,3,20
5692,이효리,loyalty,4,9
5693,이효리,loyalty,5,14
5694,이효리,loyalty,6,13
5695,이효리,loyalty,7,17
5696,이효리,loyalty,8,21
5697,이효리,spillover,0,11
5698,이효리,spillover,1,16
5699,이효리,spillover,2,14
5700,이효리,spillover,3,17
5701,이효리,spillover,4,10
5702,이효리,spillover,5,18
5703,이효리,spillover,6,19
5704,이효리,spillover,7,13
5705,이효리,spillover,8,13
5706,이효리,spillover,9,14
5707,이효리,spillover,10,10
5708,이효리,spillover,11,12
5709,이효리,spillover,12,11
5710,이효리,spillover,13,9
5711,이효리,spillover,14,14
5712,이효리,spillover,15,22
5713,이효리,spillover,16,12
5714,이효리,spillover,17,12
5715,이효리,spillover,18,10
5716,이효리,spillover,19,17
5717,이효리,spillover,20,11
5718,이효리,spillover,21,23
5719,이효리,spillover,22,13
5720,이효리,spillover,23,15
5721,이효리,spillover,24,17
5722,이효리,spillover,25,9
5723,이효리,spillover,26,8
5724,이효리,spillover,27,7
5725,이효리,spillover,28,21
5726,이효리,spillover,29,14
5727,이효리,spillover,30,17
5728,이효리,spillover,31,11
5729,이효리,spillover,32,10
5730,이효리,spillover,33,20
5731,이효리,spillover,34,7
5732,이효리,spillover,35,7
5733,이효리,spillover,36,11
5734,이효리,spillover,37,12
5735,이효리,spillover,38,9
5736,이효리,spillover,39,6
5737,이효리,spillover,40,21
5738,이효리,spillover,41,28
5739,이효리,spillover,42,14
5740,이효리,spillover,43,16
5741,이효리,spillover,44,15
5742,이효리,spillover,45,18
5743,이효리,spillover,46,16
5744,이효리,spillover,47,18
5745,이효리,spillover,48,29
5746,이효리,spillover,49,27
5747,이효리,spillover,50,22
5748,이효리,spillover,51,25
5749,이효리,spillover,52,24
5750,이효리,spillover,53,29
5751,이효리,spillover,54,18
5752,이효리,spillover,55,22
5753,이효리,spillover,56,21
5754,이효리,spillover,57,19
5755,이효리,spillover,58,15
5756,이효리,spillover,59,18
5757,이효리,spillover,60,16
5758,이효리,spillover,61,18
5759,보아,loyalty,0,19
5760,보아,loyalty,1,14
5761,보아,loyalty,2,29
5762,보아,loyalty,3,16
5763,보아,loyalty,4,14
5764,보아,loyalty,5,18
5765,보아,loyalty,6,8
5766,보아,loyalty,7,14
5767,보아,loyalty,8,23
5768,보아,loyalty,9,18
5769,보아,loyalty,10,18
5770,보아,loyalty,11,39
5771,보아,loyalty,12,22
5772,보아,loyalty,13,22
5773,보아,loyalty,14,18
5774,보아,loyalty,15,27
5775,보아,loyalty,16,14
5776,보아,loyalty,17,9
5777,보아,loyalty,18,10
5778,보아,loyalty,19,13
5779,보아,loyalty,20,12
5780,보아,loyalty,21,11
5781,보아,loyalty,22,7
5782,보아,loyalty,23,11
5783,보아,loyalty,24,9
5784,보아,spillover,0,14
5785,보아,spillover,1,19
5786,보아,spillover,2,21
5787,보아,spillover,3,21
5788,보아,spillover,4,13
5789,보아,spillover,5,20
5790,보아,spillover,6,22
5791,보아,spillover,7,21
5792,보아,spillover,8,12
5793,보아,spillover,9,22
5794,보아,spillover,10,31
5795,보아,spillover,11,14
5796,보아,spillover,12,32
5797,보아,spillover,13,20
5798,보아,spillover,14,22
5799,보아,spillover,15,20
5800,보아,spillover,16,12
5801,보아,spillover,17,9
5802,보아,spillover,18,31
5803,보아,spillover,19,26
5804,보아,spillover,20,11
5805,보아,spillover,21,13
5806,보아,spillover,22,20
5807,보아,spillover,23,12
5808,보아,spillover,24,8
5809,보아,spillover,25,12
5810,보아,spillover,26,27
5811,보아,spillover,27,9
5812,보아,spillover,28,14
5813,보아,spillover,29,15
5814,보아,spillover,30,10
5815,보아,spillover,31,9
5816,보아,spillover,32,10
5817,보아,spillover,33,13
5818,보아,spillover,34,26
5819,에픽하이,loyalty,0,12
5820,에픽하이,loyalty,1,15
5821,에픽하이,loyalty,2,14
5822,에픽하이,loyalty,3,11
5823,에픽하이,loyalty,4,8
5824,에픽하이,loyalty,5,16
5825,에픽하이,loyalty,6,23
5826,에픽하이,loyalty,7,26
5827,에픽하이,loyalty,8,6
5828,에픽하이,loyalty,9,7
5829,에픽하이,loyalty,10,15
5830,에픽하이,loyalty,11,15
5831,에픽하이,loyalty,12,22
5832,에픽하이,loyalty,13,22
5833,에픽하이,loyalty,14,10
5834,에픽하이,loyalty,15,23
5835,에픽하이,loyalty,16,16
5836,에픽하이,loyalty,17,20
5837,에픽하이,loyalty,18,13
5838,에픽하이,loyalty,19,19
5839,에픽하이,loyalty,20,9
5840,에픽하이,loyalty,21,9
5841,에픽하이,loyalty,22,8
5842,에픽하이,loyalty,23,5
5843,에픽하이,loyalty,24,13
5844,에픽하이,loyalty,25,9
5845,에픽하이,loyalty,26,10
5846,에픽하이,loyalty,27,9
5847,에픽하이,loyalty,28,8
5848,에픽하이,loyalty,29,8
5849,에픽하이,loyalty,30,7
5850,에픽하이,loyalty,31,11
5851,에픽하이,loyalty,32,8
5852,에픽하이,loyalty,33,8
5853,에픽하이,loyalty,34,14
5854,에픽하이,loyalty,35,10
5855,에픽하이,loyalty,36,12
5856,에픽하이,loyalty,37,32
5857,에픽하이,loyalty,38,32
5858,에픽하이,spillover,0,14
5859,에픽하이,spillover,1,22
5860,에픽하이,spillover,2,15
5861,에픽하이,spillover,3,22
5862,에픽하이,spillover,4,26
5863,에픽하이,spillover,5,18
5864,에픽하이,spillover,6,13
5865,에픽하이,spillover,7,9
5866,에픽하이,spillover,8,9
5867,에픽하이,spillover,9,16
5868,에픽하이,spillover,10,8
5869,에픽하이,spillover,11,11
5870,에픽하이,spillover,12,11
5871,에픽하이,spillover,13,17
5872,에픽하이,spillover,14,9
5873,에픽하이,spillover,15,7
5874,에픽하이,spillover,16,11
5875,에픽하이,spillover,17,8
5876,에픽하이,spillover,18,13
5877,에픽하이,spillover,19,15
5878,에픽하이,spillover,20,10
5879,에픽하이,spillover,21,8
5880,에픽하이,spillover,22,11
5881,에픽하이,spillover,23,28
5882,에픽하이,spillover,24,25
5883,에픽하이,spillover,25,6
5884,에픽하이,spillover,26,22
5885,에픽하이,spillover,27,35
5886,에픽하이,spillover,28,11
5887,청하,loyalty,0,21
5888,청하,loyalty,1,14
5889,청하,loyalty,2,11
5890,청하,loyalty,3,10
5891,청하,loyalty,4,24
5892,청하,loyalty,5,18
5893,청하,loyalty,6,6
5894,청하,loyalty,7,24
5895,청하,loyalty,8,10
5896,청하,loyalty,9,21
5897,청하,loyalty,10,17
5898,청하,loyalty,11,13
5899,청하,loyalty,12,21
5900,청하,loyalty,13,11
5901,청하,loyalty,14,12
5902,청하,loyalty,15,9
5903,청하,loyalty,16,21
5904,청하,spillover,0,11
5905,청하,spillover,1,9
5906,청하,spillover,2,10
5907,청하,spillover,3,7
5908,청하,spillover,4,8
5909,청하,spillover,5,15
5910,청하,spillover,6,9
5911,청하,spillover,7,8
5912,청하,spillover,8,19
5913,청하,spillover,9,17
5914,청하,spillover,10,15
5915,청하,spillover,11,11
5916,청하,spillover,12,21
5917,청하,spillover,13,22
5918,청하,spillover,14,20
5919,청하,spillover,15,21
5920,청하,spillover,16,26
5921,청하,spillover,17,22
5922,청하,spillover,18,27
5923,청하,spillover,19,11
5924,청하,spillover,20,9
5925,청하,spillover,21,8
5926,청하,spillover,22,4
5927,청하,spillover,23,7
5928,청하,spillover,24,14
5929,청하,spillover,25,16
5930,청하,spillover,26,13
5931,청하,spillover,27,15
5932,청하,spillover,28,15
5933,청하,spillover,29,13
5934,청하,spillover,30,13
5935,청하,spillover,31,31
5936,청하,spillover,32,9
5937,청하,spillover,33,15
5938,청하,spillover,34,18
5939,청하,spillover,35,5
5940,청하,spillover,36,10
5941,청하,spillover,37,29
5942,청하,spillover,38,33
5943,청하,spillover,39,22
5944,청하,spillover,40,55
5945,청하,spillover,41,13
5946,청하,spillover,42,28
5947,청하,spillover,43,22
5948,청하,spillover,44,16
5949,청하,spillover,45,25
5950,청하,spillover,46,21
5951,청하,spillover,47,14
5952,청하,spillover,48,18
5953,청하,spillover,49,13
5954,청하,spillover,50,13
5955,윤하,loyalty,0,15
5956,윤하,loyalty,1,12
5957,윤하,loyalty,2,8
5958,윤하,loyalty,3,13
5959,윤하,loyalty,4,17
5960,윤하,loyalty,5,26
5961,윤하,loyalty,6,25
5962,윤하,loyalty,7,9
5963,윤하,loyalty,8,9
5964,윤하,loyalty,9,16
5965,윤하,loyalty,10,16
5966,윤하,loyalty,11,11
5967,윤하,loyalty,12,6
5968,윤하,loyalty,13,8
5969,윤하,loyalty,14,44
5970,윤하,loyalty,15,8
5971,윤하,loyalty,16,8
5972,윤하,loyalty,17,13
5973,윤하,loyalty,18,11
5974,윤하,loyalty,19,12
5975,윤하,spillover,0,19
5976,윤하,spillover,1,14
5977,윤하,spillover,2,23
5978,윤하,spillover,3,23
5979,윤하,spillover,4,16
5980,윤하,spillover,5,11
5981,윤하,spillover,6,12
5982,윤하,spillover,7,14
5983,윤하,spillover,8,23
5984,윤하,spillover,9,18
5985,윤하,spillover,10,30
5986,윤하,spillover,11,26
5987,윤하,spillover,12,26
5988,윤하,spillover,13,16
5989,윤하,spillover,14,8
5990,윤하,spillover,15,15
5991,윤하,spillover,16,8
5992,윤하,spillover,17,12
5993,윤하,spillover,18,7
5994,윤하,spillover,19,10
5995,윤하,spillover,20,7
5996,윤하,spillover,21,15
5997,윤하,spillover,22,16
5998,윤하,spillover,23,17
5999,윤하,spillover,24,11
6000,윤하,spillover,25,9
6001,윤하,spillover,26,22
6002,윤하,spillover,27,14
6003,윤하,spillover,28,12
6004,윤하,spillover,29,21
6005,윤하,spillover,30,20
6006,윤하,spillover,31,20
6007,윤하,spillover,32,17
6008,케이윌,loyalty,0,15
6009,케이윌,loyalty,1,12
6010,케이윌,loyalty,2,8
6011,케이윌,loyalty,3,9
6012,케이윌,loyalty,4,22
6013,케이윌,loyalty,5,15
6014,케이윌,loyalty,6,15
6015,케이윌,loyalty,7,11
6016,케이윌,loyalty,8,10
6017,케이윌,loyalty,9,7
6018,케이윌,loyalty,10,13
6019,케이윌,loyalty,11,13
6020,케이윌,loyalty,12,12
6021,케이윌,loyalty,13,5
6022,케이윌,loyalty,14,25
6023,케이윌,loyalty,15,16
6024,케이윌,loyalty,16,10
6025,케이윌,loyalty,17,29
6026,케이윌,loyalty,18,28
6027,케이윌,loyalty,19,38
6028,케이윌,loyalty,20,14
6029,케이윌,loyalty,21,10
6030,케이윌,loyalty,22,23
6031,케이윌,loyalty,23,47
6032,케이윌,loyalty,24,17
6033,케이윌,loyalty,25,17
6034,케이윌,loyalty,26,19
6035,케이윌,loyalty,27,13
6036,케이윌,loyalty,28,7
6037,케이윌,loyalty,29,8
6038,케이윌,loyalty,30,12
6039,케이윌,loyalty,31,23
6040,케이윌,spillover,0,16
6041,케이윌,spillover,1,13
6042,케이윌,spillover,2,14
6043,케이윌,spillover,3,14
6044,케이윌,spillover,4,9
6045,케이윌,spillover,5,14
6046,케이윌,spillover,6,13
6047,케이윌,spillover,7,10
6048,케이윌,spillover,8,18
6049,케이윌,spillover,9,27
6050,케이윌,spillover,10,25
6051,케이윌,spillover,11,20
6052,케이윌,spillover,12,14
6053,케이윌,spillover,13,9
6054,케이윌,spillover,14,34
6055,케이윌,spillover,15,20
6056,케이윌,spillover,16,14
6057,케이윌,spillover,17,9
6058,케이윌,spillover,18,13
6059,케이윌,spillover,19,11
6060,케이윌,spillover,20,16
6061,케이윌,spillover,21,15
6062,케이윌,spillover,22,12
6063,케이윌,spillover,23,16
6064,케이윌,spillover,24,6
6065,케이윌,spillover,25,13
6066,케이윌,spillover,26,28
6067,케이윌,spillover,27,17
6068,케이윌,spillover,28,21
6069,케이윌,spillover,29,29
6070,조용필,loyalty,0,12
6071,조용필,loyalty,1,17
6072,조용필,loyalty,2,10
6073,조용필,loyalty,3,13
6074,조용필,loyalty,4,13
6075,조용필,loyalty,5,14
6076,조용필,loyalty,6,16
6077,조용필,loyalty,7,22
6078,조용필,loyalty,8,13
6079,조용필,loyalty,9,21
6080,조용필,loyalty,10,18
6081,조용필,loyalty,11,16
6082,조용필,loyalty,12,15
6083,조용필,loyalty,13,19
6084,조용필,loyalty,14,23
6085,조용필,loyalty,15,12
6086,조용필,loyalty,16,7
6087,조용필,loyalty,17,21
6088,조용필,loyalty,18,15
6089,조용필,loyalty,19,14
6090,조용필,loyalty,20,17
6091,조용필,loyalty,21,12
6092,조용필,loyalty,22,11
6093,조용필,spillover,0,12
6094,조용필,spillover,1,14
6095,조용필,spillover,2,15
6096,조용필,spillover,3,11
6097,조용필,spillover,4,12
6098,조용필,spillover,5,16
6099,조용필,spillover,6,8
6100,조용필,spillover,7,17
6101,조용필,spillover,8,37
6102,조용필,spillover,9,17
6103,조용필,spillover,10,12
6104,조용필,spillover,11,16
6105,조용필,spillover,12,19
6106,조용필,spillover,13,20
6107,조용필,spillover,14,19
6108,조용필,spillover,15,18
6109,조용필,spillover,16,24
6110,조용필,spillover,17,21
6111,조용필,spillover,18,26
6112,조용필,spillover,19,15
6113,조용필,spillover,20,12
6114,조용필,spillover,21,19
6115,조용필,spillover,22,18
6116,조용필,spillover,23,9
6117,조용필,spillover,24,23
6118,조용필,spillover,25,19
6119,조용필,spillover,26,7
6120,조용필,spillover,27,15
6121,조용필,spillover,28,8
6122,조용필,spillover,29,21
6123,조용필,spillover,30,18
6124,조용필,spillover,31,11
6125,조용필,spillover,32,24
6126,조용필,spillover,33,23
6127,조용필,spillover,34,10
6128,조용필,spillover,35,13
6129,잭스키스,loyalty,0,13
6130,잭스키스,loyalty,1,14
6131,잭스키스,loyalty,2,14
6132,잭스키스,loyalty,3,11
6133,잭스키스,loyalty,4,16
6134,잭스키스,loyalty,5,20
6135,잭스키스,loyalty,6,11
6136,잭스키스,loyalty,7,9
6137,잭스키스,loyalty,8,16
6138,잭스키스,loyalty,9,9
6139,잭스키스,loyalty,10,12
6140,잭스키스,loyalty,11,17
6141,잭스키스,loyalty,12,17
6142,잭스키스,loyalty,13,22
6143,잭스키스,loyalty,14,8
6144,잭스키스,loyalty,15,20
6145,잭스키스,loyalty,16,18
6146,잭스키스,loyalty,17,14
6147,잭스키스,loyalty,18,15
6148,잭스키스,loyalty,19,23
6149,잭스키스,loyalty,20,31
6150,잭스키스,loyalty,21,7
6151,잭스키스,loyalty,22,12
6152,잭스키스,loyalty,23,15
6153,잭스키스,loyalty,24,12
6154,잭스키스,loyalty,25,17
6155,잭스키스,spillover,0,18
6156,잭스키스,spillover,1,24
6157,잭스키스,spillover,2,7
6158,잭스키스,spillover,3,16
6159,잭스키스,spillover,4,19
6160,잭스키스,spillover,5,16
6161,잭스키스,spillover,6,15
6162,잭스키스,spillover,7,10
6163,잭스키스,spillover,8,29
6164,잭스키스,spillover,9,15
6165,잭스키스,spillover,10,18
6166,잭스키스,spillover,11,7
6167,잭스키스,spillover,12,18
6168,잭스키스,spillover,13,8
6169,잭스키스,spillover,14,8
6170,잭스키스,spillover,15,7
6171,잭스키스,spillover,16,13
6172,잭스키스,spillover,17,12
6173,잭스키스,spillover,18,30
6174,잭스키스,spillover,19,13
6175,잭스키스,spillover,20,26
6176,잭스키스,spillover,21,11
6177,잭스키스,spillover,22,21
6178,잭스키스,spillover,23,14
6179,잭스키스,spillover,24,21
6180,잭스키스,spillover,25,23
6181,잭스키스,spillover,26,19
6182,잭스키스,spillover,27,19
6183,박정현,loyalty,0,9
6184,박정현,loyalty,1,15
6185,박정현,loyalty,2,13
6186,박정현,loyalty,3,13
6187,박정현,loyalty,4,8
6188,박정현,loyalty,5,12
6189,박정현,loyalty,6,8
6190,박정현,loyalty,7,10
6191,박정현,loyalty,8,10
6192,박정현,loyalty,9,14
6193,박정현,loyalty,10,26
6194,박정현,loyalty,11,11
6195,박정현,loyalty,12,8
6196,박정현,loyalty,13,12
6197,박정현,loyalty,14,28
6198,박정현,loyalty,15,6
6199,박정현,spillover,0,8
6200,박정현,spillover,1,13
6201,박정현,spillover,2,13
6202,박정현,spillover,3,7
6203,박정현,spillover,4,11
6204,박정현,spillover,5,11
6205,박정현,spillover,6,12
6206,박정현,spillover,7,14
6207,박정현,spillover,8,14
6208,박정현,spillover,9,16
6209,박정현,spillover,10,17
6210,박정현,spillover,11,24
6211,박정현,spillover,12,10
6212,박정현,spillover,13,7
6213,박정현,spillover,14,7
6214,박정현,spillover,15,8
6215,박정현,spillover,16,24
6216,박정현,spillover,17,15
6217,박정현,spillover,18,22
6218,박정현,spillover,19,39
6219,박정현,spillover,20,17
6220,박정현,spillover,21,7
6221,박정현,spillover,22,14
6222,박정현,spillover,23,9
6223,박정현,spillover,24,6
6224,박정현,spillover,25,8
6225,박정현,spillover,26,25
6226,박정현,spillover,27,22
6227,박정현,spillover,28,13
6228,박정현,spillover,29,12
6229,박정현,spillover,30,10
6230,박정현,spillover,31,8
6231,박정현,spillover,32,9
6232,박정현,spillover,33,10
6233,박정현,spillover,34,9
6234,박정현,spillover,35,9
6235,박정현,spillover,36,10
6236,박정현,spillover,37,9
6237,박정현,spillover,38,10
6238,박정현,spillover,39,6
6239,박정현,spillover,40,9
6240,박정현,spillover,41,18
6241,김연자,loyalty,0,18
6242,김연자,loyalty,1,18
6243,김연자,loyalty,2,14
6244,김연자,loyalty,3,16
6245,김연자,loyalty,4,10
6246,김연자,loyalty,5,18
6247,김연자,loyalty,6,9
6248,김연자,loyalty,7,9
6249,김연자,loyalty,8,8
6250,김연자,loyalty,9,12
6251,김연자,loyalty,10,12
6252,김연자,loyalty,11,16
6253,김연자,loyalty,12,19
6254,김연자,loyalty,13,9
6255,김연자,loyalty,14,53
6256,김연자,loyalty,15,36
6257,김연자,loyalty,16,21
6258,김연자,spillover,0,11
6259,김연자,spillover,1,16
6260,김연자,spillover,2,28
6261,김연자,spillover,3,17
6262,김연자,spillover,4,16
6263,김연자,spillover,5,13
6264,김연자,spillover,6,5
6265,김연자,spillover,7,8
6266,김연자,spillover,8,8
6267,김연자,spillover,9,9
6268,김연자,spillover,10,20
6269,김연자,spillover,11,10
6270,김연자,spillover,12,13
6271,김연자,spillover,13,18
6272,김연자,spillover,14,15
6273,김연자,spillover,15,17
6274,김연자,spillover,16,16
6275,김연자,spillover,17,14
6276,김연자,spillover,18,17
6277,김연자,spillover,19,24
6278,김연자,spillover,20,12
6279,김연자,spillover,21,7
6280,김연자,spillover,22,10
6281,김연자,spillover,23,13
6282,김연자,spillover,24,8
6283,김연자,spillover,25,10
6284,김연자,spillover,26,31
6285,김연자,spillover,27,26
6286,김연자,spillover,28,30
6287,김연자,spillover,29,12
6288,김연자,spillover,30,11
6289,김연자,spillover,31,19
6290,김연자,spillover,32,25
6291,김연자,spillover,33,15
6292,김연자,spillover,34,22
6293,김연자,spillover,35,11
6294,김연자,spillover,36,5
6295,김연자,spillover,37,13
6296,김연자,spillover,38,11
6297,김연자,spillover,39,14
6298,김연자,spillover,40,10
6299,김연자,spillover,41,11
6300,빅마마,loyalty,0,12
6301,빅마마,loyalty,1,8
6302,빅마마,loyalty,2,16
6303,빅마마,loyalty,3,10
6304,빅마마,loyalty,4,11
6305,빅마마,loyalty,5,7
6306,빅마마,loyalty,6,11
6307,빅마마,loyalty,7,7
6308,빅마마,loyalty,8,14
6309,빅마마,loyalty,9,7
6310,빅마마,loyalty,10,5
6311,빅마마,loyalty,11,7
6312,빅마마,loyalty,12,6
6313,빅마마,loyalty,13,7
6314,빅마마,loyalty,14,11
6315,빅마마,loyalty,15,7
6316,빅마마,loyalty,16,16
6317,빅마마,loyalty,17,19
6318,빅마마,loyalty,18,10
6319,빅마마,loyalty,19,10
6320,빅마마,loyalty,20,19
6321,빅마마,spillover,0,8
6322,빅마마,spillover,1,9
6323,빅마마,spillover,2,14
6324,빅마마,spillover,3,14
6325,빅마마,spillover,4,11
6326,빅마마,spillover,5,6
6327,빅마마,spillover,6,8
6328,빅마마,spillover,7,7
6329,빅마마,spillover,8,7
6330,빅마마,spillover,9,7
6331,빅마마,spillover,10,7
6332,빅마마,spillover,11,11
6333,빅마마,spillover,12,9
6334,빅마마,spillover,13,10
6335,빅마마,spillover,14,18
6336,빅마마,spillover,15,19
6337,빅마마,spillover,16,17
6338,빅마마,spillover,17,8
6339,빅마마,spillover,18,19
6340,빅마마,spillover,19,11
6341,빅마마,spillover,20,18
6342,빅마마,spillover,21,13
6343,빅마마,spillover,22,15
6344,빅마마,spillover,23,13
6345,빅마마,spillover,24,9
6346,빅마마,spillover,25,6
6347,빅마마,spillover,26,7
6348,빅마마,spillover,27,33
6349,빅마마,spillover,28,17
6350,볼빨간사춘기,loyalty,0,12
6351,볼빨간사춘기,loyalty,1,11
6352,볼빨간사춘기,loyalty,2,12
6353,볼빨간사춘기,loyalty,3,21
6354,볼빨간사춘기,loyalty,4,14
6355,볼빨간사춘기,loyalty,5,24
6356,볼빨간사춘기,loyalty,6,6
6357,볼빨간사춘기,loyalty,7,16
6358,볼빨간사춘기,loyalty,8,20
6359,볼빨간사춘기,loyalty,9,5
6360,볼빨간사춘기,loyalty,10,12
6361,볼빨간사춘기,loyalty,11,14
6362,볼빨간사춘기,loyalty,12,5
6363,볼빨간사춘기,loyalty,13,15
6364,볼빨간사춘기,loyalty,14,11
6365,볼빨간사춘기,loyalty,15,14
6366,볼빨간사춘기,loyalty,16,19
6367,볼빨간사춘기,loyalty,17,19
6368,볼빨간사춘기,loyalty,18,25
6369,볼빨간사춘기,loyalty,19,6
6370,볼빨간사춘기,loyalty,20,8
6371,볼빨간사춘기,loyalty,21,17
6372,볼빨간사춘기,loyalty,22,17
6373,볼빨간사춘기,loyalty,23,8
6374,볼빨간사춘기,spillover,0,15
6375,볼빨간사춘기,spillover,1,12
6376,볼빨간사춘기,spillover,2,27
6377,볼빨간사춘기,spillover,3,17
6378,볼빨간사춘기,spillover,4,19
6379,볼빨간사춘기,spillover,5,9
6380,볼빨간사춘기,spillover,6,8
6381,볼빨간사춘기,spillover,7,5
6382,볼빨간사춘기,spillover,8,11
6383,볼빨간사춘기,spillover,9,6
6384,볼빨간사춘기,spillover,10,24
6385,볼빨간사춘기,spillover,11,32
6386,볼빨간사춘기,spillover,12,16
6387,볼빨간사춘기,spillover,13,9
6388,볼빨간사춘기,spillover,14,19
6389,볼빨간사춘기,spillover,15,20
6390,볼빨간사춘기,spillover,16,19
6391,볼빨간사춘기,spillover,17,26
6392,볼빨간사춘기,spillover,18,16
6393,볼빨간사춘기,spillover,19,12
6394,볼빨간사춘기,spillover,20,9
6395,볼빨간사춘기,spillover,21,15
6396,볼빨간사춘기,spillover,22,12
6397,볼빨간사춘기,spillover,23,13
6398,볼빨간사춘기,spillover,24,15
6399,볼빨간사춘기,spillover,25,16
6400,볼빨간사춘기,spillover,26,14
6401,볼빨간사춘기,spillover,27,11
6402,볼빨간사춘기,spillover,28,10
6403,볼빨간사춘기,spillover,29,15
6404,볼빨간사춘기,spillover,30,18
6405,볼빨간사춘기,spillover,31,15
6406,볼빨간사춘기,spillover,32,23
6407,엄정화,loyalty,0,21
6408,엄정화,loyalty,1,22
6409,엄정화,loyalty,2,14
6410,엄정화,loyalty,3,21
6411,엄정화,loyalty,4,15
6412,엄정화,loyalty,5,13
6413,엄정화,loyalty,6,7
6414,엄정화,loyalty,7,8
6415,엄정화,loyalty,8,13
6416,엄정화,loyalty,9,23
6417,엄정화,loyalty,10,14
6418,엄정화,loyalty,11,27
6419,엄정화,loyalty,12,45
6420,엄정화,loyalty,13,12
6421,엄정화,loyalty,14,13
6422,엄정화,loyalty,15,17
6423,엄정화,spillover,0,12
6424,엄정화,spillover,1,12
6425,엄정화,spillover,2,21
6426,엄정화,spillover,3,15
6427,엄정화,spillover,4,20
6428,엄정화,spillover,5,22
6429,엄정화,spillover,6,8
6430,엄정화,spillover,7,14
6431,엄정화,spillover,8,7
6432,엄정화,spillover,9,6
6433,엄정화,spillover,10,15
6434,엄정화,spillover,11,11
6435,엄정화,spillover,12,10
6436,엄정화,spillover,13,10
6437,엄정화,spillover,14,16
6438,엄정화,spillover,15,11
6439,엄정화,spillover,16,20
6440,엄정화,spillover,17,14
6441,엄정화,spillover,18,11
6442,엄정화,spillover,19,10
6443,엄정화,spillover,20,12
6444,엄정화,spillover,21,10
6445,엄정화,spillover,22,11
6446,엄정화,spillover,23,10
6447,엄정화,spillover,24,20
6448,엄정화,spillover,25,4
6449,엄정화,spillover,26,8
6450,엄정화,spillover,27,11
6451,엄정화,spillover,28,28
6452,엄정화,spillover,29,14
6453,엄정화,spillover,30,17
6454,엄정화,spillover,31,17
6455,엄정화,spillover,32,32
6456,엄정화,spillover,33,22
6457,엄정화,spillover,34,29
6458,엄정화,spillover,35,26
6459,엄정화,spillover,36,24
6460,엄정화,spillover,37,21
6461,엄정화,spillover,38,10
6462,엄정화,spillover,39,7
6463,엄정화,spillover,40,9
6464,엄정화,spillover,41,7
6465,엄정화,spillover,42,7
6466,FTISLAND,loyalty,0,5
6467,FTISLAND,loyalty,1,6
6468,FTISLAND,loyalty,2,6
6469,FTISLAND,loyalty,3,9
6470,FTISLAND,loyalty,4,8
6471,FTISLAND,loyalty,5,13
6472,FTISLAND,loyalty,6,18
6473,FTISLAND,loyalty,7,20
6474,FTISLAND,loyalty,8,17
6475,FTISLAND,loyalty,9,21
6476,FTISLAND,loyalty,10,40
6477,FTISLAND,loyalty,11,18
6478,FTISLAND,loyalty,12,15
6479,FTISLAND,loyalty,13,23
6480,FTISLAND,loyalty,14,21
6481,FTISLAND,loyalty,15,26
6482,FTISLAND,loyalty,16,7
6483,FTISLAND,loyalty,17,26
6484,FTISLAND,loyalty,18,8
6485,FTISLAND,loyalty,19,11
6486,FTISLAND,loyalty,20,8
6487,FTISLAND,loyalty,21,16
6488,FTISLAND,spillover,0,12
6489,FTISLAND,spillover,1,19
6490,FTISLAND,spillover,2,7
6491,FTISLAND,spillover,3,19
6492,FTISLAND,spillover,4,13
6493,FTISLAND,spillover,5,11
6494,FTISLAND,spillover,6,10
6495,FTISLAND,spillover,7,28
6496,FTISLAND,spillover,8,10
6497,FTISLAND,spillover,9,26
6498,FTISLAND,spillover,10,39
6499,FTISLAND,spillover,11,23
6500,FTISLAND,spillover,12,36
6501,FTISLAND,spillover,13,20
6502,FTISLAND,spillover,14,19
6503,FTISLAND,spillover,15,11
6504,FTISLAND,spillover,16,4
6505,FTISLAND,spillover,17,10
6506,FTISLAND,spillover,18,19
6507,FTISLAND,spillover,19,18
6508,FTISLAND,spillover,20,15
6509,FTISLAND,spillover,21,8
6510,FTISLAND,spillover,22,8
6511,FTISLAND,spillover,23,10
6512,FTISLAND,spillover,24,11
6513,FTISLAND,spillover,25,19
6514,FTISLAND,spillover,26,9
6515,FTISLAND,spillover,27,21
6516,FTISLAND,spillover,28,18
6517,FTISLAND,spillover,29,17
6518,FTISLAND,spillover,30,14
6519,FTISLAND,spillover,31,12
6520,FTISLAND,spillover,32,19
6521,FTISLAND,spillover,33,26
6522,다이나믹듀오,loyalty,0,15
6523,다이나믹듀오,loyalty,1,13
6524,다이나믹듀오,loyalty,2,15
6525,다이나믹듀오,loyalty,3,13
6526,다이나믹듀오,loyalty,4,15
6527,다이나믹듀오,loyalty,5,21
6528,다이나믹듀오,loyalty,6,27
6529,다이나믹듀오,loyalty,7,17
6530,다이나믹듀오,loyalty,8,6
6531,다이나믹듀오,loyalty,9,9
6532,다이나믹듀오,loyalty,10,11
6533,다이나믹듀오,loyalty,11,28
6534,다이나믹듀오,loyalty,12,24
6535,다이나믹듀오,loyalty,13,34
6536,다이나믹듀오,loyalty,14,18
6537,다이나믹듀오,loyalty,15,10
6538,다이나믹듀오,loyalty,16,10
6539,다이나믹듀오,loyalty,17,7
6540,다이나믹듀오,loyalty,18,11
6541,다이나믹듀오,loyalty,19,8
6542,다이나믹듀오,loyalty,20,9
6543,다이나믹듀오,spillover,0,13
6544,다이나믹듀오,spillover,1,22
6545,다이나믹듀오,spillover,2,13
6546,다이나믹듀오,spillover,3,22
6547,다이나믹듀오,spillover,4,11
6548,다이나믹듀오,spillover,5,15
6549,다이나믹듀오,spillover,6,18
6550,다이나믹듀오,spillover,7,21
6551,다이나믹듀오,spillover,8,13
6552,다이나믹듀오,spillover,9,14
6553,다이나믹듀오,spillover,10,12
6554,다이나믹듀오,spillover,11,13
6555,다이나믹듀오,spillover,12,24
6556,다이나믹듀오,spillover,13,24
6557,다이나믹듀오,spillover,14,31
6558,다이나믹듀오,spillover,15,18
6559,다이나믹듀오,spillover,16,14
6560,다이나믹듀오,spillover,17,13
6561,다이나믹듀오,spillover,18,13
6562,다이나믹듀오,spillover,19,13
6563,다이나믹듀오,spillover,20,21
6564,다이나믹듀오,spillover,21,33
6565,다이나믹듀오,spillover,22,7
6566,다이나믹듀오,spillover,23,6
6567,다이나믹듀오,spillover,24,17
6568,다이나믹듀오,spillover,25,14
6569,비비,loyalty,0,15
6570,비비,loyalty,1,17
6571,비비,loyalty,2,16
6572,비비,loyalty,3,26
6573,비비,loyalty,4,10
6574,비비,loyalty,5,6
6575,비비,loyalty,6,11
6576,비비,loyalty,7,5
6577,비비,loyalty,8,11
6578,비비,loyalty,9,8
6579,비비,loyalty,10,24
6580,비비,loyalty,11,14
6581,비비,loyalty,12,9
6582,비비,loyalty,13,12
6583,비비,loyalty,14,8
6584,비비,loyalty,15,9
6585,비비,loyalty,16,7
6586,비비,loyalty,17,7
6587,비비,loyalty,18,8
6588,비비,loyalty,19,6
6589,비비,loyalty,20,11
6590,비비,loyalty,21,11
6591,비비,loyalty,22,12
6592,비비,spillover,0,19
6593,비비,spillover,1,10
6594,비비,spillover,2,18
6595,비비,spillover,3,17
6596,비비,spillover,4,27
6597,비비,spillover,5,17
6598,비비,spillover,6,11
6599,비비,spillover,7,9
6600,비비,spillover,8,8
6601,비비,spillover,9,10
6602,비비,spillover,10,29
6603,비비,spillover,11,15
6604,비비,spillover,12,13
6605,비비,spillover,13,27
6606,비비,spillover,14,25
6607,비비,spillover,15,41
6608,비비,spillover,16,8
6609,비비,spillover,17,8
6610,비비,spillover,18,23
6611,비비,spillover,19,21
6612,비비,spillover,20,22
6613,비비,spillover,21,10
6614,비비,spillover,22,12
6615,비비,spillover,23,11
6616,비비,spillover,24,6
6617,비비,spillover,25,10
6618,비비,spillover,26,28
6619,비비,spillover,27,19
6620,비비,spillover,28,22
6621,비비,spillover,29,17
6622,비비,spillover,30,16
6623,비비,spillover,31,18
6624,비비,spillover,32,16
6625,카더가든,loyalty,0,11
6626,카더가든,loyalty,1,10
6627,카더가든,loyalty,2,20
6628,카더가든,loyalty,3,23
6629,카더가든,loyalty,4,21
6630,카더가든,loyalty,5,5
6631,카더가든,loyalty,6,14
6632,카더가든,loyalty,7,9
6633,카더가든,loyalty,8,11
6634,카더가든,loyalty,9,12
6635,카더가든,loyalty,10,20
6636,카더가든,loyalty,11,29
6637,카더가든,loyalty,12,11
6638,카더가든,loyalty,13,18
6639,카더가든,loyalty,14,19
6640,카더가든,loyalty,15,5
6641,카더가든,loyalty,16,11
6642,카더가든,loyalty,17,17
6643,카더가든,loyalty,18,11
6644,카더가든,spillover,0,16
6645,카더가든,spillover,1,20
6646,카더가든,spillover,2,13
6647,카더가든,spillover,3,37
6648,카더가든,spillover,4,22
6649,카더가든,spillover,5,25
6650,카더가든,spillover,6,9
6651,카더가든,spillover,7,10
6652,카더가든,spillover,8,18
6653,카더가든,spillover,9,7
6654,카더가든,spillover,10,7
6655,카더가든,spillover,11,9
6656,카더가든,spillover,12,15
6657,카더가든,spillover,13,10
6658,카더가든,spillover,14,14
6659,카더가든,spillover,15,24
6660,카더가든,spillover,16,25
6661,카더가든,spillover,17,14
6662,카더가든,spillover,18,32
6663,카더가든,spillover,19,27
6664,카더가든,spillover,20,18
6665,카더가든,spillover,21,20
6666,카더가든,spillover,22,11
6667,카더가든,spillover,23,16
6668,카더가든,spillover,24,14
6669,카더가든,spillover,25,17
6670,카더가든,spillover,26,11
6671,카더가든,spillover,27,10
6672,카더가든,spillover,28,13
6673,카더가든,spillover,29,14
6674,카더가든,spillover,30,9
6675,카더가든,spillover,31,14
6676,카더가든,spillover,32,20
6677,카더가든,spillover,33,21
6678,카더가든,spillover,34,19
6679,카더가든,spillover,35,16
6680,카더가든,spillover,36,16
6681,카더가든,spillover,37,19
6682,카더가든,spillover,38,20
6683,sg워너비,loyalty,0,10
6684,sg워너비,loyalty,1,7
6685,sg워너비,loyalty,2,12
6686,sg워너비,loyalty,3,9
6687,sg워너비,loyalty,4,9
6688,sg워너비,loyalty,5,14
6689,sg워너비,loyalty,6,13
6690,sg워너비,loyalty,7,9
6691,sg워너비,loyalty,8,23
6692,sg워너비,loyalty,9,23
6693,sg워너비,loyalty,10,5
6694,sg워너비,loyalty,11,8
6695,sg워너비,loyalty,12,15
6696,sg워너비,loyalty,13,16
6697,sg워너비,loyalty,14,9
6698,sg워너비,loyalty,15,21
6699,sg워너비,loyalty,16,13
6700,sg워너비,loyalty,17,15
6701,sg워너비,loyalty,18,8
6702,sg워너비,loyalty,19,7
6703,sg워너비,spillover,0,11
6704,sg워너비,spillover,1,15
6705,sg워너비,spillover,2,16
6706,sg워너비,spillover,3,24
6707,sg워너비,spillover,4,13
6708,sg워너비,spillover,5,10
6709,sg워너비,spillover,6,15
6710,sg워너비,spillover,7,26
6711,sg워너비,spillover,8,13
6712,sg워너비,spillover,9,24
6713,sg워너비,spillover,10,31
6714,sg워너비,spillover,11,8
6715,sg워너비,spillover,12,16
6716,sg워너비,spillover,13,9
6717,sg워너비,spillover,14,16
6718,sg워너비,spillover,15,14
6719,sg워너비,spillover,16,11
6720,sg워너비,spillover,17,17
6721,sg워너비,spillover,18,10
6722,sg워너비,spillover,19,8
6723,sg워너비,spillover,20,11
6724,sg워너비,spillover,21,12
6725,sg워너비,spillover,22,11
6726,sg워너비,spillover,23,12
6727,sg워너비,spillover,24,13
6728,sg워너비,spillover,25,15
6729,sg워너비,spillover,26,21
6730,장윤정,loyalty,0,12
6731,장윤정,loyalty,1,14
6732,장윤정,loyalty,2,20
6733,장윤정,loyalty,3,8
6734,장윤정,loyalty,4,18
6735,장윤정,loyalty,5,14
6736,장윤정,loyalty,6,6
6737,장윤정,loyalty,7,8
6738,장윤정,loyalty,8,13
6739,장윤정,loyalty,9,13
6740,장윤정,loyalty,10,18
6741,장윤정,loyalty,11,16
6742,장윤정,loyalty,12,25
6743,장윤정,loyalty,13,8
6744,장윤정,spillover,0,8
6745,장윤정,spillover,1,12
6746,장윤정,spillover,2,10
6747,장윤정,spillover,3,19
6748,장윤정,spillover,4,13
6749,장윤정,spillover,5,21
6750,장윤정,spillover,6,12
6751,장윤정,spillover,7,8
6752,장윤정,spillover,8,6
6753,장윤정,spillover,9,6
6754,장윤정,spillover,10,14
6755,장윤정,spillover,11,3
6756,장윤정,spillover,12,9
6757,장윤정,spillover,13,15
6758,장윤정,spillover,14,21
6759,장윤정,spillover,15,20
6760,장윤정,spillover,16,23
6761,장윤정,spillover,17,33
6762,장윤정,spillover,18,29
6763,장윤정,spillover,19,11
6764,장윤정,spillover,20,9
6765,장윤정,spillover,21,8
6766,장윤정,spillover,22,4
6767,장윤정,spillover,23,21
6768,장윤정,spillover,24,36
6769,장윤정,spillover,25,15
6770,장윤정,spillover,26,13
6771,장윤정,spillover,27,12
6772,장윤정,spillover,28,11
6773,장윤정,spillover,29,17
6774,장윤정,spillover,30,10
6775,장윤정,spillover,31,10
6776,장윤정,spillover,32,14
6777,장윤정,spillover,33,10
6778,장윤정,spillover,34,16
6779,장윤정,spillover,35,15
6780,장윤정,spillover,36,14
6781,장윤정,spillover,37,17
6782,장윤정,spillover,38,13
6783,장윤정,spillover,39,17
6784,이승철,loyalty,0,12
6785,이승철,loyalty,1,13
6786,이승철,loyalty,2,15
6787,이승철,loyalty,3,18
6788,이승철,loyalty,4,21
6789,이승철,loyalty,5,12
6790,이승철,loyalty,6,21
6791,이승철,loyalty,7,16
6792,이승철,loyalty,8,15
6793,이승철,loyalty,9,10
6794,이승철,loyalty,10,25
6795,이승철,loyalty,11,24
6796,이승철,loyalty,12,32
6797,이승철,loyalty,13,8
6798,이승철,spillover,0,21
6799,이승철,spillover,1,14
6800,이승철,spillover,2,22
6801,이승철,spillover,3,12
6802,이승철,spillover,4,13
6803,이승철,spillover,5,25
6804,이승철,spillover,6,20
6805,이승철,spillover,7,10
6806,이승철,spillover,8,25
6807,이승철,spillover,9,27
6808,이승철,spillover,10,22
6809,이승철,spillover,11,10
6810,이승철,spillover,12,7
6811,이승철,spillover,13,11
6812,이승철,spillover,14,11
6813,이승철,spillover,15,25
6814,이승철,spillover,16,24
6815,이승철,spillover,17,6
6816,이승철,spillover,18,7
6817,이승철,spillover,19,20
6818,이승철,spillover,20,17
6819,이승철,spillover,21,5
6820,이승철,spillover,22,9
6821,이승철,spillover,23,12
6822,이승철,spillover,24,11
6823,이승철,spillover,25,19
6824,이승철,spillover,26,19
6825,이승철,spillover,27,21
6826,이승철,spillover,28,21
6827,이승철,spillover,29,21
6828,이승철,spillover,30,15
6829,윤도현,loyalty,0,16
6830,윤도현,loyalty,1,13
6831,윤도현,loyalty,2,19
6832,윤도현,loyalty,3,17
6833,윤도현,loyalty,4,17
6834,윤도현,loyalty,5,23
6835,윤도현,loyalty,6,21
6836,윤도현,loyalty,7,18
6837,윤도현,loyalty,8,12
6838,윤도현,loyalty,9,21
6839,윤도현,loyalty,10,14
6840,윤도현,loyalty,11,15
6841,윤도현,loyalty,12,19
6842,윤도현,loyalty,13,11
6843,윤도현,loyalty,14,30
6844,윤도현,loyalty,15,31
6845,윤도현,spillover,0,20
6846,윤도현,spillover,1,12
6847,윤도현,spillover,2,25
6848,윤도현,spillover,3,15
6849,윤도현,spillover,4,16
6850,윤도현,spillover,5,22
6851,윤도현,spillover,6,22
6852,윤도현,spillover,7,18
6853,윤도현,spillover,8,17
6854,윤도현,spillover,9,18
6855,윤도현,spillover,10,11
6856,윤도현,spillover,11,30
6857,윤도현,spillover,12,15
6858,윤도현,spillover,13,16
6859,윤도현,spillover,14,6
6860,윤도현,spillover,15,9
6861,윤도현,spillover,16,5
6862,윤도현,spillover,17,27
6863,윤도현,spillover,18,41
6864,윤도현,spillover,19,28
6865,윤도현,spillover,20,52
6866,윤도현,spillover,21,22
6867,윤도현,spillover,22,16
6868,윤도현,spillover,23,22
6869,윤도현,spillover,24,22
6870,윤도현,spillover,25,13
6871,윤도현,spillover,26,9
6872,린,loyalty,0,18
6873,린,loyalty,1,11
6874,린,loyalty,2,12
6875,린,loyalty,3,9
6876,린,loyalty,4,10
6877,린,loyalty,5,16
6878,린,loyalty,6,26
6879,린,loyalty,7,8
6880,린,loyalty,8,18
6881,린,loyalty,9,20
6882,린,loyalty,10,28
6883,린,loyalty,11,9
6884,린,loyalty,12,5
6885,린,loyalty,13,13
6886,린,loyalty,14,20
6887,린,loyalty,15,18
6888,린,spillover,0,19
6889,린,spillover,1,25
6890,린,spillover,2,18
6891,린,spillover,3,30
6892,린,spillover,4,27
6893,린,spillover,5,13
6894,린,spillover,6,11
6895,린,spillover,7,11
6896,린,spillover,8,10
6897,린,spillover,9,7
6898,린,spillover,10,11
6899,린,spillover,11,11
6900,린,spillover,12,28
6901,린,spillover,13,30
6902,린,spillover,14,5
6903,린,spillover,15,5
6904,린,spillover,16,6
6905,린,spillover,17,14
6906,린,spillover,18,9
6907,린,spillover,19,9
6908,린,spillover,20,11
6909,린,spillover,21,11
6910,린,spillover,22,9
6911,린,spillover,23,14
6912,린,spillover,24,15
6913,린,spillover,25,15
6914,린,spillover,26,18
6915,린,spillover,27,19
6916,잔나비,loyalty,0,16
6917,잔나비,loyalty,1,7
6918,잔나비,loyalty,2,15
6919,잔나비,loyalty,3,18
6920,잔나비,loyalty,4,32
6921,잔나비,loyalty,5,23
6922,잔나비,loyalty,6,32
6923,잔나비,loyalty,7,25
6924,잔나비,loyalty,8,24
6925,잔나비,loyalty,9,29
6926,잔나비,loyalty,10,8
6927,잔나비,loyalty,11,11
6928,잔나비,loyalty,12,10
6929,잔나비,loyalty,13,7
6930,잔나비,loyalty,14,11
6931,잔나비,loyalty,15,7
6932,잔나비,spillover,0,17
6933,잔나비,spillover,1,17
6934,잔나비,spillover,2,21
6935,잔나비,spillover,3,9
6936,잔나비,spillover,4,15
6937,잔나비,spillover,5,14
6938,잔나비,spillover,6,22
6939,잔나비,spillover,7,28
6940,잔나비,spillover,8,13
6941,잔나비,spillover,9,22
6942,잔나비,spillover,10,24
6943,잔나비,spillover,11,9
6944,잔나비,spillover,12,12
6945,잔나비,spillover,13,22
6946,잔나비,spillover,14,20
6947,잔나비,spillover,15,6
6948,잔나비,spillover,16,14
6949,잔나비,spillover,17,10
6950,잔나비,spillover,18,25
6951,잔나비,spillover,19,9
6952,잔나비,spillover,20,10
6953,잔나비,spillover,21,4
6954,잔나비,spillover,22,32
6955,잔나비,spillover,23,33
6956,잔나비,spillover,24,25
6957,잔나비,spillover,25,18
6958,잔나비,spillover,26,17
6959,잔나비,spillover,27,24
6960,잔나비,spillover,28,30
6961,잔나비,spillover,29,25
6962,잔나비,spillover,30,20
6963,백지영,loyalty,0,21
6964,백지영,loyalty,1,8
6965,백지영,loyalty,2,12
6966,백지영,loyalty,3,15
6967,백지영,loyalty,4,11
6968,백지영,loyalty,5,6
6969,백지영,loyalty,6,17
6970,백지영,loyalty,7,10
6971,백지영,loyalty,8,18
6972,백지영,loyalty,9,11
6973,백지영,loyalty,10,17
6974,백지영,loyalty,11,28
6975,백지영,loyalty,12,9
6976,백지영,loyalty,13,7
6977,백지영,loyalty,14,7
6978,백지영,loyalty,15,8
6979,백지영,spillover,0,17
6980,백지영,spillover,1,15
6981,백지영,spillover,2,18
6982,백지영,spillover,3,16
6983,백지영,spillover,4,16
6984,백지영,spillover,5,28
6985,백지영,spillover,6,20
6986,백지영,spillover,7,13
6987,백지영,spillover,8,6
6988,백지영,spillover,9,14
6989,백지영,spillover,10,10
6990,백지영,spillover,11,9
6991,백지영,spillover,12,4
6992,백지영,spillover,13,10
6993,백지영,spillover,14,11
6994,백지영,spillover,15,26
6995,백지영,spillover,16,16
6996,백지영,spillover,17,29
6997,백지영,spillover,18,29
6998,백지영,spillover,19,9
6999,백지영,spillover,20,22
7000,백지영,spillover,21,11
7001,백지영,spillover,22,18
7002,백지영,spillover,23,18
7003,백지영,spillover,24,28
7004,백지영,spillover,25,7
7005,백지영,spillover,26,22
7006,백지영,spillover,27,11
7007,백지영,spillover,28,20
7008,백지영,spillover,29,21
7009,백지영,spillover,30,28
7010,백지영,spillover,31,14
7011,백지영,spillover,32,12
7012,김동률,loyalty,0,14
7013,김동률,loyalty,1,16
7014,김동률,loyalty,2,10
7015,김동률,loyalty,3,9
7016,김동률,loyalty,4,13
7017,김동률,loyalty,5,22
7018,김동률,loyalty,6,10
7019,김동률,loyalty,7,15
7020,김동률,loyalty,8,27
7021,김동률,loyalty,9,8
7022,김동률,loyalty,10,11
7023,김동률,loyalty,11,34
7024,김동률,loyalty,12,11
7025,김동률,spillover,0,16
7026,김동률,spillover,1,16
7027,김동률,spillover,2,20
7028,김동률,spillover,3,16
7029,김동률,spillover,4,22
7030,김동률,spillover,5,36
7031,김동률,spillover,6,9
7032,김동률,spillover,7,15
7033,김동률,spillover,8,13
7034,김동률,spillover,9,8
7035,김동률,spillover,10,12
7036,김동률,spillover,11,27
7037,김동률,spillover,12,15
7038,김동률,spillover,13,7
7039,김동률,spillover,14,18
7040,김동률,spillover,15,23
7041,김동률,spillover,16,22
7042,Zion.T,loyalty,0,13
7043,Zion.T,loyalty,1,12
7044,Zion.T,loyalty,2,14
7045,Zion.T,loyalty,3,20
7046,Zion.T,loyalty,4,17
7047,Zion.T,loyalty,5,12
7048,Zion.T,loyalty,6,12
7049,Zion.T,loyalty,7,26
7050,Zion.T,loyalty,8,11
7051,Zion.T,loyalty,9,11
7052,Zion.T,loyalty,10,11
7053,Zion.T,loyalty,11,8
7054,Zion.T,loyalty,12,12
7055,Zion.T,spillover,0,17
7056,Zion.T,spillover,1,9
7057,Zion.T,spillover,2,12
7058,Zion.T,spillover,3,17
7059,Zion.T,spillover,4,12
7060,Zion.T,spillover,5,9
7061,Zion.T,spillover,6,11
7062,Zion.T,spillover,7,5
7063,Zion.T,spillover,8,7
7064,Zion.T,spillover,9,10
7065,Zion.T,spillover,10,18
7066,Zion.T,spillover,11,13
7067,Zion.T,spillover,12,12
7068,Zion.T,spillover,13,23
7069,Zion.T,spillover,14,5
7070,Zion.T,spillover,15,22
7071,Zion.T,spillover,16,16
7072,Zion.T,spillover,17,20
7073,Zion.T,spillover,18,17
7074,Zion.T,spillover,19,14
7075,Zion.T,spillover,20,14
7076,Zion.T,spillover,21,11
7077,Zion.T,spillover,22,12
7078,Zion.T,spillover,23,6
7079,Zion.T,spillover,24,7
7080,Zion.T,spillover,25,7
7081,Zion.T,spillover,26,10
7082,Zion.T,spillover,27,12
7083,Zion.T,spillover,28,16
7084,Zion.T,spillover,29,23
7085,Zion.T,spillover,30,25
7086,Zion.T,spillover,31,20
7087,Zion.T,spillover,32,15
7088,박효신,loyalty,0,11
7089,박효신,loyalty,1,15
7090,박효신,loyalty,2,10
7091,박효신,loyalty,3,18
7092,박효신,loyalty,4,13
7093,박효신,loyalty,5,9
7094,박효신,loyalty,6,11
7095,박효신,loyalty,7,11
7096,박효신,loyalty,8,26
7097,박효신,loyalty,9,22
7098,박효신,loyalty,10,15
7099,박효신,loyalty,11,22
7100,박효신,loyalty,12,18
7101,박효신,loyalty,13,20
7102,박효신,loyalty,14,10
7103,박효신,spillover,0,19
7104,박효신,spillover,1,11
7105,박효신,spillover,2,13
7106,박효신,spillover,3,16
7107,박효신,spillover,4,25
7108,박효신,spillover,5,24
7109,박효신,spillover,6,27
7110,박효신,spillover,7,24
7111,박효신,spillover,8,11
7112,박효신,spillover,9,6
7113,박효신,spillover,10,11
7114,박효신,spillover,11,13
7115,박효신,spillover,12,9
7116,박효신,spillover,13,7
7117,박효신,spillover,14,17
7118,박효신,spillover,15,5
7119,박효신,spillover,16,23
7120,박효신,spillover,17,17
7121,박효신,spillover,18,17
7122,pH-1,loyalty,0,14
7123,pH-1,loyalty,1,13
7124,pH-1,loyalty,2,16
7125,pH-1,loyalty,3,8
7126,pH-1,loyalty,4,22
7127,pH-1,loyalty,5,19
7128,pH-1,loyalty,6,13
7129,pH-1,loyalty,7,21
7130,pH-1,loyalty,8,27
7131,pH-1,loyalty,9,13
7132,pH-1,loyalty,10,14
7133,pH-1,loyalty,11,14
7134,pH-1,loyalty,12,9
7135,pH-1,spillover,0,14
7136,pH-1,spillover,1,21
7137,pH-1,spillover,2,10
7138,pH-1,spillover,3,6
7139,pH-1,spillover,4,8
7140,pH-1,spillover,5,15
7141,pH-1,spillover,6,16
7142,pH-1,spillover,7,6
7143,pH-1,spillover,8,7
7144,pH-1,spillover,9,11
7145,pH-1,spillover,10,16
7146,pH-1,spillover,11,10
7147,pH-1,spillover,12,24
7148,pH-1,spillover,13,15
7149,pH-1,spillover,14,9
7150,pH-1,spillover,15,7
7151,pH-1,spillover,16,23
7152,pH-1,spillover,17,34
7153,pH-1,spillover,18,13
7154,pH-1,spillover,19,17
7155,pH-1,spillover,20,17
7156,한로로,loyalty,0,6
7157,한로로,loyalty,1,19
7158,한로로,loyalty,2,11
7159,한로로,loyalty,3,15
7160,한로로,loyalty,4,17
7161,한로로,loyalty,5,12
7162,한로로,loyalty,6,16
7163,한로로,loyalty,7,6
7164,한로로,loyalty,8,5
7165,한로로,loyalty,9,17
7166,한로로,loyalty,10,21
7167,한로로,loyalty,11,7
7168,한로로,loyalty,12,15
7169,한로로,loyalty,13,18
7170,한로로,loyalty,14,21
7171,한로로,loyalty,15,11
7172,한로로,spillover,0,14
7173,한로로,spillover,1,16
7174,한로로,spillover,2,14
7175,한로로,spillover,3,12
7176,한로로,spillover,4,12
7177,한로로,spillover,5,9
7178,한로로,spillover,6,10
7179,한로로,spillover,7,24
7180,한로로,spillover,8,30
7181,한로로,spillover,9,29
7182,한로로,spillover,10,5
7183,한로로,spillover,11,6
7184,한로로,spillover,12,5
7185,한로로,spillover,13,4
7186,한로로,spillover,14,16
7187,한로로,spillover,15,11
7188,한로로,spillover,16,14
7189,이문세,loyalty,0,13
7190,이문세,loyalty,1,14
7191,이문세,loyalty,2,11
7192,이문세,loyalty,3,10
7193,이문세,loyalty,4,13
7194,이문세,loyalty,5,18
7195,이문세,loyalty,6,14
7196,이문세,loyalty,7,19
7197,이문세,loyalty,8,18
7198,이문세,loyalty,9,12
7199,이문세,loyalty,10,13
7200,이문세,spillover,0,19
7201,이문세,spillover,1,13
7202,이문세,spillover,2,5
7203,이문세,spillover,3,6
7204,이문세,spillover,4,11
7205,이문세,spillover,5,10
7206,이문세,spillover,6,17
7207,이문세,spillover,7,20
7208,이문세,spillover,8,29
7209,이문세,spillover,9,12
7210,이문세,spillover,10,24
7211,이문세,spillover,11,8
7212,이문세,spillover,12,21
7213,이문세,spillover,13,8
7214,이문세,spillover,14,22
7215,이문세,spillover,15,14
7216,이문세,spillover,16,8
7217,이문세,spillover,17,7
7218,이문세,spillover,18,27
7219,이문세,spillover,19,35
7220,이문세,spillover,20,21
7221,이문세,spillover,21,21
7222,이문세,spillover,22,22
7223,이문세,spillover,23,27
7224,이문세,spillover,24,15
7225,이문세,spillover,25,10
7226,이문세,spillover,26,9
7227,이문세,spillover,27,9
7228,브라운아이즈,loyalty,0,8
7229,브라운아이즈,loyalty,1,12
7230,브라운아이즈,loyalty,2,20
7231,브라운아이즈,loyalty,3,19
7232,브라운아이즈,loyalty,4,16
7233,브라운아이즈,loyalty,5,16
7234,브라운아이즈,loyalty,6,17
7235,브라운아이즈,loyalty,7,12
7236,브라운아이즈,loyalty,8,17
7237,브라운아이즈,loyalty,9,12
7238,브라운아이즈,spillover,0,8
7239,브라운아이즈,spillover,1,12
7240,브라운아이즈,spillover,2,17
7241,브라운아이즈,spillover,3,14
7242,브라운아이즈,spillover,4,13
7243,브라운아이즈,spillover,5,14
7244,브라운아이즈,spillover,6,13
7245,브라운아이즈,spillover,7,22
7246,브라운아이즈,spillover,8,13
7247,브라운아이즈,spillover,9,11
7248,브라운아이즈,spillover,10,19
7249,브라운아이즈,spillover,11,21
7250,브라운아이즈,spillover,12,6
7251,브라운아이즈,spillover,13,5
7252,브라운아이즈,spillover,14,7
7253,브라운아이즈,spillover,15,28
7254,브라운아이즈,spillover,16,27
7255,브라운아이즈,spillover,17,35
7256,브라운아이즈,spillover,18,40
7257,브라운아이즈,spillover,19,28
7258,브라운아이즈,spillover,20,18
7259,거미,loyalty,0,10
7260,거미,loyalty,1,10
7261,거미,loyalty,2,16
7262,거미,loyalty,3,14
7263,거미,loyalty,4,21
7264,거미,loyalty,5,12
7265,거미,loyalty,6,28
7266,거미,loyalty,7,23
7267,거미,loyalty,8,14
7268,거미,loyalty,9,21
7269,거미,loyalty,10,11
7270,거미,loyalty,11,10
7271,거미,loyalty,12,12
7272,거미,loyalty,13,15
7273,거미,loyalty,14,9
7274,거미,loyalty,15,9
7275,거미,spillover,0,16
7276,거미,spillover,1,17
7277,거미,spillover,2,13
7278,거미,spillover,3,18
7279,거미,spillover,4,21
7280,거미,spillover,5,25
7281,거미,spillover,6,18
7282,거미,spillover,7,22
7283,거미,spillover,8,35
7284,거미,spillover,9,9
7285,거미,spillover,10,8
7286,거미,spillover,11,10
7287,거미,spillover,12,15
7288,거미,spillover,13,7
7289,거미,spillover,14,12
7290,거미,spillover,15,20
7291,거미,spillover,16,9
7292,거미,spillover,17,8
7293,거미,spillover,18,26
7294,거미,spillover,19,13
7295,거미,spillover,20,12
7296,거미,spillover,21,16
7297,BE'O,loyalty,0,16
7298,BE'O,loyalty,1,12
7299,BE'O,loyalty,2,14
7300,BE'O,loyalty,3,15
7301,BE'O,loyalty,4,20
7302,BE'O,loyalty,5,19
7303,BE'O,loyalty,6,27
7304,BE'O,loyalty,7,9
7305,BE'O,loyalty,8,23
7306,BE'O,loyalty,9,20
7307,BE'O,loyalty,10,17
7308,BE'O,spillover,0,12
7309,BE'O,spillover,1,11
7310,BE'O,spillover,2,12
7311,BE'O,spillover,3,15
7312,BE'O,spillover,4,13
7313,BE'O,spillover,5,14
7314,BE'O,spillover,6,18
7315,BE'O,spillover,7,12
7316,BE'O,spillover,8,17
7317,BE'O,spillover,9,23
7318,BE'O,spillover,10,14
7319,BE'O,spillover,11,16
7320,BE'O,spillover,12,15
7321,BE'O,spillover,13,9
7322,BE'O,spillover,14,7
7323,BE'O,spillover,15,16
7324,BE'O,spillover,16,11
