col,word,df,tf
0,000개,3,3
1,000만원,4,4
2,000명,16,18
3,000석,14,15
4,000원,4,4
5,000일,2,2
6,000장,15,16
7,000회,2,2
8,019장,2,2
9,046일,2,2
10,082장,2,2
11,0순위,2,2
12,0시,2,2
13,1,3,4
14,10000일,3,3
15,1000곡,2,2
16,1000만뷰,2,3
17,1000만원,3,3
18,100m,2,4
19,100th,2,2
20,100년,2,2
21,100만장,11,12
22,100억,5,5
23,100억원,5,5
24,100위,2,2
25,100일,3,3
26,100주년,2,2
27,100포,3,3
28,100회,2,2
29,104차,2,2
30,1087억원,2,2
31,10cm,34,40
32,10m,2,2
33,10th,25,26
34,10ve,5,5
35,10개,10,10
36,10곡,3,3
37,10년,21,21
38,10년간,4,4
39,10대,5,5
40,10만명,3,3
41,10만장,5,5
42,10명,2,2
43,10배,4,4
44,10분,8,8
45,10시,6,6
46,10억,11,15
47,10억뷰,2,2
48,10억원,5,5
49,10여,2,2
50,10월,150,158
51,10위,8,10
52,10인,3,4
53,10일,39,39
54,10일자,2,2
55,10주년,89,92
56,10집,3,3
57,10회,6,7
58,110대,3,3
59,110만장,5,5
60,11th,2,2
61,11개,2,2
62,11개월,5,5
63,11곡,3,3
64,11년,16,16
65,11배,2,2
66,11시,6,6
67,11월,142,147
68,11위,11,11
69,11일,42,42
70,11일자,2,2
71,11주,3,3
72,11회,3,3
73,120개국,2,2
74,120만원,2,2
75,126장,2,2
76,127위,2,2
77,129억원,2,2
78,12th,2,2
79,12가지,2,2
80,12개,4,4
81,12개국,4,4
82,12년,9,9
83,12부작,2,2
84,12시간,2,2
85,12월,146,151
86,12위,5,5
87,12일,39,39
88,12주년,4,4
89,12집,3,3
90,12편,2,2
91,12회,6,6
92,130m,2,2
93,13th,2,2
94,13개,6,6
95,13개국,2,2
96,13곳,2,2
97,13관왕,2,2
98,13년,5,5
99,13억,2,2
100,13위,5,5
101,13일,32,32
102,13회,2,2
103,140kg,2,2
104,140포,2,2
105,141주,2,2
106,147장,2,2
107,149위,2,2
108,14개,5,5
109,14관왕,2,2
110,14년,7,7
111,14배,2,2
112,14위,2,2
113,14일,46,46
114,14주년,2,2
115,14회,3,3
116,150만장,3,3
117,152만장,2,2
118,156장,2,2
119,15th,4,4
120,15개,3,3
121,15곡,3,3
122,15관왕,2,2
123,15년,15,15
124,15번째,3,3
125,15억원,2,2
126,15위,9,9
127,15일,28,28
128,15주,2,2
129,15주년,15,15
130,16개,3,3
131,16년,4,4
132,16분,2,2
133,16억,2,2
134,16위,2,2
135,16일,29,29
136,16주년,2,2
137,170만장,3,3
138,17th,2,2
139,17개,8,8
140,17년,5,5
141,17억,2,2
142,17위,2,2
143,17일,35,35
144,17주년,3,3
145,17팀,2,2
146,180만장,2,2
147,182장,2,2
148,188장,2,2
149,18th,2,2
150,18개,2,2
151,18개국,2,2
152,18개월,2,2
153,18년,5,5
154,18만장,2,2
155,18억,2,2
156,18일,46,46
157,18주년,3,3
158,1959회,2,2
159,1971년,2,2
160,1980년대,2,2
161,1984년,2,2
162,1986년,2,2
163,1987년,3,4
164,1988년,2,2
165,1990년,2,2
166,1990년대,3,3
167,1993년,2,2
168,1994년,8,8
169,1996년,5,6
170,1997년,6,6
171,1998년,11,11
172,1999년,9,9
173,19일,51,51
174,19주년,2,2
175,19회,6,6
176,1m,3,3
177,1st,19,19
178,1tv,2,2
179,1x1,2,2
180,1개월,2,2
181,1건당,2,2
182,1기,10,10
183,1년,28,29
184,1년간,4,4
185,1년여,2,2
186,1등,3,3
187,1만,26,29
188,1만6,2,2
189,1만명,2,2
190,1만일,4,4
191,1만장,2,2
192,1박,8,9
193,1분,9,9
194,1분기,2,2
195,1세대,5,6
196,1순위,4,4
197,1시,4,4
198,1시간,5,5
199,1억,61,62
200,1억뷰,6,7
201,1억원,17,18
202,1억회,2,2
203,1에,2,2
204,1월,143,150
205,1위,359,419
206,1위곡,3,3
207,1위였,4,4
208,1의,7,7
209,1이,10,10
210,1인,5,5
211,1인당,3,3
212,1일,47,48
213,1일자,2,2
214,1조,2,2
215,1주년,8,8
216,1주일,9,9
217,1집,26,27
218,1차,8,8
219,1천,4,4
220,1층,2,2
221,1호,3,3
222,1회,3,4
223,2,5,5
224,2000년,15,15
225,2000년대,5,5
226,2000만원,2,2
227,2000명,2,2
228,2001년,11,12
229,2002년,17,17
230,2003년,22,23
231,2004년,17,18
232,2005년,14,14
233,2006년,18,18
234,2007년,22,23
235,2008년,21,23
236,2009년,26,26
237,200개,2,2
238,200만,2,2
239,200만명,2,2
240,200만원,2,2
241,200만장,3,3
242,200석,2,3
243,200억원,2,2
244,2010년,26,26
245,2010년대,6,6
246,2011년,44,45
247,2012년,70,72
248,2013년,62,65
249,2014년,58,59
250,2015년,86,88
251,2016년,111,113
252,2017년,98,98
253,2018년,125,126
254,2019년,150,151
255,2020s,2,2
256,2020년,157,160
257,2021년,143,150
258,2022년,192,193
259,2023년,274,277
260,2024년,384,394
261,2025년,560,581
262,2026년,584,605
263,2027년,8,8
264,2030세대,2,2
265,20th,21,21
266,20개,5,5
267,20곡,2,2
268,20년,22,22
269,20년간,2,2
270,20대,6,6
271,20만원,2,2
272,20만장,2,2
273,20분,7,7
274,20억,4,5
275,20억원,2,2
276,20여,3,3
277,20일,38,38
278,20주년,68,70
279,20회,6,6
280,213회,2,2
281,214장,2,2
282,21개,2,2
283,21세기,8,8
284,21일,44,45
285,21주년,2,2
286,22년,4,4
287,22분,2,2
288,22억,2,2
289,22위,2,2
290,22일,47,47
291,23개,6,6
292,23년,4,4
293,23년간,2,2
294,23일,40,40
295,23주년,2,2
296,24곡,2,2
297,24년,4,4
298,24시간,16,16
299,24억원,2,2
300,24위,4,4
301,24일,28,28
302,25ss,2,2
303,25th,4,4
304,25개,2,2
305,25년,4,4
306,25만장,3,3
307,25시,4,4
308,25억,5,5
309,25일,47,47
310,25주년,9,9
311,25화,2,2
312,260만장,2,2
313,26개,4,4
314,26년,4,4
315,26년차,2,2
316,26일,40,40
317,26주년,4,4
318,27개,3,3
319,27년,3,3
320,27일,37,37
321,27회,3,3
322,281장,3,3
323,28개,4,4
324,28년,4,4
325,28번째,2,2
326,28일,45,45
327,28회,2,2
328,29위,3,3
329,29일,29,29
330,29회,2,2
331,2days,2,2
332,2nd,17,18
333,2tv,7,7
334,2개,6,6
335,2개월,5,5
336,2관왕,6,6
337,2기,11,11
338,2년,46,46
339,2년간,5,5
340,2단계,2,2
341,2라운드,3,3
342,2만,18,18
343,2만3,3,3
344,2만5000명,2,2
345,2배,13,13
346,2번째,2,2
347,2부,2,2
348,2분,12,12
349,2분기,2,2
350,2세대,3,3
351,2시,3,3
352,2시간,7,7
353,2억,6,7
354,2억원,3,3
355,2에,2,2
356,2월,138,141
357,2월6일,2,2
358,2위,54,57
359,2인,2,2
360,2일,51,52
361,2일간,2,2
362,2일차,2,2
363,2장,2,2
364,2주,13,13
365,2주간,3,3
366,2주년,6,7
367,2집,41,43
368,2차,11,11
369,2천,11,11
370,2회,19,21
371,2회차,5,5
372,300개,2,2
373,300만원,3,3
374,300만장,3,3
375,300명,4,4
376,300억,2,2
377,300억원,3,3
378,300여,2,2
379,300회,3,3
380,30th,3,3
381,30가구,2,2
382,30개,4,4
383,30곡,2,2
384,30년간,2,2
385,30대,4,4
386,30만원,2,2
387,30명,3,3
388,30분,8,8
389,30억,2,2
390,30억원,2,2
391,30일,47,47
392,30주년,9,9
393,30초,3,3
394,31개,2,2
395,31억원,2,2
396,31위,2,2
397,31일,39,39
398,31주,3,3
399,31회,4,4
400,321장,2,2
401,32번째,2,2
402,32위,2,2
403,32회,7,7
404,330명,2,2
405,34개,2,2
406,34회,2,2
407,357원,2,2
408,35위,2,2
409,35일,3,3
410,365일간,3,3
411,367장,4,4
412,36회,2,2
413,373장,2,2
414,388장,2,2
415,390장,2,2
416,39회,4,4
417,3ce,2,2
418,3days,2,2
419,3logy,8,8
420,3rd,14,15
421,3가지,2,2
422,3개,17,17
423,3개월,8,8
424,3개월간,2,2
425,3곡,6,6
426,3관왕,8,8
427,3기,9,9
428,3년,29,30
429,3년간,2,2
430,3대,8,8
431,3만,27,28
432,3만명,2,2
433,3만여,2,2
434,3만원,2,2
435,3명,2,2
436,3배,4,4
437,3번째,10,10
438,3부작,3,3
439,3분,12,12
440,3사,4,4
441,3세대,2,2
442,3시,3,3
443,3시간,7,7
444,3억,13,13
445,3억원,8,8
446,3월,148,154
447,3위,40,41
448,3인,3,3
449,3일,52,52
450,3일간,18,18
451,3장,3,3
452,3종,8,8
453,3주,8,9
454,3주간,2,2
455,3주년,5,5
456,3집,38,38
457,3차,2,2
458,3천,11,11
459,3층,2,2
460,3편,2,2
461,3회,22,22
462,3회차,7,7
463,400명,2,2
464,400억,2,2
465,400억원,2,2
466,406회,2,2
467,40th,3,3
468,40개,2,2
469,40년간,2,2
470,40만장,2,2
471,40억원,2,2
472,40주년,15,15
473,41개,2,2
474,41년,3,3
475,420장,2,2
476,42년,2,2
477,450만장,2,2
478,460만장,2,2
479,461장,2,2
480,475명,2,2
481,48위,2,2
482,4dx,3,5
483,4th,11,12
484,4ward,4,4
485,4개,14,14
486,4개월,10,10
487,4곡,3,3
488,4관왕,2,2
489,4년,20,20
490,4년간,5,5
491,4대,3,3
492,4만,24,25
493,4배,2,2
494,4번째,4,4
495,4부작,2,2
496,4분기,2,2
497,4세대,7,7
498,4시간,2,2
499,4억,5,5
500,4연속,4,4
501,4월,169,172
502,4월8일,2,2
503,4위,17,17
504,4인,5,5
505,4인조,2,2
506,4일,48,48
507,4일간,3,3
508,4주,5,5
509,4주년,6,6
510,4집,25,25
511,4천,15,16
512,4회,7,7
513,5000만원,2,2
514,5000명,2,2
515,5000병,2,3
516,500만원,4,4
517,500만장,6,6
518,500석,2,2
519,500장,2,2
520,50s,2,2
521,50th,2,2
522,50대,2,2
523,50만원,2,2
524,50만장,3,3
525,50번째,2,2
526,50억,6,6
527,50억원,4,4
528,50인,4,4
529,50주년,3,3
530,513만장,2,2
531,51회,4,4
532,520만장,2,2
533,52일,2,2
534,53일,2,2
535,545장,2,2
536,551장,2,2
537,577장,4,4
538,5m,5,5
539,5th,10,10
540,5개,17,17
541,5개국,2,2
542,5개월,6,6
543,5곡,5,5
544,5관왕,4,4
545,5기,5,5
546,5년,14,14
547,5년간,2,2
548,5대,2,2
549,5만,24,25
550,5만장,2,2
551,5명,4,4
552,5배,4,4
553,5번째,7,7
554,5부작,5,7
555,5분,14,14
556,5억,9,11
557,5억원,3,3
558,5월,215,233
559,5월4일,2,2
560,5위,15,15
561,5인,17,17
562,5인조,2,2
563,5일,24,25
564,5장,6,6
565,5주,3,3
566,5주년,6,6
567,5집,12,13
568,5천,9,10
569,5천석,2,2
570,5회,17,19
571,5회차,2,2
572,60억,3,3
573,60억뷰,2,2
574,610장,2,2
575,613명,2,2
576,63만장,2,2
577,663장,2,2
578,665억원,2,2
579,6days,2,2
580,6th,5,5
581,6개,11,11
582,6개월,6,6
583,6개월간,2,2
584,6곡,4,5
585,6관왕,3,3
586,6기,6,6
587,6년,30,31
588,6년째,2,2
589,6만,15,16
590,6배,2,2
591,6번째,10,11
592,6병꼴,2,2
593,6시,7,7
594,6억,4,5
595,6월,164,166
596,6월13일,2,2
597,6위,10,10
598,6인,6,6
599,6인조,3,3
600,6일,36,36
601,6일간,3,3
602,6주,5,5
603,6주간,3,3
604,6주년,4,4
605,6집,7,7
606,6천,7,7
607,6회,8,8
608,7000장,3,3
609,71위,2,2
610,744장,2,2
611,74위,2,2
612,75억,2,2
613,75억원,4,4
614,785장,3,3
615,78위,2,2
616,79일,2,2
617,7pm,2,2
618,7th,6,6
619,7개,17,17
620,7개월,12,12
621,7곡,5,5
622,7관왕,3,3
623,7기,5,5
624,7년,19,19
625,7년만,2,2
626,7만,18,18
627,7만장,2,2
628,7명,3,3
629,7번째,5,5
630,7분,2,2
631,7시,4,4
632,7억,2,2
633,7월,186,191
634,7월19일,3,3
635,7위,14,14
636,7인,6,6
637,7일,44,45
638,7주,2,2
639,7주년,4,4
640,7집,4,4
641,7천,9,9
642,7회,5,5
643,807장,2,2
644,80위,2,2
645,80주년,2,2
646,81위,2,2
647,81회,2,2
648,8254병,3,3
649,855명,3,3
650,88rising,4,4
651,88위,2,2
652,8pm,2,2
653,8th,3,3
654,8가지,2,2
655,8개,14,15
656,8개국,3,3
657,8개월,4,4
658,8년,21,21
659,8만,12,12
660,8번째,3,3
661,8분,6,6
662,8시,5,6
663,8억,2,2
664,8월,337,378
665,8월9일,2,2
666,8위,18,18
667,8인조,2,2
668,8일,47,47
669,8장,2,2
670,8주,3,3
671,8집,3,3
672,8천,10,11
673,8회,10,10
674,902장,2,2
675,910장,2,2
676,91위,3,3
677,93위,3,3
678,947장,2,2
679,959장,2,2
680,998장,2,2
681,9th,2,2
682,9가,2,2
683,9개,14,14
684,9곡,3,3
685,9년,20,20
686,9만,10,10
687,9명,2,2
688,9시,3,3
689,9월,219,228
690,9위,10,10
691,9인,5,5
692,9일,38,38
693,9천,3,3
694,9호,2,2
695,9회,5,5
696,aaa,7,7
697,abc뉴스,2,2
698,academy,2,2
699,access,2,2
700,account,4,5
701,ace,2,2
702,achieve,2,2
703,achieved,5,6
704,act,33,35
705,acting,2,2
706,active,17,17
707,actively,6,6
708,activities,10,10
709,activity,8,8
710,actor,3,3
711,actress,5,5
712,acts,3,3
713,actually,3,3
714,ad,7,7
715,add,3,3
716,added,12,13
717,additional,6,6
718,adidas,5,5
719,ador,7,7
720,adults,2,2
721,advertisements,2,2
722,advertising,9,10
723,advocacy,2,2
724,aeao,2,2
725,aespa,44,47
726,age,5,5
727,age20,2,2
728,agency,11,11
729,ahead,14,14
730,ai,6,6
731,aichi,2,2
732,aimed,8,8
733,air,3,3
734,airport,5,5
735,akkademy,2,2
736,akmu,22,24
737,akmutopia,2,2
738,album,134,165
739,albums,42,48
740,algorithm,3,3
741,alive,3,3
742,alleged,2,2
743,allo,2,2
744,almond,4,4
745,alone,9,9
746,alongside,18,18
747,als,2,2
748,always,3,3
749,am,13,14
750,amazing,3,3
751,amazon,2,2
752,ambassador,56,73
753,ambassadors,17,22
754,ambassadorships,2,2
755,america,18,21
756,american,15,15
757,angeles,4,4
758,anniversary,70,78
759,announcement,16,16
760,announcements,2,2
761,announcing,2,2
762,annual,9,9
763,annually,2,2
764,answer,3,3
765,anthem,2,2
766,anti,2,2
767,anticipation,2,2
768,antifragile,5,5
769,aomg,3,3
770,apart,2,2
771,apartment,3,3
772,apec,3,3
773,apink,19,22
774,app,2,2
775,apparel,2,2
776,appear,4,4
777,appearance,11,11
778,appearances,2,2
779,appeared,8,8
780,appearing,3,3
781,apple,6,6
782,applicants,2,2
783,appointed,6,6
784,appointments,2,2
785,approach,2,2
786,approximately,3,3
787,apr,11,14
788,april,44,46
789,arena,25,27
790,argentina,4,4
791,arirang,15,15
792,ariss,4,4
793,arlington,2,2
794,armani,2,2
795,army,12,12
796,arranged,2,2
797,art,4,4
798,article,14,14
799,artist,60,66
800,artistas,2,2
801,artists,16,16
802,arts,7,7
803,ascend,2,2
804,asia,51,59
805,asiad,2,2
806,asian,23,24
807,asking,2,2
808,asnd,3,3
809,associated,2,2
810,association,6,6
811,atbo,2,2
812,ate,2,2
813,ateez,44,51
814,atiny,8,9
815,atlanta,2,2
816,atrp,2,2
817,attacca,2,2
818,attack,3,3
819,attempt,2,2
820,attend,5,5
821,attendance,14,14
822,attended,4,4
823,attendees,27,29
824,attention,3,3
825,attributed,4,4
826,audience,9,9
827,audiences,6,6
828,auditorio,5,5
829,aug,35,39
830,august,22,23
831,australia,4,4
832,authority,3,3
833,autumn,2,3
834,available,4,4
835,average,2,2
836,avex,2,2
837,award,15,17
838,awards,61,89
839,away,3,4
840,axiata,5,5
841,b41120,2,2
842,baaam,2,2
843,babies,6,6
844,baby,4,4
845,babymons7er,3,3
846,babymonster,29,31
847,back,22,22
848,backed,2,2
849,bad,5,5
850,baddie,3,4
851,baek,4,5
852,baekhyun,2,3
853,baeksang,3,3
854,baguette,2,2
855,bagus,2,2
856,baike,12,12
857,ball,2,2
858,ballad,3,3
859,balloon,2,2
860,bam,3,3
861,band,21,23
862,banda,2,2
863,bandmates,2,2
864,bang,9,15
865,bangkok,43,43
866,bangtan,2,2
867,bank,12,12
868,barcelona,2,2
869,base,5,5
870,based,4,4
871,baseline,4,4
872,batter,6,6
873,bay,3,3
874,bb,6,6
875,bbc,2,2
876,beam,3,3
877,bear,6,6
878,beat,6,6
879,beating,3,4
880,beatles,2,2
881,beautiful,9,9
882,beauty,16,19
883,became,46,47
884,becoming,4,4
885,beenzino,3,3
886,beer,2,2
887,beg,2,2
888,begin,4,4
889,beginning,3,3
890,behavior,5,5
891,beijing,4,5
892,beloved,3,3
893,bench,3,3
894,berlin,3,3
895,bersama,3,3
896,best,64,73
897,better,8,8
898,beverage,3,3
899,bexco,3,3
900,bi,2,2
901,biaf,3,3
902,biaf2026,3,3
903,biasa,3,3
904,bibi,22,23
905,bibigo,2,2
906,bible,5,5
907,big,7,7
908,bigbang,15,16
909,biggest,5,5
910,bighit,2,2
911,biiig,3,3
912,billboard,59,69
913,billed,3,3
914,billion,30,38
915,biography,7,7
916,birthday,6,6
917,black,4,4
918,blackpink,59,61
919,blind,2,2
920,blink,8,8
921,bloco,2,2
922,blog,3,3
923,bloom,4,4
924,blooms,2,2
925,blossom,4,4
926,blue,28,28
927,blueprint,2,2
928,blues,5,5
929,bmo,2,2
930,boa,20,22
931,bobby,3,3
932,body,8,9
933,bof,2,2
934,boice,5,5
935,boletos,2,2
936,bolon,3,3
937,bom,3,5
938,bomb,8,8
939,bond,2,2
940,border,2,2
941,born,29,29
942,boss,9,9
943,boucheron,2,2
944,bounce,2,2
945,bowl,2,2
946,box,6,6
947,boy,13,13
948,boys,9,11
949,boyz,2,2
950,bpkn,3,4
951,brand,81,97
952,branded,3,3
953,brasil,2,2
954,break,6,6
955,breaking,7,7
956,breakthrough,2,2
957,bridge,3,3
958,bright,2,2
959,briize,9,9
960,bring,3,3
961,bringing,2,2
962,british,2,2
963,broad,4,4
964,broadcast,9,9
965,broader,3,3
966,broke,3,3
967,bs,2,2
968,bsd,8,8
969,bstage,3,3
970,btob,35,41
971,bts,156,171
972,bts노믹스,2,2
973,bubble,2,2
974,build,3,3
975,building,4,4
976,built,3,3
977,bulgari,2,2
978,bull,2,2
979,bunnies,9,11
980,burberry,2,2
981,busan,11,11
982,business,2,2
983,button,2,2
984,buzz,2,2
985,byc,3,3
986,byeon,2,2
987,bán,3,5
988,bạn,2,2
989,b가,3,3
990,ca,3,3
991,cafe,7,7
992,café,2,2
993,california,2,2
994,call,8,8
995,called,2,2
996,calvin,3,3
997,cam,3,3
998,camp,5,6
999,campaign,34,37
1000,campaigns,2,2
1001,canada,2,2
1002,cancer,4,4
1003,canciones,2,2
1004,candidate,6,6
1005,candy,2,2
1006,cao,2,2
1007,capacity,5,5
1008,capsule,6,6
1009,carat,7,9
1010,carats,2,2
1011,card,7,7
1012,cards,2,2
1013,career,17,17
1014,carried,3,3
1015,carries,6,6
1016,casino,3,3
1017,cassiopeia,3,3
1018,cast,4,4
1019,catalog,12,12
1020,catalogue,3,4
1021,catalogued,5,5
1022,catcher,2,2
1023,category,4,4
1024,causes,2,2
1025,cbs,2,2
1026,cd,3,4
1027,cdmx,5,5
1028,celebrate,2,2
1029,celebrating,2,2
1030,celebration,2,2
1031,celebrities,2,2
1032,celebrity,9,9
1033,celine,3,3
1034,center,5,5
1035,centiner,3,3
1036,century,3,3
1037,ceremonial,2,2
1038,ceremony,9,9
1039,certification,6,6
1040,certified,4,5
1041,cf,16,16
1042,cgv,5,6
1043,ch,2,2
1044,challenge,5,5
1045,champion,4,5
1046,chan,13,14
1047,chanel,6,6
1048,change,4,4
1049,changes,2,2
1050,chanmina,2,2
1051,channel,15,16
1052,channels,2,2
1053,chaos,3,3
1054,chapter,20,21
1055,charisma,3,3
1056,charity,7,7
1057,chart,108,135
1058,charted,7,7
1059,charting,4,4
1060,charts,17,17
1061,chase,8,8
1062,chasing,2,2
1063,check,2,2
1064,checkmate,7,8
1065,cheering,2,2
1066,cherish,2,2
1067,cheshire,3,3
1068,chest,3,3
1069,chi,2,2
1070,chia,2,2
1071,chiba,2,2
1072,chicago,5,5
1073,chicken,3,4
1074,child,8,8
1075,childfund,2,2
1076,childhood,3,3
1077,children,6,8
1078,chile,2,2
1079,china,22,24
1080,chinese,35,47
1081,chiquita,2,2
1082,chocolate,5,5
1083,choice,6,6
1084,choom,8,9
1085,chopard,3,3
1086,chosun,6,6
1087,christmas,3,3
1088,chrysalis,2,2
1089,chu,3,4
1090,chul,4,4
1091,chung,4,4
1092,chungha,3,3
1093,chuu,6,7
1094,chóng,2,2
1095,chỉ,2,2
1096,cinema,4,4
1097,cinemas,6,6
1098,circle,17,17
1099,circuit,3,3
1100,cited,3,3
1101,citi,2,2
1102,cities,21,22
1103,citing,6,6
1104,city,36,37
1105,cj,7,7
1106,claire,2,2
1107,clinique,2,2
1108,closer,6,6
1109,closing,2,2
1110,clothing,2,2
1111,cloud,6,7
1112,club,88,100
1113,cm송,7,7
1114,cnblue,47,54
1115,cnn,17,17
1116,cnp,2,2
1117,co,18,18
1118,coach,5,5
1119,coachella,5,5
1120,coca,4,4
1121,code,8,8
1122,coer,6,6
1123,cohort,2,2
1124,coined,2,2
1125,cola,4,4
1126,collaborated,7,7
1127,collaboration,11,11
1128,collaborations,13,13
1129,collection,7,7
1130,colombia,3,3
1131,color,16,16
1132,colors,2,2
1133,combined,8,8
1134,combining,2,2
1135,come,13,14
1136,comeback,28,28
1137,comme,2,2
1138,commemorate,2,2
1139,comments,2,2
1140,commercial,12,12
1141,common,3,3
1142,community,13,13
1143,companions,2,2
1144,company,3,3
1145,competition,6,6
1146,complaints,2,2
1147,complete,7,7
1148,completed,7,7
1149,completely,14,14
1150,complex,5,5
1151,composed,3,3
1152,composition,2,2
1153,concept,2,2
1154,concert,180,213
1155,concerts,33,34
1156,concierto,3,3
1157,concurrent,2,2
1158,confirmed,10,10
1159,confirming,7,7
1160,conocidos,2,2
1161,consecutive,29,30
1162,consistent,5,5
1163,consistently,2,2
1164,construction,3,3
1165,content,14,14
1166,context,3,3
1167,continents,4,4
1168,continue,3,3
1169,continued,12,12
1170,continues,4,4
1171,continuing,5,5
1172,continuous,2,2
1173,continuously,2,2
1174,contract,10,10
1175,contributed,2,2
1176,controversy,5,5
1177,convenience,3,3
1178,cool,2,2
1179,copies,74,114
1180,core,5,5
1181,corner,3,3
1182,corporate,3,3
1183,corporation,2,2
1184,cortis,59,62
1185,corée,2,2
1186,cosmetic,2,2
1187,cosmetics,3,3
1188,cosmos,4,4
1189,count,2,2
1190,countdown,5,5
1191,counting,3,3
1192,countries,11,11
1193,county,3,4
1194,court,2,2
1195,cover,4,4
1196,coverage,38,39
1197,covered,45,45
1198,covering,7,7
1199,covers,3,3
1200,covid,2,2
1201,crazier,2,2
1202,crazy,12,13
1203,cream,2,2
1204,creator,2,2
1205,crescent,2,2
1206,crocs,4,4
1207,cross,13,13
1208,crossover,10,10
1209,crown,2,2
1210,cruise,2,2
1211,crush,38,46
1212,crushbomb,6,6
1213,cry,3,3
1214,cu,7,10
1215,cultura,2,2
1216,cultural,12,12
1217,culture,14,15
1218,cumulative,16,16
1219,cup,6,7
1220,curated,3,3
1221,current,2,2
1222,customer,2,2
1223,customs,2,2
1224,cyberlove,3,3
1225,cycles,2,2
1226,cộng,2,2
1227,cực,2,2
1228,daegu,7,7
1229,daejeon,5,5
1230,daily,7,7
1231,dalla,4,8
1232,damn,3,3
1233,dance,6,6
1234,dancing,2,2
1235,danielle,5,5
1236,data,4,4
1237,database,3,3
1238,date,14,14
1239,dated,6,6
1240,dates,24,24
1241,dating,3,3
1242,davichi,4,4
1243,david,3,3
1244,dawn,2,2
1245,day,54,56
1246,day2,2,2
1247,day3,2,2
1248,day6,49,51
1249,days,29,31
1250,ddu,2,4
1251,deadline,15,16
1252,deal,3,3
1253,deals,11,11
1254,dean,2,2
1255,dear,4,4
1256,debut,109,126
1257,debuted,18,19
1258,debuting,3,3
1259,dec,32,40
1260,decade,6,6
1261,decades,4,4
1262,december,8,8
1263,dedicated,34,34
1264,dejavu,2,2
1265,demand,17,17
1266,demon,3,3
1267,demonstrating,5,5
1268,dentiste,2,2
1269,departure,4,4
1270,descendants,5,5
1271,described,17,17
1272,describing,13,13
1273,destiny,7,7
1274,details,6,6
1275,detikcom,26,26
1276,detikhot,7,7
1277,detikpop,6,6
1278,diamond,2,2
1279,diary,3,3
1280,different,4,4
1281,digital,34,37
1282,dinh,2,2
1283,dior,4,4
1284,diplomatic,3,3
1285,direct,11,11
1286,directly,3,3
1287,dirty,2,2
1288,disaster,3,3
1289,disbandment,4,4
1290,disc,4,4
1291,discography,5,5
1292,discord,7,7
1293,discussed,3,3
1294,discussing,4,4
1295,discussion,4,4
1296,disney,3,4
1297,dispute,2,2
1298,distinct,2,2
1299,distribution,5,5
1300,district,3,3
1301,ditto,2,2
1302,dive,9,9
1303,dj,12,13
1304,dk,2,2
1305,dle,6,6
1306,documentary,5,5
1307,documented,3,3
1308,documents,2,2
1309,dolce,2,2
1310,domain,7,9
1311,dome,60,67
1312,domestic,9,9
1313,domestically,4,4
1314,dominance,2,2
1315,dominate,8,9
1316,dominated,2,2
1317,dominating,2,2
1318,don,14,14
1319,donated,48,51
1320,donation,3,3
1321,donations,5,6
1322,done,6,6
1323,donor,2,2
1324,door,3,3
1325,double,5,5
1326,doubt,3,3
1327,downloads,11,14
1328,dr,8,8
1329,dragon,17,22
1330,drama,18,20
1331,draw,4,4
1332,drawing,13,13
1333,dream,40,51
1334,dreams,2,2
1335,drew,43,50
1336,drip,9,9
1337,drive,5,5
1338,driven,3,3
1339,drop,2,2
1340,drove,2,2
1341,dua,2,2
1342,dubbed,3,3
1343,duet,6,6
1344,dui,2,2
1345,dumhdurum,2,2
1346,dun,2,4
1347,dunia,2,2
1348,duo,4,4
1349,duty,3,4
1350,dvd,2,2
1351,dye,2,2
1352,dynamicduo,2,2
1353,dynamite,3,3
1354,dân,4,4
1355,earlier,8,8
1356,earned,9,9
1357,earning,4,4
1358,earthquake,3,3
1359,east,3,3
1360,easy,10,10
1361,eat,3,3
1362,eclipse,2,2
1363,economic,4,4
1364,economy,2,2
1365,ecosystem,3,3
1366,edition,9,9
1367,effect,2,2
1368,eight,4,4
1369,elegant,2,2
1370,eleven,5,5
1371,elf,2,2
1372,elsword,2,2
1373,emerging,3,3
1374,emotive,2,2
1375,empathy,4,4
1376,empire,2,2
1377,ena,6,6
1378,encore,10,10
1379,encyclopedia,6,6
1380,end,17,18
1381,ended,2,2
1382,endorsement,4,5
1383,endorsements,5,5
1384,energetic,2,2
1385,eng,2,2
1386,engagement,15,15
1387,english,2,2
1388,enhypen,4,4
1389,enka,8,9
1390,enlistment,5,5
1391,enm,4,4
1392,enrollment,3,3
1393,entered,2,2
1394,entertainment,51,57
1395,enthusiastic,2,2
1396,entire,3,3
1397,entirely,4,4
1398,entre,3,3
1399,entries,6,6
1400,entry,19,21
1401,ep,93,101
1402,epik,5,5
1403,epikase,2,2
1404,episode,6,6
1405,eps,3,3
1406,equivalent,3,3
1407,era,7,7
1408,essentialism,2,2
1409,established,4,4
1410,estadio,5,5
1411,estadios,2,2
1412,este,4,4
1413,estimated,12,12
1414,eta,2,2
1415,etc,3,3
1416,etude,3,3
1417,eun,5,5
1418,eunbi,7,8
1419,europe,15,16
1420,european,4,4
1421,eve,11,11
1422,event,18,19
1423,events,9,10
1424,ever,44,45
1425,everything,4,4
1426,evidence,13,13
1427,exceed,4,4
1428,excl,4,5
1429,exclusive,15,15
1430,exhibition,4,4
1431,exhorizon,4,4
1432,exid,2,2
1433,exist,2,2
1434,exists,2,2
1435,exo,61,84
1436,expanded,3,3
1437,expanding,4,4
1438,expansion,2,2
1439,expected,2,2
1440,explicitly,7,7
1441,expo,3,3
1442,expressed,2,2
1443,extended,4,4
1444,extending,3,3
1445,extensive,7,7
1446,extra,3,3
1447,eyes,4,4
1448,eyewear,2,2
1449,face,6,6
1450,facing,5,5
1451,factory,5,5
1452,fairy,2,2
1453,fall,4,4
1454,falling,2,2
1455,fame,2,2
1456,families,2,2
1457,family,6,6
1458,fan,203,254
1459,fanbase,14,14
1460,fanclub,7,7
1461,fandom,33,34
1462,fandoms,4,4
1463,fangod,3,3
1464,fanmeeting,4,4
1465,fans,73,79
1466,fanta,2,2
1467,fantasy,8,8
1468,fanáticos,2,2
1469,far,3,3
1470,farewell,2,2
1471,fashion,12,14
1472,fast,4,4
1473,fastest,8,9
1474,fate,8,8
1475,fc,4,4
1476,fearless,4,4
1477,fearnot,9,10
1478,feat,10,11
1479,feature,9,9
1480,featured,10,10
1481,featuring,8,8
1482,feb,41,45
1483,february,11,11
1484,fechas,2,2
1485,fee,2,2
1486,feel,10,10
1487,feels,4,4
1488,fellow,3,3
1489,fellowship,3,3
1490,female,23,24
1491,fendi,7,7
1492,fest,3,3
1493,festival,32,34
1494,field,2,4
1495,fifa,4,4
1496,figures,2,2
1497,fila,3,3
1498,film,13,13
1499,final,9,9
1500,finale,5,5
1501,finance,5,5
1502,financial,2,2
1503,find,2,2
1504,fine,2,2
1505,fino,2,2
1506,fire,3,3
1507,five,16,16
1508,flagged,2,2
1509,flame,2,2
1510,flash,5,5
1511,flood,3,3
1512,flower,9,9
1513,flowering,2,2
1514,flowers,2,2
1515,fly,2,2
1516,fm4u,4,4
1517,fml,5,5
1518,fnc,2,3
1519,fnc엔터테인먼트,3,3
1520,focus,3,3
1521,focused,3,3
1522,follow,2,2
1523,followed,4,4
1524,followers,2,2
1525,following,19,19
1526,food,6,6
1527,forbes,8,9
1528,foreign,11,12
1529,forever,15,15
1530,forget,2,2
1531,form,4,4
1532,formal,3,3
1533,format,3,3
1534,former,5,5
1535,found,2,2
1536,foundation,10,11
1537,founded,5,5
1538,founding,2,2
1539,four,10,10
1540,fourever,17,17
1541,framed,6,6
1542,framing,7,7
1543,france,3,3
1544,free,10,11
1545,frequent,2,2
1546,friend,3,3
1547,friends,10,10
1548,fromis,9,9
1549,frontier,4,4
1550,ftisland,19,22
1551,ft아일랜드,20,20
1552,fukuoka,2,2
1553,full,15,15
1554,fully,3,3
1555,fun,3,3
1556,fund,6,7
1557,funded,2,2
1558,further,4,4
1559,future,4,4
1560,fw,3,3
1561,g20,2,2
1562,g5,2,2
1563,gabbana,2,2
1564,gain,2,2
1565,gak,2,2
1566,galaxy,5,5
1567,gallery,3,3
1568,gallup,5,5
1569,game,5,6
1570,gaming,2,2
1571,gang,4,4
1572,gangnam,8,9
1573,gaon,22,25
1574,garden,7,7
1575,garæ,2,2
1576,gave,2,2
1577,gayo,2,2
1578,gbk,2,2
1579,gd,2,2
1580,gdp,3,3
1581,gee,2,2
1582,gen,4,4
1583,general,13,13
1584,generated,14,14
1585,generation,19,21
1586,generational,8,8
1587,generations,3,3
1588,genfest,2,2
1589,genre,4,5
1590,genres,3,3
1591,gentleman,2,2
1592,genuine,2,2
1593,get,12,12
1594,gfriend,28,31
1595,gian,2,2
1596,giants,2,2
1597,gift,3,3
1598,girl,49,50
1599,girlfriend,2,2
1600,girls,18,20
1601,given,2,2
1602,givenchy,5,5
1603,giving,3,3
1604,giả,3,3
1605,glass,2,2
1606,glitter,2,2
1607,gllit,6,6
1608,global,64,75
1609,globally,6,6
1610,globe,2,2
1611,glory,3,3
1612,glow,6,6
1613,gnp,5,5
1614,go,32,39
1615,goal,2,2
1616,gocheok,3,3
1617,god,38,42
1618,goes,2,2
1619,gogo,2,2
1620,going,4,4
1621,gold,4,4
1622,golden,14,16
1623,golf,2,2
1624,golive,2,2
1625,gomez,2,2
1626,good,7,7
1627,goodbye,2,2
1628,goods,2,2
1629,goodwill,2,2
1630,got,4,4
1631,got7,15,15
1632,gotta,6,6
1633,governors,2,2
1634,goyang,5,5
1635,gq코리아,3,3
1636,gracias,2,2
1637,grand,6,6
1638,grassroots,3,3
1639,greater,3,3
1640,greatest,3,3
1641,green,4,4
1642,greengreen,10,10
1643,greet,2,2
1644,grossed,3,3
1645,grossing,4,4
1646,group,137,151
1647,groups,7,7
1648,grown,2,2
1649,growth,4,4
1650,grubu,2,2
1651,grupo,4,4
1652,gucci,7,8
1653,guerrilla,2,2
1654,guess,8,8
1655,guest,5,5
1656,guinness,5,6
1657,guitar,3,3
1658,gummy,2,3
1659,gwang,2,2
1660,gwangju,2,2
1661,gyeongsang,2,2
1662,gymnasium,13,13
1663,gymnastics,2,2
1664,gây,2,2
1665,gần,2,2
1666,g마켓,2,2
1667,h1ghr,6,6
1668,ha,6,6
1669,haart,3,4
1670,hadir,2,2
1671,haerin,3,3
1672,hal,2,2
1673,half,4,4
1674,hall,22,22
1675,hallyu,5,5
1676,halo,2,2
1677,han,3,3
1678,handball,2,2
1679,hanni,5,5
1680,hanoi,3,4
1681,hanteo,4,4
1682,happiness,3,3
1683,happy,6,6
1684,hard,2,2
1685,hari,2,2
1686,harmony,5,6
1687,hashtag,2,2
1688,hate,2,2
1689,having,4,4
1690,head,4,4
1691,headline,10,10
1692,headlined,2,2
1693,headliners,2,2
1694,headlining,2,2
1695,headquarters,2,2
1696,health,6,6
1697,heart,15,17
1698,hearts,4,4
1699,hearts2hearts,27,28
1700,heaven,6,6
1701,heavy,2,2
1702,held,49,49
1703,hello,13,13
1704,help,2,2
1705,helping,4,4
1706,heng,2,2
1707,hereh,7,7
1708,hero,14,16
1709,heroes,3,3
1710,hey,2,4
1711,hi,5,5
1712,hiatus,9,9
1713,high,13,13
1714,highest,21,22
1715,highly,2,2
1716,hip,8,11
1717,historic,2,2
1718,history,14,14
1719,hit,32,35
1720,hits,8,8
1721,hk,5,5
1722,hk이노엔,4,4
1723,ho,7,7
1724,hold,3,3
1725,holding,2,2
1726,holds,9,9
1727,home,16,18
1728,homecoming,2,2
1729,hong,18,21
1730,honorary,9,11
1731,hoon,3,3
1732,hop,6,9
1733,hope,12,12
1734,horizon,4,4
1735,hospital,3,3
1736,hosted,5,5
1737,hosts,8,8
1738,hot,39,41
1739,hot100,2,2
1740,hotel,8,8
1741,hour,29,31
1742,hours,8,8
1743,house,15,15
1744,households,2,2
1745,howl,5,5
1746,hq,2,2
1747,hug,5,5
1748,huh,2,2
1749,hulu,2,2
1750,human,2,2
1751,hunters,2,2
1752,husband,2,2
1753,hwajeong,2,2
1754,hwan,2,2
1755,hwasa,2,2
1756,hybe,12,12
1757,hyde,2,2
1758,hyein,3,3
1759,hyori,3,4
1760,hype,3,3
1761,hyper,3,3
1762,hyun,3,3
1763,hyundai,3,3
1764,hyunsik,2,2
1765,hàn,3,3
1766,hàng,2,2
1767,hâm,2,2
1768,hình,3,3
1769,hút,2,2
1770,hürriyet,5,5
1771,hơn,3,3
1772,hạng,2,2
1773,hộ,2,2
1774,i,3,3
1775,ice,11,11
1776,icm,2,2
1777,iconic,5,5
1778,icy,2,2
1779,id,4,4
1780,identity,6,6
1781,idn,9,9
1782,idol,8,8
1783,idols,2,2
1784,ifpi,6,6
1785,ii,7,7
1786,iii,4,4
1787,ikon,55,61
1788,ikonic,7,8
1789,illit,25,26
1790,illustrating,3,3
1791,im,12,13
1792,immediately,5,5
1793,impact,6,6
1794,import,2,2
1795,importante,2,2
1796,im뱅크,3,3
1797,incheon,14,15
1798,include,14,15
1799,includes,5,5
1800,income,5,6
1801,increase,2,2
1802,independence,2,2
1803,indexed,2,2
1804,indicating,29,29
1805,indie,3,3
1806,indigo,2,2
1807,individual,11,11
1808,individually,2,2
1809,indomie,4,4
1810,indonesia,18,19
1811,indoor,3,3
1812,industria,2,2
1813,industry,18,18
1814,information,2,2
1815,infrastructure,5,5
1816,initial,3,3
1817,inkigayo,3,3
1818,inner,2,2
1819,inspector,2,2
1820,instagram,2,2
1821,instant,2,2
1822,instantly,4,4
1823,instinct,2,2
1824,institute,4,4
1825,integrantes,2,2
1826,intel,2,2
1827,interest,6,6
1828,international,25,26
1829,internationally,2,2
1830,internet,3,3
1831,interpark,3,3
1832,interview,3,3
1833,investment,2,2
1834,invitation,5,5
1835,involving,3,3
1836,ip,5,5
1837,irene,6,6
1838,iris,2,2
1839,island,4,4
1840,item,2,2
1841,items,3,3
1842,itunes,19,19
1843,itzy,41,54
1844,iu,26,32
1845,ive,38,48
1846,ivy,2,2
1847,iz,6,6
1848,i가,2,2
1849,ja,4,4
1850,jae,6,6
1851,jakarta,13,13
1852,jamsil,4,4
1853,jan,22,26
1854,jang,9,9
1855,jangchung,7,7
1856,jannabi,3,3
1857,january,9,9
1858,japan,163,204
1859,japanese,68,90
1860,jay,8,8
1861,jealousy,2,2
1862,jeans,3,3
1863,jeju,2,2
1864,jennie,5,5
1865,jeong,3,3
1866,ji,6,6
1867,jigumi,2,2
1868,jim,3,3
1869,jimin,2,2
1870,jin,2,2
1871,jindo,2,3
1872,jinhwan,2,2
1873,jinro,2,3
1874,jisoo,4,4
1875,jiwoo,2,2
1876,jj프로젝트,2,2
1877,jk,2,2
1878,joint,4,4
1879,jong,4,4
1880,jonghyun,2,2
1881,joong,8,8
1882,journey,2,2
1883,joy,5,5
1884,jp,5,5
1885,jtbc,65,69
1886,july,42,43
1887,jump,5,5
1888,jumping,2,2
1889,jun,13,13
1890,june,38,38
1891,jung,4,4
1892,junior,13,13
1893,jwalkerz,4,4
1894,jx,4,5
1895,jxw,2,2
1896,jyj,2,2
1897,jyp,19,19
1898,jyp엔터테인먼트,6,6
1899,jyp와,2,2
1900,k1,2,2
1901,k3,2,2
1902,kai,5,5
1903,kamp,3,3
1904,kaohsiung,5,7
1905,kappa,2,2
1906,karina,4,4
1907,karma,3,3
1908,karol,2,2
1909,kazuha,2,2
1910,kb,2,2
1911,kbo,2,2
1912,kbs,88,95
1913,kbs1,8,8
1914,kbs2,57,60
1915,kbs아레나,3,3
1916,kbs연예대상,2,2
1917,kb국민은행,5,5
1918,kcon,11,12
1919,keep,3,3
1920,kenzo,3,3
1921,kgc인삼공사,2,2
1922,khiến,2,2
1923,khoảng,2,2
1924,khán,3,3
1925,ki,2,2
1926,kia,2,2
1927,kicked,5,5
1928,kids,37,42
1929,kill,6,7
1930,kim,22,24
1931,kimchi,2,2
1932,kind,3,3
1933,king,4,4
1934,kingdom,2,2
1935,kiss,3,3
1936,kitsch,3,4
1937,kkbox,4,4
1938,kkoti,8,8
1939,klein,3,3
1940,km,2,2
1941,kmca,9,9
1942,know,3,3
1943,known,2,2
1944,kobe,4,4
1945,kode,3,3
1946,kong,17,20
1947,konser,5,6
1948,kookmin,2,2
1949,korail,2,2
1950,korea,121,128
1951,koreain,2,2
1952,korean,100,108
1953,kostcon,2,2
1954,kotra,2,2
1955,koz,4,4
1956,kpop,7,8
1957,krw,11,13
1958,kspo,37,38
1959,kspo돔,25,26
1960,kstation,2,2
1961,kt,7,7
1962,ktx,4,4
1963,kuala,5,5
1964,kunst,2,2
1965,kwangdong,2,2
1966,kwda,2,2
1967,kwon,10,10
1968,kyung,6,6
1969,k드라마,3,3
1970,k뷰티,2,2
1971,k월드드림어워즈,2,2
1972,k팝,229,241
1973,k팝스타,2,2
1974,lab,4,4
1975,label,11,13
1976,labeled,2,2
1977,labels,2,2
1978,lack,2,2
1979,lacoste,3,4
1980,lady,2,2
1981,lagu,2,2
1982,lalisa,2,2
1983,land,3,3
1984,landing,2,2
1985,language,21,21
1986,large,4,4
1987,largest,10,12
1988,late,2,2
1989,latin,10,10
1990,launch,6,6
1991,launched,13,13
1992,launching,6,6
1993,laurent,2,2
1994,lead,6,6
1995,leader,2,2
1996,leading,4,4
1997,least,2,2
1998,leave,4,4
1999,leaving,4,4
2000,led,5,5
2001,lee,31,32
2002,leg,7,9
2003,legal,5,5
2004,legend,4,4
2005,legitimate,3,3
2006,legs,2,2
2007,lemino,3,3
2008,lemon,7,8
2009,lemonade,2,2
2010,lena,4,4
2011,let,7,7
2012,lethality,3,3
2013,leukemia,3,3
2014,level,3,3
2015,levi,4,4
2016,lg,6,6
2017,lg유플러스,2,2
2018,lg전자,7,7
2019,licensed,2,2
2020,life,13,13
2021,lifestyle,2,2
2022,light,11,11
2023,lightstick,4,4
2024,lightsticks,2,2
2025,like,35,38
2026,lim,8,8
2027,lima,2,2
2028,limited,4,4
2029,limousine,2,2
2030,line,10,10
2031,lines,8,8
2032,lineup,5,6
2033,linked,3,3
2034,lip,4,4
2035,lisa,12,12
2036,list,11,11
2037,listed,13,13
2038,listen,4,5
2039,listener,4,4
2040,listeners,6,6
2041,listing,2,2
2042,lists,2,2
2043,little,4,4
2044,live,72,73
2045,livestream,2,2
2046,ll,9,9
2047,lloud,3,4
2048,lngshot,5,5
2049,loboly,4,4
2050,local,14,14
2051,loewe,5,5
2052,logged,5,5
2053,logistics,2,2
2054,lollapalooza,4,6
2055,london,3,3
2056,long,9,10
2057,longest,3,4
2058,longevity,2,2
2059,look,2,2
2060,loop,17,18
2061,lost,2,2
2062,lotte,6,6
2063,loud,4,4
2064,louis,9,9
2065,love,91,100
2066,lovely,2,2
2067,loving,2,2
2068,low,3,4
2069,loyal,2,2
2070,loyalty,10,10
2071,loạt,2,2
2072,lp,5,5
2073,luar,3,3
2074,lucky,2,2
2075,lugar,2,2
2076,lumpur,5,5
2077,luna,2,2
2078,luv,4,4
2079,luxury,5,5
2080,lyn,2,2
2081,lyrics,6,6
2082,lá,2,2
2083,lượng,2,2
2084,lần,2,2
2085,l들,2,2
2086,macau,6,6
2087,mad,3,3
2088,made,15,16
2089,maeng,2,2
2090,magazine,8,8
2091,magnetic,10,10
2092,mail,10,10
2093,main,6,6
2094,mainstream,30,31
2095,maintains,7,7
2096,major,33,33
2097,make,2,2
2098,makeup,3,3
2099,making,8,8
2100,makuhari,2,2
2101,malay,9,9
2102,malaysia,6,8
2103,male,11,11
2104,malguem,2,2
2105,mama,27,27
2106,mamamoo,12,12
2107,mamba,2,2
2108,mamihlapinatapai,2,2
2109,man,6,7
2110,mang,2,2
2111,maniac,2,2
2112,manila,13,13
2113,manito,4,4
2114,map,4,5
2115,maps,2,2
2116,mar,8,9
2117,march,33,33
2118,marie,2,2
2119,mark,9,10
2120,marked,10,10
2121,market,31,31
2122,markets,5,5
2123,marking,20,20
2124,marriage,2,2
2125,mascot,2,2
2126,master,3,3
2127,mastercard,4,4
2128,masterpiece,3,3
2129,matter,2,2
2130,mattress,2,2
2131,maxident,4,4
2132,maxim,2,2
2133,maybelline,2,2
2134,mazzel,2,2
2135,mbc,132,141
2136,mbc에브리원,5,5
2137,mbn,10,10
2138,mbs,3,3
2139,mc,58,68
2140,mcc,2,2
2141,mcdonald,2,2
2142,mc상,2,2
2143,md,6,6
2144,me,57,60
2145,media,22,22
2146,mediabase,2,2
2147,medical,2,2
2148,meet,3,3
2149,meeting,32,35
2150,meetings,2,2
2151,mega,2,2
2152,mejor,2,2
2153,melody,9,10
2154,melon,18,19
2155,melympic,2,2
2156,member,42,42
2157,members,44,45
2158,membership,15,17
2159,memberships,2,2
2160,memories,9,11
2161,merchandise,5,5
2162,merit,2,2
2163,messe,2,2
2164,mexican,4,6
2165,mexicanos,2,2
2166,mexico,25,38
2167,mid,4,4
2168,midzy,7,11
2169,milan,2,2
2170,milestone,8,8
2171,military,8,8
2172,milky,2,2
2173,million,128,173
2174,min,3,3
2175,mine,2,2
2176,mini,11,11
2177,ministry,2,2
2178,minji,4,4
2179,mino,2,2
2180,minute,3,3
2181,minutes,16,20
2182,miracle,4,4
2183,mirror,3,4
2184,misamo,6,6
2185,mise,2,2
2186,miss,5,5
2187,missing,2,2
2188,miu,2,4
2189,mixed,2,2
2190,mixtape,2,2
2191,mixx,7,7
2192,mlb,3,3
2193,mma,3,3
2194,mnet,61,62
2195,mobile,7,7
2196,mobilization,4,4
2197,model,13,13
2198,models,2,3
2199,modern,4,4
2200,moment,6,6
2201,momentum,3,3
2202,momo,2,2
2203,money,13,13
2204,mong,2,2
2205,monologue,3,3
2206,monsters,9,9
2207,monstiez,4,4
2208,month,12,12
2209,monthly,6,7
2210,months,14,14
2211,moomoo,3,4
2212,moon,14,14
2213,morning,2,2
2214,motion,2,2
2215,motivation,2,2
2216,motors,2,2
2217,moved,4,4
2218,movement,4,4
2219,movie,8,9
2220,mr,12,13
2221,msg워너비,4,4
2222,mtv,11,13
2223,multi,8,8
2224,multiple,24,24
2225,mundial,2,2
2226,munhak,2,2
2227,music,140,164
2228,musical,5,7
2229,musician,5,6
2230,musinsa,4,5
2231,must,2,2
2232,mv,13,15
2233,myself,2,2
2234,mystery,2,2
2235,mz세대,8,9
2236,méxico,13,15
2237,müzik,2,2
2238,mộ,2,2
2239,mở,2,2
2240,nagoya,3,3
2241,nam,13,13
2242,namba,2,2
2243,name,47,50
2244,named,47,47
2245,naming,2,2
2246,narita,2,2
2247,narrative,2,2
2248,nation,13,13
2249,national,20,21
2250,nationwide,10,10
2251,native,4,4
2252,naturally,2,2
2253,naver,4,4
2254,nba,8,11
2255,nbc,4,4
2256,nct,102,119
2257,near,3,3
2258,nearly,8,8
2259,need,3,3
2260,needed,2,2
2261,neo,4,4
2262,neogen,3,3
2263,nest,4,4
2264,nestfest,2,2
2265,netease,8,9
2266,never,2,2
2267,neverland,4,4
2268,newest,2,2
2269,newjeans,42,44
2270,newly,2,2
2271,news,62,68
2272,newsweek,2,2
2273,ngo,2,2
2274,nhanh,2,2
2275,nhiệt,2,3
2276,nhk,15,17
2277,nhóm,2,2
2278,nhạc,3,3
2279,nh투자증권,2,2
2280,nice,2,2
2281,nicknamed,3,3
2282,night,14,14
2283,nights,6,6
2284,nike,5,6
2285,nine,8,8
2286,nivel,2,2
2287,niziu,2,2
2288,njz,3,3
2289,nme,2,2
2290,nmixx,39,42
2291,noeasy,3,3
2292,noises,4,4
2293,nol,15,15
2294,nol티켓,3,3
2295,non,6,6
2296,nonono,2,2
2297,nonstop,2,2
2298,norte,2,2
2299,north,24,25
2300,notable,3,3
2301,note,2,2
2302,noted,6,6
2303,nothing,4,4
2304,noting,4,4
2305,nov,32,36
2306,november,14,14
2307,now,18,18
2308,nswer,10,11
2309,nt,3,3
2310,ntt,2,2
2311,nuestros,2,2
2312,number,3,3
2313,nxde,7,8
2314,nylon,3,3
2315,nón,2,2
2316,o2,2,2
2317,oakland,2,2
2318,oasis,3,3
2319,oceania,2,2
2320,oct,28,29
2321,october,11,12
2322,oddinary,4,4
2323,ode,2,2
2324,office,3,3
2325,official,116,127
2326,offline,2,2
2327,oh,10,11
2328,ok,2,2
2329,old,2,2
2330,olympic,16,16
2331,omg,3,3
2332,ongoing,11,11
2333,online,11,11
2334,op,2,2
2335,open,5,5
2336,opened,12,13
2337,opening,13,13
2338,operated,2,2
2339,oppo,3,3
2340,opposite,2,2
2341,orange,3,3
2342,orchestra,4,4
2343,order,5,5
2344,orders,9,11
2345,org,2,2
2346,organization,3,3
2347,organized,6,6
2348,oricon,17,22
2349,origin,6,6
2350,original,10,10
2351,originally,3,3
2352,osaka,14,14
2353,ost,161,238
2354,ost상,5,5
2355,ott,5,5
2356,outlet,10,10
2357,outselling,2,2
2358,outside,9,9
2359,outsized,2,2
2360,overall,3,3
2361,overseas,8,8
2362,overwatch,2,2
2363,overwhelming,4,4
2364,owari,2,2
2365,owls,3,3
2366,o의,2,2
2367,pa,2,2
2368,pabllo,3,3
2369,pacific,5,5
2370,package,2,2
2371,packages,2,2
2372,page,35,35
2373,pages,5,5
2374,paid,6,6
2375,paired,2,2
2376,pak,2,4
2377,palacio,2,2
2378,palette,2,2
2379,panorama,2,2
2380,paradise,6,6
2381,paris,10,10
2382,park,28,28
2383,part,52,63
2384,participating,4,4
2385,partnered,2,2
2386,partners,2,2
2387,partnership,2,2
2388,party,12,12
2389,past,3,3
2390,pat,2,3
2391,pattern,2,2
2392,paulo,5,5
2393,pay,2,2
2394,paying,2,2
2395,pd,7,7
2396,peace,3,3
2397,peak,4,4
2398,peaked,12,13
2399,pechanga,3,3
2400,penonton,2,2
2401,people,8,8
2402,pepero,2,2
2403,pepsi,5,5
2404,perfect,9,10
2405,perform,10,11
2406,performance,22,22
2407,performances,16,16
2408,performed,19,19
2409,performing,7,7
2410,period,3,4
2411,permission,2,2
2412,person,2,2
2413,persona,3,3
2414,personal,2,2
2415,personally,2,2
2416,personas,2,2
2417,peru,2,2
2418,ph,21,23
2419,pharmaceutical,2,2
2420,philippine,2,2
2421,philippines,5,5
2422,phone,4,4
2423,photo,5,7
2424,photocards,3,3
2425,physical,6,6
2426,piece,7,7
2427,pieces,2,2
2428,pil,5,5
2429,pink,27,29
2430,pit,4,4
2431,pitch,2,2
2432,pizza,4,4
2433,place,2,2
2434,placed,4,4
2435,placement,2,2
2436,planet,9,9
2437,planned,5,5
2438,planning,3,3
2439,plant,2,2
2440,platform,23,23
2441,platforms,4,4
2442,platinum,11,13
2443,play,10,11
2444,playbaek,2,2
2445,played,6,6
2446,playing,2,2
2447,playlist,2,2
2448,pledge,2,2
2449,pledged,3,3
2450,pledging,2,2
2451,po,2,2
2452,pocari,2,2
2453,poem,5,6
2454,point,2,2
2455,points,2,2
2456,pollstar,2,2
2457,pond,2,2
2458,pookïe,3,3
2459,pop,207,241
2460,popline,2,2
2461,popular,6,6
2462,popularity,8,8
2463,popularizing,2,2
2464,posay,2,2
2465,post,10,10
2466,posted,3,3
2467,posting,2,2
2468,posts,3,3
2469,potential,2,2
2470,power,23,23
2471,pr,7,7
2472,prada,3,3
2473,praised,2,2
2474,praising,2,2
2475,prayfordominate,2,2
2476,pre,11,15
2477,premiere,7,7
2478,premiered,2,2
2479,premium,4,4
2480,presale,23,27
2481,presence,5,5
2482,present,2,2
2483,presents,2,2
2484,president,2,3
2485,press,24,24
2486,pretty,3,3
2487,previewed,3,3
2488,previous,2,2
2489,prices,2,2
2490,primadonna,4,4
2491,prime,2,2
2492,primer,2,2
2493,prince,2,2
2494,prior,9,9
2495,priority,2,2
2496,prison,2,2
2497,prize,3,3
2498,probable,2,2
2499,proceeded,2,2
2500,proceeds,7,7
2501,produce48,2,2
2502,produced,4,4
2503,producer,2,2
2504,product,3,3
2505,production,5,5
2506,products,2,2
2507,profile,10,10
2508,profit,3,4
2509,program,3,3
2510,project,6,6
2511,projected,2,2
2512,prom,3,3
2513,promise,2,2
2514,promoting,2,2
2515,promotion,6,6
2516,promotional,7,7
2517,promotions,2,2
2518,prompting,5,5
2519,proof,2,2
2520,protest,2,2
2521,provenance,3,3
2522,pr타임즈,2,2
2523,psy,16,16
2524,psycho,2,2
2525,pt,8,9
2526,pubg,5,5
2527,public,7,7
2528,publicly,7,7
2529,published,14,14
2530,pulse,5,5
2531,puma,6,6
2532,purchase,7,7
2533,purchasing,3,3
2534,pureflow,7,8
2535,purple,2,2
2536,purpleocean,2,2
2537,push,5,7
2538,put,4,4
2539,pyongyang,2,2
2540,qq뮤직,2,2
2541,queen,10,10
2542,queencard,3,3
2543,queens,3,3
2544,quoting,5,5
2545,quốc,2,2
2546,qwer,44,50
2547,radar,4,4
2548,radio,10,10
2549,rain,5,5
2550,raised,4,5
2551,raising,2,2
2552,ran,24,24
2553,range,5,5
2554,ranked,22,22
2555,ranking,24,24
2556,rankings,10,10
2557,rapidly,3,3
2558,rare,2,2
2559,rather,6,6
2560,rbw,5,5
2561,rcti,2,2
2562,re,13,14
2563,reach,11,11
2564,reached,24,24
2565,reaching,7,7
2566,reaction,3,4
2567,readership,2,2
2568,ready,9,9
2569,real,19,20
2570,reality,2,2
2571,rebel,4,5
2572,received,4,4
2573,recinto,2,2
2574,recognition,8,8
2575,recognized,4,4
2576,record,40,42
2577,recorded,5,5
2578,recording,3,3
2579,records,9,9
2580,recruitment,9,9
2581,red,50,55
2582,redline,2,2
2583,redred,4,4
2584,reference,8,9
2585,referenced,3,3
2586,reflecting,24,24
2587,refleja,2,2
2588,refund,2,2
2589,regional,12,12
2590,regions,4,4
2591,registration,2,2
2592,regular,2,2
2593,regularly,2,2
2594,relación,2,2
2595,related,3,3
2596,relations,2,2
2597,release,54,55
2598,released,19,19
2599,releases,5,5
2600,releasing,7,7
2601,relief,16,21
2602,remake,3,3
2603,remember,2,2
2604,remine,4,4
2605,remix,4,4
2606,renewed,2,2
2607,reno16,2,2
2608,repeat,10,10
2609,replay,7,7
2610,report,4,4
2611,reportedly,6,6
2612,reporting,4,4
2613,represented,2,2
2614,representing,3,3
2615,reputation,5,7
2616,rescene,14,14
2617,research,3,3
2618,residency,2,2
2619,resonance,8,8
2620,resort,3,3
2621,respectively,2,2
2622,restaurants,3,3
2623,results,3,3
2624,retail,4,5
2625,retirement,3,3
2626,return,6,6
2627,returned,5,5
2628,returning,2,2
2629,reunion,13,13
2630,reunited,6,6
2631,reve,2,2
2632,reve1uv,2,2
2633,reveal,3,3
2634,revealed,4,4
2635,reveluv,5,6
2636,revenue,15,16
2637,reverxe,3,3
2638,revista,3,3
2639,rhythm,3,3
2640,ri,3,3
2641,riaa,2,2
2642,riaj,3,4
2643,rice,2,2
2644,right,7,7
2645,riize,46,52
2646,riizing,7,8
2647,rio,3,4
2648,rises,2,2
2649,rising,6,6
2650,riuh,2,2
2651,rm,8,8
2652,road,3,4
2653,robot,4,4
2654,roche,2,2
2655,rock,11,12
2656,rockation,9,10
2657,rocket,3,3
2658,roirom,2,2
2659,role,7,7
2660,roles,4,4
2661,rolling,3,3
2662,rolls,6,6
2663,romance,5,5
2664,romantic,2,2
2665,rookie,12,12
2666,room,10,10
2667,roommate,2,2
2668,rose,7,7
2669,roster,3,3
2670,rosé,3,3
2671,rouge,3,3
2672,rough,2,2
2673,roughly,20,20
2674,round,6,6
2675,roy,6,6
2676,royrose,3,3
2677,ru,23,23
2678,rubi,7,7
2679,rude,5,5
2680,rui,2,2
2681,rumors,5,5
2682,run,21,23
2683,runaway,2,2
2684,runner,2,2
2685,running,7,7
2686,runs,5,5
2687,rush,12,12
2688,ryo,2,2
2689,ryu,2,2
2690,ryujin,2,2
2691,rápidamente,2,2
2692,r석,3,3
2693,s2u,3,3
2694,sae,5,5
2695,saint,3,3
2696,saitama,2,2
2697,saldaga,2,2
2698,sale,11,11
2699,sales,49,53
2700,sambil,2,2
2701,samsung,5,5
2702,san,2,2
2703,sana,2,2
2704,sang,3,3
2705,santiago,3,3
2706,satisfaction,3,3
2707,satu,2,2
2708,sau,2,2
2709,savage,3,4
2710,save,2,2
2711,saw,6,6
2712,say,8,8
2713,saying,4,4
2714,sbs,121,126
2715,sbs뉴스,3,3
2716,scale,2,2
2717,scalped,2,2
2718,scandal,3,3
2719,scenario,3,3
2720,scene,6,6
2721,scenedrome,2,2
2722,scenes,2,2
2723,schedule,3,3
2724,scheduled,6,6
2725,school,7,7
2726,scored,4,4
2727,scouts,2,2
2728,screen,3,3
2729,screenx,3,3
2730,sdgs,2,2
2731,sea,3,3
2732,search,6,6
2733,searched,2,2
2734,season,6,6
2735,seasons,3,3
2736,seat,3,3
2737,seats,9,10
2738,sechskies,6,7
2739,seconds,2,2
2740,secret,8,8
2741,sector,3,3
2742,secured,4,4
2743,securities,3,3
2744,see,2,2
2745,seezn,2,2
2746,seguidores,3,3
2747,seguros,5,5
2748,sejong,2,2
2749,sekai,2,2
2750,selected,9,9
2751,selection,3,3
2752,selena,2,2
2753,self,8,10
2754,sell,4,4
2755,seller,4,4
2756,sellers,2,2
2757,selling,23,24
2758,sellout,4,4
2759,sellouts,6,6
2760,senka,3,3
2761,seo,4,4
2762,seojin,3,3
2763,seok,2,2
2764,seolleongtang,2,2
2765,seoul,99,105
2766,sep,2,2
2767,separate,6,6
2768,separately,3,3
2769,sept,29,30
2770,september,11,12
2771,serenade,8,8
2772,serenades,6,6
2773,series,15,15
2774,served,3,3
2775,server,2,2
2776,service,3,3
2777,sessions,3,3
2778,set,14,14
2779,setlist,3,3
2780,seulgi,5,5
2781,seung,6,6
2782,seven,7,7
2783,seventeen,26,30
2784,seventeenth,6,6
2785,sg,2,3
2786,sg워너비,23,23
2787,share,2,2
2788,sharing,3,3
2789,sheep,2,2
2790,shift,2,2
2791,shin,3,3
2792,shinee,19,24
2793,shinhan,4,4
2794,shock,2,2
2795,shop,7,7
2796,shopee,9,9
2797,show,97,103
2798,show5,5,5
2799,showcase,6,6
2800,showing,20,20
2801,shows,47,55
2802,showtime,3,3
2803,shy,5,5
2804,side,3,3
2805,sign,3,3
2806,signed,9,9
2807,significant,2,2
2808,signing,2,2
2809,silver,2,2
2810,simon,2,2
2811,simple,2,2
2812,simulcast,3,3
2813,simultaneous,3,3
2814,sina,2,2
2815,singapore,16,17
2816,singer,27,28
2817,singers,4,4
2818,singing,3,3
2819,single,56,59
2820,singles,23,27
2821,sisters,2,2
2822,site,18,18
2823,sites,2,2
2824,six,16,16
2825,sk,7,7
2826,skibidi,2,2
2827,skincare,4,4
2828,sky,7,7
2829,skz,3,3
2830,sk텔레콤,2,2
2831,slam,2,2
2832,slip,2,2
2833,slow,2,2
2834,sm,32,35
2835,small,3,3
2836,smart,3,3
2837,smartphone,3,3
2838,smile,3,3
2839,smiley,4,5
2840,smoke,3,3
2841,smtown,7,7
2842,sm엔터테인먼트,38,38
2843,sneakers,2,2
2844,snl,4,4
2845,snow,6,7
2846,sns,42,43
2847,social,6,6
2848,society,4,4
2849,sofi,2,2
2850,soft,2,2
2851,soju,5,6
2852,sol,5,5
2853,sold,165,201
2854,solo,68,75
2855,soloist,2,2
2856,sol페,2,2
2857,something,2,2
2858,sone,2,3
2859,song,54,60
2860,songs,25,26
2861,sonic,4,4
2862,sony,4,4
2863,soon,3,3
2864,sorry,5,9
2865,soul,19,20
2866,sound,3,3
2867,soundtrack,2,2
2868,sour,2,2
2869,south,36,36
2870,southeast,15,16
2871,space,3,3
2872,spanish,9,10
2873,spanned,2,2
2874,spanning,10,10
2875,spans,7,7
2876,spark,2,2
2877,speak,4,4
2878,speaking,2,2
2879,special,15,16
2880,specific,2,2
2881,specifically,12,12
2882,spectators,5,5
2883,speed,3,3
2884,spice,3,3
2885,spill,2,2
2886,spillover,11,11
2887,split,2,2
2888,sport,2,2
2889,sports,7,7
2890,spot,12,12
2891,spotify,18,20
2892,spotlight,2,2
2893,spring,5,5
2894,sprite,6,6
2895,sprx,3,3
2896,spur,2,2
2897,square,5,5
2898,sserafim,38,38
2899,sseudam,2,4
2900,stade,2,2
2901,stadium,35,47
2902,stadiums,2,2
2903,staff,3,3
2904,stage,22,23
2905,staged,3,3
2906,stanbul,2,2
2907,standard,6,6
2908,standing,3,3
2909,star,39,40
2910,stardust,2,2
2911,stars,7,7
2912,start,5,5
2913,started,2,2
2914,starting,6,6
2915,states,3,3
2916,stating,2,2
2917,station,2,2
2918,status,6,6
2919,stay,29,30
2920,stayc,43,46
2921,stayed,3,3
2922,stayreal,3,3
2923,stereotype,4,4
2924,stock,3,3
2925,stone,5,5
2926,stop,15,15
2927,stopped,2,2
2928,stops,15,15
2929,store,9,9
2930,stores,4,4
2931,story,12,12
2932,strawberry,4,4
2933,stray,37,42
2934,straycity,2,2
2935,streamable,2,2
2936,streamed,3,3
2937,streaming,15,16
2938,streams,11,14
2939,street,2,2
2940,strength,2,2
2941,strong,12,12
2942,structure,2,2
2943,students,2,2
2944,studio,10,10
2945,study,2,2
2946,style,11,11
2947,styling,2,2
2948,stylish,3,3
2949,sub,3,4
2950,subdomain,3,3
2951,subscribers,9,11
2952,subsequent,2,2
2953,success,2,2
2954,successful,2,2
2955,sud,2,3
2956,suddenly,4,4
2957,sugar,3,3
2958,suho,2,2
2959,suite,3,3
2960,suk,4,4
2961,sukses,2,2
2962,summer,29,30
2963,summit,2,2
2964,sun,6,7
2965,sung,7,7
2966,sunlight,2,2
2967,sunrise,2,2
2968,sunsilk,2,2
2969,super,42,48
2970,supernova,5,5
2971,supersonic,4,4
2972,superstar,2,2
2973,support,12,12
2974,supported,2,2
2975,supporting,9,9
2976,supra,2,2
2977,surcoreano,2,3
2978,surfin,3,3
2979,surpass,2,2
2980,surpassed,10,10
2981,surpassing,9,9
2982,surprise,3,3
2983,survey,2,2
2984,sustained,23,23
2985,sustaining,2,2
2986,swag,6,6
2987,sweat,5,5
2988,sweeping,2,2
2989,sweet,3,3
2990,swift,2,3
2991,switched,2,2
2992,swith,8,8
2993,symphony,2,2
2994,syndrome,2,2
2995,synk,7,7
2996,syria,2,2
2997,sân,3,3
2998,sẻ,2,2
2999,số,2,2
3000,tabloid,2,2
3001,tae,2,2
3002,taeyeon,4,4
3003,tai,2,2
3004,taiji,2,2
3005,taipei,14,16
3006,taiwan,14,18
3007,tak,13,13
3008,take,6,6
3009,takedown,2,2
3010,talk,6,7
3011,tang,5,6
3012,targeting,3,3
3013,taste,2,2
3014,tay,2,2
3015,taylor,2,2
3016,tbs,4,4
3017,tea,3,3
3018,team,9,9
3019,tears,5,5
3020,teaser,2,2
3021,teddy,6,6
3022,teen,4,4
3023,teenfresh,4,4
3024,telecom,4,4
3025,television,2,2
3026,tempo,3,3
3027,temptation,2,2
3028,ten,16,16
3029,tencent,5,5
3030,teo,4,4
3031,terlihat,2,2
3032,term,6,6
3033,tero,2,2
3034,th,11,11
3035,thai,3,3
3036,thailand,17,18
3037,thaiticketmajor,2,2
3038,thanked,2,2
3039,theater,3,3
3040,theaters,3,3
3041,theatre,6,6
3042,theme,2,3
3043,themed,2,2
3044,theo,6,6
3045,theory,4,4
3046,things,2,2
3047,thành,2,2
3048,ticc,3,3
3049,ticket,30,31
3050,ticketing,14,15
3051,ticketmaster,2,2
3052,tickets,42,44
3053,tied,12,12
3054,tier,2,2
3055,tiered,4,4
3056,tiers,3,3
3057,ties,2,2
3058,tiket,3,3
3059,tiktok,2,2
3060,tima,2,2
3061,time,58,58
3062,timed,6,6
3063,timeless,4,4
3064,times,19,19
3065,tiny,4,5
3066,title,6,6
3067,titled,4,4
3068,tiên,2,2
3069,tiếng,2,2
3070,tmelive,4,4
3071,tnn,2,2
3072,toc,2,6
3073,tod,2,2
3074,together,13,13
3075,tokyo,37,39
3076,told,2,2
3077,tomboy,4,4
3078,tomorrow,6,6
3079,tonight,3,3
3080,top,50,60
3081,top100,2,2
3082,topic,5,5
3083,topped,24,24
3084,topping,4,4
3085,total,34,35
3086,touch,3,3
3087,tour,237,276
3088,toured,3,3
3089,touring,9,9
3090,tourism,14,17
3091,tours,8,8
3092,town,3,4
3093,toàn,2,2
3094,track,19,20
3095,tracked,15,15
3096,tracking,3,3
3097,tracks,9,9
3098,tradition,2,2
3099,trafalgar,2,2
3100,trailing,2,2
3101,transaction,2,2
3102,travel,8,8
3103,trax,2,2
3104,treasure,3,3
3105,treatment,2,2
3106,tree,2,2
3107,trending,3,3
3108,tres,2,2
3109,triple,4,4
3110,triệu,3,3
3111,trophies,3,3
3112,trophy,3,3
3113,trot,18,23
3114,true,4,4
3115,trust,4,5
3116,truyền,2,2
3117,trí,3,3
3118,tuned,7,7
3119,tunnel,3,3
3120,turkey,5,5
3121,tuổi,2,2
3122,tv,47,48
3123,tving,6,7
3124,tvn,72,76
3125,tvxq,9,10
3126,tv광,3,3
3127,tv아사히,2,2
3128,tv조선,11,11
3129,twenty,2,2
3130,twice,76,85
3131,twitter,2,2
3132,txt,2,2
3133,tình,2,2
3134,türk,2,2
3135,türkiye,3,3
3136,tương,2,2
3137,t가,2,2
3138,t는,5,5
3139,t와,2,2
3140,t의,2,2
3141,uaena,2,2
3142,ugg,2,2
3143,uiq,3,3
3144,uk,4,4
3145,ultra,3,3
3146,umbrella,2,2
3147,underprivileged,2,2
3148,underwater,2,2
3149,undivided,2,2
3150,unesco,2,2
3151,unforgiven,5,5
3152,unicef,5,5
3153,union,2,2
3154,uniqlo,2,2
3155,unit,5,6
3156,united,4,4
3157,units,8,12
3158,universe,11,11
3159,university,8,9
3160,uno,4,4
3161,unusually,3,3
3162,unveiled,3,3
3163,unwritten,3,3
3164,uob,3,3
3165,upcoming,2,2
3166,update,2,2
3167,updates,2,2
3168,ur,3,3
3169,url,5,5
3170,us,45,46
3171,usa,2,2
3172,usd,3,3
3173,used,6,6
3174,user,2,2
3175,users,3,3
3176,using,2,2
3177,uta,2,2
3178,uv,3,3
3179,vacation,4,4
3180,valenti,3,3
3181,valentine,8,8
3182,value,4,4
3183,vans,4,4
3184,vegas,3,3
3185,velvet,29,33
3186,venta,3,3
3187,venue,16,17
3188,venues,4,4
3189,ver,2,2
3190,vernon,2,2
3191,verse,5,5
3192,version,5,5
3193,vertical,3,3
3194,veteran,3,3
3195,victims,5,6
3196,video,20,21
3197,videos,5,6
3198,vietnam,2,2
3199,viewer,2,2
3200,viewers,3,3
3201,viewership,3,3
3202,views,12,16
3203,violence,2,2
3204,vip,12,12
3205,viral,6,6
3206,virtual,4,5
3207,visibility,3,3
3208,visible,2,2
3209,vision,8,8
3210,visit,7,8
3211,visited,2,2
3212,visual,3,3
3213,visuals,2,2
3214,viña,2,2
3215,việt,13,13
3216,vlog,2,2
3217,vmas,2,2
3218,vn,10,10
3219,vocal,4,4
3220,vocalist,2,2
3221,vogue,2,2
3222,voice,10,10
3223,vol,5,5
3224,vote,4,4
3225,voted,2,2
3226,votes,3,3
3227,voting,3,4
3228,voyage,7,7
3229,vr,7,10
3230,vs,2,2
3231,vuitton,9,9
3232,vulnerable,5,5
3233,vvip,2,2
3234,vé,5,6
3235,waiting,2,2
3236,walk,3,3
3237,walking,2,2
3238,wall,4,4
3239,wanna,23,25
3240,wannabe,3,3
3241,want,9,9
3242,wanted,3,3
3243,war,4,4
3244,warner,3,3
3245,warnet,2,2
3246,water,3,3
3247,waterbomb,5,5
3248,wave,11,11
3249,wavve,2,2
3250,waw,2,3
3251,way,8,8
3252,wayfarer,2,2
3253,wayv,5,7
3254,wearing,3,3
3255,webfetch,2,2
3256,week,30,36
3257,weekly,24,24
3258,weeks,22,24
3259,wego,3,4
3260,welcome,5,5
3261,welfare,5,5
3262,wendy,2,2
3263,went,2,2
3264,west,2,2
3265,weverse,11,11
3266,wheein,2,2
3267,whiplash,3,3
3268,white,8,10
3269,whose,5,5
3270,wide,4,4
3271,widely,2,2
3272,wikipedia,2,2
3273,wild,5,5
3274,wildfire,10,11
3275,win,7,7
3276,windows,2,2
3277,winning,2,2
3278,wins,7,7
3279,winter,14,14
3280,wish,11,12
3281,withc,2,2
3282,wm엔터테인먼트,3,3
3283,wolf,2,2
3284,wolipop,3,3
3285,woman,5,5
3286,women,2,2
3287,won,69,79
3288,woo,4,4
3289,woong,6,6
3290,words,3,3
3291,work,6,6
3292,workplace,2,2
3293,works,2,2
3294,world,185,199
3295,worldwide,11,11
3296,worth,4,4
3297,wowow,2,2
3298,wpma,2,2
3299,wrapped,2,2
3300,wsg워너비,2,2
3301,x,2,2
3302,xe,2,2
3303,xix,2,2
3304,xo,3,3
3305,xx,4,4
3306,yahoo,2,2
3307,yb,15,16
3308,ybeez,2,2
3309,ye,2,2
3310,year,56,60
3311,years,63,65
3312,yellow,5,5
3313,yellowkies,2,3
3314,yena,17,21
3315,yeol,2,2
3316,yeon,3,3
3317,yeri,3,3
3318,yes,2,2
3319,yes24,2,2
3320,yg,13,15
3321,yg엔터테인먼트,6,6
3322,yo,3,3
3323,yokohama,4,5
3324,yong,9,9
3325,yonsei,4,4
3326,yoo,2,2
3327,yoon,6,6
3328,york,12,12
3329,young,30,31
3330,younger,4,5
3331,youngone,3,3
3332,youngtak,4,4
3333,younha,2,2
3334,yourself,7,11
3335,youth,9,10
3336,youtube,18,18
3337,ysl,4,4
3338,yunjin,2,2
3339,zepp,6,6
3340,zero,6,6
3341,zhidao,2,2
3342,zhum,3,3
3343,zico,15,15
3344,zion,18,18
3345,zone,2,2
3346,zzinbombting,2,2
3347,übermensch,10,10
3348,đang,2,2
3349,đêm,2,2
3350,đình,2,2
3351,đầu,4,4
3352,đến,5,5
3353,đồng,3,4
3354,şarkıcı,2,2
3355,альбомом,2,2
3356,аналогов,2,2
3357,билеты,2,2
3358,были,3,3
3359,возглавили,2,2
3360,вошли,2,2
3361,всего,2,2
3362,всех,2,2
3363,года,3,4
3364,гонконге,2,2
3365,городах,2,2
3366,группой,2,2
3367,группы,7,7
3368,два,2,2
3369,дебют,2,2
3370,дебюта,3,3
3371,дебютировали,2,2
3372,день,2,2
3373,зрителей,6,6
3374,имеющий,2,2
3375,исполнители,3,3
3376,историю,3,3
3377,клип,2,2
3378,концерт,3,3
3379,концерта,2,2
3380,концертов,3,3
3381,концерты,2,2
3382,которые,4,4
3383,месте,2,2
3384,миллиарда,2,2
3385,миллионов,3,4
3386,мире,2,2
3387,мировой,2,2
3388,момента,2,2
3389,новым,2,2
3390,общей,2,2
3391,объявили,2,2
3392,одной,2,2
3393,около,4,4
3394,первом,3,3
3395,первые,5,5
3396,первый,2,2
3397,первым,3,3
3398,подряд,2,2
3399,поклонники,2,2
3400,просмотров,3,3
3401,пяти,2,2
3402,рекорд,2,2
3403,седьмой,2,2
3404,сложности,2,2
3405,собрали,2,2
3406,стал,5,5
3407,тур,4,4
3408,тура,3,3
3409,тысяч,4,4
3410,участников,2,2
3411,участницы,2,2
3412,фанаты,3,3
3413,фестиваль,2,2
3414,чарте,2,3
3415,чарты,2,2
3416,честь,2,2
3417,шоу,3,3
3418,ก,7,8
3419,กคร,2,2
3420,กร,4,4
3421,กล,2,3
3422,การแสดง,4,4
3423,ค,5,5
3424,คอน,2,2
3425,คอนเส,4,4
3426,ง,9,10
3427,จำหน,3,3
3428,ช,3,3
3429,ด,5,5
3430,ดถ,2,2
3431,ต,7,9
3432,ตร,3,3
3433,ตำนาน,2,2
3434,ท,8,12
3435,ทะเล,2,2
3436,ทำ,3,4
3437,น,12,14
3438,นท,5,5
3439,บ,6,7
3440,บมา,2,3
3441,บโลก,2,2
3442,ป,6,9
3443,พ,4,4
3444,พวกเรา,3,3
3445,ฟ,2,3
3446,ม,4,4
3447,ย,4,4
3448,ยง,3,3
3449,ร,12,14
3450,รอบ,7,9
3451,ระด,2,3
3452,ล,4,4
3453,ลด,2,2
3454,ว,5,7
3455,วง,2,2
3456,วร,2,2
3457,ส,5,6
3458,สำหร,2,2
3459,หม,2,2
3460,หมดเกล,3,3
3461,อ,5,6
3462,อง,2,2
3463,อน,2,3
3464,า,2,2
3465,าชม,2,2
3466,าย,5,5
3467,เก,2,2
3468,เข,3,3
3469,เจอ,2,2
3470,เด,2,2
3471,เว,2,2
3472,เวท,4,4
3473,เอ,2,2
3474,แบรนด,2,2
3475,แฟน,5,5
3476,ไทย,6,6
3477,ảnh,5,6
3478,ủng,2,2
3479,あり,2,2
3480,でき,2,3
3481,アリーナ,2,2
3482,アーティスト,6,8
3483,グループ,4,4
3484,コンサート,2,2
3485,ショッピング,2,2
3486,スタジアム,4,4
3487,ステージ,4,4
3488,センセイ,2,2
3489,チケット,2,2
3490,ツアー,5,5
3491,テレビ,3,3
3492,デビュー,8,9
3493,ドーム,10,10
3494,バラエティ,2,2
3495,ファン,7,10
3496,プレミアム,2,2
3497,ペンライト,2,2
3498,マイ,2,2
3499,ユンナ,2,2
3500,ライブ,11,11
3501,レポート,7,7
3502,一個,2,2
3503,一緒,2,2
3504,一起,3,3
3505,世界,3,3
3506,中國,2,2
3507,亚洲,2,2
3508,会い,3,3
3509,会場,4,5
3510,作品,2,2
3511,來台,2,2
3512,偶像,2,2
3513,優先,4,4
3514,全場,3,3
3515,公售,3,3
3516,公演,18,18
3517,公開,2,2
3518,写真,2,2
3519,出演,4,4
3520,出道,3,3
3521,列表,2,2
3522,初日,2,2
3523,劇場,2,2
3524,動員,6,6
3525,動画,2,2
3526,包ま,2,2
3527,台北,2,2
3528,台灣,3,3
3529,史上,2,2
3530,同時,2,2
3531,君主,2,2
3532,吸引,3,3
3533,周年,5,5
3534,因為,2,2
3535,国立,3,4
3536,埋め,2,2
3537,奇摩,5,5
3538,奔跑,2,2
3539,女團,2,2
3540,女性,2,2
3541,始動,2,2
3542,威神,2,2
3543,娛樂,2,2
3544,媒體,2,2
3545,定師,2,2
3546,宣布,2,2
3547,少女,4,4
3548,年末,2,2
3549,幸せ,2,2
3550,座位表,4,4
3551,張藝興,2,2
3552,待っ,2,2
3553,感動,2,2
3554,感謝,4,4
3555,應援,3,3
3556,成功,2,2
3557,成員,2,2
3558,所属,2,2
3559,推出,2,2
3560,播放,2,2
3561,攻略,4,4
3562,文化,2,2
3563,文旅,2,2
3564,新浪,4,4
3565,新聞,7,7
3566,日テレ,2,2
3567,日本,15,17
3568,日産,3,3
3569,日間,2,2
3570,星聞,2,2
3571,映像,2,2
3572,春節,2,2
3573,時代,4,4
3574,晚會,2,2
3575,最多,2,2
3576,最新,2,2
3577,最速,2,2
3578,期待,2,2
3579,本当,2,2
3580,来日,3,3
3581,東京,10,10
3582,東方,8,8
3583,林口,2,2
3584,歌合,3,3
3585,歌手,4,4
3586,歌迷,3,3
3587,歓声,3,3
3588,決定,2,2
3589,活動,3,3
3590,海外,5,6
3591,演出,2,2
3592,演唱,14,14
3593,演歌,4,4
3594,熱気,2,2
3595,熱狂,2,2
3596,独占,2,2
3597,男性,3,3
3598,登場,2,2
3599,百度,6,6
3600,百科,6,6
3601,直接,2,2
3602,看到,3,4
3603,知恩,2,2
3604,神起,8,8
3605,突破,2,3
3606,競技,2,2
3607,粉絲,8,9
3608,紅白,4,4
3609,网易,3,3
3610,舉行,2,2
3611,舞台,2,2
3612,萬人,2,2
3613,葉舒華,2,2
3614,衛星,2,2
3615,観客,3,3
3616,記念,4,4
3617,購票,4,4
3618,赵容弼,2,2
3619,超话,3,3
3620,車勢,2,2
3621,迎え,2,2
3622,追加,2,2
3623,連結,4,4
3624,配信,2,2
3625,門票,3,3
3626,開催,9,9
3627,集まっ,2,2
3628,集結,2,2
3629,韓国,2,2
3630,韓國,2,3
3631,音乐,3,3
3632,音楽,4,4
3633,香港,10,10
3634,高雄,2,2
3635,黄色,2,2
3636,가격,25,25
3637,가격대,3,3
3638,가구,4,4
3639,가까,5,5
3640,가까운,3,3
3641,가끔씩,7,7
3642,가는,2,2
3643,가능,6,6
3644,가능성,2,2
3645,가능하도록,2,2
3646,가득,17,17
3647,가득한,4,4
3648,가든,5,5
3649,가량,2,2
3650,가면,5,5
3651,가명,2,2
3652,가사,12,12
3653,가상,4,4
3654,가석방,3,3
3655,가수,155,161
3656,가수들,7,8
3657,가수로,7,7
3658,가수상,2,2
3659,가슴,3,3
3660,가오슝,10,11
3661,가온,46,49
3662,가온차트,17,17
3663,가온차트뮤직어워드,2,2
3664,가요,7,7
3665,가요계,4,4
3666,가요대상,3,4
3667,가요대전,4,4
3668,가요대축제,2,2
3669,가요무대,2,2
3670,가요제,7,7
3671,가운데,8,8
3672,가을,8,10
3673,가이드,4,4
3674,가인,3,3
3675,가입,16,17
3676,가입비,4,4
3677,가입일로,3,3
3678,가입자,5,5
3679,가입제,2,2
3680,가입할,2,2
3681,가입해,3,3
3682,가장,50,53
3683,가정,9,9
3684,가제,2,2
3685,가졌,4,4
3686,가졌다,4,4
3687,가졌으,3,3
3688,가족,9,10
3689,가족돌봄아동,3,3
3690,가진,6,6
3691,가짜,2,2
3692,가창,4,4
3693,가창력,5,5
3694,가창해,3,3
3695,가처분,2,2
3696,가천대학교,2,2
3697,가치,12,12
3698,가황,2,2
3699,각각,41,41
3700,각국,2,2
3701,각별한,2,2
3702,각오,2,2
3703,각인,3,3
3704,각자,8,8
3705,각종,5,5
3706,각주,3,3
3707,각지,9,9
3708,간다,4,4
3709,간다리아시티몰,2,2
3710,간식,2,3
3711,간의,2,2
3712,간접,2,2
3713,갈등,3,3
3714,갈라,2,2
3715,감각,2,2
3716,감독,9,9
3717,감동,7,7
3718,감동받았다,2,2
3719,감동시켰다,2,2
3720,감동적인,3,3
3721,감동한,2,2
3722,감동했다,2,2
3723,감량,2,2
3724,감사,22,22
3725,감사패,2,2
3726,감사하,5,5
3727,감사하기,2,2
3728,감사합니,2,2
3729,감성,7,7
3730,감탄했다,2,2
3731,갑자기,3,3
3732,갓세븐,26,27
3733,강남,2,2
3734,강남구,6,8
3735,강남순,5,5
3736,강남스타일,29,31
3737,강다니엘,5,6
3738,강력한,6,6
3739,강렬한,2,2
3740,강릉,2,2
3741,강민경,5,5
3742,강민주,2,2
3743,강민혁,4,4
3744,강성훈,3,3
3745,강세,2,2
3746,강심장,2,2
3747,강원,10,10
3748,강자,3,3
3749,강점,2,2
3750,강조,4,4
3751,강조함,2,2
3752,강진,2,2
3753,강철부대,2,2
3754,강타,4,4
3755,강하게,5,5
3756,강한,14,14
3757,강화,4,4
3758,강화군,3,5
3759,강화하,2,2
3760,갖고,5,5
3761,갖는다,2,2
3762,갖추,2,2
3763,갖춘,3,3
3764,같다,4,4
3765,같았,2,2
3766,같은,80,80
3767,같이,3,3
3768,개그콘서트,4,4
3769,개런티,4,4
3770,개를,2,2
3771,개막,11,11
3772,개막공연,2,2
3773,개막식,12,12
3774,개막한,2,2
3775,개막해,2,2
3776,개발,2,2
3777,개방,3,3
3778,개별,12,12
3779,개별로,2,2
3780,개별적,2,2
3781,개봉,31,32
3782,개봉일,2,2
3783,개봉한,5,5
3784,개봉해,6,6
3785,개봉했으,6,6
3786,개사해,2,2
3787,개선,4,4
3788,개설,21,21
3789,개설되었으,3,3
3790,개설된,4,4
3791,개설해,6,6
3792,개설했,3,3
3793,개설했으,2,2
3794,개시,10,10
3795,개인,48,52
3796,개인사,2,2
3797,개인적,5,5
3798,개장,4,4
3799,개최,206,206
3800,개최되,6,6
3801,개최된,4,4
3802,개최지,4,4
3803,개최하,7,7
3804,개최한,6,6
3805,개최한다,25,25
3806,개최할,5,5
3807,개최함,3,3
3808,개최해,14,14
3809,개최해왔,2,2
3810,개최했,3,3
3811,개최했다,8,8
3812,개최했으,11,11
3813,개코,4,4
3814,개통,3,4
3815,객석,4,4
3816,갤러리,3,3
3817,갤럭시,7,9
3818,갤럭시코퍼레이션,4,4
3819,갤럽,2,2
3820,갤럽코리아,3,3
3821,갱신,5,5
3822,거대한,3,3
3823,거뒀,3,3
3824,거래,6,6
3825,거래되,4,4
3826,거래될,4,4
3827,거래액,2,3
3828,거리,2,2
3829,거미,18,20
3830,거슬러,3,3
3831,거야,2,2
3832,거의,6,6
3833,거점,2,2
3834,거제,11,12
3835,거제시,4,6
3836,거주,2,2
3837,거지,3,3
3838,거짓말,4,4
3839,거쳐,14,14
3840,거치,2,2
3841,걱정,2,2
3842,건강,5,5
3843,건강기능식품,3,3
3844,건강취약계층,2,2
3845,건강하,2,2
3846,건강한,2,2
3847,건립,4,4
3848,건을,16,16
3849,건의,3,3
3850,걸고,3,3
3851,걸그룹,93,101
3852,걸그룹이,2,2
3853,걸려,2,2
3854,걸맞,3,3
3855,걸스데,2,2
3856,걸스카우트,3,3
3857,걸쳐,14,14
3858,걸친,4,4
3859,걸프뉴스,2,2
3860,검색량,2,2
3861,검색어,3,3
3862,검토,3,3
3863,것과,3,3
3864,것에,5,5
3865,것으,59,59
3866,게릴라,2,2
3867,게스,6,8
3868,게스트,55,56
3869,게시,4,4
3870,게시글,2,2
3871,게시물,7,7
3872,게시판,4,5
3873,게시하,2,2
3874,게임,31,34
3875,게임업계,2,2
3876,게재,51,51
3877,게재하,2,2
3878,게재함,5,5
3879,게타,2,2
3880,겐과,2,2
3881,겨냥한,5,5
3882,겨냥해,2,2
3883,겨울,10,10
3884,격려,5,5
3885,견고한,3,3
3886,견뎌온,2,2
3887,견인,4,4
3888,견인하,3,3
3889,결과,11,11
3890,결국,4,4
3891,결별,2,2
3892,결성,9,10
3893,결성되었,2,2
3894,결성된,5,5
3895,결성한,2,2
3896,결성해,2,2
3897,결속,10,10
3898,결속력,13,13
3899,결승,3,3
3900,결정,12,12
3901,결정됐다,3,3
3902,결제,2,3
3903,결집,3,3
3904,결집력,6,6
3905,결합된,4,4
3906,결합한,5,5
3907,결혼,10,11
3908,결혼식,2,2
3909,결혼해줘,2,2
3910,결혼했어요,3,3
3911,겹경사,2,2
3912,겹쳐,2,2
3913,경기,46,49
3914,경기남부,3,3
3915,경기장,10,12
3916,경남,15,16
3917,경도,3,3
3918,경력,10,11
3919,경북,12,12
3920,경북대학교,3,3
3921,경상남,3,3
3922,경상북,3,3
3923,경신,15,15
3924,경연,8,9
3925,경우,3,3
3926,경쟁,14,14
3927,경쟁하,2,2
3928,경제,13,14
3929,경제적,7,7
3930,경제효,3,3
3931,경제효과,7,7
3932,경주,4,4
3933,경찰,8,8
3934,경찰수업,4,4
3935,경탁주,3,3
3936,경품,2,2
3937,경향신문,3,3
3938,경험,9,9
3939,경희대,2,2
3940,계기,21,22
3941,계보,2,2
3942,계속,4,4
3943,계속된,2,2
3944,계약,48,53
3945,계약해,4,4
3946,계열,19,19
3947,계정,13,13
3948,계획,11,11
3949,고가,5,5
3950,고객,4,4
3951,고교,2,2
3952,고등래퍼3,4,4
3953,고등래퍼4,2,2
3954,고려대,10,10
3955,고려대의료원,2,2
3956,고려대학교,3,3
3957,고령,2,2
3958,고마워,2,2
3959,고마웠습니,6,6
3960,고막남친,2,2
3961,고맙,2,2
3962,고민,2,2
3963,고백,4,4
3964,고베,12,13
3965,고별,7,7
3966,고성,2,2
3967,고양,11,11
3968,고양시,2,2
3969,고양아람누리,3,3
3970,고양종합운동장,12,12
3971,고운세상코스메틱,3,3
3972,고인,2,2
3973,고잉,3,3
3974,고정,34,39
3975,고척돔,2,2
3976,고척스카이돔,8,8
3977,고통받,2,2
3978,고향,35,36
3979,고향사랑기부금,2,2
3980,고향사랑기부제,3,3
3981,고향인,18,18
3982,곡까지,2,2
3983,곡들,7,7
3984,곡에,5,5
3985,곡으,7,7
3986,곡은,12,12
3987,곡을,19,20
3988,곡의,5,5
3989,곡이,19,19
3990,골드,11,12
3991,골드미스,2,2
3992,골든,2,2
3993,골든디스크,11,11
3994,골든디스크어워즈,8,8
3995,골든스테이트,3,3
3996,골프,2,2
3997,공간,5,5
3998,공감,5,5
3999,공개,190,192
4000,공개됐,2,2
4001,공개됐다,3,3
4002,공개되,6,6
4003,공개되었,2,2
4004,공개되었으,2,2
4005,공개되지,2,2
4006,공개된,11,11
4007,공개될,2,2
4008,공개하,8,8
4009,공개한,5,5
4010,공개한다,4,4
4011,공개해,7,7
4012,공개했,8,8
4013,공개했다,9,9
4014,공개했으,6,6
4015,공공,4,4
4016,공공기관,2,2
4017,공동,33,35
4018,공략,6,6
4019,공로,6,6
4020,공백,9,9
4021,공생원,2,2
4022,공식,424,457
4023,공식색,2,2
4024,공식적,6,6
4025,공연,636,709
4026,공연시장,4,4
4027,공연에서,4,4
4028,공연이라,4,4
4029,공연이었,3,3
4030,공연이었다,2,2
4031,공연이자,2,2
4032,공연장,39,41
4033,공연장에서,2,2
4034,공연하,4,4
4035,공연한,4,4
4036,공연해,2,2
4037,공연했,3,3
4038,공연했다,5,5
4039,공연했으,6,6
4040,공영방송,2,2
4041,공유,12,12
4042,공유하,2,2
4043,공유했다,2,2
4044,공익,10,10
4045,공익광,2,2
4046,공익활동,2,2
4047,공주,2,2
4048,공중파,2,2
4049,공지,23,23
4050,공항,4,5
4051,과거,12,12
4052,과시,2,2
4053,과자,4,4
4054,과정,18,18
4055,과천,4,5
4056,관객,134,140
4057,관객들,37,37
4058,관객석,2,2
4059,관객수,3,3
4060,관계,9,9
4061,관계자,2,2
4062,관광,43,45
4063,관광객,11,12
4064,관광지,5,5
4065,관광청,2,2
4066,관람,11,11
4067,관람객,4,4
4068,관람평,2,2
4069,관람해,2,2
4070,관련해,2,2
4071,관리,5,5
4072,관방송,2,2
4073,관세청,3,3
4074,관심,25,25
4075,관중,5,5
4076,괄사,2,2
4077,광고,200,236
4078,광고계,4,4
4079,광고료,2,2
4080,광고모델,45,48
4081,광고비,3,3
4082,광고업계,2,2
4083,광명시,2,2
4084,광복,2,2
4085,광장,2,2
4086,광주,37,40
4087,광주광역시,2,2
4088,광화문,2,2
4089,괜찮아,6,7
4090,괴롭힘,2,2
4091,굉장히,2,2
4092,교감,4,4
4093,교류,7,7
4094,교민,3,3
4095,교복,2,2
4096,교수,2,2
4097,교차,6,6
4098,교통,2,2
4099,구간,4,4
4100,구곡,2,2
4101,구글,3,3
4102,구기자,2,2
4103,구독자,76,81
4104,구독자수,2,3
4105,구르미,2,2
4106,구름,4,4
4107,구매,13,13
4108,구매력,3,3
4109,구매자,3,3
4110,구미,2,2
4111,구분,2,2
4112,구사,2,2
4113,구성,9,9
4114,구성돼,2,2
4115,구성된,8,8
4116,구역,3,3
4117,구원자,2,2
4118,구조,14,14
4119,구찌,9,9
4120,구필수,3,3
4121,구하기,2,2
4122,구하지,2,2
4123,구현하,2,2
4124,구호,9,10
4125,국가,18,19
4126,국경,2,2
4127,국기,3,3
4128,국내,102,109
4129,국내외,15,15
4130,국립경기장,10,10
4131,국무총리,2,2
4132,국민,10,10
4133,국민가수,7,7
4134,국민은행,2,2
4135,국민투표,2,2
4136,국방부,2,2
4137,국어,2,2
4138,국적,6,6
4139,국제,15,15
4140,국제구호개발,2,2
4141,국제농업박람회,4,4
4142,국제적,6,6
4143,국회,2,2
4144,군주,4,4
4145,굳건한,2,2
4146,굿데,7,8
4147,굿즈,27,28
4148,궂은,2,2
4149,권은비,36,37
4150,권정열,6,6
4151,귀궁,3,3
4152,귀요미,2,2
4153,귀향,2,2
4154,귀환,3,3
4155,규모,86,92
4156,규정,2,2
4157,규현,5,6
4158,균형,2,2
4159,그가,8,8
4160,그간,3,3
4161,그날,2,2
4162,그냥,3,3
4163,그녀,12,13
4164,그는,4,4
4165,그대,13,13
4166,그동안,6,6
4167,그때,3,3
4168,그라운드,2,2
4169,그래,3,3
4170,그래미,2,3
4171,그래픽,2,2
4172,그랜드,3,3
4173,그랜드슬램,4,4
4174,그랬으면,2,2
4175,그럼,2,2
4176,그렇게,4,5
4177,그레,3,3
4178,그룹,241,256
4179,그룹들,3,3
4180,그룹명,7,7
4181,그룹으로,7,7
4182,그를,18,18
4183,그리,12,12
4184,그리움,4,4
4185,그리워,2,3
4186,그린,5,5
4187,그린노블클럽,2,2
4188,그의,45,45
4189,그저,2,2
4190,그중,2,2
4191,그해,10,10
4192,극복,3,3
4193,극본,2,2
4194,극심한,3,3
4195,극장,27,29
4196,극장가,2,2
4197,극장용,3,3
4198,극장판,3,3
4199,극중,3,3
4200,극찬,3,3
4201,근거,9,9
4202,근데,2,2
4203,근절,3,3
4204,근접,2,2
4205,근접했으,2,2
4206,근황,10,10
4207,글래스턴베리,3,3
4208,글로벌,196,214
4209,글로벌200,5,5
4210,글로벌판,2,2
4211,글이,4,4
4212,금수저,2,2
4213,금액,2,2
4214,금요일,2,2
4215,금융,3,3
4216,금융권,2,2
4217,금지,2,2
4218,금지곡,2,2
4219,금토드라마,4,4
4220,급상승,3,3
4221,급식봉사,2,2
4222,급증,4,4
4223,급증했,3,3
4224,급증했다,5,5
4225,긍정적,2,2
4226,기간,45,45
4227,기관,2,2
4228,기금,5,5
4229,기네스,10,12
4230,기네스북,3,3
4231,기념,104,104
4232,기념일,4,4
4233,기념일마,3,3
4234,기념하,3,3
4235,기념한,2,2
4236,기념해,42,42
4237,기념행사,2,2
4238,기능,2,2
4239,기능성,3,3
4240,기다려온,2,2
4241,기다려준,5,5
4242,기다렸,2,2
4243,기다리,3,3
4244,기다림,3,3
4245,기대,10,10
4246,기대감,11,11
4247,기대된,2,2
4248,기대된다,3,3
4249,기록,510,535
4250,기록돼,2,2
4251,기록됐,2,2
4252,기록되,2,2
4253,기록이,5,5
4254,기록이었,4,4
4255,기록이자,2,2
4256,기록적인,2,2
4257,기록하,17,17
4258,기록한,5,5
4259,기록함,7,7
4260,기록해,34,34
4261,기록했,32,33
4262,기록했다,24,24
4263,기록했으,22,22
4264,기립박수,2,2
4265,기반,27,27
4266,기본,2,2
4267,기부,111,131
4268,기부금,10,13
4269,기부문화,2,2
4270,기부액,3,3
4271,기부요정,2,2
4272,기부자,3,3
4273,기부하,18,18
4274,기부하기,3,3
4275,기부한,5,5
4276,기부해,7,7
4277,기부해왔,2,2
4278,기부했,6,6
4279,기부했다,4,4
4280,기부했으,16,16
4281,기사,237,239
4282,기사화,3,3
4283,기수,2,2
4284,기수별,2,2
4285,기수제,2,2
4286,기억,5,5
4287,기업,11,11
4288,기여,15,15
4289,기여하,4,4
4290,기여한,5,5
4291,기여했다,3,3
4292,기용,15,15
4293,기용되,2,2
4294,기용한,8,8
4295,기용해,12,12
4296,기용했,2,2
4297,기원,3,3
4298,기자회견,4,4
4299,기적,3,3
4300,기존,21,21
4301,기준,159,165
4302,기탁,3,3
4303,기탁하,5,5
4304,기회,6,7
4305,기획,12,12
4306,기획사,9,9
4307,기획한,5,5
4308,기후위기,2,3
4309,길을,2,2
4310,김도연,2,2
4311,김동률,11,14
4312,김범수,4,4
4313,김세정,11,14
4314,김연자,17,17
4315,김윤주,2,2
4316,김이나,2,2
4317,김재덕,6,7
4318,김재중,49,51
4319,김제,2,2
4320,김종국,2,2
4321,김준수,5,5
4322,김진호,3,3
4323,김진환,2,2
4324,김채원,2,2
4325,김천시,4,4
4326,김태우,2,2
4327,김태호,5,5
4328,김하온,3,3
4329,김해,3,3
4330,김혜수,2,2
4331,김호중,20,23
4332,김희철,2,2
4333,깊다,2,2
4334,깊은,7,7
4335,까르띠,6,6
4336,깜짝,19,20
4337,깨고,2,2
4338,꺼내,3,3
4339,꼬띠,4,4
4340,꼰대력,2,2
4341,꼰대인턴,3,3
4342,꼽아,2,2
4343,꼽았,4,4
4344,꼽으,2,2
4345,꼽혔,3,3
4346,꼽혔다,2,2
4347,꼽히,4,4
4348,꼽힌,12,12
4349,꼽힌다,2,2
4350,꽃이,2,2
4351,꾸몄,4,4
4352,꾸미,4,4
4353,꾸준한,12,12
4354,꾸준히,33,33
4355,꿈꾸,3,3
4356,꿈에,3,3
4357,끌어모으,2,2
4358,끌어올렸,2,2
4359,끌어올렸다,2,2
4360,끝까지,6,6
4361,끝난,2,2
4362,끝에,7,7
4363,끝으,3,3
4364,끝의,2,2
4365,나가,2,2
4366,나고야,3,3
4367,나눔,19,21
4368,나눔리더스클럽,2,2
4369,나눴,6,6
4370,나뉘어,2,2
4371,나는,18,19
4372,나는가수,3,3
4373,나도,2,2
4374,나라,5,6
4375,나란히,8,8
4376,나랑드사이,2,2
4377,나를,2,2
4378,나만봉,2,2
4379,나머지,2,2
4380,나무,4,4
4381,나무위키,98,102
4382,나무증권,2,2
4383,나서,4,4
4384,나선,6,6
4385,나선다,2,2
4386,나섰,15,15
4387,나얼,12,16
4388,나연,4,5
4389,나오,2,2
4390,나온,7,7
4391,나올,6,6
4392,나와,2,2
4393,나왔,18,19
4394,나왔다,2,2
4395,나의,19,19
4396,나이,4,4
4397,나이키,8,8
4398,나이트,2,2
4399,나인,3,3
4400,나잇,2,2
4401,나타나,3,3
4402,나타난,2,2
4403,나타났,5,5
4404,나타리,9,9
4405,나탈리,4,4
4406,나훈아,19,23
4407,나흘,2,2
4408,나흘간,2,2
4409,낙원,2,2
4410,낙점,2,2
4411,날씨,2,2
4412,날짜,3,3
4413,남겼,13,13
4414,남구,6,6
4415,남긴,3,3
4416,남녀,2,2
4417,남다른,3,3
4418,남매,2,2
4419,남미,6,6
4420,남성,19,19
4421,남아,2,3
4422,남아프리카공화국,2,2
4423,남았다,3,3
4424,남자,29,29
4425,남자들,5,5
4426,남주,2,2
4427,남친,2,2
4428,남편,10,10
4429,났다,2,2
4430,낭독,2,2
4431,낳는,2,2
4432,낳았,2,2
4433,내가,4,4
4434,내건,6,6
4435,내걸,2,2
4436,내게,3,3
4437,내고,2,2
4438,내내,9,9
4439,내년,3,3
4440,내레이션,3,3
4441,내려,2,2
4442,내리,2,2
4443,내셔널지오그래픽,2,2
4444,내에,2,2
4445,내용,9,9
4446,내일,13,13
4447,내한,9,9
4448,냈다,13,13
4449,냈던,2,2
4450,냉부해,2,2
4451,냉장고,4,5
4452,너는,4,4
4453,너무,9,10
4454,너와,3,3
4455,너의,4,4
4456,너희,2,2
4457,널리,2,2
4458,넓혔,18,18
4459,넓히,5,5
4460,넘게,15,15
4461,넘겨,7,7
4462,넘겼,9,9
4463,넘겼으,3,3
4464,넘기,8,8
4465,넘긴,8,8
4466,넘나드,8,8
4467,넘는,11,11
4468,넘어,32,32
4469,넘어서,12,12
4470,넘어선,14,14
4471,넘어섰,30,31
4472,넘어섰으,2,2
4473,넘었,10,10
4474,넘은,6,6
4475,넘치,3,3
4476,넛잡,2,2
4477,네덜란드,3,3
4478,네버랜드,2,2
4479,네버엔딩,3,3
4480,네이버,6,6
4481,네이버tv,2,2
4482,네이트,9,9
4483,네티즌들,6,6
4484,넥슨,7,7
4485,넷이즈,2,2
4486,넷플릭스,35,36
4487,년간,2,2
4488,노들섬,2,2
4489,노란색,4,4
4490,노래,44,46
4491,노래방,5,7
4492,노래비,4,4
4493,노래연습장,2,2
4494,노래하,4,4
4495,노인,2,2
4496,노천극장,4,4
4497,노출,17,17
4498,녹음,3,3
4499,녹화,3,3
4500,논란,33,33
4501,논스톱,2,2
4502,논의,3,3
4503,놀라게,5,5
4504,놀라운,12,12
4505,놀라운토요일,2,2
4506,놀면,25,28
4507,놀토,2,2
4508,농림축산식품부,2,2
4509,농심,3,3
4510,높다,5,5
4511,높았,4,4
4512,높았다,2,2
4513,높였다,3,3
4514,높은,24,24
4515,높음,3,3
4516,높이,2,2
4517,놓은,3,3
4518,누가,2,2
4519,누구,2,2
4520,누구나,2,2
4521,누구보,2,2
4522,누적,164,169
4523,눈물,24,24
4524,눈에,2,2
4525,뉴발란스,2,2
4526,뉴센,3,3
4527,뉴스,28,28
4528,뉴스룸,7,7
4529,뉴스인사이드,2,2
4530,뉴시스,5,5
4531,뉴욕,25,25
4532,뉴저지,3,3
4533,뉴진스,32,36
4534,뉴트리원,2,2
4535,느꼈,2,2
4536,느낌,3,3
4537,늘며,2,2
4538,늘어난,5,5
4539,늘어났,2,2
4540,늘었,3,3
4541,니오젠,2,2
4542,니혼tv,6,6
4543,닐슨코리아,2,2
4544,닛산,5,7
4545,닝닝,8,8
4546,다국,2,2
4547,다국어,2,2
4548,다국적,2,2
4549,다니엘,11,11
4550,다락음악회,3,3
4551,다루,12,12
4552,다룬,47,47
4553,다룸,6,6
4554,다뤄,3,3
4555,다뤄지,2,2
4556,다뤄질,3,3
4557,다뤘,11,11
4558,다르,2,2
4559,다른,24,25
4560,다만,2,2
4561,다방면,2,2
4562,다비치,27,27
4563,다비치코드,3,3
4564,다섯,9,9
4565,다수,150,151
4566,다시,36,37
4567,다양한,23,23
4568,다운로드,33,33
4569,다음,11,11
4570,다음날,3,3
4571,다음뉴스,12,12
4572,다음카페,3,3
4573,다이나믹,8,8
4574,다이나믹듀오,13,13
4575,다이브,3,3
4576,다이어트,7,8
4577,다졌,3,3
4578,다큐,4,4
4579,다큐멘터리,34,38
4580,다현,3,3
4581,다회차,2,2
4582,닥터지,8,8
4583,단가,2,2
4584,단계,4,4
4585,단골,2,2
4586,단국대학교,2,2
4587,단독,347,358
4588,단독공연,4,4
4589,단독콘서트,2,3
4590,단독투어,2,2
4591,단발,2,2
4592,단순,6,6
4593,단순한,2,2
4594,단숨,2,2
4595,단어,4,4
4596,단위,13,13
4597,단일,3,3
4598,단일앨범,2,2
4599,단찌,2,2
4600,단체,11,11
4601,달간,6,6
4602,달궜,2,2
4603,달궜다,2,2
4604,달도,2,2
4605,달러,24,30
4606,달려,2,2
4607,달려라,2,2
4608,달리,2,2
4609,달바,2,2
4610,달빛,3,3
4611,달성,67,69
4612,달성하,2,2
4613,달성한,13,13
4614,달성함,2,2
4615,달성해,6,6
4616,달성했,7,7
4617,달성했다,8,8
4618,달성했으,5,5
4619,달의,8,8
4620,달콤한,2,2
4621,달하,6,6
4622,달한,4,4
4623,달한다,5,5
4624,달해,4,4
4625,달했,18,18
4626,달했다,3,3
4627,담긴,4,4
4628,담당,2,2
4629,담았,5,5
4630,담았으,2,2
4631,담은,31,31
4632,당대,3,3
4633,당신,5,5
4634,당일,24,24
4635,당일에,2,2
4636,닻별,24,24
4637,대강당,2,2
4638,대거,4,4
4639,대결,3,3
4640,대구,60,65
4641,대구경북,2,2
4642,대구에서,2,2
4643,대구치맥페스티벌,3,3
4644,대군부인,4,4
4645,대규모,29,29
4646,대극장,3,3
4647,대기,2,2
4648,대기록,2,2
4649,대기업,4,4
4650,대기열,5,5
4651,대기획,5,5
4652,대놓,2,2
4653,대단,3,3
4654,대대적,3,3
4655,대대적인,2,2
4656,대동제,3,3
4657,대만,74,99
4658,대만달러,2,2
4659,대만에서,2,2
4660,대면,2,2
4661,대미,2,2
4662,대박,4,4
4663,대부분,2,2
4664,대비,45,47
4665,대사,6,6
4666,대상,54,55
4667,대성,9,9
4668,대세,5,5
4669,대신,5,5
4670,대응,6,6
4671,대전,21,24
4672,대중,14,14
4673,대중문화,4,4
4674,대중문화예술상,2,2
4675,대중음악,3,3
4676,대중음악사,4,4
4677,대중음악센터,3,3
4678,대중적,39,39
4679,대체,2,2
4680,대통령,14,15
4681,대파,3,3
4682,대표,22,22
4683,대표곡,18,18
4684,대표단,3,3
4685,대표적,2,2
4686,대표적인,2,2
4687,대표하,5,5
4688,대학,33,40
4689,대학교,3,3
4690,대학생,2,2
4691,대학축제,54,59
4692,대한민국,24,24
4693,대한적십자사,9,9
4694,대한체육회,3,4
4695,대형,62,62
4696,대홍기획,2,2
4697,대화,4,4
4698,대회,10,10
4699,대히트,2,2
4700,댄스,10,10
4701,댄싱퀸,3,3
4702,댄싱퀸즈,2,2
4703,댈러스,4,4
4704,댓글,7,8
4705,더마,4,4
4706,더모코스메틱,2,2
4707,더복력,3,3
4708,더블,12,12
4709,더빙,2,2
4710,더빙판,2,2
4711,더쇼,4,4
4712,더시즌즈,2,3
4713,더욱,2,2
4714,더팩트,2,2
4715,더팩트뮤직어워즈,2,2
4716,더페이스샵,2,2
4717,더하,2,2
4718,더했,2,2
4719,덕분,10,10
4720,데니안,3,3
4721,데님,5,5
4722,데드풀,2,2
4723,데몬,2,2
4724,데뷔,613,661
4725,데뷔10주년,2,2
4726,데뷔곡,33,41
4727,데뷔까지,2,2
4728,데뷔앨범,10,13
4729,데뷔일,2,2
4730,데뷔하,2,2
4731,데뷔한,8,8
4732,데뷔해,10,10
4733,데뷔했,2,2
4734,데뷔했으,7,7
4735,데이,3,3
4736,데이비드,4,4
4737,데이식스,12,12
4738,데이터,6,7
4739,데이터베이스,3,3
4740,데이트,2,2
4741,데이팅,2,2
4742,데일리,9,9
4743,데일리안,2,2
4744,데일리차트,5,5
4745,데자부,3,3
4746,데틱닷컴,2,2
4747,데프콘,3,3
4748,델루나,5,5
4749,도경수,10,10
4750,도경완,4,4
4751,도깨비,9,10
4752,도는,14,14
4753,도둑,4,4
4754,도로,4,4
4755,도메인,2,2
4756,도미노피자,2,2
4757,도시,128,136
4758,도시별,2,2
4759,도시에서,3,3
4760,도영,7,13
4761,도와준,2,2
4762,도요스,2,2
4763,도움,2,2
4764,도장tv,2,2
4765,도전,18,18
4766,도전했,2,2
4767,도중,4,4
4768,도쿄,48,51
4769,도쿄돔,25,26
4770,독거노인,2,2
4771,독려,4,4
4772,독려하,3,3
4773,독립,4,4
4774,독보적,5,5
4775,독보적인,2,2
4776,독일,2,2
4777,독자,3,3
4778,독자적,2,2
4779,독점,8,8
4780,독특한,2,2
4781,돈을,2,2
4782,돌며,2,2
4783,돌보,2,2
4784,돌아,2,2
4785,돌아보,2,2
4786,돌아온,6,6
4787,돌아와,2,2
4788,돌아와요,3,3
4789,돌아왔,6,6
4790,돌입,2,2
4791,돌체앤가바나,7,7
4792,돌파,98,99
4793,돌파하,5,5
4794,돌파한,5,5
4795,돌파해,34,34
4796,돌파했,10,10
4797,돌파했다,14,14
4798,돌파했으,8,8
4799,돔에,2,2
4800,돔투어,3,3
4801,돕기,2,2
4802,돕는,5,5
4803,동계올림픽,2,2
4804,동기,5,6
4805,동남아,37,40
4806,동남아시아,12,12
4807,동네,3,3
4808,동력,2,2
4809,동료,8,8
4810,동률,2,2
4811,동명,6,6
4812,동방신기,38,40
4813,동생,3,3
4814,동시,95,98
4815,동시간대,3,3
4816,동시접속자,2,2
4817,동아대,2,2
4818,동아오츠카,4,4
4819,동아제약,4,4
4820,동안,17,17
4821,동영상,2,2
4822,동원,55,55
4823,동원f,2,2
4824,동원력,7,7
4825,동원참치,3,3
4826,동원해,4,4
4827,동원했,2,2
4828,동원했다,2,2
4829,동원했으,7,7
4830,동일,3,3
4831,동일본대지진,2,2
4832,동일한,2,2
4833,동참,2,2
4834,동창회,3,3
4835,동해,5,7
4836,동행,3,3
4837,동화,4,4
4838,됐고,12,12
4839,됐으,2,2
4840,되고,3,3
4841,되길,2,2
4842,되며,10,10
4843,되면,2,2
4844,되어,14,14
4845,되었,49,49
4846,되었다,3,3
4847,되었으,6,6
4848,되지,6,6
4849,된다,2,2
4850,두고,11,11
4851,두산,2,2
4852,둘러싸,2,2
4853,둘러싼,3,3
4854,둘째,2,2
4855,둥지,3,3
4856,뒤늦게,2,2
4857,뒤를,2,2
4858,뒤에,4,4
4859,뒤집어,3,3
4860,뒤흔들었,2,2
4861,뒷받침,3,3
4862,듀엣,9,9
4863,듀엣가요제,3,3
4864,듀오,18,18
4865,드라마,229,287
4866,드러내,2,2
4867,드러냈,8,8
4868,드레스,2,2
4869,드림,9,10
4870,드림콘서트,2,2
4871,드립니,3,3
4872,드문,2,2
4873,들고,3,3
4874,들과,3,3
4875,들며,3,3
4876,들이,3,3
4877,듯한,2,2
4878,등과,43,43
4879,등극,6,6
4880,등급,4,4
4881,등록,7,7
4882,등에,41,41
4883,등으,16,16
4884,등을,54,54
4885,등의,8,8
4886,등이,16,16
4887,등장,10,10
4888,등장하자,2,2
4889,등장한,3,3
4890,등장해,2,2
4891,등재,9,9
4892,등재돼,2,2
4893,등재되,2,2
4894,등재되었,3,3
4895,등지,4,4
4896,디너쇼,3,3
4897,디노,2,2
4898,디렉터,2,2
4899,디시인사이드,2,2
4900,디시트렌드,2,2
4901,디어,3,3
4902,디에잇,8,8
4903,디오,6,6
4904,디올,7,9
4905,디자이너,3,3
4906,디자인,6,6
4907,디즈니,11,12
4908,디지털,64,65
4909,디지털차트,30,31
4910,디틱,8,8
4911,딘딘,2,2
4912,딛고,3,3
4913,딩고,2,2
4914,따뜻한,4,4
4915,따라,14,14
4916,따른,3,3
4917,딸과,2,2
4918,때는,2,2
4919,때마,3,3
4920,때부터,2,2
4921,떠나,2,2
4922,떠나요,2,2
4923,떨어뜨렸,3,3
4924,떴다,3,3
4925,떼창,36,37
4926,떼창하,3,3
4927,또식당,2,2
4928,또한,3,3
4929,뛰어,2,2
4930,뛰어난,2,2
4931,뜨거운,25,26
4932,뜨거웠,7,7
4933,뜨거웠다,3,3
4934,뜨겁,2,2
4935,뜨겁게,9,9
4936,뜻을,2,2
4937,라네즈,4,4
4938,라는,59,59
4939,라데팡스,2,2
4940,라디오,26,30
4941,라디오스타,17,17
4942,라로슈포제,5,5
4943,라리사,2,2
4944,라면,3,3
4945,라스트,9,10
4946,라온,3,3
4947,라이관린,2,4
4948,라이벌,2,2
4949,라이브,70,74
4950,라이브네이션,3,3
4951,라이브홀,2,2
4952,라이언,2,2
4953,라이온즈,2,2
4954,라이즈,30,30
4955,라이징,6,6
4956,라이트스틱,2,2
4957,라이프,2,2
4958,라이프스타일,11,11
4959,라인,6,6
4960,라인업,40,41
4961,라차망갈라,2,2
4962,라차망칼라,2,2
4963,라코스테,2,2
4964,라틴아메리카,9,9
4965,래퍼,13,13
4966,랜드마크,3,3
4967,랭킹,15,16
4968,러볼리,4,4
4969,러브,10,10
4970,러브119,2,2
4971,러브레터,3,3
4972,러브콜,7,8
4973,러시아,24,25
4974,러시아어,5,5
4975,럭셔리,10,10
4976,런닝맨,11,12
4977,런던,9,9
4978,런쥔,2,2
4979,레드,6,6
4980,레드벨벳,46,48
4981,레드불,2,2
4982,레드카펫,5,5
4983,레모네이드,7,7
4984,레베럽,5,6
4985,레벨럽,2,2
4986,레벨업,4,4
4987,레이,9,9
4988,레이더,3,3
4989,레이블,15,16
4990,레이트,2,2
4991,레인보우,3,3
4992,레전더리,3,3
4993,레전드,13,13
4994,레진스낵,2,2
4995,레코드대상,2,2
4996,레트,3,3
4997,레포트,2,2
4998,로고,4,4
4999,로꼬,3,3
5000,로는,2,2
5001,로뎀의집,2,2
5002,로라,2,2
5003,로레알,4,4
5004,로맨스,10,10
5005,로맨틱,2,2
5006,로스,2,2
5007,로스앤젤레스,11,12
5008,로에베,5,5
5009,로열티,3,3
5010,로이,2,2
5011,로이로제,5,5
5012,로이킴,41,45
5013,로제,7,7
5014,로케이션,3,3
5015,로켓단,2,2
5016,록밴드,3,3
5017,록페스티벌,3,3
5018,론칭,13,13
5019,론칭한,2,2
5020,론칭해,2,2
5021,롤라팔루자,11,12
5022,롤모델,2,2
5023,롯데,5,5
5024,롯데렌터카,2,2
5025,롯데면세점,6,6
5026,롯데백화점,2,2
5027,롯데시네마,2,3
5028,롯데온,3,3
5029,롯데제,2,2
5030,롯데제과,3,3
5031,롯데주류,2,2
5032,루비,3,3
5033,루이비통,22,23
5034,루카,5,5
5035,루키,6,6
5036,루틴,2,2
5037,루피아,9,10
5038,룩으,3,3
5039,뤼튼테크놀로지스,2,2
5040,류진,2,2
5041,르꼬끄,2,2
5042,르노삼성자동차,2,2
5043,르니버스,2,2
5044,르세라핌,26,26
5045,리뉴얼,2,2
5046,리더,20,20
5047,리드,2,2
5048,리라,2,2
5049,리마,2,2
5050,리마인,6,6
5051,리메이크,7,7
5052,리무진,2,2
5053,리믹스,5,5
5054,리바이스,2,2
5055,리벨럽,2,2
5056,리복,5,5
5057,리뷰,12,12
5058,리브,5,5
5059,리브랜딩,2,2
5060,리빙,2,2
5061,리사,20,22
5062,리센느,35,36
5063,리셀,3,3
5064,리스트,2,2
5065,리씽크,2,2
5066,리액션,3,4
5067,리얼,3,3
5068,리얼리티,46,52
5069,리얼리티쇼,2,2
5070,리오픈,2,2
5071,리우데자네이루,4,4
5072,리조트,4,4
5073,리즈,2,2
5074,리퀘스트,2,2
5075,리턴즈,2,2
5076,리테일,2,2
5077,리패키지,5,5
5078,리포트,9,9
5079,리허설,2,2
5080,린다g,2,2
5081,린사사,4,4
5082,린은,13,13
5083,린을,4,4
5084,린의,3,3
5085,린이,4,4
5086,린커우,2,2
5087,릴레,5,5
5088,릴레이,3,3
5089,릴리,6,6
5090,릴리바이레드,2,2
5091,립밤,2,2
5092,링컨센터,2,3
5093,마감,2,2
5094,마굿간,2,2
5095,마그네틱,2,2
5096,마녀상점,2,2
5097,마노반,2,2
5098,마닐라,79,82
5099,마담,3,3
5100,마담2,7,7
5101,마돈나,3,3
5102,마드리드,3,3
5103,마련,8,8
5104,마련해,2,2
5105,마리끌레르,2,2
5106,마마무,29,33
5107,마마무x여자친구,2,2
5108,마무리,10,10
5109,마무리됐다,2,2
5110,마무리되,2,2
5111,마무리하,2,2
5112,마무리했다,2,2
5113,마밀라피나타파,2,2
5114,마블,2,2
5115,마비노기,5,5
5116,마사지기,2,3
5117,마스카라,2,2
5118,마스크,5,5
5119,마스터,5,5
5120,마약,3,5
5121,마와진,2,2
5122,마을,4,5
5123,마음,7,7
5124,마이,15,15
5125,마이데,6,6
5126,마이데일리,4,4
5127,마이클,3,3
5128,마젠타,2,2
5129,마지막,19,19
5130,마쳤,3,3
5131,마쳤다,5,5
5132,마치,6,6
5133,마친,7,7
5134,마침표,2,2
5135,마카오,20,21
5136,마케팅,28,28
5137,마켓,2,2
5138,마크,9,9
5139,마키아쥬,2,2
5140,마틴,2,2
5141,막강한,2,2
5142,막걸리,4,4
5143,막내,3,3
5144,만나,6,6
5145,만난,7,7
5146,만남,6,6
5147,만났,11,11
5148,만났으,2,2
5149,만드,3,3
5150,만든,11,11
5151,만들,3,3
5152,만들어냄,2,2
5153,만들어냈,5,5
5154,만들어냈다,3,3
5155,만들었,11,11
5156,만듦,4,4
5157,만석,2,2
5158,만의,87,88
5159,만이었,2,2
5160,만인,33,33
5161,만큼,55,55
5162,만한,2,2
5163,많아,2,2
5164,많은,15,15
5165,많은데,2,2
5166,많이,21,22
5167,말레이메일,2,2
5168,말레이시아,23,31
5169,말춤,4,4
5170,말하,4,4
5171,말할,4,4
5172,말해,2,2
5173,말했,5,5
5174,말했다,4,4
5175,맘스터치,3,3
5176,맞먹,2,2
5177,맞물려,3,3
5178,맞물린,3,3
5179,맞아,99,99
5180,맞았,2,2
5181,맞으,2,2
5182,맞은,8,8
5183,맞추,5,5
5184,맞춘,3,3
5185,맞춤,4,4
5186,맞춰,15,15
5187,맡고,2,2
5188,맡는,6,6
5189,맡아,22,24
5190,맡았,48,49
5191,맡았다,4,4
5192,맡았으,5,5
5193,맡으,7,7
5194,맡은,4,4
5195,매거진,7,7
5196,매너,3,3
5197,매년,21,21
5198,매니저,6,6
5199,매력,15,15
5200,매력적인,2,2
5201,매료시켰다,3,3
5202,매미소리,2,2
5203,매번,4,4
5204,매우,4,4
5205,매일,6,6
5206,매장,6,6
5207,매주,13,14
5208,매진,191,198
5209,매진돼,4,4
5210,매진됐,14,14
5211,매진됐다,8,8
5212,매진됐으,6,6
5213,매진되,39,40
5214,매진되었,22,22
5215,매진되었다,3,3
5216,매진되었으,7,7
5217,매진된,5,5
5218,매진시켰,6,6
5219,매진시켰다,3,3
5220,매진시키,8,8
5221,매체,325,335
5222,매체들,3,3
5223,매체에서,4,4
5224,매체와,2,2
5225,매출,49,58
5226,매출액,4,4
5227,맥도날드,6,7
5228,맥심,2,2
5229,맺고,5,5
5230,맺었,6,6
5231,맺은,4,4
5232,머니투데이,3,3
5233,머리,2,2
5234,머문,2,2
5235,먹방,5,5
5236,먹어요,3,3
5237,먹으면,2,2
5238,먹을텐데,3,3
5239,멋진,2,2
5240,메가방나,2,2
5241,메들리,2,2
5242,메디힐,6,6
5243,메르넬,2,2
5244,메리홀,2,2
5245,메모리얼,2,2
5246,메모리즈,2,2
5247,메시지,17,18
5248,메우,2,2
5249,메이,5,5
5250,메이베린,2,2
5251,메이블린,2,2
5252,메이저,4,4
5253,메이크업,11,11
5254,메이크업포에버,2,2
5255,메인,10,11
5256,멕시카나,2,2
5257,멕시코,25,30
5258,멕시코시티,15,15
5259,멘토,9,9
5260,멘토링,3,3
5261,멘트,2,2
5262,멜로,2,2
5263,멜로디,6,7
5264,멜로망스,2,2
5265,멜론,77,93
5266,멜론뮤직어워드,15,15
5267,멜론티켓,4,4
5268,멜버른,7,7
5269,멤버,265,274
5270,멤버들,66,66
5271,멤버로,2,2
5272,멤버별,5,5
5273,멤버십,31,35
5274,면세,3,3
5275,명곡,23,24
5276,명량,2,2
5277,명량대첩축제,7,7
5278,명명,3,3
5279,명반,2,2
5280,명소,3,4
5281,명시,12,12
5282,명에,16,16
5283,명예,13,13
5284,명예시민,2,2
5285,명예시민증,2,2
5286,명예직,2,2
5287,명예홍보대사,10,10
5288,명월,2,2
5289,명으,11,11
5290,명을,72,74
5291,명의,65,66
5292,명이,41,42
5293,명절,3,3
5294,명칭,22,22
5295,명품,24,24
5296,명품업계,2,2
5297,명화라이브홀,3,3
5298,모교,2,2
5299,모교인,2,2
5300,모금,14,15
5301,모니터링,2,2
5302,모델,243,250
5303,모델로,3,3
5304,모델료,3,3
5305,모델프레스,2,2
5306,모두,47,47
5307,모든,15,15
5308,모든소년소녀들,2,2
5309,모로코,2,2
5310,모르시나요,2,2
5311,모리,2,2
5312,모모,9,9
5313,모모콘,2,2
5314,모바일,9,9
5315,모바일게,3,3
5316,모바일뱅킹,2,2
5317,모스크바,5,5
5318,모습,35,35
5319,모아,8,8
5320,모아나,2,2
5321,모았,25,25
5322,모았다,5,5
5323,모았으,4,4
5324,모양,2,2
5325,모여,4,4
5326,모였,11,11
5327,모으,5,5
5328,모은,5,5
5329,모음,3,3
5330,모집,35,35
5331,모집되,2,2
5332,모집했으,2,2
5333,모카,6,6
5334,모태솔로지,4,4
5335,목록,13,13
5336,목소리,18,18
5337,목요일,7,7
5338,목적,3,3
5339,목포,2,2
5340,목포대학교,2,2
5341,목표,8,8
5342,몰고,4,4
5343,몰랐,3,3
5344,몰려,13,13
5345,몰려든,2,2
5346,몰렸,12,12
5347,몰렸다,3,3
5348,몰렸으,2,2
5349,몰입,2,2
5350,몰입도,2,2
5351,몸담았던,2,2
5352,못지않,2,2
5353,못하,2,2
5354,못한,6,6
5355,못할,6,6
5356,못함,5,5
5357,무가당,3,3
5358,무게,2,2
5359,무당,2,2
5360,무대,304,332
5361,무대에서,2,2
5362,무대였,2,2
5363,무렵,2,2
5364,무료,9,9
5365,무릎팍도사,2,2
5366,무명가수전,2,2
5367,무명기,2,2
5368,무비,9,9
5369,무슨,2,2
5370,무신사,3,3
5371,무한,2,2
5372,무한도전,24,25
5373,문경시,5,6
5374,문구,8,8
5375,문명특급,2,2
5376,문별,7,9
5377,문서,69,70
5378,문소영,2,2
5379,문재인,3,3
5380,문제,11,11
5381,문화,22,22
5382,문화교류,3,3
5383,문화매체,4,4
5384,문화유산청,2,2
5385,문화적,5,5
5386,문화체육관광부,15,15
5387,문화행사,2,2
5388,문희준,4,4
5389,묻는,2,2
5390,물결,4,4
5391,물들,2,2
5392,물량,6,6
5393,물론,2,2
5394,물리,2,2
5395,물어본다면,2,2
5396,뭐냐,2,2
5397,뭐하니,25,27
5398,뭐해,2,2
5399,뮤즈,7,7
5400,뮤지션,5,5
5401,뮤지컬,12,12
5402,뮤직,47,49
5403,뮤직뱅크,20,20
5404,뮤직비디오,62,68
5405,뮤직스테이션,3,3
5406,뮤직어워즈,2,2
5407,뮤직토크쇼,2,2
5408,미공개,4,4
5409,미국,123,142
5410,미국에서,2,2
5411,미국인,2,2
5412,미나,5,5
5413,미나미,4,4
5414,미니,56,62
5415,미니시리즈,3,3
5416,미니앨범,55,55
5417,미디어,10,10
5418,미딘국립경기장,2,2
5419,미라클,8,8
5420,미리,3,3
5421,미미,7,9
5422,미생,2,2
5423,미션,3,3
5424,미소,2,2
5425,미스,2,2
5426,미스터트롯,17,17
5427,미스터트롯2,5,5
5428,미스트롯,6,6
5429,미쓰라진,2,2
5430,미아,2,2
5431,미안함,2,2
5432,미연,2,2
5433,미우미우,2,2
5434,미운,16,16
5435,미적,2,2
5436,미주,3,3
5437,미주중앙일보,4,4
5438,미쳤,8,8
5439,미쳤다,2,2
5440,미치,4,4
5441,미친,5,5
5442,미쿠,2,2
5443,민규,6,6
5444,민기,2,2
5445,민니,9,10
5446,민박,6,6
5447,민원,3,3
5448,민주,4,4
5449,민지,3,3
5450,민폐,3,3
5451,민호,13,13
5452,민희진,2,2
5453,믿지,2,3
5454,밀라노,5,5
5455,밀레,2,2
5456,밀리언,6,7
5457,밀리언셀러,33,35
5458,밀알복지재단,3,3
5459,밀착,7,7
5460,밀착도,2,2
5461,밈이,2,2
5462,바나나맛우유,4,4
5463,바닐라코,6,6
5464,바라,2,2
5465,바란,2,2
5466,바람,11,11
5467,바로,3,3
5468,바로지금송,2,2
5469,바비,3,3
5470,바위게,4,4
5471,바이러스,2,2
5472,바이럴,6,6
5473,바이브,4,4
5474,바클레이스,2,2
5475,바타클랑,2,2
5476,바탕,5,5
5477,박서진,50,51
5478,박스,2,2
5479,박스스코어,2,2
5480,박스오피스,3,3
5481,박재범,54,54
5482,박정현,31,32
5483,박준형,4,5
5484,박지훈,6,6
5485,박진영,6,6
5486,박효신,17,17
5487,밖에서,2,2
5488,반경,2,2
5489,반발,3,3
5490,반복,5,5
5491,반복되,3,3
5492,반복적,3,3
5493,반스,3,3
5494,반영,3,3
5495,반영한,2,2
5496,반응,77,79
5497,반응함,2,2
5498,반입,2,2
5499,반전,3,3
5500,받고,6,6
5501,받는,13,13
5502,받아,2,2
5503,받았,83,85
5504,받았다,13,13
5505,받았던,2,2
5506,받았으,6,6
5507,받으,12,12
5508,받은,13,14
5509,받음,3,3
5510,발견,2,2
5511,발굴,2,2
5512,발급,2,2
5513,발라드,9,10
5514,발라드2,3,3
5515,발라드상,2,2
5516,발렌티노,2,2
5517,발매,271,289
5518,발매곡,13,13
5519,발매되,2,2
5520,발매되었으,2,2
5521,발매된,12,12
5522,발매된다,2,2
5523,발매마,2,2
5524,발매하,9,9
5525,발매한,40,40
5526,발매한다,5,5
5527,발매해,2,2
5528,발매했,4,4
5529,발매했는데,2,2
5530,발매했다,5,5
5531,발매했으,6,6
5532,발생,5,5
5533,발생한,3,3
5534,발언,14,15
5535,발자취,2,2
5536,발탁,199,200
5537,발탁돼,16,16
5538,발탁됐,2,2
5539,발탁됐다,4,4
5540,발탁됐으,4,4
5541,발탁되,21,21
5542,발탁되었,6,6
5543,발탁된,5,5
5544,발탁하,13,13
5545,발탁해,50,50
5546,발탁했다,12,12
5547,발탁했으,7,7
5548,발판,6,6
5549,발표,97,97
5550,발표곡,3,3
5551,발표됐으,4,4
5552,발표되었,2,2
5553,발표된,6,6
5554,발표하,4,4
5555,발표한,17,17
5556,발표함,2,2
5557,발표해,4,4
5558,발표했,5,5
5559,발표했다,10,10
5560,발표했으,5,5
5561,발휘,3,3
5562,발휘했다,2,2
5563,밝고,3,3
5564,밝은,4,4
5565,밝혀,7,7
5566,밝혔,79,79
5567,밝혔으,3,3
5568,밝히,10,10
5569,밝힌,10,10
5570,밝힘,30,30
5571,밤양갱,6,6
5572,밤에,5,5
5573,방문,41,42
5574,방문객,3,3
5575,방문한,3,3
5576,방문한다,3,3
5577,방문해,12,12
5578,방법,3,3
5579,방불케,2,2
5580,방송,95,101
5581,방송되,5,5
5582,방송된,42,42
5583,방송될,2,2
5584,방송분,3,3
5585,방송사,3,3
5586,방송인,4,4
5587,방시혁,3,3
5588,방식,8,8
5589,방영,31,31
5590,방영됐으,2,2
5591,방영되,4,4
5592,방영되었으,2,2
5593,방영된,16,16
5594,방영했으,2,2
5595,방일,4,4
5596,방찬,10,10
5597,방콕,64,72
5598,방탄소년단,16,16
5599,방향,2,2
5600,배경,13,13
5601,배급,3,3
5602,배너,2,2
5603,배려,2,2
5604,배반,2,2
5605,배분,2,2
5606,배우,52,55
5607,배우들,2,2
5608,배우로,6,6
5609,배운,2,2
5610,배이,2,2
5611,배출,4,4
5612,배치,6,6
5613,배틀,3,3
5614,배틀그라운드,2,2
5615,배틀트립,2,2
5616,배포,3,3
5617,백년,2,2
5618,백미,2,2
5619,백상예술대상,8,8
5620,백지영,27,30
5621,백지헌,2,2
5622,백현,6,6
5623,백혈병,2,2
5624,밴드,40,45
5625,밴드로,3,3
5626,밴쿠버,4,4
5627,뱀뱀,20,20
5628,버나드,2,2
5629,버논,9,9
5630,버니즈,2,2
5631,버디,5,5
5632,버라이어티,12,14
5633,버버리,4,4
5634,버스킹,6,6
5635,버전,18,19
5636,버추얼,2,2
5637,버튼,7,7
5638,벅스,8,8
5639,번도,3,3
5640,번역,2,2
5641,번째,90,92
5642,벌어들,2,2
5643,벌어들인,2,2
5644,벌어졌,6,6
5645,벌어질,2,2
5646,벌였,8,8
5647,벌이,4,4
5648,범국민,3,3
5649,범위,3,3
5650,법원,2,2
5651,법칙,4,4
5652,베르사체,5,5
5653,베를린,6,6
5654,베스트,25,26
5655,베스트셀러,4,4
5656,베스트앨범,2,3
5657,베이비,2,2
5658,베이비몬스터,21,21
5659,베이스,2,2
5660,베이징,7,8
5661,베트남,70,95
5662,베트남어,3,3
5663,벡스코,6,6
5664,벨루나,2,2
5665,변경,2,2
5666,변경하,2,2
5667,변신,8,8
5668,변신해,2,2
5669,변우석,2,2
5670,변함없,8,8
5671,변호사,2,2
5672,변화,3,3
5673,별개,3,3
5674,별도,52,52
5675,별명,6,7
5676,별에,3,3
5677,별이,6,6
5678,별칭,6,6
5679,별하랑,3,3
5680,병역,6,6
5681,병역면제,2,2
5682,병원,3,3
5683,병행,4,4
5684,병행하,3,3
5685,보고,7,7
5686,보고르,2,2
5687,보고서,2,2
5688,보내,5,5
5689,보낸,6,6
5690,보냈,2,2
5691,보냈다,2,2
5692,보는,4,4
5693,보니,2,2
5694,보다,6,6
5695,보도,842,842
5696,보도돼,2,2
5697,보도되,5,5
5698,보도되었,19,19
5699,보도될,4,4
5700,보도자료,5,5
5701,보도하,2,2
5702,보도한,6,6
5703,보도함,24,24
5704,보도해,21,21
5705,보도했으,6,6
5706,보령,2,2
5707,보령머드축제,3,3
5708,보보경심,7,8
5709,보스턴,2,2
5710,보아,33,34
5711,보여,2,2
5712,보여주,8,8
5713,보여주었,5,5
5714,보여준,68,68
5715,보여준다,3,3
5716,보여줌,22,22
5717,보여줬,33,33
5718,보여줬다,3,3
5719,보였,30,30
5720,보였다,8,8
5721,보였으,2,2
5722,보유,12,13
5723,보유자,2,2
5724,보유하,23,23
5725,보유한,3,3
5726,보유해,2,2
5727,보유했으,2,2
5728,보이,12,12
5729,보이그룹,26,26
5730,보이넥스트도어,2,2
5731,보이스,3,3
5732,보이즈플래닛,2,2
5733,보인,4,4
5734,보임,2,2
5735,보자,7,7
5736,보컬,21,22
5737,보탰,2,2
5738,보해양조,2,2
5739,보호,6,7
5740,보호소,2,2
5741,복구,12,12
5742,복귀,24,25
5743,복귀시켰,2,2
5744,복귀한다,2,2
5745,복귀해,5,5
5746,복귀했다,2,2
5747,복면가왕,28,29
5748,복무,5,5
5749,복수,4,4
5750,복합,2,2
5751,본격화,2,2
5752,본사,2,2
5753,본상,3,3
5754,본선,2,2
5755,본인,24,24
5756,볼론,3,3
5757,볼빨간사춘기,20,20
5758,봄날,2,2
5759,봄바람,3,3
5760,봄봄봄,3,3
5761,봄여름,2,2
5762,봄이,5,5
5763,봉구미,2,2
5764,봉사,6,7
5765,봉사활동,4,4
5766,봉화군,2,2
5767,부르,21,22
5768,부르면,2,2
5769,부른,14,14
5770,부를,4,4
5771,부모님,3,3
5772,부문,73,77
5773,부부,7,7
5774,부산,95,104
5775,부산관광공사,4,5
5776,부산광역시,5,5
5777,부산국제영화제,3,3
5778,부산대,4,5
5779,부산시,4,7
5780,부산에서,2,2
5781,부산원아시아페스티벌,7,7
5782,부산항,2,2
5783,부상,3,3
5784,부스,2,2
5785,부에노스아이레스,2,2
5786,부정적,4,4
5787,부제,3,3
5788,부족,2,2
5789,부진,2,2
5790,부천,3,3
5791,부천국제애니메이션페스티벌,6,6
5792,부천시,3,3
5793,부친,3,3
5794,부캐,3,3
5795,부탁해,9,9
5796,부합,2,2
5797,부합한다,2,2
5798,부활,4,5
5799,부흥,2,2
5800,북미,39,41
5801,북미투어,4,4
5802,북한,4,4
5803,분당,2,2
5804,분량,3,3
5805,분류,2,2
5806,분류상,3,3
5807,분석,34,34
5808,분석된,2,2
5809,분석한,3,3
5810,분석함,2,2
5811,분야,11,11
5812,분위기,16,16
5813,분쟁,7,7
5814,불가리,2,2
5815,불과,2,2
5816,불구하,6,6
5817,불꽃쇼,2,2
5818,불라칸,5,5
5819,불러,28,28
5820,불렀,17,17
5821,불렀으,4,4
5822,불렸,2,2
5823,불리,8,8
5824,불린,7,7
5825,불릴,9,9
5826,불만,2,2
5827,불매운동,2,2
5828,불시착,5,5
5829,불우이웃,2,2
5830,불황,2,2
5831,불후,22,22
5832,붉은,2,2
5833,붉은노,2,2
5834,뷰를,21,22
5835,뷰에,2,2
5836,뷰티,35,38
5837,뷰티풀,4,4
5838,브라운아이드소울,4,4
5839,브라운아이즈,8,9
5840,브라질,91,132
5841,브랜드,361,437
5842,브랜드고객충성도대상,2,2
5843,브랜드송,2,2
5844,브랜드와,3,3
5845,브랜드평판,35,36
5846,브랜드평판지수,3,3
5847,브로커,3,3
5848,브루클린,2,2
5849,브리즈,9,9
5850,브이로그,9,9
5851,블라인드,2,2
5852,블락비,2,2
5853,블랙,2,2
5854,블랙핑크,39,40
5855,블러썸,2,2
5856,블럭,16,16
5857,블로그,3,3
5858,블로쿠,2,2
5859,블루,3,3
5860,블루수칸,2,2
5861,블루스,5,5
5862,블루스퀘어,6,6
5863,블루카펫,2,2
5864,블링,2,2
5865,블링크,5,5
5866,비가,3,3
5867,비공식,3,3
5868,비긴어게인,7,7
5869,비누,3,6
5870,비디오,2,2
5871,비롯한,4,4
5872,비롯해,6,6
5873,비밀,5,5
5874,비밥바룰라,2,2
5875,비버,4,4
5876,비보,2,2
5877,비비,25,25
5878,비스테이지,6,6
5879,비스트,2,2
5880,비아이돌,6,6
5881,비연속,2,2
5882,비오,7,7
5883,비오레,2,2
5884,비욘드,2,2
5885,비욘드라이브,2,2
5886,비일본인,2,2
5887,비전,2,2
5888,비주얼,10,10
5889,비중,6,6
5890,비즈니스,2,2
5891,비타르,2,2
5892,비투비,8,8
5893,비트,2,2
5894,비판,5,5
5895,비하인드,17,17
5896,비화,4,4
5897,빅데이터,10,10
5898,빅마마,14,15
5899,빅뱅,42,42
5900,빅세일,2,2
5901,빅히트,3,3
5902,빈지노,2,2
5903,빌런,3,4
5904,빌리언스,2,2
5905,빌리프랩,3,3
5906,빌보드,178,209
5907,빌보드200,13,15
5908,빌보드재팬,9,9
5909,빙그레,10,13
5910,빚었,2,2
5911,빛나,8,8
5912,빠르게,14,14
5913,빠른,5,5
5914,빨간,2,2
5915,빼빼,2,2
5916,뺏기,2,2
5917,뺑소니,5,5
5918,뽕숭아학당,3,3
5919,뿅뿅,3,3
5920,뿌려진,2,2
5921,뿐인데,5,5
5922,사건,15,15
5923,사고,2,2
5924,사과,3,3
5925,사과했다,3,3
5926,사극,3,4
5927,사나,10,10
5928,사는,5,5
5929,사다리,2,2
5930,사람,14,15
5931,사람들,7,7
5932,사랑,45,47
5933,사랑만큼,2,2
5934,사랑받,5,5
5935,사랑방,2,2
5936,사랑실천,2,2
5937,사랑의열매,11,11
5938,사랑이야,6,7
5939,사랑하,12,12
5940,사랑하겠어,3,3
5941,사랑해,6,6
5942,사랑해요,2,2
5943,사례,88,89
5944,사례였,3,3
5945,사로잡,2,2
5946,사로잡았다,2,2
5947,사료,2,2
5948,사망,4,4
5949,사부,2,2
5950,사상,16,16
5951,사생팬들,2,2
5952,사생활,3,3
5953,사실,17,17
5954,사실상,3,3
5955,사업,14,14
5956,사연,10,10
5957,사용,10,10
5958,사용되,2,2
5959,사용되도록,3,3
5960,사용될,6,6
5961,사우디아라비아,3,3
5962,사운드,4,4
5963,사운드트랙,7,9
5964,사원,2,2
5965,사월,3,3
5966,사유,2,2
5967,사이,28,28
5968,사이에서,3,3
5969,사이타마,4,4
5970,사이트,24,24
5971,사인,4,4
5972,사전,11,11
5973,사전예매,2,2
5974,사전예약,11,14
5975,사정,2,2
5976,사직구장,2,2
5977,사직동,2,3
5978,사진,16,16
5979,사천시,3,3
5980,사쿠라,7,7
5981,사태,5,5
5982,사회,4,5
5983,사회공헌,9,9
5984,사회복지공동모금회,5,5
5985,사회복지시설,2,2
5986,사회적,15,15
5987,사흘간,5,5
5988,삭제,2,2
5989,산다,14,14
5990,산다라박,2,2
5991,산불,19,19
5992,산업,15,15
5993,산업군,2,2
5994,산업에서,2,2
5995,산업적,5,5
5996,산이,2,2
5997,산장,3,3
5998,산책,4,4
5999,산티아,3,3
6000,산하,12,13
6001,살롱드립,2,3
6002,살롱드립2,2,2
6003,살림하,5,5
6004,살아남기,2,2
6005,살아있,2,2
6006,삶은,2,2
6007,삼다수,3,3
6008,삼성,7,8
6009,삼성서울병원,2,2
6010,삼성전자,6,6
6011,삼성홀,2,2
6012,삼천포종합사회복지관,2,2
6013,삼천포초등학교,2,2
6014,삽입,4,4
6015,삽입곡,7,7
6016,상권,8,8
6017,상금,3,3
6018,상남자,5,5
6019,상담,2,2
6020,상담소,3,3
6021,상당,13,13
6022,상당한,5,5
6023,상대,4,4
6024,상반기,18,19
6025,상세,24,24
6026,상세히,6,6
6027,상속자들,4,4
6028,상승,9,9
6029,상승하,2,2
6030,상승한,2,2
6031,상승했,3,3
6032,상승했다,3,3
6033,상시,9,9
6034,상업,4,4
6035,상업광,4,4
6036,상업적,13,13
6037,상영,9,10
6038,상영관,4,4
6039,상영되,2,2
6040,상영된다,5,5
6041,상영한다,2,2
6042,상위,3,3
6043,상위권,12,13
6044,상을,5,5
6045,상장,3,3
6046,상징,5,5
6047,상징색,5,5
6048,상징색인,3,3
6049,상징적,6,6
6050,상징하,2,2
6051,상태,6,6
6052,상파울루,18,18
6053,상표권,3,3
6054,상품,13,16
6055,상호,2,2
6056,상황,9,9
6057,새끼,17,17
6058,새로,5,5
6059,새로운,44,44
6060,새롭게,3,3
6061,새해,2,2
6062,색상,6,6
6063,샌프란시스코,3,3
6064,샘터,2,2
6065,생각,2,2
6066,생겼,2,2
6067,생기,2,2
6068,생로랑,2,2
6069,생방송,4,4
6070,생애,5,5
6071,생일,38,39
6072,생일마,3,3
6073,생중계,13,14
6074,생중계된다,2,2
6075,생태계,3,3
6076,생필품,2,2
6077,생활,7,7
6078,샤넬,15,17
6079,샤이니,32,33
6080,샤키라,2,2
6081,서강대,4,4
6082,서게,2,2
6083,서구,6,6
6084,서구권,2,2
6085,서든어택,4,4
6086,서로,4,4
6087,서며,2,2
6088,서명,2,2
6089,서바이벌,21,21
6090,서버,4,4
6091,서브유닛,9,11
6092,서비스,19,19
6093,서사,5,5
6094,서술,3,4
6095,서스테이너블,2,2
6096,서울,249,261
6097,서울가요대상,9,9
6098,서울경제,2,2
6099,서울교통공사,2,2
6100,서울대공원,2,2
6101,서울대병원,2,2
6102,서울랜드,2,2
6103,서울뿐,3,3
6104,서울시,10,12
6105,서울시장,3,3
6106,서울시청,2,2
6107,서울아산병원,4,4
6108,서울어린이대공원,2,2
6109,서울역,2,2
6110,서울올림픽체조경기장,3,3
6111,서울우유,2,2
6112,서울월드컵경기장,3,3
6113,서울중앙지법,3,3
6114,서울지하철,3,3
6115,서울특별시,6,7
6116,서울패션위크,2,2
6117,서은광,3,3
6118,서클,10,10
6119,서클차트,13,13
6120,서포트,5,5
6121,서프라이즈,5,5
6122,서현,3,3
6123,석권,12,12
6124,석권하,2,2
6125,석권한,2,2
6126,석권함,2,2
6127,석권했다,2,2
6128,석이,8,8
6129,석촌호수,2,2
6130,선공개,4,4
6131,선공개곡,4,4
6132,선례,3,3
6133,선물,11,11
6134,선물해,2,2
6135,선미,3,3
6136,선발,3,3
6137,선배,4,4
6138,선보,18,18
6139,선보여,4,4
6140,선보였,43,43
6141,선보였다,8,8
6142,선보였으,7,7
6143,선보이,2,2
6144,선보이자,5,5
6145,선보인,8,8
6146,선사,10,10
6147,선언한,3,3
6148,선예매,42,42
6149,선예매만,9,9
6150,선정,59,59
6151,선정돼,7,7
6152,선정됐,2,2
6153,선정됐다,2,2
6154,선정됐으,2,2
6155,선정되,5,5
6156,선정하,4,4
6157,선정한,2,2
6158,선정해,7,7
6159,선정했다,4,4
6160,선정했으,2,2
6161,선주문,14,17
6162,선주문량,2,2
6163,선택,4,4
6164,선판매,2,2
6165,선포식,2,2
6166,선풍기,5,5
6167,선한,3,3
6168,선행,18,18
6169,설렁탕,2,2
6170,설립,5,5
6171,설립하,2,2
6172,설립한,4,4
6173,설립해,2,2
6174,설명,7,8
6175,설문,3,3
6176,설문조사,3,3
6177,설운,3,3
6178,설윤,3,7
6179,섬의,3,3
6180,섭외,12,15
6181,섰다,6,6
6182,섰으,2,2
6183,성공,20,21
6184,성공적,7,7
6185,성공한,2,2
6186,성과,20,21
6187,성금,14,16
6188,성남,8,8
6189,성남시,3,3
6190,성동구,3,3
6191,성료,7,7
6192,성료했으,2,2
6193,성사,3,3
6194,성사시켰,4,4
6195,성수,3,3
6196,성시경,46,52
6197,성신여대,2,2
6198,성원,2,2
6199,성인,2,2
6200,성장,14,14
6201,성장세,4,5
6202,성장하,2,2
6203,성장한,3,3
6204,성장해,4,4
6205,성장했,2,2
6206,성장했다,2,2
6207,성장했으,2,2
6208,성적,8,8
6209,성지순례,3,3
6210,성진,3,3
6211,성화,7,8
6212,성황,2,2
6213,성황리,14,14
6214,세계,69,69
6215,세계2,2,2
6216,세계기록,8,8
6217,세계여행,2,2
6218,세계유산위원회,5,6
6219,세계적,6,6
6220,세관,3,3
6221,세나얀,2,2
6222,세대,28,29
6223,세대별,3,3
6224,세럼,2,2
6225,세부,4,4
6226,세브란스,2,2
6227,세브란스병원,3,3
6228,세븐틴,31,35
6229,세상,13,13
6230,세우,3,3
6231,세운,6,6
6232,세움,2,2
6233,세워,2,2
6234,세웠,106,106
6235,세웠다,13,13
6236,세웠으,8,8
6237,세이부,2,2
6238,세일즈,9,10
6239,세자,2,2
6240,세종문화회관,8,8
6241,세트,5,5
6242,세트리스트,4,4
6243,세훈,4,4
6244,섹션,3,3
6245,섹시,2,2
6246,센치너,3,3
6247,센터,3,3
6248,셀러브리티,5,5
6249,셀린느,6,6
6250,셋리스트,3,3
6251,셔츠,2,2
6252,션과,2,2
6253,셰프,5,6
6254,소감,24,24
6255,소개,104,105
6256,소개되,7,7
6257,소개되었,5,5
6258,소개된,3,3
6259,소개하,24,24
6260,소개한,2,2
6261,소개했으,2,2
6262,소규모,5,5
6263,소극장,3,3
6264,소녀,12,15
6265,소녀시대,45,48
6266,소년,8,8
6267,소니,3,3
6268,소록도,2,2
6269,소름,4,4
6270,소리,7,7
6271,소리길,3,3
6272,소리바,2,2
6273,소문,2,2
6274,소방관,2,2
6275,소비,27,27
6276,소비되,3,3
6277,소비력,6,6
6278,소비자,10,10
6279,소비자보호기구,2,2
6280,소비재,7,7
6281,소비층,2,2
6282,소설,3,3
6283,소셜,3,3
6284,소셜러스,2,2
6285,소셜미디어,2,2
6286,소속,19,19
6287,소속사,74,78
6288,소송,4,4
6289,소스뮤직,2,2
6290,소식,195,197
6291,소아암,7,8
6292,소외계층,3,3
6293,소울,3,3
6294,소울트리,2,2
6295,소원,5,5
6296,소유,5,5
6297,소장한,2,2
6298,소재,8,8
6299,소주,12,15
6300,소중한,2,2
6301,소통,26,26
6302,소통하,5,5
6303,소통했다,2,2
6304,소화,7,7
6305,소화하,3,3
6306,속도,2,2
6307,속삭,3,3
6308,속았수,2,2
6309,속어,2,2
6310,속에,8,8
6311,속에서,7,7
6312,속옷,4,4
6313,속초,10,10
6314,손나은,3,4
6315,손을,2,2
6316,손이,2,2
6317,손잡,8,8
6318,손해배상,4,4
6319,손호영,2,2
6320,손흥민,4,4
6321,솔드아웃,2,2
6322,솔라,6,6
6323,솔로,81,85
6324,솔로곡,10,10
6325,솔루션,2,2
6326,솔직한,2,2
6327,송가인,45,49
6328,송지오,2,2
6329,송출되,2,2
6330,송출되었,2,2
6331,송혜교,2,2
6332,쇼미더머니,7,7
6333,쇼미더머니11,4,4
6334,쇼미더머니12,3,3
6335,쇼음악중심,4,4
6336,쇼챔피언,8,10
6337,쇼케이스,15,16
6338,쇼타,9,11
6339,쇼타로,5,5
6340,쇼파드,2,2
6341,쇼피,6,6
6342,쇼핑,4,4
6343,쇼핑몰,3,3
6344,숏드라마,2,3
6345,숏폼,9,9
6346,수가,11,11
6347,수감,3,3
6348,수년,3,3
6349,수는,4,4
6350,수도권,2,2
6351,수량,2,2
6352,수록,2,2
6353,수록곡,22,22
6354,수록했으,2,2
6355,수립,2,2
6356,수만,4,4
6357,수목금,2,2
6358,수밖,2,2
6359,수백,4,4
6360,수상,123,128
6361,수상자,3,3
6362,수상한,3,3
6363,수상해,5,5
6364,수상했,6,6
6365,수상했다,3,3
6366,수상했으,6,6
6367,수술비,3,3
6368,수십,5,5
6369,수십억,4,4
6370,수여,2,2
6371,수여받았,2,2
6372,수영,6,6
6373,수영복,2,2
6374,수요,43,43
6375,수요일,2,2
6376,수원,8,8
6377,수원시,3,3
6378,수익,36,40
6379,수익금,6,6
6380,수입,5,6
6381,수준,7,7
6382,수천,4,4
6383,수출,4,4
6384,수치,6,6
6385,수프라,2,2
6386,수해,6,6
6387,수행,2,2
6388,수호,7,9
6389,숙박,3,3
6390,숙박업소,2,2
6391,숙소,4,4
6392,숙취해소제,3,3
6393,순간,24,24
6394,순간들,3,3
6395,순수,2,2
6396,순식간,7,7
6397,순위,37,38
6398,순위권,2,2
6399,순위인,2,2
6400,순차,5,5
6401,순차적,2,2
6402,순천,2,2
6403,순항,2,2
6404,순회,24,24
6405,순회공연,7,7
6406,순회하,8,8
6407,순회한다,2,2
6408,숭실대,5,5
6409,쉬어,2,2
6410,쉽게,2,2
6411,슈가,5,5
6412,슈가맨,4,4
6413,슈올즈,4,4
6414,슈주,2,2
6415,슈즈,2,2
6416,슈퍼,3,3
6417,슈퍼드라,2,2
6418,슈퍼맨,5,5
6419,슈퍼스타k,4,4
6420,슈퍼스타k2,2,2
6421,슈퍼스타k4,4,4
6422,슈퍼주니어,34,39
6423,슈퍼콘,2,3
6424,슈퍼팬,2,2
6425,슈화,5,5
6426,스나얀,3,3
6427,스마트폰,9,9
6428,스스,3,3
6429,스스로,2,2
6430,스승,2,2
6431,스위스,2,2
6432,스위프트,2,2
6433,스윗,2,2
6434,스캔들,4,4
6435,스케일,2,2
6436,스케줄,14,14
6437,스케치북,11,11
6438,스퀘어,2,2
6439,스크린,8,8
6440,스킨케어,15,15
6441,스타,33,34
6442,스타뉴스,26,26
6443,스타들,3,3
6444,스타디움,36,41
6445,스타랭킹,2,2
6446,스타상,2,2
6447,스타일,8,8
6448,스타일리시한,2,2
6449,스타일링,3,3
6450,스타킹,5,5
6451,스타트업,6,6
6452,스태프,2,2
6453,스탠딩,3,3
6454,스테,3,3
6455,스테디셀러,2,2
6456,스테이션,3,5
6457,스테이지,5,6
6458,스토리,7,7
6459,스튜디오,6,7
6460,스트레,14,14
6461,스트레이키즈,14,14
6462,스트리밍,85,101
6463,스트리트,3,3
6464,스트림,5,5
6465,스트릿,3,5
6466,스페셜,24,26
6467,스페인,8,8
6468,스페인어,9,10
6469,스페인어권,12,12
6470,스포르티브,2,2
6471,스포츠,15,15
6472,스포츠경향,13,13
6473,스포츠서울,3,3
6474,스포츠월드,2,2
6475,스포츠웨어,3,3
6476,스포츠음료,2,2
6477,스포티파,21,21
6478,스포티파이,8,8
6479,스폰,3,3
6480,스프라이트,4,4
6481,스프렉사코리아,2,2
6482,스피릿,3,3
6483,스핀오프,2,2
6484,슬기,5,5
6485,슬럼프,4,4
6486,슬로건,8,8
6487,슬픈,2,2
6488,승관,10,10
6489,승한,3,3
6490,승희,5,5
6491,시간,23,24
6492,시간대,3,3
6493,시골,2,2
6494,시구자,2,2
6495,시기,11,11
6496,시너지,4,4
6497,시네마,4,4
6498,시대,3,3
6499,시도,4,4
6500,시드니,11,12
6501,시리아,3,3
6502,시리즈,55,57
6503,시민,4,4
6504,시부야,4,4
6505,시사,9,9
6506,시사저널,5,5
6507,시상식,34,34
6508,시선,2,2
6509,시설,2,2
6510,시세이,4,4
6511,시스템,2,2
6512,시아라,2,2
6513,시애틀,6,6
6514,시야,2,2
6515,시야제한석,6,6
6516,시어터,4,4
6517,시연,3,3
6518,시우민,4,5
6519,시원,2,3
6520,시은,3,4
6521,시작,83,83
6522,시작되자,3,3
6523,시작된,8,8
6524,시작된다,2,2
6525,시작하,3,3
6526,시작한,2,2
6527,시작한다,3,3
6528,시작해,8,8
6529,시작했,2,2
6530,시작했는데,2,2
6531,시작했다,2,2
6532,시작했으,5,5
6533,시장,79,81
6534,시장에서,13,13
6535,시장으로,3,3
6536,시장점유율,3,3
6537,시절,14,15
6538,시절인,2,2
6539,시점,29,29
6540,시즌,34,35
6541,시즌1,10,10
6542,시즌2,25,26
6543,시즌3,6,6
6544,시즌4,5,5
6545,시즌5,3,3
6546,시즌6,3,4
6547,시즌즈,9,9
6548,시청,8,8
6549,시청률,18,19
6550,시청자,9,10
6551,시청자층,2,2
6552,시청하,2,2
6553,시청해주세요,2,2
6554,시초,4,4
6555,시카,9,9
6556,시카고,2,2
6557,시크릿,5,5
6558,시트콤,6,7
6559,식스센스,2,2
6560,식품,7,7
6561,신곡,82,83
6562,신규,52,52
6563,신기록,12,12
6564,신기하기,2,2
6565,신나게,2,2
6566,신년,2,2
6567,신동,5,5
6568,신드롬,4,4
6569,신라면,3,4
6570,신랑,2,2
6571,신랑닷컴,3,3
6572,신랑망,3,3
6573,신뢰,7,7
6574,신뢰도,5,5
6575,신발,5,5
6576,신보,14,14
6577,신부,2,2
6578,신비,2,2
6579,신비주,2,2
6580,신사,6,6
6581,신상출시,4,4
6582,신생,3,3
6583,신선한,2,2
6584,신설,2,2
6585,신세대,2,2
6586,신연아,2,2
6587,신의,7,7
6588,신인,36,36
6589,신인상,20,25
6590,신인임,3,3
6591,신제품,16,16
6592,신청,6,6
6593,신한카드,3,3
6594,신해철,2,2
6595,신화,2,2
6596,실력,11,11
6597,실력파,3,3
6598,실렸,2,2
6599,실린,2,2
6600,실물,12,12
6601,실물앨범,2,2
6602,실버,4,4
6603,실버버튼,2,2
6604,실시간,24,24
6605,실신,2,2
6606,실어,3,3
6607,실었,2,2
6608,실적,7,7
6609,실제,17,17
6610,실질적,4,4
6611,실천,4,4
6612,실형,2,2
6613,실황,34,38
6614,실황영화,6,6
6615,심경,2,2
6616,심리,3,3
6617,심사,2,2
6618,심사위원,26,26
6619,심야,3,3
6620,심층,5,5
6621,십센치,2,2
6622,십오야,2,3
6623,싱가포르,28,28
6624,싱글,117,130
6625,싱글즈,3,3
6626,싱글차트,7,7
6627,싱어게인,2,2
6628,싱어송라이터,3,3
6629,싱포레스트,2,2
6630,싶다,11,11
6631,싶어,9,9
6632,싶었,4,4
6633,싶은,3,3
6634,싸이,55,58
6635,싹쓰리,3,3
6636,쌍갑포차,2,2
6637,쌓아온,2,2
6638,써클,11,11
6639,써클차트,16,19
6640,썬더돔,2,2
6641,썸머,2,2
6642,썼다,3,3
6643,쏘스뮤직,2,2
6644,쏟아졌,4,4
6645,쓰고,3,3
6646,쓰레기,4,4
6647,쓰였,6,6
6648,쓸쓸하,5,5
6649,씨는,2,2
6650,씨스타,3,3
6651,씨야,2,2
6652,씨어터,2,2
6653,씨에이엠위더스,2,2
6654,아가새,4,4
6655,아가씨,4,4
6656,아기,2,2
6657,아내,4,4
6658,아는,20,21
6659,아는형님,4,4
6660,아니,4,4
6661,아니라,10,10
6662,아닌,9,9
6663,아님,2,2
6664,아동,10,10
6665,아동복지전문기관,2,2
6666,아들,6,6
6667,아디다스,5,6
6668,아라네타,2,2
6669,아람극장,2,2
6670,아랍에미리트,2,2
6671,아래,4,4
6672,아레나,54,57
6673,아로망,2,2
6674,아르헨티나,9,10
6675,아름다운,9,9
6676,아름다움,2,2
6677,아리랑,3,3
6678,아리스,20,20
6679,아린,4,4
6680,아마존,2,2
6681,아메리카,3,3
6682,아메리카노,4,4
6683,아메리칸,2,2
6684,아모레퍼시픽,4,4
6685,아모르,3,3
6686,아모르파티,7,7
6687,아무,3,3
6688,아무노래,10,10
6689,아미,7,9
6690,아미들,2,2
6691,아사,7,7
6692,아사히,2,2
6693,아산,2,2
6694,아쉬움,3,3
6695,아쉽,2,2
6696,아시아,100,103
6697,아시아경제,2,2
6698,아시아드,2,2
6699,아시아월드엑스포,3,3
6700,아시아투어,8,8
6701,아시안,3,3
6702,아역배우,2,2
6703,아우르,11,11
6704,아웃도어,6,7
6705,아워,2,2
6706,아이,2,2
6707,아이돌,61,64
6708,아이돌로,3,3
6709,아이돌로서,2,2
6710,아이돌룸,3,3
6711,아이돌학교,2,2
6712,아이들,45,46
6713,아이디어,2,2
6714,아이리스,4,4
6715,아이린,11,12
6716,아이브,11,11
6717,아이사,2,2
6718,아이스크림,5,5
6719,아이오아,27,29
6720,아이오아이,9,9
6721,아이웨어,6,6
6722,아이유,43,47
6723,아이유애나,3,3
6724,아이즈,5,5
6725,아이코닉,2,2
6726,아이콘,8,8
6727,아이튠즈,24,26
6728,아일랜드,2,2
6729,아일릿,34,41
6730,아임,7,8
6731,아저씨,3,3
6732,아주,2,2
6733,아주경제,2,2
6734,아직,6,6
6735,아침,6,6
6736,아카라카,8,9
6737,아카이브,3,3
6738,아테나,3,3
6739,아티스트,177,186
6740,아티스트들,8,8
6741,아티스트들과,2,2
6742,아티스트로,7,7
6743,아티스트로서,3,3
6744,아티스트상,3,4
6745,아티스트와,5,5
6746,아파트,3,3
6747,아프리카,2,2
6748,아플,2,2
6749,아현,5,5
6750,악귀,3,3
6751,악동들,2,2
6752,악동뮤지션,9,9
6753,악마,4,4
6754,악뮤,9,9
6755,악카데미,2,2
6756,안내,25,25
6757,안내되,2,2
6758,안내할,2,2
6759,안녕,5,5
6760,안녕하세요,3,3
6761,안동,2,3
6762,안무,3,4
6763,안산,4,4
6764,안성훈,2,2
6765,안양,3,3
6766,안에,3,3
6767,안유진,5,5
6768,안전,3,3
6769,안정적,3,3
6770,안정적인,5,5
6771,안졍하세요,3,3
6772,안지영,9,9
6773,안착,2,2
6774,안타라,8,8
6775,안티팬,2,3
6776,않고,3,3
6777,않는,5,5
6778,않다,3,3
6779,않아,4,4
6780,않았다,2,2
6781,않았으나,2,2
6782,않았음,3,3
6783,않은,7,7
6784,알려져,2,2
6785,알려졌,8,8
6786,알려졌다,3,3
6787,알려지,3,3
6788,알려진,4,4
6789,알렸,6,6
6790,알로뱅크,3,3
6791,알리,22,22
6792,알리겠다,2,2
6793,알리기,4,4
6794,알린,2,2
6795,암스테르담,3,3
6796,암표,19,20
6797,압도적,3,3
6798,앙둥,4,4
6799,앙앙코르,2,2
6800,앙코르,37,39
6801,앙코르에서,2,2
6802,앞까지,2,2
6803,앞두,36,36
6804,앞둔,4,4
6805,앞서,14,14
6806,앞선,2,2
6807,앞에,12,12
6808,앞으,2,2
6809,애니메이션,21,21
6810,애니콜,2,2
6811,애도,2,2
6812,애정,19,19
6813,애칭,5,5
6814,애틀랜타,9,10
6815,애플뮤직,5,5
6816,액션,4,5
6817,액트,2,3
6818,앨범,253,310
6819,앨범들,2,2
6820,앨범차트,26,27
6821,앰배서더,11,11
6822,앰버서더,220,231
6823,앱을,2,2
6824,앵콜,3,4
6825,야생화,2,2
6826,야외,5,5
6827,야호,3,3
6828,야후,5,5
6829,약물,3,3
6830,약속,6,6
6831,약속한,2,2
6832,약속했다,2,2
6833,양국,3,3
6834,양금명,2,2
6835,양상,2,2
6836,양성,3,3
6837,양일,4,4
6838,양일간,5,5
6839,양재천,2,2
6840,양화대교,2,2
6841,어게인,9,9
6842,어깨,2,2
6843,어느,3,3
6844,어도어,4,4
6845,어도어와,3,3
6846,어디,4,4
6847,어떻게,3,3
6848,어려운,2,2
6849,어르신,2,2
6850,어린,10,10
6851,어린이들,3,3
6852,어린이병원,3,3
6853,어머나,2,2
6854,어머니,2,2
6855,어워드,16,17
6856,어워즈,26,26
6857,어쿠스틱,2,2
6858,어패럴,2,2
6859,억대,4,4
6860,언급,48,48
6861,언급되,2,2
6862,언급된,2,2
6863,언급하,2,2
6864,언급한,2,2
6865,언급함,2,2
6866,언급했,2,2
6867,언급했다,3,3
6868,언더스테이지,2,2
6869,언더웨어,2,2
6870,언론,22,22
6871,언제,2,2
6872,언제나,2,2
6873,언제든,2,2
6874,얻는,3,3
6875,얻어,12,12
6876,얻었,18,18
6877,얻었다,3,3
6878,얻었으,2,2
6879,얻으,5,5
6880,얻은,4,4
6881,얼굴,9,9
6882,얼리버드,3,3
6883,얼박사,3,4
6884,엄마,4,4
6885,엄정화,27,29
6886,업계,21,21
6887,업데이트,2,2
6888,업로드,9,9
6889,업로드되,2,2
6890,업로드하,5,5
6891,업종,2,2
6892,업체,2,2
6893,없던,2,2
6894,없소,2,2
6895,없어,5,5
6896,없었,3,3
6897,없이,23,23
6898,없지,5,5
6899,에너제틱,2,2
6900,에너지,19,20
6901,에디션,3,3
6902,에뛰드,2,2
6903,에리카,2,2
6904,에버랜드,8,8
6905,에선,2,2
6906,에스티로더,3,3
6907,에스파,35,36
6908,에이전시,4,4
6909,에이티니,2,2
6910,에이티즈,14,14
6911,에이핑크,20,22
6912,에피소드,7,7
6913,에픽세븐,2,2
6914,에픽카세,2,3
6915,에픽하,19,19
6916,에픽하이,22,22
6917,엑소,27,28
6918,엑소엘,2,2
6919,엑스코,3,3
6920,엔딩,5,5
6921,엔딩곡,3,3
6922,엔믹스,28,32
6923,엔시티,2,2
6924,엔카,4,4
6925,엔터,3,3
6926,엔터테이너,3,3
6927,엔터테인먼트,14,14
6928,엔하이픈,2,2
6929,엘렌,2,2
6930,엘소드,3,3
6931,엘피룸,3,3
6932,엠넷,3,3
6933,엠넷아시안뮤직어워드,2,2
6934,엠카운트다운,11,11
6935,여고추리반,2,2
6936,여기,4,4
6937,여기서,2,2
6938,여는,14,14
6939,여덟,2,3
6940,여러,37,37
6941,여러분,3,3
6942,여론,4,4
6943,여론조사,2,2
6944,여름,21,21
6945,여부,7,7
6946,여성,51,54
6947,여신,10,10
6948,여왕,13,13
6949,여유로운,2,2
6950,여자,56,57
6951,여자최우수연기상,2,2
6952,여자친구,24,30
6953,여전한,4,4
6954,여전히,7,7
6955,여정,5,5
6956,여제,2,2
6957,여주도자기축제,2,2
6958,여주시,3,5
6959,여주인공,3,3
6960,여행,24,28
6961,여행법,2,2
6962,여행하,2,2
6963,역대,85,86
6964,역량,2,2
6965,역사,10,10
6966,역사상,11,11
6967,역사적,2,2
6968,역시,5,5
6969,역으,42,43
6970,역을,25,25
6971,역의,2,2
6972,역주행,21,21
6973,역주행해,2,2
6974,역할,25,25
6975,연가,2,2
6976,연간,30,30
6977,연간차트,6,7
6978,연결,7,7
6979,연계,22,22
6980,연계된,6,6
6981,연계한,5,5
6982,연기,31,31
6983,연기돌,2,2
6984,연기자,3,3
6985,연다,14,14
6986,연달아,2,2
6987,연도,5,5
6988,연동,3,3
6989,연령,2,2
6990,연례,4,4
6991,연말,30,34
6992,연말결산,7,7
6993,연모,2,2
6994,연설,3,3
6995,연세대,6,8
6996,연세대학교,8,8
6997,연속,126,136
6998,연습생,2,2
6999,연애,9,9
7000,연애전쟁,2,2
7001,연예,7,7
7002,연예계,4,4
7003,연예뉴스,2,2
7004,연예대상,12,14
7005,연예매체,4,4
7006,연예인,17,18
7007,연이어,12,12
7008,연인,12,12
7009,연인들,4,4
7010,연중,2,2
7011,연초,2,2
7012,연출,6,6
7013,연출하,2,2
7014,연출한,2,2
7015,연탄,5,5
7016,연휴,2,2
7017,열고,15,15
7018,열광,4,4
7019,열광시켰다,2,2
7020,열광적,5,5
7021,열광했다,2,2
7022,열기,21,21
7023,열대야,2,2
7024,열띤,3,3
7025,열람하지,3,3
7026,열려,12,12
7027,열렬한,2,2
7028,열렸,8,8
7029,열렸으,3,3
7030,열리,23,23
7031,열린,124,127
7032,열린다,3,3
7033,열린음악회,2,2
7034,열릴,2,2
7035,열며,7,7
7036,열애설,2,2
7037,열어,24,24
7038,열었,25,25
7039,열었다,4,4
7040,열었으,8,8
7041,열여덟,2,2
7042,열정적,4,4
7043,열차,2,2
7044,열창,3,3
7045,열창했으,2,2
7046,열풍,7,7
7047,염정아,2,2
7048,영감,5,5
7049,영광,2,2
7050,영국,15,15
7051,영문,5,5
7052,영문판,3,3
7053,영블스,3,3
7054,영상,106,109
7055,영스트리트,2,2
7056,영어,22,22
7057,영어권,5,5
7058,영어판,19,19
7059,영업이익,2,3
7060,영역,17,17
7061,영웅시대,21,21
7062,영원파크,3,3
7063,영원한,2,2
7064,영원히,3,3
7065,영재,4,4
7066,영종,3,3
7067,영탁,41,43
7068,영탁앤블루스,4,4
7069,영향,12,12
7070,영향력,43,44
7071,영화,124,154
7072,영화관,3,3
7073,영화부문,4,4
7074,영화음악,4,4
7075,영화제,4,5
7076,예고,44,44
7077,예고편,2,2
7078,예나,2,2
7079,예능,250,289
7080,예능감,6,6
7081,예능에서,2,2
7082,예능인,2,2
7083,예능형,2,2
7084,예니카프,2,2
7085,예리,2,3
7086,예린,4,4
7087,예매,61,65
7088,예매처,2,2
7089,예명,2,2
7090,예방,8,10
7091,예쁜,3,3
7092,예산,2,2
7093,예상,5,5
7094,예상된다,4,4
7095,예상보,2,2
7096,예술,2,2
7097,예술의전당,2,2
7098,예스24,5,5
7099,예약,4,4
7100,예약판매,6,7
7101,예온,2,2
7102,예정,40,40
7103,예정됐던,2,2
7104,예정된,5,5
7105,예정이,11,11
7106,예정이던,3,3
7107,예정이라,8,8
7108,예정이었,2,2
7109,예정인,6,6
7110,예천양조,2,2
7111,예측,2,2
7112,예측단,3,3
7113,옐로우,2,2
7114,옐로우키스,2,2
7115,오가,2,2
7116,오내언사,2,2
7117,오는,6,6
7118,오늘,14,16
7119,오니츠카타이거,2,2
7120,오디션,14,14
7121,오락관,4,5
7122,오래,9,9
7123,오래된,6,6
7124,오래전,2,2
7125,오랜,20,21
7126,오랜만,4,4
7127,오랫동안,4,4
7128,오레오,2,2
7129,오로라,2,2
7130,오르,47,48
7131,오른,19,19
7132,오른다,2,2
7133,오름,3,3
7134,오리지널,28,28
7135,오리지널스,2,2
7136,오리콘,96,111
7137,오리콘뉴스,4,4
7138,오마이걸,48,56
7139,오마이뉴스,2,2
7140,오버,4,4
7141,오버워치2,2,2
7142,오브,4,5
7143,오빠,2,2
7144,오사카,19,22
7145,오사카성,2,2
7146,오세아니아,2,2
7147,오세훈,2,2
7148,오애순,2,2
7149,오일,2,2
7150,오전,8,8
7151,오지,2,2
7152,오징어축제,2,2
7153,오컬트,4,4
7154,오케,8,9
7155,오케스트라,5,5
7156,오케스트락,2,2
7157,오케스트락2,2,2
7158,오케스트락3,2,2
7159,오클랜드,6,6
7160,오토트리뷴,3,3
7161,오프닝,8,8
7162,오프라인,3,4
7163,오픈,92,93
7164,오픈런,3,3
7165,오픈하,2,2
7166,오픈함,2,2
7167,오피셜,2,2
7168,오하영,2,2
7169,오후,34,35
7170,오히려,5,5
7171,옥관문화훈장,3,3
7172,옥외광고,2,2
7173,옥탑방,2,2
7174,온기,2,2
7175,온다,2,2
7176,온라인,50,55
7177,온유,9,9
7178,올라,43,43
7179,올라운더,2,2
7180,올랐,129,130
7181,올랐다,5,5
7182,올랐으,15,15
7183,올레뮤직,2,2
7184,올려,9,9
7185,올렸,26,26
7186,올렸다,8,8
7187,올렸으,3,3
7188,올록담,2,2
7189,올리,8,8
7190,올린,8,8
7191,올림,4,4
7192,올림픽,3,3
7193,올림픽공원,28,28
7194,올림픽체조경기장,4,4
7195,올림픽홀,17,17
7196,올스타,3,3
7197,올킬,17,17
7198,올해,33,36
7199,옮겨,2,2
7200,옹성우,5,5
7201,와의,5,5
7202,와중,2,2
7203,완도,2,2
7204,완도군,2,2
7205,완료,4,4
7206,완벽한,7,7
7207,완벽히,2,2
7208,완성,4,4
7209,완전,7,7
7210,완전체,72,78
7211,완전히,2,2
7212,완주,7,7
7213,완판,7,7
7214,완판되,3,3
7215,왔으,2,2
7216,왕과,2,2
7217,왕실,2,2
7218,왕은,6,6
7219,왕중왕전,4,4
7220,외교,2,2
7221,외국,8,8
7222,외국인,10,10
7223,외식,6,6
7224,외에,7,7
7225,외지,2,2
7226,외출,3,3
7227,외치,4,4
7228,요구하,4,4
7229,요리,6,6
7230,요아소비,2,2
7231,요인,4,4
7232,요정,5,5
7233,요즘,2,2
7234,요청,11,11
7235,요청하,2,2
7236,요청했다,3,3
7237,요코하마,13,13
7238,용인,2,2
7239,용인대학교,2,2
7240,용인시,2,2
7241,우기,8,8
7242,우려,3,3
7243,우리,51,52
7244,우리won뱅킹홀,2,2
7245,우리금융그룹,3,3
7246,우리동네,3,3
7247,우리들,8,8
7248,우리은행,2,2
7249,우먼,2,2
7250,우산,4,4
7251,우선,3,3
7252,우선예매,2,2
7253,우송대학교,2,2
7254,우수상,7,7
7255,우승,38,42
7256,우승자,3,3
7257,우승했,3,3
7258,우승했으,2,2
7259,우영,2,2
7260,우정,3,3
7261,우주,3,3
7262,우주총동원,10,10
7263,우주항공,2,2
7264,우주항공청,2,3
7265,운동,4,4
7266,운명,3,3
7267,운영,45,46
7268,운영되,16,16
7269,운영되던,2,2
7270,운영된,4,4
7271,운영하,18,18
7272,운영했으,2,2
7273,운집,6,6
7274,운집했,4,4
7275,운집했다,2,2
7276,울릉,2,2
7277,울림,2,2
7278,울산,8,10
7279,웃으,2,2
7280,웃음,5,5
7281,웅장한,2,2
7282,워너블,2,2
7283,워너비,2,2
7284,워너원,49,53
7285,워니,2,2
7286,워리어스,3,3
7287,워싱턴dc,4,4
7288,워크돌,3,5
7289,워터밤,17,20
7290,원곡,4,4
7291,원곡자,2,2
7292,원년,3,3
7293,원대,2,3
7294,원더즈,2,2
7295,원동력,2,2
7296,원동력이라,2,2
7297,원래,4,4
7298,원문,7,7
7299,원빈,3,3
7300,원소주,11,19
7301,원슈타인,2,2
7302,원에,7,7
7303,원을,46,50
7304,원의,4,4
7305,원이,8,8
7306,원작,3,3
7307,원제,2,2
7308,원조,3,3
7309,원조가수,2,2
7310,원주,4,6
7311,원주시,2,2
7312,원필,4,4
7313,원희,9,10
7314,월간,13,14
7315,월간남친,3,3
7316,월드,27,27
7317,월드디지털송세일즈차트,2,2
7318,월드비전,2,2
7319,월드앨범차트,9,9
7320,월드와이드,6,6
7321,월드컵,7,7
7322,월드클래스,2,2
7323,월드투어,190,193
7324,월요일,2,2
7325,월화드라마,8,8
7326,웨이보,9,9
7327,웨이브,6,6
7328,웬디,7,7
7329,웹드라마,11,11
7330,웹시리즈,2,2
7331,웹예능,7,8
7332,웹툰,3,3
7333,위기,2,2
7334,위대한,2,2
7335,위대한탄생,5,5
7336,위드어스,3,3
7337,위버맨쉬,6,6
7338,위버멘쉬,4,4
7339,위버스,19,20
7340,위버스샵,7,7
7341,위상,8,8
7342,위생,2,2
7343,위성극장,2,2
7344,위스키,3,3
7345,위시,2,2
7346,위안,3,3
7347,위촉,118,119
7348,위촉돼,6,6
7349,위촉됐으,4,4
7350,위촉되,2,2
7351,위촉되었,15,15
7352,위촉되었으,2,2
7353,위촉된,2,2
7354,위촉식,13,13
7355,위촉패,2,2
7356,위촉하,2,2
7357,위촉해,5,5
7358,위촉했으,2,2
7359,위크,3,3
7360,위클리,10,10
7361,위키백,14,14
7362,위키백과,39,39
7363,위키트리,4,4
7364,위키피디아,2,2
7365,위한,46,47
7366,윈윈,8,8
7367,윈터,8,9
7368,윌다방,8,8
7369,유겸,5,5
7370,유기견,3,3
7371,유기묘,3,3
7372,유나,3,3
7373,유네스코,8,9
7374,유노윤호,14,16
7375,유니레버,3,3
7376,유니세프,7,9
7377,유니클,3,4
7378,유닛,22,23
7379,유닛별,2,2
7380,유대,11,11
7381,유래,2,2
7382,유럽,26,27
7383,유럽투어,3,3
7384,유료,12,13
7385,유리,3,3
7386,유명,7,7
7387,유명한,2,3
7388,유병재,2,2
7389,유사한,5,5
7390,유산균,2,3
7391,유아,4,5
7392,유애나,8,8
7393,유어,3,3
7394,유엔총회,2,2
7395,유일,5,5
7396,유일하게,5,5
7397,유일한,6,6
7398,유입,8,8
7399,유재석,7,7
7400,유제품,2,2
7401,유지,27,27
7402,유지되,3,3
7403,유지하,18,18
7404,유지함,3,3
7405,유지해왔,2,2
7406,유창하게,2,2
7407,유치,8,8
7408,유쾌한,2,2
7409,유퀴즈,6,6
7410,유타,2,2
7411,유통,5,5
7412,유튜버,10,10
7413,유튜브,232,254
7414,유학생,2,2
7415,유희열,11,11
7416,육박,2,2
7417,육박하,3,3
7418,육성,3,3
7419,육성재,8,8
7420,육아,2,2
7421,육아일기,2,2
7422,윤건,5,9
7423,윤계상,2,2
7424,윤도현,24,33
7425,윤도현밴드,6,6
7426,윤미래,3,3
7427,윤석열,2,2
7428,윤아,9,9
7429,윤은,3,3
7430,윤이,3,3
7431,윤종신,2,2
7432,윤하,25,27
7433,윤호,2,2
7434,으로,114,114
7435,은지원,5,6
7436,은퇴,9,9
7437,은평구,2,2
7438,은행,6,6
7439,은혁,4,5
7440,음료,12,12
7441,음반,132,143
7442,음반상,3,3
7443,음반이었,2,2
7444,음식,4,4
7445,음악,101,107
7446,음악감독,2,2
7447,음악계,2,2
7448,음악나탈리,18,18
7449,음악매체,4,4
7450,음악방송,62,70
7451,음악예능,2,2
7452,음악인,3,3
7453,음악적,2,2
7454,음악중심,12,12
7455,음악축제,2,2
7456,음악캠프,2,2
7457,음원,58,62
7458,음원사이트,4,4
7459,음원차트,21,21
7460,음주,3,3
7461,음주운전,4,4
7462,음향,2,2
7463,응답,2,2
7464,응답하라,3,3
7465,응모,4,6
7466,응원,18,18
7467,응원법,4,4
7468,응원봉,22,23
7469,의료,3,3
7470,의료비,3,3
7471,의료진,5,5
7472,의류,7,7
7473,의리,2,2
7474,의미,10,10
7475,의사,3,3
7476,의상,8,9
7477,의장,2,2
7478,의정부,9,10
7479,의지,3,3
7480,의해,11,11
7481,의혹,3,3
7482,이게,3,3
7483,이경규,2,2
7484,이곳,2,2
7485,이끄,2,2
7486,이끈,2,2
7487,이끌어내,2,2
7488,이끌어냈,7,7
7489,이끌어냈다,4,4
7490,이끌었,7,7
7491,이나경,2,2
7492,이날,2,2
7493,이내,2,2
7494,이는,79,79
7495,이니스프리,2,2
7496,이달,2,2
7497,이달의소녀,2,2
7498,이대휘,2,2
7499,이데일리,4,4
7500,이동,3,3
7501,이들,12,12
7502,이듬해,3,3
7503,이때,2,2
7504,이라,81,82
7505,이래,9,9
7506,이러지마,2,2
7507,이런,4,4
7508,이렇게,6,6
7509,이력,16,16
7510,이례적,10,10
7511,이례적인,13,13
7512,이로써,2,2
7513,이로하,10,10
7514,이룬,3,3
7515,이뤄지,2,2
7516,이뤘,2,2
7517,이뤘다,2,2
7518,이르,2,2
7519,이른,4,4
7520,이른바,4,4
7521,이를,27,27
7522,이름,70,71
7523,이름이,2,2
7524,이며,19,19
7525,이무진,2,2
7526,이문세,21,31
7527,이미,11,12
7528,이미지,21,22
7529,이번,10,10
7530,이벤트,37,38
7531,이별,5,5
7532,이상,190,208
7533,이상순,3,3
7534,이석훈,4,5
7535,이세계,2,2
7536,이소민,2,2
7537,이수,2,2
7538,이수현,10,12
7539,이슈,8,8
7540,이슈로,2,2
7541,이스탄불,9,11
7542,이스토라,3,3
7543,이승철,21,24
7544,이야기,11,11
7545,이어,70,70
7546,이어가,59,59
7547,이어간,2,2
7548,이어감,5,5
7549,이어갔,31,31
7550,이어오,5,5
7551,이어온,3,3
7552,이어왔,10,10
7553,이어왔으,2,2
7554,이어져,5,5
7555,이어졌,24,24
7556,이어졌다,6,6
7557,이어졌음,2,2
7558,이어지,32,32
7559,이어지자,2,2
7560,이어진,21,21
7561,이어질,3,3
7562,이어짐,7,7
7563,이었,2,2
7564,이었다,2,2
7565,이영지,63,67
7566,이영현,2,2
7567,이옴,2,2
7568,이용,3,3
7569,이용자,2,2
7570,이웃,2,2
7571,이원일,2,2
7572,이유,18,19
7573,이은,7,7
7574,이음,2,2
7575,이자,3,3
7576,이자벨마랑,2,2
7577,이재민,4,4
7578,이재원,2,2
7579,이재진,5,6
7580,이적,9,9
7581,이전,19,20
7582,이정신,2,2
7583,이제,2,2
7584,이제훈,2,2
7585,이종,2,2
7586,이중,2,2
7587,이즈,3,3
7588,이지안,2,2
7589,이찬원,38,38
7590,이찬혁,8,8
7591,이창섭,2,2
7592,이채영,4,5
7593,이커머스,5,5
7594,이쿠라와,2,2
7595,이쿠타,2,2
7596,이탈리아,7,7
7597,이태원,2,2
7598,이투데,2,2
7599,이틀,14,14
7600,이틀간,25,25
7601,이하,2,2
7602,이해리,4,4
7603,이행,5,6
7604,이혼,2,2
7605,이홍기,11,12
7606,이화여자대학교,2,2
7607,이효리,44,50
7608,인간,2,2
7609,인간극장,6,6
7610,인공와우,2,2
7611,인근,5,5
7612,인기,70,72
7613,인기가요,12,12
7614,인기곡,3,3
7615,인기상,7,7
7616,인기차트,2,2
7617,인도네시아,129,171
7618,인도네시아에서,2,2
7619,인도미,3,3
7620,인디,8,8
7621,인디밴드,3,3
7622,인물,16,16
7623,인사,17,17
7624,인사동,2,2
7625,인사말,4,4
7626,인산인해,2,2
7627,인생,10,10
7628,인수,2,2
7629,인순이,2,2
7630,인스타그램,24,26
7631,인스티즈,2,2
7632,인스파이어,12,12
7633,인식,2,2
7634,인연,11,11
7635,인용,6,6
7636,인용해,4,4
7637,인원,5,5
7638,인정,10,10
7639,인정받,3,3
7640,인정받아,3,3
7641,인정받았,15,15
7642,인정하,2,2
7643,인증,46,55
7644,인증서,2,2
7645,인지,12,12
7646,인지도,16,16
7647,인천,51,52
7648,인천대,3,3
7649,인천문학경기장,3,3
7650,인천아시아드주경기장,2,2
7651,인코드,2,3
7652,인터넷,3,3
7653,인터뷰,75,76
7654,인터파크,8,8
7655,인텔,3,3
7656,인포그래픽,2,2
7657,인포바,2,2
7658,인포바에,5,5
7659,인피니트,2,2
7660,인하대,2,2
7661,인하대학교,2,2
7662,인한,4,4
7663,일간,10,11
7664,일간스포츠,3,3
7665,일간지,6,6
7666,일간차트,4,6
7667,일곱,2,2
7668,일기장,2,2
7669,일단,2,2
7670,일대,7,7
7671,일렉트로닉,2,2
7672,일반,14,14
7673,일반예매,9,9
7674,일반판매,3,3
7675,일본,371,459
7676,일본레코드협회,2,2
7677,일본어,19,21
7678,일본어판,2,2
7679,일본에서,10,10
7680,일본인,8,9
7681,일부,21,21
7682,일산,2,2
7683,일상,14,14
7684,일시,2,2
7685,일어나,2,2
7686,일었,2,2
7687,일요일,7,8
7688,일원,3,3
7689,일으켰,5,5
7690,일을,3,3
7691,일자리,2,2
7692,일정,48,48
7693,일정표,4,4
7694,일제히,3,3
7695,일주일,7,7
7696,일품진,2,2
7697,일화,4,4
7698,일환,20,20
7699,잃은,2,2
7700,임나영,2,2
7701,임명,6,6
7702,임시,2,2
7703,임영웅,60,65
7704,임을,3,3
7705,임진강,2,2
7706,임팩트,6,6
7707,입고,3,3
7708,입는,3,3
7709,입담,3,3
7710,입대,12,12
7711,입대해,4,4
7712,입생로랑,2,2
7713,입성,6,6
7714,입실렌티,2,2
7715,입은,3,3
7716,입장,11,11
7717,입점,2,2
7718,입증,39,39
7719,입증함,4,4
7720,입증했다,5,5
7721,입지,8,8
7722,잇는,7,7
7723,잇다,2,2
7724,잇단,2,2
7725,잇달아,10,10
7726,잇따라,9,9
7727,잇츠,2,2
7728,있게,7,7
7729,있고,2,2
7730,있던,4,4
7731,있도록,2,2
7732,있어,21,22
7733,있었,10,10
7734,있었는데,2,2
7735,있었다,3,3
7736,있었음,3,3
7737,있으,31,31
7738,있으나,4,4
7739,있을,6,6
7740,있음,57,57
7741,있지,7,9
7742,잊을,2,2
7743,잊지,8,8
7744,잎새주,3,3
7745,자격,4,4
7746,자동차,3,3
7747,자란,2,2
7748,자랑,2,2
7749,자료,2,2
7750,자리,14,15
7751,자리매김,8,8
7752,자리매김함,3,3
7753,자리매김했다,2,2
7754,자리잡,4,4
7755,자리잡았,5,5
7756,자리잡음,3,3
7757,자립,2,2
7758,자막,2,2
7759,자발적,8,8
7760,자사,6,6
7761,자산,2,2
7762,자선,6,6
7763,자신,50,50
7764,자신들,4,4
7765,자연스러운,2,2
7766,자외선,2,2
7767,자이언티,6,6
7768,자작곡,5,5
7769,자전거,2,3
7770,자정,2,2
7771,자제,2,2
7772,자주,3,3
7773,자체,70,71
7774,자체적,4,4
7775,자축,2,2
7776,자카르타,114,119
7777,자택,2,2
7778,자필,2,2
7779,작가,3,3
7780,작곡,14,15
7781,작사,10,10
7782,작업,7,7
7783,작업한,2,2
7784,작은,7,7
7785,작품,15,15
7786,잔나비,24,32
7787,잘하,2,2
7788,잠실,4,4
7789,잠실실내체육관,12,12
7790,잠실종합운동장,3,3
7791,잠정,3,3
7792,잡았다,2,2
7793,잡지,2,2
7794,잡혀,2,2
7795,장공장장,2,2
7796,장관,2,2
7797,장구,3,3
7798,장기,11,11
7799,장기간,16,16
7800,장기적,2,2
7801,장기하,2,2
7802,장까지,2,2
7803,장당,2,2
7804,장르,14,14
7805,장만월,2,2
7806,장면,20,20
7807,장미,3,3
7808,장병,2,2
7809,장소,9,9
7810,장수,2,2
7811,장수원,2,2
7812,장식,12,12
7813,장식했다,2,2
7814,장악했다,2,2
7815,장애인,3,3
7816,장애인체육회,2,2
7817,장에,4,4
7818,장우혁,2,2
7819,장원영,5,5
7820,장윤정,23,26
7821,장으,6,6
7822,장을,66,69
7823,장의,5,5
7824,장이,22,22
7825,장이싱,8,8
7826,장충체육관,12,12
7827,장학금,3,4
7828,장흥,2,2
7829,재개,12,12
7830,재개할,2,2
7831,재개했으,2,2
7832,재결성,2,2
7833,재결합,68,72
7834,재결합한,4,4
7835,재결합해,4,4
7836,재계약,12,15
7837,재고,2,2
7838,재능기부,4,4
7839,재단,7,7
7840,재민,3,3
7841,재방문,9,9
7842,재생,3,3
7843,재외동포,3,3
7844,재위촉,6,6
7845,재조명,3,3
7846,재조명되,2,2
7847,재조명받,2,2
7848,재조직,3,3
7849,재차,8,8
7850,재출연,2,2
7851,재판매,2,2
7852,재팬,23,26
7853,재편,2,2
7854,재해,2,2
7855,재현,3,3
7856,재확인,7,7
7857,재확인시켰다,2,2
7858,재확인함,3,3
7859,재회,4,4
7860,재회해,2,2
7861,잭스키스,2,2
7862,잭슨,15,15
7863,저녁,2,2
7864,저동항,2,2
7865,저변,3,3
7866,저소득,8,8
7867,저소득층,4,4
7868,저스투,2,2
7869,저스틴,4,4
7870,저작권,7,8
7871,저작권료,2,2
7872,적극,3,3
7873,적극적,2,2
7874,적극적인,2,2
7875,적이,4,5
7876,적자,2,2
7877,적힌,2,2
7878,전개,17,17
7879,전개한다,2,2
7880,전격,2,2
7881,전곡,3,3
7882,전곡항,2,2
7883,전광판,3,3
7884,전국,66,69
7885,전국구,2,2
7886,전국노래자랑,6,6
7887,전국반짝투어,2,2
7888,전국장애인체육대회,2,2
7889,전국재해구호협회,5,5
7890,전국적,2,2
7891,전국체육대회,2,2
7892,전국투어,64,65
7893,전날,3,3
7894,전남,7,7
7895,전년,21,24
7896,전달,13,13
7897,전달될,2,2
7898,전달하,3,3
7899,전달했으,3,3
7900,전담,4,4
7901,전당,5,5
7902,전라남,6,7
7903,전라남도,2,2
7904,전람회,2,2
7905,전략,10,12
7906,전량,16,16
7907,전례,2,2
7908,전망,3,3
7909,전면,3,3
7910,전문,13,13
7911,전문매체,7,7
7912,전반,14,14
7913,전복,3,3
7914,전부,6,6
7915,전부터,7,7
7916,전북,8,8
7917,전북대학교,4,4
7918,전석,139,139
7919,전설,10,10
7920,전설적인,2,2
7921,전성기,3,3
7922,전성시대,4,4
7923,전소미,7,9
7924,전속,25,25
7925,전속계약,24,24
7926,전속모델,8,8
7927,전시,15,18
7928,전시회,3,6
7929,전액,9,9
7930,전에,4,4
7931,전역,13,14
7932,전용,14,14
7933,전원,40,40
7934,전월,3,3
7935,전유진,2,2
7936,전인,10,10
7937,전자신문,4,4
7938,전작,8,8
7939,전재,2,2
7940,전쟁,12,12
7941,전주,16,17
7942,전지적,13,13
7943,전참시,2,2
7944,전체,28,28
7945,전통,7,8
7946,전통주,2,2
7947,전하,17,17
7948,전한,7,7
7949,전함,8,8
7950,전해,5,5
7951,전해졌,4,4
7952,전해진,2,2
7953,전했,74,76
7954,전현무,4,4
7955,전환,6,7
7956,전회차,2,2
7957,절차,8,8
7958,젊은,5,5
7959,점도,2,2
7960,점수,2,2
7961,점에,7,7
7962,점유율,4,4
7963,점은,2,2
7964,점을,5,5
7965,점이,8,8
7966,점핑보아,5,5
7967,접근,2,2
7968,접속,5,6
7969,접점,16,16
7970,접한,2,2
7971,정가,8,8
7972,정관장,3,3
7973,정교한,2,2
7974,정국,5,6
7975,정규,77,79
7976,정규앨범,29,29
7977,정글,4,4
7978,정기,3,3
7979,정기적,6,6
7980,정도,43,44
7981,정도였,2,2
7982,정동원,41,42
7983,정동원길,2,2
7984,정례,3,3
7985,정리,23,23
7986,정리하,3,3
7987,정리한,5,5
7988,정리해,2,2
7989,정말,11,11
7990,정범식,2,2
7991,정보,23,23
7992,정부,12,12
7993,정산,2,2
7994,정상,21,21
7995,정상곡,2,2
7996,정상급,2,2
7997,정상회,4,5
7998,정샘물,2,2
7999,정서적,2,2
8000,정식,33,34
8001,정신,2,2
8002,정연,3,3
8003,정용화,14,15
8004,정원,5,5
8005,정원삼,2,2
8006,정원초,3,3
8007,정은지,7,7
8008,정재형,2,2
8009,정착,2,2
8010,정찬우,2,2
8011,정채연,5,6
8012,정책,8,8
8013,정체성,9,9
8014,정한,2,2
8015,정형돈,4,4
8016,정화,2,2
8017,정확한,3,3
8018,정황,2,2
8019,제17회,2,2
8020,제1회,3,3
8021,제2,2,2
8022,제24회,2,2
8023,제25회,3,3
8024,제26회,2,2
8025,제28회,6,6
8026,제29회,2,2
8027,제2회,3,3
8028,제36회,2,2
8029,제37회,2,2
8030,제40회,2,2
8031,제48차,3,3
8032,제5회,2,2
8033,제60회,2,2
8034,제62회,2,2
8035,제7회,2,2
8036,제9대,2,2
8037,제고,3,3
8038,제공,16,16
8039,제공하,4,4
8040,제나,5,5
8041,제니,12,12
8042,제대,7,7
8043,제막식,3,3
8044,제목,31,32
8045,제발,2,2
8046,제시,5,5
8047,제시카,3,3
8048,제안,4,4
8049,제안했,2,2
8050,제약,2,2
8051,제왕,2,2
8052,제외,6,6
8053,제이비,5,5
8054,제이홉,8,8
8055,제일,2,2
8056,제임스,7,7
8057,제임슨,2,2
8058,제작,38,39
8059,제작발표회,2,2
8060,제작사,3,4
8061,제작자,2,2
8062,제작진,3,3
8063,제작하,3,3
8064,제작한,4,4
8065,제작해,8,8
8066,제주,10,17
8067,제쳤,2,2
8068,제치,11,11
8069,제품,21,21
8070,제하,2,2
8071,제한,6,6
8072,젝스키스,27,28
8073,젝키,2,3
8074,젠틀맨,2,2
8075,조건,3,3
8076,조기,2,2
8077,조립식,2,2
8078,조명,30,30
8079,조명받았,2,2
8080,조명하,6,6
8081,조비,2,2
8082,조사,14,14
8083,조선대학교,3,3
8084,조성,2,2
8085,조성돼,2,2
8086,조성했으,2,2
8087,조세호,3,3
8088,조슈아,8,8
8089,조언,2,2
8090,조연,4,4
8091,조용필,30,31
8092,조용히,2,2
8093,조율,2,2
8094,조이,8,9
8095,조직,6,6
8096,조직적,8,8
8097,조직해왔,2,2
8098,조직화,2,2
8099,조형물,2,2
8100,조회,4,4
8101,조회수,89,95
8102,존경심,2,2
8103,존경하,2,2
8104,존재,7,7
8105,존재감,8,9
8106,존중,2,2
8107,졸업,4,4
8108,종료,20,23
8109,종료된,2,2
8110,종목,2,2
8111,종영한,2,2
8112,종전,2,2
8113,종편,2,2
8114,종합,13,13
8115,종현,6,6
8116,종호,3,4
8117,좋냐,3,3
8118,좋다,5,5
8119,좋아,5,5
8120,좋아요,4,4
8121,좋아하,6,6
8122,좋은,5,5
8123,좌석,22,24
8124,좌석별,2,2
8125,죄와,2,2
8126,주가,4,5
8127,주간,26,33
8128,주간아이돌,12,12
8129,주간차트,4,4
8130,주거,3,3
8131,주거환경,2,2
8132,주경기장,5,5
8133,주관,3,3
8134,주기,3,3
8135,주도,8,8
8136,주류,8,8
8137,주말,4,4
8138,주말드라마,2,2
8139,주목,5,5
8140,주목받,4,4
8141,주목받았,5,5
8142,주목할,2,2
8143,주문,3,3
8144,주민,4,4
8145,주민들,4,4
8146,주시,2,2
8147,주얼리,4,4
8148,주에,2,2
8149,주연,42,49
8150,주연한,2,2
8151,주요,39,40
8152,주은,2,2
8153,주인,6,6
8154,주인공,10,10
8155,주자,3,3
8156,주저하,4,4
8157,주제,5,5
8158,주제가,5,5
8159,주제곡,3,4
8160,주최,14,14
8161,주최사,2,2
8162,주최하,2,2
8163,주최한,3,3
8164,죽음,2,3
8165,죽전캠퍼스,2,2
8166,준비,16,16
8167,준비하,4,4
8168,준비한,6,6
8169,준우승,4,4
8170,줄게,3,3
8171,중계,4,4
8172,중국,69,81
8173,중국계,2,2
8174,중국어,8,8
8175,중남미,5,6
8176,중년,2,2
8177,중단,8,8
8178,중단하,3,3
8179,중단한다,2,2
8180,중독,3,3
8181,중독된,2,2
8182,중심,16,16
8183,중앙대,2,2
8184,중에,7,7
8185,중요성,2,2
8186,중요한,2,2
8187,중이,37,37
8188,중이던,2,2
8189,중이라,8,8
8190,중인,9,9
8191,중임,4,4
8192,중장년층,4,4
8193,중화권,14,14
8194,줬다,2,3
8195,쥐뿔,5,5
8196,즉각,5,5
8197,즉각적인,4,4
8198,즉시,18,18
8199,즐거운,4,4
8200,즐거워,2,2
8201,즐기,3,3
8202,증가,14,17
8203,증가하,2,2
8204,증가한,4,4
8205,증가했,4,4
8206,증가했다,3,3
8207,증가했으,4,4
8208,증명,3,3
8209,증정,2,2
8210,지구,2,2
8211,지구미,6,7
8212,지구영상제,2,2
8213,지구오락실,2,2
8214,지금,8,8
8215,지기,2,2
8216,지나,4,4
8217,지난,19,19
8218,지난달,2,2
8219,지난해,6,6
8220,지누션,3,3
8221,지니,8,8
8222,지닌,2,2
8223,지드래곤,71,73
8224,지르,2,2
8225,지명,4,4
8226,지민,8,9
8227,지바,4,4
8228,지방,17,17
8229,지방시,4,4
8230,지부,3,3
8231,지붕킥,2,3
8232,지상파,21,23
8233,지속,18,18
8234,지속되,2,2
8235,지속적,39,39
8236,지속적인,11,11
8237,지속하,7,7
8238,지수,14,14
8239,지역,137,145
8240,지역경제,3,3
8241,지역별,2,2
8242,지역사회,7,7
8243,지역에서,2,2
8244,지역축제,3,3
8245,지오디,5,5
8246,지우,2,2
8247,지원,44,51
8248,지원사격,3,3
8249,지원자,3,3
8250,지원하,5,5
8251,지원한,3,3
8252,지위,3,3
8253,지자체,14,14
8254,지정,2,2
8255,지젤,8,9
8256,지지,30,30
8257,지진,7,7
8258,지친,2,2
8259,지칭,4,4
8260,지켜츄,2,2
8261,지켰,4,4
8262,지코,50,52
8263,지키,2,2
8264,지킬,2,2
8265,지평선,3,3
8266,지표,7,7
8267,지하철,8,8
8268,지호,3,3
8269,지회,2,3
8270,지효,7,7
8271,직속,2,2
8272,직원,4,4
8273,직장,2,2
8274,직장인들,5,6
8275,직전,6,6
8276,직접,81,82
8277,직접소비,2,2
8278,직접적,4,4
8279,직캠,7,7
8280,직후,30,31
8281,직후인,3,3
8282,진도,7,10
8283,진도군,12,14
8284,진솔한,3,3
8285,진실,2,2
8286,진심,2,2
8287,진영,5,5
8288,진의,2,2
8289,진입,66,69
8290,진입하,3,3
8291,진입한,4,4
8292,진입해,7,7
8293,진입했,4,4
8294,진입했다,3,3
8295,진입했으,8,8
8296,진정,2,2
8297,진주시,4,6
8298,진짜,11,11
8299,진출,25,25
8300,진출해,3,3
8301,진행,170,172
8302,진행돼,2,2
8303,진행됐,2,2
8304,진행됐다,3,3
8305,진행되,5,5
8306,진행되었,4,4
8307,진행되었으,2,2
8308,진행된,9,9
8309,진행된다,2,2
8310,진행자,12,12
8311,진행하,9,9
8312,진행한,12,13
8313,진행한다,5,5
8314,진행할,3,3
8315,진행함,6,6
8316,진행해,7,7
8317,진행했,8,8
8318,진행했는데,2,2
8319,진행했다,7,7
8320,진행했으,11,11
8321,질문,2,2
8322,짐빔,3,3
8323,집결,2,2
8324,집계,33,34
8325,집계되었,3,3
8326,집계된,5,5
8327,집단,2,2
8328,집사부일체,3,3
8329,집에,3,3
8330,집중호우,3,3
8331,짓이,3,3
8332,짚었,2,2
8333,짠짜라,2,2
8334,짧은,3,3
8335,쯔위,9,11
8336,찍은,2,2
8337,찐밤팅,3,3
8338,찐이야,4,4
8339,찐팬,2,2
8340,차단,3,3
8341,차례,22,22
8342,차린건,5,5
8343,차세대,4,4
8344,차에,4,4
8345,차원,7,7
8346,차이,3,3
8347,차쥐뿔,2,2
8348,차지,72,72
8349,차지한,5,6
8350,차지해,2,2
8351,차지했,8,8
8352,차지했다,5,5
8353,차지했으,13,13
8354,차트,220,250
8355,차트에서,10,10
8356,차트인,9,10
8357,착용,3,3
8358,착한팬클럽,3,3
8359,찬가,2,2
8360,찬란하,5,5
8361,찬란한,2,2
8362,찬스,9,9
8363,찬스타,3,3
8364,찬열,5,7
8365,찰리,2,2
8366,찰스엔터,2,2
8367,참가,5,5
8368,참가자,10,11
8369,참가해,6,6
8370,참견,12,12
8371,참고,3,3
8372,참석,22,22
8373,참석하,4,4
8374,참석한,3,3
8375,참석해,9,9
8376,참석했으,3,3
8377,참여,161,162
8378,참여시켰,5,5
8379,참여하,7,7
8380,참여한,14,14
8381,참여해,23,23
8382,참여했,4,4
8383,참여했다,7,7
8384,참여했으,10,10
8385,참여형,4,4
8386,찼다,4,4
8387,창구,2,2
8388,창단,3,3
8389,창립,9,9
8390,창사,2,2
8391,창원,6,7
8392,창출,3,3
8393,창출하,2,2
8394,창출함,2,2
8395,찾기,2,2
8396,찾아,9,9
8397,찾았,2,2
8398,채널,132,148
8399,채널a,8,8
8400,채동하,3,3
8401,채영,7,7
8402,채우,3,3
8403,채운,4,4
8404,채움,2,2
8405,채웠,4,4
8406,책임감,2,2
8407,책정,2,2
8408,챌린지,8,8
8409,챙기,2,2
8410,챙기자,2,2
8411,처음,64,64
8412,처음이라,2,2
8413,천국보,3,3
8414,천옥,2,2
8415,천우희,3,3
8416,철거,2,2
8417,철원,3,3
8418,첫날,24,24
8419,첫날에,3,3
8420,첫눈,3,3
8421,첫주,7,7
8422,청년,9,9
8423,청년층,2,2
8424,청소년,19,21
8425,청순,2,2
8426,청와대,3,3
8427,청주,4,4
8428,청춘,4,4
8429,청취자,3,3
8430,청하,41,43
8431,체결,17,17
8432,체결했다,2,2
8433,체결했으,2,2
8434,체계,4,4
8435,체계적,2,2
8436,체류,3,3
8437,체제,15,15
8438,체조경기장,6,6
8439,체질,2,2
8440,체크인,2,2
8441,체크카드,2,2
8442,체험,3,3
8443,첸백시,2,2
8444,초고속,16,16
8445,초과,3,3
8446,초기,18,19
8447,초대,9,9
8448,초대가수,2,2
8449,초대해,3,3
8450,초대형,2,2
8451,초동,84,101
8452,초록우산,4,4
8453,초록우산어린이재단,5,5
8454,초반,2,2
8455,초부터,9,9
8456,초청,13,13
8457,초청해,2,2
8458,초콜릿,2,2
8459,촉진,2,2
8460,촌뜨기들,2,2
8461,총공,2,2
8462,총괄,3,4
8463,총매출,2,2
8464,총학생회,2,2
8465,촬영,38,38
8466,촬영한,7,7
8467,촬영했다,2,2
8468,최강창민,11,11
8469,최고,124,128
8470,최고액,3,3
8471,최고치,3,3
8472,최근,13,13
8473,최다,68,69
8474,최다인,5,5
8475,최단,22,22
8476,최단기간,6,6
8477,최대,36,36
8478,최소,5,5
8479,최속,3,3
8480,최수민,2,2
8481,최시원,2,2
8482,최신,4,4
8483,최애,4,4
8484,최연소,6,6
8485,최예나,37,40
8486,최우수,8,8
8487,최우수상,3,3
8488,최자,3,3
8489,최자로드,2,2
8490,최장,6,6
8491,최장수,2,2
8492,최저,4,4
8493,최정훈,7,9
8494,최종,30,30
8495,최종편,2,2
8496,최종회,3,3
8497,최초,265,281
8498,최초이자,2,2
8499,추가,49,50
8500,추며,2,2
8501,추산,5,5
8502,추석,7,7
8503,추석특집,2,2
8504,추성훈,3,3
8505,추억,15,15
8506,추적,5,5
8507,추적하,3,3
8508,추정,13,14
8509,추정된,3,3
8510,추진,5,5
8511,추천,2,2
8512,추첨,3,3
8513,축가,7,7
8514,축적된,2,2
8515,축제,91,107
8516,축제인,2,2
8517,축하,7,7
8518,축하공연,8,10
8519,축하무대,2,2
8520,축하하,6,6
8521,춘천,7,8
8522,출격,5,5
8523,출국하,2,2
8524,출발,3,3
8525,출범,5,5
8526,출소,2,2
8527,출시,26,28
8528,출시한,2,2
8529,출시했으,3,3
8530,출신,49,52
8531,출연,421,454
8532,출연료,7,7
8533,출연분,3,3
8534,출연자,9,9
8535,출연진,12,13
8536,출연하,18,18
8537,출연하지,2,2
8538,출연한,41,42
8539,출연한다,4,4
8540,출연할,3,3
8541,출연해,142,142
8542,출연했,41,41
8543,출연했다,11,11
8544,출연했던,2,2
8545,출연했으,35,35
8546,출전,2,3
8547,출전해,2,2
8548,출처,2,2
8549,춤을,4,4
8550,충남,10,10
8551,충남대학교,2,2
8552,충북,4,4
8553,충성,3,3
8554,충성도,6,6
8555,취소,7,7
8556,취소되었다,2,2
8557,취소된,2,2
8558,취소했다,2,2
8559,취약계층,11,11
8560,취재,5,5
8561,취지,4,4
8562,취하,2,2
8563,츄가,9,9
8564,츄는,11,11
8565,츄를,2,2
8566,츄의,3,3
8567,츄하,2,2
8568,측과,2,2
8569,측에,2,2
8570,측은,8,8
8571,측이,4,4
8572,치료비,9,9
8573,치솟았다,2,2
8574,치열한,3,3
8575,치키타,6,6
8576,치킨,7,7
8577,치트키,2,3
8578,친구,6,6
8579,친구들,3,3
8580,친근하,2,2
8581,친근한,2,2
8582,친선대사,3,3
8583,친필,2,2
8584,칠레,6,6
8585,침구,2,2
8586,칭하,2,2
8587,칭호,2,2
8588,카니발,5,5
8589,카더가든,17,18
8590,카더정원,5,5
8591,카둥,2,2
8592,카드,5,5
8593,카드사,2,2
8594,카라,2,2
8595,카르멘,9,9
8596,카리나,11,12
8597,카리스마,2,2
8598,카메라,3,3
8599,카메오,19,19
8600,카시오페아,3,3
8601,카이,7,7
8602,카이스트,2,2
8603,카이탁,4,4
8604,카즈하,9,9
8605,카지노,3,3
8606,카카오tv,4,4
8607,카카오엔터테인먼트,2,2
8608,카테고리,2,2
8609,카트,2,2
8610,카페,5,6
8611,캐나,15,16
8612,캐디,2,2
8613,캐럿,4,4
8614,캐릭터,13,15
8615,캐스터,2,2
8616,캐스팅,17,18
8617,캐스팅되,3,3
8618,캐주얼,2,2
8619,캐치,2,3
8620,캔디,2,2
8621,캔을,2,2
8622,캘리포니아,3,3
8623,캘린더,2,2
8624,캠위드어스,2,2
8625,캠퍼스,7,7
8626,캠페인,169,175
8627,캠페인송,5,5
8628,캡슐,3,3
8629,커리어,10,10
8630,커뮤니티,46,47
8631,커버,19,20
8632,커버스토리,2,2
8633,커버해,2,2
8634,커졌,2,2
8635,커플,3,3
8636,커피,4,4
8637,컨디션,4,6
8638,컨셉,7,7
8639,컬래버레이션,4,4
8640,컬러,6,6
8641,컬렉션,17,17
8642,컴백,91,93
8643,컴백곡,3,3
8644,컴백전쟁,4,4
8645,컴플렉스콘,2,2
8646,컸다,4,4
8647,케미,3,3
8648,케이블,3,3
8649,케이윌,37,44
8650,케이크,4,4
8651,케이팝,28,29
8652,케이팝레이더,2,2
8653,코너,13,13
8654,코드,3,4
8655,코랄리크,2,2
8656,코레일,3,3
8657,코레진,34,34
8658,코로나,2,2
8659,코로나19,15,16
8660,코르티스,35,36
8661,코리아,24,24
8662,코리아그랜드뮤직어워즈,2,2
8663,코리아타임스,2,2
8664,코리아퍼스트브랜드대상,2,2
8665,코리아헤럴드,6,6
8666,코리안,2,2
8667,코멘트,2,2
8668,코몬,2,2
8669,코몬이들,2,2
8670,코미디,5,5
8671,코믹,2,2
8672,코스,4,4
8673,코스메틱,3,3
8674,코어,6,6
8675,코오롱스포츠,2,2
8676,코첼라,18,19
8677,코치,6,6
8678,코카콜라,7,8
8679,코팩,3,3
8680,콘서트,866,921
8681,콘셉트,16,16
8682,콘텐츠,128,137
8683,콜라보,10,10
8684,콜라보곡,3,3
8685,콜라보레이션,4,4
8686,콜리세움,2,2
8687,콜센타,2,2
8688,쿠션,2,2
8689,쿠알라룸푸르,19,19
8690,쿠팡플레,8,8
8691,쿠팡플레이,3,3
8692,쿼드러플,2,2
8693,퀴즈,13,13
8694,퀸덤,4,4
8695,큐브엔터테인먼트,2,2
8696,크게,13,13
8697,크다,7,7
8698,크러쉬,38,40
8699,크러쉬밤,4,4
8700,크로스오버,3,3
8701,크록스,2,2
8702,크루,2,2
8703,크리스마스,8,8
8704,크리에이티브,2,2
8705,클라쓰,2,2
8706,클라우드뮤직,2,2
8707,클래식,6,6
8708,클럽,6,6
8709,클리어,2,2
8710,클립,6,6
8711,키다리,2,2
8712,키링,2,3
8713,키스,2,3
8714,키우,2,2
8715,키워드,3,3
8716,키웠,2,2
8717,키즈,15,15
8718,키트,5,5
8719,킨텍스,7,7
8720,킬링보이스,3,3
8721,킹덤,3,3
8722,킹레코드,2,2
8723,타고,3,3
8724,타깃,2,2
8725,타마,2,2
8726,타블,4,4
8727,타블로,9,9
8728,타이거jk,2,2
8729,타이랏,7,7
8730,타이베,30,31
8731,타이베이,3,3
8732,타이틀,7,7
8733,타이틀곡,50,50
8734,타인니엔,2,2
8735,타임,9,10
8736,타임슬립,2,2
8737,탄생,4,4
8738,탄탄한,3,3
8739,탈꺼야,2,2
8740,탈락,5,5
8741,탈퇴,6,6
8742,탑백귀,2,2
8743,탕그랑,2,2
8744,태국,156,207
8745,태국관광청,2,2
8746,태국어,5,5
8747,태그,7,7
8748,태도,4,4
8749,태민,11,11
8750,태양,19,19
8751,태어나,3,3
8752,태연,9,10
8753,태용,2,2
8754,태평양,5,5
8755,태풍,3,3
8756,태화복지재단,2,2
8757,택한,2,2
8758,터지,2,2
8759,터키,2,2
8760,테니스,2,2
8761,테레비,5,5
8762,테마,7,7
8763,테마곡,7,7
8764,테마길,3,3
8765,테마파크,5,6
8766,테오,3,3
8767,테일러,2,2
8768,텍사스,3,3
8769,텐센트,2,2
8770,텐아시아,3,3
8771,템포,3,3
8772,토니,2,2
8773,토니안,2,2
8774,토론토,8,8
8775,토리든,2,2
8776,토요일,11,12
8777,토크,15,16
8778,토크쇼,8,9
8779,토털,2,2
8780,토토가2,4,4
8781,톡파원,4,4
8782,톱10,33,35
8783,톱100,8,8
8784,톱2,2,2
8785,톱40,2,2
8786,톱5,2,2
8787,톱6,3,3
8788,톱송,6,7
8789,톱스타뉴스,10,10
8790,통산,26,26
8791,통상,2,2
8792,통신,3,3
8793,통신사,3,3
8794,통영,2,2
8795,통하,2,2
8796,통합,6,6
8797,통화,2,2
8798,퇴사,2,2
8799,퇴치,2,2
8800,투게더,2,2
8801,투데이쇼,5,5
8802,투모로우,3,3
8803,투병,5,5
8804,투어,268,288
8805,투어콘서트,2,2
8806,투유,3,3
8807,투입했으,2,2
8808,투컷,5,5
8809,투표,25,27
8810,튀르키예,45,49
8811,튀르키예어,21,22
8812,트러블,2,2
8813,트럭,2,2
8814,트렌드,9,9
8815,트렌딩,4,4
8816,트로트,64,66
8817,트로트가수,2,2
8818,트로피,9,9
8819,트롯,11,11
8820,트롯어워즈,2,2
8821,트루,2,2
8822,트리플,4,4
8823,트리플크라운,5,5
8824,트바로티,2,2
8825,트와이스,21,22
8826,트위터,11,11
8827,특별,22,22
8828,특별방송,2,2
8829,특별출연,12,12
8830,특별판,2,2
8831,특별한,7,7
8832,특별해설위원,2,2
8833,특산물,3,4
8834,특수,3,3
8835,특유,6,6
8836,특전,8,8
8837,특정,5,5
8838,특집,57,57
8839,특히,5,5
8840,티빙,4,4
8841,티셔츠,3,3
8842,티저,13,13
8843,티켓,256,279
8844,티켓가,2,2
8845,티켓링크,3,3
8846,티켓파워,11,11
8847,티파니,5,5
8848,티파니앤코,2,2
8849,틱톡,12,12
8850,팀명,4,4
8851,팀왕,2,2
8852,팀워크,3,4
8853,팀을,2,2
8854,팀의,3,3
8855,파격,2,2
8856,파급,14,14
8857,파급력,29,29
8858,파급효,8,8
8859,파급효과,25,25
8860,파노라마,2,2
8861,파라곤,3,3
8862,파리,42,43
8863,파리타,6,6
8864,파리패션위크,3,3
8865,파블,2,2
8866,파운데이션,2,2
8867,파워,28,28
8868,파워풀한,2,2
8869,파이낸셜뉴스,2,2
8870,파이널,6,6
8871,파인,2,2
8872,파크,3,3
8873,파트,3,3
8874,파트너,6,6
8875,파트너십,8,8
8876,파티,13,13
8877,파파로티,2,2
8878,파파존스,2,2
8879,판결,2,2
8880,판매,178,196
8881,판매고,11,11
8882,판매돼,3,3
8883,판매됐,2,2
8884,판매됐으,5,5
8885,판매되,51,51
8886,판매되었,13,14
8887,판매되었으,3,3
8888,판매된,11,11
8889,판매량,157,170
8890,판매력,2,2
8891,판매율,3,3
8892,판매하,2,2
8893,판매한,2,2
8894,판매해,4,4
8895,판정,2,2
8896,판타스틱,5,5
8897,판타지,4,4
8898,팔려,7,7
8899,팔렸,6,6
8900,팔로워,21,26
8901,팔리,24,24
8902,팔린,7,7
8903,팝업,2,2
8904,팝업스토어,16,16
8905,패널,3,3
8906,패밀리,3,3
8907,패션,32,34
8908,패션쇼,4,4
8909,패션위크,6,6
8910,패션지,7,7
8911,패키지,3,3
8912,팬과,10,10
8913,팬덤,287,311
8914,팬덤과,18,18
8915,팬덤명,46,49
8916,팬들,297,309
8917,팬들과,8,8
8918,팬미팅,116,126
8919,팬사이트,3,3
8920,팬사인회,5,5
8921,팬서비스,2,2
8922,팬송,2,2
8923,팬심,3,3
8924,팬에,3,3
8925,팬을,9,9
8926,팬의,2,2
8927,팬이,22,22
8928,팬지,3,3
8929,팬지오디,2,2
8930,팬층,19,19
8931,팬카페,54,54
8932,팬콘,7,7
8933,팬콘서트,39,39
8934,팬클럽,236,253
8935,팬클럽명,37,37
8936,팬페이지,2,2
8937,퍼펙트,11,11
8938,퍼포머상,2,2
8939,퍼포먼스,15,15
8940,퍼포먼스상,2,2
8941,퍼플,3,3
8942,펀치,2,3
8943,펌프,2,2
8944,페라가모,2,2
8945,페루,3,3
8946,페르소나,2,2
8947,페스타,3,3
8948,페스티벌,59,70
8949,페이스북,2,2
8950,페이지,29,29
8951,페창,3,3
8952,펜디,10,11
8953,펩시,5,5
8954,펩시콜라,2,2
8955,편성,24,25
8956,편성되,2,2
8957,편성되었습니,2,2
8958,편성했,2,2
8959,편성했으,2,2
8960,편스토랑,10,10
8961,편에,8,8
8962,편을,2,2
8963,편의점,10,10
8964,편지,8,8
8965,펼쳤,13,13
8966,펼쳤다,2,2
8967,펼치,8,8
8968,펼친,2,2
8969,평가,81,81
8970,평가된,4,4
8971,평가받,2,2
8972,평가받는,6,6
8973,평가받으,2,2
8974,평가하,2,2
8975,평가한,2,2
8976,평균,13,14
8977,평소,3,3
8978,평양,3,4
8979,평을,2,2
8980,평이,2,2
8981,평일,2,2
8982,평점,2,2
8983,평창,2,2
8984,평판,2,2
8985,평판지수,2,2
8986,평화,2,2
8987,폐지하,2,2
8988,포르투갈,2,2
8989,포맷,3,3
8990,포부,2,2
8991,포브스,5,5
8992,포브스코리아,7,7
8993,포스터,2,2
8994,포인트,5,5
8995,포천,2,2
8996,포천시,4,5
8997,포카리스웨트,5,5
8998,포켓몬,2,4
8999,포털,4,4
9000,포토카드,4,4
9001,포함,44,44
9002,포함돼,3,3
9003,포함됐다,3,3
9004,포함되,5,5
9005,포함되었,2,2
9006,포함되었다,3,3
9007,포함되지,2,2
9008,포함한,15,15
9009,포함해,13,13
9010,포항,4,4
9011,폭군,2,2
9012,폭넓,5,5
9013,폭력,2,2
9014,폭발,4,4
9015,폭발적,9,9
9016,폭발적인,7,7
9017,폭싹,2,2
9018,폭우,6,7
9019,폭주,2,2
9020,폭탄,3,3
9021,폭풍,2,2
9022,폴라로이드,3,3
9023,폴킴,2,2
9024,표기,3,4
9025,표기된,2,2
9026,표절,3,3
9027,표지,11,11
9028,표창,7,7
9029,표하,6,6
9030,표한,2,2
9031,표했다,2,2
9032,표현,18,18
9033,푸른나무재단,2,2
9034,푸마,5,5
9035,풀무원,3,3
9036,풀버전,2,2
9037,풀어준,2,2
9038,품은,2,2
9039,품절,4,5
9040,품절됐다,2,2
9041,풍선,4,4
9042,프라,3,3
9043,프라다,3,3
9044,프라보워,2,2
9045,프랑스,34,39
9046,프랑크푸르트,3,3
9047,프랜차이즈,9,9
9048,프레드피자,2,2
9049,프렌즈,5,5
9050,프로,3,4
9051,프로그램,92,97
9052,프로덕션,5,5
9053,프로듀,9,11
9054,프로듀사,2,2
9055,프로듀서,8,8
9056,프로듀서들,2,2
9057,프로듀서로,2,2
9058,프로듀서상,2,2
9059,프로듀스101,5,5
9060,프로듀싱,8,8
9061,프로모션,4,4
9062,프로모터,8,10
9063,프로미스나인,26,27
9064,프로야구,4,4
9065,프로젝트,59,62
9066,프로젝트그룹,3,3
9067,프로필,12,12
9068,프리데뷔,3,3
9069,프리마돈나,4,4
9070,프리미어,6,6
9071,프리미엄,11,11
9072,프리세일,4,4
9073,프린세스,2,2
9074,플래닛,2,2
9075,플래시몹,3,3
9076,플래티넘,30,35
9077,플랫폼,45,46
9078,플레,6,6
9079,플레디스,2,2
9080,플리마켓,2,2
9081,피가,2,2
9082,피날레,14,14
9083,피노,3,3
9084,피노키오,2,2
9085,피아,2,2
9086,피어나,2,3
9087,피의,2,2
9088,피자,3,4
9089,피지컬,3,3
9090,피처링,16,16
9091,피처링한,3,3
9092,피해,31,32
9093,피해자,6,6
9094,핀다,2,2
9095,핀란드어,3,4
9096,필름,13,13
9097,필리핀,106,131
9098,필릭스,16,16
9099,필모그래피,3,3
9100,필수연애교양,2,2
9101,필승,2,2
9102,핑크,4,4
9103,하게,4,4
9104,하경,2,2
9105,하고,18,19
9106,하나,27,27
9107,하나뿐인,3,3
9108,하나은행,3,4
9109,하나인,2,2
9110,하노,13,15
9111,하노이,4,4
9112,하늘,2,2
9113,하늘색,5,6
9114,하니,11,11
9115,하다,2,2
9116,하동,3,3
9117,하동군,9,9
9118,하동균,2,2
9119,하루,32,32
9120,하며,8,8
9121,하면,2,2
9122,하반기,10,10
9123,하우스,17,17
9124,하이,3,3
9125,하이라이트,6,6
9126,하이브,10,10
9127,하이주얼리,3,3
9128,하이트진로,4,4
9129,하지,4,4
9130,하차,2,2
9131,하츄,2,2
9132,하츠네,2,2
9133,하츠투하츠,14,14
9134,하트,4,4
9135,하트시그널5,4,4
9136,하프타,7,8
9137,하하,4,4
9138,하현우,2,2
9139,학교,9,9
9140,학교폭력,3,5
9141,학생,3,3
9142,학생들,13,14
9143,학습,2,2
9144,학창시절,4,4
9145,한가위,3,3
9146,한국,203,218
9147,한국갤럽,4,4
9148,한국걸스카우트연맹,2,2
9149,한국경제,7,7
9150,한국계,3,3
9151,한국관광,8,8
9152,한국관광공사,12,12
9153,한국기업평판연구소,16,16
9154,한국대중음악상,7,7
9155,한국방문,2,2
9156,한국백혈병소아암협회,3,3
9157,한국백혈병어린이재단,6,6
9158,한국뿐,2,2
9159,한국소리문화의전당,2,2
9160,한국소아암재단,2,2
9161,한국식,2,2
9162,한국야쿠르트,2,2
9163,한국어,11,11
9164,한국어방송,3,3
9165,한국어판,4,4
9166,한국영화,2,2
9167,한국위원회,3,3
9168,한국은행,4,4
9169,한국음반산업협회,3,3
9170,한국음악콘텐츠협회,3,3
9171,한국인,10,10
9172,한국일보,6,6
9173,한국저작권보호원,2,2
9174,한국철도공사,2,2
9175,한국콘텐츠진흥원,3,3
9176,한국판,3,3
9177,한국해비타트,3,3
9178,한글과컴퓨터,2,2
9179,한로,6,6
9180,한로로,11,11
9181,한류,28,31
9182,한류스타로,2,2
9183,한번,4,4
9184,한석규,2,2
9185,한소희,2,3
9186,한양대,3,3
9187,한은솔,2,2
9188,한인,4,4
9189,한일,11,11
9190,한일가왕전,4,4
9191,한정,9,9
9192,한정판,9,9
9193,한촌,3,3
9194,한컴타자,2,2
9195,한터뮤직페스티벌,3,3
9196,한터차트,22,23
9197,한화,2,2
9198,할로윈,2,2
9199,할리우드,4,4
9200,할인,3,3
9201,함께,285,293
9202,함께하,12,12
9203,함께한,23,23
9204,함께할,3,3
9205,함께했,2,2
9206,함부,2,2
9207,함성,20,21
9208,합동,7,7
9209,합류,6,6
9210,합류한,2,2
9211,합류해,4,4
9212,합산,11,11
9213,합산해,2,2
9214,합작,2,2
9215,합창,3,3
9216,합쳐,6,6
9217,합치면,2,2
9218,핫100,24,28
9219,항목,4,4
9220,항의,7,7
9221,항해,2,2
9222,해당,65,66
9223,해를,4,4
9224,해명,5,5
9225,해병대,4,4
9226,해서,3,3
9227,해석,2,2
9228,해시태그,10,11
9229,해야,2,2
9230,해에,6,6
9231,해외,97,101
9232,해외에서,3,3
9233,해외투어,2,2
9234,해외활동,6,6
9235,해요,2,2
9236,해원,4,6
9237,해체,23,24
9238,해체설,2,2
9239,해촉,2,3
9240,해커,4,5
9241,해피니스,3,3
9242,해피투게더,5,5
9243,해피투게더3,2,2
9244,핵심,3,3
9245,핸드볼경기장,3,3
9246,했고,5,5
9247,했던,3,3
9248,했으,5,5
9249,행동,2,2
9250,행렬,3,3
9251,행보,8,8
9252,행복,3,3
9253,행복한,2,2
9254,행복해,2,2
9255,행사,73,75
9256,행정안전부,3,3
9257,행정자치부,2,2
9258,행주,2,2
9259,행진,3,3
9260,향한,8,8
9261,향해,3,3
9262,향후,6,6
9263,헌신,3,3
9264,헌혈,4,6
9265,헤드라이너,10,10
9266,헤드라인,6,6
9267,헤럴드경제,7,7
9268,헤어케어,5,5
9269,헤이즈,4,4
9270,헬스케어,2,2
9271,현대자동차,8,8
9272,현대카드,3,4
9273,현대홈쇼핑,2,2
9274,현상,13,13
9275,현역가왕,3,3
9276,현역가왕2,6,6
9277,현장,65,67
9278,현재,21,21
9279,현지,147,153
9280,현지화,2,2
9281,현진,6,6
9282,혐의,2,2
9283,협력,5,5
9284,협상,2,2
9285,협약,2,2
9286,협업,74,74
9287,협업곡,8,8
9288,협업한,17,17
9289,협업함,2,2
9290,협업해,16,16
9291,협연,2,2
9292,협찬,4,5
9293,협회,2,2
9294,형나잇,6,7
9295,형님,17,17
9296,형성,13,13
9297,형성돼,2,2
9298,형성된,2,2
9299,형수,5,6
9300,형식,5,5
9301,형제,3,3
9302,형태,7,7
9303,혜택,17,17
9304,호서대학교,2,2
9305,호시노,2,2
9306,호우키보시,3,3
9307,호응,23,24
9308,호주,24,29
9309,호주관광청,2,2
9310,호주인,2,2
9311,호치민,6,6
9312,호치민시,4,4
9313,호텔,7,7
9314,호평,16,16
9315,호평받았으,2,2
9316,호흡,7,7
9317,혹은,2,2
9318,혼란,3,3
9319,혼성,5,5
9320,혼자,15,15
9321,홀리데,2,2
9322,홀릭스,2,2
9323,홀린,3,3
9324,홀에,4,4
9325,홈쇼핑,3,3
9326,홈케어,2,3
9327,홈페이지,10,10
9328,홍대,5,5
9329,홍백가합전,12,16
9330,홍보,73,76
9331,홍보곡,2,2
9332,홍보대사,160,168
9333,홍보모델,12,12
9334,홍보영상,3,3
9335,홍보하,3,3
9336,홍삼,4,4
9337,홍주,3,3
9338,홍중,3,3
9339,홍지윤,2,2
9340,홍천방,2,2
9341,홍콩,66,76
9342,홍콩01,4,4
9343,홍콩달러,4,4
9344,화답,5,5
9345,화답했,4,4
9346,화답했다,2,2
9347,화란,4,4
9348,화랑,3,3
9349,화려한,3,3
9350,화력,10,10
9351,화보,32,33
9352,화사,16,17
9353,화성,4,4
9354,화성시,4,5
9355,화이트,2,3
9356,화장품,14,14
9357,화재,4,4
9358,화정체육관,7,7
9359,화제,95,96
9360,화제성,43,43
9361,화제였다,2,2
9362,화천산천어축제,2,2
9363,화환,2,2
9364,확대,30,30
9365,확대되,2,2
9366,확대하,5,5
9367,확보,8,8
9368,확보함,3,3
9369,확보했음,2,2
9370,확산,25,25
9371,확산되,5,5
9372,확산된,4,4
9373,확산력,3,3
9374,확인,55,55
9375,확인된,22,22
9376,확인시켰,4,4
9377,확인할,4,4
9378,확인했다,2,2
9379,확장,51,51
9380,확장됐음,3,3
9381,확장되,7,7
9382,확장된,3,3
9383,확장한,3,3
9384,확장함,6,6
9385,확정,63,63
9386,확정됐다,6,6
9387,확정되었,5,5
9388,확정된,2,2
9389,확정했다,15,15
9390,환대,2,2
9391,환불,5,5
9392,환불원정,2,2
9393,환불원정대,5,5
9394,환승연애4,4,4
9395,환아,6,6
9396,환영,6,6
9397,환자,5,5
9398,환타,2,2
9399,환호,22,24
9400,환호성,4,4
9401,활동,362,385
9402,활동기,2,2
9403,활동기간,4,4
9404,활동으로,2,2
9405,활동하,13,13
9406,활동한,6,6
9407,활동할,2,2
9408,활동함,3,3
9409,활동해,5,5
9410,활동해왔,2,2
9411,활동해왔으,2,2
9412,활동했으,2,2
9413,활발한,3,3
9414,활발히,5,5
9415,활성화,7,7
9416,활약,12,13
9417,활약하,2,2
9418,활약할,2,2
9419,활용,3,3
9420,활용되,3,3
9421,활용한,9,9
9422,활용해,5,5
9423,황금어장,2,2
9424,황정민,3,3
9425,황제,2,2
9426,황태자,2,2
9427,회고,6,6
9428,회로,3,3
9429,회를,59,60
9430,회사,4,4
9431,회상,5,5
9432,회에,2,2
9433,회원,41,43
9434,회원들,8,8
9435,회원수,6,6
9436,회원카드,2,2
9437,회의,2,2
9438,회자되,2,2
9439,회장,3,3
9440,회차,28,28
9441,회차당,2,2
9442,회차마,2,2
9443,획득,7,7
9444,횟수,4,4
9445,효과,31,31
9446,효리,3,4
9447,효리네,6,6
9448,효리수,3,3
9449,효연,4,6
9450,효정,6,8
9451,후기,19,19
9452,후렴,2,2
9453,후배,15,18
9454,후배들,2,2
9455,후보,21,21
9456,후속,9,9
9457,후속곡,3,3
9458,후에,8,8
9459,후예,8,8
9460,후원,10,10
9461,후원금,12,13
9462,후원하,6,6
9463,후인,3,3
9464,후지tv,6,7
9465,후쿠오카,4,4
9466,훔치,3,3
9467,훔친,2,2
9468,훨씬,3,3
9469,휘인,4,4
9470,휩쓴,3,3
9471,휩쓸,3,3
9472,휴대폰,3,3
9473,흐름,7,7
9474,흑자,2,2
9475,흔들,3,3
9476,흔들림,4,4
9477,흔적,3,3
9478,흠뻑쇼,20,20
9479,흥행,37,37
9480,흥행력,4,4
9481,희망,2,2
9482,희망브리지,6,6
9483,희망한다,2,2
9484,희철,2,2
9485,히나,3,3
9486,히든싱어,4,4
9487,히든싱어2,2,2
9488,히든싱어7,2,2
9489,히어,8,9
9490,히트,9,9
9491,히트곡,14,14
9492,힐링,4,4
9493,힐링되,2,2
9494,힘들,2,2
9495,힘쎈여자,5,5
9496,힘을,2,2
9497,힘이,3,3
9498,힘입어,8,8
9499,힙합,24,26
